VehID,Time,Position,Speed
284,3657,244.558631314286,31.5922587428571
284,3658,252.6005616,35.96664384
284,3659,262.67895648,35.8316784
284,3660,272.10855408,32.64188544
284,3661,281.15291496,31.8156336
284,3662,289.69627608,30.04242912
284,3663,298.30047528,32.50582272
284,3664,307.0171152,27.6130512
284,3665,314.29537344,27.24217056
284,3666,321.99090288,28.64778624
284,3667,330.20575056,29.19971808
284,3668,337.9841856,27.3935952
284,3669,345.54859008,26.75278368
284,3670,352.71035376,25.1935488
284,3671,359.70904944,25.60173696
284,3672,367.12483344,26.98979616
284,3673,374.20987896,25.1331984
284,3674,381.89629488,31.0585104
284,3675,391.17053592,34.00690176
284,3676,400.21770096,30.52413504
284,3677,408.39737472,28.66863456
284,3678,415.90959744,24.73488576
284,3679,422.34395592,23.1306624
284,3680,429.27812544,26.79667488
284,3681,436.72911384,25.33290336
284,3682,442.906404,19.93099392
284,3683,448.71622728,23.26891968
284,3684,455.90508768,27.48357216
284,3685,463.86618936,29.8789344
284,3686,472.99952136,36.08844192
284,3687,482.77156176,32.01643584
284,3688,490.88442336,29.15802144
284,3689,497.8527,28.4665782857143
293,3633,21.87019248,32.7208896
293,3634,29.06127792,36.63927648
293,3635,39.69873696,38.67253632
293,3636,50.03938176,34.317432
293,3637,59.51948472,36.10270656
293,3638,69.78002808,36.9179856
293,3639,79.05832296,29.11303296
293,3640,86.90402736,28.27580832
293,3641,94.85805768,29.33139168
293,3642,103.12581864,29.81419488
293,3643,110.78623512,25.01030304
293,3644,117.73034112,25.86398688
293,3645,125.09150496,26.31606624
293,3646,132.5581296,27.89395488
293,3647,140.45647296,29.65838112
293,3648,148.87294584,29.89758816
293,3649,157.21824792,30.7183536
293,3650,166.067994,32.79550464
293,3651,175.20885456,32.92827552
293,3652,184.35724368,32.94473472
293,3653,193.5524196,33.88620096
293,3654,203.15002296,34.88911488
293,3655,213.04764096,36.03028608
293,3656,222.81849264,32.5453248
293,3657,231.0493728,28.52708544
293,3658,238.9665528,28.59292224
293,3659,246.83661072,27.70632
293,3660,254.4791964,27.86762016
293,3661,262.4416392,28.96490016
293,3662,270.21516696,27.17084736
293,3663,277.76573352,26.92834848
293,3664,285.01716936,25.73450784
293,3665,292.42493712,27.43968096
293,3666,300.03097728,27.29922912
293,3667,307.62613608,27.31459104
293,3668,315.0693216,26.33910912
293,3669,322.63214112,28.8804096
293,3670,330.8552184,28.92320352
293,3671,338.48570352,25.75425888
293,3672,345.032076,22.45254336
293,3673,351.51724464,24.1291872
293,3674,358.23421368,23.99861088
293,3675,365.0487492,26.18219808
293,3676,372.618762,27.47369664
293,3677,380.55075528,30.99486816
293,3678,389.87428248,34.31414016
293,3679,398.55138984,28.15949664
293,3680,406.17315768,26.34349824
293,3681,412.87052808,22.79818656
293,3682,419.3688336,23.61127104
293,3683,425.57297664,20.69908992
293,3684,430.88323272,18.10292544
293,3685,436.18050432,21.21371424
293,3686,442.47965352,23.01983712
293,3687,448.88267856,23.0538528
293,3688,455.28683136,23.0538528
293,3689,461.69104512,23.0538528
293,3690,468.08885808,23.45216544
293,3691,475.21694136,27.51319872
293,3692,482.8818384,27.5856192
293,3693,490.54502856,27.57684096
293,3694,498.59827128,32.35768992
293,3695,508.33288224,35.7932736
293,3696,515.78969232,35.7932736
295,3636,22.0224096,44.0777376
295,3637,31.73205744,53.41778496
295,3638,44.75917896,34.91325504
295,3639,54.27783912,40.92086304
295,3640,66.826638,45.93652992
295,3641,78.20445624,34.4929968
295,3642,87.26567256,32.38951104
295,3643,96.43942104,34.27573536
295,3644,106.15007472,35.03176128
295,3645,115.21132152,29.13717312
295,3646,122.58031872,23.3830368
295,3647,128.76998376,23.27550336
295,3648,135.38755752,25.18367328
295,3649,143.25749352,30.04133184
295,3650,151.4324124,29.39283936
295,3651,159.66402408,29.83943232
295,3652,168.35515224,32.61335616
295,3653,177.49643952,32.93156736
295,3654,186.6456516,32.94802656
295,3655,196.01072304,34.96372992
295,3656,205.8303732,35.24573088
295,3657,215.91017016,36.69633504
295,3658,225.47141088,32.8031856
295,3659,234.60230448,32.89425984
295,3660,243.7162512,32.56617312
295,3661,252.58757712,31.54899456
295,3662,261.31308672,31.09581792
295,3663,269.46444456,27.404568
295,3664,277.03628616,27.432
295,3665,284.65628616,27.432
295,3666,292.25674848,27.1686528
295,3667,299.74025904,26.41043232
295,3668,306.81588624,24.92361792
295,3669,313.68723648,24.70306464
295,3670,320.64795408,25.29559584
295,3671,327.67286256,25.28791488
295,3672,334.69819776,25.27913664
295,3673,341.55763032,23.97666528
295,3674,348.200472,24.00080544
295,3675,354.86815488,24.00080544
295,3676,361.48783176,23.68149696
295,3677,368.1688344,24.64820064
295,3678,375.09608496,24.98835744
295,3679,382.03854504,24.99274656
295,3680,388.99789104,25.08162624
295,3681,395.94748344,24.99274656
295,3682,402.88969968,24.9960384
295,3683,409.8320988,24.9960384
295,3684,416.78498304,25.04651328
295,3685,423.73183224,24.99823296
295,3686,430.64564112,24.90715872
295,3687,437.63308968,25.2484128
295,3688,444.64812264,25.29010944
295,3689,451.6738236,25.292304
295,3690,458.6994636,25.292304
295,3691,465.7257132,25.33509792
295,3692,472.7748228,25.33948704
295,3693,479.99519952,28.2878784
295,3694,488.58568272,31.95498816
295,3695,497.4598128,31.91768064
295,3696,506.327664,31.95059904
295,3697,515.20398864,31.9527936
295,3698,524.08022184,31.9527936
295,3699,532.95642456,31.9527936
295,3700,541.83268824,31.9527936
297,3682,437.5027572,20.3216256
297,3683,440.91048216,21.13032096
297,3684,447.16951968,23.26562784
297,3685,453.62756112,23.42912256
297,3686,461.07912864,30.88404288
297,3687,469.93353816,31.84087104
297,3688,478.77051312,32.84927136
297,3689,488.19995832,34.1583264
297,3690,497.68594392,34.12321344
297,3691,507.16565064,34.15613184
297,3692,513.3330856,34.1583264
306,3638,19.8101712,38.7998208
306,3639,25.90193448,39.3978384
306,3640,37.00918176,40.27895424
306,3641,48.21024648,40.35686112
306,3642,60.073032,46.51040736
306,3643,73.49511336,48.6479088
306,3644,85.74030096,37.15828992
306,3645,95.21138184,33.165288
306,3646,104.30249904,32.31599328
306,3647,113.32332936,32.66383104
306,3648,122.33827704,31.86391392
306,3649,130.98603216,31.40195904
306,3650,139.57200432,29.53658304
306,3651,147.53551392,28.2439872
306,3652,155.33991792,27.70741728
306,3653,162.9538524,27.38152512
306,3654,171.00426048,31.5138816
306,3655,180.08867208,32.93156736
306,3656,189.23879856,32.94692928
306,3657,198.44787336,34.15284
306,3658,208.28215392,36.32106528
306,3659,218.45604264,35.27974656
306,3660,227.74406064,32.8470768
306,3661,236.88162936,32.53544928
306,3662,245.30499072,27.98941824
306,3663,252.94324824,27.80836704
306,3664,261.09719688,30.4824384
306,3665,269.16260112,27.35628768
306,3666,276.72767616,27.432
306,3667,284.34792,27.432
306,3668,291.96785904,27.432
306,3669,299.57021112,27.30361824
306,3670,307.1727156,27.322272
306,3671,314.33975232,24.0907824
306,3672,321.04145088,24.95982816
306,3673,328.35658992,26.74400544
306,3674,335.6370732,26.1481824
306,3675,342.87887736,26.00992512
306,3676,350.12610696,26.1481824
306,3677,357.38376072,25.96822848
306,3678,364.58810496,26.09441568
306,3679,371.85185472,26.1481824
306,3680,379.1151168,26.1481824
306,3681,386.38813248,26.23377024
306,3682,393.66675648,25.96822848
306,3683,400.43112192,22.68736128
306,3684,406.6691892,22.45364064
306,3685,412.90792704,22.49314272
306,3686,419.15879592,22.46900256
306,3687,425.3961012,22.45364064
306,3688,431.63343696,22.45144608
306,3689,437.86830384,22.40865216
306,3690,444.09524592,22.45144608
306,3691,450.28558152,22.3077024
306,3692,456.64011288,23.24368224
306,3693,463.09626456,23.2403904
306,3694,469.5206256,22.40974944
306,3695,475.4242968,21.33990144
306,3696,481.78184568,23.08457664
306,3697,488.19986688,24.65258976
306,3698,495.25552968,25.03663776
306,3699,499.4324784,24.5680992
315,3640,23.3695494,41.35374
315,3641,34.34492496,46.50931008
315,3642,47.3070936,46.67609664
315,3643,59.97400248,38.85249024
315,3644,66.28406352,20.67385248
315,3645,75.89440752,40.54230144
315,3646,87.34626168,41.00206176
315,3647,98.483166,39.37260096
315,3648,109.4297532,39.0302496
315,3649,119.66362656,34.4655648
315,3650,128.820672,32.36646816
315,3651,137.4730296,28.73666592
315,3652,145.1422548,27.37055232
315,3653,152.75384232,27.43309728
315,3654,160.4323944,27.91699776
315,3655,168.25557408,28.9572192
315,3656,176.65930632,31.65543072
315,3657,185.72984952,32.9513184
315,3658,194.95553592,34.01787456
315,3659,204.47017272,34.12650528
315,3660,214.42503216,37.00796256
315,3661,224.10258456,32.90303808
315,3662,233.11920864,31.3657488
315,3663,241.21332504,27.50990688
315,3664,248.82015768,27.42761088
315,3665,256.60526784,29.3851584
315,3666,264.95358744,29.12510304
315,3667,272.63116416,27.15877728
315,3668,279.8989068,25.23085632
315,3669,287.24528784,27.43968096
315,3670,294.86528784,27.43529184
315,3671,302.34029448,26.16903072
315,3672,309.30817488,23.19211008
315,3673,315.46964592,22.72686336
315,3674,321.95015112,24.53298624
315,3675,329.47084728,28.3866336
315,3676,337.22114928,27.45614016
315,3677,344.80478664,27.14890176
315,3678,352.25470824,26.55198144
315,3679,359.70950664,27.12585888
315,3680,367.2910104,27.43309728
315,3681,374.91149808,27.43529184
315,3682,382.49925024,27.08855136
315,3683,389.9964768,26.77034016
315,3684,396.526512,19.34175456
315,3685,401.63532576,19.47672
315,3686,407.53491264,22.82122944
315,3687,414.232344,25.12880928
315,3688,421.3159341,31.1462928
325,3642,19.9474836,48.883824
325,3643,28.08704568,48.01587552
325,3644,40.17337152,37.4611392
325,3645,48.99922128,31.5961776
325,3646,59.57892072,41.39817984
325,3647,71.09203968,41.50790784
325,3648,82.91989512,43.86267072
325,3649,95.15624352,43.71124608
325,3650,105.72722568,30.82040064
325,3651,113.8752612,30.60423648
325,3652,122.45312568,29.36540736
325,3653,130.1043372,27.37384416
325,3654,137.83516248,27.46821024
325,3655,145.44236088,27.10171872
325,3656,152.74384488,25.64892
325,3657,159.87951768,25.8848352
325,3658,167.12510136,26.83727424
325,3659,174.9916236,28.82115648
325,3660,182.75628168,27.42980544
325,3661,190.46421648,28.48209696
325,3662,198.990966,32.80976928
325,3663,208.47213576,36.07417728
325,3664,218.65708872,35.03834496
325,3665,227.89838088,32.84817408
325,3666,237.0388452,32.84268768
325,3667,246.15824784,32.89864896
325,3668,255.26103888,32.49814176
325,3669,264.180828,30.66787872
325,3670,272.01001224,26.32045536
325,3671,278.76218568,22.49533728
325,3672,284.96440848,22.80586752
325,3673,291.81439224,26.71767072
325,3674,299.4041256,27.43309728
325,3675,307.02308928,27.35628768
325,3676,314.6035872,27.35848224
325,3677,322.04277984,26.40384864
325,3678,329.57716152,27.2783808
325,3679,336.70487904,24.08419872
325,3680,343.43330856,25.04870784
325,3681,350.74567392,27.30252096
325,3682,358.35768816,27.48357216
325,3683,366.22097952,28.79152992
325,3684,373.99892688,27.432
325,3685,381.63544704,27.66352608
325,3686,389.38029312,27.870912
325,3687,396.5214828,22.88706624
325,3688,402.6404952,21.9456
325,3689,408.781758,22.49314272
325,3690,415.22468136,25.01688672
325,3691,422.69566464,27.43419456
325,3692,430.13174832,26.33362272
325,3693,437.45502552,24.84022464
325,3694,444.17888304,25.4459232
325,3695,451.40913528,26.06259456
325,3696,458.64956784,26.07027552
325,3697,465.89048808,26.10538848
325,3698,473.15326248,26.11197216
325,3699,480.39506664,26.06698368
325,3700,487.6356516,26.06808096
325,3701,494.87620608,26.06808096
325,3702,502.10981112,26.03077344
325,3703,509.3473176,26.07027552
336,3644,22.3484948,40.215312
336,3645,31.049976,38.67802272
336,3646,42.8734728,46.85495328
336,3647,56.10679152,47.40907968
336,3648,66.09969,27.58781376
336,3649,76.51190184,44.46398016
336,3650,87.72208008,34.8715584
336,3651,96.90823392,33.19710912
336,3652,106.21889856,33.54714144
336,3653,115.59058416,34.08919776
336,3654,124.84498272,30.94987968
336,3655,132.86417928,28.14962112
336,3656,140.76575352,28.75312512
336,3657,148.6506552,28.07061696
336,3658,156.4117776,27.57025728
336,3659,164.09292048,28.035504
336,3660,171.91774608,27.84128544
336,3661,179.70328296,29.23044192
336,3662,188.19120096,31.4315856
336,3663,197.166738,32.9019408
336,3664,206.373984,34.47434304
336,3665,216.46795416,36.26400672
336,3666,225.92327688,32.78124
336,3667,235.05926064,32.89316256
336,3668,244.1778708,32.84268768
336,3669,253.28944008,32.32806336
336,3670,262.12415952,31.2779664
336,3671,270.21306384,26.78789664
336,3672,276.95978136,22.13872128
336,3673,283.14917208,23.85815904
336,3674,290.44577928,27.43968096
336,3675,298.06587072,27.43309728
336,3676,305.66130384,27.29264544
336,3677,313.23540096,27.28496448
336,3678,320.8611312,27.8544528
336,3679,328.8025428,28.4689296
336,3680,336.45777768,27.30691008
336,3681,344.04976656,27.32556384
336,3682,351.72758712,27.87420384
336,3683,359.55744192,29.72750976
336,3684,368.1984,29.89978272
336,3685,375.93160272,26.33801184
336,3686,382.80179472,24.49567872
336,3687,389.8318848,25.49200896
336,3688,396.70296072,22.9221792
336,3689,402.57548136,20.88343296
336,3690,408.58141296,22.07398176
336,3691,415.03597968,24.88740768
336,3692,422.17086,24.95873088
336,3693,428.7908112,23.0483664
336,3694,435.05228712,23.00337792
336,3695,441.3539052,21.93682176
336,3696,447.52235616,22.4997264
336,3697,453.61994112,21.34429056
336,3698,459.34755984,19.9375776
336,3699,464.95100304,20.18666016
336,3700,471.6005808,28.67412096
336,3701,479.77168968,29.01427776
336,3702,487.49465112,26.87458176
336,3703,494.98593408,27.322272
336,3704,499.5949368,28.474416
351,3690,396.5802584,29.0120832
351,3691,401.81854104,29.0175696
351,3692,409.64303136,26.39287584
351,3693,416.65937496,25.02237312
351,3694,423.60079872,24.95324448
351,3695,430.08593688,20.95475616
351,3696,435.65118864,19.92331296
351,3697,441.17523144,19.88161632
351,3698,446.70308424,19.9814688
351,3699,452.58051216,22.39219296
351,3700,458.83790376,22.52386656
351,3701,465.0947772,22.50960192
351,3702,471.09275352,20.2777344
351,3703,476.69845224,21.05460864
351,3704,482.611938,22.24296288
351,3705,489.82506048,28.5347664
351,3706,497.037224533333,25.6178304
352,3649,24.2069112,39.0906
352,3650,33.57682896,36.12684672
352,3651,43.47746448,35.2281744
352,3652,53.58838152,40.93732224
352,3653,65.39419992,36.27717408
352,3654,75.34918128,40.28005152
352,3655,85.73121792,33.94874592
352,3656,95.07388656,33.76769472
352,3657,104.39296368,33.49666656
352,3658,113.86767168,34.95165984
352,3659,123.57561264,34.12211616
352,3660,133.04437704,34.17259104
352,3661,142.32645144,32.86682784
352,3662,151.45807656,32.91510816
352,3663,160.64288928,33.38364672
352,3664,169.95202992,33.46265088
352,3665,179.26488912,33.48459648
352,3666,188.64453,34.05079296
352,3667,198.11006352,34.39094976
352,3668,207.689196,34.9428816
352,3669,217.65862488,35.35655616
352,3670,226.8164628,30.34637568
352,3671,234.67682808,27.42431904
352,3672,242.27875344,27.29374272
352,3673,249.63068184,25.18696512
352,3674,256.43244624,24.32011392
352,3675,263.27767512,24.59333664
352,3676,269.6865828,21.72943584
352,3677,275.87374848,23.90314752
352,3678,283.12564152,27.39688704
352,3679,290.74664736,27.432
352,3680,298.36061232,27.3112992
352,3681,305.95116864,27.39140064
352,3682,313.53383064,27.31898016
352,3683,321.23874792,29.2370256
352,3684,329.94685344,31.32953856
352,3685,337.9745844,27.3990816
352,3686,345.56709144,27.55489536
352,3687,353.36603952,28.27361376
352,3688,361.06306248,27.23119776
352,3689,368.65718496,27.432
352,3690,376.23756096,26.33910912
352,3691,383.02847448,23.3775504
352,3692,389.54296488,23.46423552
352,3693,396.04316016,23.3830368
352,3694,402.53890536,23.3830368
352,3695,409.03465056,23.3830368
352,3696,415.53768048,23.4379008
352,3697,422.04077136,23.3830368
352,3698,428.53776624,23.35779936
352,3699,434.73209472,20.99316096
352,3700,440.4769956,20.6617824
352,3701,446.22351192,20.70457632
352,3702,452.0284584,21.30259392
352,3703,458.01911952,21.61970784
352,3704,464.02511208,21.6219024
352,3705,470.04546072,21.7096848
352,3706,476.09235744,22.53593664
352,3707,482.84654256,25.3965456
352,3708,489.9009252,25.3910592
352,3709,496.95472872,25.37240544
352,3710,501.5299088,25.292304
353,3652,24.91776576,42.272712
353,3653,37.0566696,44.96433984
353,3654,49.58108448,45.6029568
353,3655,62.49293064,46.26571392
353,3656,74.261472,38.91064608
353,3657,84.76500192,36.79947936
353,3658,94.84617048,35.38618272
353,3659,104.5505148,35.19415872
353,3660,114.79472088,38.79323712
353,3661,126.3786144,45.61612416
353,3662,139.036518133333,49.0801152
361,3656,57.36171408,36.54381312
361,3657,67.6454832,37.02661632
361,3658,78.08079888,39.70288224
361,3659,89.7157464,42.34732704
361,3660,100.56181056,34.29438912
361,3661,109.5673704,32.41255392
361,3662,118.81872096,33.86096352
361,3663,128.37761472,35.72304768
361,3664,138.62870928,37.80239328
361,3665,149.49275664,40.42489248
361,3666,160.64441328,39.00720672
361,3667,171.46133856,39.32432064
361,3668,182.36129136,39.12022656
361,3669,193.12835136,38.41248096
361,3670,203.78848752,38.60999136
361,3671,214.91149296,40.80345408
361,3672,225.29359056,33.67771776
361,3673,234.38641464,31.50729792
361,3674,242.42895888,27.37494144
361,3675,250.02170976,26.55527328
361,3676,256.8607512,23.91412032
361,3677,263.67275688,24.18734304
361,3678,269.99406504,21.98729664
361,3679,276.48767664,23.96788704
361,3680,283.180536,25.92433728
361,3681,290.74283736,27.13792896
361,3682,298.18718112,27.05234112
361,3683,305.79983544,27.4265136
361,3684,313.47317544,28.98684576
361,3685,319.8866856,32.04277056
362,3697,413.130864533333,18.83664
362,3698,418.1083332,18.82713024
362,3699,423.30816024,18.21923712
362,3700,428.1353388,16.9639488
362,3701,432.84980232,16.9749216
362,3702,437.56167504,17.03417472
362,3703,442.65543168,19.81797408
362,3704,448.2324792,20.080224
362,3705,453.8107764,20.080224
362,3706,459.38895168,20.080224
362,3707,464.96703552,20.07693216
362,3708,470.7340344,21.82270464
362,3709,476.9164452,22.521672
362,3710,483.320598,23.73087456
362,3711,490.53091632,28.27361376
362,3712,497.528469,26.57475
369,3654,20.6767176,34.6850208
369,3655,27.48719928,31.96157184
369,3656,35.9407968,29.66935392
369,3657,44.95376328,35.46299232
369,3658,54.93224472,36.16195968
369,3659,65.681352,41.47828128
369,3660,77.36217192,41.97205728
369,3661,88.36020936,36.868608
369,3662,98.45475864,36.68536224
369,3663,109.54545528,43.4906928
369,3664,121.84142256,43.60810176
369,3665,133.15212384,38.3883408
369,3666,144.21660768,41.175432
369,3667,155.64868032,41.46511392
369,3668,167.20035648,42.53935104
369,3669,179.32682448,43.9131456
369,3670,191.20329552,40.34588832
369,3671,201.920094,37.27679616
369,3672,211.76537784,34.37339328
369,3673,221.25017472,32.75051616
369,3674,229.56091248,28.25715456
369,3675,237.3593424,26.88116544
369,3676,244.14550104,23.01873984
369,3677,250.5459048,23.04288
369,3678,256.93399464,23.35889664
369,3679,263.70918048,25.06626432
369,3680,270.60323832,23.98763808
369,3681,277.40085744,26.25681312
369,3682,285.394908,31.55557824
369,3683,294.14492352,29.21617728
369,3684,301.84478112,27.43309728
369,3685,309.50355168,28.65766176
369,3686,318.2009892,33.6700368
369,3687,328.54477344,39.61948896
369,3688,338.89654344,34.77390048
369,3689,348.29239968,33.67442592
369,3690,357.64518768,33.0500736
369,3691,363.0445368,31.3163712
383,3658,30.9189990857143,36.0346752
383,3659,39.44099808,36.12574944
383,3660,49.48059192,36.13233312
383,3661,59.51582712,36.12904128
383,3662,69.55179384,36.12136032
383,3663,79.80063288,38.27751552
383,3664,90.50466024,37.9713744
383,3665,101.2762008,40.52145312
383,3666,113.02736856,44.41350528
383,3667,125.64270528,45.35167968
383,3668,138.4092228,46.4807808
383,3669,151.5771924,47.93248224
383,3670,164.3716296,43.76611008
383,3671,175.74024288,38.72630304
383,3672,186.21917544,36.19707264
383,3673,195.7919376,33.2311248
383,3674,204.8990568,32.22930816
383,3675,213.68071056,31.053024
383,3676,222.18347232,30.36612672
383,3677,230.20349184,27.09842688
383,3678,237.5567004,25.01578944
383,3679,244.34645568,25.08272352
383,3680,250.99542384,22.53374208
383,3681,257.44105992,25.27803936
383,3682,265.22056176,30.30028992
383,3683,273.68467488,29.38076928
383,3684,282.02665464,30.75566112
383,3685,290.14862976,28.36359072
383,3686,298.05255096,29.15802144
383,3687,306.7726656,32.8141584
383,3688,315.87679776,32.87560608
383,3689,325.52191944,37.5763536
383,3690,335.71872912,33.93557856
383,3691,344.84785488,32.51021184
383,3692,353.77477632,32.08007808
383,3693,362.77878168,32.68467936
383,3694,372.0931344,35.24573088
383,3695,382.42719552,38.8876032
383,3696,393.27880704,36.05552352
383,3697,401.46738096,24.74037216
383,3698,407.92444704,21.6383616
383,3699,413.19642024,16.79606496
383,3700,417.75348504,15.66257472
383,3701,421.87118064,14.23062432
383,3702,425.32953288,11.05729056
383,3703,428.8545144,15.03712512
383,3704,433.331112,16.45481088
383,3705,437.9919612,17.01991008
383,3706,442.75214472,17.36774784
383,3707,447.56783232,17.14938912
383,3708,452.21999472,16.86958272
383,3709,457.28424672,19.47891456
383,3710,462.96349368,21.54070368
383,3711,469.64123496,27.42322176
383,3712,477.67362936,29.21288544
383,3713,485.87762616,29.91404736
383,3714,493.822482,26.77802112
383,3715,499.0451538,27.5197824
401,3671,136.0869516,42.190416
401,3672,143.06888328,41.9051232
401,3673,154.55819736,39.08291904
401,3674,164.44947552,33.92021664
401,3675,173.8539576,32.99959872
401,3676,182.48449152,29.90417184
401,3677,190.7738628,29.2479984
401,3678,198.53282112,27.12695616
401,3679,206.10426648,28.32738048
401,3680,214.60199904,31.92316704
401,3681,223.40486688,30.5976528
401,3682,231.55860216,29.16131328
401,3683,239.70041976,29.22824736
401,3684,247.50525048,26.57392704
401,3685,254.73727056,25.86398688
401,3686,262.36583544,30.02377536
401,3687,271.06269384,32.14591488
401,3688,280.1605776,32.92059456
401,3689,289.28345496,32.78782368
401,3690,298.412916,32.9184
401,3691,307.55286216,32.7976992
401,3692,316.65559224,32.91620544
401,3693,326.258682,36.58770432
401,3694,336.07714344,33.29037792
401,3695,345.19566216,32.91620544
401,3696,354.43741152,33.27611328
401,3697,363.5626968,32.73844608
401,3698,372.37708608,29.35224
401,3699,379.75376424,23.42253888
401,3700,385.59921864,20.2777344
401,3701,391.1976936,19.03122432
401,3702,395.49101496,12.44534976
401,3703,398.82168648,12.16005696
401,3704,402.42356904,14.4072864
401,3705,406.83216576,16.46139456
401,3706,411.4536348,17.8308
401,3707,417.13047384,21.99936672
401,3708,423.1853868,21.39696
401,3709,429.06586272,21.39696
401,3710,435.11772768,21.9456
401,3711,441.05187888,20.80333152
401,3712,446.99230896,22.36146912
401,3713,454.21716624,29.70446688
401,3714,462.60087312,30.1971456
401,3715,471.00646464,30.28821984
401,3716,479.40394848,30.1971456
401,3717,487.72959096,30.065472
401,3718,496.21589352,30.70518624
401,3719,502.18086,30.6250848
413,3662,15.2942544,34.2241632
413,3663,20.5067916,34.619184
413,3664,30.77876496,38.89638144
413,3665,41.92283208,42.80269824
413,3666,54.26549472,44.6922144
413,3667,64.85232648,28.995624
413,3668,75.13972272,47.91712032
413,3669,87.7590828,40.82869152
413,3670,98.56460856,38.82066912
413,3671,109.4020164,39.7379952
413,3672,120.5103,39.43734048
413,3673,131.3137836,38.93259168
413,3674,142.09925352,38.34554688
413,3675,152.755092,38.21058144
413,3676,162.67194288,31.9253616
413,3677,170.712384,27.42980544
413,3678,178.3337556,27.44736192
413,3679,185.95753512,27.46272384
413,3680,193.58616096,27.25314336
413,3681,200.77331448,24.70964832
413,3682,208.04407464,28.23081984
413,3683,216.06397224,28.92868992
413,3684,224.09027064,28.83432384
413,3685,231.93701136,27.53294976
413,3686,239.54296008,27.33543936
413,3687,247.1467752,27.432
413,3688,254.790702,28.36139616
413,3689,263.25039552,31.62141504
413,3690,272.10011112,32.51350368
413,3691,281.222196,32.9184
413,3692,290.38771488,33.74245728
413,3693,300.4643724,38.27971008
413,3694,311.11317,38.25776448
413,3695,321.92497464,40.9943808
413,3696,333.60533736,40.41501696
413,3697,344.3327124,37.81665792
413,3698,354.61194,36.42201504
413,3699,364.29476544,32.33574432
413,3700,372.31432776,25.01578944
413,3701,378.20976936,17.83409184
413,3702,382.50214584,13.29464448
413,3703,385.94214912,12.3114816
413,3704,389.36651616,12.50679744
413,3705,393.22677768,15.33668256
413,3706,397.80036264,18.37066176
413,3707,403.60454712,22.90242816
413,3708,410.16049032,23.73526368
413,3709,416.53334016,22.23528192
413,3710,422.7536376,22.38780384
413,3711,428.87243664,22.22211456
413,3712,435.06118728,21.53192544
413,3713,441.01094424,21.39696
413,3714,446.9283924,20.62666944
413,3715,453.32358408,27.99380736
413,3716,461.67748152,30.4275744
413,3717,470.14449024,30.5153568
413,3718,478.60814616,30.43415808
413,3719,487.0617132,30.42976896
413,3720,495.5151888,30.42647712
413,3721,501.4240416,30.3288192
421,3665,21.888196,33.2146656
421,3666,29.235654,32.34123072
421,3667,38.536626,35.36972352
421,3668,48.63644832,39.89929536
421,3669,61.24005024,47.39371776
421,3670,73.376028,39.940992
421,3671,84.30155352,39.13339392
421,3672,95.13978432,38.78445888
421,3673,106.00587384,39.31663968
421,3674,116.88537456,39.94318656
421,3675,127.88027256,38.91613248
421,3676,138.74995872,38.63413152
421,3677,148.94253168,34.29438912
421,3678,157.93212,29.89429632
421,3679,165.6891276,27.35409312
421,3680,173.30461656,27.43309728
421,3681,180.92763408,27.44407008
421,3682,188.50852824,26.77692384
421,3683,195.88801056,26.9217648
421,3684,203.23585464,26.39616768
421,3685,210.96616176,28.88699328
421,3686,218.978988,28.12109184
421,3687,226.60624224,27.3277584
421,3688,234.2226456,27.432
421,3689,241.82371752,27.33105024
421,3690,249.55841376,29.3467536
421,3691,258.4060872,33.61188096
421,3692,267.72196392,32.85366048
421,3693,276.80793,32.90303808
421,3694,285.95260056,32.89864896
421,3695,295.086024,33.67991232
421,3696,305.08337256,36.81484128
421,3697,314.89534176,34.55663904
421,3698,324.8660508,38.45637216
421,3699,335.395062,34.77390048
421,3700,344.5858488,32.7757536
421,3701,353.7191808,32.90852448
421,3702,362.37955464,28.38334176
421,3703,369.29464368,21.04473312
421,3704,374.27522808,15.78108096
421,3705,378.24530904,13.02251904
421,3706,381.8583168,15.2028144
421,3707,386.91171792,19.24848576
421,3708,392.2487964,19.15521696
421,3709,397.66542768,20.29199904
421,3710,403.55492568,21.80953728
421,3711,409.65129144,21.9456
421,3712,415.75582584,21.99826944
421,3713,421.85776944,21.9456
421,3714,427.95181872,21.99168576
421,3715,434.27498616,22.92437376
421,3716,440.86457928,25.6544064
421,3717,448.1661852,26.3292336
421,3718,455.45645256,26.15257152
421,3719,462.71630088,26.1372096
421,3720,469.99669272,26.30289888
421,3721,477.303084,26.52893856
421,3722,484.9014432,27.93894336
421,3723,492.661956,27.9367488
421,3724,500.41686048,27.89505216
421,3725,504.6799152,27.9148032
433,3668,23.8000032,41.3317944
433,3669,34.3156032,45.4219056
433,3670,48.25078488,52.29307296
433,3671,62.0464596,39.46148064
433,3672,72.4508076,47.4902784
433,3673,86.798658,48.74995584
433,3674,97.60689648,29.46964896
433,3675,107.2661304,42.67651104
433,3676,119.00315544,41.47279488
433,3677,130.18288416,39.36382272
433,3678,141.02919216,37.89237024
433,3679,150.85164648,33.04897632
433,3680,159.43847208,28.26154368
433,3681,167.05536312,27.3881088
433,3682,174.61385448,26.88445728
433,3683,182.146194,27.4429728
433,3684,189.76058568,27.36726048
433,3685,197.35156872,27.30252096
433,3686,204.9266412,27.2783808
433,3687,212.51381424,27.31568832
433,3688,219.85675104,26.3456928
433,3689,227.61378912,28.26373824
433,3690,235.28688528,27.4265136
433,3691,242.88335472,27.37384416
433,3692,250.78633104,29.7143424
433,3693,259.38504384,32.39609472
433,3694,268.48259232,32.54971392
433,3695,277.56602856,32.9184
433,3696,286.70368872,32.79660192
433,3697,295.8178488,32.9129136
433,3698,305.11427928,35.07784704
433,3699,315.32129976,37.48527936
433,3700,326.24560608,41.22371232
433,3701,336.93606984,34.38656064
433,3702,346.07766192,32.42681856
433,3703,354.90384696,30.28383072
433,3704,362.4046092,23.62773024
433,3705,368.1505464,17.82860544
433,3706,372.7519596,15.5868624
433,3707,376.35533568,11.02327488
433,3708,379.4235744,11.90439072
433,3709,383.9172408,20.3929488
433,3710,389.80872,21.25760544
433,3711,395.6995896,21.30698304
433,3712,401.71957248,21.94121088
433,3713,407.8159992,21.9456
433,3714,413.89840512,22.17383424
433,3715,420.4386816,24.59333664
433,3716,427.2710784,24.59443392
433,3717,434.1028656,24.59114208
433,3718,440.9258136,24.5461536
433,3719,447.75345552,24.5900448
433,3720,454.68942336,26.28863424
433,3721,462.19652544,26.99967168
433,3722,469.88571504,28.16608032
433,3723,477.6956664,28.08049248
433,3724,485.49470592,28.0793952
433,3725,493.29374544,28.0793952
433,3726,499.5294556,28.0245312
445,3670,22.81964448,44.055792
445,3671,31.73214888,42.58433952
445,3672,44.78359344,52.30624032
445,3673,59.6008968,50.47817184
445,3674,71.92490568,45.41971104
445,3675,85.25304768,44.89301664
445,3676,97.21891656,42.61506336
445,3677,109.01053128,42.1190928
445,3678,120.92415744,42.91352352
445,3679,132.3779928,39.75006528
445,3680,143.11359744,36.978336
445,3681,152.61582888,31.51168704
445,3682,160.6774536,27.3990816
445,3683,168.27279528,27.514296
445,3684,176.0803692,27.48357216
445,3685,183.23881056,24.82376544
445,3686,189.82236864,22.521672
445,3687,195.94750752,21.93901632
445,3688,202.15927056,23.40717696
445,3689,209.23035624,27.46821024
445,3690,217.1008104,28.3537152
445,3691,224.78378208,27.29045088
445,3692,232.39040136,27.47698848
445,3693,240.42849552,30.8939184
445,3694,249.3552036,32.87121696
445,3695,258.6427644,34.44581376
445,3696,268.16118072,33.10164576
445,3697,277.2631488,32.9184
445,3698,286.46752968,33.47581824
445,3699,295.80788184,33.36609024
445,3700,304.96425672,32.85036864
445,3701,314.06921184,32.79660192
445,3702,323.4814968,36.42311232
445,3703,333.82906056,35.13819744
445,3704,343.05639288,32.25015648
445,3705,351.26663808,26.6968224
445,3706,357.82687896,19.52170848
445,3707,362.56511688,16.33630464
445,3708,367.08789168,15.46177248
445,3709,370.71842544,11.1483648
445,3710,373.78587168,11.83526208
445,3711,378.10906344,20.2832208
445,3712,384.3811464,23.20637472
445,3713,390.83821248,23.20637472
445,3714,397.2728148,23.1635808
445,3715,403.70689896,23.1635808
445,3716,410.20328424,24.32779488
445,3717,417.30719688,26.07027552
445,3718,424.53787584,26.0165088
445,3719,431.72841264,25.26816384
445,3720,438.48896808,23.87352096
445,3721,445.12333632,23.95252512
445,3722,452.21383776,27.64816416
445,3723,460.0728924,28.3427424
445,3724,467.95361832,28.43271936
445,3725,475.84504272,28.3537152
445,3726,483.4682736,25.58418048
445,3727,490.24708656,24.16868928
445,3728,496.96006272,24.14784096
445,3729,503.66316336,24.14674368
445,3730,507.6907296,24.1621056
466,3675,15.455646,36.9015264
466,3676,22.61841552,36.84775968
466,3677,32.89041936,37.96917984
466,3678,43.88132448,40.34808288
466,3679,55.04255184,39.72263328
466,3680,66.15854688,42.41865024
466,3681,79.29719472,50.36624928
466,3682,92.83016232,42.05654784
466,3683,102.3349236,34.60601664
466,3684,113.37362136,37.9219968
466,3685,123.1160352,35.990784
466,3686,133.24161312,37.05075648
466,3687,143.4842952,36.13233312
466,3688,153.32351352,35.11076544
466,3689,163.0015536,33.6919824
466,3690,171.90089064,31.2669936
466,3691,180.55373592,30.5208432
466,3692,188.76483456,29.10425472
466,3693,196.83609096,28.88370144
466,3694,204.7812516,28.4799024
466,3695,212.64679848,27.68327712
466,3696,220.24793136,27.91370592
466,3697,228.51301008,31.1682384
466,3698,237.03082896,30.17190816
466,3699,245.30858736,28.96928928
466,3700,253.07653728,27.2893536
466,3701,260.64840936,27.3881088
466,3702,268.28413704,28.09256256
466,3703,276.58579176,30.75017472
466,3704,284.63531592,27.50442048
466,3705,292.2370584,27.30691008
466,3706,299.83989816,27.43309728
466,3707,307.45758168,27.27618624
466,3708,314.88001032,26.0658864
466,3709,321.85468776,24.99274656
466,3710,329.2384068,27.11159424
466,3711,336.04745592,22.15298592
466,3712,342.12623472,21.79856448
466,3713,348.1765452,21.70749024
466,3714,354.178362,21.63945888
466,3715,360.2038008,21.69761472
466,3716,366.26593752,21.95328096
466,3717,372.1789356,20.83844448
466,3718,378.15158304,22.11128928
466,3719,384.88479792,26.63866656
466,3720,392.39531376,26.98540704
466,3721,399.84490008,26.29850976
466,3722,407.110692,26.34240096
466,3723,414.56881272,27.30691008
466,3724,422.0609796,27.01942272
466,3725,429.6661968,27.432
466,3726,437.28372792,27.3881088
466,3727,444.85968432,26.65402848
466,3728,452.07640344,25.64672544
466,3729,459.292452,25.87825152
466,3730,466.2092784,25.16172768
466,3731,473.669106,27.9148032
466,3732,481.3892328,26.85702528
466,3733,488.11324272,22.04106336
466,3734,494.3241828,22.7301552
466,3735,498.8990784,20.92732416
478,3680,24.2279424,42.0587424
478,3681,35.910012,41.7844224
478,3682,46.5592668,35.8865424
478,3683,58.5693012,51.2320032
478,3684,72.20760768,42.5964096
478,3685,82.99883832,38.17766304
478,3686,93.46944984,36.80716032
478,3687,103.68524856,36.91140192
478,3688,113.85151728,36.66122208
478,3689,124.0659444,36.31777344
478,3690,134.22962232,36.78192288
478,3691,144.05753256,34.27792992
478,3692,153.7039344,35.74609056
478,3693,163.45918032,33.51532032
478,3694,172.61884704,32.9348592
478,3695,181.7653464,32.92827552
478,3696,190.91708832,32.94692928
478,3697,199.96376568,32.11628832
478,3698,208.78034952,31.40086176
478,3699,217.48132272,31.31198208
478,3700,226.16010648,31.16165472
478,3701,234.72687624,30.47256288
478,3702,243.16069224,30.07315296
478,3703,251.08500456,27.06880032
478,3704,258.53129904,26.71767072
478,3705,265.98670704,26.88006816
478,3706,273.40624008,26.58380256
478,3707,280.84902936,27.20266848
478,3708,288.24484896,26.20414368
478,3709,295.64962968,25.65001728
478,3710,302.29859784,22.90352544
478,3711,308.46662208,21.83477472
478,3712,314.52592416,21.91158432
478,3713,320.63173872,22.42950048
478,3714,327.28015824,25.02456768
478,3715,333.80531664,20.574
478,3716,339.21137136,20.04401376
478,3717,344.81889888,20.05169472
478,3718,350.40990624,20.46756384
478,3719,356.4809736,23.01983712
478,3720,362.86842336,23.02861536
478,3721,369.34237536,23.89546656
478,3722,376.22091888,25.17489504
478,3723,383.21385384,25.19135424
478,3724,390.22861248,25.23744
478,3725,397.21228152,24.990552
478,3726,404.18220408,25.31863872
478,3727,411.21982272,25.347168
478,3728,418.27130976,25.319736
478,3729,425.14317816,24.222456
478,3730,431.86648704,24.21258048
478,3731,438.58802808,24.1621056
478,3732,445.3042656,24.2114832
478,3733,452.04321072,24.57248832
478,3734,458.70549864,22.51508832
478,3735,464.76739152,21.7480896
478,3736,470.82565728,21.83916384
478,3737,476.87551056,21.74918688
478,3738,482.89116528,20.65958784
478,3739,487.19798928,10.77748416
478,3740,490.05494064,10.26395712
478,3741,492.90664944,10.22445504
478,3742,495.60675072,9.16119072
478,3743,498.12506928,9.0635328
478,3744,500.63649936,9.02622528
478,3745,503.150124,9.0635328
478,3746,505.290168342857,9.0635328
489,3682,17.74262136,37.9549152
489,3683,28.2772104,37.9549152
489,3684,39.23266728,41.12495712
489,3685,50.7414276,41.46730848
489,3686,62.39048736,42.46363872
489,3687,74.22096408,42.56788032
489,3688,85.522308,38.50465248
489,3689,96.0830184,37.93406688
489,3690,106.5780444,37.57306176
489,3691,117.04508976,37.77057216
489,3692,127.33535112,36.41652864
489,3693,137.60168568,36.94212576
489,3694,147.18362232,32.17444416
489,3695,156.02145072,31.74101856
489,3696,164.86461312,32.39060832
489,3697,173.98813056,32.92717824
489,3698,183.08628864,31.5632592
489,3699,191.14544448,27.4539456
489,3700,199.04104464,29.86137792
489,3701,207.7088556,32.9513184
489,3702,217.17768096,33.95423232
489,3703,226.3760268,32.77465632
489,3704,235.51121808,32.86463328
489,3705,244.62671928,32.86792512
489,3706,253.60801704,30.47804928
489,3707,260.9976492,23.4982512
489,3708,267.70014024,25.98249312
489,3709,275.20129872,27.36506592
489,3710,282.82184736,27.432
489,3711,290.39228688,26.0604
489,3712,296.90205288,21.81612096
489,3713,302.97976488,21.94669728
489,3714,309.06732192,21.79856448
489,3715,315.12820896,21.93682176
489,3716,321.25060464,22.72027968
489,3717,328.00101024,25.12551744
489,3718,334.54872384,22.05971712
489,3719,340.63469592,21.9456
489,3720,347.03296608,24.07322592
489,3721,353.72241168,24.07542048
489,3722,360.63914664,26.36105472
489,3723,368.10677712,26.7407136
489,3724,375.1915788,23.45106816
489,3725,381.49097184,23.74075008
489,3726,388.54712232,26.03077344
489,3727,395.74089,25.73011872
489,3728,402.7675968,25.41081024
489,3729,410.05030512,26.16683616
489,3730,416.80235664,22.44705696
489,3731,422.91557784,21.9456
489,3732,428.98018344,21.22249248
489,3733,434.66101536,20.20860576
489,3734,440.27348064,20.18666016
489,3735,445.88771376,20.23164864
489,3736,451.50703704,20.23164864
489,3737,457.12626888,20.23055136
489,3738,462.74556168,20.22945408
489,3739,468.37201728,20.31504192
489,3740,474.00862272,20.23494048
489,3741,479.62846416,20.23164864
489,3742,485.06792496,16.89920928
489,3743,488.61661992,10.69189632
489,3744,491.5879932,10.69848
489,3745,494.55954936,10.69848
489,3746,497.53101408,10.69848
489,3747,500.49720576,10.66117248
489,3748,503.017710171429,10.69848
492,3683,6.7961256,41.429178
492,3684,17.17846704,41.5923984
492,3685,28.90073976,43.2547776
492,3686,41.06360088,43.89558912
492,3687,53.5189176,46.38970656
492,3688,66.60800496,47.21486112
492,3689,79.22989488,42.43291488
492,3690,90.5795496,40.43586528
492,3691,101.46999264,37.23839136
492,3692,111.555276,36.25852032
492,3693,121.71081576,36.61294176
492,3694,131.81234496,36.86202432
492,3695,141.7210272,33.38364672
492,3696,150.81449136,31.79478528
492,3697,158.96837904,28.59621408
492,3698,167.28591384,30.31126272
492,3699,175.28609088,27.43529184
492,3700,183.23253168,31.02778656
492,3701,192.19828464,32.37963552
492,3702,201.19927248,32.32696608
492,3703,210.41422992,34.21538496
492,3704,219.84468096,33.14553696
492,3705,229.17963816,35.22378528
492,3706,238.98185376,33.77098656
492,3707,248.14106328,32.76258624
492,3708,256.20509592,24.1840512
492,3709,263.00436096,28.30214304
492,3710,270.8388792,25.67415744
492,3711,278.1091212,27.12366432
492,3712,285.72366528,27.3935952
492,3713,292.98799416,23.77915488
492,3714,299.175678,21.9456
492,3715,305.27179992,21.9456
492,3716,311.34201384,21.66908544
492,3717,317.45151648,22.94193024
492,3718,323.99002512,23.6134656
492,3719,330.5482848,23.61127104
492,3720,337.10684928,23.6134656
492,3721,343.63901808,23.47740288
492,3722,350.18600016,23.6134656
492,3723,356.7444732,23.54543424
492,3724,363.24302256,23.44119264
492,3725,369.79561296,23.6134656
492,3726,376.27410648,23.01215616
492,3727,382.693164,23.22612576
492,3728,389.163306,23.3007408
492,3729,395.6188176,23.2184448
492,3730,402.16473288,24.47812224
492,3731,409.18601424,25.50188448
492,3732,416.2793808,25.55674848
492,3733,423.36976032,25.50298176
492,3734,430.4544096,25.50298176
492,3735,437.53762632,25.4459232
492,3736,444.33298992,23.1580944
492,3737,450.65506008,22.7246688
492,3738,456.965304,22.31209152
492,3739,462.52327104,17.9185824
492,3740,467.45441688,17.81653536
492,3741,472.27623096,15.26535936
492,3742,475.64107056,10.49328864
492,3743,478.4660484,9.86893632
492,3744,481.198428,9.83382336
492,3745,483.93071616,9.8316288
492,3746,486.6630348,9.83492064
492,3747,489.39532296,9.83492064
492,3748,492.20594472,11.79576
492,3749,496.5028932,17.77154688
492,3750,501.4377576,17.74960128
492,3751,505.6348536,17.7869088
494,3699,169.681114971429,26.1356420571429
494,3700,176.22889824,28.7267904
494,3701,184.23568944,28.97697024
494,3702,192.53783184,30.68324064
494,3703,201.06930576,31.01791104
494,3704,210.2422008,34.8276672
494,3705,219.94252176,34.89789312
494,3706,229.75814856,36.10709568
494,3707,240.03070104,37.80787968
494,3708,249.763313866667,34.5070176
501,3686,25.5749552,38.758368
501,3687,36.70328448,46.64427552
501,3688,49.73723352,44.0722512
501,3689,61.6500672,42.2343072
501,3690,72.86475648,39.7434816
501,3691,84.15189672,40.4402544
501,3692,94.5381396,34.18136928
501,3693,103.89476808,33.57567072
501,3694,112.78081584,30.30248448
501,3695,121.12742856,29.41478496
504,3705,209.0632344,23.0209344
504,3706,213.53919192,23.0209344
504,3707,219.93258528,22.95729216
504,3708,226.31378664,24.04908576
504,3709,236.30967216,41.58362016
504,3710,245.21385552,28.02562848
504,3711,253.01039568,27.84128544
504,3712,260.73713664,27.93894336
504,3713,268.45653192,27.79081056
504,3714,276.3272604,28.33945056
504,3715,284.02541112,27.42980544
504,3716,291.47694816,24.8314464
504,3717,297.87640704,22.41962496
504,3718,303.89297616,21.48145056
504,3719,309.95986776,21.79417536
504,3720,316.02892344,21.9456
504,3721,322.15543392,22.4558352
504,3722,328.52316312,23.0922576
504,3723,334.82871312,22.59080064
504,3724,341.5320576,25.35704352
504,3725,348.71561448,26.68694688
504,3726,356.2223508,27.06002208
504,3727,363.64959528,26.62220736
504,3728,370.91282688,25.24182912
504,3729,377.80929264,24.91264512
504,3730,384.94124688,26.27107776
504,3731,392.20975152,25.16392224
504,3732,398.63950752,21.94121088
504,3733,404.73605616,21.91048704
504,3734,410.99052168,24.05457216
504,3735,417.98232888,25.36691904
504,3736,425.01930744,25.3252224
504,3737,432.05482296,25.3252224
504,3738,439.08537024,25.2813312
504,3739,446.11369248,25.32851424
504,3740,452.92170528,23.14821888
504,3741,459.178914,22.439376
504,3742,465.41807856,22.94083296
504,3743,471.21549648,14.49177696
504,3744,473.77496304,7.78629888
504,3745,475.9831476,8.65973376
504,3746,478.63670592,9.7603056
504,3747,481.28901456,9.52000128
504,3748,483.94504176,9.56060064
504,3749,486.60109944,9.56169792
504,3750,489.30714432,10.21128768
504,3751,492.25462128,10.7204256
504,3752,495.33727704,12.7997712
504,3753,499.61919888,16.67975328
504,3754,504.021344,16.7115744
517,3702,142.6262832,42.8268384
517,3703,149.84961648,38.8876032
517,3704,160.12402824,36.04674528
517,3705,170.08138704,33.9169248
517,3706,178.95847368,31.28235552
517,3707,187.64256096,31.0310784
517,3708,196.11432456,30.17081088
517,3709,204.082226666667,30.8201568
530,3723,304.35639408,27.44077824
530,3724,310.04783304,26.98540704
530,3725,317.19371664,24.3651024
530,3726,324.21487608,27.7227792
530,3727,332.26650336,28.56549024
530,3728,340.12869744,28.71362304
530,3729,347.63424504,25.017984
530,3730,354.5415312,24.87314304
530,3731,361.40145144,24.62186592
530,3732,368.28941328,24.87424032
530,3733,375.14744376,24.20160768
530,3734,381.75154536,23.65516224
530,3735,388.3386696,23.7396528
530,3736,394.81972344,22.38012288
530,3737,400.81218288,21.342096
530,3738,406.74060384,21.342096
530,3739,412.66923816,21.369528
530,3740,418.61158848,21.36733344
530,3741,424.54025328,21.342096
530,3742,430.4685828,21.342096
530,3743,436.39849728,21.28064832
530,3744,441.48204312,13.8312144
530,3745,444.80040072,11.62238976
530,3746,448.02969576,11.6256816
530,3747,451.25963088,11.63336256
530,3748,454.20223104,9.00427968
530,3749,456.53544456,8.34920352
530,3750,458.85393624,8.3503008
530,3751,461.15151864,8.18900064
530,3752,464.39090256,15.81290208
530,3753,468.99155376,16.66548864
530,3754,473.611194,16.58209536
530,3755,478.21663056,16.5799008
530,3756,482.82160992,16.5799008
530,3757,487.4265588,16.5799008
530,3758,492.03153816,16.5799008
530,3759,496.63645656,16.5799008
530,3760,501.23418168,16.54259328
530,3761,503.9939628,16.5799008
535,3692,22.9227017142857,33.5861732571429
535,3693,31.083504,35.75925792
535,3694,41.0599128,35.9578656
535,3695,51.08118816,36.19158624
535,3696,61.13788128,35.89532064
535,3697,71.14510536,37.56099168
535,3698,81.95806824,38.74166496
535,3699,91.89299376,32.68687392
535,3700,100.85341272,32.59360512
535,3701,109.59364416,29.5936416
535,3702,117.96741456,31.33941408
535,3703,126.616206,30.41001792
535,3704,134.9780892,29.77030368
535,3705,143.06866992,28.14084288
535,3706,149.93874,22.01033952
535,3707,156.03019848,21.9456
535,3708,162.1191576,21.86001216
535,3709,168.19888128,21.93901632
535,3710,174.4932756,24.42325824
535,3711,181.84163784,27.44516736
535,3712,189.51622752,28.45576224
535,3713,197.94409992,31.86171936
535,3714,207.19590768,34.5752928
535,3715,216.8162796,34.59504384
535,3716,226.41440112,34.9428816
535,3717,236.50078176,37.21644576
535,3718,246.829326,36.69962688
535,3719,256.041279466667,33.3987648
541,3704,104.2227024,36.9152424
541,3705,111.39345768,35.94250368
541,3706,120.16736952,27.8544528
541,3707,128.1391392,30.08083392
541,3708,136.414002,29.11193568
541,3709,144.47126808,29.02086144
541,3710,152.53947648,29.07462816
541,3711,160.17700248,24.88192128
541,3712,167.04829176,26.0494272
541,3713,174.5979744,27.94991616
541,3714,182.30444616,27.870912
541,3715,190.49463552,30.72603456
541,3716,199.04845128,31.52156256
541,3717,208.51791672,36.02479968
541,3718,218.47765296,34.43703552
541,3719,227.34050544,31.55557824
541,3720,236.42799552,32.84268768
541,3721,245.54654472,32.89535712
541,3722,254.7689088,34.25378976
541,3723,264.56795448,34.61040576
541,3724,273.76553832,32.69784672
541,3725,282.90249744,32.9129136
541,3726,292.01869968,32.75819712
541,3727,300.84753648,30.3507648
541,3728,308.84350728,27.41992992
541,3729,316.6591584,30.44513088
541,3730,325.67029608,32.93815104
541,3731,334.27513536,28.776168
541,3732,342.13946304,28.22643072
541,3733,350.0000112,28.37127168
541,3734,357.86884992,28.00148832
541,3735,365.24037696,25.1770896
541,3736,372.18494016,25.0070112
541,3737,379.13072256,25.0070112
541,3738,386.08403352,25.0947936
541,3739,393.0059196,23.85157536
541,3740,399.05049984,20.52681696
541,3741,404.75361264,20.5301088
541,3742,410.4567864,20.5301088
541,3743,416.16925656,20.5849728
541,3744,421.8785568,20.53120608
541,3745,427.58218776,20.53669248
541,3746,432.79411536,15.35753088
541,3747,436.42897728,11.84294304
541,3748,439.43390904,10.38136608
541,3749,442.32387024,10.4351328
541,3750,445.22157336,10.4351328
541,3751,448.11912408,10.4351328
541,3752,451.01685768,10.43293824
541,3753,453.91443888,10.43403552
541,3754,456.89175576,12.41791776
541,3755,461.3809416,18.51550272
541,3756,466.53062904,18.5604912
541,3757,471.66769776,18.35420256
541,3758,476.75234088,18.24996096
541,3759,481.6842792,17.97454368
541,3760,487.38730056,23.4104688
541,3761,494.02236984,22.96387584
541,3762,498.8739705,13.7009124
544,3714,170.4017928,34.29
544,3715,175.96914768,33.08408928
544,3716,185.1184512,32.94802656
544,3717,194.2706808,32.92278912
544,3718,203.40544536,32.87670336
544,3719,212.6998032,34.21538496
544,3720,222.11803176,33.10713216
544,3721,231.24846816,32.91620544
544,3722,240.56239416,35.28742752
544,3723,250.84753488,36.511992
544,3724,260.5694052,34.75853856
544,3725,269.98845672,32.75600256
544,3726,279.02940384,32.013144
544,3727,287.82443832,31.46560128
544,3728,296.18150568,28.93966272
544,3729,304.2196608,28.4360112
544,3730,311.8719696,27.27179712
544,3731,319.48687944,28.05525504
544,3732,327.8130096,31.3602624
544,3733,336.13987128,28.0574496
544,3734,343.7401812,27.06002208
544,3735,351.08909208,25.98578496
544,3736,358.09943112,23.66394048
544,3737,364.31390688,21.96864288
544,3738,370.6697184,23.59920096
544,3739,377.16250704,23.44667904
544,3740,383.94561768,25.71365952
544,3741,391.23484872,26.224992
544,3742,398.34689952,24.87862944
544,3743,405.20678928,24.64161696
544,3744,411.97978056,24.16978656
544,3745,417.01815504,24.1730784
547,3688,19.8080376,35.3104704
547,3689,25.078944,35.2281744
547,3690,35.15770464,39.07523808
547,3691,47.14911576,45.57881664
560,3697,20.2734672,31.8650112
560,3698,25.83323256,30.85441632
560,3699,34.36952232,31.8650112
560,3700,43.38270216,31.56545376
560,3701,52.1319252,34.05189024
560,3702,62.20903992,36.74571264
560,3703,71.8902804,31.60605312
560,3704,80.08400544,28.70703936
560,3705,87.95000952,27.4704048
560,3706,95.37868656,26.24364576
560,3707,102.53917008,24.68002176
560,3708,109.64015664,28.25057088
560,3709,117.79974408,29.41478496
560,3710,125.42151192,25.7147568
560,3711,132.55261272,24.9521472
560,3712,138.97651656,21.99058848
560,3713,145.38630816,23.99970816
560,3714,151.89927456,23.21076384
560,3715,158.5359288,24.22903968
560,3716,165.32227032,25.74986976
560,3717,172.75460496,25.47993888
560,3718,179.72236344,26.65402848
560,3719,187.32956184,27.48466944
560,3720,195.09955392,28.47551328
560,3721,203.01624624,28.46783232
560,3722,210.91571736,28.37675808
560,3723,218.79120072,28.63571616
560,3724,227.29054872,32.58702144
560,3725,236.4286356,32.84268768
560,3726,245.54819064,32.89535712
560,3727,254.52022248,31.39537536
560,3728,263.12862792,30.12691968
560,3729,270.9705528,27.14012352
560,3730,278.55769536,27.44407008
560,3731,286.39029336,28.42174656
560,3732,294.06723,27.40127616
560,3733,301.68790056,27.432
560,3734,309.29500752,27.27618624
560,3735,316.88452752,27.42870816
560,3736,324.68283552,29.1547296
560,3737,332.85781536,28.69826112
560,3738,340.565994,27.29703456
560,3739,347.79987336,24.14345184
560,3740,354.28086624,23.19979104
560,3741,360.53868456,21.80075904
560,3742,366.600486,21.9456
560,3743,372.69608976,21.94450272
560,3744,378.963174,23.95252512
560,3745,386.25426432,27.82921536
560,3746,393.92845776,26.16683616
560,3747,400.2263268,20.32601472
560,3748,405.85988424,20.2887072
560,3749,411.49487424,20.29090176
560,3750,417.14330592,20.3161392
560,3751,422.41585824,17.22290688
560,3752,427.05351216,16.6567104
560,3753,431.65270032,16.21450656
560,3754,436.21720224,16.94310048
560,3755,440.92648416,16.93980864
560,3756,445.64253264,16.9858944
560,3757,450.36117192,16.9858944
560,3758,455.07868344,17.05063392
560,3759,459.848712,16.99357536
560,3760,464.59472232,17.39517984
560,3761,469.4387868,17.48405952
560,3762,474.2837352,17.3973744
560,3763,479.11548576,17.391888
560,3764,483.9472668,17.391888
560,3765,488.778804,17.391888
560,3766,493.61031072,17.391888
560,3767,498.4408116,17.36116416
560,3768,501.8128902,17.3260512
571,3700,22.1327907428571,34.5596173714286
571,3701,30.1619412,33.5877408
571,3702,39.188136,32.09653728
571,3703,48.01200456,34.04420928
571,3704,59.7016332,42.64798176
571,3705,66.85358232,20.36222496
571,3706,75.88779336,39.09389184
571,3707,86.9832144,38.6187696
571,3708,95.96496936,27.0424656
571,3709,103.05117312,23.4488736
571,3710,109.35635736,22.35708
571,3711,115.57488696,23.10981408
571,3712,121.9244196,22.07946816
571,3713,127.9370568,21.6822528
571,3714,134.21749128,22.69613952
571,3715,140.40913752,22.50192096
571,3716,146.58536088,21.88415232
571,3717,152.81215056,23.17565088
571,3718,159.510984,24.85997568
571,3719,166.64318208,26.77253472
571,3720,174.36699696,28.65436992
571,3721,182.36973432,28.85517216
571,3722,190.55023104,30.092904
571,3723,198.93314544,30.05011008
571,3724,206.94703848,27.56477088
571,3725,214.53558312,27.28276992
571,3726,222.10742472,27.36396864
571,3727,230.34241968,32.32696608
571,3728,239.46612,32.8196448
571,3729,248.5945752,32.78892096
571,3730,257.17917576,28.61815968
571,3731,264.91576176,27.514296
571,3732,272.4739788,27.17194464
571,3733,280.0788912,27.432
571,3734,287.696148,27.33543936
571,3735,295.28310768,27.40017888
571,3736,302.9038392,27.432
571,3737,310.50350904,27.2838672
571,3738,317.94410376,26.31716352
571,3739,325.290942,26.55527328
571,3740,332.66758968,26.55637056
571,3741,340.03774512,26.42908608
571,3742,347.38461384,26.54759232
571,3743,354.76187112,26.554176
571,3744,362.09365224,26.3237472
571,3745,369.4505184,26.554176
571,3746,376.82777568,26.53991136
571,3747,383.73926808,22.68516672
571,3748,389.89793496,22.16615328
571,3749,396.03922824,22.0992192
571,3750,402.15013296,21.03814944
571,3751,407.12891904,15.57918144
571,3752,411.43498104,15.5045664
571,3753,415.75152816,15.5594304
571,3754,420.06517968,15.5045664
571,3755,424.37432016,15.40142208
571,3756,428.25707592,12.40145856
571,3757,431.62395768,12.48046272
571,3758,435.70312656,16.623792
571,3759,440.33026488,16.85312352
571,3760,445.56511344,20.6782416
571,3761,451.33619664,20.7715104
571,3762,457.1126748,20.91635136
571,3763,462.97403976,21.1884768
571,3764,468.86917656,21.27406464
571,3765,474.7700436,21.19286592
571,3766,480.60294024,19.75104
571,3767,485.3456892,15.44531328
571,3768,489.63535296,15.44860512
571,3769,493.92562632,15.44641056
571,3770,498.2157168,15.42995136
571,3771,502.49638896,15.42995136
571,3772,505.070364,15.4497024
575,3770,470.964680914286,18.6051661714286
575,3771,474.58057992,14.02433568
575,3772,478.47095568,13.8092688
575,3773,482.32003104,14.18014944
575,3774,486.28505232,14.27671008
575,3775,490.06890048,11.8890288
575,3776,492.95005296,10.01377728
575,3777,496.01378064,12.15127872
575,3778,499.43924496,12.3059952
575,3779,501.316752,12.2456448
577,3704,21.07283568,29.1986208
577,3705,27.1806924,29.89978272
577,3706,35.72310864,33.18064992
577,3707,46.41811392,42.91352352
577,3708,58.434732,42.17066496
577,3709,66.83782416,25.82887392
577,3710,77.47241808,43.71124608
577,3711,88.13295048,32.48607168
577,3712,96.81490416,31.73772672
577,3713,105.86356272,32.39938656
577,3714,114.17753136,27.78532416
577,3715,121.95630168,28.0300176
577,3716,129.49805952,27.08745408
577,3717,136.75190328,24.96641184
577,3718,144.04902864,26.74510272
577,3719,151.30412208,26.42359968
577,3720,158.84901936,27.36726048
577,3721,166.4243052,27.322272
577,3722,174.04137912,27.43529184
577,3723,181.66378704,27.51868512
577,3724,189.60074856,29.7308016
577,3725,197.9086212,29.8076112
577,3726,205.92595848,27.86762016
577,3727,213.61795224,27.64926144
577,3728,221.29677864,27.72058464
577,3729,229.58017584,32.3533008
577,3730,238.70850912,32.808672
577,3731,247.53682776,30.970728
577,3732,256.02038712,29.93160384
577,3733,264.31713456,29.15363232
577,3734,272.02717248,27.14560992
577,3735,279.62309328,27.3716496
577,3736,287.20871184,27.36177408
577,3737,294.82807176,27.432
577,3738,302.4481632,27.432
577,3739,310.05121632,27.27728352
577,3740,317.64454632,27.44626464
577,3741,325.494396,29.36211552
577,3742,333.64791792,28.46234592
577,3743,341.3197644,27.2893536
577,3744,348.85097616,26.8449552
577,3745,356.27026536,26.85483072
577,3746,364.60925808,32.20077888
577,3747,372.60498504,24.96312
577,3748,378.94418496,22.0498416
577,3749,385.25448984,23.37316128
577,3750,391.75630056,23.06811744
577,3751,397.29479088,16.01699616
577,3752,401.41562592,14.35132512
577,3753,405.16113024,12.23028288
577,3754,408.65871024,13.78512864
577,3755,412.50830376,13.85096544
577,3756,416.36667552,13.90692672
577,3757,420.21904272,13.85206272
577,3758,424.06699032,13.85096544
577,3759,427.91487696,13.85206272
577,3760,431.76285504,13.85096544
577,3761,435.66429504,15.50566368
577,3762,441.25831992,23.6847888
577,3763,447.8903412,23.88449376
577,3764,454.50913416,23.2513632
577,3765,460.56203544,20.8812384
577,3766,466.37246832,20.96024256
577,3767,472.20655368,20.96682624
577,3768,477.97382688,19.19252448
577,3769,481.35271776,9.42344064
577,3770,485.2213308,15.54406848
577,3771,489.53906664,15.54626304
577,3772,493.85683296,15.54516576
577,3773,498.174264,15.52541472
577,3774,501.617488,15.4935936
581,3706,24.0673128,34.66746432
581,3707,33.26029416,32.6111616
581,3708,42.66434952,34.87375296
581,3709,52.84890624,38.21387328
581,3710,63.47402088,38.2456944
581,3711,74.06804592,37.15060896
581,3712,83.41361016,30.86429184
581,3713,91.9317948,30.54169152
581,3714,100.43763504,31.21981056
581,3715,106.252264,34.19856
583,3702,20.1735944,27.4758912
583,3703,25.19117136,28.34054784
583,3704,32.65541856,25.14526848
583,3705,38.9217408,25.0947936
585,3707,22.0696100571429,33.1629366857143
585,3708,29.722572,30.89501568
585,3709,37.7651772,31.19237856
585,3710,47.15798544,34.05189024
585,3711,56.6720736,34.16271552
585,3712,66.11483856,35.13710016
585,3713,76.31789664,37.26253152
585,3714,87.0586524,40.4676864
585,3715,98.43122808,40.79028672
585,3716,108.89364048,33.85328256
585,3717,118.04870472,32.08336992
585,3718,126.47471784,28.52269632
585,3719,134.11699872,27.05453568
585,3720,141.7862544,28.76629248
585,3721,149.60775768,27.68656896
585,3722,157.57370568,29.17009152
585,3723,165.59872392,29.22715008
585,3724,174.06384288,30.82698432
585,3725,183.54272664,36.38799936
585,3726,192.52454256,29.63314368
585,3727,200.74978392,29.57279328
585,3728,209.02671936,30.38148864
585,3729,217.587576,30.94110144
585,3730,226.16489184,30.87087552
585,3731,234.68353368,29.8405296
585,3732,242.74619472,28.79921088
585,3733,250.76755536,28.88370144
585,3734,258.67821264,27.69095808
585,3735,266.23801464,27.07209216
585,3736,273.71844672,26.99637984
585,3737,281.214576,26.88555456
585,3738,288.76499016,27.33653664
585,3739,296.35164504,27.40017888
585,3740,303.97188888,27.32007744
585,3741,311.70055008,29.11303296
585,3742,320.0175972,30.0874176
585,3743,328.37646288,30.06656928
585,3744,336.41196624,27.38481696
585,3745,343.86167448,26.73303264
585,3746,351.26197464,26.42140512
585,3747,358.55812464,26.08344288
585,3748,365.82571488,26.29521792
585,3749,372.6815508,22.4613216
585,3750,378.84027864,23.04507456
585,3751,385.407408,23.66942688
585,3752,391.21153152,17.17901568
585,3753,395.667738,15.91056
585,3754,400.08858768,15.88093344
585,3755,404.08414992,12.36195648
585,3756,407.34855792,11.70578304
585,3757,410.59879272,11.71456128
585,3758,414.01675896,13.13553888
585,3759,417.73391688,13.3648704
585,3760,421.44031536,13.44387456
585,3761,425.91423072,19.62924192
585,3762,431.67019584,20.84832
585,3763,437.45865264,20.83405536
585,3764,443.62408608,24.07761504
585,3765,450.47166192,24.50445696
585,3766,456.49450992,19.24409664
585,3767,462.0723804,20.72652192
585,3768,467.83322232,20.80552608
585,3769,473.4350196,17.99210016
585,3770,477.7589124,14.62783968
585,3771,481.82278032,14.62783968
585,3772,485.87143872,14.38204896
585,3773,489.8053704,14.0781024
585,3774,493.71635064,14.0781024
585,3775,497.61736392,13.91570496
585,3776,501.4334904,13.6775952
585,3777,504.4792044,13.716
595,3715,57.5837304,43.8253632
595,3716,63.83057592,37.58074272
595,3717,74.64539808,40.56205248
595,3718,84.1564992,32.35220352
595,3719,93.50953104,32.94144288
595,3720,102.575868,32.68138752
595,3721,111.6614988,32.67809568
595,3722,120.36881184,29.6978832
595,3723,128.39956032,28.88150688
595,3724,136.60995792,29.64631104
595,3725,144.9890928,31.05521856
595,3726,153.665682,30.9926736
595,3727,160.516867542857,25.9647798857143
596,3710,23.6643672,38.4016649142857
596,3711,32.97664728,41.85684288
596,3712,45.2195184,44.75585664
596,3713,57.65026824,44.54517888
596,3714,67.93041024,32.33793888
596,3715,78.73145544,39.72043872
596,3716,88.39907136,32.88218976
596,3717,97.5030816,32.78562912
596,3718,106.63007376,32.88109248
596,3719,115.55757432,30.09400128
596,3720,123.37148808,27.27508896
596,3721,130.8716712,27.53185248
596,3722,138.5946936,27.432
596,3723,146.20606776,27.37933056
596,3724,153.83451072,27.84457728
596,3725,161.75739048,28.90016064
596,3726,170.19370584,32.33025792
596,3727,179.3272512,32.93156736
596,3728,188.4773472,32.95461024
596,3729,197.48763144,31.79259072
596,3730,206.44981824,32.6824848
596,3731,215.33885304,32.00436576
596,3732,224.40537288,32.79550464
596,3733,233.14907904,29.49159456
596,3734,241.12734096,28.61815968
596,3735,249.09331944,28.69058016
596,3736,256.66921488,25.39435104
596,3737,263.57598288,24.86107296
596,3738,270.46543824,24.69867552
596,3739,277.29250104,24.0139728
596,3740,284.34185448,27.32556384
596,3741,291.96392712,27.432
596,3742,299.56999776,27.29922912
596,3743,307.16780832,27.3606768
596,3744,314.74772712,27.35628768
596,3745,322.59550416,30.9213504
596,3746,331.99818792,33.93118944
596,3747,340.4049072,27.40347072
596,3748,347.96839728,27.1686528
596,3749,355.49028216,27.08196768
596,3750,363.02003088,27.25862976
596,3751,370.3900644,24.41009088
596,3752,376.65397872,21.94779456
596,3753,382.59230568,20.42806176
596,3754,388.16130648,20.01877632
596,3755,393.25183224,14.64978528
596,3756,396.53129736,10.97170272
596,3757,399.47167248,10.42525728
596,3758,402.47456208,10.9728
596,3759,405.5225316,10.9728
596,3760,408.63490536,12.19955904
596,3761,412.26903576,13.70831904
596,3762,416.41541304,15.62197536
596,3763,420.74467032,15.5704032
596,3764,425.06938608,15.5704032
596,3765,429.39824712,16.03016352
596,3766,435.0520128,25.06406976
596,3767,442.2568752,26.02528704
596,3768,449.21366088,22.45693248
596,3769,454.82335248,19.5096384
596,3770,460.24321464,19.5096384
596,3771,465.66271104,19.51841664
596,3772,470.64094848,14.19221952
596,3773,473.77877304,10.52181792
596,3774,476.62130736,9.59681088
596,3775,479.0942412,8.6520528
596,3776,481.67220912,9.81297504
596,3777,484.39571904,9.80748864
596,3778,487.13050656,10.37807424
596,3779,490.50516072,13.45923648
596,3780,494.25100032,13.48447392
596,3781,497.99546832,13.47020928
596,3782,500.608473,13.386816
608,3714,20.7393032,35.3543616
608,3715,26.90033736,34.22087136
608,3716,36.33895704,36.70511328
608,3717,47.58120024,41.88098304
608,3718,59.14878696,39.55584672
608,3719,67.58662632,28.99452672
608,3720,77.699616,34.55993088
608,3721,85.76261232,27.46930752
608,3722,93.60569544,27.91260864
608,3723,101.33536248,27.93016512
608,3724,108.99032304,27.432
608,3725,116.63251248,27.63938592
608,3726,124.18981512,26.52784128
608,3727,131.63482944,27.72497376
608,3728,139.3573032,27.432
608,3729,146.96684856,27.377136
608,3730,154.63195896,28.25057088
608,3731,162.67758168,30.09400128
608,3732,171.55098024,32.91949728
608,3733,180.6982416,32.93156736
608,3734,189.84751464,32.9952096
608,3735,199.3888824,36.07088544
608,3736,209.47133112,36.76107456
608,3737,219.62001288,34.482024
608,3738,228.80796504,32.88657888
608,3739,237.94690536,32.8251312
608,3740,247.06883784,32.91510816
608,3741,256.0440396,31.13422272
608,3742,264.45539184,29.26884672
608,3743,272.1752748,27.14999904
608,3744,279.77217096,27.43309728
608,3745,287.36979864,27.37494144
608,3746,295.9845744,33.3957168
608,3747,304.41378792,28.84639392
608,3748,312.86726352,32.17554144
608,3749,322.07435712,34.35254496
608,3750,331.91909232,35.00542656
608,3751,340.99384176,29.75055264
608,3752,348.78471264,27.72607104
608,3753,356.50252296,27.56916
608,3754,363.98847192,25.39983744
608,3755,370.40624928,21.9401136
608,3756,376.48981344,21.36294432
608,3757,381.69412104,15.93470016
608,3758,385.89505752,15.02615232
608,3759,390.06648936,14.95482912
608,3760,393.90788376,11.960352
608,3761,396.9895032,10.9728
608,3762,400.0375032,10.9728
608,3763,403.0859604,10.96402176
608,3764,406.5760728,16.23096576
608,3765,411.86426136,19.805904
608,3766,417.3752892,19.83223872
608,3767,422.87458224,19.7949312
608,3768,428.37259512,19.7949312
608,3769,433.87054704,19.7949312
608,3770,439.36337832,19.74884544
608,3771,444.85364928,19.79383392
608,3772,450.428106,20.5301088
608,3773,456.19190448,20.7495648
608,3774,461.42126664,16.26388416
608,3775,465.75280992,15.58795968
608,3776,469.61157792,11.0605824
608,3777,472.28235744,9.02183616
608,3778,474.6816516,8.56097856
608,3779,477.0648828,8.57963232
608,3780,479.44716912,8.61255072
608,3781,481.9654572,9.56937888
608,3782,484.64717904,9.656064
608,3783,487.4311308,11.30417856
608,3784,490.97946,13.32207648
608,3785,494.8179588,15.82168032
608,3786,498.763050514286,14.7317677714286
613,3712,23.7260892,33.50325024
613,3713,29.279088,32.9184
614,3756,344.5384524,20.0143872
614,3757,348.4376064,19.87393536
614,3758,353.36171136,15.76132992
614,3759,357.77524584,15.94018656
614,3760,362.15656296,15.8063184
614,3761,366.593628,15.74816256
614,3762,370.56648264,12.99069792
614,3763,374.14754736,12.9369312
614,3764,377.8076772,13.39339968
614,3765,381.53282088,13.4087616
614,3766,385.2583608,13.4526528
614,3767,389.094726,15.29279136
614,3768,393.84607032,17.48405952
614,3769,399.12389568,20.88343296
614,3770,404.95112304,20.9690208
614,3771,410.77646064,20.9690208
614,3772,416.61231384,21.0238848
614,3773,422.442132,20.9690208
614,3774,428.26859736,20.88453024
614,3775,433.7499072,18.45844416
614,3776,438.8130924,18.19070784
614,3777,443.8700292,18.2367936
614,3778,448.818762,15.54406848
614,3779,451.78224096,7.60085856
614,3780,453.8824044,7.42748832
614,3781,455.82120672,6.64512768
614,3782,457.66033944,6.48602208
614,3783,459.38194128,6.0240672
614,3784,461.05325112,5.85837792
614,3785,463.13494368,10.95743808
614,3786,467.07542856,15.77230272
614,3787,471.46637736,15.76901088
614,3788,475.83632544,15.72621696
614,3789,480.20453616,15.7240224
614,3790,484.5727164,15.7240224
614,3791,489.07985496,18.6976512
614,3792,495.14549688,22.24296288
614,3793,499.2459408,20.244816
616,3717,22.9787577,33.2654148
616,3718,30.87337488,30.98828448
616,3719,40.55144544,38.67582816
616,3720,51.34755288,38.84810112
616,3721,62.0360964,35.74060416
616,3722,70.17215328,28.86285312
616,3723,79.55121504,34.19782848
616,3724,88.02270432,27.20925216
616,3725,95.1268608,24.41338272
616,3726,101.7408684,22.57543872
616,3727,107.95339344,22.62920544
616,3728,114.4693164,25.53809472
616,3729,122.00119872,27.47918304
616,3730,129.49632216,27.3003264
616,3731,137.74244232,30.38478048
616,3732,145.73481648,27.96637536
616,3733,153.8636496,31.0914288
616,3734,162.7308912,32.55958944
616,3735,171.85626792,32.91949728
616,3736,181.00331592,32.93047008
616,3737,190.16880432,33.35840928
616,3738,199.61068536,34.49409408
616,3739,208.96847208,32.6769984
616,3740,218.0238972,32.56397856
616,3741,227.05173792,32.4685152
616,3742,236.125512,32.82842304
616,3743,245.24369544,32.8690224
616,3744,254.3615436,32.57056224
616,3745,263.36813976,31.93523712
616,3746,271.56890568,27.44407008
616,3747,279.13952808,27.30800736
616,3748,286.75254816,27.432
616,3749,294.39970584,28.1123136
616,3750,302.83498488,32.5124064
616,3751,311.94935832,32.76587808
616,3752,321.13779816,34.20550944
616,3753,331.06013544,35.497008
616,3754,339.80000112,27.80178336
616,3755,347.27546496,25.88922432
616,3756,354.2015268,24.26195808
616,3757,360.5413668,21.72943584
616,3758,366.60563712,21.89731968
616,3759,372.14635248,17.33044032
616,3760,376.73917032,16.32972096
616,3761,380.96324112,13.73684832
616,3762,384.61236768,13.02251904
616,3763,388.24790016,13.09713408
616,3764,391.86849744,13.0137408
616,3765,395.46721008,12.50131104
616,3766,398.85801864,13.43509632
616,3767,403.1702376,16.46029728
616,3768,407.91255984,18.29056032
616,3769,413.2892928,20.39514336
616,3770,419.29312128,22.85305056
616,3771,425.84534592,23.7341664
616,3772,432.43893192,23.7341664
616,3773,439.02770208,23.68808064
616,3774,445.48885248,20.74188384
616,3775,450.04546008,14.17246848
616,3776,453.98371992,14.1768576
616,3777,457.92042528,13.84877088
616,3778,461.35567368,11.51705088
616,3779,464.66497872,11.9932704
616,3780,467.99973456,12.05691264
616,3781,471.29245848,10.4845104
616,3782,473.67864624,7.81702272
616,3783,475.8497976,7.8126336
616,3784,478.06368192,8.83090944
616,3785,480.91347048,10.9782864
616,3786,483.96125712,10.9728
616,3787,487.0089828,10.9728
616,3788,490.27753608,13.73465376
616,3789,494.6823228,17.25253344
616,3790,498.7403792,19.0634112
628,3723,23.2238634666667,37.6635264
628,3724,32.66529408,35.03724768
628,3725,42.75569808,35.90629344
628,3726,52.49625264,37.07270208
628,3727,63.7103628,42.56788032
628,3728,75.68827128,43.13846592
628,3729,86.762082,35.49920256
628,3730,96.21761808,33.86315808
628,3731,105.92022504,36.27497952
628,3732,116.14519824,36.88616448
628,3733,125.71357128,31.053024
628,3734,134.35968048,31.38988896
628,3735,143.09021928,32.59360512
628,3736,152.38853952,33.97288608
628,3737,161.66253672,32.83171488
628,3738,170.76855864,32.04386784
628,3739,179.14458456,29.00769408
628,3740,187.25500776,29.2809168
628,3741,195.427854,29.73299616
628,3742,203.75944008,30.29919264
628,3743,212.5525848,32.85585504
628,3744,221.2006752,29.36101824
628,3745,229.59474528,31.40634816
628,3746,238.00515264,28.16388576
628,3747,245.623842,27.4265136
628,3748,253.2500904,27.62182944
628,3749,261.08911968,28.62913248
628,3750,268.72118976,25.46018784
628,3751,275.78413728,25.50517632
628,3752,282.60047112,27.541728
628,3753,291.41129424,32.06471616
628,3754,299.6700636,27.6459696
628,3755,307.48403832,28.99342944
628,3756,315.54822336,29.12949216
628,3757,323.6500512,29.1657024
628,3758,331.7510256,29.16789696
628,3759,339.51202608,24.78316608
628,3760,345.6320748,21.2378544
628,3761,350.75826216,13.89814848
628,3762,354.0291624,11.3897664
628,3763,357.1926816,11.3897664
628,3764,360.3219108,11.14397568
628,3765,363.45080472,11.3897664
628,3766,366.61411056,11.3897664
628,3767,369.76741896,11.73321504
628,3768,373.50228576,14.75183232
628,3769,377.60321736,14.758416
628,3770,381.87809832,17.48844864
628,3771,387.24861336,19.28030688
628,3772,392.45398776,18.6208416
628,3773,397.6269924,18.6208416
628,3774,402.79835112,18.67351104
628,3775,408.53325456,23.28867072
628,3776,415.23461784,24.22574784
628,3777,421.95676848,24.17966208
628,3778,428.07562848,17.78032512
628,3779,432.2477004,14.35132512
628,3780,436.23350904,14.35022784
628,3781,440.21233776,14.29975296
628,3782,443.70232824,9.69556608
628,3783,446.0223744,8.1418176
628,3784,448.28362464,8.14291488
628,3785,450.5052204,7.69961376
628,3786,452.50062408,6.25888512
628,3787,454.49846616,9.24348672
628,3788,457.15211592,9.42673248
628,3789,460.11071808,11.85391584
628,3790,463.35153456,11.81112192
628,3791,466.63413912,12.69114048
628,3792,471.338148,19.92550752
628,3793,476.88249048,19.94964768
628,3794,482.42939328,20.491704
628,3795,488.625642,24.22135872
628,3796,495.3993648,23.92180128
628,3797,499.6714416,23.6793024
631,3727,21.01178424,31.08813696
631,3728,29.63024808,31.22639424
631,3729,39.0643872,36.9947952
631,3730,49.49988576,37.57745088
631,3731,60.21823872,41.47498944
631,3732,72.48963912,45.10588896
631,3733,84.67853016,40.55107968
631,3734,95.10738408,36.59648256
631,3735,105.29465352,37.14951168
631,3736,115.8364968,37.81007424
631,3737,126.10694616,37.02003264
631,3738,136.75022688,38.7449568
631,3739,147.16487712,36.84007872
631,3740,157.62924024,38.36529792
631,3741,168.27636144,38.36420064
631,3742,178.94561112,38.41796736
631,3743,189.62098728,38.43332928
631,3744,200.28746328,38.3554224
631,3745,210.96878304,38.70326016
631,3746,221.575884,36.01602144
631,3747,230.93924856,32.91620544
631,3748,240.07041648,32.82622848
631,3749,248.92598424,29.90526912
631,3750,256.73428968,27.68656896
631,3751,264.68213256,29.04829344
631,3752,272.46577968,27.23339232
631,3753,280.07008248,27.432
631,3754,287.67514728,27.34531488
631,3755,295.39880976,27.94333248
631,3756,303.0480096,27.432
631,3757,310.64716128,27.27947808
631,3758,318.2168388,26.91737568
631,3759,325.67840376,27.15438816
631,3760,332.919324,23.76818208
631,3761,339.1058496,21.92036256
631,3762,344.8426428,18.12926016
631,3763,349.25175768,14.84180928
631,3764,353.3596692,14.79572352
631,3765,357.17040072,11.92414176
631,3766,360.12016368,9.54304416
631,3767,362.4725796,7.6754736
631,3768,364.6479372,7.51197888
631,3769,366.3622848,5.9472576
631,3770,368.71841928,10.77967872
631,3771,371.76733368,10.97060544
631,3772,375.2465952,15.08979456
631,3773,379.76894328,16.45810272
631,3774,384.48718632,19.00050048
631,3775,390.54170304,23.05824192
631,3776,396.93271896,23.00776704
631,3777,403.32321672,23.00666976
631,3778,409.71371448,23.00557248
631,3779,416.11292952,23.05824192
631,3780,422.48989416,22.15627776
631,3781,427.9344756,17.69802912
631,3782,432.83050848,17.16365376
631,3783,436.715916,10.86636384
631,3784,439.61660616,10.38794976
631,3785,442.23678888,8.10012096
631,3786,444.3650244,7.61841504
631,3787,446.49292464,7.8400656
631,3788,448.7945304,8.8715088
631,3789,451.59917808,10.96292448
631,3790,454.76873232,11.85830496
631,3791,457.87747896,11.01559392
631,3792,461.3225724,13.36048128
631,3793,465.25939968,15.08321088
631,3794,469.81436136,17.88346944
631,3795,474.84048288,18.0612288
631,3796,479.83268016,17.4577248
631,3797,484.59280272,18.56268576
631,3798,490.4221332,22.39987392
631,3799,496.8406116,23.6408976
637,3729,22.9540138666667,30.955488
637,3730,32.75453952,44.57919456
637,3731,45.70363224,46.89555264
637,3732,58.77513264,47.73826368
637,3733,71.40537408,40.99767264
637,3734,82.1026044,36.6162336
637,3735,91.68466296,34.51933152
637,3736,101.68274304,36.70840512
637,3737,112.2270552,39.13229664
637,3738,122.64188832,35.42349024
637,3739,132.43989768,35.3269296
637,3740,142.14524784,35.08333344
637,3741,152.0894088,36.11806848
637,3742,162.13814664,36.12465216
637,3743,172.17929496,36.16305696
637,3744,182.45443824,38.13267456
637,3745,193.12795512,38.41906464
637,3746,203.6979924,37.37994048
637,3747,214.235538,38.40260544
637,3748,224.22630288,33.46813728
637,3749,233.226102,30.45281184
637,3750,241.06199184,27.33214752
637,3751,248.6713848,27.432
637,3752,256.27029264,27.29045088
637,3753,263.84070168,26.85153888
637,3754,271.27117704,27.1137888
637,3755,278.86170288,27.432
637,3756,286.5849996,28.831032
637,3757,294.52522248,27.54940896
637,3758,302.1433632,27.432
637,3759,309.65506776,25.36691904
637,3760,316.04593128,21.93791904
637,3761,322.15503768,22.15847232
637,3762,328.3666788,22.36585824
637,3763,333.99127512,17.41712544
637,3764,338.58790296,16.46139456
637,3765,342.8625096,13.16516544
637,3766,345.6742896,7.88176224
637,3767,348.02633976,9.8535744
637,3768,350.89904928,10.3802688
637,3769,353.78245728,10.3802688
637,3770,356.66574336,10.3802688
637,3771,359.5365936,10.16191008
637,3772,362.36800272,10.36819872
637,3773,365.2518984,10.3802688
637,3774,368.30895096,13.1563872
637,3775,372.90109824,19.43612064
637,3776,378.82747704,22.98911328
637,3777,386.05757688,28.46563776
637,3778,394.0053588,28.29555936
637,3779,401.10116376,22.52825568
637,3780,407.20551528,21.94669728
637,3781,413.1672204,20.68482528
637,3782,418.37619144,15.86227968
637,3783,422.13388776,12.44754432
637,3784,425.59489176,12.38609664
637,3785,428.528226,8.20875168
637,3786,430.62835896,7.42748832
637,3787,432.44478408,5.59832256
637,3788,434.12977944,7.81702272
637,3789,436.73079024,9.69885792
637,3790,439.627518,11.36452896
637,3791,442.83084408,11.5543584
637,3792,446.03935176,11.55326112
637,3793,449.32186488,13.40985888
637,3794,453.91721256,16.73352
637,3795,457.8807708,15.56052768
637,3796,462.9799224,19.00818144
637,3797,468.26737944,19.09706112
637,3798,473.66355864,20.903184
637,3799,480.04664976,23.86803456
637,3800,486.64191216,23.31061632
637,3801,492.9775764,22.65773472
637,3802,499.70615832,26.33033088
637,3803,506.075812114286,27.0698976
645,3731,20.823174,33.412176
645,3732,26.11505064,33.21686016
645,3733,35.27547936,32.88218976
645,3734,44.88899328,38.78445888
645,3735,56.66518512,43.54775136
645,3736,68.76263616,43.54994592
645,3737,80.60429904,40.4183088
645,3738,91.40452128,38.78665344
645,3739,102.21995304,39.62716992
645,3740,113.66318136,42.32428416
645,3741,125.01862728,38.6626608
645,3742,135.84503184,39.63594816
645,3743,146.80155552,39.44502144
645,3744,157.63116048,38.40150816
645,3745,168.27523368,38.36200608
645,3746,178.93122456,37.96698528
645,3747,189.34377168,37.79142048
645,3748,199.9824804,38.35761696
645,3749,210.52770696,37.31739552
645,3750,220.53630264,33.68430144
645,3751,229.02059352,28.145232
645,3752,236.65824144,27.3826224
645,3753,244.2525468,27.3826224
645,3754,251.87221152,27.38591424
645,3755,259.4067456,26.965656
645,3756,266.91360384,27.04136832
645,3757,274.4336904,27.15987456
645,3758,282.02607552,27.43529184
645,3759,289.6465632,27.432
645,3760,297.26659368,27.432
645,3761,304.8551688,26.48065824
645,3762,311.49170112,21.92255712
645,3763,317.56983984,21.94669728
645,3764,323.5935108,21.14129376
645,3765,329.36553888,20.3655168
645,3766,334.47322488,16.60513824
645,3767,338.72046048,12.88535904
645,3768,341.85310344,10.64032416
645,3769,344.1821412,5.95493856
645,3770,345.711018,5.4864
645,3771,347.23504848,5.4864
645,3772,348.75435456,5.83533504
645,3773,351.02511456,10.2485952
645,3774,354.27135648,14.54883552
645,3775,358.86319896,16.84763712
645,3776,363.5506572,17.05282848
645,3777,368.29200408,17.06599584
645,3778,373.07739456,18.5166
645,3779,379.36743024,25.78278816
645,3780,386.57588928,25.93750464
645,3781,393.49408728,23.66613504
645,3782,399.95036088,22.25064384
645,3783,405.60446184,19.28030688
645,3784,410.96098656,19.28250144
645,3785,416.32613712,18.97965216
645,3786,420.63655776,11.137392
645,3787,423.1227504,7.45382304
645,3788,425.13421704,7.63377696
645,3789,427.25592984,7.69083552
645,3790,429.27334008,6.93919872
645,3791,431.12493912,6.25339872
645,3792,433.39231584,10.32650208
645,3793,436.3352208,10.59314112
645,3794,439.2867516,11.21200704
645,3795,442.9691928,14.78365344
645,3796,447.09737352,15.40361664
645,3797,451.88148384,18.5659776
645,3798,457.15089672,20.65410144
645,3799,463.60814568,24.51542976
645,3800,470.29865808,23.26562784
645,3801,476.79156864,23.87461824
645,3802,483.4541004,24.55273728
645,3803,490.51576776,25.83326304
645,3804,497.69091216,25.81241472
645,3805,501.6285624,25.7751072
651,3734,23.3735499,32.9266296
651,3735,31.36126824,30.9103776
651,3736,39.6517368,29.54865312
651,3737,47.5974156,26.66170944
651,3738,55.14161184,29.79005472
651,3739,64.49077272,36.374832
651,3740,74.66673408,36.75668544
651,3741,84.87402888,37.01015712
651,3742,95.73819816,41.07338496
651,3743,107.19300888,40.34918016
651,3744,117.37122576,34.32621024
651,3745,127.2518664,36.6710976
651,3746,137.8448856,38.74715136
651,3747,148.55065032,38.9095488
651,3748,159.40829688,39.83894496
651,3749,170.8493916,42.32867328
651,3750,182.286402,38.88101952
651,3751,192.6680424,36.05442624
651,3752,202.03399776,30.44293632
651,3753,209.88342072,27.45175104
651,3754,218.57579856,39.4636752
651,3755,228.9176016,30.04572096
651,3756,237.02866488,28.21984704
651,3757,244.49352168,26.30619072
651,3758,251.94944784,29.14814592
651,3759,261.21082632,35.43446304
651,3760,270.0502092,27.87420384
651,3761,277.64454504,27.40566528
651,3762,285.23193144,27.3277584
651,3763,292.8498588,27.3935952
651,3764,300.11626032,23.90534208
651,3765,306.33774648,21.90061152
651,3766,311.94256128,17.72216928
651,3767,316.58052,16.4592
651,3768,321.09625392,15.35533632
651,3769,324.93118656,12.93473664
651,3770,328.51462872,12.53752128
651,3771,331.41339864,8.53244928
651,3772,333.7404552,8.3832192
651,3773,336.06906624,8.3832192
651,3774,338.46954912,9.546336
651,3775,341.55738648,13.30671456
651,3776,345.88191936,16.92773856
651,3777,350.8356204,18.37175904
651,3778,355.93653984,18.4781952
651,3779,361.44259944,21.42000288
651,3780,367.51741584,21.9456
651,3781,373.6134768,21.9456
651,3782,379.80847584,23.62224384
651,3783,386.90784696,26.55198144
651,3784,394.2475224,25.456896
651,3785,400.34056584,18.12487104
651,3786,404.60136504,12.9259584
651,3787,407.7251688,9.05365728
651,3788,409.72910688,7.7577696
651,3789,412.31551776,9.72519264
651,3790,414.92609928,8.31079872
651,3791,416.85459936,6.6220848
651,3792,418.8259848,7.54050816
651,3793,421.15407768,9.14912064
651,3794,423.85036896,10.05876576
651,3795,426.73072896,10.73249568
651,3796,429.90549528,12.68565408
651,3797,433.61658768,13.4581392
651,3798,437.63101704,15.77230272
651,3799,442.11877032,16.2068256
651,3800,446.704974,17.49393504
651,3801,451.93954824,20.7989424
651,3802,458.40923304,23.9810544
651,3803,464.92296144,23.27660064
651,3804,470.30551608,18.86334048
651,3805,477.71432016,31.22968608
651,3806,486.19922064,28.63132704
651,3807,493.50984864,24.28719552
651,3808,498.59781408,26.64415296
659,3739,52.5310608,37.7610624
659,3740,59.8494612,41.0602176
659,3741,71.24605512,39.84991776
659,3742,81.56289504,35.82180288
659,3743,91.60699992,36.22011552
659,3744,101.92112712,38.01746016
659,3745,112.51030584,38.30823936
659,3746,123.190254,38.07671328
659,3747,133.75617648,37.68169248
659,3748,143.40105432,32.60348064
659,3749,152.91608736,37.40737248
659,3750,163.9190016,40.15166976
659,3751,175.08419136,40.25261952
659,3752,186.04678056,38.240208
659,3753,196.53936816,36.48346272
659,3754,205.99947624,33.11481312
659,3755,215.41316328,34.23842784
659,3756,224.31353664,29.28750048
659,3757,232.08837504,27.43090272
659,3758,239.69734128,27.33763392
659,3759,247.3016136,27.432
659,3760,254.99028504,28.60499232
659,3761,263.27017704,29.86028064
659,3762,271.12100208,27.1631664
659,3763,278.3720112,24.32230848
659,3764,284.91051984,23.4379008
659,3765,291.42184032,23.4379008
659,3766,297.93313032,23.43899808
659,3767,304.09280304,18.59779872
659,3768,308.23854024,13.551408
659,3769,311.97112104,13.41534528
659,3770,315.73174344,13.52726784
659,3771,319.02480264,9.60010272
659,3772,321.50179032,8.86163328
659,3773,323.9210184,8.68606848
659,3774,326.7193872,11.34916704
659,3775,329.8772676,11.37220992
659,3776,333.08083752,12.5528832
659,3777,336.95438832,14.46873408
659,3778,340.96951872,14.36010336
659,3779,345.07191336,16.90689024
659,3780,350.72260056,22.12774848
659,3781,356.86858776,22.06410624
659,3782,362.98049832,22.81464576
659,3783,369.84038808,25.99346592
659,3784,377.19902208,26.46200448
659,3785,383.64365232,20.25139968
659,3786,389.3295744,20.62228032
659,3787,395.04103872,20.5520544
659,3788,400.5942204,17.02100736
659,3789,403.61076504,7.32653856
659,3790,405.6078756,6.6604896
659,3791,407.26799928,5.48530272
659,3792,408.80833656,5.48749728
659,3793,410.38064736,6.56612352
659,3794,412.42558104,7.516368
659,3795,414.51035208,7.8510384
659,3796,417.213288,11.31405408
659,3797,420.37394208,11.55655296
659,3798,423.52795152,10.9728
659,3799,426.58872264,11.42049024
659,3800,430.08325464,14.04628128
659,3801,434.75004744,20.12740704
659,3802,440.75604,21.9017088
659,3803,446.89580928,22.93644384
659,3804,453.61603968,24.79194432
659,3805,460.52649576,25.26048288
659,3806,467.56374864,26.45103168
659,3807,475.52155848,29.50805376
659,3808,483.71906304,29.3028624
659,3809,491.88605712,29.16679968
659,3810,498.1771088,27.587448
665,3738,25.4725932,32.8799952
665,3739,34.371534,31.5632592
665,3740,43.49883096,32.51899008
665,3741,52.67038488,40.04084448
665,3742,64.02747672,24.73378848
665,3743,69.23419224,28.98684576
665,3744,79.6219896,41.28406272
665,3745,90.8436588,36.94322304
665,3746,99.87948528,30.85112448
665,3747,108.57619128,32.2271136
665,3748,117.59851512,31.3328304
665,3749,126.12361872,30.47585472
665,3750,134.96717736,32.73954336
665,3751,143.86221672,32.41145664
665,3752,152.982168,32.9184
665,3753,162.17664288,33.43082976
665,3754,171.52281672,33.41985696
665,3755,180.69857688,32.93156736
665,3756,189.84937392,32.94802656
665,3757,198.99328248,32.87231424
665,3758,208.08628944,31.76954784
665,3759,216.3093972,28.29226752
665,3760,224.33331816,29.6649648
665,3761,232.7565576,30.31236
665,3762,241.10524296,30.5757072
665,3763,249.75839304,32.39060832
665,3764,260.19416592,39.47684256
665,3765,269.21789184,27.77654592
665,3766,276.88135632,27.74033568
665,3767,284.974284,27.81933984
665,3768,291.50169792,20.56961088
665,3769,296.43098448,15.05907072
665,3770,300.2078832,13.01044896
665,3771,303.82369512,13.0137408
665,3772,307.4392632,13.0137408
665,3773,311.0320932,12.86231616
665,3774,314.61751656,12.5144784
665,3775,317.66548608,9.82943424
665,3776,320.39079432,9.8041968
665,3777,323.43446616,13.94533152
665,3778,328.01042856,17.17352928
665,3779,332.7817068,17.1834048
665,3780,337.54347528,17.24046336
665,3781,342.62891088,19.29347424
665,3782,348.01923792,19.4657472
665,3783,353.42837112,19.75981824
665,3784,359.36419872,22.72796064
665,3785,365.73098304,22.9989888
665,3786,371.99248944,22.22650368
665,3787,378.1895916,22.329648
665,3788,384.39282024,22.37573376
665,3789,390.10858224,16.0367472
665,3790,393.39411288,10.02804192
665,3791,395.85390984,7.8674976
665,3792,398.1578016,8.85175776
665,3793,400.62082944,8.8660224
665,3794,403.08251616,8.86382784
665,3795,405.54834816,8.97904224
665,3796,408.06675816,8.29433952
665,3797,410.07282984,8.20655712
665,3798,412.83913368,10.42306272
665,3799,415.83693312,11.52144
665,3800,419.15715,12.0261888
665,3801,422.49739224,11.9109744
665,3802,425.71123392,12.3444
665,3803,429.92442336,17.68595904
665,3804,435.30984312,20.92293504
665,3805,441.72734616,25.67744928
665,3806,449.15574888,26.89872192
665,3807,456.8872752,29.09657376
665,3808,465.07578816,29.54865312
665,3809,473.29532976,29.5552368
665,3810,481.5053616,29.60790624
665,3811,489.7372476,29.57389056
665,3812,497.218986933333,26.8443456
672,3739,22.4380697142857,27.3818386285714
672,3740,28.09378176,18.60547968
672,3741,34.46391888,30.91805856
672,3742,43.41894288,32.2984368
672,3743,52.24735296,31.30649568
672,3744,60.91101864,30.37380768
672,3745,69.06115728,29.68361856
672,3746,77.52286248,30.63496032
672,3747,86.01382848,30.4659792
672,3748,94.44462696,30.26627424
672,3749,102.96512808,31.10898528
672,3750,111.66192552,31.50620064
672,3751,120.45272328,31.61922048
672,3752,128.84054496,28.1891232
672,3753,136.0404696,25.24731552
672,3754,143.74483824,29.30176512
672,3755,152.0398788,32.2271136
672,3756,161.97398136,37.49844672
672,3757,172.27683096,35.49591072
672,3758,181.47584736,31.27357728
672,3759,189.75043584,28.29226752
672,3760,197.40945024,28.05635232
672,3761,205.87085064,33.39681408
672,3762,215.70510072,35.85033216
672,3763,225.16173408,32.54971392
672,3764,234.09975024,31.99997664
672,3765,242.96717472,31.90999968
672,3766,251.70707088,30.04791552
672,3767,260.0148216,30.85331904
672,3768,268.24643328,27.70302816
672,3769,275.93672016,27.93016512
672,3770,282.90551496,20.15922816
672,3771,287.6650584,16.46249184
672,3772,292.2373632,16.4592
672,3773,296.80948512,16.45590816
672,3774,301.52986176,17.254728
672,3775,305.63503008,12.38061024
672,3776,309.02327832,12.16115424
672,3777,312.37958352,12.13701408
672,3778,315.78746088,12.8985264
672,3779,319.94984016,16.53710688
672,3780,324.55296024,16.568928
672,3781,329.19311352,17.37872064
672,3782,334.30896816,18.92039904
672,3783,339.55097952,19.26055584
672,3784,345.27579408,21.57471936
672,3785,351.28623672,21.6383616
672,3786,357.2960088,21.51656352
672,3787,363.2891388,21.96315648
672,3788,369.4584432,22.21882272
672,3789,375.54700608,21.18957408
672,3790,380.66907864,14.78804256
672,3791,384.1848552,11.878056
672,3792,387.50159736,11.9768112
672,3793,390.81306648,11.8835424
672,3794,394.02142176,10.4131872
672,3795,396.55930848,8.6630256
672,3796,398.82961128,7.41980736
672,3797,400.8118476,7.1103744
672,3798,402.77503392,6.885432
672,3799,404.67680304,6.96443616
672,3800,406.61700744,7.04234304
672,3801,408.93955296,10.85868288
672,3802,412.4113164,12.8875536
672,3803,416.22722952,15.44750784
672,3804,420.81498768,16.6292784
672,3805,425.6274444,18.7689744
672,3806,431.04233832,19.68191136
672,3807,437.3287164,26.224992
672,3808,444.85435032,27.26082432
672,3809,452.8104228,30.26737152
672,3810,461.3076372,30.6031392
672,3811,469.82240808,30.66019776
672,3812,478.21068696,29.70666144
672,3813,486.44107944,29.57059872
672,3814,494.28565608,26.3786112
672,3815,499.3037766,25.8628896
688,3741,21.9569646857143,32.2584644571429
688,3742,28.8743136,26.25461856
688,3743,35.12771232,22.4448624
688,3744,42.4048428,28.55232288
688,3745,50.3342148,28.53037728
688,3746,58.3161648,30.25969056
688,3747,68.07131928,38.82944736
688,3748,78.84112248,36.76875552
688,3749,87.36256848,25.86398688
688,3750,94.58434728,26.82081504
688,3751,102.13662072,27.10720512
688,3752,109.60473888,27.15658272
688,3753,117.13945584,27.18620928
688,3754,124.82998656,27.43529184
688,3755,132.51277536,28.4689296
688,3756,140.41715376,28.79701632
688,3757,148.6971372,30.32113824
688,3758,157.1286672,30.35734848
688,3759,165.34144224,27.20047392
688,3760,173.1171036,31.491936
688,3761,182.1725592,31.56106464
688,3762,190.22958144,27.61963488
688,3763,198.49173408,32.12726112
688,3764,207.5427396,32.64078816
688,3765,216.6024624,32.55739488
688,3766,225.22126152,29.04609888
688,3767,233.15118216,28.54244736
688,3768,241.2808992,30.28602528
688,3769,249.79938864,30.65361408
688,3770,257.65667544,25.2429264
688,3771,264.4321356,24.3651024
688,3772,271.1724828,24.16100832
688,3773,277.8287052,22.81025664
688,3774,283.77068976,19.65886848
688,3775,288.57637992,15.66476928
688,3776,292.52482008,13.2880608
688,3777,296.22515304,13.3209792
688,3778,299.92606512,13.3209792
688,3779,303.7275612,14.65197984
688,3780,308.0320992,15.718536
688,3781,312.36571512,15.59015424
688,3782,316.7289576,15.73170336
688,3783,321.4617396,19.20678912
688,3784,327.07655184,20.354544
688,3785,332.72156976,20.06595936
688,3786,338.23811448,19.94964768
688,3787,343.77410544,19.9595232
688,3788,349.40903448,20.45439648
688,3789,355.08782424,20.656296
688,3790,360.9895752,21.69542016
688,3791,366.87940848,18.94563648
688,3792,370.86972816,11.23175808
688,3793,373.91745384,10.97060544
688,3794,376.9649052,10.97170272
688,3795,380.01302712,10.94865984
688,3796,382.96221096,10.25517888
688,3797,385.7940468,10.2376224
688,3798,388.64877312,10.2376224
688,3799,391.41306528,9.1787472
688,3800,393.963906,9.74823552
688,3801,396.66769536,9.6780096
688,3802,399.35712864,9.6780096
688,3803,402.04662288,9.68130144
688,3804,404.7358428,9.68020416
688,3805,407.573988,11.960352
688,3806,411.48185928,14.96580192
688,3807,415.70644824,16.62598656
688,3808,421.148256,21.39257088
688,3809,427.09971984,21.9510864
688,3810,434.18162592,29.55633408
688,3811,442.62681096,30.9762144
688,3812,451.92671616,35.32473504
688,3813,461.77958952,35.53102368
688,3814,471.66739296,35.5847904
688,3815,481.38904992,34.3887552
688,3816,490.91313552,33.9937344
688,3817,498.227037942857,25.8754299428571
694,3744,24.0844832,36.4979712
694,3745,34.1473536,39.44282688
694,3746,45.11366136,39.49769088
694,3747,56.08313904,39.48123168
694,3748,64.69986552,16.88604192
694,3749,71.01949728,35.11515456
694,3750,80.99230944,34.4436192
694,3751,89.52835536,28.40419008
694,3752,97.42502232,28.49745888
694,3753,105.242868,27.97295904
694,3754,113.07741672,28.03221216
694,3755,120.77858496,27.53294976
694,3756,128.39706096,27.60427296
694,3757,136.15254456,27.75130848
694,3758,143.77291032,27.37933056
694,3759,151.27473936,26.88226272
694,3760,158.84968992,27.41334624
694,3761,166.44887208,27.36945504
694,3762,174.06667752,27.43529184
694,3763,181.69012176,27.43968096
694,3764,189.55127952,30.54937248
694,3765,198.58271688,33.07531104
694,3766,207.76804776,33.0994512
694,3767,216.95856024,32.98862592
694,3768,226.07345184,32.78892096
694,3769,235.19757888,32.4465696
694,3770,243.62609136,28.08049248
694,3771,251.26188,27.42212448
694,3772,258.8462184,27.31459104
694,3773,266.29787736,24.8040144
694,3774,272.54216256,21.73382496
694,3775,278.39926032,18.92588544
694,3776,283.12411752,16.36373664
694,3777,287.61327288,15.05577888
694,3778,291.09311352,10.97060544
694,3779,294.1405344,10.9728
694,3780,297.208956,11.84623488
694,3781,301.22557992,16.40872512
694,3782,305.79940872,16.46139456
694,3783,310.35510192,16.31216448
694,3784,314.99726688,18.37175904
694,3785,320.77953624,22.23967104
694,3786,327.10727568,23.11200864
694,3787,333.4586676,22.3515936
694,3788,339.57316896,21.87208224
694,3789,345.54164064,20.03852736
694,3790,350.89121592,20.33369568
694,3791,357.07865592,21.6548208
694,3792,361.9931292,15.71743872
694,3793,366.31729632,14.13077184
694,3794,369.56414784,9.72519264
694,3795,372.00614448,8.23618368
694,3796,374.42162352,9.32688
694,3797,376.71688944,7.23436704
694,3798,378.81836352,8.86711968
694,3799,381.598932,10.09936512
694,3800,383.34205272,2.6938224
694,3801,385.2537888,11.0496096
694,3802,388.38207312,11.26796832
694,3803,391.49322768,11.1812832
694,3804,394.59944448,11.1812832
694,3805,397.7056308,11.1812832
694,3806,400.81434696,11.45670048
694,3807,404.12404824,12.24783936
694,3808,407.75317992,14.98226112
694,3809,412.39552776,17.22949056
694,3810,417.19128144,17.25143616
694,3811,422.37108312,21.54399552
694,3812,428.88121488,23.8603536
694,3813,435.71824464,26.16683616
694,3814,443.26049016,27.61963488
694,3815,451.2407028,30.32991648
694,3816,460.46550528,35.32034592
694,3817,469.92774696,34.43374368
694,3818,480.3074976,36.63159552
694,3819,489.22969464,29.89319904
694,3820,496.970304,32.6399652
702,3746,24.64518312,34.52262336
702,3747,33.71566536,32.79331008
702,3748,43.77309,38.19741408
702,3749,54.38003856,38.1743712
702,3750,63.98465232,24.04908576
702,3751,70.84442016,34.372296
702,3752,80.95692216,34.58187648
702,3753,89.41801776,27.678888
702,3754,96.86614104,26.97443424
702,3755,104.46590232,27.3881088
702,3756,112.34098944,29.58047424
702,3757,120.89181816,30.83137344
702,3758,129.191766,30.18397824
702,3759,137.3753412,27.78093504
702,3760,144.99028152,27.37823328
702,3761,152.464008,26.32703904
702,3762,159.91146072,27.12366432
702,3763,167.36138232,26.8394688
702,3764,174.78777336,26.61562368
702,3765,182.29908168,27.43968096
702,3766,189.92639688,27.459432
702,3767,197.54813424,27.41992992
702,3768,205.15521072,27.42431904
702,3769,212.89417416,28.30543488
702,3770,220.68379536,27.48357216
702,3771,228.27761304,27.42431904
702,3772,235.8979788,27.40895712
702,3773,243.4929852,27.35628768
702,3774,251.11152216,27.3551904
702,3775,258.42068712,25.29120672
702,3776,265.32974112,23.6793024
702,3777,271.34051904,19.1969136
702,3778,276.1140528,16.33520736
702,3779,280.65593856,16.45151904
702,3780,285.22867008,16.4592
702,3781,289.80073104,16.4592
702,3782,294.37282248,16.46249184
702,3783,298.94497488,16.4592
702,3784,303.51700536,16.4592
702,3785,308.08931016,16.41750336
702,3786,312.94770024,19.915632
702,3787,318.9433296,21.98181024
702,3788,325.18566408,23.0209344
702,3789,331.53815328,21.75796512
702,3790,337.05097944,18.85456224
702,3791,342.38964288,19.52719488
702,3792,347.83239552,19.63253376
702,3793,353.17285728,18.7799472
702,3794,358.0357584,14.53676544
702,3795,361.28129928,10.7423712
702,3796,364.30134912,10.30565376
702,3797,366.67031568,7.31007936
702,3798,368.70135048,7.31776032
702,3799,370.73339112,7.31666304
702,3800,372.76549272,7.3188576
702,3801,374.7976248,7.31776032
702,3802,376.82936064,7.31227392
702,3803,379.11987168,9.80858592
702,3804,382.04357424,10.6655616
702,3805,385.4621196,14.56968384
702,3806,389.69844336,15.24999744
702,3807,393.92815296,15.2302464
702,3808,398.03956968,13.30890912
702,3809,401.40535416,12.89633184
702,3810,405.61269144,16.92883584
702,3811,411.0173136,21.75796512
702,3812,417.04973232,21.30808032
702,3813,423.0419784,22.08385728
702,3814,429.42869664,24.95982816
702,3815,437.09408136,30.41330976
702,3816,446.03368248,32.89206528
702,3817,455.35781928,33.97398336
702,3818,464.79461016,34.01348544
702,3819,474.25426104,34.01897184
702,3820,483.69202728,33.9717888
702,3821,493.1289096,33.9717888
702,3822,500.2024032,33.91473024
705,3813,448.6622472,32.1722496
705,3814,453.8062044,34.58516832
705,3815,463.64496552,34.3284048
705,3816,472.68542496,34.28890272
705,3817,483.06480984,38.05696224
705,3818,493.4279184,35.46628416
705,3819,499.5125392,32.040576
709,3748,20.4345032,32.1393312
709,3749,26.05985136,31.45682304
709,3750,34.54408128,32.81745024
709,3751,45.0413628,40.13740512
709,3752,56.1859176,40.11326496
709,3753,66.06360168,29.4455088
709,3754,75.65520048,38.55732192
709,3755,85.16867904,32.34013344
709,3756,94.16259552,32.71650048
709,3757,103.27837104,32.59909152
709,3758,112.18167048,32.1887088
709,3759,121.31353944,32.98643136
709,3760,130.21753992,31.22200512
709,3761,138.64209,29.61997632
709,3762,146.65445904,27.41334624
709,3763,154.142694,27.7447248
709,3764,162.10720944,27.816048
709,3765,169.5233592,26.92505664
709,3766,177.10087008,27.03368736
709,3767,184.586118,27.322272
709,3768,192.13351464,26.61233184
709,3769,199.53110208,27.1192752
709,3770,207.05987544,27.33763392
709,3771,214.98982656,29.10315744
709,3772,222.81404256,27.3387312
709,3773,230.410512,27.432
709,3774,238.02523896,27.3387312
709,3775,245.54648376,25.83984672
709,3776,252.17021448,22.87060704
709,3777,258.48667632,22.71698784
709,3778,264.70764432,20.52571968
709,3779,269.61849048,16.17829632
709,3780,274.12739688,16.32533184
709,3781,278.67358032,16.46358912
709,3782,283.24594608,16.46358912
709,3783,287.818068,16.4592
709,3784,292.39012896,16.45700544
709,3785,297.10279416,18.2367936
709,3786,302.3818692,19.02793248
709,3787,307.34764032,17.3699424
709,3788,312.85366944,21.75796512
709,3789,318.9424152,22.0224096
709,3790,325.35641304,24.27293088
709,3791,332.09669928,23.5531152
709,3792,338.35759608,21.97632384
709,3793,344.41964136,21.41561376
709,3794,349.77381912,17.2657008
709,3795,354.3866928,14.46983136
709,3796,357.52546224,9.81187776
709,3797,359.8517568,6.09868224
709,3798,361.344972,5.36131008
709,3799,362.91033336,6.50467584
709,3800,364.87263576,7.13232
709,3801,366.85325664,7.13232
709,3802,368.83378608,7.13232
709,3803,370.81455936,7.13232
709,3804,372.79594224,7.11695808
709,3805,374.6461392,6.55295616
709,3806,376.88431608,9.83601792
709,3807,379.87763496,12.20394816
709,3808,384.08171088,16.9749216
709,3809,388.81449288,17.04734208
709,3810,393.53173008,16.9639488
709,3811,398.2445172,16.9639488
709,3812,402.95547552,16.97931072
709,3813,408.0651732,20.51803872
709,3814,414.06918456,21.99607488
709,3815,420.3272772,23.05165824
709,3816,426.82847832,24.73598304
709,3817,434.3185116,28.70155296
709,3818,442.46416968,30.41001792
709,3819,451.35981864,32.45973696
709,3820,460.47029064,33.84121248
709,3821,470.41219608,38.37956256
709,3822,481.29562872,37.54233792
709,3823,491.16404688,35.39935008
709,3824,498.235224,37.2746016
713,3750,17.78718312,32.19200064
713,3751,26.72047488,32.11299648
713,3752,35.68595352,32.48607168
713,3753,44.7287904,32.57056224
713,3754,53.77193208,32.67480384
713,3755,63.30080304,36.10709568
713,3756,73.41617016,36.49882464
713,3757,83.5760076,36.42750144
713,3758,93.38940936,34.20880128
713,3759,102.85924056,34.1473536
713,3760,112.35059064,33.89607648
713,3761,120.93314904,27.81275616
713,3762,128.4283944,26.64854208
713,3763,135.75904776,26.29302336
713,3764,144.04366416,34.42935456
713,3765,152.82882312,27.18072288
713,3766,160.3715868,27.3716496
713,3767,167.97067752,27.41224896
713,3768,175.53194256,26.84166336
713,3769,182.83217688,26.39177856
713,3770,190.22863656,25.57869408
713,3771,197.398386,27.10720512
713,3772,205.0124424,27.86103648
713,3773,213.16184952,30.37161312
713,3774,221.2905912,27.72497376
713,3775,228.88721304,27.42431904
713,3776,236.50663392,27.3826224
713,3777,244.0775916,26.65951488
713,3778,250.87362576,22.35269088
713,3779,256.86971232,21.2707728
713,3780,262.79816376,20.94378336
713,3781,267.96863856,16.46029728
713,3782,272.44359024,16.18817184
713,3783,276.99922248,16.46029728
713,3784,281.57131392,16.4592
713,3785,286.14331392,16.4592
713,3786,290.71369848,16.5085776
713,3787,295.797732,20.3325984
713,3788,301.16477232,17.65194336
713,3789,306.3845028,20.93939424
713,3790,312.39890784,21.80514816
713,3791,318.4858248,21.96315648
713,3792,324.87150672,24.37936704
713,3793,331.73520648,24.112728
713,3794,338.0562708,21.93023808
713,3795,344.02443768,19.66106304
713,3796,348.10162536,10.57887648
713,3797,350.8927704,10.01926368
713,3798,353.39176464,7.33312224
713,3799,355.2587256,7.10269344
713,3800,357.23486592,6.70547808
713,3801,359.08073472,6.63634944
713,3802,360.873294,6.419088
713,3803,362.70587352,6.64073856
713,3804,364.5500964,6.54308064
713,3805,366.47774304,7.62499872
713,3806,368.55370536,6.68133792
713,3807,370.23169032,6.85470816
713,3808,372.84852024,10.97499456
713,3809,375.8971908,10.9728
713,3810,378.97670712,11.92414176
713,3811,383.06401416,17.57403648
713,3812,388.2502776,18.93246912
713,3813,393.50682792,19.1585088
713,3814,398.93979648,19.75213728
713,3815,404.53647312,21.93133536
713,3816,411.38709696,26.01760608
713,3817,418.62216504,25.92214272
713,3818,426.1847712,29.78237376
713,3819,434.81826168,31.2779664
713,3820,443.34129264,30.78199584
713,3821,452.47721544,35.18099136
713,3822,463.06127352,38.8272528
713,3823,472.2810468,33.61407552
713,3824,483.5464548,41.53095072
713,3825,493.66980768,32.07788352
713,3826,499.364508,31.4699904
723,3751,10.6423968,29.3302944
723,3752,15.51651456,29.73299616
723,3753,24.20499096,32.33245248
723,3754,33.06473448,30.96085248
723,3755,41.54100912,30.8390544
723,3756,50.1546876,30.99816
723,3757,59.04512448,33.6974688
723,3758,68.62315968,34.58736288
723,3759,78.25493112,34.76621952
723,3760,87.55178832,31.35587328
723,3761,95.96274432,30.12362784
723,3762,104.33968464,29.93489568
723,3763,112.59025488,29.67813216
723,3764,120.89931624,30.16642176
723,3765,129.21273624,30.22348032
723,3766,137.7313476,29.99195424
723,3767,145.85630976,29.01976416
723,3768,153.89010624,28.501848
723,3769,161.65772088,27.70851456
723,3770,169.36208952,27.7941024
723,3771,176.89397184,25.76742624
723,3772,183.91763064,26.0933184
723,3773,191.31911952,26.45432352
723,3774,198.63520344,26.30619072
723,3775,205.90983456,26.08563744
723,3776,213.14880408,26.01321696
723,3777,220.32297312,25.07943168
723,3778,227.26022112,25.40532384
723,3779,234.22398672,25.03554048
723,3780,241.51699728,27.29264544
723,3781,249.99001056,36.79509024
723,3782,256.87468056,9.4256352
723,3783,260.80212,18.4836816
723,3784,265.94031648,18.58572864
723,3785,271.01206656,17.46979488
723,3786,275.66112,16.4592
723,3787,280.2120888,16.32862368
723,3788,284.76906216,16.45810272
723,3789,289.62815328,19.20349728
723,3790,295.25979048,20.71335456
723,3791,301.152306,21.80953728
723,3792,307.249068,21.91048704
723,3793,313.30669368,21.82928832
723,3794,319.39742064,22.0333824
723,3795,325.85564496,24.59662848
723,3796,332.69709432,23.35341024
723,3797,338.11869384,16.07405472
723,3798,341.80052544,9.76688928
723,3799,343.73039712,5.48420544
723,3800,345.25390944,5.49078912
723,3801,346.81841736,6.58038816
723,3802,349.04211624,8.62242624
723,3803,351.43720416,8.6246208
723,3804,353.83220064,8.62242624
723,3805,356.217474,8.13413664
723,3806,358.05703344,5.50505376
723,3807,359.57838168,5.36350464
723,3808,361.02593784,5.20439904
723,3809,362.80514688,7.68315456
723,3810,364.69448016,5.64440832
723,3811,366.21793152,5.4864
723,3812,367.89765384,7.95308544
723,3813,370.71385344,10.97499456
723,3814,373.76139624,10.97060544
723,3815,377.14303032,14.22404064
723,3816,381.26834592,15.68232576
723,3817,386.05550424,17.7594768
723,3818,391.07659656,18.79421184
723,3819,396.44327112,19.4108832
723,3820,401.86014624,20.38965696
723,3821,408.32717928,25.44811776
723,3822,415.45096488,26.63756928
723,3823,423.71759808,32.1009264
723,3824,432.65747352,32.17554144
723,3825,441.58649808,32.1283584
723,3826,450.74537232,35.6231952
723,3827,461.4835068,39.87405792
723,3828,472.42101096,38.80311264
723,3829,483.32632824,39.77969184
723,3830,494.28251664,38.55951648
723,3831,500.1222408,37.6696224
732,3761,76.0462284,31.92645888
732,3762,84.24409872,26.39177856
732,3763,91.5168096,26.6693904
732,3764,99.17615928,29.75713632
732,3765,107.25543192,26.91408384
732,3766,114.65378136,26.71437888
732,3767,122.15298912,27.30800736
732,3768,129.69837408,27.7666704
732,3769,137.53021008,27.58452192
732,3770,145.14124896,27.377136
732,3771,152.75390328,27.42870816
732,3772,160.37137344,27.3661632
732,3773,167.969184,27.41115168
732,3774,175.5896412,27.44407008
732,3775,183.2131464,27.44077824
732,3776,190.82805624,27.0040608
732,3777,197.98469928,24.31243296
732,3778,204.31710216,21.90280608
732,3779,210.60180384,23.76927936
732,3780,217.34077944,23.9316768
732,3781,223.6936344,23.1910128
732,3782,230.83717104,26.92615392
732,3783,238.2350328,25.92982368
732,3784,244.92298488,22.48655904
732,3785,251.03437728,21.89841696
732,3786,256.6953972,18.78214176
732,3787,261.91924248,18.97526304
732,3788,267.01815024,17.19218304
732,3789,271.57174032,16.788384
732,3790,276.86578104,21.08204064
732,3791,282.884118,21.8139264
732,3792,288.95875152,21.94998912
732,3793,295.05911016,22.21992
732,3794,301.29824424,22.35708
732,3795,307.54027392,22.55568768
732,3796,313.76883144,22.55897952
732,3797,320.00491752,21.85123392
732,3798,325.67800752,19.26055584
732,3799,330.40938744,12.51667296
732,3800,333.02210256,8.66631744
732,3801,335.42840712,8.6630256
732,3802,337.83474216,8.66192832
732,3803,340.24119912,8.66412288
732,3804,342.6258324,8.51599008
732,3805,345.19496112,10.33857216
732,3806,347.9799492,9.19630368
732,3807,350.49098304,9.0415872
732,3808,353.00104152,9.03719808
732,3809,355.42816392,7.95857184
732,3810,357.40113432,6.25778784
732,3811,358.9672272,5.4864
732,3812,360.45227376,5.25377664
732,3813,361.95024384,5.4864
732,3814,363.4743048,5.4864
732,3815,364.9983048,5.4864
732,3816,366.52056744,5.5357776
732,3817,368.55727152,10.08619776
732,3818,372.1298628,14.88570048
732,3819,376.34055288,15.15672864
732,3820,380.59906608,16.43067072
732,3821,386.48451024,25.49749536
732,3822,393.69245112,25.9177536
732,3823,400.90520784,26.58489984
732,3824,408.85771416,30.14557344
732,3825,417.27278496,31.01681376
732,3826,426.38569536,34.31084832
732,3827,436.33820784,37.07818848
732,3828,446.52416664,36.0072432
732,3829,456.23110176,34.17588288
732,3830,465.76832424,35.29181664
732,3831,476.05733592,37.80239328
732,3832,486.25213392,34.46227296
732,3833,495.30722376,32.85146592
732,3834,500.4227736,34.4107008
738,3756,16.586073,31.217616
738,3757,22.6317048,31.08265056
738,3758,31.26674976,31.44365568
738,3759,40.1717256,32.3807328
738,3760,49.06633824,30.24432864
738,3761,55.82942352,20.81430432
738,3762,62.97902568,29.7801792
738,3763,71.26790928,29.83065408
738,3764,79.58233512,29.87783712
738,3765,87.78837408,29.34894816
738,3766,95.83390536,27.59768928
738,3767,103.02325344,24.22903968
738,3768,109.487208,24.08749056
738,3769,116.79049032,27.65035872
738,3770,124.43600208,27.05453568
738,3771,131.9063148,26.87128992
738,3772,139.10605656,26.1097776
738,3773,146.50641768,25.45470144
738,3774,153.22908648,24.41338272
738,3775,160.0536804,23.33804832
738,3776,165.92068416,20.18885472
738,3777,171.85520112,21.9456
738,3778,177.95284704,21.9620592
738,3779,184.05116352,21.95547552
738,3780,190.07916264,21.41451648
738,3781,196.09975512,21.94669728
738,3782,202.1884704,21.89293056
738,3783,208.35646416,23.5750608
738,3784,215.4780552,26.65732032
738,3785,222.96187056,27.2454624
738,3786,230.56339968,27.23887872
738,3787,237.4907112,22.36146912
738,3788,243.56421696,21.89402784
738,3789,249.65957688,21.94121088
738,3790,255.65642544,21.1006944
738,3791,261.50977416,21.11386176
738,3792,267.31566552,21.09630528
738,3793,273.30245568,21.74479776
738,3794,279.32487696,21.78978624
738,3795,285.61613184,23.24916864
738,3796,292.07283216,23.2403904
738,3797,298.5293496,23.24148768
738,3798,304.93018008,22.5161856
738,3799,310.94495088,19.696176
738,3800,315.21138888,12.124944
738,3801,318.49048824,11.80234368
738,3802,322.03753728,13.93765056
738,3803,325.40222448,10.06864128
738,3804,328.19318664,10.0510848
738,3805,330.97293216,9.7822512
738,3806,333.79001568,10.8301536
738,3807,336.83594304,10.65019968
738,3808,339.456522,8.54890848
738,3809,341.8344192,8.46222336
738,3810,344.31271752,11.67286464
738,3811,347.85781584,9.07670016
738,3812,349.52434032,5.4864
738,3813,351.04834032,5.4864
738,3814,352.57234032,5.4864
738,3815,354.09630984,5.4864
738,3816,355.62030984,5.4864
738,3817,357.14430984,5.4864
738,3818,358.6889448,6.3477648
738,3819,361.13078904,10.71055008
738,3820,364.1683344,10.9728
738,3821,367.21499328,11.14946208
738,3822,370.85811528,16.0422336
738,3823,376.20894024,21.69103104
738,3824,383.05992984,28.74654144
738,3825,391.53839904,30.81052512
738,3826,400.21331184,31.82112
738,3827,409.18869648,32.92169184
738,3828,418.57229976,34.81779168
738,3829,428.1930984,33.6700368
738,3830,437.515254,33.521904
738,3831,446.78687376,33.4560672
738,3832,456.15767544,33.59542176
738,3833,465.11721048,32.14591488
738,3834,474.84947448,37.05075648
738,3835,484.60557384,32.12396928
738,3836,493.21861224,31.2285888
738,3837,499.2306246,30.8445408
740,3759,22.23601344,32.9184
740,3760,29.08352832,32.3533008
740,3761,38.08439424,32.3039232
740,3762,46.08673536,25.84423584
740,3763,54.56962416,35.4640896
740,3764,64.44160848,33.69527424
740,3765,72.4297764,25.76742624
740,3766,79.45703184,23.81536512
740,3767,85.9785936,23.8054896
740,3768,92.69202696,23.86364544
740,3769,99.39247584,25.08272352
740,3770,106.18198728,23.37645312
740,3771,112.5920532,23.28647616
740,3772,119.14610664,23.60139552
740,3773,125.6405412,22.86292608
740,3774,132.0491136,24.30255744
740,3775,138.989562,25.05419424
740,3776,145.94016024,25.0015248
740,3777,152.85808392,24.26744448
740,3778,159.23014128,22.03777152
740,3779,165.30504912,21.60105408
740,3780,171.18064824,20.43464544
740,3781,176.51848872,18.93027456
740,3782,182.19316368,21.7590624
740,3783,188.84774016,26.18878176
740,3784,196.3283856,27.39140064
740,3785,203.90912736,26.56405152
740,3786,211.07851104,26.6309856
740,3787,218.82518592,27.77435136
740,3788,226.24170144,26.33910912
740,3789,233.47539792,24.87094848
740,3790,239.92929408,21.98729664
740,3791,246.13490016,23.91741216
740,3792,249.9701376,27.047952
742,3818,416.9288334,21.9071952
742,3819,423.280332,27.83579904
742,3820,431.09522112,28.13096736
742,3821,439.22088432,31.73662944
742,3822,449.27178624,39.43404864
742,3823,460.2097476,38.48380416
742,3824,469.59374712,29.12290848
742,3825,480.21733776,47.7152208
742,3826,492.01632864,35.77900896
742,3827,498.5967168,33.412176
751,3760,13.9275312,35.442144
751,3761,21.819108,35.47067328
751,3762,31.52970072,33.69527424
751,3763,40.59887232,32.37853824
751,3764,49.50357384,30.96743616
751,3765,57.77532768,29.35224
751,3766,65.93003832,29.35553184
751,3767,73.97438088,27.51319872
751,3768,81.48343368,27.69205536
751,3769,89.07752568,25.11235008
751,3770,94.67877432,16.92664128
751,3771,99.89661504,20.91635136
751,3772,105.84695112,21.2213952
751,3773,111.46700592,20.70786816
751,3774,117.6570672,22.69394496
751,3775,123.42949152,19.48001184
751,3776,129.1497036,22.10360832
751,3777,135.41825088,21.45840768
751,3778,141.26705808,21.66689088
751,3779,147.34653792,21.89402784
751,3780,153.43955088,21.9456
751,3781,159.5358252,21.91926528
751,3782,165.56876208,21.59117856
751,3783,171.58399008,21.67237728
751,3784,177.59787696,21.61751328
751,3785,183.5958228,21.5834976
751,3786,189.596268,21.61312416
751,3787,196.07162208,26.0549136
751,3788,203.63499024,27.36945504
751,3789,210.98502888,24.64051968
751,3790,217.5750792,25.24182912
751,3791,225.02658576,26.31935808
751,3792,231.9526476,25.16392224
751,3793,239.39272416,27.33543936
751,3794,246.9960516,27.432
751,3795,254.6320536,27.90821952
751,3796,262.62159312,28.94405184
751,3797,270.36467136,27.0314928
751,3798,277.91459784,27.42541632
751,3799,285.53520744,27.432
751,3800,293.1554208,27.43858368
751,3801,300.53164176,24.41118816
751,3802,306.74566032,20.574
751,3803,311.71539384,15.96761856
751,3804,315.87298776,14.30085024
751,3805,319.86684312,13.96069344
751,3806,323.12204616,9.75043008
751,3807,325.73683392,9.37186848
751,3808,328.30641984,8.96148576
751,3809,330.78965592,8.79799104
751,3810,332.99223216,7.54270272
751,3811,335.18167152,7.61073408
751,3812,337.21709544,7.3188576
751,3813,339.24764256,7.41432096
751,3814,341.71545576,10.48560768
751,3815,344.60255184,9.00537696
751,3816,346.48667304,5.84411328
751,3817,348.37219632,7.52404896
751,3818,350.46568464,7.53721632
751,3819,352.55831952,7.5383136
751,3820,354.65098488,7.53721632
751,3821,356.74389408,7.53611904
751,3822,358.83695568,7.52295168
751,3823,360.96729432,9.01854432
751,3824,364.44070368,15.46177248
751,3825,368.96457576,16.59306816
751,3826,373.84232064,19.33626816
751,3827,379.75364232,23.207472
751,3828,386.86596744,27.08964864
751,3829,394.38705984,27.541728
751,3830,402.43755936,29.544264
751,3831,410.63933112,30.2629824
751,3832,419.77610736,35.06138784
751,3833,429.78848256,37.47540384
751,3834,440.23349088,37.53904608
751,3835,450.79511568,37.5982992
751,3836,461.19111216,38.10633984
751,3837,472.20993696,41.48925408
751,3838,483.57803208,39.42965952
751,3839,494.34938976,38.68570368
751,3840,500.7923436,38.6681472
755,3765,25.4296926,30.7348128
755,3766,32.92333776,29.32919712
755,3767,41.02864032,29.19642624
755,3768,49.14125808,29.19642624
755,3769,57.24915144,29.187648
755,3770,65.34268872,28.36249344
755,3771,72.64941528,28.11341088
755,3772,80.77111608,27.40676256
755,3773,88.3686828,26.5651488
755,3774,95.43571464,24.7491504
755,3775,102.22592712,24.26415264
755,3776,108.91979232,23.86474272
755,3777,115.65959088,24.9027696
755,3778,122.62582536,25.32961152
755,3779,129.38159544,23.29415712
755,3780,135.9859104,23.32049184
755,3781,142.17621552,21.918168
755,3782,148.2580728,21.92036256
755,3783,154.35364608,21.9456
755,3784,160.44903648,21.90500064
755,3785,166.52342616,21.90500064
755,3786,172.62290088,22.21333632
755,3787,179.14705344,24.83803008
755,3788,186.14824848,25.264872
755,3789,193.21323816,25.7751072
755,3790,200.43422448,26.005536
755,3791,207.856074,28.20777696
755,3792,215.94903216,29.27433312
755,3793,224.06491128,29.2315392
755,3794,232.08258384,28.3592016
755,3795,239.8904016,28.0245312
755,3796,247.66758696,28.25934912
755,3797,255.59000952,28.65766176
755,3798,263.92177848,30.93890688
755,3799,272.01577296,27.38042784
755,3800,279.58532856,27.3112992
755,3801,287.14881864,26.06369184
755,3802,293.67620208,21.9456
755,3803,299.53985304,18.92588544
755,3804,304.2649236,16.14866976
755,3805,308.14112616,11.55874752
755,3806,311.17818384,10.8301536
755,3807,314.2103952,10.9728
755,3808,317.25827328,10.9728
755,3809,320.30630376,10.97389728
755,3810,323.3166,10.61508672
755,3811,326.23762032,10.5009696
755,3812,329.15510496,10.50426144
755,3813,332.01607968,10.25737344
755,3814,334.75595736,7.95528
755,3815,336.43561872,5.4864
755,3816,337.9389228,5.6839104
755,3817,339.81841104,7.49113056
755,3818,341.88260808,7.00284096
755,3819,343.56254376,5.47652448
755,3820,345.08626944,5.4864
755,3821,346.62895368,6.3148464
755,3822,349.07506512,10.66336704
755,3823,352.05052272,10.7094528
755,3824,355.0243344,10.7094528
755,3825,358.0034496,11.18786688
755,3826,361.82847624,16.98260256
755,3827,367.34736792,21.81721824
755,3828,373.44434328,21.94669728
755,3829,379.46813616,21.56813568
755,3830,385.6895004,23.13285696
755,3831,392.1113316,23.15041344
755,3832,399.03617424,27.0589248
755,3833,406.97892696,30.39575328
755,3834,415.88122056,33.11152128
755,3835,425.38150128,35.66818368
755,3836,435.49065048,36.85873248
755,3837,445.88103864,37.5379488
755,3838,455.9904012,35.29181664
755,3839,465.88777536,36.67768128
755,3840,476.4805812,38.3005584
755,3841,486.30907056,32.56068672
755,3842,495.06399336,31.49083872
755,3843,500.118888,33.1707744
758,3828,460.828914933333,40.6822656
758,3829,471.4847568,40.35466656
758,3830,482.64116832,39.46257792
758,3831,493.0318308,34.67733984
758,3832,499.00586,31.2834528
767,3768,22.1666235428571,32.5813782857143
767,3769,29.4525192,31.6071504
767,3770,39.08569272,36.86421888
767,3771,49.27668072,34.77609504
767,3772,56.23992816,21.80734272
767,3773,64.61824008,33.91802208
767,3774,74.07898824,34.16710464
767,3775,83.56744272,33.796224
767,3776,92.77859016,32.7428352
767,3777,101.88775152,32.86463328
767,3778,110.9196156,30.52194048
767,3779,118.26160752,23.673816
767,3780,124.69749,23.19759648
767,3781,131.232402,23.78464128
767,3782,137.60525184,21.94450272
767,3783,143.6978076,21.89402784
767,3784,149.67847128,20.29968
767,3785,154.94572008,19.20020544
767,3786,160.5064608,19.5974208
767,3787,166.07201736,21.4682832
767,3788,172.16628,22.21333632
767,3789,178.57174344,24.01177824
767,3790,185.55117576,26.50809024
767,3791,193.12865616,27.43419456
767,3792,200.74451088,27.38371968
767,3793,208.3176936,27.36726048
767,3794,216.14806656,28.57646304
767,3795,223.87416744,27.30142368
767,3796,231.478836,27.432
767,3797,239.0907588,27.33543936
767,3798,246.69183072,27.42541632
767,3799,254.53247544,30.04133184
767,3800,263.2830396,31.58630208
767,3801,271.56576624,28.41735744
767,3802,279.32064024,27.42431904
767,3803,286.84593888,25.52602464
767,3804,292.92633312,18.23459904
767,3805,297.09063264,11.59166592
767,3806,299.90792952,10.094976
767,3807,302.71233336,10.09387872
767,3808,305.58251304,10.7423712
767,3809,308.62274064,10.97389728
767,3810,311.4086736,8.8769952
767,3811,313.8356436,8.8111584
767,3812,316.28291328,8.8111584
767,3813,318.76538736,9.55401696
767,3814,321.54833328,9.6341184
767,3815,324.16162752,8.99440416
767,3816,326.49258552,8.339328
767,3817,328.80824256,8.339328
767,3818,331.12383864,8.339328
767,3819,333.43071744,7.89273504
767,3820,335.24147328,5.50395648
767,3821,336.7646808,5.4864
767,3822,338.2886808,5.4864
767,3823,339.8126808,5.4864
767,3824,341.33527872,5.52699936
767,3825,343.38030384,9.957816
767,3826,346.3544508,10.0181664
767,3827,349.19149872,13.5568944
767,3828,354.03717864,18.8073792
767,3829,359.12066352,15.28949952
767,3830,364.10490552,24.37168608
767,3831,370.71504216,21.9456
767,3832,376.8093048,22.01911776
767,3833,383.70781272,28.85736672
767,3834,392.12087184,29.94147936
767,3835,400.31779728,30.40343424
767,3836,409.199334,33.57567072
767,3837,418.86646224,34.92751968
767,3838,428.54444136,35.47835424
767,3839,438.7128132,37.57854816
767,3840,449.27696784,38.1414528
767,3841,459.87224256,38.1414528
767,3842,470.52564264,39.44941056
767,3843,480.99823536,32.02850592
767,3844,489.48417216,32.29404768
767,3845,497.0696688,31.6580955428572
775,3770,19.0502032,31.0420512
775,3771,24.67078632,31.01132736
775,3772,33.2510892,30.2136048
775,3773,41.25416184,27.98502912
775,3774,48.9696252,26.82520416
775,3775,56.57511672,30.14996256
775,3776,65.67425016,33.86425536
775,3777,75.08799816,34.02555552
775,3778,84.48150744,32.77465632
775,3779,93.17656752,30.531816
775,3780,101.71176,31.43048832
775,3781,110.7166188,32.93376192
775,3782,119.55746472,27.44955648
775,3783,125.864874,21.1336128
775,3784,131.979924,22.96497312
775,3785,138.2147604,21.9456
775,3786,144.30783432,21.84465024
775,3787,149.9591616,17.69364
775,3788,154.3542252,17.01113184
775,3789,159.8194416,20.8373472
775,3790,165.7150356,21.32673408
775,3791,171.86425368,23.71990176
775,3792,178.74102936,24.98396832
775,3793,185.40490224,21.94779456
775,3794,191.13038736,20.30406912
775,3795,196.84886208,21.19176864
775,3796,202.83690192,21.61861056
775,3797,209.06664816,24.8917968
775,3798,216.66198984,27.63170496
775,3799,224.13321696,26.46200448
775,3800,231.43025088,26.46529632
775,3801,238.93692624,27.33982848
775,3802,246.5341272,27.03368736
775,3803,252.29975448,17.0133264
775,3804,260.4168528,38.59243488
775,3805,269.56438848,27.16755552
775,3806,276.6872292,23.72977728
775,3807,282.8501328,21.22358976
775,3808,288.11317536,16.90689024
775,3809,292.6982208,16.4592
775,3810,297.27156192,16.26827328
775,3811,301.07086344,10.8136944
775,3812,304.00547784,10.78845696
775,3813,307.00239336,10.7862624
775,3814,309.96221472,9.80858592
775,3815,312.23974128,6.66158688
775,3816,313.84085568,5.79254112
775,3817,316.06050072,10.39233888
775,3818,319.09585152,10.9728
775,3819,322.08011784,9.64070208
775,3820,324.29031408,7.14987648
775,3821,326.27852448,7.15536288
775,3822,328.26347352,7.06319136
775,3823,330.17542296,6.775704
775,3824,332.00391816,6.06686112
775,3825,333.57628992,6.07015296
775,3826,335.92870584,10.66446432
775,3827,338.9740236,10.9728
775,3828,342.01038024,10.83234816
775,3829,345.07456512,11.65750272
775,3830,348.75849984,14.82315552
775,3831,352.96943376,15.16879872
775,3832,357.1830804,15.16660416
775,3833,361.43293728,16.27705152
775,3834,366.48667368,19.93648032
775,3835,372.40872432,22.52496384
775,3836,379.40022672,28.8474912
775,3837,388.39639872,34.38765792
775,3838,397.95355512,34.29109728
775,3839,407.65908816,35.45970048
775,3840,417.358068,34.71684192
775,3841,426.99989784,34.77719232
775,3842,437.07332448,37.66084416
775,3843,447.55908456,37.7793504
775,3844,458.05219032,37.7793504
775,3845,467.81627544,27.80836704
775,3846,476.66992296,42.4866816
775,3847,488.1937404,35.91177984
775,3848,496.809132533333,32.5636128
785,3773,23.4152585142857,35.8512726857143
785,3774,31.28308704,31.08155328
785,3775,39.91898544,30.35844576
785,3776,47.79876648,27.16097184
785,3777,55.45964016,29.4509952
785,3778,64.1323584,31.85074656
785,3779,72.97759344,31.8814704
785,3780,81.8183784,31.00474368
785,3781,90.05995704,28.98026208
785,3782,98.09204664,28.98794304
785,3783,106.01840112,26.72205984
785,3784,112.906302,23.509224
785,3785,119.1842676,22.55349312
785,3786,125.41227648,21.55277376
785,3787,131.38288176,22.41304128
785,3788,137.6047032,21.9456
785,3789,143.69789904,21.89402784
785,3790,149.78167656,21.94230816
785,3791,155.87779848,21.9510864
785,3792,161.8779084,21.31027488
785,3793,167.8943556,21.94121088
785,3794,174.00385824,22.4009712
785,3795,180.42550656,23.28647616
785,3796,187.1504004,25.94957472
785,3797,194.63711136,26.65073664
785,3798,201.02782248,19.73019168
785,3799,206.45466456,20.55644352
785,3800,213.62785824,30.65910048
785,3801,221.89235784,27.84786912
785,3802,229.4964168,27.432
785,3803,237.11419176,27.35848224
785,3804,244.71002112,27.40895712
785,3805,252.3247176,27.13134528
785,3806,259.64711088,25.92982368
785,3807,266.61182136,23.18442912
785,3808,272.69712288,21.73931136
785,3809,278.49496752,18.92698272
785,3810,283.28230872,16.431768
785,3811,287.82236568,16.31874816
785,3812,292.12833624,13.99361184
785,3813,295.51536528,11.00791296
785,3814,298.5621156,10.9728
785,3815,301.61020704,10.9728
785,3816,304.6587252,10.97499456
785,3817,307.43136888,7.95966912
785,3818,309.15394608,5.47871904
785,3819,310.6893456,5.97030048
785,3820,312.71394912,8.2734912
785,3821,314.74571544,5.8046112
785,3822,316.5047772,8.10999648
785,3823,319.00038816,9.0854784
785,3824,321.5254428,9.08767296
785,3825,324.05049744,9.08877024
785,3826,326.24453928,4.4769024
785,3827,326.7376752,3.67479072
785,3828,329.57518032,14.03530848
785,3829,333.47500488,14.0396976
785,3830,337.37476848,14.03860032
785,3831,341.26694256,13.90363488
785,3832,345.19846632,14.93288352
785,3833,349.45865592,15.27194304
785,3834,353.69866776,15.27084576
785,3835,358.05682008,16.18926912
785,3836,363.00756456,20.42147808
785,3837,369.04422,22.41304128
785,3838,375.97162296,27.24436512
785,3839,384.11575704,32.4191376
785,3840,393.50938824,33.89607648
785,3841,402.90832296,33.90814656
785,3842,412.50080568,35.07565248
785,3843,422.28860424,35.30717856
785,3844,431.8791972,34.5972384
785,3845,441.71811072,35.93592
785,3846,451.87828344,37.0551456
785,3847,462.13001808,35.79107904
785,3848,472.21011984,37.86384096
785,3849,482.55573288,34.8605856
785,3850,491.76346656,32.6879712
785,3851,498.45455808,30.94110144
787,3791,149.0660976,13.2331968
787,3792,152.81967912,18.87650784
787,3793,158.62060224,21.9565728
787,3794,164.7006612,21.86659584
787,3795,170.66474376,20.61021024
787,3796,176.43259608,21.64275072
787,3797,182.6494188,23.45874912
787,3798,189.34727688,24.16100832
787,3799,195.97896288,23.60029824
787,3800,202.3555008,22.48216992
787,3801,208.99867776,25.6160016
787,3802,216.43793136,27.41224896
787,3803,224.02486056,27.29264544
787,3804,231.6300168,27.432
787,3805,239.24145192,27.33763392
787,3806,246.84340776,27.432
787,3807,254.41195752,26.38629216
787,3808,261.4418952,24.86217024
787,3809,267.97659384,20.738592
787,3810,272.91843816,16.36812576
787,3811,277.45779408,16.36373664
787,3812,281.70298752,12.88535904
787,3813,284.84898072,11.28771936
787,3814,288.16489992,11.75845248
787,3815,291.03562824,8.3722464
787,3816,292.97647272,6.67365696
787,3817,294.82987008,6.6714624
787,3818,296.68320648,6.67365696
787,3819,298.46643888,5.8923936
787,3820,300.0094584,5.4864
787,3821,301.5334584,5.4864
787,3822,303.20885256,7.68096
787,3823,305.77347024,9.15460704
787,3824,308.10013056,8.12206656
787,3825,310.33477176,7.79946624
787,3826,312.45532632,7.6370688
787,3827,314.57764872,7.6370688
787,3828,316.7310912,8.58182688
787,3829,319.64311992,12.89523456
787,3830,323.79007632,15.48920448
787,3831,328.01262312,15.1644096
787,3832,332.22447144,15.16331232
787,3833,336.49045224,15.87544704
787,3834,341.01871344,16.32423456
787,3835,345.58251432,17.16365376
787,3836,350.72708112,19.32748992
787,3837,356.09412144,19.52829216
787,3838,362.1967356,25.48103616
787,3839,369.72425928,27.42870816
787,3840,377.45413968,29.08999008
787,3841,386.3763672,34.5149424
787,3842,396.00051864,34.89679584
787,3843,406.215342,38.31811488
787,3844,416.64898128,36.71169696
787,3845,426.7902564,36.39897216
787,3846,436.90056384,36.34630272
787,3847,446.89529112,35.13051648
787,3848,456.1005864,32.80647744
787,3849,465.72629232,35.93921184
787,3850,476.0616336,37.66633056
787,3851,485.94413352,33.5438496
787,3852,495.02260152,31.65872256
787,3853,500.124984,31.0091328
791,3766,22.21010544,34.9703136
791,3767,27.5862796,36.7570512
799,3775,21.7755978,27.925776
799,3776,27.11564808,27.42980544
799,3777,34.42679424,25.26377472
799,3778,41.49833712,26.10758304
799,3779,48.81024528,26.34130368
799,3780,56.1254148,26.33472
799,3781,63.38785392,25.34497344
799,3782,70.13758896,23.78683584
799,3783,76.85108328,25.2319536
799,3784,83.99925288,25.68842208
799,3785,91.36370856,27.23010048
799,3786,98.94591336,27.41444352
799,3787,106.4122332,25.47664704
799,3788,113.27840184,24.59333664
799,3789,120.08370192,24.51981888
799,3790,126.73885752,22.79270016
799,3791,132.77542152,21.4463376
799,3792,138.3150396,18.24008544
799,3793,143.33299248,18.20497248
799,3794,148.19747856,17.0407584
799,3795,153.10341744,17.60695488
799,3796,158.10469776,18.46941696
799,3797,163.04547528,17.95588992
799,3798,168.27791592,19.67313312
799,3799,174.09651744,21.40025184
799,3800,180.08659944,22.00814496
799,3801,186.73718304,26.1756144
799,3802,194.01720912,26.19865728
799,3803,201.50532216,27.33982848
799,3804,209.00904096,27.25972704
799,3805,216.8031732,28.17595584
799,3806,224.47660464,27.29154816
799,3807,232.0847784,27.432
799,3808,239.69368368,27.3332448
799,3809,247.29807792,27.4374864
799,3810,254.56338216,23.5695744
799,3811,260.66806896,21.70749024
799,3812,266.45911656,18.5001408
799,3813,270.4348668,11.16372672
799,3814,273.44305992,10.85100192
799,3815,276.46115904,10.96511904
799,3816,279.49446768,10.3638096
799,3817,282.02476488,8.40077568
799,3818,284.372304,8.449056
799,3819,286.71996504,8.45015328
799,3820,289.01693784,7.94320992
799,3821,291.19610544,7.8894432
799,3822,293.386764,7.88834592
799,3823,295.58019624,7.9717392
799,3824,297.83026032,7.96954464
799,3825,299.91295872,7.21900512
799,3826,301.9179636,7.2201024
799,3827,303.92321232,7.2201024
799,3828,305.94199416,7.8400656
799,3829,308.61740664,10.93110336
799,3830,311.63212248,10.82795904
799,3831,314.6718624,10.9728
799,3832,317.8145028,12.88535904
799,3833,322.08209904,16.86738816
799,3834,326.75136072,15.6746448
799,3835,330.79660536,14.26573728
799,3836,334.76156568,14.5334736
799,3837,339.22523976,17.44784928
799,3838,344.37221448,21.8687904
799,3839,350.4136248,18.62303616
799,3840,355.39423968,18.04806144
799,3841,361.05141912,23.80878144
799,3842,368.34692904,27.43529184
799,3843,375.96753864,27.43090272
799,3844,384.05488848,31.92865344
799,3845,393.2828304,33.32219904
799,3846,402.47919504,32.92608096
799,3847,411.79202376,34.06615488
799,3848,421.08717408,32.92717824
799,3849,430.35208824,33.98605344
799,3850,439.59904968,32.49923904
799,3851,448.89331608,34.07493312
799,3852,458.1575292,33.77318112
799,3853,467.92798464,37.00467072
799,3854,478.5707472,36.97394688
799,3855,488.38725792,35.58369312
799,3856,496.8328392,35.1333380571429
801,3784,23.4092877,38.0097792
801,3785,32.4624192,35.277552
801,3786,42.38759112,35.95347648
801,3787,52.4467836,37.4666256
801,3788,63.39233448,40.3360128
801,3789,74.20959504,34.6246704
801,3790,82.74463512,30.07534752
801,3791,91.04763096,29.27762496
801,3792,99.13257288,28.59731136
801,3793,106.7824128,26.47956096
801,3794,114.1725936,27.18950112
801,3795,121.3283832,23.35999392
801,3796,127.33632648,20.96133984
801,3797,133.398006,21.9126816
801,3798,139.28591904,21.53302272
801,3799,145.26365664,20.79126144
801,3800,151.15281936,21.94889184
801,3801,157.24942896,21.9456
801,3802,163.37670144,22.81903488
801,3803,170.27584944,26.74839456
801,3804,177.87789672,27.43858368
801,3805,185.7742284,30.48573024
801,3806,194.613276,32.08336992
801,3807,200.848341,32.0049144
807,3782,24.0492957333333,34.0839552
807,3783,32.6032368,31.76954784
807,3784,41.76403128,31.39427808
807,3785,48.82368696,25.22756448
807,3786,57.26463528,32.10421824
807,3787,66.35087568,35.15465664
807,3788,76.9728204,39.50976096
807,3789,87.9276372,39.25848384
807,3790,98.34301896,34.31962656
807,3791,107.02497264,29.49159456
807,3792,115.19528904,29.35004544
807,3793,122.8247988,24.4528848
807,3794,129.07371696,22.50960192
807,3795,135.43739232,21.9071952
807,3796,141.41418504,21.9017088
807,3797,147.49893792,21.89402784
807,3798,153.59185944,21.9456
807,3799,159.68840808,21.79088352
807,3800,165.62030376,21.19176864
807,3801,171.58444728,22.1760288
807,3802,178.093116,25.02127584
807,3803,185.50079232,27.46272384
807,3804,193.128138,27.43309728
807,3805,200.74304784,27.52087968
807,3806,208.1078388,23.21954208
807,3807,213.73639752,19.51183296
807,3808,221.86992456,39.37369824
807,3809,230.37201576,21.43097568
807,3810,236.54729424,24.5022624
807,3811,243.94466832,27.3881088
807,3812,251.22954072,23.19540192
807,3813,256.28211888,14.70794112
807,3814,260.31264168,14.6047968
807,3815,264.3379524,13.47240384
807,3816,267.36193416,9.24568128
807,3817,270.00689712,10.14874272
807,3818,272.9800992,10.83783456
807,3819,275.75798544,8.84078496
807,3820,278.11927104,8.5148928
807,3821,280.48409232,8.51599008
807,3822,282.72486,7.31776032
807,3823,284.66131536,6.9238368
807,3824,286.58432904,6.9238368
807,3825,288.50743416,6.9238368
807,3826,290.36930496,6.12391968
807,3827,291.93006384,6.09977952
807,3828,293.98459872,8.05732704
807,3829,296.2227756,8.0540352
807,3830,298.485306,8.77604544
807,3831,301.30443168,10.97609184
807,3832,304.352706,10.9728
807,3833,307.40079744,10.9728
807,3834,310.44437784,11.39415552
807,3835,314.29320936,16.14428064
807,3836,319.18662096,19.97159328
807,3837,324.94728,20.19214656
807,3838,330.4560828,18.79860096
807,3839,335.23729752,16.45481088
807,3840,339.83932032,16.97053248
807,3841,344.95886304,20.56083264
807,3842,351.08589168,22.58860608
807,3843,357.34590456,22.44047328
807,3844,363.9734148,26.170128
807,3845,371.42476896,26.92505664
807,3846,379.04095896,28.43162208
807,3847,387.77256456,33.69856608
807,3848,397.1169096,33.3792576
807,3849,406.84731432,37.54014336
807,3850,417.41024976,37.49296032
807,3851,427.69968816,36.62281728
807,3852,437.30786808,32.0734944
807,3853,446.01944832,31.47657408
807,3854,454.531476,30.81930336
807,3855,463.79117808,34.76621952
807,3856,473.43599496,34.6905072
807,3857,483.18346848,35.41142016
807,3858,492.93929352,34.29877824
807,3859,499.261257,29.7033696
817,3855,480.9122208,32.6367648
817,3856,486.90538128,33.72380352
817,3857,496.09382112,32.90303808
818,3787,24.1245771,36.75888
818,3788,33.30327096,36.72925344
818,3789,43.31899896,34.63235136
818,3790,52.67379864,33.46045632
818,3791,62.2968528,37.06831296
818,3792,73.03187832,39.07523808
818,3793,83.36017872,33.32549088
818,3794,91.96803552,30.47036832
818,3795,100.43748264,30.30797088
818,3796,108.60853056,28.84419936
818,3797,116.70941352,29.37199104
818,3798,124.58358624,26.9162784
818,3799,131.81499672,25.28242848
818,3800,138.367008,22.07946816
818,3801,144.45816168,21.890736
818,3802,150.543768,21.9456
818,3803,156.64421808,22.21992
818,3804,163.03032672,24.60540672
818,3805,170.40916896,27.43419456
818,3806,178.07400504,28.18692864
818,3807,186.26513928,30.41440704
818,3808,194.71864536,31.09581792
818,3809,203.38575528,30.46159008
818,3810,211.99074696,31.87159488
818,3811,220.6131732,28.86724224
818,3812,228.27578424,27.42431904
818,3813,235.89596712,27.40676256
818,3814,243.42891624,25.95176928
818,3815,249.81008712,19.51183296
818,3816,254.18271744,12.33013536
818,3817,257.30030328,11.39086368
818,3818,260.55099528,11.7628416
818,3819,263.81896944,11.72772864
818,3820,266.975082,11.00132928
818,3821,269.9909256,10.6929936
818,3822,272.96876064,10.65019968
818,3823,275.31404424,5.952744
818,3824,276.8428296,5.4864
818,3825,278.36676864,5.48859456
818,3826,279.86498256,5.72889888
818,3827,281.72578656,7.23436704
818,3828,283.71808128,7.21132416
818,3829,285.79386072,7.63377696
818,3830,287.9069172,7.2914256
818,3831,289.72370808,6.912864
818,3832,292.3099056,10.92781152
818,3833,295.359582,10.9728
818,3834,298.40764296,10.9728
818,3835,301.56284112,12.89194272
818,3836,305.79861624,16.46139456
818,3837,310.3540656,16.30996992
818,3838,314.89774968,17.0736768
818,3839,320.00366784,19.05097536
818,3840,325.2942948,19.04658624
818,3841,330.58443408,19.04768352
818,3842,335.875122,19.0487808
818,3843,341.1792516,19.57218336
818,3844,347.10483792,23.2787952
818,3845,353.811078,24.37717248
818,3846,360.781092,26.42579424
818,3847,368.34665472,27.56806272
818,3848,376.3638396,30.97401984
818,3849,385.80706176,36.35947008
818,3850,395.82361272,34.59943296
818,3851,405.25772136,34.65100512
818,3852,415.08200448,35.99188128
818,3853,425.10934536,35.80095456
818,3854,435.12293976,35.5079808
818,3855,444.59627616,33.80280768
818,3856,454.12322688,34.51055328
818,3857,463.70927832,34.52920704
818,3858,473.31785448,34.57968192
818,3859,482.9089656,34.43703552
818,3860,492.03434232,30.59875008
818,3861,498.3016196,25.0801632
819,3846,497.8774904,29.7582336
826,3789,23.90982264,36.04893984
826,3790,33.33609792,33.09615936
826,3791,43.2639216,39.5898624
826,3792,54.66042408,41.29284096
826,3793,64.86991344,27.18401472
826,3794,73.3621596,39.87186336
826,3795,84.2089248,34.52920704
826,3796,92.85817344,30.61630656
826,3797,101.35337616,29.57498784
826,3798,109.14193056,27.42541632
826,3799,116.79131328,27.5033232
826,3800,124.26958128,25.7915664
826,3801,130.75785888,22.2528384
826,3802,136.99690152,21.98181024
826,3803,143.09463888,22.1760288
826,3804,149.30557896,21.79417536
826,3805,155.26737552,21.80844
826,3806,161.69277288,25.42507488
826,3807,169.19313888,27.70632
826,3808,177.11376312,30.1861728
826,3809,186.03541152,32.95241568
826,3810,195.19395048,33.15870432
826,3811,204.52104384,33.84669888
826,3812,213.86435256,31.90561056
826,3813,222.11769648,29.54536128
826,3814,229.67758992,23.32158912
826,3815,235.77721704,21.39586272
826,3816,241.31497584,17.73533664
826,3817,245.9303184,16.4592
826,3818,250.40734272,14.54554368
826,3819,253.77885744,10.96621632
826,3820,256.81981656,11.04851232
826,3821,259.94938104,11.35904256
826,3822,263.10546312,11.36123712
826,3823,266.21731872,10.94097888
826,3824,268.70671176,6.3587376
826,3825,270.22056192,5.21427456
826,3826,271.69280688,5.36350464
826,3827,273.137376,5.15941056
826,3828,274.71416736,6.14147616
826,3829,276.37782672,5.7003696
826,3830,277.9114584,5.4864
826,3831,279.59118072,7.95308544
826,3832,282.40731936,10.97499456
826,3833,285.45528888,10.9728
826,3834,288.46720056,10.91025504
826,3835,291.72688416,12.35208096
826,3836,295.22934096,13.8751056
826,3837,299.62080792,16.7390064
826,3838,304.28802744,17.13512448
826,3839,309.18095136,17.73423936
826,3840,314.11176192,17.75728224
826,3841,318.95497296,18.41455296
826,3842,324.81167448,22.66541568
826,3843,331.11009216,21.75028416
826,3844,336.47277384,18.10950912
826,3845,342.00669216,21.5231472
826,3846,348.47985168,25.83436032
826,3847,355.96918392,27.07648128
826,3848,363.58589208,27.75789216
826,3849,371.24438832,27.432
826,3850,378.89925744,28.65327264
826,3851,387.85629312,34.95714624
826,3852,397.54975608,34.54017984
826,3853,407.13166224,34.60930848
826,3854,416.76276312,35.24792544
826,3855,426.4206864,33.384744
826,3856,435.5688012,32.87889792
826,3857,444.7934208,34.49958048
826,3858,454.72968744,36.11806848
826,3859,464.76205752,35.84045664
826,3860,474.27638952,33.1323696
826,3861,483.55505016,33.40778688
826,3862,492.08789568,25.83984672
826,3863,497.799741,22.5257868
839,3791,20.0213976,36.6130985142857
839,3792,28.64812152,36.46590624
839,3793,38.88598776,37.72338912
839,3794,49.52622048,38.41687008
839,3795,60.26027064,39.13778304
839,3796,71.2209396,39.56352768
839,3797,82.24308672,39.65789376
839,3798,92.49162096,32.11299648
839,3799,100.69415472,28.98135936
839,3800,108.6759828,28.54354464
839,3801,116.62336848,28.73447136
839,3802,124.55170416,27.30910464
839,3803,131.17894008,21.71187936
839,3804,136.75132416,17.80227072
839,3805,142.06999272,21.14568288
839,3806,147.84525168,19.8717408
839,3807,153.0754368,21.78320256
839,3808,160.927542,30.92573952
839,3809,169.32060624,28.9901376
839,3810,177.29859384,29.26226304
839,3811,185.78114736,31.88366496
839,3812,194.34313176,29.00220768
839,3813,202.19020776,27.79190784
839,3814,209.67530328,26.46310176
839,3815,217.05359688,25.51834368
839,3816,223.49819664,21.80514816
839,3817,229.57670112,21.8962224
839,3818,235.11720312,17.33044032
839,3819,239.7011208,16.36483392
839,3820,244.2551376,16.4592
839,3821,248.67126288,13.99032
839,3822,251.95243488,10.85868288
839,3823,254.5496052,7.68096
839,3824,256.57366008,7.20693504
839,3825,258.606036,7.38688896
839,3826,260.65868112,7.38908352
839,3827,262.71111288,7.3846944
839,3828,264.75244992,7.00174368
839,3829,266.4453396,5.49078912
839,3830,267.96891288,5.4864
839,3831,269.49337008,5.42385504
839,3832,270.94665648,5.31522432
839,3833,272.98896888,9.98195616
839,3834,276.03831,11.36013984
839,3835,279.38147832,13.15748448
839,3836,283.24052064,13.99251456
839,3837,287.1168756,13.9299696
839,3838,291.32421288,16.41201696
839,3839,296.33009568,20.43574272
839,3840,302.13062256,20.98877184
839,3841,308.14737456,21.14568288
839,3842,313.36936056,16.8267888
839,3843,317.98192944,16.9584624
839,3844,322.83434544,18.58133952
839,3845,328.34921376,20.2338432
839,3846,334.01800608,21.00523104
839,3847,340.133178,23.74294464
839,3848,347.44194672,28.05306048
839,3849,355.35190296,28.4085792
839,3850,363.15307608,27.75789216
839,3851,370.7954484,27.42980544
839,3852,378.45921768,28.87382592
839,3853,387.63613608,36.21462912
839,3854,397.70581368,36.12136032
839,3855,407.78737848,36.43408512
839,3856,417.69993168,34.5149424
839,3857,427.29198768,35.24243904
839,3858,437.13644856,35.40264192
839,3859,447.01940568,36.20036448
839,3860,457.26153912,37.12537152
839,3861,467.29686576,34.08919776
839,3862,476.42254728,32.64846912
839,3863,485.29567152,29.66167296
839,3864,492.54256584,22.32196704
839,3865,497.6279608,18.5598816
850,3802,102.4174863,20.5836012
850,3803,107.57361264,20.6727552
850,3804,113.3203728,21.14568288
850,3805,119.53530576,22.86621792
850,3806,125.76066288,21.41232192
850,3807,131.38087008,20.41708896
850,3808,137.02469928,20.16361728
850,3809,142.9368744,21.9071952
850,3810,149.11099464,23.5311696
850,3811,156.1400484,26.65402848
850,3812,163.804854,27.89724672
850,3813,171.68768304,29.04061248
850,3814,179.66804808,28.44588672
850,3815,187.77106464,29.2479984
850,3816,195.65834376,27.97954272
850,3817,203.40550632,27.97076448
850,3818,211.2396588,28.46783232
850,3819,218.97213,25.50737088
850,3820,225.30578256,21.3475824
850,3821,230.56254624,16.65232128
850,3822,235.11497808,15.73609248
850,3823,238.85322816,11.37111264
850,3824,241.88900568,10.92451968
850,3825,244.9363656,10.9728
850,3826,247.87719792,9.05475456
850,3827,249.73745328,5.48420544
850,3828,251.26075224,5.4864
850,3829,252.7846608,5.4864
850,3830,254.3086608,5.4864
850,3831,255.82796688,5.34814272
850,3832,257.32898496,5.92860384
850,3833,259.22666976,8.37114912
850,3834,262.24879224,12.39158304
850,3835,265.71433776,13.26721248
850,3836,269.91109848,16.18926912
850,3837,274.42055352,16.32862368
850,3838,278.97472272,16.46029728
850,3839,283.54696656,16.46139456
850,3840,288.1368888,17.1834048
850,3841,293.54218152,21.49790976
850,3842,299.6103228,21.5396064
850,3843,305.44507872,20.29968
850,3844,310.74896448,18.82054656
850,3845,315.96366576,17.87908032
850,3846,320.9728404,19.07731008
850,3847,326.77415976,22.2528384
850,3848,332.97001224,22.45254336
850,3849,339.69140088,26.34130368
850,3850,347.32700664,28.69496928
850,3851,355.54575576,30.0819312
850,3852,364.02212184,30.51864864
850,3853,372.42024576,30.04791552
850,3854,380.75792784,31.31746848
850,3855,390.21605472,35.49481344
850,3856,399.99632472,34.28890272
850,3857,409.4085792,34.756344
850,3858,419.11353312,34.53359616
850,3859,428.81339688,34.3942416
850,3860,437.97425232,32.46522336
850,3861,447.0062688,32.8031856
850,3862,456.2980968,35.0142048
850,3863,466.40697168,36.72157248
850,3864,476.5864992,34.46885664
850,3865,484.16309568,22.76526816
850,3866,490.87381632,23.57725536
850,3867,496.55998224,17.53343712
850,3868,499.4584626,11.1812832
857,3796,22.118574,28.1781504
857,3797,27.67014024,28.64339712
857,3798,35.72588232,31.36904064
857,3799,46.45283064,42.78623904
857,3800,56.62156824,30.61850112
857,3801,64.91130528,29.83065408
857,3802,73.12785984,29.03293152
857,3803,81.04251,28.59950592
857,3804,89.0166876,27.8215344
857,3805,96.26632512,24.14893824
857,3806,102.41322672,19.88161632
857,3807,107.15810928,15.07991904
857,3808,111.1145352,13.62602304
857,3809,115.15932264,15.50785824
857,3810,119.51765784,16.87836096
857,3811,124.52930136,18.56707488
857,3812,129.76610064,19.31322528
857,3813,135.59899728,22.68406944
857,3814,142.22656848,24.92910432
857,3815,149.62948992,27.541728
857,3816,157.26738168,28.15730208
857,3817,165.46010088,31.15287648
857,3818,174.44865288,32.9348592
857,3819,183.5961276,32.93595648
857,3820,192.71479872,32.01753312
857,3821,201.11124624,28.57536576
857,3822,208.7566056,26.69243328
857,3823,216.04187424,25.92982368
857,3824,222.73708056,22.08385728
857,3825,228.36755952,17.86262112
857,3826,233.00219592,16.46139456
857,3827,237.14299536,12.34220544
857,3828,240.2093748,10.00390176
857,3829,242.27314512,5.5357776
857,3830,243.7954992,5.4864
857,3831,245.3194992,5.4864
857,3832,246.8434992,5.4864
857,3833,248.3674992,5.4864
857,3834,249.8914992,5.4864
857,3835,251.4153468,5.4864
857,3836,253.09497768,7.95308544
857,3837,255.89462664,10.82686176
857,3838,259.35395424,14.70574656
857,3839,263.61746616,15.38276832
857,3840,267.9707112,16.06856832
857,3841,272.29326288,14.25695904
857,3842,275.84969976,12.536424
857,3843,279.89680368,16.1245296
857,3844,284.71014432,19.01805696
857,3845,290.13534048,19.56340512
857,3846,295.51759032,18.99281952
857,3847,300.7229952,18.6866784
857,3848,305.9138916,18.6866784
857,3849,311.02057176,17.52465888
857,3850,315.72320904,17.01222912
857,3851,320.8510728,21.54289824
857,3852,327.67990344,25.87166784
857,3853,334.95800928,26.88774912
857,3854,342.52942416,27.38481696
857,3855,350.52393192,30.31455456
857,3856,359.08402656,31.61702592
857,3857,368.1215904,32.9184
857,3858,377.23611624,32.34452256
857,3859,386.14036056,32.17005504
857,3860,395.07852912,32.29953408
857,3861,404.15248608,32.72747328
857,3862,413.48972928,34.57639008
857,3863,423.17697432,35.16343488
857,3864,432.97132608,35.9798112
857,3865,443.27128008,37.50832224
857,3866,453.79678608,38.45637216
857,3867,464.3579232,35.5189536
857,3868,472.65921216,26.16573888
857,3869,479.89269528,25.56223488
857,3870,486.17651304,18.08756352
857,3871,490.21142496,13.825728
857,3872,494.64324744,16.5579552
857,3873,498.2581983,13.7832084
863,3812,116.02260768,17.42700096
863,3813,120.9018156,18.9719712
863,3814,127.47778416,27.22132224
863,3815,135.30029328,28.50513984
863,3816,143.07196176,27.54831168
863,3817,150.89389176,29.55962592
863,3818,159.05384496,28.68070464
863,3819,167.175942,30.66239232
863,3820,176.1250224,32.93815104
863,3821,185.11019112,30.75456384
863,3822,193.09680456,27.14780448
863,3823,200.0391732,22.7301552
863,3824,206.03541216,20.601432
863,3825,211.55244456,19.66545216
863,3826,217.00135416,19.61278272
863,3827,222.12449352,15.35204448
863,3828,225.66907368,12.06349632
863,3829,228.95365944,11.30637312
863,3830,231.74940696,7.95308544
863,3831,233.45906064,5.50615104
863,3832,234.7962792,3.88766304
863,3833,235.81455504,3.65613696
863,3834,236.83014864,3.89753856
863,3835,238.6495608,8.83090944
863,3836,241.15391952,10.04230656
863,3837,243.79059192,8.22521088
863,3838,246.45704328,10.97499456
863,3839,249.50815224,11.2800384
863,3840,253.23826416,15.68232576
863,3841,257.67005616,15.94018656
863,3842,262.13891184,16.13111328
863,3843,266.32284048,14.01665472
863,3844,270.51871728,16.17171264
863,3845,275.03371968,16.32972096
863,3846,279.69100272,18.10402272
863,3847,285.18639432,19.73567808
863,3848,290.62350816,20.41269984
863,3849,296.16397968,19.2517776
863,3850,301.49575464,18.97855488
863,3851,306.41141664,16.541496
863,3852,311.03998752,17.67279168
863,3853,316.52864304,21.39586272
863,3854,322.9304184,26.17671168
863,3855,330.93724008,29.56950144
863,3856,338.97856512,28.94514912
863,3857,347.28418224,30.7073808
863,3858,355.95117024,31.60824768
863,3859,364.92414696,32.79879648
863,3860,374.06738496,32.87011968
863,3861,383.28136704,34.5972384
863,3862,393.2409204,35.69781024
863,3863,402.98226744,35.14807296
863,3864,412.95300696,36.46590624
863,3865,423.28152072,36.71608608
863,3866,433.4466312,37.64657952
863,3867,443.60326824,36.28266048
863,3868,453.796908,34.64222688
863,3869,462.939384,32.26661568
863,3870,470.93370888,25.14856032
863,3871,477.56893056,21.08094336
863,3872,482.24718384,14.69696832
863,3873,486.33010176,14.71671936
863,3874,490.53149544,15.09198912
863,3875,494.61925968,14.52140352
863,3876,498.3199965,15.8666688
865,3855,377.246150933333,31.741872
865,3856,385.09172664,30.84673536
865,3857,394.40086728,33.13017504
865,3858,403.55087184,33.1707744
865,3859,412.90521432,34.38546336
865,3860,422.39360784,33.66125856
865,3861,431.73588024,33.4615536
865,3862,440.87640552,33.74574912
865,3863,450.57617784,35.09759808
865,3864,460.06447992,32.8854816
865,3865,469.10600616,32.5562976
865,3866,477.5870052,27.26082432
865,3867,484.74206328,25.51614912
865,3868,491.15551248,16.71596352
865,3869,494.3883432,11.51375904
865,3870,497.83813056,12.72186432
865,3871,499.9759368,13.935456
866,3821,177.8443992,28.3866336
866,3822,182.139336,27.70741728
866,3823,189.77338728,27.27179712
866,3824,196.70612424,22.27149216
866,3825,202.25241744,17.90541504
866,3826,207.13592304,17.6003712
866,3827,212.02439688,17.6003712
866,3828,216.63791064,12.39268032
866,3829,219.56347248,13.4745984
866,3830,222.89286384,7.37811072
866,3831,224.4656928,5.4864
866,3832,225.9896928,5.4864
866,3833,227.51375376,5.48420544
866,3834,229.27065144,8.37663552
866,3835,231.59706792,6.43774176
866,3836,233.1524928,5.4864
866,3837,234.67478592,5.5357776
866,3838,236.75410104,10.1004624
866,3839,239.77363272,10.87294752
866,3840,242.8018512,10.96511904
866,3841,246.09274632,13.99032
866,3842,250.49658816,16.46139456
866,3843,255.02926896,15.75584352
866,3844,259.40138112,16.1958528
866,3845,263.9090988,16.2232848
866,3846,268.9546056,20.738592
866,3847,274.95544704,21.81612096
866,3848,281.03379912,21.95437824
866,3849,286.88495328,19.33736544
866,3850,292.01050056,19.6083936
866,3851,297.95029056,21.9456
866,3852,304.01495712,20.99316096
866,3853,309.14870352,16.46797824
866,3854,313.83585696,18.89296704
866,3855,319.8862284,25.319736
866,3856,328.26191904,33.01605792
866,3857,336.519393,32.9362308
876,3818,139.1623836,26.8230096
876,3819,145.41410592,29.31712704
876,3820,153.65702568,29.4400224
876,3821,161.76235872,29.09657376
876,3822,169.85245176,29.187648
876,3823,177.96183864,29.20081536
876,3824,186.07616328,29.0340288
876,3825,192.99186192,19.48659552
876,3826,197.93449872,17.55648
876,3827,202.80249,17.46101664
876,3828,207.33297624,13.55031072
876,3829,209.56655064,3.95898624
876,3830,210.60969816,3.76037856
876,3831,211.65406488,3.7636704
876,3832,212.69840112,3.76257312
876,3833,213.74279832,3.76257312
876,3834,214.78716504,3.76147584
876,3835,215.83159272,3.7636704
876,3836,216.87592896,3.7636704
876,3837,217.91922888,3.93045696
876,3838,219.70834392,8.00685216
876,3839,222.11068608,10.00938816
876,3840,224.99586192,10.89489312
876,3841,228.09262992,11.97022752
876,3842,232.08221808,16.28473248
876,3843,236.6554068,16.46139456
876,3844,241.20905784,16.1684208
876,3845,245.64344064,15.90726816
876,3846,250.207272,17.51917248
876,3847,255.25661928,18.1929024
876,3848,260.70296856,22.48216992
876,3849,267.46526136,24.661368
876,3850,274.27034808,25.21220256
876,3851,281.58179904,27.02052
876,3852,289.1869248,27.432
876,3853,296.75904072,26.4389616
876,3854,303.66593064,24.18075936
876,3855,310.12482552,21.91158432
876,3856,316.18799856,21.85452576
876,3857,322.93352736,28.1946096
876,3858,331.22881176,30.1093632
876,3859,339.588348,29.98646784
876,3860,346.931763771429,29.1312164571429
876,3861,356.53513656,33.82475328
876,3862,366.66748104,38.31482304
876,3863,377.34764256,38.95124544
876,3864,388.65447288,41.87439936
876,3865,399.71810328,37.93626144
876,3866,410.32956288,38.1743712
876,3867,420.99838584,37.67840064
876,3868,431.11228992,36.46919808
876,3869,441.26420256,36.52735392
876,3870,451.4107812,35.97213024
876,3871,460.5430464,30.0544992
876,3872,468.82833336,29.88222624
876,3873,476.08001304,18.89625888
876,3874,480.03793248,12.77124192
876,3875,483.17447688,9.65386944
876,3876,485.6703012,8.4600288
876,3877,488.10440352,8.7617808
876,3878,490.446822,10.26285984
876,3879,493.94574312,13.33524384
876,3880,498.08270208,16.47346464
882,3829,205.7610312,10.8466128
882,3830,207.51155856,10.3802688
882,3831,209.80865328,5.05955808
882,3832,210.46656408,1.00510848
882,3833,210.74698008,1.0094976
882,3834,211.02785328,1.0094976
882,3835,211.30598328,0.96670368
882,3836,211.56408792,0.90854784
882,3837,211.93929672,2.26698048
882,3838,212.94559392,5.74096896
882,3839,215.02332408,7.9881984
882,3840,217.24141464,7.9881984
882,3841,219.53351064,9.26214048
882,3842,222.44636232,11.29759488
882,3843,226.18351512,15.71414688
882,3844,230.71235544,16.46029728
882,3845,235.2845688,16.46029728
882,3846,239.84486448,16.35386112
882,3847,244.39973472,16.46139456
882,3848,248.97225288,16.45151904
882,3849,253.86127536,19.90136736
882,3850,260.1199776,24.4748304
882,3851,267.12952416,25.98578496
882,3852,274.56463248,27.239976
882,3853,282.17807928,27.432
882,3854,289.79814024,27.44077824
882,3855,297.20660904,25.29559584
882,3856,304.04549808,24.5406672
882,3857,310.96101384,25.77400992
882,3858,318.44507304,27.6459696
882,3859,326.13944424,27.6953472
882,3860,333.83152944,27.733752
882,3861,342.0217188,31.99229568
882,3862,351.52242624,35.8591104
882,3863,361.69192584,37.59610464
882,3864,372.23940792,37.78264224
882,3865,382.69496232,38.21935968
882,3866,393.5275848,39.0137904
882,3867,404.29720512,38.67034176
882,3868,415.0505796,38.74056768
882,3869,425.80404552,38.68899552
882,3870,436.53724224,38.13706368
882,3871,446.70274896,35.48493792
882,3872,456.43415952,32.72747328
882,3873,464.15709048,24.71513472
882,3874,470.8774428,21.3366096
882,3875,474.90635016,9.91063296
882,3876,477.16473528,5.41288224
882,3877,478.31614776,3.950208
882,3878,479.49813168,5.6729376
882,3879,481.44513312,7.95308544
882,3880,484.31976288,13.3429248
882,3881,488.85939312,20.30187456
882,3882,495.42423648,24.68660544
882,3883,502.27373256,24.65368704
882,3884,506.7293904,24.6888
894,3803,19.963638,23.4159552
894,3804,23.9056164,24.27732
894,3805,30.4851816,23.51361312
894,3806,37.2293388,25.40093472
894,3807,45.20348592,33.27940512
894,3808,55.25493648,36.9563904
894,3809,63.8714496,17.75837952
894,3810,69.60309168,32.88767616
894,3811,78.442566,24.798528
894,3812,83.75029224,16.73132544
894,3813,88.39882752,17.03966112
894,3814,92.75652264,14.15162016
894,3815,96.9373728,16.81691328
894,3816,102.0322572,19.05097536
894,3817,107.16926496,18.297144
894,3818,112.44328032,20.81210976
894,3819,118.592346,22.08056544
894,3820,124.58876784,21.95218368
894,3821,131.24325288,24.9027696
894,3822,137.89377552,24.23672064
894,3823,144.81730752,25.2264672
894,3824,151.9368564,25.69720032
894,3825,159.27241704,26.4554208
894,3826,166.17644184,24.16539744
894,3827,173.03492952,24.5626128
894,3828,179.7254724,23.46094368
894,3829,186.0319368,22.24625472
894,3830,192.04369008,20.03304096
894,3831,196.93335264,15.97749408
894,3832,200.668128,10.68092352
894,3833,202.86570552,5.1901344
894,3834,203.56637976,0.2084832
894,3835,203.5679952,0
894,3836,203.5679952,0
894,3837,203.56836096,0.08558784
894,3838,203.69945544,0.4169664
894,3839,203.7182616,0
894,3840,203.8686804,1.4209776
894,3841,204.97348896,6.70108896
894,3842,207.0754812,8.18241696
894,3843,209.4736476,8.50611456
894,3844,212.13183888,11.73321504
894,3845,215.71781088,13.085064
894,3846,219.4146996,13.26392064
894,3847,222.80541672,12.28185504
894,3848,226.9054644,16.42847616
894,3849,231.47874456,16.4592
894,3850,236.20649736,18.92039904
894,3851,242.01967344,21.35526336
894,3852,247.6611252,18.36736992
894,3853,252.69770136,19.94525856
894,3854,258.61420464,21.8523312
894,3855,264.70624224,21.8687904
894,3856,270.72363432,21.54180096
894,3857,276.770592,21.94779456
894,3858,282.86695776,21.9456
894,3859,289.01148192,22.89803904
894,3860,295.81925088,25.69720032
894,3861,303.21089472,27.3935952
894,3862,310.81129608,27.28057536
894,3863,318.35601048,27.3716496
894,3864,326.13709728,28.31640768
894,3865,334.00300992,28.3207968
894,3866,341.77202664,27.46382112
894,3867,349.6077336,29.41588224
894,3868,357.91905048,30.45829824
894,3869,366.54019656,31.2560208
894,3870,375.43898496,32.96009664
894,3871,385.28204376,38.68241184
894,3872,396.11905536,37.51710048
894,3873,406.49328912,37.6751088
894,3874,416.53074936,34.70477184
894,3875,425.64951192,30.2355504
894,3876,433.67483496,28.5731712
894,3877,441.6030792,28.51391808
894,3878,448.06386384,17.15926464
894,3879,453.72089088,24.33986496
894,3880,459.83892792,18.92478816
894,3881,464.56707696,14.11211808
894,3882,467.66482032,10.92232512
894,3883,471.0639804,12.63847104
894,3884,474.5627796,12.5967744
894,3885,478.06118256,12.59567712
894,3886,481.71143688,15.08321088
894,3887,486.39959616,16.87177728
894,3888,491.25448104,19.85747616
894,3889,497.40628992,23.08896576
900,3843,201.1797729,4.0174164
900,3844,202.46437536,7.18389216
900,3845,204.86525448,8.9647776
900,3846,207.35519616,8.95819392
900,3847,210.1978524,12.83927328
900,3848,214.2352332,14.86924128
900,3849,218.36323104,14.89667328
900,3850,222.79596792,18.15559488
900,3851,228.27041976,20.1131424
900,3852,233.85807432,20.12082336
900,3853,239.12483544,16.431768
900,3854,243.48624912,16.45700544
900,3855,248.61521016,21.0732624
900,3856,254.73708768,23.30512992
900,3857,262.0557624,28.309824
900,3858,269.76500784,27.17084736
900,3859,277.25635176,25.88154336
900,3860,283.7788584,22.19139072
900,3861,290.5655352,26.96126688
900,3862,298.18068888,27.432
900,3863,305.80032312,27.42322176
900,3864,313.38478344,27.27947808
900,3865,321.04776024,28.52489088
900,3866,329.3563644,30.33101376
900,3867,337.37169,27.51649056
900,3868,344.97657192,27.87749568
900,3869,353.05785624,29.8076112
900,3870,361.60764864,32.08117536
900,3871,370.38405984,30.67665696
900,3872,378.78587184,31.11117984
900,3873,388.5710796,37.73216736
900,3874,398.37030816,33.72051168
900,3875,407.94115008,34.54127712
900,3876,417.09536088,31.21432416
900,3877,425.67907752,30.88184832
900,3878,434.1825708,29.01647232
900,3879,441.60838272,26.12513952
900,3880,448.81019712,22.94851392
900,3881,453.10223832,10.19482848
900,3882,455.88140472,10.00829088
900,3883,458.66724624,10.39782528
900,3884,461.74462896,11.41280928
900,3885,464.91354312,11.41500384
900,3886,467.99071248,11.24053632
900,3887,471.1759944,8.14510944
900,3888,472.52927592,9.30712896
900,3889,477.38681256,20.7276192
900,3890,483.07669704,19.37138112
900,3891,488.55319104,21.29052384
900,3892,494.1755928,19.24519392
900,3893,498.708317142857,17.6615053714286
902,3871,407.8969744,44.6720976
902,3872,417.55853496,41.69225088
902,3873,428.55053736,38.49477696
902,3874,439.26401352,37.12756608
902,3875,448.64779968,31.99558752
902,3876,457.21834896,27.267408
902,3877,463.64853168,21.47486688
902,3878,469.07616624,14.63003424
902,3879,471.2902944,2.51386848
902,3880,472.2414228,9.3488256
902,3881,476.12317272,15.1863552
902,3882,480.34227528,15.1863552
902,3883,484.49206632,14.08249152
902,3884,488.75313984,18.22362624
902,3885,494.38127184,21.78210528
902,3886,499.0466016,22.5600768
909,3805,10.1215444,24.7326912
909,3806,15.74511456,26.31496896
909,3807,23.31595032,27.49673952
909,3808,31.05046368,28.90893888
909,3809,39.3483084,30.17629728
909,3810,46.8213948,20.63105856
909,3811,52.42444176,22.96936224
909,3812,58.87632624,23.2294176
909,3813,65.34604152,23.50702944
909,3814,71.58301152,20.90757312
909,3815,77.45019816,21.3530688
909,3816,83.24920104,20.15813088
909,3817,88.71572808,19.53487584
909,3818,93.99718056,19.11022848
909,3819,99.5967528,20.21518944
909,3820,104.92273656,19.38784032
909,3821,110.7019884,21.64055616
909,3822,116.82029976,22.03118784
909,3823,122.62945248,21.5121744
909,3824,128.86770264,22.1979744
909,3825,135.31644768,23.59481184
909,3826,141.6911568,22.4338896
909,3827,147.88274208,22.72905792
909,3828,154.20133752,22.4887536
909,3829,160.53209448,22.4558352
909,3830,166.52680944,21.62848608
909,3831,172.6176888,21.95218368
909,3832,178.53214992,19.49208192
909,3833,183.27099744,14.54115456
909,3834,186.50836968,9.28957248
909,3835,188.50989984,4.84119936
909,3836,189.16945656,0.47512224
909,3837,189.1820448,0
909,3838,189.1820448,0
909,3839,189.1820448,0
909,3840,189.1820448,0
909,3841,189.1820448,0
909,3842,189.1820448,0
909,3843,189.255654,1.04131872
909,3844,189.8245632,2.3810976
909,3845,190.48488192,2.37341664
909,3846,191.45746824,5.83314048
909,3847,193.4998416,7.68096
909,3848,195.63338064,7.67657088
909,3849,197.9589132,9.8261424
909,3850,200.95073856,10.93220064
909,3851,203.98544928,10.95963264
909,3852,207.03354072,10.96621632
909,3853,210.46839288,15.20720352
909,3854,215.19757824,17.42041728
909,3855,220.04600136,17.4686976
909,3856,224.92158216,18.4397904
909,3857,230.63914248,21.94779456
909,3858,236.73593496,21.92145984
909,3859,242.87664912,22.80038112
909,3860,249.39501048,23.646384
909,3861,255.94251072,23.46204096
909,3862,262.57825056,26.29521792
909,3863,270.8306496,21.7956384
909,3864,276.84627384,27.32885568
909,3865,284.41857264,27.10062144
909,3866,292.08228096,28.0464768
909,3867,299.87120112,28.0409904
909,3868,307.61961336,27.51868512
909,3869,315.25299408,28.4414976
909,3870,323.74237512,32.6111616
909,3871,332.9362404,32.69455488
909,3872,342.00842952,32.71650048
909,3873,350.89819584,31.23517248
909,3874,359.54320776,31.68066816
909,3875,368.49433032,32.35768992
909,3876,377.53530792,32.68029024
909,3877,387.13522776,36.53064576
909,3878,396.7845252,31.96266912
909,3879,405.34647912,30.76553664
909,3880,413.65496136,28.05525504
909,3881,421.19769456,27.0040608
909,3882,428.69513448,26.93493216
909,3883,436.06818552,24.58785024
909,3884,441.73438704,17.81214624
909,3885,446.65516968,16.95517056
909,3886,450.90493512,14.30414208
909,3887,454.8807768,14.27890464
909,3888,458.72061672,13.31988192
909,3889,462.3966876,13.2331968
909,3890,466.0724232,13.2331968
909,3891,469.5983496,9.64399392
909,3892,471.1383516,7.66669536
909,3893,475.08365232,16.6896288
909,3894,479.70859608,16.51516128
909,3895,484.5571716,18.68448384
909,3896,489.80101176,18.87431328
909,3897,494.79775056,15.11174016
909,3898,498.43297824,13.11469056
921,3823,20.6270352,26.224992
921,3824,25.48457184,25.347168
921,3825,31.74744984,20.00451168
921,3826,37.14981648,19.64789568
921,3827,42.73277712,20.135088
921,3828,48.45673824,22.11238656
921,3829,54.98716968,24.6394224
921,3830,62.0493552,25.60722336
921,3831,69.16286904,25.59076416
921,3832,75.62627496,20.13728256
921,3833,81.05168448,19.66764672
921,3834,86.49352272,19.57986432
921,3835,92.37415104,24.35522688
921,3836,98.2405452,27.15768
922,3809,23.28251376,24.99494112
922,3810,30.13484448,23.86254816
922,3811,37.1636544,26.44883712
922,3812,44.5331088,26.53881408
922,3813,51.90268512,26.26559136
922,3814,58.66205184,22.48216992
922,3815,64.8593064,22.31538336
922,3816,71.00535456,21.06338688
922,3817,76.75558944,21.6877392
922,3818,82.88429448,21.97412928
922,3819,88.55046552,18.1819296
922,3820,93.43915272,17.71339104
922,3821,98.62684872,19.30334976
922,3822,103.74687912,18.01294848
922,3823,108.90299784,19.7949312
922,3824,114.58831032,20.58716736
922,3825,120.55291104,21.99278304
922,3826,126.64921584,22.18480704
922,3827,133.04187768,23.70563712
922,3828,139.66304808,24.40460448
922,3829,146.63284872,24.91813152
922,3830,153.4512552,23.71551264
922,3831,159.83718096,23.45874912
922,3832,166.34158248,22.54690944
922,3833,172.23351888,18.93246912
922,3834,176.36806992,10.1827584
922,3835,178.47271392,6.96443616
922,3836,180.40523736,6.95456064
922,3837,181.93597344,2.56105152
922,3838,182.12113944,0.2359152
922,3839,182.18651904,0.23262336
922,3840,182.25183768,0.23481792
922,3841,182.31709536,0.23372064
922,3842,182.38244448,0.23372064
922,3843,182.4477936,0.23262336
922,3844,182.67538776,2.0464272
922,3845,183.4673496,3.01752
922,3846,184.305702,3.01752
922,3847,185.14393248,3.01313088
922,3848,186.14626728,5.19342624
922,3849,188.3852976,10.25298432
922,3850,191.33082384,10.42306272
922,3851,194.19088416,9.73616544
922,3852,196.79116344,9.6012
922,3853,199.43743704,9.73616544
922,3854,202.33955976,10.95963264
922,3855,205.73600712,13.98702816
922,3856,210.12342024,17.92297152
922,3857,215.48055456,19.77956928
922,3858,220.8602136,19.48001184
922,3859,226.6783884,21.92036256
922,3860,232.77493704,21.94230816
922,3861,239.04226512,24.04250208
922,3862,246.23990376,27.16206912
922,3863,253.85639856,27.61085664
922,3864,261.72011664,28.6774128
922,3865,269.46441408,27.15548544
922,3866,277.03451832,27.43419456
922,3867,284.6536344,27.46052928
922,3868,292.61391312,30.28602528
922,3869,301.3211652,32.37634368
922,3870,310.399938,32.25564288
922,3871,319.34691528,31.78490976
922,3872,327.92069544,30.6799488
922,3873,336.45808248,30.72603456
922,3874,344.95886304,30.45610368
922,3875,353.33385264,29.81419488
922,3876,361.3559448,27.66681792
922,3877,369.05485752,27.9916128
922,3878,376.79339424,28.66534272
922,3879,385.49302632,33.6096864
922,3880,394.8252708,32.5947024
922,3881,403.68979968,31.7552832
922,3882,412.51284528,31.8046608
922,3883,421.185594,28.27800288
922,3884,427.30707528,18.07329888
922,3885,432.31219608,18.0283104
922,3886,437.31874944,18.00417024
922,3887,442.3126536,17.8472592
922,3888,447.05140968,16.07405472
922,3889,451.151244,13.22990496
922,3890,454.68354072,12.7394208
922,3891,458.22309168,12.86451072
922,3892,462.03114096,14.49726336
922,3893,466.07769624,14.56529472
922,3894,469.32488304,7.22119968
922,3895,472.442286,16.95626784
922,3896,477.22804224,17.22949056
922,3897,481.9206516,15.6307536
922,3898,486.30867432,16.8926256
922,3899,491.33190024,18.763488
922,3900,496.17456264,17.07587136
922,3901,499.4682416,18.8402976
923,3812,22.7811245333333,23.2123488
923,3813,28.89022416,22.8618288
923,3814,35.07080616,23.46313824
923,3815,42.3332148,26.4389616
923,3816,49.15165176,25.03554048
923,3817,56.88296472,29.90965824
923,3818,65.23890432,29.71653696
923,3819,72.51640056,22.18261248
923,3820,78.386178,20.2612752
923,3821,83.99629632,20.72542464
923,3822,89.6814564,20.43793728
923,3823,95.2021464,19.57766976
923,3824,100.54489416,18.68338656
923,3825,105.94186584,20.4148944
923,3826,111.6308664,20.83624992
923,3827,117.73168224,22.7082096
923,3828,124.087128,22.82561856
923,3829,130.64685072,24.67014624
923,3830,137.5736136,24.49019232
923,3831,144.35596224,24.91483968
923,3832,151.11974856,22.99569696
923,3833,157.57053576,23.4598464
923,3834,163.5573564,18.83920032
923,3835,168.10713648,13.9958064
923,3836,171.39413016,10.49767776
923,3837,173.56125816,4.44178944
923,3838,174.08780016,0.22274784
923,3839,174.09414,0
923,3840,174.17585688,0.55632096
923,3841,174.28278072,0.07351776
923,3842,174.304452,0.00877824
923,3843,174.304452,0
923,3844,174.40851072,0.50255424
923,3845,174.4580712,0
923,3846,174.63610488,1.49010624
923,3847,175.45208496,4.23659808
923,3848,176.81067,5.75852544
923,3849,178.8973308,9.299448
923,3850,181.76537688,10.97389728
923,3851,184.81389504,10.9728
923,3852,187.75850688,9.22154112
923,3853,189.76107336,5.89788
923,3854,191.29732632,5.57857152
923,3855,193.85408016,14.49726336
923,3856,198.4757016,17.00784
923,3857,203.1891288,16.9584624
923,3858,208.40873736,21.7426032
923,3859,214.82297904,23.262336
923,3860,221.28260544,23.19540192
923,3861,227.59059384,22.3186752
923,3862,234.3768744,26.95907232
923,3863,241.97169792,27.3277584
923,3864,249.58276728,27.432
923,3865,257.2315404,28.0464768
923,3866,265.16069904,28.25496
923,3867,272.78109528,27.14780448
923,3868,280.35644208,27.30800736
923,3869,287.96952312,27.42431904
923,3870,295.91227584,31.00803552
923,3871,304.96248888,32.88109248
923,3872,314.06671248,32.79660192
923,3873,323.38204056,35.23036896
923,3874,333.45982584,35.10418176
923,3875,342.42231744,29.96013312
923,3876,350.57858256,29.59144704
923,3877,358.73170824,28.24508448
923,3878,366.35783472,27.90053856
923,3879,374.14355448,27.50661504
923,3880,381.92662248,29.63533824
923,3881,390.5634048,31.30210656
923,3882,398.63383824,26.59696992
923,3883,405.89344272,26.115264
923,3884,412.93657824,22.30331328
923,3885,417.812982,15.0930864
923,3886,421.97149032,14.41716192
923,3887,425.69849328,12.33232992
923,3888,429.29763264,15.35204448
923,3889,434.22323112,19.48440096
923,3890,439.4990448,18.08427168
923,3891,444.62529312,18.61096608
923,3892,449.79707856,18.50123808
923,3893,454.57789704,16.0861248
923,3894,459.09442344,16.3823904
923,3895,463.64557512,16.3823904
923,3896,468.11141328,13.7489184
923,3897,470.63561448,10.51413696
923,3898,475.3191408,18.82603296
923,3899,480.54835056,18.82822752
923,3900,485.7792672,19.22544288
923,3901,491.5741248,21.57691392
923,3902,496.657884,15.42665952
923,3903,499.5156888,15.9325056
924,3830,42.49442352,13.5404352
924,3831,45.3025764,12.77672832
924,3832,48.48124416,12.33781632
924,3833,52.50003216,14.62893696
924,3834,56.6382408,15.74706528
924,3835,59.3130132,17.0188128
934,3815,23.43143904,27.27179712
934,3816,30.78641544,26.46858816
934,3817,38.14005072,26.49711744
934,3818,45.50453688,26.51796576
934,3819,52.86798672,26.499312
934,3820,60.22945536,26.50370112
934,3821,66.1792428,13.63480128
934,3822,71.1851256,25.3142496
934,3823,78.17309232,22.99240512
934,3824,83.22173856,16.07186016
934,3825,88.18635144,18.69545664
934,3826,93.25883304,17.69254272
934,3827,97.97543016,17.28216
934,3828,103.2264636,19.70934336
934,3829,108.70582272,19.95513408
934,3830,115.08537816,26.2743696
934,3831,122.43858672,26.29960704
934,3832,129.70349472,26.69572512
934,3833,137.35632168,26.89543008
934,3834,144.43057728,23.95033056
934,3835,150.69720432,21.9291408
934,3836,156.27483096,17.13841632
934,3837,160.67528952,15.56930592
934,3838,163.75696992,4.10602176
934,3839,164.03385024,0.3621024
934,3840,164.13550104,0.36539424
934,3841,164.23709088,0.3621024
934,3842,164.33883312,0.36539424
934,3843,164.43999624,0.35881056
934,3844,164.85568248,3.38949792
934,3845,166.04199456,4.38034176
934,3846,166.85501808,0.8010144
934,3847,166.88580288,0.32479488
934,3848,167.21486496,1.40561568
934,3849,168.00295584,5.7662064
934,3850,170.40679152,10.37149056
934,3851,173.37996312,10.97389728
934,3852,176.53516128,11.65969728
934,3853,179.7516852,10.67214528
934,3854,181.98230304,5.93409024
934,3855,183.28760904,3.1107888
934,3856,184.13032008,4.14332928
934,3857,185.77745928,7.8236064
934,3858,188.72460096,14.2975584
934,3859,193.65876432,20.80881792
934,3860,199.83279312,22.54581216
934,3861,206.20509432,24.24549888
934,3862,213.46338816,27.1192752
934,3863,220.5726348,23.07360384
934,3864,226.74142104,22.93205472
934,3865,233.7619404,27.23558688
934,3866,241.3671576,27.3332448
934,3867,248.9761848,27.432
934,3868,256.5906984,27.51319872
934,3869,264.29259816,27.67779072
934,3870,271.87398,27.15548544
934,3871,279.4714248,27.432
934,3872,287.10535416,28.25386272
934,3873,295.66554024,32.79111552
934,3874,304.81091184,32.91181632
934,3875,313.81488672,30.861
934,3876,321.86124096,29.02086144
934,3877,330.30554208,30.42537984
934,3878,338.16526728,26.79228576
934,3879,345.82479984,28.64010528
934,3880,353.94698832,29.33358624
934,3881,361.82039904,27.36177408
934,3882,369.42165384,27.42870816
934,3883,377.04122712,27.49673952
934,3884,384.92049,29.37089376
934,3885,393.00308496,26.65402848
934,3886,398.76642624,16.42957344
934,3887,403.05316392,14.67502272
934,3888,407.06003424,14.20538688
934,3889,411.49298448,16.97162976
934,3890,415.72153584,14.31511488
934,3891,419.79719952,16.00273152
934,3892,424.671744,18.12816288
934,3893,429.71005752,18.09634176
934,3894,434.87163216,19.46464992
934,3895,440.3730588,19.8113904
934,3896,445.88347704,19.85418432
934,3897,451.398894,19.85747616
934,3898,456.880722,19.531584
934,3899,462.28165608,19.40429952
934,3900,467.05595184,13.98154176
934,3901,470.03244576,5.44360608
934,3902,471.94838808,13.57884
934,3903,476.47823424,16.7115744
934,3904,481.11000552,16.14976704
934,3905,485.5588968,16.99906176
934,3906,490.71349152,19.61058816
934,3907,495.84159912,18.23020992
934,3908,499.4143936,21.1006944
937,3817,22.6372347428571,27.5903218285714
937,3818,29.21626872,25.72792416
937,3819,35.48091456,21.5121744
937,3820,41.46200496,21.53741184
937,3821,47.44800264,21.54728736
937,3822,53.56046184,24.04030752
937,3823,61.107066,28.72459584
937,3824,69.083682,28.7158176
937,3825,76.64808648,22.72576608
937,3826,81.95910456,18.46941696
937,3827,87.15030576,19.2517776
937,3828,92.56571784,19.25945856
937,3829,98.00185632,20.34466848
937,3830,103.76373456,19.7400672
937,3831,108.77912712,18.38163456
937,3832,114.41984736,22.14969408
937,3833,121.039128,24.38485344
937,3834,127.7587488,24.81608448
937,3835,134.77454376,24.17088384
937,3836,141.10633704,22.21772544
937,3837,147.1770996,21.12154272
937,3838,151.6602504,10.06534944
937,3839,153.88748496,7.68096
937,3840,156.02108496,7.68754368
937,3841,157.70050248,2.72344896
937,3842,157.8522624,0
937,3843,157.8522624,0
937,3844,157.8522624,0
937,3845,157.8522624,0
937,3846,157.8522624,0
937,3847,158.0445912,2.11884768
937,3848,158.94460464,3.4783776
937,3849,159.9096624,3.47947488
937,3850,160.84024728,3.7691568
937,3851,162.33812592,6.65280864
937,3852,164.57587608,10.13447808
937,3853,167.77170408,12.06898272
937,3854,171.07887552,11.42487936
937,3855,174.23187912,10.69409088
937,3856,176.45106696,5.44580064
937,3857,177.76890024,4.9542192
937,3858,179.21151864,5.85508608
937,3859,181.4524692,11.0057184
937,3860,185.76727896,18.83590848
937,3861,191.11328808,21.13800192
937,3862,198.67513224,31.875984
937,3863,207.56691024,31.12105536
937,3864,214.90039824,22.06410624
937,3865,220.9290984,22.0224096
937,3866,227.25528336,24.14893824
937,3867,234.5262264,27.39249792
937,3868,242.12851752,27.3332448
937,3869,249.74044032,27.42980544
937,3870,257.29801728,26.97992064
937,3871,264.7098084,25.40971296
937,3872,271.62047784,25.99675776
937,3873,279.14730048,28.0190448
937,3874,287.59562496,32.6056752
937,3875,296.7369732,32.9184
937,3876,305.88011976,32.84488224
937,3877,314.98522728,32.84488224
937,3878,324.03004536,32.48168256
937,3879,333.07550352,31.1188608
937,3880,341.01859152,27.28167264
937,3881,348.82573872,29.49378912
937,3882,357.18280608,29.8624752
937,3883,365.15442336,27.64487232
937,3884,372.77811144,27.43090272
937,3885,380.37247776,26.90091648
937,3886,387.67408368,25.99236864
937,3887,394.14635928,18.58133952
937,3888,398.5753776,15.36192
937,3889,402.85745184,15.526512
937,3890,407.1120636,13.99361184
937,3891,410.55990024,12.20394816
937,3892,414.05171952,12.66370848
937,3893,417.88683504,14.94385632
937,3894,422.3180784,18.0118512
937,3895,427.783752,20.2557888
937,3896,433.41124392,20.2557888
937,3897,439.0334628,20.217384
937,3898,444.48566424,18.955512
937,3899,449.84270712,19.47562272
937,3900,455.02424616,18.06561792
937,3901,460.16094912,18.91491264
937,3902,465.3748884,17.69693184
937,3903,469.22058048,7.5931776
937,3904,471.51624264,14.456664
937,3905,476.28828288,17.57623104
937,3906,481.03578672,14.94934272
937,3907,484.44777888,13.26282336
937,3908,489.12798288,18.76458528
937,3909,494.37368232,17.65852704
937,3910,498.5884872,20.0488731428571
941,3886,381.2809494,21.4847424
941,3887,385.42697616,20.33589024
941,3888,390.08127216,13.75659936
941,3889,393.49448352,11.06277696
941,3890,396.5405328,10.9782864
941,3891,400.58663088,20.67165792
941,3892,405.8553224,24.5571264
947,3819,20.67714432,22.2308928
947,3820,25.50679176,22.51399104
947,3821,31.03970424,15.47823168
947,3822,34.90139832,15.93908928
947,3823,40.80095472,24.4364256
947,3824,47.34805872,23.61785472
947,3825,54.09800712,24.74037216
947,3826,60.94762512,24.1017552
947,3827,67.46037816,23.1964992
947,3828,73.90327104,23.20527744
947,3829,80.38283136,23.34792384
947,3830,86.57725128,19.30334976
947,3831,90.99380328,14.5279872
947,3832,95.18029224,17.6991264
947,3833,101.45655096,25.32631968
947,3834,108.45610008,24.28390368
947,3835,115.20382344,24.83473824
947,3836,121.75589568,22.36366368
947,3837,127.77853032,21.70200384
947,3838,134.0211696,22.12994304
947,3839,140.02947864,21.41012736
947,3840,145.06273248,13.56567264
947,3841,148.23341448,10.9782864
947,3842,150.62197968,3.8898576
947,3843,150.8491776,0
947,3844,150.8491776,0
947,3845,150.8491776,0
947,3846,150.8491776,0
947,3847,150.8491776,0
947,3848,150.8491776,0
947,3849,150.8491776,0
947,3850,151.0796064,2.55556512
947,3851,152.1677424,4.20477696
947,3852,153.33610176,4.20587424
947,3853,154.604466,6.48711936
947,3854,157.24808784,11.15604576
947,3855,160.75462896,13.63589856
947,3856,164.3777256,12.01960512
947,3857,167.42154984,10.30016736
947,3858,170.13445272,8.73105696
947,3859,172.30977984,7.40773728
947,3860,174.18551904,7.17291936
947,3861,176.72191224,11.28881664
947,3862,180.44315448,14.6432016
947,3863,184.81956432,17.87578848
947,3864,190.27228392,19.52829216
947,3865,195.75121632,20.6508096
947,3866,201.68862888,23.07799296
947,3867,208.37097264,25.16831136
947,3868,215.8287276,27.41773536
947,3869,223.42059456,27.28496448
947,3870,231.01944144,27.47259936
947,3871,238.78400808,28.48099968
947,3872,246.67592016,27.88517664
947,3873,254.33847024,28.07720064
947,3874,262.42356456,29.34016992
947,3875,270.1984944,27.0150336
947,3876,277.82480376,28.8365184
947,3877,286.52443584,32.8854816
947,3878,295.669716,32.9184
947,3879,304.81399032,32.90962176
947,3880,313.92214584,32.76587808
947,3881,323.19123576,34.68940992
947,3882,333.05151576,34.69270176
947,3883,341.87279352,29.58705792
947,3884,349.77378864,25.69390848
947,3885,356.41446624,24.17637024
947,3886,363.24655824,24.75244224
947,3887,369.85044648,20.89989216
947,3888,374.9549016,17.6003712
947,3889,379.84444224,17.6003712
947,3890,384.73447056,17.64755424
947,3891,389.27919096,12.99289248
947,3892,392.0707932,9.1403424
947,3893,394.8690096,13.04885376
947,3894,399.44277744,17.83409184
947,3895,404.39620416,17.98003008
947,3896,409.6292544,19.61717184
947,3897,415.10129832,19.73128896
947,3898,420.58373592,20.06595936
947,3899,426.4930764,22.16944512
947,3900,432.65695536,22.165056
947,3901,438.57330624,20.84722272
947,3902,444.46246896,20.98657728
947,3903,450.07533048,19.65338208
947,3904,455.56014552,19.7949312
947,3905,461.05953,19.7949312
947,3906,466.4174568,17.44236288
947,3907,470.7136128,14.78913984
947,3908,474.75172512,14.24379168
947,3909,478.78560072,14.87253312
947,3910,482.9149092,14.868144
947,3911,487.08713352,16.08173568
947,3912,492.19039992,19.75433184
947,3913,497.60593392,18.70423488
952,3821,19.962876,27.8379936
952,3822,24.17249928,26.16573888
952,3823,30.8164992,21.56264928
952,3824,36.66170976,23.37645312
952,3825,43.76095896,25.86618144
952,3826,50.94591792,25.8519168
952,3827,58.12798128,25.85301408
952,3828,64.90301472,18.4123584
952,3829,69.52201488,21.8248992
952,3830,76.27068312,22.64566464
952,3831,81.52845264,17.4522384
952,3832,86.556342,18.42772032
952,3833,91.69706832,17.78800608
952,3834,96.9084168,21.12264
952,3835,103.0402308,22.165056
952,3836,109.231938,22.51947744
952,3837,115.53465336,22.86950976
952,3838,121.8786996,22.68187488
952,3839,128.14505232,22.7082096
952,3840,134.5306428,21.3914736
952,3841,139.11913248,12.0755664
952,3842,142.041372,10.15642368
952,3843,144.25293984,3.59578656
952,3844,144.4608744,0
952,3845,144.4608744,0
952,3846,144.4608744,0
952,3847,144.46968312,0.13825728
952,3848,144.55420416,0.3621024
952,3849,144.65585496,0.36429696
952,3850,144.7572924,0.3621024
952,3851,144.85866888,0.3621024
952,3852,144.9602892,0.37088064
952,3853,145.03807416,0.34454592
952,3854,145.90733328,7.00284096
952,3855,148.71533376,12.16225152
952,3856,152.35074432,13.42631808
952,3857,156.2715696,15.15453408
952,3858,160.12826496,11.38647456
952,3859,162.71223744,7.78081248
952,3860,164.6326908,6.57599904
952,3861,166.40104896,6.61769568
952,3862,168.64315776,9.56060064
952,3863,171.90427392,14.64539616
952,3864,176.48889264,17.10001152
952,3865,181.57975368,20.11643424
952,3866,187.50268824,22.77075456
952,3867,193.82027784,22.45254336
952,3868,200.66885952,25.99127136
952,3869,207.7632624,26.33142816
952,3870,215.5181364,28.59621408
952,3871,223.26612192,27.3606768
952,3872,231.25136376,30.94987968
952,3873,240.22589496,32.81854752
952,3874,249.3556608,32.9184
952,3875,258.47097912,32.79989376
952,3876,267.56679024,31.98790656
952,3877,275.81223984,27.72168192
952,3878,283.66446696,30.35515392
952,3879,292.62174648,32.9238864
952,3880,301.787052,33.00727968
952,3881,310.93376472,32.84927136
952,3882,320.09647944,33.91911936
952,3883,330.44352504,37.472112
952,3884,339.66994296,37.74204288
952,3885,349.77951888,24.15552192
952,3886,355.05164448,18.85017312
952,3887,360.87686016,22.53703392
952,3888,367.18152624,22.79708928
952,3889,373.08635568,18.15778944
952,3890,377.51333184,14.17795488
952,3891,380.67746064,9.69117696
952,3892,383.1553932,5.93409024
952,3893,385.01866608,12.75478272
952,3894,389.6541864,17.36884512
952,3895,394.46639928,17.3260512
952,3896,399.26053752,17.26460352
952,3897,404.39275992,19.59632352
952,3898,409.99132632,21.27296736
952,3899,416.0776032,22.000464
952,3900,422.18079648,21.73931136
952,3901,427.76924352,18.71740224
952,3902,432.98641368,18.8402976
952,3903,438.21611112,18.79421184
952,3904,443.43763992,18.8348112
952,3905,448.66989768,18.83810304
952,3906,453.90218592,18.84139488
952,3907,459.05315352,18.05464512
952,3908,464.00472096,17.79678432
952,3909,468.55642128,13.64357952
952,3910,473.02433208,20.14276896
952,3911,478.52057712,17.26240896
952,3912,482.60303784,14.8023072
952,3913,487.2453552,18.84468672
952,3914,492.65424456,17.73533664
952,3915,497.46267792,18.0337968
952,3916,500.2767744,17.1065952
960,3825,21.1539836,26.7297408
960,3826,26.90573232,24.30914112
960,3827,32.8126344,19.40210496
960,3828,38.34920448,21.31576128
960,3829,43.98132936,19.17057888
960,3830,49.2978948,19.20349728
960,3831,55.04922696,21.33222048
960,3832,60.98161032,22.43279232
960,3833,67.42111992,23.33256192
960,3834,73.90220424,23.33695104
960,3835,80.41946832,23.48069472
960,3836,86.91335424,23.3830368
960,3837,93.3920916,23.24807136
960,3838,99.87171288,23.3775504
960,3839,106.50937296,25.04980512
960,3840,113.68146936,26.07027552
960,3841,120.94817568,26.07576192
960,3842,127.3155696,17.18230752
960,3843,131.24441112,14.1384528
960,3844,135.14804568,13.57006176
960,3845,138.08564712,4.79730816
960,3846,138.3727992,0
960,3847,138.3727992,0
960,3848,138.3727992,0
960,3849,138.3727992,0
960,3850,138.3727992,0
960,3851,138.3727992,0
960,3852,138.3727992,0
960,3853,138.3727992,0
960,3854,138.5258088,2.30867712
960,3855,139.8169416,5.56650144
960,3856,141.70676256,7.9168752
960,3857,144.17110104,10.2979728
960,3858,147.31678944,12.37841568
960,3859,150.80144592,12.06898272
960,3860,154.26357768,12.34769184
960,3861,156.8604432,6.78228768
960,3862,158.688024,6.58368
960,3863,160.5238344,7.1103744
960,3864,163.25459856,12.4321824
960,3865,167.31877128,16.34179104
960,3866,171.8747388,17.24156064
960,3867,176.81259024,18.46612512
960,3868,182.54155008,22.31977248
960,3869,188.93296224,23.6244384
960,3870,195.57120144,24.14016
960,3871,202.46047392,25.55345664
960,3872,209.95605456,28.85407488
960,3873,218.158314,28.77397344
960,3874,226.17174984,30.87855648
960,3875,235.2130932,32.8964544
960,3876,244.3331664,32.84597952
960,3877,253.55995008,34.6850208
960,3878,263.77169496,36.40555584
960,3879,273.16349736,32.65615008
960,3880,282.29332416,32.890968
960,3881,291.4046496,32.81525568
960,3882,300.54532728,32.9184
960,3883,309.66863136,32.50692
960,3884,318.32141568,29.29957056
960,3885,326.7975684,32.98094496
960,3886,335.73817536,29.55304224
960,3887,343.44321456,27.32446656
960,3888,351.10789824,27.81385344
960,3889,358.79498472,27.34531488
960,3890,366.05507688,23.66613504
960,3891,371.45924184,15.01298496
960,3892,374.73511032,9.31371264
960,3893,376.85356176,6.86787552
960,3894,378.7629204,7.09501248
960,3895,381.29757624,12.04045344
960,3896,385.17615624,14.80669632
960,3897,389.29897248,14.80120992
960,3898,393.3989592,14.758416
960,3899,397.5116256,15.22146816
960,3900,402.10910688,17.7430176
960,3901,407.21834736,19.1146176
960,3902,412.71773184,20.32601472
960,3903,418.16880552,18.86114592
960,3904,423.4040808,17.7814224
960,3905,428.10370056,17.01003456
960,3906,432.75193104,16.45700544
960,3907,437.38333656,17.02539648
960,3908,442.25068776,17.49174048
960,3909,446.91257328,16.4592
960,3910,451.46628528,16.09051392
960,3911,455.80136424,15.691104
960,3912,460.4836104,18.58902048
960,3913,465.93352584,18.90284256
960,3914,470.23282128,16.27046784
960,3915,476.11966752,22.7575872
960,3916,482.25696792,20.10546144
960,3917,487.48581192,18.78433632
960,3918,492.56155488,17.42590368
960,3919,497.18729112,15.5923488
960,3920,499.6724576,11.0715552
963,3835,20.6709264,22.0114368
963,3836,24.18426456,21.88086048
963,3837,30.16828104,20.78906688
963,3838,35.73405096,20.68701984
963,3839,41.99086344,23.6847888
963,3840,48.71505624,24.42106368
963,3841,55.38481176,23.16577536
963,3842,61.66579488,22.50301824
963,3843,68.26645224,27.46382112
963,3844,76.97641704,32.83939584
963,3845,85.45339272,26.09770752
963,3846,91.60940784,19.33078176
963,3847,96.81859224,19.42295328
963,3848,102.25927224,18.47161152
963,3849,106.64897136,13.38462144
963,3850,109.7781396,9.20398464
963,3851,111.91923768,6.57929088
963,3852,113.24658072,2.95058592
963,3853,113.96472,2.5566624
963,3854,114.6761232,2.55446784
963,3855,115.33214424,2.09690208
963,3856,115.89285432,2.00911968
963,3857,116.45152224,2.00473056
963,3858,117.43840368,5.96700864
963,3859,119.2738788,7.51417344
963,3860,121.94249424,10.56790368
963,3861,124.87637712,10.5668064
963,3862,127.73244456,9.86125536
963,3863,130.57747824,11.20103424
963,3864,133.934454,12.15566784
963,3865,137.18996184,11.6586
963,3866,140.4283704,11.65530816
963,3867,143.66312136,11.58508224
963,3868,146.8552308,11.47974336
963,3869,150.2211372,14.65088256
963,3870,155.44915824,21.36184704
963,3871,159.6476106,21.9154248
965,3826,9.474708,22.3954848
965,3827,12.88090896,22.38341472
965,3828,19.0749936,21.98290752
965,3829,24.66584856,18.4123584
965,3830,29.74442616,18.28946304
965,3831,34.79868072,17.41493088
965,3832,38.9727948,13.08286944
965,3833,42.59445888,12.38499936
965,3834,45.62471952,11.04741504
965,3835,50.03712624,22.50960192
965,3836,57.18267456,26.3786112
965,3837,64.20624192,19.6248528
965,3838,68.48334792,21.55387104
965,3839,76.62434256,31.11666624
965,3840,84.82422456,25.75425888
965,3841,91.45344168,24.69099456
965,3842,98.31516024,24.5187216
965,3843,105.3149532,25.25828832
965,3844,112.15320216,23.55092064
965,3845,118.1156388,19.00269504
965,3846,122.60330064,12.95119584
965,3847,125.55986064,9.24787584
965,3848,127.66419984,5.32948896
965,3849,128.79174648,3.54750624
965,3850,129.51951744,1.38147552
965,3851,129.74308824,0.50255424
965,3852,129.89612832,0.5870448
965,3853,130.0784292,0.4992624
965,3854,130.31919072,1.13349024
965,3855,130.88697216,2.83537152
965,3856,131.82968808,4.78633536
965,3857,133.64050488,8.1527904
965,3858,136.20853632,10.24201152
965,3859,139.18984608,11.05290144
965,3860,142.55492952,12.76356096
965,3861,145.93308888,11.9109744
965,3862,149.11392072,10.10265696
965,3863,151.93155288,10.94207616
965,3864,154.94349504,10.11582432
965,3865,157.92462192,12.0371616
965,3866,161.64281616,15.2576784
965,3867,166.13837232,16.47675648
965,3868,170.98518,18.65485728
965,3869,176.4139728,20.53888704
965,3870,182.45035392,22.50631008
965,3871,188.7345984,22.65773472
965,3872,195.2893224,24.69867552
965,3873,202.26689544,25.48652256
965,3874,209.4582552,26.26668864
965,3875,216.7446516,26.22389472
965,3876,224.01547272,26.12952864
965,3877,231.35301456,27.79739424
965,3878,239.92414296,32.80099104
965,3879,249.052842,32.9293728
965,3880,258.31931064,34.0540848
965,3881,267.71967792,32.9513184
965,3882,276.78653304,32.77136448
965,3883,285.91663416,32.9184
965,3884,295.06048176,32.92059456
965,3885,304.20204336,32.6111616
965,3886,312.62068032,27.74253024
965,3887,320.31215592,28.76848704
965,3888,328.48609944,29.47952448
965,3889,336.33442512,26.5980672
965,3890,343.561416,25.83326304
965,3891,350.08544664,20.3106528
965,3892,355.45142016,19.11242304
965,3893,360.00787536,12.79867392
965,3894,363.29243064,11.850624
965,3895,366.58375248,11.84842944
965,3896,369.87516576,11.850624
965,3897,373.1669448,11.84074848
965,3898,376.44531264,12.97423872
965,3899,380.68404432,16.34179104
965,3900,385.22324784,16.38348768
965,3901,389.83450608,17.1779184
965,3902,394.79070648,18.10512
965,3903,399.81966264,18.10512
965,3904,404.9045496,19.00818144
965,3905,410.40865848,20.11423968
965,3906,416.00573136,20.17020096
965,3907,421.58460768,19.86954624
965,3908,427.04290512,19.5645024
965,3909,432.47840352,19.5645024
965,3910,437.81094048,17.88456672
965,3911,442.37032176,15.89739264
965,3912,446.78976936,15.91056
965,3913,451.20906456,15.91056
965,3914,455.3459016,12.64724928
965,3915,459.5826216,19.69178688
965,3916,465.1952088,19.2188592
965,3917,470.00531856,16.41421152
965,3918,474.58695024,16.43944896
965,3919,479.11731456,16.19365824
965,3920,483.60607368,15.65160192
965,3921,487.1734224,10.287
965,3922,489.9664572,10.0620576
965,3923,492.75967488,9.91063296
965,3924,495.27579888,8.28665856
965,3925,497.56143312,8.2296
965,3926,499.8450252,8.28117216
965,3927,502.29022224,9.29176704
965,3928,504.881388,9.32688
968,3834,21.0391586666667,17.0797728
968,3835,25.47280656,19.8168768
968,3836,31.46989896,21.90390336
968,3837,37.64764632,22.94193024
968,3838,44.13394272,23.42473344
968,3839,50.63895384,23.37974496
968,3840,57.32443704,25.55235936
968,3841,64.69328184,26.7242544
968,3842,72.11619816,26.7242544
968,3843,79.36629288,24.60540672
968,3844,85.88934816,23.2294176
968,3845,92.32702896,23.06921472
968,3846,98.47914264,20.24701056
968,3847,103.7290788,18.59999328
968,3848,108.90497904,18.6592464
968,3849,113.41726872,11.5159536
968,3850,115.76236944,7.72814304
968,3851,117.94729776,7.84226016
968,3852,119.56871184,2.36244384
968,3853,119.8612284,1.70517312
968,3854,120.66425448,3.40266528
968,3855,121.609104,3.401568
968,3856,122.553984,3.401568
968,3857,123.498864,3.401568
968,3858,124.68054312,7.00503552
968,3859,127.44261024,10.69518816
968,3860,130.47137736,11.56423392
968,3861,133.8084192,11.91865536
968,3862,136.9955604,11.411712
968,3863,140.12277792,10.7204256
968,3864,142.92952872,9.87442272
968,3865,145.66355424,9.820656
968,3866,148.4007192,9.87552
968,3867,151.40178,14.29316928
968,3868,156.64019472,20.71554912
968,3869,162.14707728,18.57365856
968,3870,167.15561184,17.8362864
968,3871,172.19526648,19.66435488
968,3872,178.50020688,24.69318912
968,3873,185.34820944,24.5022624
968,3874,192.20008296,24.94775808
968,3875,199.2052404,26.97992064
968,3876,208.22683272,35.37959904
968,3877,216.83496384,28.55012832
968,3878,225.00744432,30.1532544
968,3879,234.08892984,34.80791616
968,3880,244.2528516,38.0372112
968,3881,254.23316184,33.47142912
968,3882,263.40377088,31.85074656
968,3883,271.568418,28.3756608
968,3884,279.87455328,31.78710432
968,3885,289.17634824,34.83754272
968,3886,298.93555656,33.87413088
968,3887,307.32551184,27.50003136
968,3888,314.90308368,27.36177408
968,3889,322.29030792,25.31095776
968,3890,329.22935424,24.64381152
968,3891,335.67243,22.17493152
968,3892,341.81250408,22.02021504
968,3893,348.1363116,24.21916416
968,3894,355.26265752,26.63866656
974,3878,212.1488772,33.74136
974,3879,217.80590424,33.62943744
974,3880,227.03405952,34.17259104
974,3881,237.26153208,38.3170176
974,3882,247.90947624,38.35103328
974,3883,258.048252,34.31304288
974,3884,267.40356984,33.02593344
974,3885,276.44122512,31.80685536
974,3886,285.01171344,31.1462928
974,3887,293.99185296,32.87560608
974,3888,302.84443368,29.94586848
974,3889,310.56303648,25.35375168
974,3890,316.95956928,21.93791904
974,3891,323.11854096,22.7850192
974,3892,329.40351696,21.07545696
974,3893,334.8764448,19.3340736
974,3894,340.21010952,18.67241376
974,3895,345.23982768,17.98880832
974,3896,350.25381816,18.050256
974,3897,355.20800688,16.94419776
974,3898,359.70627576,16.14208608
974,3899,364.23414072,16.19365824
974,3900,368.41459464,13.71161088
974,3901,372.00023136,13.0302
974,3902,376.00201152,15.77778912
974,3903,380.56724496,17.0736768
974,3904,385.63902552,19.0268352
974,3905,390.91977696,18.9390528
974,3906,396.4283664,21.5176608
974,3907,402.9023184,24.93678528
974,3908,410.03091984,25.76523168
974,3909,417.07317144,24.56590464
974,3910,423.38003208,20.07364032
974,3911,428.46921672,17.83299456
974,3912,433.30130256,16.31545632
974,3913,437.6975244,16.01809344
974,3914,442.48306728,18.28726848
974,3915,447.5632908,18.00526752
974,3916,451.87678992,12.66370848
974,3917,455.2274868,13.21783488
974,3918,459.35258904,15.20500896
974,3919,463.50896376,14.9175216
974,3920,467.88439824,17.37762336
974,3921,472.9746192,18.47161152
974,3922,478.10190384,18.0722016
974,3923,482.09825856,10.39233888
974,3924,484.7802852,9.6012
974,3925,487.41720144,8.5697568
974,3926,489.13029936,4.88399328
974,3927,490.65155616,6.27424704
974,3928,492.43774512,5.3437536
974,3929,493.82257344,5.73548256
974,3930,495.7637532,7.31556576
974,3931,497.98992096,9.31919904
974,3932,499.6707304,9.0196416
981,3837,16.4341302,20.02536
981,3838,20.3389992,20.10546144
981,3839,25.93555392,20.50487136
981,3840,31.79652264,21.36513888
981,3841,37.89834432,24.46276032
981,3842,45.75297936,30.19824288
981,3843,54.06194928,28.7651952
981,3844,61.6454952,26.7132816
981,3845,69.0061104,25.4075184
981,3846,75.61627752,22.20675264
981,3847,81.5291232,20.16252
981,3848,86.80606464,18.23789088
981,3849,91.7708604,17.80007616
981,3850,96.43344696,15.46177248
981,3851,100.4753388,13.17504096
981,3852,103.2680688,6.63634944
981,3853,104.56487088,4.1148
981,3854,105.7079928,4.1148
981,3855,106.8512976,4.12357824
981,3856,107.72168448,1.6514064
981,3857,108.07997688,2.33610912
981,3858,109.3306932,5.8100976
981,3859,110.87429184,5.29657056
981,3860,112.40255904,6.03504
981,3861,114.3544068,7.58330208
981,3862,116.71014504,9.99183168
981,3863,119.63467056,11.00242656
981,3864,122.92519992,11.26248192
981,3865,126.1641876,12.5693424
981,3866,129.4285956,11.9274336
981,3867,132.80916288,11.66079456
981,3868,135.89468376,10.42086816
981,3869,138.58256256,10.10485152
981,3870,142.54020768,18.94344192
981,3871,148.41467904,22.33184256
981,3872,155.1694128,25.93092096
981,3873,162.3663504,25.97042304
981,3874,169.79877648,27.30142368
981,3875,177.08755032,24.96641184
981,3876,183.80427552,23.18333184
981,3877,190.14045792,23.92948224
981,3878,197.39417976,27.38481696
981,3879,205.014576,27.9916128
981,3880,213.3144324,31.19896224
981,3881,221.83188552,30.44952
981,3882,230.63755752,32.7867264
981,3883,239.7707676,32.8196448
981,3884,248.89779024,32.92059456
981,3885,258.01588224,32.81306112
981,3886,266.8139952,29.05487712
981,3887,274.4086968,27.21473856
981,3888,282.02497824,27.47150208
981,3889,289.76881848,27.94004064
981,3890,297.41856696,27.43090272
981,3891,305.03844504,27.4374864
981,3892,312.3029568,23.69246976
981,3893,318.4788144,21.96535104
981,3894,324.90076752,24.6833136
981,3895,331.86084504,24.38595072
981,3896,338.15996376,20.56522176
981,3897,343.1374392,16.31216448
981,3898,347.62327224,15.68232576
981,3899,351.88391904,15.2631648
981,3900,356.05224192,13.770864
981,3901,359.44597656,11.28881664
981,3902,362.50037736,11.37220992
981,3903,365.686848,11.24053632
981,3904,369.19152984,15.5155392
981,3905,374.41461312,20.59704288
981,3906,380.14043352,20.6069184
981,3907,385.87244136,20.69360352
981,3908,391.61414184,20.6069184
981,3909,397.38510312,21.35526336
981,3910,403.50143328,22.27258944
981,3911,409.46447952,19.62375552
981,3912,414.52623216,17.88127488
981,3913,419.49066216,17.69144544
981,3914,424.21521456,16.46029728
981,3915,428.74228704,15.54406848
981,3916,433.0538964,16.09600032
981,3917,437.37056544,15.75584352
981,3918,442.1616252,18.58682592
981,3919,447.54649632,19.5645024
981,3920,452.980806,19.5645024
981,3921,458.41511568,19.5645024
981,3922,463.79803608,18.61645248
981,3923,468.38515416,14.03091936
981,3924,471.9463764,12.56166144
981,3925,475.4078376,11.53131552
981,3926,477.76016208,5.99553792
981,3927,479.4949008,7.20693504
981,3928,481.59003504,6.36861312
981,3929,482.91621984,5.65757568
981,3930,485.09934984,8.6246208
981,3931,487.49379768,8.61474528
981,3932,490.04491272,9.70214976
981,3933,492.783876,10.48560768
981,3934,495.54676608,9.05036544
981,3935,497.9653236,8.10670464
981,3936,499.5022776,7.8565248
986,3914,403.8688392,22.6240848
986,3915,408.54715344,18.4233312
986,3916,413.07965136,15.84362592
986,3917,417.09523896,12.08983104
986,3918,420.1448544,10.8191808
986,3919,423.1501824,10.8191808
986,3920,426.15989952,11.04741504
986,3921,429.42656304,12.28514688
986,3922,432.84212136,12.29173056
986,3923,436.2424092,11.90987712
986,3924,439.57283688,13.44497184
986,3925,443.88002664,16.46249184
986,3926,448.42916664,15.72841152
986,3927,452.5112616,14.03530848
986,3928,456.3395496,13.62053664
986,3929,459.50983536,8.59828608
986,3930,461.11098024,4.19051232
986,3931,462.97309488,8.67070656
986,3932,465.3811368,8.668512
986,3933,467.78887392,8.68826304
986,3934,470.0337564,5.4205632
986,3935,471.16026672,8.09682912
986,3936,474.8360328,14.8187664
986,3937,478.95247872,14.8242528
986,3938,482.5336044,9.74823552
986,3939,485.00937288,8.73215424
986,3940,487.30146888,8.64766368
986,3941,489.85483944,9.59900544
986,3942,492.57094272,9.765792
986,3943,495.28466856,9.765792
986,3944,498.01265904,10.16520192
986,3945,499.8997368,10.808208
987,3840,22.1847664,16.1629344
987,3841,25.95856632,19.75323456
987,3842,32.42032632,24.65917344
987,3843,39.16555032,22.5984816
987,3844,45.17053704,22.87609344
987,3845,51.8278872,24.14016
987,3846,58.53376152,24.14235456
987,3847,64.9065504,21.88305504
987,3848,71.1872592,23.1964992
987,3849,77.64865344,23.35889664
987,3850,84.1191612,23.19979104
987,3851,89.62061832,13.28476896
987,3852,92.13698616,7.94650176
987,3853,94.3093872,7.79727168
987,3854,96.5101956,7.96296096
987,3855,98.50212456,6.06027744
987,3856,100.14146088,5.36460192
987,3857,101.45841024,5.321808
987,3858,102.57071688,1.59873696
987,3859,102.92263896,1.35623808
987,3860,103.86782376,6.89859936
987,3861,106.11045072,7.20693504
987,3862,108.20043384,9.34553376
987,3863,111.4019616,13.12676064
987,3864,114.96559176,11.33709696
987,3865,118.38852624,13.51629504
987,3866,121.80862608,12.152376
987,3867,125.24798928,12.3553728
987,3868,128.6693388,12.17102976
987,3869,131.76680784,10.12899168
987,3870,134.39229408,8.4051648
987,3871,136.73568792,9.33565824
987,3872,139.93346664,14.09895072
987,3873,144.4495968,18.30043584
987,3874,149.90664456,20.61130752
987,3875,155.88258384,22.36366368
987,3876,162.6769416,26.64854208
987,3877,170.37341592,28.71252576
987,3878,178.44138048,28.36249344
987,3879,186.1102704,27.46601568
987,3880,193.73688456,27.432
987,3881,201.35075808,27.37603872
987,3882,209.0103516,28.21436064
987,3883,217.02988344,28.83871296
987,3884,224.78478792,27.30142368
987,3885,232.39771656,27.89944128
987,3886,240.83503776,32.6221344
987,3887,249.9670896,32.90523264
987,3888,259.19189208,33.93448128
987,3889,268.61054736,32.9568048
987,3890,277.68523584,32.91071904
987,3891,286.81555032,32.51130912
987,3892,295.8230304,32.7318624
987,3893,304.41311736,28.30324032
987,3894,311.91604368,25.36252992
987,3895,318.33592416,21.93901632
987,3896,324.37614576,21.48913152
987,3897,330.27978648,20.17239552
987,3898,335.23970544,16.45590816
987,3899,339.81258936,16.43067072
987,3900,344.34941544,16.24632768
987,3901,348.4978044,13.39120512
987,3902,352.1435172,13.12127424
987,3903,355.82004528,13.45594464
987,3904,359.75906712,15.3125424
987,3905,364.24249224,16.4592
987,3906,368.8191252,16.73352
987,3907,373.62807672,18.11280096
987,3908,378.68812248,17.50929696
987,3909,384.16217808,22.95070848
987,3910,390.7462848,23.70344256
987,3911,396.99084432,21.4079328
987,3912,403.08163224,22.3515936
987,3913,409.29129216,22.33293984
987,3914,415.2066372,19.88490816
987,3915,420.53685768,17.85164832
987,3916,424.86111624,14.32718496
987,3917,428.84217,14.3304768
987,3918,432.82343712,14.3304768
987,3919,436.8047652,14.32828224
987,3920,440.7756996,14.28878016
987,3921,444.75458928,14.3304768
987,3922,448.73594784,14.3304768
987,3923,452.88772008,16.6676832
987,3924,457.96056744,18.74483424
987,3925,463.16801448,18.74922336
987,3926,468.10473816,14.26793184
987,3927,470.53948056,5.76730368
987,3928,472.13416368,5.74864992
987,3929,473.73027936,5.74864992
987,3930,475.32627312,5.7552336
987,3931,476.95567296,5.9911488
987,3932,478.62536736,6.007608
987,3933,480.5001312,9.01525248
987,3934,483.63295704,12.0261888
987,3935,486.97191912,12.06239904
987,3936,490.41119088,12.11836032
987,3937,493.500918,10.66446432
987,3938,496.46430552,10.6655616
987,3939,499.42552896,10.63154592
987,3940,501.49125,10.643616
1003,3847,32.9528805,24.6449088
1003,3848,39.12065328,24.6888
1003,3849,45.96067008,24.5022624
1003,3850,52.7473164,24.39692352
1003,3851,58.923936,18.95441472
1003,3852,63.82137096,17.45114112
1003,3853,68.66830056,17.446752
1003,3854,73.51462056,17.446752
1003,3855,78.319884,15.67245024
1003,3856,81.10203744,6.00321888
1003,3857,82.83110688,6.2764416
1003,3858,84.575142,6.2764416
1003,3859,86.31942096,6.27863616
1003,3860,88.06345608,6.2764416
1003,3861,89.80743024,6.2764416
1003,3862,91.55271504,6.5343024
1003,3863,93.75928416,9.20837376
1003,3864,96.3675492,9.46184544
1003,3865,98.9962968,9.46294272
1003,3866,101.62995168,9.92270304
1003,3867,105.09805752,14.86046304
1003,3868,109.28475984,14.65088256
1003,3869,112.94068344,12.14798688
1003,3870,116.39181192,13.02142176
1003,3871,120.1355484,13.53824064
1003,3872,123.89528688,13.53604608
1003,3873,127.61966856,13.67430336
1003,3874,131.8529748,16.21121472
1003,3875,135.14201064,9.30603168
1003,3876,139.33105992,19.31103072
1003,3877,144.71175528,19.33187904
1003,3878,149.9574852,17.19328032
1003,3879,155.12625312,22.08934368
1003,3880,161.502852,22.96387584
1003,3881,167.886126,23.27440608
1003,3882,174.73172064,25.8848352
1003,3883,181.94999424,25.97700672
1003,3884,189.16640856,25.7751072
1003,3885,196.208142,25.46677152
1003,3886,203.40056856,26.01211968
1003,3887,210.62161584,26.25461856
1003,3888,217.64512224,24.14674368
1003,3889,225.60695544,33.42973248
1003,3890,234.9000636,32.99191776
1003,3891,244.02163032,32.561784
1003,3892,252.32020656,29.59034976
1003,3893,262.00507416,37.40298336
1003,3894,271.82926584,34.11004608
1003,3895,281.19802536,32.93595648
1003,3896,289.99504104,29.86137792
1003,3897,297.86284344,27.4704048
1003,3898,305.48256912,27.4265136
1003,3899,312.7772256,24.27073632
1003,3900,319.0788132,22.00704768
1003,3901,325.44645096,23.94703872
1003,3902,332.1132804,23.18442912
1003,3903,337.95529056,19.33846272
1003,3904,342.95620512,16.63586208
1003,3905,347.50214472,16.30338624
1003,3906,352.01208744,16.2177984
1003,3907,356.52239592,16.16732352
1003,3908,360.87478752,15.30486144
1003,3909,365.17429632,15.73389792
1003,3910,369.48822216,15.50127456
1003,3911,373.86399192,15.36301728
1003,3912,378.07059768,15.40142208
1003,3913,382.66012368,18.16656768
1003,3914,387.94925712,19.23312384
1003,3915,393.27834984,18.91820448
1003,3916,398.11768992,16.02687168
1003,3917,402.51866664,15.9873696
1003,3918,406.91955192,14.840712
1003,3919,410.76765192,13.5294624
1003,3920,414.5307432,13.58103456
1003,3921,418.24159176,12.59567712
1003,3922,421.50865152,11.44792224
1003,3923,424.67521872,11.75406336
1003,3924,428.25917904,13.6391904
1003,3925,432.04634952,13.63480128
1003,3926,435.82154136,13.55469984
1003,3927,439.75821624,14.81547456
1003,3928,443.8895364,14.8900896
1003,3929,448.02585528,14.8900896
1003,3930,452.16314952,14.67612
1003,3931,455.36696328,7.32763584
1003,3932,457.28848344,7.8236064
1003,3933,459.46792536,7.845552
1003,3934,461.64608712,7.845552
1003,3935,463.80626568,7.59208032
1003,3936,466.40233872,11.60702784
1003,3937,469.74946944,12.09422016
1003,3938,472.25800392,3.58481376
1003,3939,474.01359096,15.59125152
1003,3940,479.1571824,14.52579264
1003,3941,482.23319352,10.26285984
1003,3942,485.06289576,9.78993216
1003,3943,487.579416,8.65863648
1003,3944,490.06649256,10.32869664
1003,3945,493.52015088,13.44826368
1003,3946,497.2536156,13.44168
1003,3947,500.98037472,13.40437248
1003,3948,504.1510872,13.44168
1009,3848,16.1162129142857,26.3535305142857
1009,3849,22.27344288,25.52163552
1009,3850,29.23507488,24.9576336
1009,3851,36.08082192,24.04469664
1009,3852,42.65727816,23.6134656
1009,3853,48.61111944,17.23717152
1009,3854,52.90876896,14.7913344
1009,3855,56.41430424,11.37001536
1009,3856,59.57395248,11.37550176
1009,3857,62.73421032,11.38098816
1009,3858,65.67248232,8.2954368
1009,3859,67.60451808,7.13890368
1009,3860,69.5994036,7.1762112
1009,3861,71.59319184,7.1762112
1009,3862,73.58688864,7.1762112
1009,3863,75.580494,7.1762112
1009,3864,77.58296904,7.32873312
1009,3865,79.61290656,7.17511392
1009,3866,81.91874904,10.05327936
1009,3867,84.7263228,10.78187328
1009,3868,88.19485536,12.9588768
1009,3869,91.79399472,12.87548352
1009,3870,95.35021824,12.8765808
1009,3871,98.94951,12.9588768
1009,3872,102.54560136,12.90840192
1009,3873,106.13574912,12.9588768
1009,3874,109.73626008,12.95777952
1009,3875,113.49965616,15.11174016
1009,3876,118.1165532,17.07148224
1009,3877,122.81967816,16.86958272
1009,3878,127.42752264,16.16183712
1009,3879,132.22205712,19.50634656
1009,3880,137.91569064,20.48512032
1009,3881,143.60231376,20.43354816
1009,3882,149.40460848,22.78721376
1009,3883,156.2718744,24.73159392
1009,3884,163.07049936,24.387048
1009,3885,169.9197516,25.52931648
1009,3886,177.08349648,25.79924736
1009,3887,184.24846056,25.81241472
1009,3888,191.61230664,27.42212448
1009,3889,199.30045992,27.67779072
1009,3890,207.27369264,30.14008704
1009,3891,212.790532,30.5848512
1009,3892,224.55170736,32.59689696
1009,3893,233.68927608,32.9129136
1009,3894,242.8113,32.8251312
1009,3895,251.94789336,32.88218976
1009,3896,261.26690952,34.33169664
1009,3897,270.35177832,29.58705792
1009,3898,278.06824752,27.20486304
1009,3899,284.96898048,22.51179648
1009,3900,291.38111904,23.78244672
1009,3901,297.90676512,22.75100352
1009,3902,304.0515636,21.9456
1009,3903,310.13147016,21.59337312
1009,3904,315.50920896,16.92664128
1009,3905,320.0854152,16.50418848
1009,3906,324.83547936,17.7649632
1009,3907,329.80231728,17.87578848
1009,3908,334.626204,16.68194784
1009,3909,339.20301984,16.45151904
1009,3910,343.74228432,16.32972096
1009,3911,348.40276776,17.2657008
1009,3912,353.23701768,17.4138336
1009,3913,358.02018312,16.4701728
1009,3914,362.56429392,17.06599584
1009,3915,367.37915856,17.337024
1009,3916,372.14568192,16.52393952
1009,3917,376.59125088,16.18378272
1009,3918,381.14959584,16.30777536
1009,3919,385.64487768,16.19365824
1009,3920,390.14607264,16.15086432
1009,3921,394.31851032,12.49472736
1009,3922,397.17384624,9.64399392
1009,3923,400.04780544,10.93220064
1009,3924,403.0970856,10.9728
1009,3925,406.1450856,10.9728
1009,3926,409.22228544,11.16262944
1009,3927,412.52738424,13.05872928
1009,3928,416.29455984,13.99470912
1009,3929,420.33568968,14.15052288
1009,3930,424.1964084,14.52688992
1009,3931,428.3150184,14.86046304
1009,3932,432.04625808,9.87222816
1009,3933,433.92757512,5.80241664
1009,3934,435.5384736,5.80131936
1009,3935,437.15336496,6.02077536
1009,3936,438.84421248,5.85069696
1009,3937,440.73116832,8.85066048
1009,3938,443.3466876,9.04926816
1009,3939,446.29373784,12.20943456
1009,3940,449.72365224,12.86341344
1009,3941,453.31255032,12.27966048
1009,3942,456.33506904,9.13156416
1009,3943,458.64423384,7.8071472
1009,3944,461.3146476,12.19955904
1009,3945,464.86300728,12.80416032
1009,3946,468.4500156,12.80745216
1009,3947,471.83747136,11.80453824
1009,3948,475.11724128,11.8067328
1009,3949,478.39789512,11.71126944
1009,3950,481.96594488,15.0491952
1009,3951,486.370884,16.4262816
1009,3952,491.38627656,18.50782176
1009,3953,496.0991856,16.73790912
1009,3954,500.0635668,18.2441088
1013,3851,10.4840024,25.4898144
1013,3852,15.05876592,25.35923808
1013,3853,21.98668704,22.85305056
1013,3854,27.07602408,15.49469088
1013,3855,31.37160096,15.44641056
1013,3856,35.66120376,15.46396704
1013,3857,39.9589752,15.471648
1013,3858,44.17317048,13.40656704
1013,3859,46.83706152,7.21351872
1013,3860,48.83639712,7.1981568
1013,3861,50.83664712,7.1981568
1013,3862,52.8367752,7.1981568
1013,3863,54.83714712,7.1981568
1013,3864,56.8374276,7.1981568
1013,3865,58.83749472,7.1981568
1013,3866,60.8423472,7.50758976
1013,3867,63.2335032,9.45196992
1013,3868,65.82073704,9.06463008
1013,3869,68.90000952,13.41205344
1013,3870,72.68394912,13.6172448
1013,3871,76.47102816,13.73684832
1013,3872,80.29322016,13.65345504
1013,3873,84.07514808,13.59639648
1013,3874,87.84134832,13.5349488
1013,3875,91.60120872,13.496544
1013,3876,95.35564368,14.46544224
1013,3877,99.9579408,17.77703328
1013,3878,104.88433176,17.7265584
1013,3879,109.8191352,17.775936
1013,3880,114.75814488,17.87798304
1013,3881,119.77097712,18.5056272
1013,3882,125.20958448,19.94635584
1013,3883,130.7639244,22.21004448
1013,3884,137.84647056,26.90859744
1013,3885,145.30581048,26.83178784
1013,3886,150.1527096,26.88336
1014,3849,12.2191272,27.1247616
1014,3850,16.37656872,27.13792896
1014,3851,23.9220756,27.10939968
1014,3852,31.39507056,25.46677152
1014,3853,36.48772992,11.79905184
1014,3854,39.56581368,11.03753952
1014,3855,42.63076056,11.03534496
1014,3856,45.69979176,11.05290144
1014,3857,48.7655616,11.03753952
1014,3858,51.83075232,11.03644224
1014,3859,54.89557728,11.03534496
1014,3860,57.96067656,11.03644224
1014,3861,61.02495288,10.917936
1014,3862,63.86882832,9.61985376
1014,3863,66.52689768,9.5682816
1014,3864,69.18551568,9.57047616
1014,3865,71.84401176,9.5682816
1014,3866,74.50259928,9.56937888
1014,3867,77.165454,9.6944688
1014,3868,79.86686592,9.80090496
1014,3869,82.88417256,11.85830496
1014,3870,86.19954312,11.9274336
1014,3871,89.51406024,11.92962816
1014,3872,92.81409936,11.62677888
1014,3873,96.30146856,14.14832832
1014,3874,100.42699752,15.08540544
1014,3875,104.60595792,15.03602784
1014,3876,108.79406232,15.0876
1014,3877,112.98503184,15.0876
1014,3878,117.20431728,15.29169408
1014,3879,121.4973948,16.6183056
1014,3880,126.61093296,18.80299008
1014,3881,131.93386872,20.09778048
1014,3882,137.45513784,19.47672
1014,3883,142.96494648,21.45511584
1014,3884,149.62811832,25.26377472
1014,3885,156.64790616,25.2703584
1014,3886,163.6523016,25.12551744
1014,3887,170.86731384,27.1357344
1014,3888,178.48652136,27.44736192
1014,3889,186.22051656,29.0175696
1014,3890,194.84809392,32.26442112
1014,3891,204.01934304,33.96739968
1014,3892,213.4892352,34.0540848
1014,3893,222.92544696,33.40998144
1014,3894,231.413304,27.96198624
1014,3895,239.10197544,27.76337856
1014,3896,247.38701856,32.30172864
1014,3897,256.37358936,31.40525088
1014,3898,264.88836024,29.5332912
1014,3899,272.65432896,27.70302816
1014,3900,279.8309364,22.686264
1014,3901,285.91035528,21.90609792
1014,3902,292.18865616,23.56299072
1014,3903,298.561506,21.98181024
1014,3904,304.6562868,21.9456
1014,3905,310.6821828,20.4258672
1014,3906,315.6641388,16.45700544
1014,3907,320.23452336,16.53491232
1014,3908,325.11455424,18.71301312
1014,3909,330.36857472,18.900648
1014,3910,335.37549384,16.84215072
1014,3911,339.95554056,16.42737888
1014,3912,344.49145224,16.44164352
1014,3913,349.42031208,19.09047744
1014,3914,354.78640752,19.32090624
1014,3915,360.04579248,17.77703328
1014,3916,364.69390104,16.46139456
1014,3917,369.266724,16.4592
1014,3918,373.8390288,16.4592
1014,3919,378.4113336,16.46358912
1014,3920,382.7338548,14.05725408
1014,3921,386.45345112,13.29025536
1014,3922,389.60554032,10.2156768
1014,3923,392.41564392,7.29252288
1014,3924,393.82616688,5.64221376
1014,3925,396.22844808,10.90476864
1014,3926,399.27696624,11.01339936
1014,3927,402.49294152,12.21711552
1014,3928,406.29568728,14.90764608
1014,3929,410.43264624,15.11612928
1014,3930,414.67951608,15.37618464
1014,3931,418.94854488,15.2467056
1014,3932,422.5105596,9.60778368
1014,3933,424.90375776,8.47977984
1014,3934,426.94811232,5.90007456
1014,3935,428.49146712,5.93957664
1014,3936,430.3233456,6.68024064
1014,3937,432.04650192,5.9911488
1014,3938,433.71516,7.49771424
1014,3939,436.6476408,11.74747968
1014,3940,439.80881304,11.70139392
1014,3941,443.37939264,13.9025376
1014,3942,447.00340368,11.10776544
1014,3943,449.7563268,8.70252768
1014,3944,451.98255552,9.05036544
1014,3945,454.7705916,10.15752096
1014,3946,457.63519344,11.11654368
1014,3947,460.97095512,12.2566176
1014,3948,464.3754492,12.2566176
1014,3949,467.51766288,9.8919792
1014,3950,471.34369536,18.33115968
1014,3951,476.49076152,18.52318368
1014,3952,481.5654072,17.61902496
1014,3953,485.87982072,13.25185056
1014,3954,489.76035144,17.01661824
1014,3955,494.98014288,18.23789088
1014,3956,498.73345008,18.64717632
1023,3857,19.9644,24.41448
1023,3858,23.59264776,24.33876768
1023,3859,30.41291352,24.29707104
1023,3860,35.64916416,12.35317824
1023,3861,38.29866864,9.2336112
1023,3862,40.69433568,6.2874144
1023,3863,42.04719048,5.02883424
1023,3864,43.87836792,6.05808288
1023,3865,45.07226952,4.334256
1023,3866,46.16869608,3.67149888
1023,3867,47.47049688,4.62942432
1023,3868,48.67436544,5.93847936
1023,3869,51.08944824,11.66189184
1023,3870,55.92400296,22.19029344
1023,3871,62.2360452,22.75100352
1023,3872,68.28172272,18.5056272
1023,3873,72.16167432,12.08983104
1023,3874,75.89471232,14.374368
1023,3875,79.66472256,12.54300768
1023,3876,83.05867056,12.11177664
1023,3877,86.27098824,11.00791296
1023,3878,89.3176776,10.9728
1023,3879,92.47592376,12.35647008
1023,3880,96.32862624,15.03602784
1023,3881,100.86749448,18.23898816
1023,3882,106.35700344,20.16032544
1023,3883,112.03585416,21.21151968
1023,3884,117.90118152,20.83515264
1023,3885,124.17966528,24.49348416
1023,3886,131.22453816,26.5596624
1023,3887,138.74870904,27.29813184
1023,3888,146.3594736,27.37384416
1023,3889,154.07908224,28.53037728
1023,3890,161.89083192,27.34092576
1023,3891,169.49354976,27.432
1023,3892,177.0028464,26.48724192
1023,3893,183.99477552,24.41338272
1023,3894,191.15992248,27.04904928
1023,3895,198.7651092,27.38371968
1023,3896,206.638398,31.07277504
1023,3897,216.11094192,35.01639936
1023,3898,225.46930776,32.78343456
1023,3899,234.60032328,32.89425984
1023,3900,243.71768376,32.83939584
1023,3901,252.8366292,32.26661568
1023,3902,261.52934232,30.69750528
1023,3903,269.60995608,27.23887872
1023,3904,277.15156152,27.23119776
1023,3905,284.08021416,22.41304128
1023,3906,290.18112144,21.9456
1023,3907,296.27715192,21.9456
1023,3908,302.29838448,20.85051456
1023,3909,307.59937464,17.27228448
1023,3910,312.16631496,16.30338624
1023,3911,316.72938432,16.4592
1023,3912,321.30882144,16.68304512
1023,3913,326.06135448,17.36884512
1023,3914,330.88240656,17.22510144
1023,3915,335.5457856,16.4646864
1023,3916,340.26503448,18.40467744
1023,3917,345.76478472,20.26566432
1023,3918,351.23893176,19.19801088
1023,3919,356.5274556,18.24666912
1023,3920,361.21012848,16.20243648
1023,3921,365.76170688,16.46029728
1023,3922,370.1614644,14.89996512
1023,3923,373.8719472,11.85391584
1023,3924,377.10182136,11.38537728
1023,3925,380.16612816,11.1812832
1023,3926,383.6061924,13.47240384
1023,3927,387.38534664,13.64577408
1023,3928,391.15508256,13.35609216
1023,3929,394.7961624,13.00715712
1023,3930,398.41011504,13.01154624
1023,3931,402.02394576,13.01154624
1023,3932,405.63777648,13.0137408
1023,3933,409.2516072,13.01264352
1023,3934,412.86534648,13.01593536
1023,3935,416.4692712,12.14359776
1023,3936,419.0728728,7.32324672
1023,3937,421.09013064,7.26509088
1023,3938,423.10882104,7.2639936
1023,3939,425.12034864,6.7537584
1023,3940,426.42900744,3.88327392
1023,3941,428.00268984,7.59537216
1023,3942,430.70672304,11.33709696
1023,3943,433.9324824,11.83087296
1023,3944,437.40708048,12.86451072
1023,3945,440.97250896,12.83598144
1023,3946,444.32412024,11.24931456
1023,3947,447.3540456,10.56351456
1023,3948,450.29006208,9.9523296
1023,3949,452.87723496,10.08839232
1023,3950,456.08110968,12.2566176
1023,3951,459.47749608,11.68493472
1023,3952,462.57338016,11.84074848
1023,3953,465.9535512,12.93034752
1023,3954,470.83605096,21.177504
1023,3955,476.7568824,21.04473312
1023,3956,481.811076,14.79462624
1023,3957,486.19525824,19.30444704
1023,3958,491.9691456,19.11681216
1023,3959,497.3103084,21.57691392
1030,3858,5.54984194285714,13.2331968
1030,3859,8.67518712,13.2331968
1030,3860,12.3544584,13.30890912
1030,3861,16.0556448,13.25623968
1030,3862,19.7390004,13.31659008
1030,3863,23.43143904,13.2331968
1030,3864,27.10808904,13.2331968
1030,3865,30.7848,13.23648864
1030,3866,34.27396752,11.19335328
1030,3867,37.1430804,10.14984
1030,3868,39.9624804,10.14984
1030,3869,42.78184992,10.15093728
1030,3870,45.6052428,10.1662992
1030,3871,48.42558768,10.14984
1030,3872,51.24498768,10.14984
1030,3873,54.06441816,10.1443536
1030,3874,57.12936504,12.8875536
1030,3875,61.04561832,14.35571424
1030,3876,65.033652,14.35351968
1030,3877,69.02034456,14.3524224
1030,3878,73.0069152,14.3524224
1030,3879,77.00244696,14.5060416
1030,3880,81.02568504,14.35571424
1030,3881,85.5069156,19.70275968
1030,3882,91.61568672,22.41523584
1030,3883,97.84835904,22.56227136
1030,3884,104.10965208,22.51947744
1030,3885,110.37426744,22.5710496
1030,3886,116.66683296,22.77294912
1030,3887,122.97046272,22.56446592
1030,3888,129.47077992,26.15476608
1030,3889,137.35467576,28.54244736
1030,3890,145.23281088,28.33835328
1030,3891,153.1120128,28.39431456
1030,3892,160.91422224,27.41992992
1030,3893,168.42418944,27.0150336
1030,3894,175.93074288,27.03588192
1030,3895,183.43933848,27.0314928
1030,3896,190.89977568,26.84605248
1030,3897,198.50657784,28.71472032
1030,3898,207.22410168,33.11152128
1030,3899,216.41839368,33.0610464
1030,3900,225.58257144,32.99411232
1030,3901,234.77622336,33.01496064
1030,3902,243.8517348,32.48168256
1030,3903,252.88643352,32.41145664
1030,3904,261.7808328,30.07863936
1030,3905,268.71161904,20.272248
1030,3906,274.83761136,25.77291264
1030,3907,281.88775728,23.3336592
1030,3908,288.04886256,21.71956032
1030,3909,293.4722604,17.84287008
1030,3910,298.58067792,18.65376
1030,3911,303.76203408,18.65705184
1030,3912,308.81043648,17.0956224
1030,3913,313.37816928,16.42189248
1030,3914,317.95047408,16.4646864
1030,3915,322.426584,15.83594496
1030,3916,326.9031816,16.3165536
1030,3917,331.43744736,16.3659312
1030,3918,336.00124824,16.34508288
1030,3919,340.56578064,16.98260256
1030,3920,345.41441712,17.611344
1030,3921,350.31709464,17.6442624
1030,3922,355.21946736,17.6442624
1030,3923,360.09120768,17.39517984
1030,3924,364.95602904,17.55867456
1030,3925,369.12615024,11.63445984
1030,3926,372.03031512,9.57815712
1030,3927,374.3928504,8.06281344
1030,3928,376.68583032,9.04597632
1030,3929,379.5288828,10.32759936
1030,3930,382.68505632,13.5568944
1030,3931,386.65263792,14.37656256
1030,3932,390.63783696,14.28219648
1030,3933,394.55890608,13.85096544
1030,3934,398.3976792,13.88937024
1030,3935,402.25501464,13.88717568
1030,3936,406.03371168,11.960352
1030,3937,408.2274792,5.19781536
1030,3938,409.93213416,8.59609152
1030,3939,413.01433272,11.27564928
1030,3940,415.50119592,7.60744224
1030,3941,417.64098336,7.461504
1030,3942,419.37060144,5.44689792
1030,3943,421.45043472,9.69556608
1030,3944,424.53933888,12.07446912
1030,3945,427.89296184,12.07117728
1030,3946,431.26810368,12.15347328
1030,3947,434.63141928,12.74710176
1030,3948,438.1318644,11.1044736
1030,3949,441.38648832,13.54262976
1030,3950,445.20231,12.35427552
1030,3951,448.18246152,10.75663584
1030,3952,451.41980328,12.0042432
1030,3953,454.7535228,12.0042432
1030,3954,458.15435928,13.77305856
1030,3955,462.94084704,19.42514784
1030,3956,468.38649528,20.31833376
1030,3957,474.29900568,21.69651744
1030,3958,480.04634496,17.1065952
1030,3959,484.0504416,15.82058304
1030,3960,489.25069536,20.21957856
1030,3961,494.893092,20.86148736
1030,3962,499.19668512,18.87979968
1036,3863,19.8098664,9.7438464
1036,3864,21.71392152,8.9154
1036,3865,23.6556804,6.44981184
1036,3866,25.79403528,8.59389696
1036,3867,28.18223472,8.5917024
1036,3868,30.57284208,8.6849712
1036,3869,33.0298044,8.92747008
1036,3870,35.51328432,8.9647776
1036,3871,38.04190512,10.09936512
1036,3872,41.44377792,13.53604608
1036,3873,45.20665584,13.551408
1036,3874,48.87181488,11.356848
1036,3875,51.36498744,9.42673248
1036,3876,55.00829232,15.30376416
1036,3877,59.1316572,14.53786272
1036,3878,63.00661008,12.45632256
1036,3879,66.4278072,13.13005248
1036,3880,70.12436064,14.65746624
1036,3881,75.36420792,21.9949776
1036,3882,81.51400512,22.05423072
1036,3883,87.51926616,20.40172704
1036,3884,92.80803384,18.53525376
1036,3885,98.5269048,23.83731072
1036,3886,105.48695184,24.59223936
1036,3887,112.18740072,25.24621824
1036,3888,119.65646376,26.2743696
1036,3889,126.27964584,23.16796992
1036,3890,133.41315456,28.28568384
1036,3891,141.50532024,28.78823808
1036,3892,148.95566856,24.91264512
1036,3893,155.56495176,23.69356704
1036,3894,162.36135168,24.59992032
1036,3895,169.20219144,24.68221632
1036,3896,176.37325152,28.15839936
1036,3897,184.61742096,30.01499712
1036,3898,192.9565356,30.0051216
1036,3899,201.28781688,30.82369248
1036,3900,210.65313216,36.69962688
1036,3901,220.8385728,34.4929968
1036,3902,230.03201136,32.91071904
1036,3903,239.1648252,32.81525568
1036,3904,248.19675024,31.00584096
1036,3905,255.98179944,25.12112832
1036,3906,262.46748624,22.67199936
1036,3907,268.6376136,21.24772992
1036,3908,274.26675144,19.97378784
1036,3909,279.8522724,20.11423968
1036,3910,285.43998792,20.1131424
1036,3911,291.0277644,20.1131424
1036,3912,296.61541896,20.11533696
1036,3913,302.20313448,20.11423968
1036,3914,307.78972224,19.80919584
1036,3915,312.83580816,16.7938704
1036,3916,317.49946152,16.80703776
1036,3917,322.18560912,16.76753568
1036,3918,326.75776152,16.3165536
1036,3919,331.29318552,16.36702848
1036,3920,335.9065164,17.82970272
1036,3921,341.5590324,21.80405088
1036,3922,347.48653896,20.32382016
1036,3923,352.53003408,16.1190432
1036,3924,356.87029464,15.5484576
1036,3925,360.67843536,11.39635008
1036,3926,363.6704436,9.8864928
1036,3927,365.84482584,7.159752
1036,3928,368.37875016,9.1952064
1036,3929,370.28195184,5.78924928
1036,3930,372.0082476,7.351776
1036,3931,374.32491048,8.62352352
1036,3932,376.7189316,8.64546912
1036,3933,380.7869448,21.15226656
1036,3934,385.57273152,12.79209024
1036,3935,389.13331368,12.78221472
1036,3936,392.65064472,12.26320128
1036,3937,395.88271344,11.32283232
1036,3938,399.02916384,11.3239296
1036,3939,402.1404708,10.1388672
1036,3940,404.34198024,6.9238368
1036,3941,406.3489968,7.25631264
1036,3942,408.44288136,8.7453216
1036,3943,411.27118152,10.6875072
1036,3944,414.24228048,10.72920384
1036,3945,417.22566288,10.70616096
1036,3946,420.14863392,11.77271712
1036,3947,424.15062744,15.6142944
1036,3948,428.48942496,15.44860512
1036,3949,432.56810616,14.13406368
1036,3950,436.24356744,12.25771488
1036,3951,439.57460472,11.75625792
1036,3952,442.8471204,11.8067328
1036,3953,446.12637216,11.76503616
1036,3954,449.28650808,10.99255104
1036,3955,452.3954376,13.53165696
1036,3956,457.13678448,18.50672448
1036,3957,462.2773584,18.5111136
1036,3958,467.40976368,17.88676128
1036,3959,470.95702608,13.43838816
1036,3960,477.57560568,28.64120256
1036,3961,484.77126312,22.4832672
1036,3962,490.59797232,20.58277824
1036,3963,496.79540976,23.72648544
1036,3964,502.399837028571,23.7420041142857
1042,3870,17.2452792,9.87552
1042,3871,19.0289688,9.91611936
1042,3872,21.81356064,10.506456
1042,3873,25.03243152,12.25881216
1042,3874,28.43628552,12.2566176
1042,3875,31.77094992,10.92561696
1042,3876,34.71211752,12.7119888
1042,3877,38.97639144,16.78948128
1042,3878,43.41653496,13.7269728
1042,3879,47.01347976,13.24855872
1042,3880,50.54598984,13.02361632
1042,3881,54.7951152,15.6197808
1042,3882,58.72282896,14.23940256
1042,3883,63.49727712,19.87503264
1042,3884,69.08630328,20.1131424
1042,3885,74.65871784,19.51073568
1042,3886,80.1893748,21.47596416
1042,3887,86.35224792,21.86220672
1042,3888,92.0494476,19.74226176
1042,3889,97.9258392,24.16649472
1042,3890,105.4917372,29.93489568
1042,3891,114.48385536,33.4505808
1042,3892,119.6099208,33.3682848
1043,3864,13.5567928,9.4695264
1043,3865,15.28413504,9.4695264
1043,3866,17.91333984,9.46842912
1043,3867,20.55619968,9.54853056
1043,3868,23.10758904,7.45930944
1043,3869,24.33514056,4.26622464
1043,3870,26.48958888,9.74713824
1043,3871,29.19508512,9.73616544
1043,3872,31.8999108,9.72299808
1043,3873,34.51201632,7.98710112
1043,3874,36.76256808,9.71531712
1043,3875,39.79548048,12.234672
1043,3876,43.76894472,15.90946272
1043,3877,48.13252248,14.52579264
1043,3878,51.72925392,13.1179824
1043,3879,55.65300528,14.29975296
1043,3880,59.6155272,14.26464
1043,3881,63.57750048,14.10114528
1043,3882,67.93065408,18.71520768
1043,3883,73.5599748,20.50377408
1043,3884,79.2839664,20.23603776
1043,3885,84.434934,17.86591296
1043,3886,89.57962272,18.75141792
1043,3887,95.51084784,24.91264512
1043,3888,102.77127528,26.279856
1043,3889,110.07772752,26.30948256
1043,3890,117.35202336,26.49492288
1043,3891,124.8782364,26.86799808
1043,3892,132.30310344,26.01211968
1043,3893,138.91967136,22.96277856
1043,3894,145.39700664,23.34902112
1043,3895,151.89134976,23.399496
1043,3896,158.72325888,26.63756928
1043,3897,166.39419096,28.59072768
1043,3898,174.82700112,31.66311168
1043,3899,183.37917096,29.00220768
1043,3900,191.15099184,27.7227792
1043,3901,198.99154512,29.16460512
1043,3902,207.795114,34.45130016
1043,3903,217.60613832,34.50287232
1043,3904,226.83468984,32.81854752
1043,3905,235.81940136,30.41440704
1043,3906,243.94994136,30.5482752
1043,3907,252.79218936,31.95718272
1043,3908,260.91846216,24.41667456
1043,3909,267.080238,22.59080064
1043,3910,273.36225744,21.8413584
1043,3911,279.15949248,20.75285664
1043,3912,284.9770272,20.00670624
1043,3913,290.53499424,20.6892144
1043,3914,296.28410136,20.47195296
1043,3915,301.61365128,18.022824
1043,3916,306.5946624,17.93613888
1043,3917,311.52257736,17.33482944
1043,3918,316.25654808,16.9639488
1043,3919,320.9678112,16.9639488
1043,3920,325.67913528,16.96065696
1043,3921,330.38988024,16.96175424
1043,3922,335.18880384,18.37944
1043,3923,340.60345392,19.89478368
1043,3924,346.25776824,20.7440784
1043,3925,351.99059904,19.59522624
1043,3926,356.59243896,14.59272672
1043,3927,360.01473336,8.16815232
1043,3928,361.66787712,5.49847008
1043,3929,363.331506,6.61440384
1043,3930,365.03225952,5.44689792
1043,3931,366.54553056,5.56979328
1043,3932,368.19599208,7.25192352
1043,3933,370.69934496,9.64179936
1043,3934,373.3661316,9.66484224
1043,3935,376.33491408,13.3429248
1043,3936,380.7121164,16.41750336
1043,3937,385.1051988,15.36850368
1043,3938,389.38486512,15.37069824
1043,3939,393.56321592,13.73575104
1043,3940,396.55537656,8.44466688
1043,3941,398.79547368,7.97612832
1043,3942,400.82705712,7.2475344
1043,3943,403.0216476,7.86091392
1043,3944,405.22736328,9.25775136
1043,3945,408.21257448,11.10227904
1043,3946,411.54208776,13.32207648
1043,3947,415.3041732,13.085064
1043,3948,418.84491288,12.9259584
1043,3949,422.50421976,13.22332128
1043,3950,426.13335144,12.60555264
1043,3951,429.70704,13.44058272
1043,3952,433.58568096,14.71891392
1043,3953,437.57091048,13.37145408
1043,3954,440.84327376,10.3473504
1043,3955,443.62295832,9.78993216
1043,3956,446.39340744,11.47315968
1043,3957,450.36644496,15.98298048
1043,3958,454.6751892,15.89519808
1043,3959,459.90537432,22.03777152
1043,3960,466.3147392,21.88086048
1043,3961,472.06015824,20.4587856
1043,3962,477.82039056,21.6109296
1043,3963,482.9856228,21.05790048
1043,3964,490.06143288,21.75247872
1043,3965,495.39268968,18.5659776
1043,3966,499.0341048,18.8293248
1048,3894,129.2507448,25.2484128
1048,3895,133.45786872,27.43529184
1048,3896,141.08457432,28.77507072
1048,3897,149.44752432,30.54498336
1048,3898,157.96003968,30.4111152
1048,3899,166.4090652,30.6470304
1048,3900,175.07157264,31.64445792
1048,3901,183.77303352,30.41769888
1048,3902,191.97334224,29.55194496
1048,3903,200.40895656,30.63496032
1048,3904,209.00690736,31.96705824
1048,3905,218.16008184,33.18833088
1048,3906,227.29121928,32.80976928
1048,3907,236.41632168,32.25893472
1048,3908,244.70630256,27.71619552
1048,3909,252.3273084,27.36835776
1048,3910,260.0224416,28.24618176
1048,3911,267.79703616,27.14560992
1048,3912,274.76976288,22.79270016
1048,3913,280.8867636,21.9456
1048,3914,286.98273312,21.94669728
1048,3915,292.84693272,18.92588544
1048,3916,297.574716,16.4592
1048,3917,302.146716,16.4592
1048,3918,306.718716,16.4592
1048,3919,311.26456416,16.30119168
1048,3920,315.8191296,16.4592
1048,3921,320.39085528,16.42518432
1048,3922,324.90037128,16.0641792
1048,3923,329.36111928,15.8776416
1048,3924,333.36396624,13.87400832
1048,3925,337.6792332,16.46029728
1048,3926,342.2407176,16.59526272
1048,3927,346.7721792,14.62564512
1048,3928,350.39478816,12.6406656
1048,3929,353.87947512,11.83745664
1048,3930,356.80982232,10.2650544
1048,3931,359.74404048,9.35650656
1048,3932,361.65184464,5.48530272
1048,3933,363.175296,5.4864
1048,3934,364.68798792,5.37008832
1048,3935,366.5329728,8.17802784
1048,3936,368.96719704,9.75701376
1048,3937,371.93908848,11.64543264
1048,3938,375.63408744,14.30633664
1048,3939,379.58856264,13.6501632
1048,3940,383.14911432,12.6900432
1048,3941,386.73551304,12.98411424
1048,3942,390.3338904,12.89084544
1048,3943,393.91516848,12.86670528
1048,3944,396.99401424,9.0415872
1048,3945,399.3257952,7.93662624
1048,3946,401.9516472,11.18567232
1048,3947,405.08611896,11.27894112
1048,3948,408.21860952,11.2800384
1048,3949,411.42470928,12.81952224
1048,3950,415.54158192,16.24303584
1048,3951,420.239952,16.4592
1048,3952,424.48599888,15.22256544
1048,3953,428.60924184,13.31110368
1048,3954,431.91863832,11.1703104
1048,3955,435.11961744,12.01082688
1048,3956,438.47196024,12.03496704
1048,3957,441.82210848,12.49033824
1048,3958,445.83105144,16.45590816
1048,3959,450.44377272,17.12744352
1048,3960,455.45261208,18.45405504
1048,3961,460.59467952,18.6153552
1048,3962,466.07291088,20.3325984
1048,3963,471.7537428,20.60801568
1048,3964,477.45795288,20.5301088
1048,3965,483.15807864,20.3380848
1048,3966,488.62341696,19.61717184
1048,3967,494.2010436,20.42147808
1048,3968,498.60336144,21.56813568
1065,3882,35.2266504,18.65376
1065,3883,38.33554944,18.65376
1065,3884,43.4117496,15.84691776
1065,3885,45.92598384,7.9607664
1065,3886,51.05421336,25.42507488
1065,3887,58.14965256,25.53480288
1065,3888,65.24432976,25.54028928
1065,3889,72.33794016,25.5337056
1065,3890,79.43548248,24.44300928
1065,3891,83.0692776,1.48791168
1065,3892,85.35805128,19.39003488
1065,3893,91.79195256,23.63211936
1065,3894,98.22826176,21.35965248
1065,3895,104.35419312,23.02422624
1065,3896,109.72339752,14.00019552
1065,3897,114.56743152,24.33437856
1065,3898,121.87516392,27.93894336
1065,3899,129.91405056,30.67007328
1065,3900,138.42763272,27.53404704
1065,3901,145.5548016,26.71657344
1065,3902,153.27733632,27.88298208
1065,3903,161.2009476,29.26336032
1065,3904,169.33404792,29.27981952
1065,3905,177.43392504,29.0888928
1065,3906,185.5239876,29.38186656
1065,3907,193.82741016,30.17739456
1065,3908,202.1529612,29.0120832
1065,3909,210.07312824,28.94734368
1065,3910,218.1525228,28.64888352
1065,3911,226.18906248,30.29919264
1065,3912,234.76284264,29.84711328
1065,3913,242.5688316,27.32666112
1065,3914,250.182888,27.432
1065,3915,257.75192544,26.6529312
1065,3916,264.5296716,22.2638112
1065,3917,270.57129528,21.29381568
1065,3918,276.4008696,20.91305952
1065,3919,282.11821656,19.1969136
1065,3920,286.9096116,16.32642912
1065,3921,291.4607328,16.46249184
1065,3922,296.0327328,16.4592
1065,3923,300.60479376,16.4592
1065,3924,305.1767328,16.4592
1065,3925,309.736998,16.30338624
1065,3926,314.27644536,16.45700544
1065,3927,318.84847584,16.4592
1065,3928,323.3781696,16.00273152
1065,3929,327.77177016,15.78108096
1065,3930,331.95362616,13.1344416
1065,3931,335.13714024,10.98267552
1065,3932,338.11796232,10.66665888
1065,3933,341.19473544,11.21090976
1065,3934,344.3031468,11.28991392
1065,3935,347.44401936,11.23724448
1065,3936,350.54447544,11.137392
1065,3937,353.63700672,11.13519744
1065,3938,356.8043664,12.58141248
1065,3939,360.59565168,13.21454304
1065,3940,364.00377288,12.2950224
1065,3941,367.47203112,11.7024912
1065,3942,370.58870256,11.79795456
1065,3943,373.88849784,11.24382816
1065,3944,377.0318088,11.5269264
1065,3945,380.14089072,10.98048096
1065,3946,383.22571056,11.24931456
1065,3947,386.36374848,11.36123712
1065,3948,389.51644728,11.28442752
1065,3949,392.6499132,11.27016288
1065,3950,395.743938,11.12971104
1065,3951,399.06485592,12.89633184
1065,3952,402.86687016,14.67282816
1065,3953,407.14458576,15.7788864
1065,3954,411.53334,16.04662272
1065,3955,416.09997552,16.37909856
1065,3956,420.3278868,14.35461696
1065,3957,424.283886,14.072616
1065,3958,428.1143076,13.469112
1065,3959,431.74731024,12.74929632
1065,3960,435.5505132,14.57517024
1065,3961,439.62867624,14.85497664
1065,3962,443.83836048,15.0876
1065,3963,448.17920016,16.28144064
1065,3964,452.88134976,17.79020064
1065,3965,457.66518576,16.77960576
1065,3966,462.45225264,17.7704496
1065,3967,467.47700256,18.571464
1065,3968,472.81066728,19.35272736
1065,3969,478.1792316,19.35492192
1065,3970,483.51463368,18.26642016
1065,3971,488.30535816,16.9858944
1065,3972,493.02469848,16.98479712
1065,3973,497.6702264,19.17192
1073,3886,15.1849836,21.1555584
1073,3887,21.0729576,21.20164416
1073,3888,26.9490444,21.12264
1073,3889,32.81318304,21.07435968
1073,3890,38.60645568,20.6178912
1073,3891,44.32337592,20.59155648
1073,3892,50.041302,20.574
1073,3893,55.75593624,20.8263744
1073,3894,62.2968528,26.5377168
1073,3895,69.81953016,27.11159424
1073,3896,77.36820696,27.27508896
1073,3897,84.95129568,27.34750944
1073,3898,92.69178312,28.63461888
1073,3899,100.77315888,29.21288544
1073,3900,108.88973904,29.26336032
1073,3901,116.81411232,27.50003136
1073,3902,123.87175632,23.1142032
1073,3903,130.70500656,27.51758784
1073,3904,138.56351256,27.79190784
1073,3905,143.086836,26.581608
1074,3917,231.94490568,30.16203264
1074,3918,240.34888176,29.77798464
1074,3919,248.16349656,26.0549136
1074,3920,254.61321696,20.67494976
1074,3921,260.09477064,19.5206112
1074,3922,265.42124208,18.050256
1074,3923,270.0747456,16.16512896
1074,3924,274.5979776,16.4592
1074,3925,279.15589584,16.32533184
1074,3926,283.70598072,16.46358912
1074,3927,288.27807216,16.4592
1074,3928,292.81751952,15.5429712
1074,3929,296.6609256,12.71089152
1074,3930,300.24305712,12.62530368
1074,3931,303.442116,10.96621632
1074,3932,306.490116,10.9728
1074,3933,309.53390976,10.84990464
1074,3934,312.5422248,10.79284608
1074,3935,315.32568888,9.491472
1074,3936,318.07196736,10.5503472
1074,3937,321.16254792,11.301984
1074,3938,324.30195744,11.301984
1074,3939,327.4411536,11.29869216
1074,3940,330.581508,11.66737824
1074,3941,334.47895512,16.25291136
1074,3942,339.02367552,15.9599376
1074,3943,343.00753344,11.86488864
1074,3944,345.82077648,9.66923136
1074,3945,348.54498744,9.82943424
1074,3946,351.2899248,9.930384
1074,3947,354.04961448,9.93257856
1074,3948,356.82655584,10.29687552
1074,3949,359.79518592,10.59643296
1074,3950,362.44060608,8.65534464
1074,3951,364.8401136,8.72008416
1074,3952,367.52320704,10.7423712
1074,3953,370.56492816,10.725912
1074,3954,373.48375392,10.72371744
1074,3955,376.73164176,13.64687136
1074,3956,380.99173992,15.82936128
1074,3957,385.3909488,15.89739264
1074,3958,389.84349768,16.5469824
1074,3959,394.46783184,15.06345984
1074,3960,398.16520824,12.8052576
1074,3961,401.7212184,12.8052576
1074,3962,405.28972536,13.23648864
1074,3963,409.31403024,14.5828512
1074,3964,413.2415916,15.84691776
1074,3965,418.09473912,17.4686976
1074,3966,422.8243512,17.0242992
1074,3967,427.59444072,17.172432
1074,3968,432.34093872,17.11976256
1074,3969,437.06692368,16.12233504
1074,3970,441.91141488,19.66216032
1074,3971,447.3698952,19.34285184
1074,3972,452.94572352,21.31137216
1074,3973,458.99707032,21.82380192
1074,3974,465.04780752,21.24772992
1074,3975,469.69113072,12.07446912
1074,3976,475.1109624,27.67779072
1074,3977,482.11035912,22.10580288
1074,3978,488.30261496,23.70783168
1074,3979,494.93902536,24.0359184
1074,3980,499.366032,24.8424192
1079,3898,77.1390126,32.5755
1079,3899,83.31717144,32.50253088
1079,3900,92.49908856,32.74173792
1079,3901,101.60968248,32.6660256
1079,3902,110.18754696,29.00440224
1079,3903,118.01584728,27.64158048
1079,3904,125.72609856,27.2619216
1079,3905,133.3379604,28.0409904
1079,3906,140.74533192,25.38118368
1079,3907,147.66435288,24.26305536
1079,3908,154.44846936,24.97080096
1079,3909,161.32481832,24.27951456
1079,3910,167.74171176,21.98510208
1079,3911,173.83621824,21.9456
1079,3912,179.9488908,22.50082368
1079,3913,186.70856232,26.05601088
1079,3914,194.1624768,27.8105616
1079,3915,202.06435584,28.55780928
1079,3916,210.0050664,28.60828416
1079,3917,217.22178552,23.37645312
1079,3918,223.99748952,23.99092992
1079,3919,230.183436,21.94669728
1079,3920,236.2795884,21.94669728
1079,3921,242.10952848,18.83042208
1079,3922,246.84359064,16.45700544
1079,3923,251.4139752,16.63586208
1079,3924,256.61520432,21.03266304
1079,3925,262.50131904,19.74335904
1079,3926,267.36229992,16.43835168
1079,3927,271.84926072,16.06088736
1079,3928,276.39123792,16.4592
1079,3929,280.96329888,16.4592
1079,3930,285.5354208,16.4592
1079,3931,290.1074208,16.4592
1079,3932,294.5722836,14.54225184
1079,3933,297.95659992,10.97060544
1079,3934,301.00405128,10.9728
1079,3935,304.05211224,10.9728
1079,3936,307.1001732,10.9728
1079,3937,310.13534112,10.81698624
1079,3938,313.1533488,10.9728
1079,3939,316.2013488,10.9782864
1079,3940,319.25425608,11.67615648
1079,3941,322.65189216,11.49620256
1079,3942,326.12271072,14.19660864
1079,3943,330.09193824,14.27122368
1079,3944,333.8294568,12.76246368
1079,3945,337.42954104,13.057632
1079,3946,341.0532168,12.92486112
1079,3947,344.41848312,11.20761792
1079,3948,347.39455032,10.13118624
1079,3949,350.10550248,9.68020416
1079,3950,352.79499672,9.68130144
1079,3951,355.4713236,9.34004736
1079,3952,357.91420416,7.56135648
1079,3953,359.92847496,8.49514176
1079,3954,362.64698616,10.70177184
1079,3955,365.6905056,10.9728
1079,3956,368.84573424,12.89084544
1079,3957,373.08135696,16.46139456
1079,3958,377.6691456,17.2876464
1079,3959,382.45036032,16.4592
1079,3960,387.2189868,17.83409184
1079,3961,392.16125784,17.65194336
1079,3962,396.54857952,13.54701888
1079,3963,400.16859768,13.01264352
1079,3964,403.78224552,13.00935168
1079,3965,407.37900744,12.70979424
1079,3966,410.91514464,13.70612448
1079,3967,415.22221248,16.52174496
1079,3968,419.68293,15.718536
1079,3969,424.11283224,16.06637376
1079,3970,428.57620152,16.0586928
1079,3971,433.12357368,16.73461728
1079,3972,437.91954072,18.269712
1079,3973,443.17240296,19.02464064
1079,3974,448.45888464,19.03561344
1079,3975,453.80693592,20.68701984
1079,3976,460.11717984,23.52348864
1079,3977,466.67543952,24.05676672
1079,3978,473.52505752,24.87643488
1079,3979,480.33794712,23.40607968
1079,3980,486.6938196,22.3461072
1079,3981,492.87452352,22.15188864
1079,3982,498.0052143,19.3217292
1091,3894,29.5863264,21.7700352
1091,3895,32.88475008,21.09081888
1091,3896,38.81548752,21.60654048
1091,3897,44.75183328,21.74589504
1091,3898,50.91031728,22.10690016
1091,3899,57.26533632,23.1745536
1091,3900,63.89144448,26.82630144
1091,3901,71.89814424,29.25567936
1091,3902,79.3680912,23.24807136
1091,3903,85.81394064,24.12699264
1091,3904,92.46924864,24.49348416
1091,3905,99.68197488,27.0808704
1091,3906,107.11543728,26.78131296
1091,3907,114.72614088,27.24326784
1091,3908,122.16877776,26.8998192
1091,3909,129.42301776,26.25352128
1091,3910,136.82798136,25.52492736
1091,3911,144.0765216,27.24217056
1091,3912,151.66689504,26.74949184
1091,3913,158.97794976,26.362152
1091,3914,166.19847888,25.676352
1091,3915,173.19677832,25.09808544
1091,3916,180.2256492,24.89618592
1091,3917,187.22748432,25.66099008
1091,3918,194.32130808,25.56552672
1091,3919,201.33826128,24.68002176
1091,3920,208.028286,22.19577984
1091,3921,213.55943064,19.15631424
1091,3922,218.879928,19.1530224
1091,3923,224.17159128,19.00598688
1091,3924,229.46880192,19.07401824
1091,3925,234.7781436,19.1530224
1091,3926,240.08696712,19.05097536
1091,3927,245.3902128,19.15411968
1091,3928,250.7104968,19.15192512
1091,3929,256.00917048,18.95990112
1091,3930,261.29690184,19.14863328
1091,3931,266.61736872,19.13217408
1091,3932,271.8712368,18.80079552
1091,3933,276.88278888,17.01552096
1091,3934,281.48670144,16.08941664
1091,3935,285.97984968,16.46907552
1091,3936,290.55331272,16.4207952
1091,3937,294.93112464,15.27084576
1091,3938,299.22792072,15.54736032
1091,3939,303.5459004,15.54516576
1091,3940,307.71090096,14.07151872
1091,3941,311.46969456,13.42741536
1091,3942,315.0769416,11.87915328
1091,3943,318.1682232,10.9728
1091,3944,321.21631464,11.03205312
1091,3945,324.38087016,11.72663136
1091,3946,327.6464364,11.7518688
1091,3947,330.91215504,11.7299232
1091,3948,334.07902704,11.03644224
1091,3949,337.1289168,10.82137536
1091,3950,339.67009536,7.4011536
1091,3951,341.79028416,8.5203792
1091,3952,344.23414008,8.71898688
1091,3953,346.65586752,8.87260608
1091,3954,349.24048008,9.52329312
1091,3955,351.88516872,9.52329312
1091,3956,354.52876008,9.60010272
1091,3957,357.46370976,11.37111264
1091,3958,360.58117368,12.09970656
1091,3959,364.55686296,15.91824096
1091,3960,369.1009128,16.4592
1091,3961,373.6729128,16.4592
1091,3962,378.24485184,16.45810272
1091,3963,382.89939168,17.25801984
1091,3964,387.77405808,17.6168304
1091,3965,392.65262592,17.44346016
1091,3966,397.36047528,16.45151904
1091,3967,401.8693512,16.50748032
1091,3968,406.50285984,16.4537136
1091,3969,411.03639408,16.18707456
1091,3970,415.5693492,16.75107648
1091,3971,420.06746568,15.39813024
1091,3972,424.50081216,16.59745728
1091,3973,429.214788,17.1395136
1091,3974,434.21829336,18.97855488
1091,3975,439.58655288,19.84869792
1091,3976,445.02778152,18.97416576
1091,3977,450.26677536,18.56268576
1091,3978,455.4330744,19.33846272
1091,3979,460.96967496,19.93428576
1091,3980,466.71393576,22.47887808
1091,3981,473.37088968,24.59772576
1091,3982,480.1650036,24.0798096
1091,3983,486.78077904,23.82085152
1091,3984,493.3982004,23.8219488
1091,3985,500.01123264,23.78464128
1091,3986,505.298964,23.8219488
1102,3897,21.7189812,22.6149408
1102,3898,26.5919712,21.71736576
1102,3899,32.60585808,21.45401856
1102,3900,38.5536948,22.16834784
1102,3901,44.77332168,21.73492224
1102,3902,50.90934192,24.55054272
1102,3903,58.71645864,29.8130976
1102,3904,66.83840328,26.67377952
1102,3905,73.42948992,23.1635808
1102,3906,79.91090952,23.34134016
1102,3907,86.4242112,24.08419872
1102,3908,93.2994324,24.57248832
1102,3909,100.15584744,25.045416
1102,3910,107.15509176,25.0070112
1102,3911,114.10709208,25.5721104
1102,3912,121.21883808,24.64381152
1102,3913,128.15401344,26.41921056
1102,3914,135.71216952,27.42870816
1102,3915,143.25749352,26.7846048
1102,3916,150.54465192,25.32083328
1102,3917,157.51966464,25.47664704
1102,3918,164.54484744,25.14197664
1102,3919,171.21887016,22.6368864
1102,3920,177.52676712,22.91888736
1102,3921,183.80878656,22.5052128
1102,3922,190.00250544,21.96864288
1102,3923,196.1000904,21.9456
1102,3924,202.1892324,21.89731968
1102,3925,208.29684528,22.24954656
1102,3926,214.55231664,22.61932992
1102,3927,220.60040208,19.52170848
1102,3928,225.38225688,16.38458496
1102,3929,229.953312,16.4592
1102,3930,234.525312,16.4592
1102,3931,239.09209992,16.3659312
1102,3932,243.64212384,16.4537136
1102,3933,248.2141848,16.4592
1102,3934,252.78563616,16.46797824
1102,3935,257.49180912,17.70132096
1102,3936,262.51281,18.10841184
1102,3937,267.35498472,16.61940288
1102,3938,271.85602728,16.0696656
1102,3939,276.20591952,14.71233024
1102,3940,280.16978256,14.26464
1102,3941,284.13949776,14.36558976
1102,3942,288.14746536,14.45008032
1102,3943,292.16043168,14.45008032
1102,3944,296.02090656,12.43327968
1102,3945,299.11788792,10.7862624
1102,3946,302.11315752,10.7862624
1102,3947,305.11860744,10.9014768
1102,3948,308.1628584,10.9728
1102,3949,311.18412744,10.81259712
1102,3950,314.19414936,10.1004624
1102,3951,316.27337304,5.5357776
1102,3952,317.7957576,5.4864
1102,3953,319.3197576,5.4864
1102,3954,320.8437576,5.47871904
1102,3955,322.72992096,9.64728576
1102,3956,325.99079328,12.289536
1102,3957,329.41226472,12.40584768
1102,3958,332.88293088,12.5199648
1102,3959,336.36152184,12.5199648
1102,3960,339.84014328,12.51557568
1102,3961,343.50956952,14.87692224
1102,3962,348.03453888,16.82020512
1102,3963,352.73522544,16.93761408
1102,3964,357.42719472,16.66548864
1102,3965,361.9562484,16.26937056
1102,3966,366.52190856,16.4592
1102,3967,371.09381712,16.46029728
1102,3968,375.58925136,15.90397632
1102,3969,380.17176696,18.19729152
1102,3970,385.81017072,21.33880416
1102,3971,391.7199684,20.8154016
1102,3972,396.9792924,16.72144992
1102,3973,401.38676136,15.49798272
1102,3974,405.82239384,16.82788608
1102,3975,409.9957764,12.85902432
1102,3976,413.92903752,15.75035712
1102,3977,418.42498992,16.47785376
1102,3978,422.996868,16.4592
1102,3979,427.56822792,16.4976048
1102,3980,432.25315632,17.03856384
1102,3981,436.98340848,16.88494464
1102,3982,441.45259944,15.97310496
1102,3983,446.69372688,22.15737504
1102,3984,453.01686384,22.69504224
1102,3985,459.97941024,27.68766624
1102,3986,467.52016224,22.29453504
1102,3987,473.15243952,26.46749088
1102,3988,480.87863184,23.44009536
1102,3989,487.22033112,24.54286176
1102,3990,494.39187888,26.45871264
1102,3991,499.3117776,28.3866336
1104,3901,21.2804502,20.5520544
1104,3902,25.17535224,20.36880864
1104,3903,30.64114776,19.31651712
1104,3904,36.08639976,20.77919136
1104,3905,42.53273688,23.62334112
1104,3906,48.37422888,22.31538336
1104,3907,55.7101248,27.69973632
1104,3908,63.7835148,31.83319008
1104,3909,73.12737216,34.12211616
1104,3910,82.626708,34.12760256
1104,3911,91.67597616,29.57059872
1104,3912,99.37888176,27.39578976
1104,3913,107.28713112,30.74907744
1104,3914,113.9820936,32.6331072
1105,3898,19.8095616,22.7246688
1105,3899,22.95970008,22.50411552
1105,3900,29.17097544,21.77113248
1105,3901,35.14910928,21.99826944
1105,3902,41.44255872,22.2254064
1105,3903,47.09483088,19.61058816
1105,3904,53.10871776,23.37535584
1105,3905,59.55459768,23.0483664
1105,3906,66.30795984,28.01465568
1105,3907,75.16203408,33.3902304
1105,3908,83.83377696,27.14231808
1105,3909,90.73935624,24.29048736
1105,3910,97.51195128,24.62625504
1105,3911,104.35751544,24.66356256
1105,3912,111.64348512,27.16755552
1105,3913,118.2940992,20.8373472
1105,3914,123.94222608,22.3131888
1105,3915,131.1549828,27.95649984
1105,3916,138.84161208,26.47626912
1105,3917,145.91269776,24.798528
1105,3918,152.90517552,25.34058432
1105,3919,159.5214996,22.33403712
1105,3920,165.65499,22.43059776
1105,3921,171.85642032,21.94450272
1105,3922,177.95342616,21.9565728
1105,3923,183.94384344,20.02426272
1105,3924,189.21026928,20.05608384
1105,3925,195.12436464,21.39257088
1105,3926,201.12484032,21.7864944
1105,3927,206.90137944,19.8113904
1105,3928,212.36382216,19.62595008
1105,3929,217.81416432,19.54475136
1105,3930,222.81218328,16.24193856
1105,3931,227.2600992,16.09600032
1105,3932,231.72962544,16.1629344
1105,3933,236.47609296,18.11280096
1105,3934,241.53559008,18.18851328
1105,3935,246.60868128,18.132552
1105,3936,251.08972896,13.92667776
1105,3937,254.84672424,13.37913504
1105,3938,258.55565256,13.7489184
1105,3939,263.30550336,19.9759824
1105,3940,267.77783376,12.09092832
1105,3941,270.93187368,11.9658384
1105,3942,274.8942432,15.26645664
1105,3943,278.90166216,13.86632736
1105,3944,282.76698336,13.9135104
1105,3945,286.63251792,13.9135104
1105,3946,290.49805248,13.86084096
1105,3947,294.11398632,11.70688032
1105,3948,297.19200912,10.9728
1105,3949,300.24000912,10.9728
1105,3950,303.28779576,10.97170272
1105,3951,306.3159228,10.1004624
1105,3952,308.39499408,5.5357776
1105,3953,309.917592,5.44909248
1105,3954,311.40071832,5.36350464
1105,3955,312.9204816,5.4864
1105,3956,314.6002344,7.95528
1105,3957,317.41634256,10.97499456
1105,3958,320.52624744,12.3882912
1105,3959,324.70103208,16.77411936
1105,3960,329.37931584,16.83446976
1105,3961,333.95573544,15.2412192
1105,3962,337.9079856,14.9943312
1105,3963,342.38147424,16.31545632
1105,3964,346.84414248,15.27633216
1105,3965,350.8795116,14.31182304
1105,3966,354.86138832,14.51372256
1105,3967,359.11706688,16.01809344
1105,3968,363.63045384,16.44603264
1105,3969,368.20467888,16.4098224
1105,3970,372.4535604,14.86485216
1105,3971,376.89059496,16.46029728
1105,3972,381.56583072,18.1270656
1105,3973,387.02735904,20.26566432
1105,3974,392.64400008,20.18227104
1105,3975,397.9078656,16.97272704
1105,3976,402.48026184,16.68523968
1105,3977,407.11255128,16.70169888
1105,3978,412.10989968,19.75323456
1105,3979,417.85638552,21.16323936
1105,3980,423.86213424,21.33990144
1105,3981,429.4598472,18.89845344
1105,3982,434.3524968,17.69473728
1105,3983,439.5007212,18.46831968
1105,3984,444.48392688,18.96867936
1105,3985,450.23449704,20.75285664
1105,3986,456.3794784,24.6558816
1105,3987,463.46354856,25.30217952
1105,3988,469.28099184,16.41091968
1105,3989,475.58413392,29.59034976
1105,3990,483.37372464,24.71184288
1105,3991,490.0883772,25.6873248
1105,3992,497.01766992,24.28939008
1107,3973,409.6902144,19.27098
1107,3974,414.50215296,18.83590848
1107,3975,419.32232112,15.9544512
1107,3976,423.66084432,14.6267424
1107,3977,427.53765648,14.45446944
1107,3978,431.8892556,17.01113184
1107,3979,437.09633688,20.52571968
1107,3980,443.04853224,22.69065312
1107,3981,449.66616696,23.29196256
1107,3982,455.31048384,17.885664
1107,3983,460.50988416,20.35234944
1107,3984,466.92376008,23.30512992
1107,3985,473.79983472,29.7966384
1107,3986,481.18605312,20.23055136
1107,3987,486.84945048,22.603968
1107,3988,493.24226472,23.0319072
1107,3989,497.7200358,23.0264208
1108,3905,19.9610472,26.7407136
1108,3906,23.51678304,27.6130512
1108,3907,31.28567784,28.50075072
1108,3908,38.87062584,24.71403744
1108,3909,45.78845808,27.9422352
1108,3910,54.0605472,30.17410272
1108,3911,62.5242336,31.08374784
1108,3912,71.269098,31.56106464
1108,3913,80.07010656,31.73992128
1108,3914,88.85288808,31.52265984
1108,3915,97.6856568,32.6495664
1108,3916,106.93094184,33.4231488
1108,3917,116.25004944,33.68759328
1108,3918,125.3500668,30.61850112
1108,3919,133.73279832,30.81381696
1108,3920,142.18959624,30.13021152
1108,3921,150.62140056,30.87636192
1108,3922,159.28942488,31.22968608
1108,3923,167.95360872,31.23626976
1108,3924,176.21923608,26.81532864
1108,3925,182.89578864,22.08385728
1108,3926,188.611002,18.40577472
1108,3927,193.41553392,18.10950912
1108,3928,198.64568856,18.61425792
1108,3929,203.48499816,16.89591744
1108,3930,208.75620936,20.6782416
1108,3931,214.50287808,20.66617152
1108,3932,219.9052752,17.26460352
1108,3933,223.78836624,11.29320576
1108,3934,226.8300264,10.9728
1108,3935,229.87763016,11.10008448
1108,3936,233.38359216,14.9559264
1108,3937,238.30839816,20.45439648
1108,3938,244.11291792,19.915632
1108,3939,249.1301088,16.59306816
1108,3940,253.7016516,16.4098224
1108,3941,258.1744392,15.88751712
1108,3942,262.603488,15.93689472
1108,3943,267.06414456,16.3055808
1108,3944,271.45107,15.50237184
1108,3945,275.93565336,16.4592
1108,3946,280.41337872,14.55651648
1108,3947,283.78714896,10.9673136
1108,3948,286.835088,10.9728
1108,3949,289.88302704,10.9728
1108,3950,292.9289544,10.9618272
1108,3951,295.93263648,10.3747824
1108,3952,298.29840264,6.528816
1108,3953,300.2991708,8.30311776
1108,3954,302.60775648,8.3064096
1108,3955,304.91570208,8.31299328
1108,3956,307.025802,7.14658464
1108,3957,309.19899552,8.21972448
1108,3958,311.47966152,9.24348672
1108,3959,314.84657376,13.98044448
1108,3960,318.73381008,13.99032
1108,3961,322.62189984,14.13186912
1108,3962,326.64419304,14.63442336
1108,3963,330.68968152,14.5609056
1108,3964,334.7362368,14.60369952
1108,3965,338.8077552,14.68380096
1108,3966,342.91362456,16.3110672
1108,3967,348.07818624,16.46578368
1108,3968,351.5773512,11.7079776
1108,3969,354.82700688,11.86488864
1108,3970,358.66675536,15.63404544
1108,3971,363.07711992,16.39994688
1108,3972,367.71830952,16.71486624
1108,3973,372.3348408,17.02539648
1108,3974,377.7311724,21.67457184
1108,3975,384.30970128,26.05052448
1108,3976,391.5873804,23.48947296
1108,3977,396.62499288,14.91532704
1108,3978,400.74579744,14.2207488
1108,3979,404.33881032,13.44826368
1108,3980,408.52505544,15.35862816
1108,3981,413.24866296,19.5699888
1108,3982,419.11956816,21.88415232
1108,3983,424.96544928,19.2078864
1108,3984,429.54897072,15.11612928
1108,3985,433.91263992,15.88093344
1108,3986,438.9572628,21.1610448
1108,3987,445.03043328,21.98290752
1108,3988,450.9346836,20.24042688
1108,3989,457.38190464,26.39287584
1108,3990,464.68582704,26.24584032
1108,3991,471.99523584,26.55527328
1108,3992,479.75861376,29.25458208
1108,3993,487.90817328,28.89467424
1108,3994,495.08286048,22.58311968
1108,3995,499.3161972,20.8702656
1115,3907,20.17268,26.5432032
1115,3908,24.58053504,29.52561024
1115,3909,33.18153384,31.24175616
1115,3910,41.31631056,25.28352576
1115,3911,47.85792816,26.12843136
1115,3912,55.95423912,29.90965824
1115,3913,64.19563488,30.46488192
1115,3914,73.19851248,33.38803584
1115,3915,82.49463816,33.38693856
1115,3916,91.79542728,33.83133696
1115,3917,101.289612,34.32621024
1115,3918,110.8293948,34.399728
1115,3919,119.94270144,30.00841344
1115,3920,127.73869296,27.54611712
1115,3921,135.5017356,27.44516736
1115,3922,142.79660544,25.57979136
1115,3923,149.95315704,26.13611232
1115,3924,157.2176688,26.15147424
1115,3925,164.39604408,24.91154784
1115,3926,171.04610952,23.59042272
1115,3927,177.33727296,19.92879936
1115,3928,182.69471208,23.23709856
1115,3929,190.31507784,28.7981136
1115,3930,198.3069948,28.74215232
1115,3931,206.049372,22.85853696
1115,3932,208.687416,0.07461504
1115,3933,208.85280048,4.17076128
1115,3934,212.3837256,18.27410112
1115,3935,217.45876752,18.29275488
1115,3936,222.29624832,14.84290656
1115,3937,226.45195248,17.68047264
1115,3938,231.65263296,18.8402976
1115,3939,236.88550032,18.82164384
1115,3940,241.91110368,17.19766944
1115,3941,246.63614376,16.99576992
1115,3942,251.17644456,15.46506432
1115,3943,255.38350752,14.98774752
1115,3944,259.56088296,15.14685312
1115,3945,264.18710688,18.32896512
1115,3946,269.02321608,16.18597728
1115,3947,273.5310252,16.44493536
1115,3948,278.08235976,16.32862368
1115,3949,282.48400704,13.99251456
1115,3950,285.76383792,10.97060544
1115,3951,288.73249848,9.436608
1115,3952,290.8784124,6.97760352
1115,3953,292.81809864,6.97540896
1115,3954,294.75092688,6.93810144
1115,3955,296.67826872,6.9348096
1115,3956,298.6055496,6.93810144
1115,3957,300.44702928,5.98346784
1115,3958,301.99367592,5.37886656
1115,3959,303.69912336,7.71717024
1115,3960,306.0673584,8.62242624
1115,3961,308.47905792,9.47611008
1115,3962,311.94865728,14.9833584
1115,3963,316.24694688,16.7280336
1115,3964,321.41644632,19.51731936
1115,3965,326.69872176,17.97564096
1115,3966,331.52779008,17.33812128
1115,3967,336.34430064,17.2986192
1115,3968,340.78947336,13.39120512
1115,3969,343.9651236,10.89708768
1115,3970,347.1333672,12.57263424
1115,3971,350.90761416,13.880592
1115,3972,354.7626636,13.880592
1115,3973,358.649016,15.00969312
1115,3974,363.75432456,20.72542464
1115,3975,369.651534,21.90609792
1115,3976,375.74881416,21.9456
1115,3977,381.80448912,21.41232192
1115,3978,387.67356552,21.06887328
1115,3979,393.29340696,17.44346016
1115,3980,397.0486344,10.96950816
1115,3981,400.41094416,14.76609696
1115,3982,404.8012224,15.91056
1115,3983,409.2194508,15.99505056
1115,3984,413.9866752,18.48148704
1115,3985,419.17882128,18.64717632
1115,3986,424.32555216,18.4013856
1115,3987,429.42979392,18.47490336
1115,3988,434.99266824,21.83916384
1115,3989,441.01353504,21.53521728
1115,3990,447.38867088,25.67525472
1115,3991,455.257662,29.35553184
1115,3992,463.47266208,29.72202336
1115,3993,471.5533368,27.32007744
1115,3994,478.77286008,25.7915664
1115,3995,485.93751936,25.90568352
1115,3996,492.95877024,22.85853696
1115,3997,498.055783885714,22.5381312
1121,3910,22.7673746666667,24.3669312
1121,3911,29.41454112,26.35776288
1121,3912,38.12962656,36.292536
1121,3913,48.47429472,37.32178464
1121,3914,58.83673272,36.978336
1121,3915,68.29964496,30.74798016
1121,3916,76.50766512,28.73447136
1121,3917,84.6050124,30.02487264
1121,3918,93.2575224,32.44547232
1121,3919,102.29411088,31.90122144
1121,3920,111.20076312,32.66163648
1121,3921,120.08105016,30.87965376
1121,3922,128.307084,29.00769408
1121,3923,136.54930272,29.54645856
1121,3924,144.50251008,28.33945056
1121,3925,152.08166688,25.0947936
1121,3926,158.46914712,21.94230816
1121,3927,164.40771792,19.94416128
1121,3928,169.6146468,18.64168992
1121,3929,174.78317088,18.31470048
1121,3930,180.13881168,19.69727328
1121,3931,185.27670336,17.71339104
1121,3932,190.07553552,16.74668736
1121,3933,194.65222944,16.4592
1121,3934,199.22435136,16.44712992
1121,3935,203.78358024,16.42189248
1121,3936,208.35890256,16.55905248
1121,3937,212.9933256,16.7444928
1121,3938,217.6377156,16.61940288
1121,3939,222.20962416,16.31765088
1121,3940,226.76665848,17.0407584
1121,3941,232.1667696,21.63945888
1121,3942,238.11917832,19.91124288
1121,3943,243.03389544,16.4701728
1121,3944,247.6045848,16.4592
1121,3945,252.1764324,16.45810272
1121,3946,256.82764992,17.34031584
1121,3947,261.76199616,17.87908032
1121,3948,266.59551456,16.72035264
1121,3949,271.0626024,14.77926432
1121,3950,274.56874728,11.34697248
1121,3951,277.72138512,11.34697248
1121,3952,280.78121136,9.46404
1121,3953,282.75040224,5.93957664
1121,3954,284.40001032,6.05808288
1121,3955,286.49718672,9.19959552
1121,3956,289.13142072,9.491472
1121,3957,290.844732,9.491472
1135,3913,20.2685904,26.7704969142857
1135,3914,26.57289072,26.65402848
1135,3915,33.92993976,26.83617696
1135,3916,41.81740176,29.44880064
1135,3917,49.9878096,29.35004544
1135,3918,58.51742424,33.4780128
1135,3919,68.31811584,35.68464288
1135,3920,78.25218792,35.84923488
1135,3921,87.92833824,32.80099104
1135,3922,96.6523848,31.11666624
1135,3923,105.31989096,31.22200512
1135,3924,113.76608184,28.88370144
1135,3925,121.82618256,29.8515024
1135,3926,129.98034456,29.21398272
1135,3927,137.98238088,27.74582208
1135,3928,145.3671972,24.86765664
1135,3929,151.76421768,21.98071296
1135,3930,157.84543488,21.49461792
1135,3931,163.57668072,20.26017792
1135,3932,169.32161208,20.78028864
1135,3933,174.61662816,17.20425312
1135,3934,179.25080736,16.47236736
1135,3935,183.8239656,16.4592
1135,3936,188.4008424,16.48882656
1135,3937,192.97613424,16.4592
1135,3938,197.54615304,16.51845312
1135,3939,202.25314896,17.31068928
1135,3940,207.07255512,17.3699424
1135,3941,211.89912408,17.65962432
1135,3942,217.313256,21.32124768
1135,3943,223.28026464,20.40172704
1135,3944,228.27709488,16.49431296
1135,3945,232.8483024,16.4592
1135,3946,237.4204548,16.45042176
1135,3947,241.96968624,16.36812576
1135,3948,246.5365656,16.4592
1135,3949,251.10088464,16.23206304
1135,3950,255.47503896,15.36192
1135,3951,259.75723512,15.5484576
1135,3952,263.98596936,13.83560352
1135,3953,267.28183272,10.9673136
1135,3954,270.29048304,10.68970176
1135,3955,273.29946864,10.96950816
1135,3956,276.1843092,9.04378176
1135,3957,278.28093696,7.09610976
1135,3958,280.348944,7.5053952
1135,3959,282.43426368,7.5053952
1135,3960,284.52281424,7.60634496
1135,3961,286.87035336,9.9413568
1135,3962,289.87498032,10.9728
1135,3963,292.92307176,10.96511904
1135,3964,296.29434264,14.54554368
1135,3965,300.77170224,16.4592
1135,3966,305.34431184,16.45590816
1135,3967,309.94093968,17.36335872
1135,3968,315.08026392,18.92917728
1135,3969,320.26192488,18.08427168
1135,3970,325.18145784,17.63219232
1135,3971,330.07877088,17.6332896
1135,3972,334.97660208,17.63987328
1135,3973,339.46289232,13.32317376
1135,3974,343.44397656,17.54879904
1135,3975,348.59375544,18.67131648
1135,3976,353.84439264,19.15741152
1135,3977,359.15739192,18.97636032
1135,3978,364.5254076,19.80261216
1135,3979,370.03991016,19.86405984
1135,3980,375.5721216,19.4108832
1135,3981,380.75548944,18.45954144
1135,3982,385.87536744,18.44856864
1135,3983,390.98119416,17.89773408
1135,3984,395.69666352,16.1958528
1135,3985,400.27838664,17.63658144
1135,3986,405.49796472,19.723608
1135,3987,410.51326584,15.70866048
1135,3988,414.92792808,16.9090848
1135,3989,420.22035336,20.88782208
1135,3990,426.08802768,21.10398624
1135,3991,432.0698496,22.7027232
1135,3992,438.63435768,23.8274352
1135,3993,445.04006496,22.00485312
1135,3994,451.26731184,23.99970816
1135,3995,458.38731792,26.39287584
1135,3996,465.7074252,25.68074112
1135,3997,470.88036888,17.12744352
1135,3998,478.1830416,30.51755136
1135,3999,486.49923528,27.56586816
1135,4000,493.21705776,21.76674336
1135,4001,498.274020685714,22.9958537142857
1140,3915,20.4328776,31.6126368
1140,3916,26.59111776,31.6126368
1140,3917,35.35195368,31.39098624
1140,3918,44.15418144,32.08227264
1140,3919,53.3813004,35.5024944
1140,3920,63.66122904,37.33385472
1140,3921,74.03595048,37.48089024
1140,3922,83.96545056,32.72857056
1140,3923,92.30834472,26.93712672
1140,3924,99.0593904,25.9890768
1140,3925,107.38792848,31.24724256
1140,3926,116.19655704,33.08189472
1140,3927,125.69948952,34.14845088
1140,3928,135.08312328,31.00145184
1140,3929,142.63704264,25.4678688
1140,3930,149.17253376,22.06300896
1140,3931,155.26828992,21.95328096
1140,3932,161.08646472,18.87760512
1140,3933,165.83658984,16.3714176
1140,3934,170.3844192,16.41421152
1140,3935,174.95577912,16.4592
1140,3936,179.53046136,16.47785376
1140,3937,184.12669296,16.6292784
1140,3938,188.75538576,16.67426688
1140,3939,193.37911032,16.29570528
1140,3940,197.23763448,12.16444608
1140,3941,200.88036024,13.88937024
1140,3942,204.64890744,12.87767808
1140,3943,208.3314096,15.1863552
1140,3944,213.0698304,17.5784256
1140,3945,217.91496168,17.02759104
1140,3946,222.5145156,16.5195504
1140,3947,227.65941768,20.92622688
1140,3948,233.51060232,19.88381088
1140,3949,238.7609652,18.43759584
1140,3950,243.64120944,16.71925536
1140,3951,248.2178424,16.4592
1140,3952,252.84290808,17.14829184
1140,3953,257.58062784,14.98226112
1140,3954,260.48107416,7.54270272
1140,3955,262.56867984,7.516368
1140,3956,264.7140756,9.20837376
1140,3957,268.10720064,12.75807456
1140,3958,270.9736008,8.74971072
1140,3959,273.26054568,8.03099232
1140,3960,275.49216936,8.02770048
1140,3961,277.89189024,9.92928672
1140,3962,280.8887448,10.9728
1140,3963,283.9367448,10.9728
1140,3964,287.0495148,11.99107584
1140,3965,291.02224752,16.2562032
1140,3966,295.59613728,16.4646864
1140,3967,300.13226232,16.69621248
1140,3968,304.9697736,17.6442624
1140,3969,309.85772928,17.48405952
1140,3970,314.72806752,17.60366304
1140,3971,319.47560184,16.55905248
1140,3972,324.29769024,18.55061568
1140,3973,329.54924184,18.93137184
1140,3974,334.61331096,17.06709312
1140,3975,339.20603736,16.45151904
1140,3976,343.74517992,16.34508288
1140,3977,348.59988192,18.8841888
1140,3978,353.95881456,19.32200352
1140,3979,359.41458216,20.52352512
1140,3980,365.36281512,21.44194848
1140,3981,371.33701704,21.86220672
1140,3982,376.97112312,17.9076096
1140,3983,381.7331964,17.37323424
1140,3984,386.565648,17.27008992
1140,3985,391.35615912,17.11537344
1140,3986,395.5840704,12.3937776
1140,3987,399.21960288,16.54039872
1140,3988,404.46600336,19.47562272
1140,3989,409.90000824,19.7455536
1140,3990,415.42545312,19.94086944
1140,3991,420.927276,19.88051904
1140,3992,426.53647992,20.30406912
1140,3993,432.16973256,20.7495648
1140,3994,438.30297912,23.96240064
1140,3995,445.36863936,25.86618144
1140,3996,452.24614656,22.31757792
1140,3997,458.44867416,24.99274656
1140,3998,465.68971632,26.28205056
1140,3999,473.35964256,28.44259488
1140,4000,481.21464336,27.30910464
1140,4001,488.44370688,26.2908288
1140,4002,495.43536168,22.23418464
1140,4003,499.2188136,20.0034144
1147,3916,14.7520152,30.8994048
1147,3917,22.93592568,31.31417664
1147,3918,31.81145784,32.3368416
1147,3919,40.79650464,32.36866272
1147,3920,49.71696432,31.80795264
1147,3921,58.8681576,34.52481792
1147,3922,68.43945672,34.73000928
1147,3923,78.53763312,37.24936416
1147,3924,88.35493632,31.6126368
1147,3925,96.444054,28.5457392
1147,3926,104.39985216,28.65766176
1147,3927,112.40286384,29.11961664
1147,3928,120.5738508,29.41588224
1147,3929,128.59576008,28.7651952
1147,3930,136.3368876,26.11087488
1147,3931,143.42245128,25.43824224
1147,3932,150.49146432,25.40971296
1147,3933,157.016196,20.5849728
1147,3934,162.68325096,21.21700608
1147,3935,167.3440392,13.4910576
1147,3936,171.45740664,15.0437088
1147,3937,175.63740336,15.04700064
1147,3938,179.82078336,15.060168
1147,3939,184.0015116,15.0437088
1147,3940,188.18659848,15.07991904
1147,3941,192.37028328,15.05248704
1147,3942,196.2524904,12.82061952
1147,3943,200.47177584,17.83518912
1147,3944,205.49420928,18.12267648
1147,3945,210.52807272,18.12048192
1147,3946,215.54946984,18.05793696
1147,3947,220.584522,18.53086464
1147,3948,226.21841472,21.81173184
1147,3949,232.11324672,19.14863328
1147,3950,236.88708528,16.568928
1147,3951,241.4704848,16.4701728
1147,3952,246.0647352,16.568928
1147,3953,250.66700184,16.57331712
1147,3954,254.8114284,11.21200704
1147,3955,257.12650632,7.60853952
1147,3956,259.277358,7.7797152
1147,3957,261.4248264,7.6590144
1147,3958,263.56565016,7.7797152
1147,3959,265.7260116,7.7797152
1147,3960,267.88649496,7.7797152
1147,3961,270.02405736,7.50649248
1147,3962,272.17865808,8.9647776
1147,3963,275.03789544,10.76541408
1147,3964,278.02920264,10.76651136
1147,3965,281.05757352,11.79685728
1147,3966,285.09303408,17.28325728
1147,3967,290.52935544,20.79674784
1147,3968,296.4288204,21.81173184
1147,3969,302.27957832,20.99206368
1147,3970,308.1294828,19.84760064
1147,3971,313.19864208,17.02320192
1147,3972,317.79779976,16.4592
1147,3973,322.38790488,16.74888192
1147,3974,327.11020176,17.0956224
1147,3975,331.74730704,14.9888448
1147,3976,335.37104376,12.61103904
1147,3977,339.15419088,14.63661792
1147,3978,343.43647848,16.1793936
1147,3979,348.25881072,18.97306848
1147,3980,353.72899536,19.7949312
1147,3981,359.20585512,19.61717184
1147,3982,364.9251528,21.7645488
1147,3983,371.02017744,21.9456
1147,3984,377.023884,20.43903456
1147,3985,382.15528344,17.53343712
1147,3986,387.1124592,17.97564096
1147,3987,392.09438472,17.85713472
1147,3988,396.71448216,16.1190432
1147,3989,401.58655776,18.29056032
1147,3990,406.66912824,17.95259808
1147,3991,411.44156472,17.04514752
1147,3992,416.34835704,18.79092
1147,3993,421.92567888,20.57290272
1147,3994,427.77771696,22.38341472
1147,3995,434.31573792,23.86474272
1147,3996,441.09555672,25.92653184
1147,3997,448.67797488,27.6953472
1147,3998,456.22083,25.92543456
1147,3999,463.31425752,24.66356256
1147,4000,470.01589512,26.51138208
1147,4001,477.9742536,28.97697024
1147,4002,485.72330592,26.91408384
1147,4003,493.22915832,26.83288512
1147,4004,498.52801488,22.77075456
1154,3919,20.9425032,37.4282208
1154,3920,27.5655024,38.07122688
1154,3921,38.16403848,38.11731264
1154,3922,48.76534824,38.21058144
1154,3923,59.3884512,38.2566672
1154,3924,70.01542512,38.2511808
1154,3925,80.53398168,35.82948384
1154,3926,89.60729856,30.59436096
1154,3927,97.86789672,29.56401504
1154,3928,106.00233816,28.9846512
1154,3929,113.94899232,28.19790144
1154,3930,121.69813608,27.4813776
1154,3931,129.17707464,26.79886944
1154,3932,136.338564,23.33804832
1154,3933,142.47924768,21.60324864
1154,3934,147.86512464,16.46578368
1154,3935,152.29639848,16.4646864
1154,3936,156.89765928,16.96833792
1154,3937,161.59197552,16.42847616
1154,3938,166.139622,16.43835168
1154,3939,170.7117744,16.4592
1154,3940,175.28374392,16.46029728
1154,3941,179.85909672,16.48004832
1154,3942,184.34063208,15.90617088
1154,3943,188.83710264,15.6581856
1154,3944,192.79599744,14.13516096
1154,3945,197.1214752,16.8487344
1154,3946,201.95551176,17.52246432
1154,3947,206.82972096,17.57623104
1154,3948,211.71136728,17.57184192
1154,3949,216.57978528,17.5180752
1154,3950,221.60038992,19.49537376
1154,3951,226.99077792,16.95736512
1154,3952,231.2299668,15.05138976
1154,3953,235.414566,15.060168
1154,3954,239.589564,14.9614128
1154,3955,243.75340632,15.06345984
1154,3956,247.91386536,14.2042896
1154,3957,251.36270784,11.2032288
1154,3958,254.14556232,8.9044272
1154,3959,256.57548888,8.67729024
1154,3960,259.017516,8.8660224
1154,3961,261.47453928,8.76507264
1154,3962,263.91263448,8.85834144
1154,3963,266.3756928,8.8660224
1154,3964,268.83896448,8.80676928
1154,3965,271.23066912,8.92308096
1154,3966,274.04601528,10.86636384
1154,3967,277.07344128,11.02546944
1154,3968,280.67940816,15.89629536
1154,3969,285.9269364,21.3640416
1154,3970,292.01040912,21.9456
1154,3971,298.10762832,21.9071952
1154,3972,303.87971736,18.92698272
1154,3973,308.69857488,16.42298976
1154,3974,313.22884776,16.38348768
1154,3975,317.79978096,16.4592
1154,3976,322.4180496,17.2108368
1154,3977,327.38546664,18.1380384
1154,3978,332.39570808,17.55318816
1154,3979,337.06564032,16.4537136
1154,3980,341.6257836,16.32204
1154,3981,346.251276,18.12377376
1154,3982,351.86938008,21.23895168
1154,3983,357.76101168,21.11276448
1154,3984,363.70881792,21.87098496
1154,3985,369.8068296,21.90938976
1154,3986,375.71162856,20.7276192
1154,3987,381.51014376,20.88891936
1154,3988,386.88105504,17.36335872
1154,3989,391.5509568,16.73242272
1154,3990,396.2631648,17.35128864
1154,3991,401.13231432,17.5509936
1154,3992,406.14715824,18.89186976
1154,3993,411.50221992,19.34175456
1154,3994,416.7045768,17.62560864
1154,3995,421.73719056,19.34175456
1154,3996,427.51939896,22.5820224
1154,3997,434.21948208,25.37679456
1154,3998,441.29132976,25.74657792
1154,3999,448.82476656,29.08230912
1154,4000,457.36258032,31.3383168
1154,4001,466.06879608,31.40195904
1154,4002,474.58768176,28.63681344
1154,4003,482.05634856,26.389584
1154,4004,489.3265296,25.12551744
1154,4005,495.84629304,22.35049632
1154,4006,499.5187368,21.9456
1159,3927,81.1975008,34.29
1159,3928,86.34798072,34.08261408
1159,3929,95.68888152,32.26222656
1159,3930,104.35327872,30.66678144
1159,3931,112.807242,29.59254432
1159,3932,120.74642856,28.07281152
1159,3933,128.18324376,23.72099904
1159,3934,133.86931824,18.72727776
1159,3935,138.8542308,17.13622176
1159,3936,143.4835332,16.37251488
1159,3937,147.88816752,15.67574208
1159,3938,152.13259896,15.0821136
1159,3939,156.60788592,17.37762336
1159,3940,161.43969744,16.58099808
1159,3941,165.99060528,16.44054624
1159,3942,170.53535616,15.9050736
1159,3943,174.57898536,13.53824064
1159,3944,178.21994328,12.77453376
1159,3945,181.71816336,12.3882912
1159,3946,185.01195408,11.93072544
1159,3947,188.48423568,12.59896896
1159,3948,192.02784048,12.25442304
1159,3949,195.61722624,15.08321088
1159,3950,200.18230728,16.97711616
1159,3951,205.01969664,18.40248288
1159,3952,210.90236712,23.481792
1159,3953,217.4731236,23.09884128
1159,3954,223.64498832,21.80405088
1159,3955,229.726998,21.75247872
1159,3956,235.11071088,16.05430368
1159,3957,238.71878088,10.99255104
1159,3958,241.68037008,10.1553264
1159,3959,244.09109424,7.74569952
1159,3960,246.48295128,9.04926816
1159,3961,249.1996032,10.37039328
1159,3962,251.41638312,5.67952128
1159,3963,252.9388896,5.4864
1159,3964,254.4628896,5.4864
1159,3965,255.99886824,6.18975648
1159,3966,258.45351408,10.94317344
1159,3967,261.5116944,11.0057184
1159,3968,264.55878,10.88721216
1159,3969,267.58608408,11.0221776
1159,3970,271.12014864,15.17428512
1159,3971,275.632164,16.92993312
1159,3972,281.03632896,21.75138144
1159,3973,287.13537696,21.91158432
1159,3974,292.95879432,19.8772272
1159,3975,298.33784376,19.22105376
1159,3976,303.6850416,18.57256128
1159,3977,308.63837688,17.55318816
1159,3978,313.49585256,17.55538272
1159,3979,318.36015576,17.10220608
1159,3980,323.09369976,17.95588992
1159,3981,328.34683632,19.18374624
1159,3982,333.60500208,18.42662304
1159,3983,339.1229184,21.7206576
1159,3984,345.18179376,21.7590624
1159,3985,351.21342,21.63945888
1159,3986,357.23187888,21.65701536
1159,3987,363.25131312,21.82599648
1159,3988,369.17814912,19.4822064
1159,3989,373.99414152,16.45261632
1159,3990,378.56580624,16.46688096
1159,3991,383.24997264,17.40176352
1159,3992,388.14594456,17.66401344
1159,3993,393.02612784,17.29971648
1159,3994,397.72321776,17.6168304
1159,3995,403.08879504,20.11643424
1159,3996,408.70147368,20.69250624
1159,3997,414.5900268,21.4847424
1159,3998,420.8332452,24.19721856
1159,3999,428.10482832,28.15949664
1159,4000,436.35902568,30.41221248
1159,4001,444.32759496,26.2743696
1159,4002,451.14051504,23.02971264
1159,4003,457.74790848,25.182576
1159,4004,464.81338584,25.45470144
1159,4005,471.90032112,25.50407904
1159,4006,478.968816,25.4349504
1159,4007,486.03435432,25.44263136
1159,4008,492.61742472,20.7276192
1159,4009,497.94005568,18.79201728
1159,4010,502.892534133333,18.7866528
1178,3926,35.63831328,31.27248
1178,3927,42.1544496,31.2889392
1178,3928,50.81470152,30.78089856
1178,3929,59.24242152,30.17849184
1178,3930,67.49073624,28.01026656
1178,3931,74.73805728,25.43824224
1178,3932,81.82526688,25.43933952
1178,3933,88.87117608,25.35045984
1178,3934,95.87770512,25.20232704
1178,3935,102.91873752,26.115264
1178,3936,110.94692568,31.27028544
1178,3937,118.81558152,24.82596
1178,3938,125.47375464,23.86693728
1178,3939,132.67739784,27.1137888
1178,3940,139.65030744,22.97594592
1178,3941,145.30824888,17.66401344
1178,3942,150.039324,17.00784
1178,3943,154.7640288,17.0023536
1178,3944,159.39647064,16.23645216
1178,3945,163.85542032,16.00821792
1178,3946,168.31805808,16.03455264
1178,3947,172.1949312,11.17799136
1178,3948,175.06297728,10.24201152
1178,3949,177.90813288,10.27163808
1178,3950,181.28287848,15.04809792
1178,3951,185.80565328,16.47346464
1178,3952,190.38521232,16.47346464
1178,3953,194.9573952,16.4592
1178,3954,199.52948664,16.4482272
1178,3955,204.08944704,16.42189248
1178,3956,208.66010592,16.4592
1178,3957,213.23311176,16.32972096
1178,3958,217.32044928,12.95119584
1178,3959,221.10323064,14.51920896
1178,3960,225.20538144,15.12819936
1178,3961,229.42573368,15.197328
1178,3962,233.51682024,13.20795936
1178,3963,236.83651896,11.52144
1178,3964,239.92170456,10.87514208
1178,3965,242.9508984,10.9728
1178,3966,245.99902032,10.9728
1178,3967,249.0472032,10.9728
1178,3968,252.0952032,10.9728
1178,3969,255.138174,10.83454272
1178,3970,258.14008824,10.93000608
1178,3971,261.18760056,10.96950816
1178,3972,264.5827068,14.06493504
1178,3973,268.51541928,14.52579264
1178,3974,272.979642,16.90140384
1178,3975,277.71781896,17.0188128
1178,3976,282.35480232,16.42737888
1178,3977,286.9144884,16.32862368
1178,3978,291.4616472,16.46249184
1178,3979,296.03389104,16.4592
1178,3980,300.605952,16.4592
1178,3981,305.16490656,16.28253792
1178,3982,310.00342368,18.81615744
1178,3983,315.30855912,19.1914272
1178,3984,320.62317384,19.07950464
1178,3985,325.92169512,19.06743456
1178,3986,331.21756464,19.07182368
1178,3987,336.51639072,19.07840736
1178,3988,341.77586712,18.95441472
1178,3989,347.3327064,20.38855968
1178,3990,352.78414584,19.3615056
1178,3991,358.28459712,20.2832208
1178,3992,363.84558168,19.83004416
1178,3993,369.3827004,19.9375776
1178,3994,374.9178684,20.19104928
1178,3995,380.91136416,22.7356416
1178,3996,387.2482476,22.84975872
1178,3997,393.58372896,22.76856
1178,3998,399.90829848,22.72576608
1178,3999,406.11271584,21.9620592
1178,4000,412.20758808,21.973032
1178,4001,418.3622316,22.51947744
1178,4002,424.84017648,24.18075936
1178,4003,431.7153672,24.51542976
1178,4004,438.26228832,23.81865696
1178,4005,445.09916568,24.51542976
1178,4006,451.76163648,23.81207328
1178,4007,458.61155928,26.08563744
1178,4008,465.958428,24.03701568
1178,4009,472.52833104,27.94442976
1178,4010,480.69313056,26.087832
1178,4011,487.09990464,22.302216
1178,4012,493.55617824,24.2389152
1178,4013,498.58885296,23.88998016
1185,3929,23.1557430857143,33.0641814857143
1185,3930,30.82856928,31.70480832
1185,3931,39.39155952,30.42537984
1185,3932,48.01785672,32.342328
1185,3933,57.42346656,34.66088064
1185,3934,66.9785808,32.84597952
1185,3935,75.25341312,27.30471552
1185,3936,82.32407208,24.81937632
1185,3937,89.20660848,24.54944544
1185,3938,95.85231528,22.78831104
1185,3939,102.43636104,23.35231296
1185,3940,108.21795984,19.74774816
1185,3941,113.7042684,19.79932032
1185,3942,119.21621064,19.33736544
1185,3943,124.34782344,18.07659072
1185,3944,129.14464392,15.85789056
1185,3945,133.29556272,14.3908272
1185,3946,137.24537448,15.30595872
1185,3947,142.02991152,18.46941696
1185,3948,147.26677176,18.11499552
1185,3949,151.60752,13.606272
1185,3950,155.56187328,15.00859584
1185,3951,159.37620144,12.49911648
1185,3952,162.79974552,12.34330272
1185,3953,166.14306624,11.24492544
1185,3954,169.13053296,10.69848
1185,3955,172.10248536,10.69848
1185,3956,175.0739196,10.6052112
1185,3957,178.40663328,14.5828512
1185,3958,182.74265712,15.5374848
1185,3959,187.17789336,16.44712992
1185,3960,191.75693424,16.4592
1185,3961,196.32896472,16.4592
1185,3962,200.83860264,15.81948576
1185,3963,205.1781012,15.68122848
1185,3964,209.41031016,14.71342752
1185,3965,213.49429488,14.703552
1185,3966,217.57574976,14.35461696
1185,3967,221.07741408,11.06387424
1185,3968,224.09325768,10.84441824
1185,3969,227.13379008,10.9728
1185,3970,230.18163768,10.9728
1185,3971,233.2296072,10.9728
1185,3972,236.27596128,11.0221776
1185,3973,239.8686084,15.4881072
1185,3974,244.4041848,16.4592
1185,3975,248.9761848,16.4592
1185,3976,253.54800192,16.4262816
1185,3977,258.21570912,17.51149152
1185,3978,263.17190952,17.8362864
1185,3979,267.96330456,16.43067072
1185,3980,272.43036192,16.2177984
1185,3981,276.9970584,16.4592
1185,3982,281.57079576,16.4098224
1185,3983,285.75591312,14.3085312
1185,3984,290.10220872,16.65890496
1185,3985,295.30599816,20.92622688
1185,3986,300.87445032,17.83518912
1185,3987,305.4961632,16.4592
1185,3988,310.1356764,17.54221536
1185,3989,315.1435404,18.3739536
1185,3990,320.61207912,20.47963392
1185,3991,326.29321584,20.47414752
1185,3992,331.86651432,18.66363552
1185,3993,336.60584952,16.45810272
1185,3994,341.3063532,18.23459904
1185,3995,346.80473184,20.56192992
1185,3996,352.50543672,20.41928352
1185,3997,358.2844752,21.34319328
1185,3998,364.31439456,21.93243264
1185,3999,370.41088224,21.9456
1185,4000,376.4872836,21.59556768
1185,4001,382.8353532,24.68111904
1185,4002,389.80448328,25.0838208
1185,4003,396.75575208,25.017984
1185,4004,403.7048568,25.017984
1185,4005,410.6520108,24.7272048
1185,4006,417.32335128,23.84828352
1185,4007,423.69199488,20.97779904
1185,4008,429.4760016,21.6767664
1185,4009,435.70044432,24.17198112
1185,4010,442.96440744,26.8723872
1185,4011,450.15159144,23.23051488
1185,4012,456.72490824,26.18329536
1185,4013,464.13413904,26.66170944
1185,4014,471.4910052,26.27327232
1185,4015,478.53575616,22.60067616
1185,4016,484.28751504,20.93390784
1185,4017,490.15936512,21.1665312
1185,4018,495.5968752,17.69473728
1185,4019,499.11,15.54406848
1193,3931,22.2379902857143,36.2604013714286
1193,3932,30.38633496,32.29075584
1193,3933,38.92612992,31.52924352
1193,3934,47.94040704,32.57165952
1193,3935,56.98260384,32.24247552
1193,3936,65.07519624,26.42030784
1193,3937,72.49283952,26.89762464
1193,3938,79.99844808,27.07209216
1193,3939,87.48619536,26.80874496
1193,3940,94.19834856,20.73530016
1193,3941,99.69898272,19.73787264
1193,3942,105.17145336,19.70934336
1193,3943,110.65730472,19.7345808
1193,3944,115.87910784,17.64097056
1193,3945,120.66175512,16.98150528
1193,3946,125.54739432,19.11900672
1193,3947,131.25090336,21.44743488
1193,3948,137.04353592,19.42514784
1193,3949,141.6231864,13.48886304
1193,3950,145.20607992,12.97862784
1193,3951,148.95036504,13.55799168
1193,3952,152.62390608,13.06531296
1193,3953,155.86734384,10.14106176
1193,3954,158.61179352,9.79541856
1193,3955,161.33426712,9.57815712
1193,3956,163.38343752,5.36679648
1193,3957,166.1704068,15.53419296
1193,3958,170.71354224,16.4592
1193,3959,175.28542032,16.46029728
1193,3960,179.85601824,16.04333088
1193,3961,183.73962744,12.18858624
1193,3962,187.09245792,12.097512
1193,3963,190.45047,12.20504544
1193,3964,194.2572696,14.57517024
1193,3965,198.15709416,13.85316
1193,3966,201.82325904,13.15419264
1193,3967,205.77172968,15.15124224
1193,3968,210.11455056,15.7679136
1193,3969,214.49394744,15.76901088
1193,3970,218.66391624,13.0740912
1193,3971,221.83920072,10.90476864
1193,3972,224.85099048,10.90476864
1193,3973,227.8980456,10.9728
1193,3974,230.94607608,10.96511904
1193,3975,234.31749936,14.54664096
1193,3976,238.79117088,16.51296672
1193,3977,243.9050748,20.83624992
1193,3978,249.6491832,20.2503024
1193,3979,255.20523,19.4438016
1193,3980,260.658102,19.7894448
1193,3981,265.94062128,17.51917248
1193,3982,270.52176528,16.18707456
1193,3983,275.04554592,16.32533184
1193,3984,279.5916684,16.46358912
1193,3985,284.16394272,16.4592
1193,3986,288.73600368,16.4592
1193,3987,293.29523256,16.27924608
1193,3988,298.12774512,18.83920032
1193,3989,303.4267236,18.98952768
1193,3990,308.39033064,17.1888912
1193,3991,313.56699288,19.99024704
1193,3992,319.2126204,20.3984352
1193,3993,324.87882192,20.40282432
1193,3994,330.36854424,18.31250592
1193,3995,335.087976,16.46578368
1193,3996,339.65994552,16.41969792
1193,3997,344.37940776,18.76568256
1193,3998,350.1143112,21.32673408
1193,3999,356.042214,21.51327168
1193,4000,362.04659112,21.71956032
1193,4001,368.12969808,21.9456
1193,4002,374.22578952,21.9456
1193,4003,380.40749928,23.70015072
1193,4004,387.62001216,27.08196768
1193,4005,395.11717776,26.68475232
1193,4006,402.41366304,25.74109152
1193,4007,409.25294832,23.22612576
1193,4008,415.43816328,22.3680528
1193,4009,422.00120832,24.42106368
1193,4010,428.95903032,26.57721888
1193,4011,436.17288432,23.65516224
1193,4012,442.21462992,21.88415232
1193,4013,449.04547224,26.0658864
1193,4014,456.27834576,25.93092096
1193,4015,463.43654328,25.69610304
1193,4016,470.59129656,25.81570656
1193,4017,477.62443464,22.74771168
1193,4018,482.18402928,13.76428032
1193,4019,486.99849768,19.31651712
1193,4020,492.35508336,18.571464
1193,4021,496.34671368,9.57267072
1193,4022,498.59927712,8.45015328
1200,3935,21.17152992,36.03248064
1200,3936,31.15921632,35.58369312
1200,3937,40.15157832,28.87711776
1200,3938,47.99194872,28.18034496
1200,3939,55.81860312,28.57756032
1200,3940,64.87582656,35.84374848
1200,3941,73.93673808,29.49598368
1200,3942,81.85309512,27.88627392
1200,3943,89.48827416,26.67158496
1200,3944,96.5002896,24.8149872
1200,3945,103.52266824,24.27622272
1200,3946,109.76600856,21.89293056
1200,3947,115.82189688,20.64751776
1200,3948,121.1019168,16.10697312
1200,3949,125.12079624,15.24341376
1200,3950,129.36409992,15.28840224
1200,3951,133.99873632,17.2931328
1200,3952,138.68357328,16.55576064
1200,3953,142.67486832,11.960352
1200,3954,145.86999528,11.46438144
1200,3955,149.06436024,11.5049808
1200,3956,152.19572304,11.01778848
1200,3957,155.24390592,10.9728
1200,3958,158.2904124,10.91683872
1200,3959,161.73645072,14.25147264
1200,3960,165.98728296,16.25730048
1200,3961,170.56062408,16.46578368
1200,3962,175.04121456,15.90617088
1200,3963,179.55496728,16.47236736
1200,3964,184.128156,16.4592
1200,3965,188.70737976,16.29570528
1200,3966,192.58995264,11.44024128
1200,3967,195.64276848,10.9728
1200,3968,198.69070752,10.9728
1200,3969,201.73761024,11.19664512
1200,3970,204.78533592,9.65496672
1200,3971,207.51116232,10.98816192
1200,3972,210.62134152,11.25480096
1200,3973,213.74197536,11.19006144
1200,3974,216.8555988,11.25699552
1200,3975,219.98168856,11.25150912
1200,3976,223.39380264,15.02944416
1200,3977,228.27105984,18.38163456
1200,3978,233.11174104,15.3783792
1200,3979,237.2886288,16.45042176
1200,3980,242.09602584,18.43320672
1200,3981,247.68044952,20.89111392
1200,3982,253.58985096,21.37830624
1200,3983,259.4425596,21.06887328
1200,3984,265.10248224,18.45405504
1200,3985,269.76296568,16.19475552
1200,3986,274.26541032,16.32862368
1200,3987,278.81287392,16.18268544
1200,3988,283.48698192,17.84067552
1200,3989,288.49557744,17.97783552
1200,3990,293.30312688,16.71267168
1200,3991,298.3607952,20.16910368
1200,3992,304.20576192,21.67457184
1200,3993,310.28079168,21.79856448
1200,3994,316.30677912,21.39696
1200,3995,322.17783672,20.73420288
1200,3996,327.85296888,20.48731488
1200,3997,333.56415888,20.52901152
1200,3998,338.77020384,17.15158368
1200,3999,343.43763672,16.36373664
1200,4000,348.183708,18.24118272
1200,4001,353.3526588,18.5769504
1200,4002,358.52255448,18.46941696
1200,4003,363.64337736,18.5934096
1200,4004,369.18674448,22.1321376
1200,4005,375.61476312,23.2842816
1200,4006,382.08438696,23.24477952
1200,4007,388.42578144,22.67858304
1200,4008,394.94533152,24.37826976
1200,4009,401.82421032,24.82376544
1200,4010,408.54879936,22.86621792
1200,4011,414.6439764,22.00924224
1200,4012,420.77676576,21.92255712
1200,4013,427.33383672,25.51285728
1200,4014,434.4799032,24.9740928
1200,4015,440.503056,20.33369568
1200,4016,446.8913592,24.41886912
1200,4017,453.39874776,20.83295808
1200,4018,459.11731392,23.52897504
1200,4019,466.19995152,25.5556512
1200,4020,470.67697584,7.6041504
1200,4021,474.94414536,22.50082368
1200,4022,481.21589304,22.57324416
1200,4023,486.9259248,15.63514272
1200,4024,490.24906776,11.4994944
1200,4025,493.4728764,11.219688
1200,4026,496.65751824,11.55765024
1200,4027,499.04806464,11.88134784
1213,3939,22.3205910857143,31.2458317714286
1213,3940,29.68666656,32.25015648
1213,3941,39.1861548,35.2556064
1213,3942,48.98517,35.27096832
1213,3943,58.77851592,34.95604896
1213,3944,65.32120032,13.97605536
1213,3945,72.61579584,36.81703584
1213,3946,82.663284,33.14773152
1213,3947,90.46534104,24.45398208
1213,3948,97.06039008,24.2444016
1213,3949,103.90382064,24.633936
1213,3950,110.7556332,24.68002176
1213,3951,117.61457808,24.65258976
1213,3952,124.41244104,23.80768416
1213,3953,129.8579064,15.82058304
1213,3954,134.30396304,15.78547008
1213,3955,138.06044016,11.20542336
1213,3956,140.46348336,6.39275328
1213,3957,141.99464616,4.9322736
1213,3958,143.3815776,5.77827648
1213,3959,145.93607592,11.56094208
1213,3960,149.0203776,10.84222368
1213,3961,151.83883272,10.00609632
1213,3962,154.8105108,10.96950816
1213,3963,158.21089008,14.54005728
1213,3964,162.65243568,16.37580672
1213,3965,167.2074888,16.4592
1213,3966,171.7794888,16.4592
1213,3967,176.35158024,16.46578368
1213,3968,180.92735976,16.46578368
1213,3969,185.49963408,16.47456192
1213,3970,190.07977224,16.47456192
1213,3971,194.65271712,16.4537136
1213,3972,198.6928716,11.43475488
1213,3973,201.46295496,9.70214976
1213,3974,204.16211136,9.7548192
1213,3975,206.87105184,9.7548192
1213,3976,209.5800228,9.7548192
1213,3977,212.28932904,9.7548192
1213,3978,214.99826952,9.7548192
1213,3979,217.7905728,10.9508544
1213,3980,220.69293936,9.89307648
1213,3981,223.64352528,10.83234816
1213,3982,226.6741212,11.01778848
1213,3983,230.18307024,15.0437088
1213,3984,234.6764928,16.4592
1213,3985,239.24267112,16.36373664
1213,3986,243.9492708,18.92478816
1213,3987,249.813318,21.9456
1213,3988,255.96732144,22.80038112
1213,3989,262.50162384,23.5970064
1213,3990,268.78080864,21.5725248
1213,3991,274.7864964,21.9346272
1213,3992,280.88334984,21.9456
1213,3993,286.97944128,21.9456
1213,3994,293.07501456,21.94450272
1213,3995,299.33975184,23.04946368
1213,3996,305.57242416,21.93901632
1213,3997,311.64272952,21.78978624
1213,3998,317.72150832,21.94450272
1213,3999,323.88166872,22.56775776
1213,4000,330.18423168,22.23418464
1213,4001,336.2123832,21.36074976
1213,4002,342.03028368,21.1610448
1213,4003,348.0262788,21.48693696
1213,4004,353.95805256,21.35745792
1213,4005,359.93502816,21.6548208
1213,4006,365.99082504,21.9456
1213,4007,372.08685552,21.9456
1213,4008,378.18194112,22.02131232
1213,4009,384.58517952,24.24330432
1213,4010,391.3773732,24.36949152
1213,4011,398.09970672,23.93826048
1213,4012,404.46889896,22.2583248
1213,4013,410.85598296,24.00958368
1213,4014,417.8504724,25.8354576
1213,4015,424.9378344,24.52530528
1213,4016,431.44046808,22.98691872
1213,4017,437.78061288,21.65262624
1213,4018,443.05112304,18.14791392
1213,4019,448.66547808,21.4134192
1213,4020,454.57832376,21.84026112
1213,4021,460.86259872,22.74003072
1213,4022,467.18183424,22.46461344
1213,4023,472.7481528,17.8308
1213,4024,477.69142968,17.81324352
1213,4025,482.3562108,15.4112976
1213,4026,486.01186008,10.7972352
1213,4027,489.29781744,13.67540064
1213,4028,493.16984424,13.24636416
1213,4029,496.17654384,9.42673248
1213,4030,498.7423604,15.0894288
1218,4023,436.3949616,15.992856
1218,4024,439.0860408,16.09819488
1218,4025,443.154816,12.86451072
1218,4026,447.06780792,15.57259776
1218,4027,450.78200928,10.78297056
1218,4028,453.7789248,11.25041184
1218,4029,457.04037624,13.44826368
1218,4030,461.18538192,13.67540064
1218,4031,464.37429096,9.75043008
1218,4032,466.76428872,9.67471776
1218,4033,469.63715064,12.09641472
1218,4034,474.02486856,17.2382688
1218,4035,478.81242312,17.23936608
1218,4036,483.53002608,16.83117792
1218,4037,489.13950432,24.64381152
1218,4038,496.18111584,23.81426784
1218,4039,499.9731936,22.0882464
1221,3941,22.2756984,29.3161865142857
1221,3942,28.95712776,28.61267328
1221,3943,37.21193472,30.43635264
1221,3944,45.5138028,27.9586944
1221,3945,52.66084464,24.87314304
1221,3946,59.56974624,24.87753216
1221,3947,66.32140152,23.564088
1221,3948,73.12956672,25.63465536
1221,3949,80.28642312,25.78498272
1221,3950,87.33364296,24.69209184
1221,3951,94.09325352,24.59662848
1221,3952,101.24370912,26.88774912
1221,3953,108.5923152,25.4075184
1221,3954,115.67412984,25.94738016
1221,3955,122.37076872,21.73382496
1221,3956,127.77182472,16.09819488
1221,3957,130.99642584,8.54122752
1221,3958,133.40809488,8.57195136
1221,3959,135.65834184,8.05184064
1221,3960,138.18866952,10.00829088
1221,3961,140.97155448,10.51962336
1221,3962,143.97648624,10.43732736
1221,3963,146.88482688,10.90476864
1221,3964,150.05572224,11.92962816
1221,3965,153.71792472,15.22914912
1221,3966,158.24005944,16.4592
1221,3967,162.80254968,16.37361216
1221,3968,167.3601936,16.4592
1221,3969,171.9321936,16.4592
1221,3970,176.50455936,16.4701728
1221,3971,181.07991216,16.46249184
1221,3972,185.652156,16.47456192
1221,3973,190.23281232,16.47895104
1221,3974,194.5360092,14.21306784
1221,3975,198.41090112,13.99470912
1221,3976,202.08200376,11.61690336
1221,3977,205.02999888,10.42416
1221,3978,207.92550744,10.42525728
1221,3979,210.74487696,9.60778368
1221,3980,213.3481128,9.39381408
1221,3981,215.95823712,9.3927168
1221,3982,218.58817344,9.8864928
1221,3983,221.5338216,11.06167968
1221,3984,224.91469368,14.31292032
1221,3985,229.3440168,16.4592
1221,3986,233.9160168,16.4592
1221,3987,238.48539552,16.38348768
1221,3988,243.04694088,16.84544256
1221,3989,247.94099256,19.06743456
1221,3990,253.79147616,22.41084672
1221,3991,260.33208792,24.36839424
1221,3992,266.94783288,22.62701088
1221,3993,272.96656608,21.61202688
1221,3994,279.36319032,24.13686816
1221,3995,286.069278,24.14016
1221,3996,292.77149472,24.04798848
1221,3997,299.40363792,23.77476576
1221,3998,306.00143016,23.481792
1221,3999,312.24928152,21.7974672
1221,4000,318.33132168,21.94779456
1221,4001,324.47642496,22.36037184
1221,4002,330.70470816,22.32086976
1221,4003,336.82460448,21.53192544
1221,4004,342.76226088,21.66140448
1221,4005,348.83832696,21.9456
1221,4006,354.93463176,21.9456
1221,4007,360.98975808,21.69980928
1221,4008,367.05847848,21.9456
1221,4009,373.15463088,21.9456
1221,4010,379.25651352,22.2418656
1221,4011,385.69760808,23.9316768
1221,4012,392.3419128,23.65625952
1221,4013,398.449038,20.81649888
1221,4014,404.46679584,22.07837088
1221,4015,410.58239448,22.63798368
1221,4016,417.13794144,23.95581696
1221,4017,423.65307192,22.2802704
1221,4018,429.35828784,20.01548448
1221,4019,435.11675232,20.75944032
1221,4020,440.43475032,17.51368608
1221,4021,445.51186488,19.59632352
1221,4022,451.06190712,19.98037152
1221,4023,456.640692,20.42476992
1221,4024,462.37346184,20.33150112
1221,4025,467.4636828,16.20902016
1221,4026,470.25120072,6.82727616
1221,4027,474.11828976,18.3684672
1221,4028,479.22024552,18.36736992
1221,4029,484.29409872,17.5125888
1221,4030,488.70583488,14.40070272
1221,4031,492.47362008,13.45923648
1221,4032,496.27691448,14.51591712
1221,4033,499.2169086,14.6047968
1231,3943,21.1982304,29.407104
1231,3944,26.96861256,29.52561024
1231,3945,35.34942384,30.49450848
1231,3946,43.82835024,30.54608064
1231,3947,52.31142192,30.5263296
1231,3948,60.79351824,30.41879616
1231,3949,67.92306456,22.82122944
1231,3950,75.3355872,25.91994816
1231,3951,81.62236152,21.68554464
1231,3952,87.39222552,20.93939424
1231,3953,93.60563448,22.88048256
1231,3954,99.87317592,23.01983712
1231,3955,106.29531192,22.60067616
1231,3956,112.54398624,21.77661888
1231,3957,118.11006096,18.48258432
1231,3958,122.51436,13.02581088
1231,3959,125.6582196,10.37587968
1231,3960,128.33707632,8.48855808
1231,3961,130.44324432,7.2310752
1231,3962,132.5639208,7.95528
1231,3963,134.68218936,7.41432096
1231,3964,137.30639544,11.69042112
1231,3965,140.9268708,14.67612
1231,3966,145.16346888,15.68232576
1231,3967,149.58108768,15.992856
1231,3968,154.24836816,16.96724064
1231,3969,158.849568,16.4592
1231,3970,163.4102904,16.37800128
1231,3971,167.9710128,16.4592
1231,3972,172.5430128,16.4592
1231,3973,177.11568336,16.47127008
1231,3974,181.69070088,16.46029728
1231,3975,186.26340192,16.4811456
1231,3976,190.73548848,14.54664096
1231,3977,194.1196524,10.9728
1231,3978,196.99958568,8.50721184
1231,3979,198.7673952,5.47981632
1231,3980,200.3523552,6.03613728
1231,3981,202.05259056,5.98675968
1231,3982,203.62919904,5.53358304
1231,3983,205.4797008,8.449056
1231,3984,208.27739904,11.14507296
1231,3985,211.95368328,15.54077664
1231,3986,216.38306736,15.94457568
1231,3987,220.84942368,16.26498144
1231,3988,225.38259216,16.38897408
1231,3989,230.18560008,19.47891456
1231,3990,236.12621304,21.9401136
1231,3991,242.20075512,21.85452576
1231,3992,248.29142112,21.9456
1231,3993,254.42396664,22.74551712
1231,3994,261.09207624,24.72391296
1231,3995,267.70974144,22.42950048
1231,3996,274.09920288,24.24549888
1231,3997,280.88176488,24.15771648
1231,3998,287.33102808,23.12737056
1231,3999,293.96899296,24.06773952
1231,4000,300.65462856,24.0688368
1231,4001,307.21480848,22.63908096
1231,4002,313.30584024,21.82599648
1231,4003,319.39690248,22.01253408
1231,4004,325.76935608,23.9700816
1231,4005,332.43969072,23.38084224
1231,4006,338.66452968,21.90938976
1231,4007,344.72733696,21.98729664
1231,4008,350.99125128,22.90681728
1231,4009,357.32825664,22.35927456
1231,4010,363.40124424,21.8248992
1231,4011,369.49568976,21.9456
1231,4012,375.59184216,21.94450272
1231,4013,381.76699872,22.99021056
1231,4014,388.35610416,23.93826048
1231,4015,394.93524264,22.99130784
1231,4016,401.13956856,22.44595968
1231,4017,407.50985808,23.68149696
1231,4018,414.1776324,23.05495008
1231,4019,420.29886984,21.30259392
1231,4020,426.13365624,21.31356672
1231,4021,431.7744984,19.18374624
1231,4022,436.87026672,16.91347392
1231,4023,441.31668912,15.88093344
1231,4024,445.82687568,16.8597072
1231,4025,450.71541048,17.83738368
1231,4026,455.3510832,14.32169856
1231,4027,458.90133264,12.43437696
1231,4028,462.43832328,14.49945792
1231,4029,467.05613472,17.28106272
1231,4030,470.33066208,4.5482256
1231,4031,473.01488328,17.17352928
1231,4032,478.01122584,18.0392832
1231,4033,483.01247568,17.95808448
1231,4034,488.24071008,19.72689984
1231,4035,493.9678716,21.99058848
1231,4036,498.68376768,23.13285696
1235,3945,20.67696144,23.9536224
1235,3946,25.94966616,29.66825664
1235,3947,34.78374552,29.0395152
1235,3948,42.01308336,24.50665152
1235,3949,48.30476496,21.30259392
1235,3950,54.00297048,19.39113216
1235,3951,59.21072232,18.6976512
1235,3952,64.56688128,23.28647616
1235,3953,72.8269308,26.15037696
1235,3954,77.6566392,15.50017728
1235,3955,82.80873456,22.33842624
1235,3956,89.28710616,22.85743968
1235,3957,95.52093672,22.7027232
1235,3958,101.71864848,21.38708448
1235,3959,107.38436232,19.34394912
1235,3960,112.52749656,17.4138336
1235,3961,116.14989216,9.09315936
1235,3962,118.59121824,8.63998272
1235,3963,120.9810636,8.97904224
1235,3964,123.89001384,11.34368064
1235,3965,126.9501144,10.72920384
1235,3966,130.00698408,11.64433536
1235,3967,133.40983224,12.33123264
1235,3968,136.750044,12.29941152
1235,3969,140.2403088,12.61872
1235,3970,143.74541736,12.58799616
1235,3971,147.46275816,15.31363968
1235,3972,152.12924616,16.86848544
1235,3973,156.71740056,16.41969792
1235,3974,161.15007648,15.49798272
1235,3975,165.24485112,13.66771968
1235,3976,168.83826024,12.48485184
1235,3977,172.21776072,11.80234368
1235,3978,175.36107168,10.96621632
1235,3979,178.4110224,10.99255104
1235,3980,181.36953312,10.4186736
1235,3981,184.3273428,10.46366208
1235,3982,187.14652944,9.72409536
1235,3983,189.72660048,9.45416448
1235,3984,192.68178888,11.66847552
1235,3985,195.93339528,11.7079776
1235,3986,199.2008208,12.52435392
1235,3987,203.78248296,20.1515472
1235,3988,209.48449848,19.98366336
1235,3989,214.28546424,14.9614128
1235,3990,218.46125472,15.66257472
1235,3991,223.30507536,20.62776672
1235,3992,229.91179824,24.78536064
1235,3993,236.60980872,23.8493808
1235,3994,243.30297288,24.80181984
1235,3995,250.33336776,24.55054272
1235,3996,256.91598096,23.67162144
1235,3997,263.49835032,23.23600128
1235,3998,269.67420792,21.54399552
1235,3999,275.7040968,21.94998912
1235,4000,281.80027968,21.9456
1235,4001,287.89631016,21.9456
1235,4002,294.02163192,22.45364064
1235,4003,300.24211224,21.98510208
1235,4004,306.33719784,21.93791904
1235,4005,312.40052328,21.80844
1235,4006,318.48853752,21.94779456
1235,4007,324.63159864,22.34281536
1235,4008,330.824586,21.79527264
1235,4009,336.75727416,20.92842144
1235,4010,340.7927652,21.5313768
1243,3947,22.127464,27.9916128
1243,3948,28.32863016,26.52235488
1243,3949,35.332416,25.05529152
1243,3950,42.56977008,26.12184768
1243,3951,48.62623752,15.8392368
1243,3952,53.37575304,23.16796992
1243,3953,60.79745016,27.60427296
1243,3954,68.28699576,24.38814528
1243,3955,74.0993184,19.37906208
1243,3956,79.47961752,19.22324832
1243,3957,84.7281516,18.51989184
1243,3958,89.78072976,18.21704256
1243,3959,94.94059752,18.66912192
1243,3960,100.1106456,18.64059264
1243,3961,105.27596928,18.2203344
1243,3962,109.29856728,10.36051776
1243,3963,111.95770344,9.5134176
1243,3964,114.59846016,9.46294272
1243,3965,117.62204568,12.06678816
1243,3966,120.61246896,9.71421984
1243,3967,123.29047224,9.59681088
1243,3968,126.12371016,11.28113568
1243,3969,129.35184696,11.89012608
1243,3970,132.89578704,13.08396672
1243,3971,136.51909704,14.03640576
1243,3972,140.88133368,16.46578368
1243,3973,145.4458356,16.404336
1243,3974,150.010368,16.4592
1243,3975,154.58233752,16.46139456
1243,3976,158.97965664,14.25695904
1243,3977,162.5748336,12.53532672
1243,3978,166.06384872,12.61981728
1243,3979,169.44331872,10.95853536
1243,3980,172.1941692,9.6012
1243,3981,174.8611692,9.6012
1243,3982,177.528474,9.61107552
1243,3983,180.24091968,10.15971552
1243,3984,183.15941016,10.6106976
1243,3985,186.1058508,10.61947584
1243,3986,188.7879384,7.92894528
1243,3987,191.16546984,10.1114352
1243,3988,194.1191952,10.97938368
1243,3989,197.24001192,12.05800992
1243,3990,201.15757584,15.88203072
1243,3991,205.66575072,16.2726624
1243,3992,210.19498728,16.8816528
1243,3993,216.30205152,26.54539776
1243,3994,223.0386192,22.07288448
1243,3995,229.80572784,26.96455872
1243,3996,237.41838216,27.35628768
1243,3997,245.01369336,27.40895712
1243,3998,252.63283992,27.41444352
1243,3999,260.3427864,28.21545792
1243,4000,268.10372592,27.22790592
1243,4001,275.18099904,23.64748128
1243,4002,281.6324568,23.2184448
1243,4003,288.0815676,23.2184448
1243,4004,294.53046504,23.21734752
1243,4005,300.97951488,23.2184448
1243,4006,307.42758936,23.1361488
1243,4007,313.83354048,23.1361488
1243,4008,320.28121872,23.21734752
1243,4009,326.66559,22.60725984
1243,4010,332.69767344,20.93939424
1243,4011,339.10304544,26.10538848
1243,4012,346.37606112,22.62371904
1243,4013,353.32891488,31.78052064
1243,4014,361.81631472,27.51210144
1243,4015,369.4186668,27.43968096
1243,4016,376.95146352,26.99418528
1243,4017,384.58441752,27.4704048
1243,4018,392.10109032,26.72315712
1243,4019,399.41040768,25.94738016
1243,4020,406.5158748,25.06626432
1243,4021,413.37289944,24.86655936
1243,4022,420.1648188,22.603968
1243,4023,425.64996912,17.4577248
1243,4024,429.96118224,14.36229792
1243,4025,434.05717608,15.2686512
1243,4026,438.17191512,13.3977888
1243,4027,441.37670424,10.0071936
1243,4028,444.08671152,10.74895488
1243,4029,447.48325032,12.80745216
1243,4030,450.9895476,11.56094208
1243,4031,453.70174944,8.2405728
1243,4032,455.86851168,8.3503008
1243,4033,458.43492768,10.28480544
1243,4034,461.514444,12.18968352
1243,4035,465.65993736,16.64902944
1243,4036,469.87605288,15.95664576
1243,4037,475.27390848,20.8373472
1243,4038,481.06105464,20.9251296
1243,4039,487.35563184,25.06955616
1243,4040,494.3814852,24.09297696
1243,4041,498.9333684,23.0538528
1245,3950,21.2564472,22.8563424
1245,3951,26.34581472,24.40460448
1245,3952,33.10057896,24.2937792
1245,3953,39.84281592,23.6902752
1245,3954,44.8160938285714,17.7085316571429
1249,3953,19.7138544,25.51176
1249,3954,23.6343444,25.51176
1249,3955,30.7189632,25.27145568
1249,3956,37.3942356,22.93205472
1249,3957,43.74462168,22.87609344
1249,3958,50.09897016,23.02861536
1249,3959,56.76842088,24.8972832
1249,3960,63.69661632,24.87972672
1249,3961,71.390256,31.51168704
1249,3962,80.44811952,31.76296416
1249,3963,88.19842152,24.62076864
1249,3964,94.79368392,22.3186752
1249,3965,100.65139128,20.10546144
1249,3966,105.60551904,15.64831008
1249,3967,109.64878248,14.03201664
1249,3968,113.3502432,12.91718016
1249,3969,116.99592552,13.5623808
1249,3970,120.75953496,12.39487488
1249,3971,124.15363536,13.02690816
1249,3972,128.04184704,15.0272496
1249,3973,132.50168064,16.52064768
1249,3974,136.85285304,15.1314912
1249,3975,141.02145024,14.25476448
1249,3976,144.8415696,14.072616
1249,3977,149.09691288,16.15305888
1249,3978,153.2119872,13.88937024
1249,3979,157.08206328,13.57554816
1249,3980,160.65925704,11.94169824
1249,3981,163.78857768,10.88062848
1249,3982,166.8270984,10.9728
1249,3983,169.8763176,10.9343952
1249,3984,172.71028704,9.46404
1249,3985,175.19428512,8.16705504
1249,3986,177.50552256,8.5148928
1249,3987,179.89381344,8.558784
1249,3988,182.32779384,9.78664032
1249,3989,185.19513888,10.42196544
1249,3990,188.17199856,11.00462112
1249,3991,191.29729584,12.10958208
1249,3992,195.15737448,15.59564064
1249,3993,199.6795092,16.48443744
1249,3994,204.79289496,21.14348832
1249,3995,211.25965368,24.8095008
1249,3996,218.20903272,25.28242848
1249,3997,225.54319128,27.30142368
1249,3998,233.16029568,27.84018816
1249,3999,241.47237456,32.13713664
1249,4000,250.422156,30.44732544
1249,4001,258.3498516,28.32847776
1249,4002,266.24560416,27.05234112
1249,4003,272.8353192,21.64275072
1249,4004,278.90751432,21.9456
1249,4005,285.0035448,21.9456
1249,4006,291.0995448,21.9456
1249,4007,297.19557528,21.9456
1249,4008,303.29172768,21.9456
1249,4009,309.37471272,21.78978624
1249,4010,315.4404156,21.9456
1249,4011,321.64882584,24.14893824
1249,4012,329.12529552,28.27800288
1249,4013,336.91333176,27.63280224
1249,4014,344.51717736,27.56916
1249,4015,352.3488,28.53147456
1249,4016,360.15491088,27.46382112
1249,4017,367.7506488,27.43309728
1249,4018,375.3712584,27.43309728
1249,4019,383.12515704,28.75861152
1249,4020,391.08747792,26.95578048
1249,4021,398.02463448,24.24879072
1249,4022,404.75983056,24.249888
1249,4023,411.47204472,23.62553568
1249,4024,417.63952032,20.74846752
1249,4025,423.12512784,18.51550272
1249,4026,427.8220044,15.9050736
1249,4027,431.97100296,13.88937024
1249,4028,435.85342344,14.26573728
1249,4029,439.68963624,12.28843872
1249,4030,442.55661552,8.61803712
1249,4031,444.75300432,7.87627584
1249,4032,447.00300744,8.25593472
1249,4033,449.17757256,8.5094064
1249,4034,451.90083864,10.47244032
1249,4035,454.83005808,9.86674176
1249,4036,457.94627232,15.8721552
1249,4037,463.45477032,20.930616
1249,4038,468.66371088,12.91388832
1249,4039,472.48166616,21.02169024
1249,4040,479.21546016,24.69318912
1249,4041,485.94105504,23.17565088
1249,4042,492.2719644,21.75796512
1249,4043,497.6619968,21.2360256
1257,3955,19.32273504,25.9396992
1257,3956,24.58218096,23.7067344
1257,3957,30.64386048,21.09630528
1257,3958,36.54933,21.77222976
1257,3959,43.07378736,26.21182464
1257,3960,50.86895592,28.5731712
1257,3961,58.80527736,28.57536576
1257,3962,66.24590256,24.37826976
1257,3963,73.37666808,26.02309248
1257,3964,80.29486608,24.81608448
1257,3965,86.75879016,22.24844928
1257,3966,92.57059464,19.38564576
1257,3967,97.68980208,17.2437552
1257,3968,102.41764632,16.77411936
1257,3969,106.61090184,13.94423424
1257,3970,110.50667256,13.9299696
1257,3971,114.63147,16.26388416
1257,3972,119.20304328,15.60002976
1257,3973,123.03078264,12.9314448
1257,3974,126.95553984,14.91532704
1257,3975,131.2526712,16.51845312
1257,3976,135.74517936,14.93836992
1257,3977,139.70620776,14.0781024
1257,3978,143.61709656,14.05396224
1257,3979,147.44236704,13.09823136
1257,3980,150.9191292,12.3444
1257,3981,154.34806824,12.3444
1257,3982,157.7769768,12.3444
1257,3983,161.0354412,9.75043008
1257,3984,163.40568792,9.77237568
1257,3985,166.08939096,7.9497936
1257,3986,168.35941944,9.04597632
1257,3987,170.91254616,9.19191456
1257,3988,173.46524616,9.18972
1257,3989,176.00944224,8.70252768
1257,3990,178.34360064,9.6725232
1257,3991,181.8144192,14.32060128
1257,3992,185.82927528,14.46434496
1257,3993,189.8555004,14.94934272
1257,3994,194.72842944,19.91124288
1257,3995,200.31498672,20.0692512
1257,3996,205.90157448,20.72652192
1257,3997,212.53326048,26.7077952
1257,3998,220.01933136,26.59916448
1257,3999,227.29268232,26.4773664
1257,4000,234.8317884,27.43638912
1257,4001,242.43081816,27.34312032
1257,4002,250.04600232,27.42212448
1257,4003,257.48921832,26.05601088
1257,4004,264.62321472,24.48251136
1257,4005,271.05373272,23.68149696
1257,4006,277.61162664,22.5436176
1257,4007,283.89395088,22.76856
1257,4008,290.2022136,22.58970336
1257,4009,296.45481984,22.49424
1257,4010,302.67021,22.13872128
1257,4011,308.49698016,19.49208192
1257,4012,313.89770088,20.3984352
1257,4013,319.86830616,22.57324416
1257,4014,327.02321184,28.66534272
1257,4015,335.02146864,28.2659328
1257,4016,342.67484424,27.7227792
1257,4017,350.69224248,29.49159456
1257,4018,358.86426576,29.2589712
1257,4019,367.01010672,29.4839136
1257,4020,375.13903128,28.5128208
1257,4021,382.87784232,27.92906784
1257,4022,390.71357976,28.07281152
1257,4023,397.82590488,23.28318432
1257,4024,404.48231016,24.36181056
1257,4025,410.6777664,20.30077728
1257,4026,416.323272,20.62557216
1257,4027,421.90388568,18.35420256
1257,4028,426.45445824,15.63404544
1257,4029,430.70977104,14.21087328
1257,4030,434.27504712,11.88573696
1257,4031,437.27351712,9.19410912
1257,4032,439.7811372,10.04779296
1257,4033,442.66878192,10.38465792
1257,4034,445.40326464,9.24019488
1257,4035,448.10525568,10.56022272
1257,4036,450.96717528,9.78334848
1257,4037,453.74201352,11.73870144
1257,4038,458.50341624,21.26418912
1257,4039,464.41559136,20.50926048
1257,4040,469.49054184,11.9713248
1257,4041,473.4362388,23.4982512
1257,4042,480.7796328,26.26229952
1257,4043,487.33027248,22.01472864
1257,4044,493.46684136,19.82346048
1257,4045,498.1111323,19.3505328
1265,3960,42.8753016,18.65376
1265,3961,45.98843736,18.68777568
1265,3962,51.24081192,19.16289792
1265,3963,56.58401688,19.82675232
1265,3964,63.62773152,31.38330528
1265,3965,72.66352752,32.09653728
1265,3966,80.36932872,22.49424
1265,3967,86.03470728,19.7400672
1265,3968,91.19314248,16.88494464
1265,3969,95.28776472,12.31038432
1265,3970,98.4941388,12.34110816
1265,3971,102.20078112,12.87987264
1265,3972,105.78867336,13.81365792
1265,3973,109.80249312,15.46506432
1265,3974,114.10526328,15.13258848
1265,3975,118.48789104,16.50748032
1265,3976,123.2804748,17.42590368
1265,3977,127.8631428,16.1629344
1265,3978,132.56218344,17.2437552
1265,3979,137.224008,16.4592
1265,3980,141.7969224,16.32204
1265,3981,145.859754,12.6132336
1265,3982,149.223984,12.07008
1265,3983,152.57696688,12.07337184
1265,3984,155.74801464,10.31662656
1265,3985,158.4726828,9.73616544
1265,3986,161.17772184,9.73836
1265,3987,163.86788664,9.64728576
1265,3988,166.13980488,6.09977952
1265,3989,167.66627376,5.4864
1265,3990,169.24806384,6.62318208
1265,3991,171.61675608,10.1114352
1265,3992,174.71136,12.34769184
1265,3993,178.43942976,14.81766912
1265,3994,183.04605504,17.69693184
1265,3995,188.09656056,19.36589472
1265,3996,193.96688664,21.9510864
1265,3997,200.06032632,21.89841696
1265,3998,206.15172384,22.4558352
1265,3999,213.14886504,27.6679152
1265,4000,220.83875568,27.35738496
1265,4001,228.42879384,27.42431904
1265,4002,236.0491596,27.4100544
1265,4003,243.64520232,27.35957952
1265,4004,251.26184952,27.37274688
1265,4005,258.78568512,26.95687776
1265,4006,265.98015384,23.60907648
1265,4007,272.07892752,21.55716288
1265,4008,278.13877824,21.94998912
1265,4009,284.2348392,21.9456
1265,4010,290.3308392,21.9456
1265,4011,296.42693064,21.9456
1265,4012,302.52305256,21.9456
1265,4013,308.61527304,21.83258016
1265,4014,314.6738436,21.91158432
1265,4015,320.83930752,23.70015072
1265,4016,328.32159888,28.93307904
1265,4017,336.27361752,27.95211072
1265,4018,343.98901992,28.15291296
1265,4019,352.0059,29.38406112
1265,4020,359.98580784,27.68656896
1265,4021,367.59014112,27.44077824
1265,4022,375.06825672,25.90897536
1265,4023,382.58752032,29.9667168
1265,4024,391.2242112,29.38735296
1265,4025,398.25994008,22.82781312
1265,4026,404.59484232,22.8124512
1265,4027,410.9307504,22.81464576
1265,4028,416.98487088,18.47490336
1265,4029,421.04471544,13.06092384
1265,4030,424.618404,11.86049952
1265,4031,427.59346536,10.28480544
1265,4032,430.52966472,10.56132
1265,4033,433.2093444,9.18313632
1265,4034,435.69456168,8.10012096
1265,4035,437.83410528,7.50210336
1265,4036,439.74407352,8.2241136
1265,4037,443.05328712,13.98373632
1265,4038,446.92958112,14.10224256
1265,4039,451.02008856,14.66843904
1265,4040,454.87763736,13.99032
1265,4041,460.17984672,24.50884608
1265,4042,467.00026488,20.75285664
1265,4043,472.555824,26.00773056
1265,4044,480.144582,22.83329952
1265,4045,486.0540444,22.9825296
1265,4046,492.70505472,23.19211008
1265,4047,498.050439,19.7839584
1272,3960,22.4531428,24.4912896
1272,3961,27.64956624,22.8563424
1272,3962,33.31960824,18.94783104
1272,3963,38.5788408,20.42915904
1272,3964,44.38287288,18.18851328
1272,3965,49.65761976,23.56737984
1272,3966,56.95910376,26.938224
1272,3967,64.443864,26.90201376
1272,3968,71.48638992,23.9536224
1272,3969,77.9646396,22.48107264
1272,3970,83.60779824,17.87908032
1272,3971,88.4488452,17.00674272
1272,3972,93.01615128,15.88203072
1272,3973,97.15021464,13.98593088
1272,3974,100.93418472,13.28915808
1272,3975,104.43030168,12.22699104
1272,3976,108.30354768,15.30047232
1272,3977,112.64682576,16.3275264
1272,3978,117.36071016,17.20864224
1272,3979,122.00028432,16.4592
1272,3980,126.5944128,16.21121472
1272,3981,131.10770832,17.20864224
1272,3982,135.71613192,15.21598176
1272,3983,139.92185376,15.45299424
1272,3984,144.16530984,14.48190144
1272,3985,147.72598344,11.57520672
1272,3986,150.67967832,8.68716576
1272,3987,152.70882336,6.528816
1272,3988,154.42877928,6.35215392
1272,3989,156.36965424,7.55148096
1272,3990,158.66205504,9.0086688
1272,3991,161.12023656,8.74093248
1272,3992,163.481004,9.23031936
1272,3993,166.392606,10.78845696
1272,3994,169.6500036,13.03349184
1272,3995,173.7599268,16.2781488
1272,3996,178.3688076,17.2492416
1272,3997,183.53291208,20.34686304
1272,3998,189.62123112,22.52825568
1272,3999,195.79373592,21.98510208
1272,4000,202.1628672,24.8698512
1272,4001,209.6251332,28.2714192
1272,4002,217.66645824,28.77177888
1272,4003,225.388932,27.29593728
1272,4004,233.00125104,27.432
1272,4005,240.60701688,27.32995296
1272,4006,248.21284368,27.432
1272,4007,255.82680864,27.5636736
1272,4008,263.61569832,28.20667968
1272,4009,271.27584048,27.13902624
1272,4010,278.86362312,27.27069984
1272,4011,286.26822096,26.23815936
1272,4012,293.439342,25.09589088
1272,4013,300.1804512,23.04068544
1272,4014,306.38090616,22.48655904
1272,4015,312.54819888,21.79307808
1272,4016,318.63346992,21.98181024
1272,4017,325.19422896,25.82777664
1272,4018,332.56465872,26.73412992
1272,4019,339.89854296,25.17379776
1272,4020,346.53608112,23.78793312
1272,4021,353.26676616,23.99861088
1272,4022,359.75760408,23.48618112
1272,4023,366.4749084,24.42106368
1272,4024,373.3763424,25.41519936
1272,4025,380.48568048,25.456896
1272,4026,387.32359416,24.04030752
1272,4027,394.030962,24.14016
1272,4028,400.73799456,24.0468912
1272,4029,406.67690064,17.85384288
1272,4030,411.3326292,16.6347648
1272,4031,415.96385184,16.6567104
1272,4032,419.86004928,10.13776992
1272,4033,422.43338424,9.79541856
1272,4034,425.17996752,9.96439968
1272,4035,428.02335528,10.4406192
1272,4036,430.92377112,10.43842464
1272,4037,433.82379072,10.59094656
1272,4038,436.8189384,10.83454272
1272,4039,439.79082984,11.11764096
1272,4040,443.18301,14.01994656
1272,4041,447.67143384,17.43687648
1272,4042,452.61574704,18.36956448
1272,4043,458.13189552,21.26638368
1272,4044,464.31214224,23.58822816
1272,4045,471.86130672,29.96561952
1272,4046,480.02952,27.0095472
1272,4047,487.19594712,27.16755552
1272,4048,495.0040392,28.20887424
1272,4049,500.0937928,28.1891232
1277,3981,112.1441496,21.7846656
1277,3982,116.19747144,22.62262176
1277,3983,122.44553616,21.90280608
1277,3984,128.15977416,19.30334976
1277,3985,133.1756544,16.75436832
1277,3986,137.44858464,13.30561728
1277,3987,140.57991696,9.83601792
1277,3988,142.70806104,5.7991248
1277,3989,144.23477376,5.4864
1277,3990,145.74798384,5.43043872
1277,3991,147.3413868,6.62976576
1277,3992,149.49781632,8.55000576
1277,3993,152.05164408,9.7822512
1277,3994,154.96300224,10.9728
1277,3995,158.01097176,11.10776544
1277,3996,161.29150368,13.2551424
1277,3997,165.532308,16.42408704
1277,3998,170.33495016,19.5151248
1277,3999,176.59453632,24.66575712
1277,4000,183.71999832,26.61891552
1277,4001,191.29860648,27.45504288
1277,4002,198.9190332,27.25753248
1277,4003,206.30912256,27.30800736
1277,4004,214.55076216,30.7567584
1277,4005,223.01338176,30.47036832
1277,4006,231.4142184,29.26555488
1277,4007,239.2422444,27.46711296
1277,4008,246.84276768,27.432
1277,4009,254.45258736,27.26521344
1277,4010,262.04485056,27.404568
1277,4011,269.0669244,22.36037184
1277,4012,275.09474064,21.93791904
1277,4013,281.19147216,21.93791904
1277,4014,287.6109564,25.52053824
1277,4015,295.13625504,27.43419456
1277,4016,302.58864552,24.9686064
1277,4017,308.92007304,21.79088352
1277,4018,314.97888744,21.98619936
1277,4019,321.71225472,28.23959808
1277,4020,330.3667764,31.86391392
1277,4021,338.54248776,26.06698368
1277,4022,345.0163788,22.27697856
1277,4023,351.36774024,23.06921472
1277,4024,357.75896952,22.50631008
1277,4025,363.85954152,21.88634688
1277,4026,369.95605968,21.9456
1277,4027,376.05224256,21.93901632
1277,4028,382.42801848,25.06516704
1277,4029,389.79192552,26.81862048
1277,4030,396.83850528,21.4079328
1277,4031,401.20912392,13.1234688
1277,4032,405.08249184,14.27122368
1277,4033,408.71156256,10.58984928
1277,4034,411.204156,8.62571808
1277,4035,413.4593712,6.82947072
1277,4036,415.1351616,6.9841872
1277,4037,417.75973344,10.96292448
1277,4038,420.82681392,11.79356544
1277,4039,424.549062,13.935456
1277,4040,428.3732352,14.07919968
1277,4041,432.40336176,15.22695456
1277,4042,436.66071672,15.05358432
1277,4043,441.3377508,19.37357568
1277,4044,446.95804944,20.70347904
1277,4045,453.78831264,28.83871296
1277,4046,461.85874608,28.33945056
1277,4047,469.22823096,25.3142496
1277,4048,476.69007024,28.0025856
1277,4049,484.43500776,27.3112992
1277,4050,491.78775912,25.292304
1277,4051,497.6265003,21.527262
1281,4013,275.3203536,22.1623128
1281,4015,286.452183,23.0469948
1281,4016,292.20862056,22.99679424
1281,4017,298.64169888,22.95290304
1281,4018,305.07425904,23.55750432
1281,4019,311.34384264,21.79966176
1281,4020,317.42301768,21.93901632
1281,4021,323.8297308,25.38337824
1281,4022,331.30162848,27.24217056
1281,4023,338.89108752,27.0918432
1281,4024,345.89078904,22.7082096
1281,4025,351.86474712,21.19835232
1281,4026,357.74912448,21.1281264
1281,4027,363.70820832,21.88415232
1281,4028,369.80551896,21.93901632
1281,4029,376.2091536,25.81241472
1281,4030,383.99822616,28.68948288
1281,4031,391.24225536,20.90537856
1281,4032,396.12195096,16.74010368
1281,4033,400.33090368,11.96144928
1281,4034,403.07690784,9.40478688
1281,4035,405.5149116,7.16853024
1281,4036,407.19804768,6.03723456
1281,4037,408.96954528,7.66340352
1281,4038,411.59661648,10.19153664
1281,4039,414.42138096,9.88759008
1281,4040,417.15229752,10.71274464
1281,4041,420.38933448,12.20833728
1281,4042,423.7392084,12.47168448
1281,4043,427.68624648,15.09198912
1281,4044,432.00069048,17.062704
1281,4045,437.22715704,19.45367712
1281,4046,442.54485024,18.6866784
1281,4047,448.21361208,23.00337792
1281,4048,455.62116648,29.81200032
1281,4049,463.891122,28.93088448
1281,4050,470.39058576,16.73132544
1281,4051,477.3992484,35.74060416
1281,4052,487.39101912,35.37850176
1281,4053,495.75969936,24.33657312
1281,4054,499.7490132,23.207472
1282,3989,136.1668092,7.6782168
1282,3990,138.08576904,7.67766816
1282,3991,140.21726592,7.66779264
1282,3992,142.33218168,7.571232
1282,3993,144.12004704,5.6948832
1282,3994,146.19082776,9.65167488
1282,3995,149.172168,10.9728
1282,3996,152.24933736,11.48193792
1282,3997,155.45025552,11.64872448
1282,3998,159.187134,15.54955488
1282,3999,163.72557552,16.95517056
1282,4000,169.00879584,21.0897216
1282,4001,175.05666792,21.94889184
1282,4002,181.1562036,21.94779456
1282,4003,187.4515428,23.76050112
1282,4004,194.16753648,23.45874912
1282,4005,200.3692716,22.30660512
1282,4006,206.95682256,25.32851424
1282,4007,214.55204232,28.75531968
1282,4008,222.35690352,27.37823328
1282,4009,229.9536168,27.432
1282,4010,237.57099552,27.35628768
1282,4011,245.1657276,27.40895712
1282,4012,252.78432552,27.34092576
1282,4013,260.36485392,27.404568
1282,4014,267.88914672,25.34497344
1282,4015,274.32591312,22.6807776
1282,4016,280.72265928,23.0044752
1282,4017,286.98111768,22.0224096
1282,4018,293.0770872,21.9456
1282,4019,299.15775576,21.38159808
1282,4020,304.82526792,19.94964768
1282,4021,310.36939704,19.81907136
1282,4022,315.81702648,19.54475136
1282,4023,321.56936448,22.50850464
1282,4024,328.14917352,24.16430016
1282,4025,334.68698112,22.49533728
1282,4026,340.79386248,21.80624544
1282,4027,346.83134088,21.60215136
1282,4028,352.7753676,21.33770688
1282,4029,358.7364936,21.56045472
1282,4030,364.7719908,21.93243264
1282,4031,370.868448,21.9456
1282,4032,376.96469184,21.94889184
1282,4033,382.9238976,20.62996128
1282,4034,388.56611136,20.29090176
1282,4035,393.62624856,14.1933168
1282,4036,396.4928316,7.81812
1282,4037,398.3853348,6.21389664
1282,4038,400.08526536,6.2215776
1282,4039,402.25498416,9.51012576
1282,4040,404.92728768,9.78664032
1282,4041,407.80481304,10.77967872
1282,4042,410.80239912,10.7862624
1282,4043,413.81531664,11.53460736
1282,4044,417.6351312,15.35533632
1282,4045,421.90388568,15.36192
1282,4046,426.18714864,16.12014048
1282,4047,431.30531976,20.1405744
1282,4048,436.91056128,20.15264448
1282,4049,442.50272688,20.26346976
1282,4050,448.36470144,22.13323488
1282,4051,454.71365496,24.70306464
1282,4052,462.28232664,28.35042336
1282,4053,469.03763952,16.97053248
1282,4054,474.8649888,28.86504768
1282,4055,482.91067248,26.86470624
1282,4056,489.4665852,22.92327648
1282,4057,495.94986408,22.19468256
1282,4058,499.5178224,19.915632
1288,4010,239.2426,22.0626432
1288,4011,244.15184088,22.19139072
1288,4012,250.32486384,22.21992
1288,4013,255.3681837,12.7750824
1288,4014,261.233793,21.9757752
1288,4015,265.53633456,22.16286144
1288,4016,271.62581184,21.68005824
1288,4017,277.59303384,20.44342368
1288,4018,282.63930264,16.48553472
1288,4019,287.36705544,18.47490336
1288,4020,292.71196728,19.33846272
1288,4021,297.8560464,17.16255648
1288,4022,302.45139408,16.4592
1288,4023,307.02342456,16.4592
1288,4024,311.56268904,16.29131616
1288,4025,316.11929664,16.6567104
1288,4026,321.30379224,21.30588576
1288,4027,327.6421692,23.49057024
1288,4028,334.0764972,22.48216992
1288,4029,340.17908088,21.4134192
1288,4030,346.06586616,21.1006944
1288,4031,351.73776744,20.00780352
1288,4032,357.40735224,21.1445856
1288,4033,363.35872464,21.27735648
1288,4034,369.11609184,19.24519392
1288,4035,374.12483976,18.022824
1288,4036,379.16272656,17.4577248
1288,4037,383.4827484,14.26025088
1288,4038,387.32069856,11.84952672
1288,4039,389.78116608,7.40005632
1288,4040,391.87044816,8.0759808
1288,4041,394.34914272,9.33017184
1288,4042,396.9497268,9.5353632
1288,4043,399.67229184,9.930384
1288,4044,402.4349076,10.122408
1288,4045,405.53643048,12.96875232
1288,4046,409.2151836,14.1055344
1288,4047,414.0554076,19.25945856
1288,4048,419.39696664,19.11571488
1288,4049,424.67576736,18.9500256
1288,4050,429.95462904,19.65557664
1288,4051,435.9350184,22.17712608
1288,4052,441.81482376,21.88086048
1288,4053,448.31770128,23.67491328
1288,4054,455.43331824,28.5073344
1288,4055,463.59122928,29.3851584
1288,4056,471.54090096,27.70851456
1288,4057,478.95948912,24.15332736
1288,4058,485.12723904,22.69504224
1288,4059,491.92254168,25.27913664
1288,4060,498.9792408,25.7641344
1288,4061,505.777127466667,25.78608
1290,3964,15.30406896,19.3889376
1290,3965,19.34989272,19.47013632
1290,3966,24.75073536,19.3889376
1290,3967,30.0810168,18.49355712
1290,3968,34.99338696,17.39408256
1290,3969,39.831264,17.42151456
1290,3970,44.6724024,17.43797376
1290,3971,49.59190488,18.57036672
1290,3972,54.9225216,17.96357088
1290,3973,59.11083936,13.44606912
1290,3974,62.84619384,13.45045824
1290,3975,66.58224936,13.4471664
1290,3976,70.31745144,13.44168
1290,3977,74.05265352,13.44606912
1290,3978,77.80419288,13.59091008
1290,3979,81.56350464,13.44168
1290,3980,85.29821904,13.44387456
1290,3981,89.03293344,13.44277728
1290,3982,92.75853432,13.30781184
1290,3983,96.46322592,13.44168
1290,3984,100.1700816,12.60445536
1290,3985,102.52941648,10.0071936
1295,3970,24.4601661333333,19.184112
1295,3971,29.37366744,18.21265344
1295,3972,34.1502492,16.2013392
1295,3973,38.66055768,16.04662272
1295,3974,42.91074984,15.06455712
1295,3975,46.88064792,12.80196576
1295,3976,50.49615504,13.61943936
1295,3977,54.210204,13.00167072
1295,3978,57.7823076,12.6845568
1295,3979,61.218318,12.25771488
1295,3980,64.6232388,12.25771488
1295,3981,67.92410088,11.7628416
1295,3982,71.6528412,14.83303104
1295,3983,75.77209128,14.86375488
1295,3984,79.93130064,14.94714816
1295,3985,83.89485888,12.93802848
1295,3986,87.57083832,13.9958064
1295,3987,91.45103376,14.00897376
1295,3988,95.19672096,13.08835584
1295,3989,98.87718096,13.03129728
1295,3990,102.46059264,13.56128352
1295,3991,106.30473024,13.52617056
1295,3992,109.5339948,9.86235264
1295,3993,111.80188968,6.37958592
1295,3994,113.69820288,7.2310752
1295,3995,115.7322552,8.42381856
1295,3996,118.40849064,10.9398816
1295,3997,122.06097,14.86704672
1295,3998,126.67466664,18.64937088
1295,3999,132.29664168,21.479256
1295,4000,138.20064816,20.84173632
1295,4001,144.04704744,21.34319328
1295,4002,150.08662896,21.9456
1295,4003,156.18259848,21.9456
1295,4004,162.21035376,21.3036912
1295,4005,168.19787544,21.95218368
1295,4006,174.29338776,22.07507904
1295,4007,180.7451808,24.88411584
1295,4008,188.09305536,27.42431904
1295,4009,195.71860272,27.432
1295,4010,203.32817856,27.5088096
1295,4011,211.28135544,30.07315296
1295,4012,219.7397688,29.46964896
1295,4013,227.5094256,27.39469248
1295,4014,235.12991328,27.4265136
1295,4015,242.72662656,27.33434208
1295,4016,250.34083536,27.43309728
1295,4017,257.86436616,26.58489984
1295,4018,265.18416864,25.594056
1295,4019,271.48639632,19.20130272
1295,4020,276.26398392,16.45151904
1295,4021,280.80763752,16.33740192
1295,4022,285.3726576,16.4592
1295,4023,289.9443528,16.58758176
1295,4024,294.91353768,19.89149184
1295,4025,300.84150144,21.95218368
1295,4026,306.93777576,21.91158432
1295,4027,312.99335928,21.81831552
1295,4028,319.08387288,22.02570144
1295,4029,325.28999712,22.50631008
1295,4030,331.53083808,22.49643456
1295,4031,337.67228376,21.29601024
1295,4032,343.41239928,20.5081632
1295,4033,349.1378844,20.65300416
1295,4034,354.87534816,20.65190688
1295,4035,360.57913152,20.41160256
1295,4036,366.14563296,18.84249216
1295,4037,370.93492488,16.46139456
1295,4038,375.41731368,14.81986368
1295,4039,378.93107856,11.2416336
1295,4040,381.96984312,10.82027808
1295,4041,384.9573708,10.7423712
1295,4042,387.9584316,10.82905632
1295,4043,390.94952544,10.7423712
1295,4044,393.91367496,10.36051776
1295,4045,396.83076336,10.93329792
1295,4046,399.90805464,12.16005696
1295,4047,404.16391608,17.53014528
1295,4048,409.0655268,18.25764192
1295,4049,414.51023016,20.43025632
1295,4050,420.1841736,20.45000736
1295,4051,425.82056568,20.75944032
1295,4052,431.9217168,22.49424
1295,4053,438.21970776,23.15480256
1295,4054,444.77958288,23.77696032
1295,4055,451.29620688,22.08385728
1295,4056,457.52397192,25.37679456
1295,4057,465.08855928,27.24107328
1295,4058,472.22560368,24.6394224
1295,4059,479.14319208,24.94995264
1295,4060,485.87381616,23.25575232
1295,4061,492.16900296,21.51546624
1295,4062,497.669041066667,20.9982816
1303,3973,22.2378651,17.8362864
1303,3974,26.84248632,18.6866784
1303,3975,32.03252928,18.61864704
1303,3976,37.20733224,18.65595456
1303,3977,42.15707088,15.63514272
1303,3978,45.97453848,13.18491648
1303,3979,49.63308336,13.16736
1303,3980,53.29068336,13.16845728
1303,3981,56.90262432,12.563856
1303,3982,60.2857824,12.07008
1303,3983,63.63958824,12.07776096
1303,3984,67.051428,13.94972064
1303,3985,71.76168528,18.49355712
1303,3986,76.91247,18.66583008
1303,3987,81.51318216,12.563856
1303,3988,84.74205048,13.10920416
1303,3989,88.6702824,14.50933344
1303,3990,92.55447072,13.0466592
1303,3991,95.81811672,10.9014768
1303,3992,98.87020104,11.1044736
1303,3993,101.9551428,11.06826336
1303,3994,105.02743536,11.09788992
1303,3995,108.07433808,9.81078048
1303,3996,109.75058568,3.83170176
1303,3997,111.15153792,6.12501696
1303,3998,113.36371536,10.22884416
1303,3999,117.1126944,16.3988496
1303,4000,121.78107216,16.88494464
1303,4001,126.95627136,20.2887072
1303,4002,132.86545944,22.17493152
1303,4003,139.36513656,24.92581248
1303,4004,146.36383224,24.86765664
1303,4005,152.60464272,20.8263744
1303,4006,158.5459872,21.4353648
1303,4007,164.36513736,20.766024
1303,4008,170.3934108,22.63798368
1303,4009,176.72325336,22.6368864
1303,4010,183.24140136,25.2429264
1303,4011,190.67324832,27.14231808
1303,4012,198.42425136,29.08669824
1303,4013,206.56512408,29.28311136
1303,4014,214.6016028,28.58853312
1303,4015,222.52740864,28.48758336
1303,4016,230.4553176,28.40089824
1303,4017,237.97141128,25.7805936
1303,4018,245.10897384,25.8244848
1303,4019,252.47449632,27.04466016
1303,4020,259.49660064,23.37974496
1303,4021,265.87286424,22.47339168
1303,4022,271.66452144,18.60767424
1303,4023,276.38907384,16.39116864
1303,4024,280.95982416,16.4592
1303,4025,285.5319156,16.4592
1303,4026,290.10397656,16.4592
1303,4027,294.676068,16.4592
1303,4028,299.24864712,16.45481088
1303,4029,303.90818568,18.05793696
1303,4030,309.283608,19.60180992
1303,4031,314.90341896,21.6219024
1303,4032,321.1450524,22.64017824
1303,4033,327.40268784,22.94302752
1303,4034,333.9894768,23.96020608
1303,4035,340.63850592,23.75720928
1303,4036,346.96042368,21.38379264
1303,4037,352.58404464,19.63911744
1303,4038,358.03490496,19.45587168
1303,4039,363.3432408,18.10402272
1303,4040,367.4930928,11.84404032
1303,4041,370.56139248,10.9728
1303,4042,373.60942296,10.9728
1303,4043,376.65745344,10.97499456
1303,4044,379.47368352,7.95308544
1303,4045,381.3752088,9.08438112
1303,4046,384.8921436,14.24927808
1303,4047,388.8659736,14.29097472
1303,4048,392.81929056,14.2207488
1303,4049,396.78854856,14.9065488
1303,4050,401.4365352,18.29824128
1303,4051,407.103072,23.0209344
1303,4052,413.80873296,24.46824672
1303,4053,420.50195808,23.31500544
1303,4054,426.84295632,22.72576608
1303,4055,433.11665472,22.19358528
1303,4056,438.79050672,17.87798304
1303,4057,443.40030192,17.24704704
1303,4058,448.58199336,18.56817216
1303,4059,453.95378856,21.53631456
1303,4060,460.19819568,22.3625664
1303,4061,466.37829,20.73968928
1303,4062,471.8681952,23.15919168
1303,4063,479.2192092,27.0260064
1303,4064,486.72664656,27.03259008
1303,4065,494.04644904,25.5062736
1303,4066,498.9769548,25.7641344
1310,3975,21.2040216,19.7839584
1310,3976,24.7296432,18.2861712
1310,3977,29.76109872,17.64645696
1310,3978,34.06868472,13.67320608
1310,3979,37.75377768,13.75550208
1310,3980,41.6786568,13.95959616
1310,3981,45.5048112,13.7818368
1310,3982,49.40353848,14.1439392
1310,3983,53.33164848,14.1439392
1310,3984,57.25981944,14.14174464
1310,3985,61.18802088,14.14613376
1310,3986,65.11887408,14.00239008
1310,3987,67.65673032,4.84558848
1310,3988,70.61094336,15.54736032
1310,3989,74.94370584,15.60112704
1310,3990,79.25034696,14.88131136
1310,3991,83.2335648,14.28329376
1310,3992,87.2221776,15.1260048
1310,3993,91.44469392,14.59492128
1310,3994,95.39657832,13.41534528
1310,3995,98.51769984,9.04817088
1310,3996,100.63798008,6.53649696
1310,3997,102.3269988,6.06576384
1310,3998,104.35077936,8.48087712
1310,3999,106.79481816,9.409176
1310,4000,110.68623024,18.59779872
1310,4001,116.03147736,19.20898368
1310,4002,120.99032952,16.94310048
1310,4003,126.17601384,20.53998432
1310,4004,132.43596576,23.51141856
1310,4005,138.67293576,21.9456
1310,4006,144.76250448,21.88744416
1310,4007,150.84875088,21.9456
1310,4008,156.9447204,21.9456
1310,4009,163.03078392,21.84903936
1310,4010,169.32783,24.4199664
1310,4011,176.45591328,26.34788736
1310,4012,183.97523784,27.45065376
1310,4013,191.60355888,27.4484592
1310,4014,199.22240064,27.39249792
1310,4015,206.90055648,28.90454976
1310,4016,215.45211672,31.30869024
1310,4017,223.57357368,27.40785984
1310,4018,231.1719024,27.432
1310,4019,238.78300224,27.32885568
1310,4020,246.35152152,26.48065824
1310,4021,253.00948128,21.90829248
1310,4022,258.95737896,21.30478848
1310,4023,264.85952616,20.10436416
1310,4024,269.76863496,16.15854528
1310,4025,274.28823984,16.36263936
1310,4026,278.82747384,16.38568224
1310,4027,283.55989008,18.6373008
1310,4028,289.06003656,20.02645728
1310,4029,294.49980216,18.84468672
1310,4030,299.52150408,17.14719456
1310,4031,304.12602624,16.4592
1310,4032,308.6970204,16.37909856
1310,4033,313.24780632,17.24485248
1310,4034,318.96686016,24.10394976
1310,4035,325.7525616,25.54906752
1310,4036,333.343758,25.70817312
1310,4037,339.73300608,21.87098496
1310,4038,345.76551624,21.34429056
1310,4039,351.5262972,20.4203808
1310,4040,357.03482568,18.23020992
1310,4041,361.32616584,12.65931936
1310,4042,364.46834904,10.9728
1310,4043,367.51641,10.9728
1310,4044,370.51969584,10.29577824
1310,4045,373.2096168,9.17216352
1310,4046,375.55502232,7.97064192
1310,4047,377.55615624,6.99516
1310,4048,380.34181488,13.51080864
1310,4049,384.41318088,14.7254976
1310,4050,388.82826984,17.93284704
1310,4051,394.05635184,18.95112288
1310,4052,399.69725496,21.99388032
1310,4053,405.81059808,21.64604256
1310,4054,411.805374,21.25321632
1310,4055,417.7843308,22.35049632
1310,4056,423.83707968,21.08313792
1310,4057,429.92606928,23.00886432
1310,4058,436.29334128,22.53483936
1310,4059,442.6304076,23.0209344
1310,4060,449.03111616,23.04288
1310,4061,455.42511912,22.96497312
1310,4062,461.7953172,22.9221792
1310,4063,468.1525308,22.0663008
1310,4064,472.36322088,15.81838848
1310,4065,480.1203504,29.54316672
1310,4066,486.76663632,22.6368864
1310,4067,493.40801496,24.27951456
1310,4068,498.5910272,21.954744
1315,3977,21.13861152,18.982944
1315,3978,24.912066,17.59598208
1315,3979,29.21739648,13.80817152
1315,3980,32.75225352,11.6366544
1315,3981,35.84012136,11.8725696
1315,3982,39.39604008,12.99508704
1315,3983,42.9731424,12.15566784
1315,3984,46.23032664,11.77820352
1315,3985,49.82053536,14.15930112
1315,3986,53.76291,14.1878304
1315,3987,57.7042788,14.1878304
1315,3988,61.64570856,14.19441408
1315,3989,65.55586584,12.84805152
1315,3990,67.60460952,5.92311744
1315,3991,71.0432412,15.63624
1315,3992,75.35902632,14.51811168
1315,3993,78.67677432,10.85100192
1315,3994,81.86534808,11.25480096
1315,3995,84.80575368,10.32979392
1315,3996,87.62414784,10.30236192
1315,3997,90.39081744,8.9647776
1315,3998,92.82382248,8.64546912
1315,3999,95.21711208,8.8111584
1315,4000,97.95506952,10.96402176
1315,4001,101.05287384,11.1538512
1315,4002,104.14552704,11.6421408
1315,4003,108.74809848,21.91048704
1315,4004,115.13384136,23.09884128
1315,4005,121.33307712,22.10580288
1315,4006,128.02176072,26.11416672
1315,4007,135.34409304,25.84972224
1315,4008,142.64390064,26.32264992
1315,4009,149.47830912,23.23709856
1315,4010,155.72561184,21.9401136
1315,4011,161.816796,21.86220672
1315,4012,167.95504128,23.344632
1315,4013,175.13113056,27.40895712
1315,4014,182.75591592,27.4374864
1315,4015,190.38298728,27.46162656
1315,4016,198.00268248,27.45065376
1315,4017,205.9916124,30.40672608
1315,4018,214.55289576,30.7183536
1315,4019,222.66298368,27.34202304
1315,4020,229.56749616,22.41304128
1315,4021,235.668312,21.9456
1315,4022,241.7440428,21.84245568
1315,4023,247.83123408,21.9456
1315,4024,253.88642136,21.0513168
1315,4025,259.46474904,19.76640192
1315,4026,264.90164952,18.54293472
1315,4027,269.62114224,16.03016352
1315,4028,274.10380536,16.45261632
1315,4029,278.63895504,16.37361216
1315,4030,283.4080692,17.77264416
1315,4031,288.33101592,17.42919552
1315,4032,293.00231976,16.45700544
1315,4033,297.58684704,17.0407584
1315,4034,302.987202,21.6383616
1315,4035,309.07171104,21.78978624
1315,4036,315.13031208,21.93682176
1315,4037,321.27431808,23.2678224
1315,4038,328.42663296,27.25753248
1315,4039,335.7762144,24.34974048
1315,4040,342.0086124,21.79966176
1315,4041,347.72217984,18.5111136
1315,4042,352.58940912,17.20425312
1315,4043,356.72469168,12.01082688
1315,4044,359.79335712,10.72262016
1315,4045,362.7924672,10.9728
1315,4046,365.84043672,10.9728
1315,4047,368.8884672,10.9728
1315,4048,371.93649768,10.9728
1315,4049,374.95538928,10.46585664
1315,4050,377.878848,10.9343952
1315,4051,380.99981712,13.1618736
1315,4052,385.78910904,19.723608
1315,4053,391.27111992,19.65886848
1315,4054,396.73097184,19.6522848
1315,4055,402.26857824,21.42329472
1315,4056,408.84009672,24.23123424
1315,4057,415.47016728,24.37168608
1315,4058,422.26918848,23.1745536
1315,4059,428.21013672,20.1186288
1315,4060,433.73503296,20.12192064
1315,4061,439.21692192,18.7415424
1315,4062,444.1582176,17.75728224
1315,4063,449.8944012,23.55421248
1315,4064,456.52407552,24.15881376
1315,4065,463.70318232,27.37933056
1315,4066,470.05871952,17.29093824
1315,4067,477.29186736,35.7603552
1315,4068,486.2393628,27.84238272
1315,4069,493.72985328,26.37641664
1315,4070,498.8660076,27.2344896
1321,3980,19.962368,13.3209792
1321,3981,22.27938648,13.770864
1321,3982,26.07173856,13.22002944
1321,3983,29.39814288,10.28809728
1321,3984,32.6686164,14.20319232
1321,3985,36.6866424,14.484096
1321,3986,40.71003288,14.484096
1321,3987,44.73589224,14.50165248
1321,3988,48.76242216,14.4347184
1321,3989,52.58555904,13.02032448
1321,3990,56.16766008,12.89304
1321,3991,59.7490296,12.89304
1321,3992,63.3278388,12.47717088
1321,3993,66.58642512,12.262104
1321,3994,70.29041568,13.5184896
1321,3995,74.04622224,13.5184896
1321,3996,77.81705544,13.2880608
1321,3997,80.87999064,8.93515104
1321,3998,83.31701904,8.77824
1321,3999,85.75572384,8.77824
1321,4000,88.1955564,8.98891776
1321,4001,91.03025736,11.30417856
1321,4002,94.16183352,11.2142016
1321,4003,97.30825344,11.38537728
1321,4004,100.48664688,12.20394816
1321,4005,104.98433664,19.86954624
1321,4006,110.6183208,20.29968
1321,4007,116.27711568,20.87136288
1321,4008,122.65414128,25.03883232
1321,4009,129.64619232,25.56552672
1321,4010,136.93493568,26.19097632
1321,4011,144.22111872,26.27766144
1321,4012,151.42872432,24.77329056
1321,4013,157.9235856,22.8563424
1321,4014,164.2588536,22.77185184
1321,4015,170.71174392,25.08711264
1321,4016,178.57640688,30.25530144
1321,4017,187.13869608,31.47657408
1321,4018,195.84951432,30.40672608
1321,4019,203.89208904,28.00587744
1321,4020,211.87629456,29.8021248
1321,4021,220.0459404,28.16388576
1321,4022,227.43478008,24.37717248
1321,4023,233.6868072,21.9456
1321,4024,239.77220016,21.80624544
1321,4025,245.40609288,17.8637184
1321,4026,250.0402416,16.4592
1321,4027,254.63531496,16.90030656
1321,4028,259.5317136,18.1270656
1321,4029,264.53924232,17.47198944
1321,4030,269.15205504,16.0916112
1321,4031,274.0910952,19.65009024
1321,4032,279.57737328,19.64350656
1321,4033,284.94310296,19.07511552
1321,4034,290.24141088,19.29896064
1321,4035,295.9306248,20.89001664
1321,4036,301.5342204,20.71335456
1321,4037,307.55597112,21.86549856
1321,4038,313.60966488,21.86549856
1321,4039,319.70557344,22.14969408
1321,4040,326.1894924,24.42325824
1321,4041,332.92657824,23.3610912
1321,4042,338.91074712,19.40320224
1321,4043,343.74380832,16.38019584
1321,4044,348.01603752,13.64796864
1321,4045,351.580704,12.71857248
1321,4046,355.04100696,11.75845248
1321,4047,358.13792736,10.96072992
1321,4048,361.13545248,10.75992768
1321,4049,364.17141288,10.9728
1321,4050,367.21947384,10.9728
1321,4051,370.26756528,10.9728
1321,4052,373.3300128,11.37989088
1321,4053,376.53553344,11.97900576
1321,4054,380.48796648,17.09891424
1321,4055,386.01115584,21.49900704
1321,4056,391.97563464,21.4079328
1321,4057,398.00207928,23.10652224
1321,4058,404.85355656,24.48690048
1321,4059,411.2561244,22.32306432
1321,4060,417.5077248,22.53154752
1321,4061,423.5019216,20.33589024
1321,4062,429.04666032,19.93538304
1321,4063,434.58335232,19.93648032
1321,4064,440.1574128,20.26346976
1321,4065,445.81126992,20.38417056
1321,4066,451.29337224,19.17387072
1321,4067,457.66402752,27.1631664
1321,4068,465.34513992,27.13792896
1321,4069,473.01125616,28.79152992
1321,4070,481.09004112,29.26774944
1321,4071,489.5191632,30.88075104
1321,4072,497.22158112,24.72391296
1328,4025,224.4765132,29.1675312
1328,4026,230.89566216,28.43491392
1328,4027,238.6326444,27.34531488
1328,4028,245.89733904,23.86474272
1328,4029,251.6690928,17.82750816
1328,4030,256.34725464,17.19547488
1328,4031,261.26349576,17.87688576
1328,4032,266.12526912,16.84544256
1328,4033,270.6656004,16.18049088
1328,4034,275.1831936,17.01991008
1328,4035,280.24455,18.69545664
1328,4036,285.43797624,18.681192
1328,4037,290.40350352,16.9310304
1328,4038,295.4406588,20.44452096
1328,4039,301.45942248,21.9456
1328,4040,307.5544776,21.86988768
1328,4041,313.5306912,21.0019392
1328,4042,319.28113944,21.19067136
1328,4043,325.4474568,22.7082096
1328,4044,331.70722584,21.11386176
1328,4045,336.76245576,16.46249184
1328,4046,341.0983272,13.331952
1328,4047,344.26602216,10.9398816
1328,4048,347.32374528,11.08033344
1328,4049,350.41405152,11.137392
1328,4050,353.50694856,11.137392
1328,4051,356.59896168,11.09130624
1328,4052,359.74535112,12.4760736
1328,4053,363.5985108,14.09785344
1328,4054,367.06366008,11.0441232
1328,4055,370.36516224,13.71709728
1328,4056,374.60968512,16.18926912
1328,4057,379.4243364,19.08828288
1328,4058,385.42161168,23.3885232
1328,4059,391.93854048,23.3226864
1328,4060,398.52161088,24.13357632
1328,4061,405.18472176,23.59042272
1328,4062,411.59469624,22.65992928
1328,4063,417.84586992,22.57873056
1328,4064,423.97411776,21.36733344
1328,4065,429.67726104,20.27992896
1328,4066,435.43840776,20.76163488
1328,4067,441.39066408,22.59409248
1328,4068,447.83361792,23.28208704
1328,4069,454.1251776,21.22797888
1328,4070,459.94889976,22.40755488
1328,4071,466.90958688,28.48868064
1328,4072,475.70916288,33.12468864
1328,4073,484.67628744,30.49560576
1328,4074,492.99885144,30.69860256
1328,4075,498.9157662,28.9352736
1331,4063,404.561175466667,26.2396224
1331,4064,411.29093256,24.43532832
1331,4065,418.03003008,24.45617664
1331,4066,424.7665368,23.49715392
1331,4067,430.9497096,21.93572448
1331,4068,436.71609888,18.07000704
1331,4069,441.25185816,15.6252672
1331,4070,445.61092488,15.94677024
1331,4071,450.50701872,19.48440096
1331,4072,456.14002752,21.451824
1331,4073,462.267808,24.091392
1343,3992,32.005016,13.6172448
1343,3993,34.5047316,14.56529472
1343,3994,39.0252204,17.28654912
1343,3995,43.89461376,19.04000256
1343,3996,50.10110376,24.40131264
1343,3997,56.13529032,15.23134368
1343,3998,59.80986768,16.4427408
1343,3999,63.22695,7.5492864
1343,4000,65.98042176,12.86451072
1343,4001,69.37391256,9.92818944
1343,4002,72.06575376,9.6889824
1343,4003,74.75503464,9.83930976
1343,4004,78.59578896,18.64498176
1343,4005,84.0705456,19.7729856
1343,4006,89.52802008,18.60109056
1343,4007,94.406466,17.89334496
1343,4008,98.06805888,5.8923936
1343,4009,98.86742736,5.61478176
1343,4010,103.01663928,13.83011712
1343,4011,107.2693308,20.09887776
1343,4012,113.82140304,25.14087936
1343,4013,118.51425624,14.37546528
1343,4014,123.18891288,20.07144576
1343,4015,129.0719796,21.39696
1343,4016,135.71948472,26.16683616
1343,4017,143.0341056,26.28095328
1343,4018,150.3378756,26.29412064
1343,4019,157.44831096,25.00591392
1343,4020,164.41622184,25.11564192
1343,4021,171.4067184,25.20013248
1343,4022,178.40834016,25.21439712
1343,4023,185.41057152,25.21878624
1343,4024,192.41767968,25.20671616
1343,4025,199.41613152,25.16282496
1343,4026,206.40361056,25.18915968
1343,4027,213.40340352,25.1990352
1343,4028,220.39225416,24.54725088
1343,4029,226.42299648,21.02059296
1343,4030,232.92977544,24.36729696
1343,4031,238.51340664,16.01150976
1343,4032,243.50926152,14.7529296
1343,4033,247.68767328,19.46684448
1343,4034,253.43376288,21.95876736
1343,4035,258.51898512,18.73825056
1343,4036,263.08790664,8.13303936
1343,4037,265.73350968,15.10844832
1343,4038,270.67980408,19.14973056
1343,4039,276.06690024,19.15411968
1343,4040,280.98198312,16.55356608
1343,4041,285.78142488,18.50452992
1343,4042,291.12121608,19.4547744
1343,4043,296.50572144,19.06962912
1343,4044,301.6721424,18.37834272
1343,4045,306.76361304,18.09195264
1343,4046,311.65696368,17.39517984
1343,4047,316.50182064,17.172432
1343,4048,321.13709712,16.4646864
1343,4049,325.72580016,16.56563616
1343,4050,330.32931648,16.36483392
1343,4051,334.22426424,11.44901952
1343,4052,337.3530972,11.93621184
1343,4053,340.63314144,11.37769632
1343,4054,344.18601216,14.64759072
1343,4055,348.32464752,14.24598624
1343,4056,352.17661848,13.8367008
1343,4057,356.02380408,14.1988032
1343,4058,360.2871636,16.18926912
1343,4059,364.8248736,16.45700544
1343,4060,369.46344192,17.2931328
1343,4061,374.27492328,17.00125632
1343,4062,379.1501688,18.28178208
1343,4063,384.72212616,21.89293056
1343,4064,390.8581464,22.02131232
1343,4065,396.96746616,22.03228512
1343,4066,403.08364392,21.90829248
1343,4067,409.0579068,21.287232
1343,4068,415.03780848,21.97193472
1343,4069,421.259508,22.49862912
1343,4070,427.33148976,20.52681696
1343,4071,432.791616,19.47672
1343,4072,438.1830708,19.2517776
1343,4073,443.51067,19.19252448
1343,4074,449.32207824,24.37278336
1343,4075,456.7170444,27.1467072
1343,4076,464.25852792,27.14999904
1343,4077,471.95911704,29.06584992
1343,4078,480.18533376,28.1616912
1343,4079,487.45527096,26.58489984
1343,4080,495.126264,26.37531936
1343,4081,499.6552872,24.7326912
1351,3999,21.4557356,14.0232384
1351,4000,24.37528272,14.4018
1351,4001,28.49032656,14.21306784
1351,4002,32.14186104,11.80014912
1351,4003,35.42016792,11.7354096
1351,4004,38.64501288,12.32574624
1351,4005,42.04124688,12.1084848
1351,4006,45.70149864,15.60441888
1351,4007,50.6931168,18.78653088
1351,4008,55.91095752,18.7854336
1351,4009,61.12907256,18.78982272
1351,4010,66.3421584,18.26312832
1351,4011,70.25130984,10.45817568
1351,4012,73.11578976,10.01926368
1351,4013,76.02986064,11.23834176
1351,4014,79.26482496,12.32025984
1351,4015,83.476338,17.9569872
1351,4016,88.5989592,18.4672224
1351,4017,93.70414584,18.33225696
1351,4018,99.27250656,22.30989696
1351,4019,105.64191216,23.0648256
1351,4020,112.683798,28.446984
1351,4021,120.87008592,29.3028624
1351,4022,128.09960664,22.72357152
1351,4023,134.59599192,24.51213792
1351,4024,141.74333856,27.2728944
1351,4025,149.40134712,27.40237344
1351,4026,157.12708224,28.53037728
1351,4027,164.9291088,27.34092576
1351,4028,172.541184,27.432
1351,4029,180.16395768,27.44516736
1351,4030,187.7907852,27.42322176
1351,4031,195.29112072,26.78899392
1351,4032,202.50780936,24.1840512
1351,4033,208.98237096,23.25355776
1351,4034,215.4344688,23.2019856
1351,4035,221.87470992,23.11310592
1351,4036,228.2551188,21.83916384
1351,4037,233.46101136,16.57221984
1351,4038,238.03197504,16.4098224
1351,4039,242.57846328,16.40323872
1351,4040,247.3005468,18.1106064
1351,4041,252.37686888,17.67388896
1351,4042,257.4718752,19.58315616
1351,4043,263.02920216,19.9046592
1351,4044,268.1208252,16.53820416
1351,4045,272.69943936,17.1559728
1351,4046,277.5673392,17.5619664
1351,4047,282.52670952,18.24886368
1351,4048,287.62991496,18.37066176
1351,4049,292.51082976,17.01003456
1351,4050,297.39314664,17.7978816
1351,4051,302.14714272,16.50199392
1351,4052,306.71850264,16.4592
1351,4053,311.2638936,16.29899712
1351,4054,315.65715888,14.61138048
1351,4055,319.74663,15.55613856
1351,4056,323.94872472,14.37546528
1351,4057,327.85897344,14.0671296
1351,4058,331.68207984,13.3703568
1351,4059,335.37144,13.49215488
1351,4060,339.47926008,15.76681632
1351,4061,343.81269312,15.78327552
1351,4062,348.32403792,16.4592
1351,4063,352.93419888,16.96285152
1351,4064,357.7151088,16.93432224
1351,4065,362.29622232,16.92115488
1351,4066,367.2151152,17.91748512
1351,4067,372.33980904,19.15960608
1351,4068,377.88329808,20.75066208
1351,4069,383.99203872,23.40388512
1351,4070,390.60882,23.86364544
1351,4071,397.22560128,23.8219488
1351,4072,403.84152912,23.82414336
1351,4073,410.12994936,19.69946784
1351,4074,414.91503504,16.514064
1351,4075,419.46777168,15.94238112
1351,4076,423.82778328,16.64244576
1351,4077,428.8145856,18.3739536
1351,4078,434.22225576,21.72504672
1351,4079,440.65673616,23.46423552
1351,4080,447.236088,24.05347488
1351,4081,454.61310144,30.71506176
1351,4082,463.7518284,32.94473472
1351,4083,472.31969544,29.03073696
1351,4084,480.38784288,29.06584992
1351,4085,488.24558688,27.20047392
1351,4086,495.33895344,23.45436
1351,4087,499.5191432,23.2513632
1354,3993,14.2910052,15.5484576
1354,3994,16.88174424,15.5484576
1354,3995,21.21566496,15.62965632
1354,3996,25.5548892,16.23535488
1354,3997,30.64940784,19.88600544
1354,3998,36.17881512,19.91892384
1354,3999,41.6757612,18.62413344
1354,4000,45.64163592,10.34296128
1354,4001,48.34307832,9.19191456
1354,4002,50.86993128,9.88429824
1354,4003,53.8845252,11.0386368
1354,4004,56.76125808,10.1059488
1354,4005,59.57946936,10.42525728
1354,4006,62.64283128,11.39196096
1354,4007,65.80622856,11.38318272
1354,4008,68.96855904,11.38757184
1354,4009,72.10266504,11.31954048
1354,4010,75.97411272,16.71486624
1354,4011,80.70025008,16.93761408
1354,4012,85.26862296,14.7364704
1354,4013,88.9563372,12.75149088
1354,4014,93.40477128,21.00962016
1354,4015,99.71190624,23.04726912
1354,4016,106.56664488,26.93602944
1356,4002,21.542121,13.9574016
1356,4003,25.02581736,13.49325216
1356,4004,28.53382152,12.22260192
1356,4005,32.06712408,13.1728464
1356,4006,35.64791448,12.67468128
1356,4007,39.23516664,13.17723552
1356,4008,42.89249232,13.17613824
1356,4009,46.54716624,12.947904
1356,4010,50.02216056,12.25332576
1356,4011,53.42570976,12.25552032
1356,4012,56.88540312,13.75330752
1356,4013,61.48023264,18.24447456
1356,4014,66.54930048,18.24557184
1356,4015,71.61669192,18.24228
1356,4016,76.68825912,18.91930176
1356,4017,82.95388032,25.77071808
1356,4018,90.17297688,25.90239168
1356,4019,97.2910932,24.60979584
1356,4020,103.59454008,21.84794208
1356,4021,109.97894184,24.1017552
1356,4022,116.78783856,25.21110528
1356,4023,123.8597472,25.34497344
1356,4024,131.1149016,27.68217984
1356,4025,138.9002556,27.42980544
1356,4026,146.72364864,29.02415328
1356,4027,154.58303856,27.42870816
1356,4028,162.19538808,27.34641216
1356,4029,169.79868504,27.432
1356,4030,177.42078816,27.44407008
1356,4031,184.93127352,26.44115616
1356,4032,191.78811528,22.73234976
1356,4033,198.05206008,22.45144608
1356,4034,204.16573848,21.89731968
1356,4035,210.341718,22.741128
1356,4036,216.71697576,22.79270016
1356,4037,222.89268096,21.67128
1356,4038,228.56628912,18.93246912
1356,4039,233.46015792,16.58977632
1356,4040,238.0309692,16.4098224
1356,4041,242.57639064,16.4098224
1356,4042,247.15186536,16.73352
1356,4043,251.86712136,16.73022816
1356,4044,256.61337552,18.16108128
1356,4045,261.83746464,18.97087392
1356,4046,266.88995136,16.99357536
1356,4047,271.42110816,16.11245952
1356,4048,275.93449512,16.38897408
1356,4049,280.50579408,16.4592
1356,4050,285.07779408,16.4592
1356,4051,289.649916,16.4592
1356,4052,294.221916,16.4592
1356,4053,298.793916,16.4592
1356,4054,303.365916,16.4592
1356,4055,307.93831224,16.42189248
1356,4056,312.4704444,16.3384992
1356,4057,317.0383296,16.4592
1356,4058,321.60673296,16.35605568
1356,4059,326.09704656,16.0532064
1356,4060,330.5581908,16.1190432
1356,4061,335.0602392,15.77120544
1356,4062,339.1565988,14.53566816
1356,4063,343.42736496,15.77449728
1356,4064,347.90563896,16.8542208
1356,4065,352.67088216,17.172432
1356,4066,357.42247032,16.79606496
1356,4067,362.06655552,17.50051872
1356,4068,367.17466824,18.38382912
1356,4069,372.36300432,19.74994272
1356,4070,378.18450144,21.89402784
1356,4071,384.62172504,24.48909504
1356,4072,391.48950912,24.5900448
1356,4073,397.92237408,21.46169952
1356,4074,403.72457736,20.63654496
1356,4075,409.55573664,21.39586272
1356,4076,415.4718132,20.43025632
1356,4077,420.60516336,17.05831488
1356,4078,424.89123048,14.1988032
1356,4079,429.22618752,17.01442368
1356,4080,434.33036832,20.52901152
1356,4081,440.48403648,23.54872608
1356,4082,447.95127072,30.32443008
1356,4083,456.634596,31.06619136
1356,4084,464.91960864,28.145232
1356,4085,471.43330656,23.66174592
1356,4086,479.74629984,31.98132288
1356,4087,487.94017728,26.3566656
1356,4088,494.7755916,22.61932992
1356,4089,498.8912298,19.7400672
1362,4005,21.0561936,9.3488256
1362,4006,23.46118752,12.45303072
1362,4007,27.13366176,13.75659936
1362,4008,31.1731152,15.13039392
1362,4009,35.38292136,14.05725408
1362,4010,38.844474,11.14397568
1362,4011,42.09632424,12.78550656
1362,4012,45.66455688,12.81952224
1362,4013,49.22099376,12.81403584
1362,4014,53.4044652,18.68448384
1362,4015,59.06426592,20.6617824
1362,4016,64.80752088,20.57070816
1362,4017,69.86829816,16.28144064
1362,4018,74.72769408,18.94124736
1362,4019,80.6153328,23.27221152
1362,4020,87.4567212,26.37202752
1362,4021,94.99387656,26.98321248
1362,4022,102.42166968,26.56185696
1362,4023,109.54835088,24.7546368
1362,4024,116.40507072,24.55273728
1362,4025,123.3938604,26.4389616
1362,4026,130.90434576,28.24069536
1362,4027,139.08112392,29.83833504
1362,4028,147.4372464,29.34236448
1362,4029,155.3295852,27.84348
1362,4030,162.95510208,27.34860672
1362,4031,170.56162992,27.30142368
1362,4032,177.79998984,24.05347488
1362,4033,184.17533904,22.45912704
1362,4034,190.30821984,21.9675456
1362,4035,196.40053176,21.67018272
1362,4036,202.34623488,21.6273888
1362,4037,208.34555232,21.52095264
1362,4038,214.46285784,22.32086976
1362,4039,220.49747112,20.80662336
1362,4040,226.07878584,19.27152864
1362,4041,231.02035584,16.59745728
1362,4042,235.5915024,16.4592
1362,4043,240.20321784,17.7320448
1362,4044,245.82220584,21.43865664
1362,4045,251.5767384,19.96062048
1362,4046,256.9838904,19.21447008
1362,4047,262.31502528,19.1969136
1362,4048,267.34916304,16.78618944
1362,4049,271.84313424,16.0696656
1362,4050,276.385782,16.4592
1362,4051,280.9579344,16.4592
1362,4052,285.5299344,16.4592
1362,4053,290.1019344,16.4592
1362,4054,294.6739344,16.4592
1362,4055,299.21655168,15.91933824
1362,4056,303.61789416,16.14537792
1362,4057,308.11549248,16.18378272
1362,4058,312.61775424,16.33520736
1362,4059,317.18566992,16.4592
1362,4060,321.76797216,16.67755872
1362,4061,326.47850376,17.0956224
1362,4062,331.22146608,16.93871136
1362,4063,335.842356,16.45810272
1362,4064,340.33529088,15.4058112
1362,4065,344.52939984,16.43615712
1362,4066,349.68390312,18.736056
1362,4067,354.64193232,17.74082304
1362,4068,359.54835888,17.52795072
1362,4069,364.80097728,21.03376032
1362,4070,370.83647448,21.43975392
1362,4071,376.70009496,21.35197152
1362,4072,382.98153528,24.1785648
1362,4073,389.89342392,24.96531456
1362,4074,396.6383736,22.9715568
1362,4075,402.76945608,21.53741184
1362,4076,408.34016376,18.65266272
1362,4077,413.37838584,17.69144544
1362,4078,418.09562304,15.85898784
1362,4079,422.2382208,13.9574016
1362,4080,426.21790296,15.7734
1362,4081,431.12064144,19.58425344
1362,4082,437.20508952,24.55822368
1362,4083,444.83755584,30.55705344
1362,4084,453.69915864,31.95828
1362,4085,462.58164024,32.1118992
1362,4086,471.24881112,31.11117984
1362,4087,479.72910912,27.10610784
1362,4088,486.47119368,23.67491328
1362,4089,493.20620688,24.79633344
1362,4090,498.5767524,22.9916736
1377,4016,32.4335648,20.9482944
1377,4017,37.97719608,21.03376032
1377,4018,43.81905384,21.09630528
1377,4019,50.20095624,25.49310624
1377,4020,57.49698432,26.33472
1377,4021,64.81315968,26.34349824
1377,4022,72.35695968,28.47002688
1377,4023,80.45659296,29.25458208
1377,4024,88.54763088,29.05268256
1377,4025,96.581976,28.6499808
1377,4026,104.14107696,25.84533312
1377,4027,111.21341232,25.29559584
1377,4028,118.42336488,24.86326752
1377,4029,124.85571168,23.26453056
1377,4030,131.62272888,25.2758448
1377,4031,137.9636052,20.34796032
1377,4032,144.07856376,23.06811744
1377,4033,150.24347904,22.21992
1377,4034,156.4829484,22.21333632
1377,4035,162.66523728,22.41633312
1377,4036,168.82137432,22.39767936
1377,4037,175.17992904,22.59628704
1377,4038,181.30835976,21.95218368
1377,4039,187.40786496,21.97632384
1377,4040,193.5089856,21.9456
1377,4041,199.60367496,21.90829248
1377,4042,205.6415496,21.38708448
1377,4043,211.62983328,21.94340544
1377,4044,217.72507128,21.973032
1377,4045,224.20530216,25.22536992
1377,4046,231.32454624,24.51433248
1377,4047,237.64426944,21.890736
1377,4048,243.71414808,21.8962224
1377,4049,249.80932512,21.9456
1377,4050,255.88423296,21.75686784
1377,4051,261.94902144,21.94340544
1377,4052,267.89271288,20.58387552
1377,4053,273.55943256,20.5630272
1377,4054,279.15470712,18.6098688
1377,4055,283.87755264,16.36373664
1377,4056,288.41690856,16.4262816
1377,4057,292.98948768,16.4592
1377,4058,297.54716208,15.9160464
1377,4059,301.67628768,14.2536672
1377,4060,305.8055352,15.9160464
1377,4061,310.3455312,16.29899712
1377,4062,314.8910136,16.4592
1377,4063,319.46206872,16.47456192
1377,4064,324.33137064,18.9664848
1377,4065,329.72178912,19.44599616
1377,4066,334.89013032,17.20425312
1377,4067,339.4880688,16.44383808
1377,4068,343.87325688,15.23683008
1377,4069,348.35686488,17.06050944
1377,4070,353.12607048,17.172432
1377,4071,357.86546664,16.67097504
1377,4072,362.52878472,17.3754288
1377,4073,367.55883816,19.51951392
1377,4074,373.438674,21.94669728
1377,4075,379.5451896,22.44266784
1377,4076,386.21549376,25.22427264
1377,4077,393.22013304,24.89289408
1377,4078,399.71801184,22.09153824
1377,4079,406.04477592,22.99679424
1377,4080,412.13522856,20.59265376
1377,4081,417.64573824,19.57986432
1377,4082,423.23327088,21.4024464
1377,4083,429.31829808,21.9456
1377,4084,435.41405424,21.9401136
1377,4085,441.60646248,22.61164896
1377,4086,447.73071744,22.82013216
1377,4087,454.58441976,25.23305088
1377,4088,461.87200488,27.07428672
1377,4089,469.7291088,30.33211104
1377,4090,478.28076048,30.0051216
1377,4091,486.37100592,28.8036
1377,4092,494.11612632,25.62807168
1377,4093,498.8968686,25.1386848
1381,4052,249.54122304,17.22510144
1381,4053,253.4803668,19.1914272
1381,4054,258.17120832,15.20391168
1381,4055,263.04837408,18.58133952
1381,4056,267.25513224,13.78293408
1381,4057,271.5344328,16.1739072
1381,4058,276.09320448,16.4646864
1381,4059,280.66139448,16.0916112
1381,4060,283.2334188,13.4252208
1382,4054,258.95427,16.130016
1382,4055,261.1914258,16.2383724
1382,4056,267.061188,15.3948384
1382,4057,269.94206616,12.07446912
1382,4058,273.66343032,14.54664096
1382,4059,277.62320904,13.53165696
1382,4060,281.39809608,14.10224256
1382,4061,285.30660744,14.1165072
1382,4062,289.374072,14.96470464
1382,4063,293.33226576,13.6007856
1382,4064,297.13437144,14.3414496
1382,4065,299.4181464,15.8337504
1386,4018,21.0519264,21.1445856
1386,4019,24.21480552,20.72652192
1386,4020,30.13795344,22.61384352
1386,4021,36.86409696,25.19025696
1386,4022,43.80381384,25.05858336
1386,4023,51.05052528,27.31788288
1386,4024,59.0147664,29.955744
1386,4025,67.38917688,29.61229536
1386,4026,75.1007388,27.16645824
1386,4027,82.88069784,27.98502912
1386,4028,90.38103336,25.88044608
1386,4029,97.49930208,25.59625056
1386,4030,104.2932636,23.46204096
1386,4031,110.81729424,23.46204096
1386,4032,117.46425072,25.20891072
1386,4033,124.55719056,24.81279264
1386,4034,131.3468544,24.71952384
1386,4035,138.04715088,23.29415712
1386,4036,144.78216408,24.62186592
1386,4037,151.43991048,23.27440608
1386,4038,157.70711664,22.07946816
1386,4039,163.78784616,21.85452576
1386,4040,169.87394016,21.9456
1386,4041,175.97030592,21.95547552
1386,4042,182.06990256,21.94998912
1386,4043,188.09412216,21.42548928
1386,4044,194.11834176,21.94669728
1386,4045,200.21144616,21.89402784
1386,4046,206.3075376,22.5381312
1386,4047,213.07778568,25.731216
1386,4048,220.06151568,23.51580768
1386,4049,226.217988,21.88195776
1386,4050,231.98961984,18.37175904
1386,4051,236.65619928,16.4592
1386,4052,241.20853968,16.35825024
1386,4053,245.77179192,16.45590816
1386,4054,250.3432128,16.4592
1386,4055,254.9010396,15.9818832
1386,4056,259.08874776,14.74634592
1386,4057,263.25935664,15.07333536
1386,4058,267.28808112,13.44387456
1386,4059,271.06339488,14.82315552
1386,4060,275.33245416,14.56748928
1386,4061,279.17345232,14.17576032
1386,4062,283.22055624,14.6267424
1386,4063,287.26156416,14.48299872
1386,4064,291.42991752,15.5155392
1386,4065,295.7395152,15.51334464
1386,4066,300.15329352,17.5948848
1386,4067,305.76679512,21.48913152
1386,4068,311.70710328,21.32124768
1386,4069,317.65594584,21.47815872
1386,4070,323.54248728,19.95184224
1386,4071,328.61832168,17.55318816
1386,4072,333.53011272,18.5550048
1386,4073,339.20600688,21.52973088
1386,4074,346.0117032,27.28057536
1386,4075,352.56636624,20.12192064
1386,4076,358.33427952,22.44925152
1386,4077,364.84471608,22.93205472
1386,4078,371.01496536,21.9456
1386,4079,377.1104472,21.9401136
1386,4080,383.39475264,23.78793312
1386,4081,390.16847544,24.4528848
1386,4082,396.68671488,21.36294432
1386,4083,401.99239896,17.7923952
1386,4084,406.9593588,17.88127488
1386,4085,411.85075872,18.00855936
1386,4086,417.29226168,21.2543136
1386,4087,423.79151208,26.02528704
1386,4088,431.3221752,27.2454624
1386,4089,438.88523856,27.21144672
1386,4090,446.60268312,28.55890656
1386,4091,454.59834912,28.79043264
1386,4092,462.55536648,28.16608032
1386,4093,470.6009892,30.57131808
1386,4094,479.15873688,29.24031744
1386,4095,486.20123232,23.93606592
1386,4096,493.46626224,27.25424064
1386,4097,498.95369856,24.44081472
1393,4020,21.0516216,20.8373472
1393,4021,24.74375544,21.02607936
1393,4022,30.58762488,20.86697376
1393,4023,36.37169256,20.56522176
1393,4024,42.2717976,21.86769312
1393,4025,48.70832016,25.43056128
1393,4026,56.15668728,27.3606768
1393,4027,63.74416512,26.60245632
1393,4028,70.25103552,23.3226864
1393,4029,77.60186664,26.14927968
1393,4030,84.43106304,24.80511168
1393,4031,91.60986504,25.9122672
1393,4032,98.75364552,25.81460928
1393,4033,105.87968664,25.50188448
1393,4034,112.85881416,25.33729248
1393,4035,120.2830716,26.91847296
1393,4036,127.475742,25.67744928
1393,4037,134.94239712,27.20596032
1393,4038,141.99583488,24.65697888
1393,4039,148.68820656,22.60616256
1393,4040,154.81099848,21.9456
1393,4041,160.9048344,21.8797632
1393,4042,166.979346,21.92584896
1393,4043,173.07531552,21.9456
1393,4044,179.12888736,21.41122464
1393,4045,184.85793864,20.30626368
1393,4046,190.76630376,21.96864288
1393,4047,196.60322376,20.24042688
1393,4048,202.13826984,19.39332672
1393,4049,207.49256952,20.33589024
1393,4050,213.71216592,23.34134016
1393,4051,220.12908984,22.44815424
1393,4052,226.22106648,21.87537408
1393,4053,232.31691408,21.81502368
1393,4054,237.84699192,17.3809152
1393,4055,242.42478312,16.38019584
1393,4056,246.9805068,16.36922304
1393,4057,251.52669024,16.37032032
1393,4058,256.051812,16.17719904
1393,4059,260.56629624,16.36702848
1393,4060,265.06151712,15.18964704
1393,4061,268.65328032,11.17140768
1393,4062,271.63193832,10.74456576
1393,4063,274.6638144,11.72114496
1393,4064,278.5053612,15.30595872
1393,4065,282.77015328,14.95044
1393,4066,286.72606104,14.16917664
1393,4067,291.0180108,16.42408704
1393,4068,295.59086424,16.46139456
1393,4069,300.49945488,20.02865184
1393,4070,306.41233104,21.3859872
1393,4071,312.39707904,21.79966176
1393,4072,318.48427032,21.94998912
1393,4073,324.66360264,22.64676192
1393,4074,330.98192376,22.57214688
1393,4075,337.14318144,21.94450272
1393,4076,343.21452312,21.82928832
1393,4077,349.41010128,22.78392192
1393,4078,355.75734792,22.70491776
1393,4079,361.88913144,21.7151712
1393,4080,367.97144592,21.9456
1393,4081,374.06753736,21.9456
1393,4082,380.19063408,22.74332256
1393,4083,386.93893656,25.25828832
1393,4084,393.93360888,24.65807616
1393,4085,400.2888108,20.99755008
1393,4086,405.77950848,18.72288864
1393,4087,410.96668632,20.16142272
1393,4088,416.9875836,21.97412928
1393,4089,420.3414504,21.8687904
1394,4085,358.79297304,18.59670144
1394,4086,363.47168352,16.44383808
1394,4087,367.94791536,14.73976224
1394,4088,371.99142264,15.8118048
1394,4089,376.75690968,18.15559488
1394,4090,381.78361032,17.62890048
1394,4091,386.65879488,17.87908032
1394,4092,391.6369104,18.30592224
1394,4093,397.12114632,20.81210976
1394,4094,401.173188,20.8373472
1398,4023,20.85971952,20.6617824
1398,4024,25.16739696,20.464272
1398,4025,31.50376224,26.73303264
1398,4026,39.45797544,29.02415328
1398,4027,47.5245684,29.04170976
1398,4028,55.58786952,29.023056
1398,4029,63.46350528,24.55493184
1398,4030,69.58434648,25.97152032
1398,4031,77.39947944,25.0234704
1398,4032,83.77239024,23.59810368
1398,4033,90.69528216,25.45909056
1398,4034,97.92489432,26.84056608
1398,4035,105.45065016,26.7023088
1398,4036,112.7299752,26.01760608
1398,4037,119.93303928,25.67306016
1398,4038,126.81777024,23.8164624
1398,4039,133.53970752,24.90935328
1398,4040,140.31952632,24.23123424
1398,4041,146.92210392,22.92986016
1398,4042,153.26301072,22.72796064
1398,4043,159.53122272,22.20236352
1398,4044,165.60948336,21.87647136
1398,4045,171.70246584,21.90061152
1398,4046,177.7770384,21.91597344
1398,4047,183.8725812,21.56264928
1398,4048,188.82975696,13.75879392
1398,4049,192.42721992,12.9972816
1398,4050,196.8479172,19.14973056
1398,4051,202.49659272,21.47486688
1398,4052,208.724754,23.52678048
1398,4053,215.45272632,24.13906272
1398,4054,221.7697368,20.46866112
1398,4055,226.75711824,16.48992384
1398,4056,231.32796,16.4592
1398,4057,235.89996,16.4592
1398,4058,240.458244,16.3604448
1398,4059,245.016528,16.4592
1398,4060,249.58971672,16.41640608
1398,4061,253.93418352,14.30743392
1398,4062,257.64893352,13.59200736
1398,4063,261.6374244,14.5828512
1398,4064,265.66020528,14.46873408
1398,4065,269.6846016,13.52726784
1398,4066,273.3970656,14.54554368
1398,4067,277.52152776,14.90545152
1398,4068,281.69481888,15.26206752
1398,4069,286.1466972,16.45810272
1398,4070,291.04205952,20.03304096
1398,4071,296.96030016,20.9196432
1398,4072,302.66490648,20.57729184
1398,4073,308.36317296,20.18117376
1398,4074,313.85216376,19.66984128
1398,4075,319.31872128,20.01877632
1398,4076,325.35150576,23.04288
1398,4077,331.75541472,23.05165824
1398,4078,338.15758632,23.03519904
1398,4079,344.53260024,23.11091136
1398,4080,351.0904332,23.86693728
1398,4081,357.69752184,23.19320736
1398,4082,363.87499488,21.70749024
1398,4083,369.89961072,22.1211648
1398,4084,376.16178768,22.51947744
1398,4085,382.3043916,22.55897952
1398,4086,388.87472136,23.94923328
1398,4087,395.28762192,21.0238848
1398,4088,400.83583536,20.42476992
1398,4089,406.7588004,22.14530496
1398,4090,413.5718424,27.89066304
1398,4091,422.04089328,32.24467008
1398,4092,431.44662504,35.20732608
1398,4093,441.23530752,34.95165984
1398,4094,450.5094876,31.63677696
1398,4095,459.19607424,31.64665248
1398,4096,467.84486568,30.98060352
1398,4097,476.74328832,32.23589184
1398,4098,484.96267752,26.75058912
1398,4099,492.43692216,27.43858368
1398,4100,498.5312356,27.4173696
1399,4076,305.5242048,15.0546816
1399,4077,307.90969152,15.94128384
1399,4078,312.36473976,16.03235808
1399,4079,316.88083944,16.41640608
1399,4080,321.47722344,17.20096128
1399,4081,326.64797256,19.4602608
1399,4082,332.04427368,18.98952768
1399,4083,336.91836096,16.47785376
1399,4084,341.47676688,16.30777536
1399,4085,346.0391352,16.8761664
1399,4086,350.87317176,17.65633248
1399,4087,355.77618456,17.55757728
1399,4088,360.46309416,16.24413312
1399,4089,364.92097704,15.03931968
1399,4090,368.67102288,13.63589856
1399,4091,372.74680848,14.89996512
1399,4092,376.708416,12.90181824
1399,4093,380.65606368,15.27742944
1399,4094,384.61715304,17.46540576
1399,4095,390.63628248,22.5710496
1399,4096,396.8928816,22.56446592
1399,4097,403.6605084,27.07099488
1399,4098,411.53779008,29.38406112
1399,4099,420.27677184,33.0775056
1399,4100,429.63413184,34.78816512
1399,4101,439.45076448,35.46189504
1399,4102,449.44899696,36.182808
1399,4103,459.53915712,36.94870944
1399,4104,470.04603984,38.73288672
1399,4105,480.89344512,37.6805952
1399,4106,490.5806292,33.33207456
1399,4107,498.0092148,33.4834992
1404,4026,22.11397152,19.57766976
1404,4027,28.01139432,22.58092512
1404,4028,34.6059252,25.35704352
1404,4029,42.2423844,28.25386272
1404,4030,49.9588536,29.81638944
1404,4031,59.3124036,35.5628448
1404,4032,68.84078688,30.73152096
1404,4033,76.3574292,25.24951008
1404,4034,83.35828896,26.14050144
1404,4035,90.70402992,25.71695136
1404,4036,97.71699024,25.61270976
1404,4037,104.70675528,24.08090688
1404,4038,111.54838752,25.6050288
1404,4039,118.61834544,24.90606144
1404,4040,125.19717912,22.73893344
1404,4041,131.51988936,22.8673152
1404,4042,137.7575604,21.9456
1404,4043,143.85054288,21.89402784
1404,4044,149.9347776,21.94121088
1404,4045,155.66824848,18.56707488
1404,4046,160.5779364,17.53672896
1404,4047,165.4334004,17.48405952
1404,4048,170.5610508,20.39514336
1404,4049,176.47481088,21.27296736
1404,4050,182.39055216,21.53521728
1404,4051,188.47679856,21.97522656
1404,4052,194.56127712,21.53521728
1404,4053,200.39664264,20.30406912
1404,4054,205.8399744,19.06524
1404,4055,211.51711824,22.22869824
1404,4056,217.69797456,21.69761472
1404,4057,223.19044008,17.59817664
1404,4058,227.8218456,16.4592
1404,4059,232.3938456,16.4592
1404,4060,236.9670648,16.4207952
1404,4061,241.31951736,15.3015696
1404,4062,245.74932816,15.9544512
1404,4063,250.04484408,15.1918416
1404,4064,253.98148848,13.24197504
1404,4065,257.71690392,13.75111296
1404,4066,261.57460512,13.9244832
1404,4067,265.34647464,12.49692192
1404,4068,268.5025872,10.93110336
1404,4069,272.00629368,15.26974848
1404,4070,276.541992,16.5085776
1404,4071,281.66939856,21.0732624
1404,4072,287.7452208,21.9456
1404,4073,293.85606456,22.35927456
1404,4074,300.09016944,22.08056544
1404,4075,306.18580368,21.9456
1404,4076,312.25226856,21.79307808
1404,4077,318.33568032,21.94340544
1404,4078,324.41116728,21.77661888
1404,4079,330.45461976,21.79856448
1404,4080,336.53544072,21.9456
1404,4081,342.61153728,21.81282912
1404,4082,348.81077304,22.97375136
1404,4083,355.24141296,23.06592288
1404,4084,361.44506832,21.7480896
1404,4085,367.50750984,21.49900704
1404,4086,373.23576864,20.19982752
1404,4087,378.64218912,18.4123584
1404,4088,384.14276232,21.7316304
1404,4089,390.2747592,22.0443552
1404,4090,396.38657832,21.99278304
1404,4091,402.5377776,23.31610272
1404,4092,409.71179424,27.4758912
1404,4093,417.76765824,30.4275744
1404,4094,426.22021944,29.92611744
1404,4095,434.31064776,29.00220768
1404,4096,442.07692128,27.39798432
1404,4097,450.19374528,30.18288096
1404,4098,459.3520404,36.10819296
1404,4099,469.36996296,34.7179392
1404,4100,478.48589088,32.08227264
1404,4101,487.41595176,32.17444416
1404,4102,495.9184392,28.31092128
1404,4103,500.1313848,27.4429728
1410,4100,417.062031,36.2486448
1410,4101,423.95168448,35.96006016
1410,4102,434.67521904,40.39746048
1410,4103,445.8984732,39.77310816
1410,4104,456.07504416,35.75925792
1410,4105,466.96816944,41.04814752
1410,4106,478.2249516,38.75373504
1410,4107,488.44538328,36.05332896
1410,4108,496.957763657143,36.0566208
1412,4033,68.4657,21.5560656
1412,4034,71.35608792,16.45151904
1412,4035,76.33463016,20.2064112
1412,4036,82.15469472,21.52204992
1412,4037,88.45789776,24.04579392
1412,4038,95.50005792,26.02528704
1412,4039,102.72259872,25.83874944
1412,4040,109.64747184,24.27512544
1412,4041,116.238528,22.59518976
1412,4042,122.2763112,20.8538064
1412,4043,127.99545648,20.6617824
1412,4044,134.04442584,22.6259136
1412,4045,140.10488616,21.3914736
1412,4046,146.13047736,21.88854144
1412,4047,152.16070152,21.34977696
1412,4048,158.0366664,21.03376032
1412,4049,163.57875336,19.1585088
1412,4050,168.85487184,18.33445152
1412,4051,173.97209808,18.65156544
1412,4052,179.27013168,20.00231712
1412,4053,184.82849496,19.7016624
1412,4054,190.30562904,19.09376928
1412,4055,195.50911368,18.74373696
1412,4056,200.6324664,17.78800608
1412,4057,205.30425792,16.58099808
1412,4058,210.397344,20.2612752
1412,4059,216.1182876,20.4423264
1412,4060,221.40833544,17.20425312
1412,4061,225.99063768,16.4262816
1412,4062,230.5626072,16.4592
1412,4063,235.1346072,16.4592
1412,4064,239.6976156,16.36373664
1412,4065,244.13071824,15.26097024
1412,4066,248.08805856,12.9863088
1412,4067,251.33740944,10.97170272
1412,4068,254.38519608,10.9618272
1412,4069,257.45215464,11.81002464
1412,4070,261.13383384,14.0342112
1412,4071,265.03740744,14.319504
1412,4072,269.31783576,16.12123776
1412,4073,273.83299056,17.30739744
1412,4074,279.35983752,21.81612096
1412,4075,285.4567824,21.9456
1412,4076,291.55281288,21.9456
1412,4077,297.59922192,20.57619456
1412,4078,302.60251392,16.45700544
1412,4079,307.17402624,16.4592
1412,4080,311.71515,16.29899712
1412,4081,316.2738912,16.4592
1412,4082,320.85265776,16.80045408
1412,4083,325.81446648,18.65046816
1412,4084,330.99899256,18.48697344
1412,4085,335.84869584,16.52723136
1412,4086,340.41886704,16.38677952
1412,4087,344.95197456,16.25291136
1412,4088,349.26943608,14.84290656
1412,4089,353.3771952,14.7913344
1412,4090,357.45167016,14.52579264
1412,4091,361.18568352,12.24235296
1412,4092,364.53848352,11.79905184
1412,4093,367.77491088,11.52034272
1412,4094,370.86817368,10.9728
1412,4095,373.91123592,11.01449664
1412,4096,377.71504848,17.03966112
1412,4097,382.66935912,17.81763264
1412,4098,388.06392288,21.64604256
1412,4099,394.23246528,22.41633312
1412,4100,401.09704896,27.23778144
1412,4101,408.78773208,27.85335552
1412,4102,416.97039288,30.93890688
1412,4103,422.9781228,30.7293264
1419,4043,97.6637112,28.79482176
1419,4044,103.60859136,27.33105024
1419,4045,110.53337304,24.20160768
1419,4046,117.72519,27.2290032
1419,4047,125.07596016,25.18915968
1419,4048,132.09669288,26.00773056
1419,4049,139.09962528,24.04469664
1419,4050,145.69138248,23.12737056
1419,4051,151.91494128,22.07507904
1419,4052,158.1532524,22.63359456
1419,4053,164.36199792,21.6273888
1419,4054,170.19257808,20.8044288
1419,4055,175.89562992,20.2667616
1419,4056,181.47557304,20.2118976
1419,4057,187.164726,20.50926048
1419,4058,192.9594312,20.9470752
1419,4059,198.65769768,19.86954624
1419,4060,204.04247736,19.16838432
1419,4061,209.4500256,20.24810784
1419,4062,215.16316632,20.60582112
1419,4063,220.69071432,18.31799232
1419,4064,225.37981848,16.3823904
1419,4065,229.9508736,16.4592
1419,4066,234.5228736,16.4592
1419,4067,239.08929576,16.36263936
1419,4068,243.6383748,16.4537136
1419,4069,248.18215032,15.81619392
1419,4070,252.15521832,12.4376688
1419,4071,255.29182368,10.8246672
1419,4072,258.51362064,13.83011712
1419,4073,262.877808,16.2507168
1419,4074,267.37897248,16.21889568
1419,4075,271.95542256,17.99868384
1419,4076,277.5290868,20.14386624
1419,4077,282.9030156,19.20349728
1419,4078,288.24936,19.40868864
1419,4079,293.6911068,19.66106304
1419,4080,299.15306184,19.7126352
1419,4081,304.56274368,18.43869312
1419,4082,309.29531232,16.30228896
1419,4083,313.83128496,16.45042176
1419,4084,318.40355928,16.45810272
1419,4085,323.13222648,18.52976736
1419,4086,328.64621088,20.2338432
1419,4087,334.1607744,18.5330592
1419,4088,338.8900512,16.4646864
1419,4089,343.19013912,13.29244992
1419,4090,346.41778824,11.47645152
1419,4091,349.7848224,12.42559872
1419,4092,353.23634712,12.42340416
1419,4093,356.68750608,12.51338112
1419,4094,360.31941144,13.46033376
1419,4095,363.944154,12.60664992
1419,4096,367.45456608,14.23062432
1419,4097,371.95655352,16.72693632
1419,4098,376.985022,20.89879488
1419,4099,383.29657656,23.15151072
1419,4100,389.77272312,23.51361312
1419,4101,396.32607552,23.6134656
1419,4102,402.9285312,24.46166304
1419,4103,410.28192264,28.81676736
1419,4104,418.94598456,32.5562976
1419,4105,427.99171704,33.60090816
1419,4106,437.76205056,35.4750624
1419,4107,447.6000192,35.7548688
1419,4108,457.3491996,35.2665792
1419,4109,467.527386,38.77348608
1419,4110,478.71665496,38.72520576
1419,4111,489.2073528,38.36858976
1419,4112,499.87830936,38.36749248
1419,4113,506.2734096,38.4048
1423,4077,273.3920872,16.1227008
1423,4078,276.81774456,19.95184224
1423,4079,282.1181556,17.6771808
1423,4080,287.08109208,18.31799232
1423,4081,292.27585944,19.12778496
1423,4082,297.61028616,19.11681216
1423,4083,302.59730184,16.67536416
1423,4084,307.19950752,16.96724064
1423,4085,311.80360296,15.7843728
1423,4086,316.1062512,14.26793184
1423,4087,319.69514928,13.0631184
1423,4088,323.94323832,17.86152384
1423,4089,329.16534624,18.93246912
1423,4090,334.27592784,16.89482016
1423,4091,338.10650184,11.44353312
1423,4092,341.22530688,11.10886272
1423,4093,344.26212072,10.91464416
1423,4094,347.36535048,11.603736
1423,4095,350.66633448,11.9384064
1423,4096,353.98338144,11.9384064
1423,4097,357.29232072,11.70029664
1423,4098,360.38168208,10.725912
1423,4099,363.42349464,11.5159536
1423,4100,366.94890288,13.96069344
1423,4101,371.5415988,19.51293024
1423,4102,377.42826216,22.53374208
1423,4103,384.42964008,27.81714528
1423,4104,392.27214408,27.9422352
1423,4105,399.444972,24.39143712
1423,4106,407.10377304,31.42719648
1423,4107,416.19745056,32.94912384
1423,4108,425.91874176,37.67181696
1423,4109,436.56894144,37.95272064
1423,4110,446.62258656,36.11916576
1423,4111,457.16202192,38.49697152
1423,4112,467.90158896,39.06097344
1423,4113,478.56090216,34.948368
1423,4114,487.20948024,30.26956608
1423,4115,495.92916816,31.053024
1423,4116,500.4169824,28.6609536
1438,4034,32.2335144,20.29968
1438,4035,35.3266248,20.29968
1438,4036,40.96457136,20.32382016
1438,4037,46.64909136,20.58168096
1438,4038,52.35772104,20.10875328
1438,4039,57.7132704,19.14643872
1438,4040,63.19192848,21.01181472
1438,4041,69.56508312,23.8713264
1438,4042,76.20353568,24.02933472
1438,4043,82.87259016,23.88010464
1438,4044,89.3915916,22.6752912
1438,4045,96.05704944,26.13830688
1438,4046,103.13026872,24.12040896
1438,4047,109.7094072,23.39730144
1438,4048,116.25846192,23.69905344
1438,4049,122.43532536,21.65811264
1438,4050,128.72947584,23.07689568
1438,4051,135.25792608,23.08457664
1438,4052,141.40181016,21.53192544
1438,4053,147.23626128,20.4258672
1438,4054,152.68389072,18.88199424
1438,4055,157.81297368,18.60218784
1438,4056,162.93333936,17.24265792
1438,4057,167.51131344,16.4592
1438,4058,172.08325248,16.4592
1438,4059,176.65686792,16.42847616
1438,4060,181.06296528,15.40800576
1438,4061,185.48411976,15.92592192
1438,4062,189.57535872,14.42594016
1438,4063,193.71905376,14.48848512
1438,4064,197.41664352,12.66480576
1438,4065,200.8176324,11.34368064
1438,4066,203.85667128,10.95963264
1438,4067,206.90473224,10.9728
1438,4068,209.95273224,10.9728
1438,4069,213.04462344,12.27527136
1438,4070,217.18057656,16.52284224
1438,4071,221.763336,16.38129312
1438,4072,226.31960832,16.51186944
1438,4073,230.88856032,16.43615712
1438,4074,235.48762656,16.91896032
1438,4075,240.37954464,18.00307296
1438,4076,245.39448,18.10512
1438,4077,250.42368,18.10512
1438,4078,255.43678656,17.91199872
1438,4079,260.41423152,17.68925088
1438,4080,265.10839536,16.42518432
1438,4081,269.64765984,16.13879424
1438,4082,274.15394496,16.3384992
1438,4083,278.67034944,16.33740192
1438,4084,283.23283968,16.42518432
1438,4085,287.800542,16.46249184
1438,4086,292.37324304,16.4646864
1438,4087,296.7109128,14.48738784
1438,4088,300.66596712,14.26354272
1438,4089,304.6760988,14.80120992
1438,4090,308.85222456,15.0107904
1438,4091,312.89423832,13.96398528
1438,4092,316.71130968,13.71819456
1438,4093,320.4139896,12.60555264
1438,4094,324.07826472,14.64429888
1438,4095,328.3101384,15.2960832
1438,4096,332.55810552,15.30376416
1438,4097,336.63078216,13.90912128
1438,4098,340.52853408,14.18892768
1438,4099,344.4006828,13.52617056
1438,4100,347.7027336,7.7687424
1438,4101,350.33769912,14.7145248
1438,4102,354.75010584,15.81619392
1438,4103,358.5587952,11.33051328
1438,4104,361.70317296,13.24526688
1438,4105,366.2805984,19.48110912
1438,4106,372.20886696,21.9456
1438,4107,378.38112792,22.74880896
1438,4108,385.04283672,25.13758752
1438,4109,392.05381584,25.1057664
1438,4110,398.82467352,23.98873536
1438,4111,405.88759056,26.47626912
1438,4112,413.52237336,28.90564704
1438,4113,421.54345968,28.02892032
1438,4114,429.37642344,28.94185728
1438,4115,438.04731288,33.81378048
1438,4116,447.55859688,34.1473536
1438,4117,456.84438984,32.3862192
1438,4118,465.59976984,31.82989824
1438,4119,474.96810264,34.73220384
1438,4120,484.09442424,30.23993952
1438,4121,492.28860648,29.89868544
1438,4122,498.56721216,29.955744
1445,4036,20.116038,16.7115744
1445,4037,22.61847648,17.93723616
1445,4038,27.8520144,19.2024
1445,4039,33.15108432,18.6757056
1445,4040,38.2213104,18.10512
1445,4041,43.32768576,19.3560192
1445,4042,49.16929968,23.38632864
1445,4043,56.28781224,26.48943648
1445,4044,63.64623288,26.49272832
1445,4045,71.00440968,26.4883392
1445,4046,78.33049104,26.17232256
1445,4047,85.68059064,27.1137888
1445,4048,93.09899592,25.88044608
1445,4049,100.23884448,25.97481216
1445,4050,107.37841872,24.12260352
1445,4051,113.71457064,22.603968
1445,4052,119.80904664,20.53888704
1445,4053,125.08882272,17.18230752
1445,4054,129.3664164,15.00201216
1445,4055,133.95450984,18.57804768
1445,4056,139.32633552,19.22654016
1445,4057,144.56691432,18.63071712
1445,4058,149.71644936,18.11170368
1445,4059,154.70248968,17.28216
1445,4060,159.25900584,15.60112704
1445,4061,163.01837856,11.47315968
1445,4062,166.06573848,10.97060544
1445,4063,169.18935936,11.65750272
1445,4064,172.5573384,12.3498864
1445,4065,175.92565272,11.69919936
1445,4066,179.14549896,11.49071616
1445,4067,182.2999656,11.52582912
1445,4068,185.42407416,10.97060544
1445,4069,188.47783488,11.00132928
1445,4070,191.52833424,10.9728
1445,4071,194.6279064,12.29721696
1445,4072,198.54044112,15.68452032
1445,4073,203.24944872,16.72693632
1445,4074,207.84308952,18.4233312
1445,4075,213.69015936,22.32525888
1445,4076,219.85736064,21.9894912
1445,4077,225.92038128,21.84355296
1445,4078,231.78092328,18.92588544
1445,4079,236.5086456,16.4592
1445,4080,241.06366824,16.36154208
1445,4081,245.6255184,16.4592
1445,4082,250.19754888,16.46358912
1445,4083,254.76122784,16.66658592
1445,4084,259.58386488,17.82860544
1445,4085,264.52817808,17.42151456
1445,4086,269.17531128,16.18926912
1445,4087,273.6834252,16.44383808
1445,4088,278.23860024,15.91275456
1445,4089,282.19853136,12.8546352
1445,4090,285.82982712,13.38901056
1445,4091,289.5728016,13.6830816
1445,4092,293.44580376,14.1603984
1445,4093,297.35760696,13.64357952
1445,4094,301.07973312,13.743432
1445,4095,304.96440912,13.96179072
1445,4096,308.73396216,13.09823136
1445,4097,312.321702,12.91827744
1445,4098,316.15773192,15.14026944
1445,4099,320.46806112,14.7529296
1445,4100,324.16717488,12.13152768
1445,4101,327.398634,11.50936992
1445,4102,330.59549832,11.5104672
1445,4103,333.79278936,11.5104672
1445,4104,336.97441368,11.30417856
1445,4105,340.50143736,14.96799648
1445,4106,344.9570952,16.61720832
1445,4107,349.96334376,19.23422112
1445,4108,355.33129848,19.31651712
1445,4109,360.86198592,21.04473312
1445,4110,366.90836448,21.9456
1445,4111,373.15999536,24.41338272
1445,4112,380.63832432,29.26555488
1445,4113,389.42826864,32.79331008
1445,4114,398.48009712,31.66091712
1445,4115,407.2185912,32.45095872
1445,4116,416.36682792,32.973264
1445,4117,425.4524892,31.68834912
1445,4118,434.14413552,31.63019328
1445,4119,442.58791848,29.63094912
1445,4120,451.0296288,29.74287168
1445,4121,459.60916968,33.97617792
1445,4122,469.36566528,35.23695264
1445,4123,478.58114088,30.42647712
1445,4124,486.80434008,29.4894
1445,4125,494.41690296,24.5900448
1445,4126,498.920643,21.6383616
1453,4039,21.7555402666667,14.6096736
1453,4040,25.84710096,15.75474624
1453,4041,29.96528424,13.60736928
1453,4042,33.45868848,13.46691744
1453,4043,38.7021324,24.05457216
1453,4044,45.72765048,25.45470144
1453,4045,52.79556624,25.4349504
1453,4046,59.86171416,25.44153408
1453,4047,66.29543256,18.73825056
1453,4048,72.60646896,29.33468352
1453,4049,80.45641008,25.13758752
1453,4050,87.19541616,24.54505632
1453,4051,93.68253552,22.686264
1453,4052,100.23463824,24.31901664
1453,4053,106.79981688,22.43498688
1453,4054,112.96427496,22.192488
1453,4055,119.19469176,22.12006752
1453,4056,124.27759752,15.19513344
1453,4057,128.56122624,15.43982688
1453,4058,132.90395568,16.03564992
1453,4059,137.244582,15.3838656
1453,4060,142.09544352,20.47305024
1453,4061,147.81236376,18.78982272
1453,4062,152.38716792,15.45299424
1453,4063,156.71724816,15.31034784
1453,4064,160.84408776,13.89485664
1453,4065,164.1518688,9.9742752
1453,4066,166.78165272,9.2829888
1453,4067,169.57429128,11.24602272
1453,4068,172.87030704,12.34878912
1453,4069,176.32186224,12.5748288
1453,4070,179.81727816,12.12933312
1453,4071,183.00006072,11.38318272
1453,4072,186.18613512,11.1154464
1453,4073,189.24129792,10.9947456
1453,4074,192.29002944,10.96621632
1453,4075,195.77663664,15.73938432
1453,4076,200.72308344,18.2532528
1453,4077,205.79480304,18.29494944
1453,4078,210.87764784,18.29933856
1453,4079,215.95589016,17.87139936
1453,4080,220.7626776,17.03746656
1453,4081,225.3840552,16.39226592
1453,4082,229.95517128,16.46358912
1453,4083,234.51171792,16.45700544
1453,4084,239.09398968,16.36922304
1453,4085,243.6447756,16.4537136
1453,4086,248.21546496,16.65232128
1453,4087,253.33387992,19.44599616
1453,4088,258.62712816,19.35163008
1453,4089,264.0272088,18.9335664
1453,4090,268.867128,16.18707456
1453,4091,273.34460952,16.34179104
1453,4092,277.913592,16.4592
1453,4093,282.4799532,16.92883584
1453,4094,287.72141592,19.69288416
1453,4095,292.68307224,16.59636
1453,4096,297.13004328,14.50274976
1453,4097,300.5463636,11.00791296
1453,4098,303.59308344,10.9728
1453,4099,306.6411444,10.9728
1453,4100,309.68530392,10.85648832
1453,4101,312.69511248,10.93878432
1453,4102,315.74341728,10.9728
1453,4103,318.79129536,10.9728
1453,4104,321.83676552,10.89928224
1453,4105,324.82804224,10.68860448
1453,4106,327.7980744,10.6929936
1453,4107,330.76899048,10.73469024
1453,4108,333.78836976,10.96841088
1453,4109,337.111848,13.98702816
1453,4110,341.47365792,16.32094272
1453,4111,346.11771264,18.45954144
1453,4112,351.94241016,22.192488
1453,4113,358.09699272,22.03777152
1453,4114,364.72160736,26.51686848
1453,4115,372.3203628,27.432
1453,4116,380.0569488,29.7143424
1453,4117,389.12136552,34.06725216
1453,4118,398.50423728,33.2859888
1453,4119,407.68072896,33.33207456
1453,4120,416.97758616,33.36718752
1453,4121,426.15925944,32.65944192
1453,4122,435.18329016,31.93304256
1453,4123,443.79495696,29.92611744
1453,4124,452.05122696,30.62289024
1453,4125,460.73357688,31.34270592
1453,4126,469.1696484,28.13316192
1453,4127,476.42468088,25.36472448
1453,4128,483.3379716,23.04617184
1453,4129,489.34475664,22.5545904
1453,4130,495.96760344,23.57725536
1453,4131,499.9030896,23.262336
1456,4063,123.777756,25.4404368
1456,4064,128.16035328,21.28064832
1456,4065,134.23294464,22.2089472
1456,4066,140.05444176,20.47305024
1456,4067,143.8474136,22.0224096
1461,4120,432.242595,34.578036
1461,4121,440.65658376,32.71650048
1461,4122,449.56747272,32.30282592
1461,4123,458.79062928,33.52300128
1461,4124,467.53366488,28.58524128
1461,4125,475.19405088,27.432
1461,4126,483.00683688,29.57827968
1461,4127,491.4872568,30.72493728
1461,4128,499.98532464,30.33211104
1461,4129,508.3716528,30.1752
1461,4130,514.2392814,30.1752
1466,4044,22.1475517714286,26.3770436571429
1466,4045,27.6951948,22.12994304
1466,4046,33.64034928,21.01510656
1466,4047,39.55993104,21.44304576
1466,4048,45.33354408,20.12301792
1466,4049,50.98014696,20.94817248
1466,4050,56.9256672,21.39586272
1466,4051,62.91834,22.89145536
1466,4052,70.02941544,27.16426368
1466,4053,77.28246672,23.84060256
1466,4054,83.62876848,23.06811744
1466,4055,90.03651792,23.02203168
1466,4056,96.46709688,24.41777184
1466,4057,103.70902296,26.2743696
1466,4058,110.59695432,23.28647616
1466,4059,116.86797048,22.20126624
1466,4060,122.87088456,20.8538064
1466,4061,128.4291564,18.9719712
1466,4062,133.50749016,17.44565472
1466,4063,138.21485184,17.14170816
1466,4064,143.0933892,17.3534832
1466,4065,147.52219416,14.67831456
1466,4066,151.74532008,17.38420704
1466,4067,157.04597496,19.4822064
1466,4068,162.0981264,15.04700064
1466,4069,165.56114208,12.02728608
1466,4070,168.8093652,11.0112048
1466,4071,171.85608504,10.9728
1466,4072,174.904146,10.9728
1466,4073,177.7971552,8.51928192
1466,4074,179.55612552,5.48530272
1466,4075,181.080156,5.4864
1466,4076,182.61674424,6.0679584
1466,4077,184.96903824,10.66446432
1466,4078,188.06644632,11.85830496
1466,4079,191.92216632,15.87873888
1466,4080,196.4810904,16.4592
1466,4081,201.04888416,16.41091968
1466,4082,205.61042952,16.47127008
1466,4083,210.36872328,18.022824
1466,4084,215.44992216,18.31140864
1466,4085,220.38021456,16.8377616
1466,4086,224.92901928,16.35166656
1466,4087,229.49751408,16.4592
1466,4088,234.06914832,16.4592
1466,4089,238.91104872,19.37906208
1466,4090,244.68892896,20.21299488
1466,4091,249.84626688,17.364456
1466,4092,254.47422816,16.80374592
1466,4093,259.39190184,18.38712096
1466,4094,264.4860852,17.74740672
1466,4095,269.16287544,16.27705152
1466,4096,273.65806584,16.3110672
1466,4097,278.2196112,16.4592
1466,4098,282.7916112,16.4592
1466,4099,287.3636112,16.4592
1466,4100,291.93167928,16.18597728
1466,4101,296.02398504,12.61762272
1466,4102,299.1747636,10.9728
1466,4103,302.2227636,10.9728
1466,4104,305.27085504,10.9728
1466,4105,308.318916,10.9728
1466,4106,311.33616168,10.67763168
1466,4107,314.10740328,9.05365728
1466,4108,316.67570904,10.28590272
1466,4109,319.70444568,10.97170272
1466,4110,322.873116,12.57263424
1466,4111,326.64903936,13.8860784
1466,4112,330.50625288,13.88498112
1466,4113,334.43485056,15.04480608
1466,4114,338.90443776,16.9200576
1466,4115,344.27635488,21.79527264
1466,4116,350.70931128,24.13577088
1466,4117,357.48123576,25.14087936
1466,4118,364.87047168,28.25276544
1466,4119,373.4597052,32.86463328
1466,4120,382.820418,35.36313984
1466,4121,392.90850552,35.67915648
1466,4122,402.33347016,32.59799424
1466,4123,411.13661232,31.06180224
1466,4124,419.6245608,29.8844208
1466,4125,427.68161352,28.03440672
1466,4126,435.27972888,26.59696992
1466,4127,442.39894248,24.51542976
1466,4128,449.0491908,23.8603536
1466,4129,455.52030816,22.39219296
1466,4130,461.85173568,23.41705248
1466,4131,468.47888016,25.90787808
1466,4132,476.27767584,28.74544416
1466,4133,484.00551408,25.88593248
1466,4134,491.24469696,27.74362752
1466,4135,497.807023542857,26.8708196571429
1480,4048,22.6390538666667,23.9341152
1480,4049,28.43412144,20.66617152
1480,4050,33.71246496,19.23202656
1480,4051,39.89380896,23.8713264
1480,4052,46.45862184,22.77294912
1480,4053,52.50603672,21.39586272
1480,4054,58.44960624,21.39696
1480,4055,64.56968544,24.95434176
1480,4056,72.92894736,32.99082048
1480,4057,81.63903408,26.44225344
1480,4058,87.6114072,19.83662784
1480,4059,93.0360852,18.62193888
1480,4060,98.04641808,18.52867008
1480,4061,103.44662064,18.90723168
1480,4062,108.10695168,15.34655808
1480,4063,112.31633112,15.62416992
1480,4064,116.81591064,16.4207952
1480,4065,122.22166056,23.85047808
1480,4066,128.31915408,16.18268544
1480,4067,132.05441712,13.27599072
1480,4068,135.48128352,10.91903328
1480,4069,139.26958176,17.40724992
1480,4070,144.07649112,16.17061536
1480,4071,148.49225064,16.14537792
1480,4072,152.73851088,14.2975584
1480,4073,156.9756576,15.91056
1480,4074,161.19969792,14.10663168
1480,4075,164.6906028,11.32283232
1480,4076,167.60116848,9.56060064
1480,4077,170.00101128,7.99258752
1480,4078,172.11638424,7.53502176
1480,4079,174.13717776,6.45420096
1480,4080,175.92604896,7.53941088
1480,4081,178.37496456,9.07011648
1480,4082,181.01090544,10.96292448
1480,4083,185.31861336,20.14167168
1480,4084,191.17113912,20.84063904
1480,4085,196.33637136,16.53271776
1480,4086,200.89776432,16.41640608
1480,4087,205.02085488,12.21162912
1480,4088,208.89550296,17.3479968
1480,4089,214.09749408,19.55462688
1480,4090,219.47837232,18.81944928
1480,4091,225.00817584,21.61861056
1480,4092,231.08308368,21.53412
1480,4093,236.96084688,20.82527712
1480,4094,242.24738952,17.06599584
1480,4095,246.843804,16.4592
1480,4096,251.41562112,16.45590816
1480,4097,256.0973796,17.73094752
1480,4098,261.22317072,18.70094304
1480,4099,266.26712304,17.1395136
1480,4100,270.82019496,16.17280992
1480,4101,275.33507544,16.32972096
1480,4102,279.89610264,16.4592
1480,4103,284.50053336,17.28435456
1480,4104,289.3254564,15.48042624
1480,4105,293.111682,13.16845728
1480,4106,296.67671424,11.95157376
1480,4107,299.62781832,8.63449632
1480,4108,301.88650824,8.93295648
1480,4109,304.35791808,8.77604544
1480,4110,306.80341992,8.9812368
1480,4111,309.40607664,9.55401696
1480,4112,312.04192608,9.76469472
1480,4113,314.92472448,10.69957728
1480,4114,317.89859712,10.76541408
1480,4115,321.03907344,13.25075328
1480,4116,325.88216256,20.33918208
1480,4117,331.57616184,20.54327616
1480,4118,337.45060272,21.86988768
1480,4119,343.70409288,23.64857856
1480,4120,350.77783032,26.64086112
1480,4121,358.27597128,28.33506144
1480,4122,366.85709712,32.04496512
1480,4123,375.75049056,32.66492832
1480,4124,385.22553384,35.7548688
1480,4125,395.07852912,33.7468464
1480,4126,404.07707856,31.52156256
1480,4127,412.52077008,28.78494624
1480,4128,420.34123704,28.48758336
1480,4129,428.2237308,27.5746464
1480,4130,435.45093504,24.10943616
1480,4131,442.36715184,27.5527008
1480,4132,450.27034152,28.4853888
1480,4133,457.96590144,26.89543008
1480,4134,465.47559432,27.29264544
1480,4135,472.90442376,26.032968
1480,4136,480.24202656,26.91518112
1480,4137,487.70212848,26.70669792
1480,4138,494.8007376,24.24659616
1480,4139,499.3738806,22.7466144
1485,4051,20.8230216,24.2059968
1485,4052,24.52990776,23.77586304
1485,4053,30.962346,23.04068544
1485,4054,37.09464768,22.000464
1485,4055,43.67613312,23.58932544
1485,4056,48.57844488,10.6491024
1485,4057,52.81653648,24.67014624
1485,4058,60.72121968,29.434536
1485,4059,68.70493752,26.526744
1485,4060,75.38590968,21.71187936
1485,4061,80.73767952,18.73166688
1485,4062,86.56423632,23.75940384
1485,4063,93.08006784,20.8702656
1485,4064,98.36161176,18.37724544
1485,4065,103.6208748,20.96024256
1485,4066,109.65106848,18.81506016
1485,4067,114.09739944,15.80192928
1485,4068,118.43098488,14.64978528
1485,4069,122.40225456,14.17576032
1485,4070,126.19341792,12.84695424
1485,4071,129.66134088,12.89742912
1485,4072,133.58731728,14.182344
1485,4073,137.25320784,12.9808224
1485,4074,140.86018056,12.98301696
1485,4075,144.31316832,10.9289088
1485,4076,146.99129352,9.31480992
1485,4077,149.67411264,11.23285536
1485,4078,153.1171944,11.70578304
1485,4079,156.04321344,9.92160576
1485,4080,158.99882856,11.47096512
1485,4081,162.1571052,10.10814336
1485,4082,163.96051536,3.49264224
1485,4083,164.4024144,0.05596128
1485,4084,164.4940068,1.82258208
1485,4085,165.92385408,9.08986752
1485,4086,169.89158808,18.66034368
1485,4087,176.29696008,25.76193984
1485,4088,182.14783992,16.59745728
1485,4089,186.58283232,16.075152
1485,4090,191.14712088,16.46029728
1485,4091,195.7238148,16.925544
1485,4092,201.12356016,21.70529568
1485,4093,207.21849336,22.2912432
1485,4094,213.70881312,24.16320288
1485,4095,220.2821604,22.60835712
1485,4096,226.5163872,23.0483664
1485,4097,232.98908952,23.31829728
1485,4098,239.58477864,24.45507936
1485,4099,244.0616912,24.9667776
1486,4049,13.0850978666667,25.7043936
1486,4050,19.83991968,25.6324608
1486,4051,27.43876656,29.66606208
1486,4052,35.87410656,30.29370624
1486,4053,43.11460008,18.61096608
1486,4054,47.82409536,20.49938496
1486,4055,54.12991968,23.02751808
1486,4056,60.28230768,20.96463168
1486,4057,66.00709176,20.36441952
1486,4058,71.39811984,20.18666016
1486,4059,77.61963648,23.21076384
1486,4060,84.10288488,23.19759648
1486,4061,90.4187676,21.85672032
1486,4062,95.96472552,18.50123808
1486,4063,101.06393808,18.50123808
1486,4064,106.62220992,19.9924416
1486,4065,111.36611712,15.54077664
1486,4066,115.6946124,15.74487072
1486,4067,120.13969368,17.37652608
1486,4068,125.7213132,21.05790048
1486,4069,131.35560216,20.13837984
1486,4070,136.43058312,15.71195232
1486,4071,140.46034392,13.84877088
1486,4072,144.20526912,12.673584
1486,4073,147.49250664,11.19993696
1486,4074,150.10586184,7.37811072
1486,4075,153.0821424,15.42556224
1486,4076,157.1690532,10.78406784
1486,4077,159.21770544,6.30936
1486,4078,161.10237528,8.27568576
1486,4079,163.70878104,8.5642704
1486,4080,165.53160696,5.4809136
1486,4081,166.9750788,4.66014816
1486,4082,168.27928752,5.21646912
1486,4083,169.85775528,6.775704
1486,4084,173.014386,16.99906176
1486,4085,178.38703464,19.75872096
1486,4086,183.52599312,16.82569152
1486,4087,188.09409168,16.4921184
1486,4088,192.67560144,16.59965184
1486,4089,197.35034952,18.18302688
1486,4090,202.38357288,15.5319984
1486,4091,206.58655152,16.93432224
1486,4092,212.58922176,25.77071808
1486,4093,219.8935404,25.7531616
1486,4094,226.25861784,21.20383872
1486,4095,232.3158168,21.9456
1486,4096,238.40654376,21.88415232
1486,4097,244.38248304,20.903184
1486,4098,250.1068404,20.56412448
1486,4099,255.6232632,18.87102144
1486,4100,260.79812712,18.66583008
1486,4101,265.99703976,18.7250832
1486,4102,270.8233344,16.0093152
1486,4103,275.3224872,16.46358912
1486,4104,279.89610264,16.41860064
1486,4105,284.31100872,15.03493056
1486,4106,288.11140752,12.16444608
1486,4107,291.2487444,10.9728
1486,4108,294.24712296,9.60339456
1486,4109,296.20244544,5.48420544
1486,4110,297.7258968,5.4864
1486,4111,299.2498968,5.4864
1486,4112,300.83153448,6.61879296
1486,4113,303.27648768,10.13447808
1486,4114,305.95421664,9.36967392
1486,4115,308.58153168,9.4585536
1486,4116,311.18763264,9.5353632
1486,4117,314.06506656,10.95524352
1486,4118,317.35733328,13.99470912
1486,4119,321.82454304,17.77154688
1486,4120,327.22386168,20.23823232
1486,4121,332.81206488,19.29347424
1486,4122,337.8333096,18.91820448
1486,4123,343.66766928,21.91487616
1486,4124,350.19861888,25.210008
1486,4125,357.28933368,25.7915664
1486,4126,364.69743672,27.37933056
1486,4127,372.3730932,29.24360928
1486,4128,382.13909856,38.58475392
1486,4129,391.80290448,31.96486368
1486,4130,400.65194952,31.61592864
1486,4131,409.0547064,28.89906336
1486,4132,416.65462008,26.53442496
1486,4133,423.8759112,24.13577088
1486,4134,430.43965728,24.82925184
1486,4135,437.77284048,26.9766288
1486,4136,445.33590384,29.15363232
1486,4137,454.18363824,32.98313952
1486,4138,463.34412792,32.98752864
1486,4139,472.28616744,30.63715488
1486,4140,480.61110888,30.04681824
1486,4141,488.98817112,30.14667072
1486,4142,496.63157976,24.31243296
1486,4143,500.4218592,22.5600768
1504,4126,386.141840533333,41.0772864
1504,4127,396.88209168,38.56280832
1504,4128,406.41961896,30.68214336
1504,4129,414.1943964,25.86179232
1504,4130,420.99085728,22.57434144
1504,4131,427.37126616,24.42435552
1504,4132,434.19147096,24.79084704
1504,4133,441.49393032,27.60317568
1504,4134,449.16467952,26.91957024
1504,4135,456.58890648,27.95430528
1504,4136,464.5961244,28.9078416
1504,4137,470.68151736,15.17099328
1504,4138,477.28802688,32.177736
1504,4139,486.23607096,32.16895776
1504,4140,494.53979832,26.18987904
1504,4141,499.0600128,24.2169696
1509,4134,419.9418576,25.25280192
1509,4135,427.4565492,28.25057088
1509,4136,435.23004648,26.77692384
1509,4137,442.58355984,27.50003136
1509,4138,450.3331608,27.89505216
1509,4139,458.39301768,31.88915136
1509,4140,467.92551576,35.02956672
1509,4141,477.34258608,31.58191296
1509,4142,485.7024576,29.78237376
1509,4143,493.67355672,25.6928112
1509,4144,498.48412368,21.43426752
1511,4057,34.8089728,24.6010176
1511,4058,39.21910368,24.03262656
1511,4059,45.78089904,23.2403904
1511,4060,52.11848352,22.6533456
1511,4061,58.47124704,23.42363616
1511,4062,65.27511456,25.62916896
1511,4063,72.54870936,26.3018016
1511,4064,79.867506,25.54906752
1511,4065,86.0226372,20.05608384
1511,4066,91.8242004,21.10837536
1511,4067,97.60451904,20.87904384
1511,4068,103.26602664,19.19032992
1511,4069,108.36091104,17.23387968
1511,4070,112.81050336,15.64062912
1511,4071,117.00564864,14.49177696
1511,4072,120.69476496,11.69261568
1511,4073,123.96971904,12.3444
1511,4074,127.34754312,11.4336576
1511,4075,130.50204024,12.19187808
1511,4076,134.02174872,12.65822208
1511,4077,137.4393492,11.51814816
1511,4078,140.50158336,10.9728
1511,4079,143.54973576,10.95963264
1511,4080,146.55472848,10.2924864
1511,4081,148.98657528,7.36384608
1511,4082,150.77291664,5.61478176
1511,4083,152.3727204,6.03723456
1511,4084,153.97279848,5.48420544
1511,4085,155.496768,5.4864
1511,4086,156.95992992,4.92788448
1511,4087,158.4839604,6.04491552
1511,4088,160.19199864,7.12793088
1511,4089,162.53173488,9.52219584
1511,4090,165.4533648,11.01778848
1511,4091,168.843198,13.48666848
1511,4092,172.73756664,14.71781664
1511,4093,177.11345832,16.47127008
1511,4094,181.6842696,16.32313728
1511,4095,186.25166712,16.62159744
1511,4096,190.90005,17.46430848
1511,4097,196.27193664,21.18189312
1511,4098,202.21754832,21.3859872
1511,4099,208.27724664,21.9456
1511,4100,214.37321616,21.9456
1511,4101,220.49972664,22.84098048
1511,4102,227.36991864,25.98249312
1511,4103,234.26108088,22.8837744
1511,4104,240.3735096,21.84465024
1511,4105,246.45536688,21.9456
1511,4106,252.5517936,21.9017088
1511,4107,258.59905608,21.79856448
1511,4108,264.69008784,21.94779456
1511,4109,270.43178832,18.81725472
1511,4110,275.5276176,18.44856864
1511,4111,280.50155736,16.53710688
1511,4112,284.26254552,11.16592128
1511,4113,287.3085948,10.9124496
1511,4114,290.3229144,10.90586592
1511,4115,293.37018288,10.9728
1511,4116,296.41824384,10.9728
1511,4117,299.4663048,10.9728
1511,4118,302.5143048,10.9728
1511,4119,305.5623048,10.9728
1511,4120,308.68415784,12.07008
1511,4121,312.61007328,16.01699616
1511,4122,317.17506288,16.4592
1511,4123,321.83304696,18.21923712
1511,4124,327.51442752,21.5450928
1511,4125,333.50002896,21.6383616
1511,4126,339.563202,21.87208224
1511,4127,345.74616144,23.79341952
1511,4128,352.7916744,25.91336448
1511,4129,360.1385736,27.05453568
1511,4130,367.72300344,27.432
1511,4131,375.34257672,27.42761088
1511,4132,383.34997752,31.20005952
1511,4133,392.31701064,31.97144736
1511,4134,400.6498464,28.14852384
1511,4135,408.3292824,27.432
1511,4136,415.95848736,27.48905856
1511,4137,423.58074288,27.15987456
1511,4138,430.84452312,25.4184912
1511,4139,437.93225088,25.00810848
1511,4140,444.46432824,23.00337792
1511,4141,450.9781176,23.39071776
1511,4142,457.6558284,25.06077792
1511,4143,464.94673584,27.51319872
1511,4144,473.04737496,30.41989344
1511,4145,481.31598936,28.20119328
1511,4146,488.91221496,27.432
1511,4147,496.38853224,26.2633968
1511,4148,500.4078384,25.9396992
1518,4069,21.4409382857143,18.4828978285714
1518,4070,26.05335912,19.5151248
1518,4071,31.13492376,17.61244128
1518,4072,36.6532668,23.2019856
1518,4073,43.1234088,21.64165344
1518,4074,48.2489256,14.11540992
1518,4075,52.30044912,17.81763264
1518,4076,57.53057328,19.0597536
1518,4077,60.7606608,21.5012016
1519,4060,23.79494352,25.5446784
1519,4061,28.8171636,23.72648544
1519,4062,35.43516408,23.70234528
1519,4063,41.75004096,22.63359456
1519,4064,47.89800936,21.5999568
1519,4065,54.10553568,22.62262176
1519,4066,60.35448432,22.41084672
1519,4067,66.4398468,21.4463376
1519,4068,72.3872568,21.4079328
1519,4069,78.35807544,21.57910848
1519,4070,84.31584864,20.68482528
1519,4071,89.05765272,13.76866944
1519,4072,92.77743192,13.25185056
1519,4073,96.5237592,13.12127424
1519,4074,99.76091808,10.92013056
1519,4075,102.80230392,10.91903328
1519,4076,105.84146472,10.96950816
1519,4077,108.8710548,10.81808352
1519,4078,111.8686104,10.7862624
1519,4079,114.86467248,10.81149984
1519,4080,118.0921692,12.52325664
1519,4081,121.60279464,12.5693424
1519,4082,124.77737808,10.19592576
1519,4083,127.28015184,7.52404896
1519,4084,129.1906992,6.91725312
1519,4085,130.96042896,5.5302912
1519,4086,132.66035952,6.63634944
1519,4087,134.49016536,6.31265184
1519,4088,136.08780504,5.93738208
1519,4089,137.99265264,7.84664928
1519,4090,140.163042,7.53502176
1519,4091,142.48449024,9.39600864
1519,4092,145.36741056,10.97609184
1519,4093,148.8403932,14.53457088
1519,4094,153.20448912,16.28144064
1519,4095,157.77359352,16.5579552
1519,4096,162.15158832,15.1918416
1519,4097,166.3863576,15.4935936
1519,4098,170.86755768,16.46139456
1519,4099,175.43949672,16.46029728
1519,4100,180.01420944,16.47127008
1519,4101,184.58617896,16.4592
1519,4102,189.59666424,20.601432
1519,4103,195.64417056,22.01033952
1519,4104,201.8120424,22.33952352
1519,4105,208.02520752,22.3954848
1519,4106,214.2449868,22.3954848
1519,4107,220.53429096,22.85414784
1519,4108,226.72572384,21.73492224
1519,4109,233.00417712,24.89947776
1519,4110,240.4228872,26.38300032
1519,4111,247.07048376,22.0717872
1519,4112,253.13405304,20.81320704
1519,4113,257.99957544,15.14904768
1519,4114,262.21910472,15.2192736
1519,4115,266.42534472,14.43252384
1519,4116,269.8476696,10.70286912
1519,4117,272.83848912,10.91464416
1519,4118,275.83735536,10.36490688
1519,4119,278.50021008,9.25116768
1519,4120,281.09192448,9.4804992
1519,4121,283.97243688,11.1757968
1519,4122,287.09368032,11.21639616
1519,4123,290.43663528,13.99909824
1519,4124,294.82505424,16.46578368
1519,4125,299.3971152,16.4592
1519,4126,303.9691152,16.4592
1519,4127,308.54007888,16.37470944
1519,4128,313.30035384,19.39661856
1519,4129,319.23804072,22.09812192
1519,4130,325.91413608,26.17451712
1519,4131,333.30389016,26.86470624
1519,4132,340.86040032,27.28276992
1519,4133,348.42047664,27.13683168
1519,4134,355.94202624,27.11598336
1519,4135,363.51996384,27.78751872
1519,4136,371.24118792,27.432
1519,4137,378.86618664,27.69973632
1519,4138,386.79891144,29.22166368
1519,4139,394.76120184,26.59038624
1519,4140,401.48694912,22.90462272
1519,4141,407.6587224,21.9456
1519,4142,413.75749608,21.9894912
1519,4143,420.00638376,23.3281728
1519,4144,426.32241888,21.67018272
1519,4145,432.30076608,21.5286336
1519,4146,438.48424368,22.86512064
1519,4147,444.89208456,23.24258496
1519,4148,451.55988936,24.49238688
1519,4149,458.35327176,25.14087936
1519,4150,465.52036944,27.19389024
1519,4151,473.8148004,31.4260992
1519,4152,482.38711752,30.19495104
1519,4153,490.73187096,30.03804
1519,4154,497.7664416,29.2409444571429
1532,4065,31.2627264,17.9515008
1532,4066,34.77618648,23.89985568
1532,4067,42.77209632,30.74359104
1532,4068,50.63218728,22.79489472
1532,4069,56.39885088,20.37429504
1532,4070,61.77552288,20.7221328
1532,4071,68.06440032,23.56518528
1532,4072,74.60994984,23.64418944
1532,4073,80.67632328,17.89773408
1532,4074,84.7913976,13.16297088
1532,4075,88.45710528,13.77196128
1532,4076,91.64860512,8.68936032
1532,4077,93.7775112,8.19558432
1532,4078,96.37279176,9.40807872
1532,4079,99.05213616,9.83601792
1532,4080,101.84318976,11.6092224
1532,4081,105.26027208,12.01082688
1532,4082,108.50172864,11.52582912
1532,4083,111.85346184,12.38390208
1532,4084,115.40432088,13.14212256
1532,4085,118.78077336,9.84369888
1532,4086,120.9275712,6.19634016
1532,4087,122.74832448,6.90628032
1532,4088,124.07606376,4.03469856
1532,4089,125.40563184,4.62284064
1532,4090,126.56704176,4.11589728
1532,4091,127.80958944,4.27280832
1532,4092,129.12419184,5.76181728
1532,4093,131.08859736,9.0086688
1532,4094,133.90668672,10.01597184
1532,4095,136.69420464,10.69957728
1532,4096,139.80090912,12.24125568
1532,4097,143.79034488,15.9325056
1532,4098,148.21061544,15.93908928
1532,4099,152.753568,16.4592
1532,4100,157.325568,16.4592
1532,4101,161.89442856,16.18707456
1532,4102,165.850824,13.34950848
1532,4103,170.20742184,18.1106064
1532,4104,175.7159808,21.13251552
1532,4105,181.76571216,21.95218368
1532,4106,187.98765552,23.0648256
1532,4107,194.7873168,25.37679456
1532,4108,201.58152216,23.40827424
1532,4109,207.91224864,22.49643456
1532,4110,214.29613224,23.69246976
1532,4111,221.17973544,25.98249312
1532,4112,228.43656624,25.7367024
1532,4113,235.35412416,23.72758272
1532,4114,241.58835096,21.8468448
1532,4115,247.78341096,22.50192096
1532,4116,253.60179912,18.13584384
1532,4117,257.52573336,10.83125088
1532,4118,259.74196464,5.67952128
1532,4119,261.2645016,5.4864
1532,4120,262.94401056,7.95308544
1532,4121,265.76011872,11.00791296
1532,4122,268.86950544,11.23395264
1532,4123,271.95761712,11.24602272
1532,4124,275.10888336,11.38537728
1532,4125,278.85560688,15.97200768
1532,4126,283.41224496,16.32972096
1532,4127,287.9591904,16.46249184
1532,4128,292.5314952,16.4592
1532,4129,297.10355616,16.45700544
1532,4130,301.84307424,18.92369088
1532,4131,307.69435032,21.86659584
1532,4132,314.07259512,25.43933952
1532,4133,321.66193224,28.80579456
1532,4134,330.1488444,31.08155328
1532,4135,338.26859448,27.5252688
1532,4136,345.85012872,27.31898016
1532,4137,353.46653208,27.432
1532,4138,361.04593272,27.18620928
1532,4139,368.638836,27.432
1532,4140,376.25843976,27.44077824
1532,4141,384.01849536,28.65766176
1532,4142,392.0357412,28.48758336
1532,4143,399.47587872,25.47225792
1532,4144,406.29772944,23.22063936
1532,4145,412.54865928,22.6149408
1532,4146,418.9657356,22.96826496
1532,4147,425.27488224,22.50082368
1532,4148,431.44616784,22.21553088
1532,4149,437.7153552,23.04068544
1532,4150,444.51157224,26.21182464
1532,4151,451.96274352,26.96236416
1532,4152,459.58630968,27.57135456
1532,4153,467.35797816,29.42136864
1532,4154,475.82361528,30.74468832
1532,4155,484.0929612,28.16388576
1532,4156,491.65203168,26.25681312
1532,4157,497.807981485714,27.0354116571429
1536,4068,23.30351448,26.13940416
1536,4069,30.24908352,23.5805472
1536,4070,36.72958872,23.29635168
1536,4071,43.15416312,22.32086976
1536,4072,48.89501016,19.88710272
1536,4073,54.43151928,19.93648032
1536,4074,59.95178256,19.07292096
1536,4075,64.08224928,11.5598448
1536,4076,67.36793232,11.9384064
1536,4077,70.68476592,11.9384064
1536,4078,74.00163,11.9384064
1536,4079,77.3314176,12.09312288
1536,4080,80.67790824,11.9384064
1536,4081,83.9943456,11.9384064
1536,4082,87.3111792,11.79685728
1536,4083,90.63240192,12.99398976
1536,4084,94.41685968,13.81804704
1536,4085,97.90864848,10.35173952
1536,4086,100.3846608,7.93991808
1536,4087,102.46879176,5.97139776
1536,4088,103.58408544,3.84486912
1536,4089,104.67209952,3.65613696
1536,4090,105.59143728,3.23368416
1536,4091,106.69514856,4.32657504
1536,4092,107.8614048,4.2958512
1536,4093,109.15704864,5.0694336
1536,4094,110.90550336,8.23947552
1536,4095,113.55229512,10.1059488
1536,4096,116.28571104,9.41685696
1536,4097,119.04427296,10.57887648
1536,4098,122.11031712,11.88244512
1536,4099,125.81897112,14.37656256
1536,4100,130.04081688,16.41969792
1536,4101,134.7814932,16.788384
1536,4102,139.35794328,16.45700544
1536,4103,144.0070272,17.227296
1536,4104,149.08859184,19.47562272
1536,4105,154.63369632,20.0747376
1536,4106,160.44766488,21.85672032
1536,4107,166.59642576,23.04068544
1536,4108,173.55065112,26.56295424
1536,4109,181.07951592,27.45065376
1536,4110,188.6771436,26.8230096
1536,4111,195.75158208,24.23013696
1536,4112,202.4004588,24.12699264
1536,4113,209.32972104,25.84204128
1536,4114,216.55942464,25.38776736
1536,4115,223.04041752,21.82819104
1536,4116,229.11596544,21.94779456
1536,4117,234.98168904,18.87650784
1536,4118,239.14675056,11.30308128
1536,4119,241.35807456,5.6564784
1536,4120,242.8807944,5.4864
1536,4121,244.4047944,5.4864
1536,4122,246.02364816,7.39895904
1536,4123,248.74822488,10.98048096
1536,4124,251.79613344,10.9728
1536,4125,254.84218272,10.87623936
1536,4126,258.18846,14.209776
1536,4127,262.42764888,15.3948384
1536,4128,266.76358128,16.09929216
1536,4129,271.35249768,16.73242272
1536,4130,276.06973488,16.87287456
1536,4131,280.65660912,16.4592
1536,4132,285.23342496,16.92664128
1536,4133,290.63652312,21.8797632
1536,4134,297.2993292,26.4773664
1536,4135,305.19581328,30.45720096
1536,4136,313.93452072,31.52924352
1536,4137,322.20813384,27.72716832
1536,4138,329.75537808,26.35556832
1536,4139,336.38221776,21.99388032
1536,4140,342.45703416,21.80624544
1536,4141,348.483174,21.46169952
1536,4142,354.40684008,21.31576128
1536,4143,359.96566056,18.01843488
1536,4144,364.69841208,16.60074912
1536,4145,369.30089208,17.52575616
1536,4146,374.62202952,19.93318848
1536,4147,380.1319296,18.7250832
1536,4148,384.23258688,15.90068448
1536,4149,390.31968672,23.51909952
1536,4150,395.9973792,17.11317888
1536,4151,400.56279552,16.4098224
1536,4152,405.46653984,18.89077248
1536,4153,410.73366672,18.85785408
1536,4154,415.7828616,17.75728224
1536,4155,420.7463772,18.24118272
1536,4156,425.7211704,17.37762336
1536,4157,430.51073664,17.05282848
1536,4158,435.43045248,18.6482736
1536,4159,441.05620704,22.04545248
1536,4160,447.66896496,25.64782272
1536,4161,455.52658704,31.40634816
1536,4162,464.76470928,34.28231904
1536,4163,474.49965552,34.66526976
1536,4164,482.61675384,23.66503776
1536,4165,488.84119656,22.05093888
1536,4166,494.62770264,18.3739536
1536,4167,498.5677608,15.8509933714286
1541,4139,348.31635696,26.46858816
1541,4140,353.5559604,24.39143712
1541,4141,360.24644232,23.96788704
1541,4142,366.73066608,22.02131232
1541,4143,372.59660304,20.71006272
1541,4144,378.17127312,19.22544288
1541,4145,383.57348736,20.43793728
1541,4146,389.35785984,20.30297184
1541,4147,394.60669872,18.0667152
1541,4148,399.63492336,18.10512
1541,4149,404.66354424,18.03708864
1541,4150,409.56734952,17.30739744
1541,4151,414.370266,17.23607424
1541,4152,419.381178,18.78762816
1541,4153,424.3325016,16.98479712
1541,4154,429.04629456,16.63695936
1541,4155,433.58022504,16.96504608
1541,4156,438.61622208,19.46684448
1541,4157,444.46801632,22.17932064
1541,4158,450.75765576,22.7795328
1541,4159,455.186034,22.795992
1542,4071,19.0179089142857,26.554176
1542,4072,25.2537468,26.34349824
1542,4073,31.88488416,19.40210496
1542,4074,37.24247568,21.9894912
1542,4075,43.44692352,20.78687232
1542,4076,48.48685248,15.97749408
1542,4077,53.09131368,17.8692048
1542,4078,57.90791568,16.5908736
1542,4079,62.48113488,16.46358912
1542,4080,67.0503612,16.02796896
1542,4081,71.26854936,15.61209984
1542,4082,75.89776032,16.92883584
1542,4083,80.62334904,16.7719248
1542,4084,84.70230456,12.46619808
1542,4085,88.05760392,12.07008
1542,4086,91.41046488,12.0042432
1542,4087,94.16177256,6.45420096
1542,4088,95.4548256,4.279392
1542,4089,96.64348464,4.279392
1542,4090,97.8322656,4.279392
1542,4091,99.02180856,4.2739056
1542,4092,100.1888268,4.5976032
1542,4093,101.46017808,4.00946112
1542,4094,102.79206264,5.733288
1542,4095,104.40896568,5.8485024
1542,4096,106.09822824,7.7303376
1542,4097,109.70578008,17.0133264
1542,4098,114.48205704,17.24046336
1542,4099,119.2665636,15.99505056
1542,4100,122.93157024,11.61800064
1542,4101,126.28089552,12.49582464
1542,4102,129.92758368,14.37765984
1542,4103,134.32569528,16.55027424
1542,4104,138.90046896,16.4592
1542,4105,143.47045728,16.41640608
1542,4106,148.22887296,18.39699648
1542,4107,153.63111768,20.0034144
1542,4108,159.19502832,20.0089008
1542,4109,164.67191856,19.43502336
1542,4110,170.07678456,19.8278496
1542,4111,176.515776,26.78241024
1542,4112,184.12928376,27.31349376
1542,4113,191.32567272,24.42655008
1542,4114,198.19306056,25.10905824
1542,4115,205.15213224,25.1386848
1542,4116,212.14174488,25.12551744
1542,4117,219.12251832,25.13539296
1542,4118,226.0683312,24.35303232
1542,4119,231.13983744,11.52582912
1542,4120,233.97365448,10.0620576
1542,4121,236.76912768,9.95671872
1542,4122,239.14918896,7.02917568
1542,4123,241.00761552,6.67255968
1542,4124,242.88024576,6.86019456
1542,4125,245.24899896,10.51084512
1542,4126,248.53690704,13.47789024
1542,4127,252.78554472,16.42957344
1542,4128,257.40963504,17.00454816
1542,4129,262.20432192,17.29532736
1542,4130,266.9031492,16.51625856
1542,4131,271.63830864,17.9734464
1542,4132,276.74754912,18.4672224
1542,4133,281.87666256,18.57256128
1542,4134,287.44185336,21.65591808
1542,4135,293.5362684,21.93901632
1542,4136,299.87616936,24.96750912
1542,4137,307.32761496,27.3551904
1542,4138,314.90607072,27.35409312
1542,4139,322.56752352,27.99819648
1542,4140,330.38168112,26.828496
1542,4141,336.99431712,21.9510864
1542,4142,343.066878,21.78539712
1542,4143,348.8547252,19.49208192
1542,4144,354.15126528,18.9116208
1542,4145,359.164128,17.06599584
1542,4146,363.78648096,16.45261632
1542,4147,368.32989072,15.81838848
1542,4148,372.5030904,14.77268064
1542,4149,376.66486008,15.50237184
1542,4150,381.22878288,17.54221536
1542,4151,386.3762148,18.94892832
1542,4152,391.6331004,18.86663232
1542,4153,396.69747432,17.19547488
1542,4154,401.47091664,17.56416096
1542,4155,406.37097288,18.03489408
1542,4156,411.54867144,18.93246912
1542,4157,416.81579832,18.63620352
1542,4158,421.74188448,16.14757248
1542,4159,426.46284024,19.6906896
1542,4160,432.1809492,20.6617824
1542,4161,437.9195712,20.40831072
1542,4162,443.54986728,21.56374656
1542,4163,449.96673024,23.4433872
1542,4164,456.2540532,21.98839392
1542,4165,462.69505632,24.21587232
1542,4166,469.43296512,24.26524992
1542,4167,476.01795576,22.45912704
1542,4168,480.70309752,11.71017216
1542,4169,484.38590448,15.73828704
1542,4170,489.15194016,17.92077696
1542,4171,494.129568,17.9185824
1542,4172,498.6027112,14.636496
1544,4087,21.3313602666667,5.8960512
1544,4088,23.42519064,8.75409984
1544,4089,25.41324864,7.21351872
1544,4090,28.04437368,11.2361472
1544,4091,31.63537488,13.57554816
1544,4092,35.50133616,13.85096544
1544,4093,38.8220712,9.71970624
1544,4094,40.79674848,4.94544096
1544,4095,41.9150292,3.60127296
1544,4096,42.82153488,2.92315392
1544,4097,43.63431456,2.9297376
1544,4098,44.487846,3.77244864
1544,4099,45.82628376,5.30754336
1544,4100,47.29974792,5.30205696
1544,4101,48.6202101,5.1448716
1557,4124,234.6048648,11.3897664
1557,4125,236.36993112,11.55765024
1557,4126,239.57429352,11.55765024
1557,4127,243.19132464,14.71342752
1557,4128,247.35614232,14.9998176
1557,4129,251.52175248,14.99872032
1557,4130,255.80425344,16.0093152
1557,4131,260.33803152,16.4592
1557,4132,264.90972672,16.4592
1557,4133,269.45587968,16.15415616
1557,4134,273.9914256,17.41163904
1557,4135,279.6155952,22.37244192
1557,4136,285.78130296,21.92036256
1557,4137,291.84593904,21.82051008
1557,4138,298.09924632,24.41009088
1557,4139,305.47586352,27.42980544
1557,4140,313.05937896,27.2783808
1557,4141,320.68513968,27.87969024
1557,4142,328.6728504,29.22824736
1557,4143,336.50139456,26.39397312
1557,4144,343.37493936,23.25794688
1557,4145,349.5642996,21.94340544
1557,4146,355.66051296,21.95328096
1557,4147,361.38496176,18.12267648
1557,4148,366.0309672,16.4592
1557,4149,370.60293672,16.46688096
1557,4150,375.00735768,15.35314176
1557,4151,379.44423984,16.79825952
1557,4152,384.64745016,20.53449792
1557,4153,390.38695608,19.95184224
1557,4154,395.3252952,16.21340928
1557,4155,399.83792016,16.8651936
1557,4156,404.7821724,18.44198496
1557,4157,409.8936684,18.57256128
1557,4158,415.10937552,18.84468672
1557,4159,420.55197576,20.02755456
1557,4160,426.37828872,22.48216992
1557,4161,432.81819456,23.12298144
1557,4162,438.97384392,21.3475824
1557,4163,444.90250872,21.3750144
1557,4164,450.84022608,21.39805728
1557,4165,456.77590128,21.30808032
1557,4166,462.60718248,20.080224
1557,4167,468.05749416,19.8827136
1557,4168,473.54639352,19.52500032
1557,4169,478.83860544,18.22472352
1557,4170,483.70912656,17.19328032
1557,4171,488.48369664,17.19328032
1557,4172,493.22635416,16.49102112
1557,4173,497.51796864,14.61357504
1557,4174,499.7954952,14.045184
1571,4096,22.5418758857143,9.64822628571429
1571,4097,24.36086568,5.22634464
1571,4098,25.45390896,3.41912448
1571,4099,26.56828824,4.40228736
1571,4100,27.65758248,4.15759392
1571,4101,29.23638552,7.17840576
1571,4102,31.36486488,7.67876544
1571,4103,32.5386192,7.68096
1573,4077,26.0303264,19.4108832
1573,4078,30.796992,19.75433184
1573,4079,35.72676624,18.02062944
1573,4080,40.9442412,18.8402976
1573,4081,46.17972984,18.66034368
1573,4082,51.05177496,16.53271776
1573,4083,55.62039168,16.2452304
1573,4084,59.98192728,15.44860512
1573,4085,64.30353408,15.56711136
1573,4086,68.62684776,15.5594304
1573,4087,72.92541168,14.95702368
1573,4088,77.13887544,16.53710688
1573,4089,81.47855688,14.01446016
1573,4090,84.78902016,9.53207136
1573,4091,87.19590384,7.1707248
1573,4092,88.40760576,2.26698048
1573,4093,89.05119096,2.85731712
1573,4094,90.72911496,9.79980768
1573,4095,93.78220512,11.08911168
1573,4096,96.57124704,8.11219104
1573,4097,98.67872568,8.08914816
1573,4098,101.07372216,8.91978912
1573,4099,103.43552592,8.13303936
1573,4100,105.70290264,8.586216
1573,4101,108.45603912,10.93549248
1573,4102,111.93661128,15.09637824
1573,4103,116.38327752,16.09380576
1573,4104,120.96042864,16.96724064
1573,4105,125.61496848,15.25877568
1573,4106,129.08197704,10.31004288
1573,4107,132.01381776,11.64104352
1573,4108,135.79519704,15.43653504
1573,4109,140.34644016,17.01661824
1573,4110,145.18940736,17.8198272
1573,4111,150.46461144,20.80881792
1573,4112,156.48715464,21.9456
1573,4113,162.5743764,21.86659584
1573,4114,168.65736144,21.9456
1573,4115,174.66387216,20.30187456
1573,4116,179.79609456,17.29203552
1573,4117,184.43368752,16.58977632
1573,4118,189.38906496,19.449288
1573,4119,194.70203376,17.70351552
1573,4120,198.81939408,11.43694944
1573,4121,201.1789728,6.15683808
1573,4122,202.67197464,4.5976032
1573,4123,203.69838864,3.29074272
1573,4124,204.61278864,3.29184
1573,4125,205.5272496,3.29184
1573,4126,206.44219824,3.8075616
1573,4127,208.37914128,9.48927744
1573,4128,210.94449048,9.7822512
1573,4129,213.91726584,10.99694016
1573,4130,217.36196304,14.29865568
1573,4131,221.48922936,14.80340448
1573,4132,225.62231736,14.99652576
1573,4133,229.81045224,15.22695456
1573,4134,234.21417216,16.46029728
1573,4135,238.7842824,16.38677952
1573,4136,243.33247752,16.4372544
1573,4137,247.904508,16.4592
1573,4138,252.476508,16.4592
1573,4139,257.01891192,16.27924608
1573,4140,261.72721848,18.69326208
1573,4141,267.43133712,21.11495904
1573,4142,273.20223744,20.9635344
1573,4143,279.19536744,21.8797632
1573,4144,285.3502548,23.03629632
1573,4145,292.01144544,24.10943616
1573,4146,298.64035776,24.22026144
1573,4147,305.36412384,23.00008608
1573,4148,311.4792348,21.79856448
1573,4149,317.55889752,21.94340544
1573,4150,323.78084088,23.35889664
1573,4151,330.44422608,23.95033056
1573,4152,336.77821392,21.07545696
1573,4153,342.21142632,18.77884992
1573,4154,347.44103232,18.59560416
1573,4155,352.32042312,16.80264864
1573,4156,356.96472168,16.56234432
1573,4157,361.48719168,16.26937056
1573,4158,366.16989504,16.96724064
1573,4159,370.76594376,16.3549584
1573,4160,375.70138728,19.76640192
1573,4161,381.3464052,20.354544
1573,4162,387.01053408,20.43464544
1573,4163,392.63790408,20.05169472
1573,4164,398.19989448,20.02536
1573,4165,403.76173248,20.02536
1573,4166,409.3233876,19.93977216
1573,4167,414.70761864,18.76019616
1573,4168,420.18024168,21.2707728
1573,4169,425.95428144,19.94196672
1573,4170,431.66166144,21.03266304
1573,4171,437.5023,20.9964528
1573,4172,443.276736,20.11533696
1573,4173,448.643502,19.0158624
1573,4174,453.92635656,19.0158624
1573,4175,459.20122536,18.88748064
1573,4176,464.41516464,18.72727776
1573,4177,469.6314204,18.81615744
1573,4178,474.78327192,17.73862848
1573,4179,479.39937648,15.79754016
1573,4180,483.81288048,16.73681184
1573,4181,488.63856552,17.2437552
1573,4182,493.1916984,15.22366272
1573,4183,496.92720528,12.61872
1573,4184,499.4800272,14.1658848
1582,4079,20.430744,22.9550976
1582,4080,24.08301,22.11897024
1582,4081,29.7291252,18.37944
1582,4082,34.13613696,13.36706496
1582,4083,37.83387912,14.41387008
1582,4084,41.91280416,14.79791808
1582,4085,46.1552544,15.46835616
1582,4086,50.4485148,15.4497024
1582,4087,54.74079984,15.4497024
1582,4088,59.0335116,15.45628608
1582,4089,62.95473312,11.8890288
1582,4090,65.96981472,10.66885344
1582,4091,68.48471952,7.37701344
1582,4092,70.56382128,7.6919328
1582,4093,72.70092648,7.6919328
1582,4094,74.83790976,7.6919328
1582,4095,76.9761732,7.77203424
1582,4096,79.0824936,7.07526144
1582,4097,80.97048576,6.76582848
1582,4098,82.84942536,6.76143936
1582,4099,84.87119424,8.13962304
1582,4100,87.24333072,8.5917024
1582,4101,89.62939656,8.62900992
1582,4102,92.95037544,17.18230752
1582,4103,98.4276924,20.28212352
1582,4104,103.45238136,14.86046304
1582,4105,107.34726816,14.72110848
1582,4106,111.90408912,17.93174976
1582,4107,117.07483824,18.50123808
1582,4108,122.03753088,17.2382688
1582,4109,126.86373408,18.33445152
1582,4110,132.24894048,19.73019168
1582,4111,137.39250144,17.55538272
1582,4112,142.36464288,18.77555808
1582,4113,147.50768568,17.37762336
1582,4114,152.30148864,18.38053728
1582,4115,158.01088032,21.9456
1582,4116,164.03257008,20.26017792
1582,4117,168.8482272,15.55284672
1582,4118,173.1654144,15.5484576
1582,4119,177.56645208,17.79678432
1582,4120,182.74049304,14.54225184
1582,4121,185.57705328,9.1403424
1582,4122,188.12204184,9.17984448
1582,4123,190.27606344,4.88728512
1582,4124,191.11685424,2.60713728
1582,4125,191.84075424,2.60384544
1582,4126,192.56474568,2.60604
1582,4127,193.79860656,8.9812368
1582,4128,196.84017528,9.85247712
1582,4129,199.4722452,9.46513728
1582,4130,202.0944396,9.41685696
1582,4131,204.71511,9.50025024
1582,4132,207.82312512,13.46472288
1582,4133,211.75464888,14.21087328
1582,4134,215.69242104,14.15271744
1582,4135,219.6333936,14.209776
1582,4136,223.55674872,14.20867872
1582,4137,228.60963168,21.86220672
1582,4138,233.9916072,17.1230544
1582,4139,238.8815136,17.36335872
1582,4140,243.49472256,16.61611104
1582,4141,248.18973984,17.0297856
1582,4142,252.91590768,17.33044032
1582,4143,258.311904,21.56923296
1582,4144,264.40412448,21.88086048
1582,4145,270.42980712,21.66689088
1582,4146,276.83411232,25.38228096
1582,4147,284.3140872,27.432
1582,4148,291.93427008,27.432
1582,4149,299.49452928,26.4773664
1582,4150,306.71624712,25.20561888
1582,4151,313.15688448,21.96535104
1582,4152,319.0045944,18.92149632
1582,4153,323.89462272,17.90980416
1582,4154,328.98813552,18.39919104
1582,4155,333.98591064,17.1340272
1582,4156,338.31303432,14.00239008
1582,4157,341.946738,12.33013536
1582,4158,345.47793744,14.2152624
1582,4159,349.96200264,17.23387968
1582,4160,354.7433088,17.31398112
1582,4161,359.95291992,20.39953248
1582,4162,365.74680216,21.11934816
1582,4163,371.2756608,18.0063648
1582,4164,376.09512792,16.9584624
1582,4165,380.84193072,18.46502784
1582,4166,386.41413192,20.73200832
1582,4167,392.16418392,20.64093408
1582,4168,397.65948408,17.82641088
1582,4169,402.26668848,17.1943776
1582,4170,407.72919216,21.40354368
1582,4171,413.65194384,20.53230336
1582,4172,419.07610368,19.39552128
1582,4173,424.51577784,19.21227552
1582,4174,429.30253992,16.53381504
1582,4175,434.26742712,18.29604672
1582,4176,439.14312984,16.62269472
1582,4177,443.86603632,17.55977184
1582,4178,448.68318696,16.58977632
1582,4179,453.05356176,15.41568672
1582,4180,457.29878568,14.40618912
1582,4181,461.21476464,15.03712512
1582,4182,465.3765648,14.60260224
1582,4183,470.12287992,20.22177312
1582,4184,475.98826824,21.18189312
1582,4185,481.82229264,20.03962464
1582,4186,487.22545176,20.60362656
1582,4187,493.28170584,21.2598
1582,4188,498.343047,20.0898252
1587,4081,22.4596621333333,16.7066976
1587,4082,26.58014496,14.75512416
1587,4083,30.60905232,13.78622592
1587,4084,33.390078,9.05914368
1587,4085,36.92219184,14.209776
1587,4086,40.86968712,14.209776
1587,4087,44.81989512,14.22952704
1587,4088,48.7699812,14.209776
1587,4089,52.71762888,14.209776
1587,4090,56.65244448,13.48996032
1587,4091,59.40454464,6.63415488
1587,4092,61.1582724,6.30936
1587,4093,62.9117868,6.31374912
1587,4094,64.64082576,5.36131008
1587,4095,65.77102416,4.17076128
1587,4096,67.12256832,4.93776
1587,4097,68.4943512,4.93776
1587,4098,69.85677672,4.718304
1587,4099,71.76610488,10.0894896
1587,4100,74.85028464,11.2032288
1587,4101,77.98091592,11.3678208
1587,4102,81.1208436,11.2032288
1587,4103,84.26573952,12.47168448
1587,4104,89.37245016,23.76818208
1587,4105,96.08777328,23.50593216
1587,4106,101.6992632,17.1065952
1587,4107,106.26663024,15.95115936
1587,4108,110.52907536,14.30743392
1587,4109,114.43325856,15.09418368
1587,4110,118.94701128,16.62050016
1587,4111,123.42827232,15.62855904
1587,4112,127.76399136,16.294608
1587,4113,132.68105544,18.75141792
1587,4114,138.18318312,20.85709824
1587,4115,144.15186816,21.92584896
1587,4116,150.54730368,24.28170912
1587,4117,157.57879584,26.02089792
1587,4118,164.27534328,20.59265376
1587,4119,169.00547352,15.39044928
1587,4120,173.50194408,17.0133264
1587,4121,178.17809424,16.00712064
1587,4122,181.68850632,8.14840128
1587,4123,183.06230088,2.18248992
1587,4124,183.40733448,2.27466144
1587,4125,184.15564896,1.92243456
1587,4126,184.66228752,1.8324576
1587,4127,185.16807264,1.89609984
1587,4128,186.11158104,5.14185408
1587,4129,187.63524576,5.51492928
1587,4130,189.60550344,11.10557088
1587,4131,193.69009776,14.59492128
1587,4132,197.21898072,12.07227456
1587,4133,200.65057152,14.11979904
1587,4134,205.84015728,21.80405088
1587,4135,211.30314864,16.04991456
1587,4136,215.22244992,13.60517472
1587,4137,219.04366656,14.54334912
1587,4138,223.41867432,16.52393952
1587,4139,228.36978456,18.06342336
1587,4140,233.0461176,16.4592
1587,4141,237.6184224,16.43067072
1587,4142,242.39975904,19.00269504
1587,4143,248.0194176,20.4862176
1587,4144,253.7077476,20.38526784
1587,4145,259.55475648,22.65773472
1587,4146,266.14721472,23.92838496
1587,4147,272.94919248,26.01431424
1587,4148,280.50369096,27.432
1587,4149,288.1237824,27.432
1587,4150,295.74436152,27.30361824
1587,4151,302.90560704,23.44667904
1587,4152,309.066438,21.32783136
1587,4153,314.29381896,16.64354304
1587,4154,318.86466072,16.4592
1587,4155,323.41236816,16.19365824
1587,4156,327.87848064,16.05540096
1587,4157,332.13860928,13.65894144
1587,4158,335.4683664,11.11764096
1587,4159,338.68382352,13.4307072
1587,4160,343.24652712,18.53086464
1587,4161,348.47369472,18.5495184
1587,4162,353.5632756,18.43540128
1587,4163,359.04303096,21.18518496
1587,4164,365.0770956,21.90609792
1587,4165,371.01639792,20.4862176
1587,4166,376.23356808,17.13731904
1587,4167,380.90563392,17.63987328
1587,4168,386.22927072,19.94745312
1587,4169,391.76117736,19.85198976
1587,4170,397.06990944,17.93613888
1587,4171,402.31362768,20.25798336
1587,4172,407.84827752,19.6303392
1587,4173,413.32596024,19.79602848
1587,4174,418.61189328,17.70132096
1587,4175,423.35948856,17.00893728
1587,4176,427.97681232,15.97529952
1587,4177,432.33100224,15.63514272
1587,4178,436.73828832,16.24084128
1587,4179,441.29175648,16.42408704
1587,4180,445.70468136,14.07481056
1587,4181,449.1016164,12.92486112
1587,4182,453.25341912,15.67354752
1587,4183,457.56426648,14.99872032
1587,4184,462.0490632,19.91672928
1587,4185,468.10644504,17.364456
1587,4186,473.13488304,25.63026624
1587,4187,480.87058512,24.6174768
1587,4188,486.32190264,19.15082784
1587,4189,492.45234504,21.8413584
1587,4190,497.737248533333,19.47672
1592,4083,21.6925652,14.6047968
1592,4084,24.72900312,12.51777024
1592,4085,27.827478,9.40149504
1592,4086,30.02606136,7.25411808
1592,4087,32.31392064,9.26323776
1592,4088,34.89237624,9.25445952
1592,4089,37.57638408,11.91536352
1592,4090,41.7746688,16.28473248
1592,4091,45.96722328,13.6940544
1592,4092,49.55868168,11.60702784
1592,4093,52.16389872,7.44723936
1592,4094,53.8907736,5.49517824
1592,4095,55.35405744,5.10015744
1592,4096,56.97784896,7.42748832
1592,4097,59.32819224,8.6794848
1592,4098,61.73827632,8.68277664
1592,4099,64.14961008,8.68058208
1592,4100,66.55960272,8.67838752
1592,4101,68.9710584,8.15717952
1592,4102,71.15516376,8.2241136
1592,4103,73.51129824,9.46733184
1592,4104,76.48267152,11.63555712
1592,4105,80.2171116,14.32937952
1592,4106,84.18472368,15.07772448
1592,4107,88.63321872,16.46029728
1592,4108,93.19848264,16.46139456
1592,4109,98.0313,17.92297152
1592,4110,102.91629912,17.50381056
1592,4111,107.61628464,16.44493536
1592,4112,112.40518032,18.43210944
1592,4113,117.73930224,20.05718112
1592,4114,123.49487112,20.71116
1592,4115,129.25534728,21.55496832
1592,4116,135.43821528,21.77113248
1592,4117,141.41427648,21.90280608
1592,4118,147.49899888,21.89402784
1592,4119,153.59243856,21.94889184
1592,4120,159.33621168,18.37614816
1592,4121,164.01696432,16.3714176
1592,4122,168.52992456,15.09747552
1592,4123,171.84178992,8.50392
1592,4124,173.60926416,5.47981632
1592,4125,175.13308128,5.4864
1592,4126,176.65784328,5.45128704
1592,4127,177.95242032,3.68795808
1592,4128,178.91235744,3.4399728
1592,4129,179.86519272,3.43009728
1592,4130,180.81616872,3.46411296
1592,4131,182.43401664,9.33895008
1592,4132,185.57623032,12.08215008
1592,4133,188.79592416,11.58508224
1592,4134,192.50668128,15.04151424
1592,4135,196.93835136,16.46139456
1592,4136,201.504804,16.41091968
1592,4137,206.06848296,16.45810272
1592,4138,210.70644168,17.09342784
1592,4139,215.50676736,17.30191104
1592,4140,220.24052472,16.73571456
1592,4141,224.87659368,16.74339552
1592,4142,229.54646496,16.82459424
1592,4143,234.2221884,17.17682112
1592,4144,239.62117176,21.59337312
1592,4145,245.700804,21.9456
1592,4146,251.79671256,21.94450272
1592,4147,258.01195032,23.810976
1592,4148,265.04283288,26.170128
1592,4149,272.47364352,27.04466016
1592,4150,280.04789304,27.42431904
1592,4151,287.6699352,27.3990816
1592,4152,294.84556728,23.35231296
1592,4153,301.00380744,21.9456
1592,4154,306.9441156,19.47781728
1592,4155,311.71798464,16.30338624
1592,4156,316.27712208,16.4592
1592,4157,320.84775048,16.39226592
1592,4158,325.3467204,16.05430368
1592,4159,329.80112856,15.61648896
1592,4160,333.64572336,12.5254512
1592,4161,337.41655656,15.36301728
1592,4162,341.93037024,16.31435904
1592,4163,346.66272552,18.75470976
1592,4164,352.22483784,20.33040384
1592,4165,357.99241584,21.35965248
1592,4166,364.01398368,21.89731968
1592,4167,369.85078176,18.92588544
1592,4168,374.60648472,16.4537136
1592,4169,379.17686928,16.59745728
1592,4170,384.29354688,20.4752448
1592,4171,390.08880072,20.82856896
1592,4172,395.84366856,20.56631904
1592,4173,401.72496744,21.9071952
1592,4174,407.7640308,20.94926976
1592,4175,413.06185104,17.20644768
1592,4176,417.66686088,16.486632
1592,4177,422.1309312,15.64062912
1592,4178,426.42592896,15.91385184
1592,4179,431.0403876,16.7225472
1592,4180,435.62387856,16.130016
1592,4181,440.04984888,15.89629536
1592,4182,444.2600208,14.09236704
1592,4183,447.81645768,11.72004768
1592,4184,451.1358516,13.51190592
1592,4185,455.35498464,15.62855904
1592,4186,460.01031696,19.08938016
1592,4187,465.73632024,20.94597792
1592,4188,471.56238936,22.10031648
1592,4189,478.15981584,24.29487648
1592,4190,484.87824792,23.6024928
1592,4191,491.34000792,24.18514848
1592,4192,497.7858472,23.3915712
1597,4092,22.8499416,13.2331968
1597,4093,25.75459416,13.64796864
1597,4094,29.37583152,11.4830352
1597,4095,32.00454864,8.39199744
1597,4096,34.03933248,6.0514992
1597,4097,35.76029424,6.58806912
1597,4098,37.5890028,6.58368
1597,4099,39.37827024,5.72999616
1597,4100,40.58643648,3.60895392
1597,4101,41.61635568,4.19929056
1597,4102,42.8719488,4.38912
1597,4103,44.33873784,6.31704096
1597,4104,46.40470272,8.6465664
1597,4105,49.23227136,12.61542816
1597,4106,53.51111472,18.30592224
1597,4107,59.31703656,23.17016448
1597,4108,66.17445744,25.2538992
1597,4109,73.18878936,25.26158016
1597,4110,80.24067264,25.40642112
1597,4111,87.20824824,24.3431568
1597,4112,93.72087936,23.05275552
1597,4113,100.14804456,23.1964992
1597,4114,106.46609136,21.95986464
1597,4115,112.43300856,21.59337312
1597,4116,118.64468016,22.74222528
1597,4117,124.93800768,22.1047056
1597,4118,131.02032216,23.29744896
1597,4119,137.5451148,22.53703392
1597,4120,143.69805144,21.89402784
1597,4121,149.73129312,20.57180544
1597,4122,154.84425216,16.95736512
1597,4123,158.90552928,11.8451376
1597,4124,161.88153552,9.45635904
1597,4125,163.9525296,6.0953904
1597,4126,165.5320032,5.4864
1597,4127,167.0560032,5.4864
1597,4128,168.5800032,5.4864
1597,4129,170.16773688,6.35544576
1597,4130,172.38735144,9.82943424
1597,4131,175.23579888,9.18094176
1597,4132,177.45556584,7.68973824
1597,4133,179.70761112,10.02255552
1597,4134,183.43144416,15.64392096
1597,4135,187.79023656,15.37947648
1597,4136,192.04646376,13.90912128
1597,4137,195.31349304,10.97170272
1597,4138,198.46555176,12.975336
1597,4139,202.72086456,16.27595424
1597,4140,207.07386576,15.07882176
1597,4141,211.36496208,17.227296
1597,4142,216.80100912,20.6069184
1597,4143,222.5980308,21.40464096
1597,4144,228.654864,21.9456
1597,4145,234.750864,21.9456
1597,4146,240.82967328,21.84245568
1597,4147,246.91409088,21.9456
1597,4148,253.05782256,23.21954208
1597,4149,260.17030008,27.0918432
1597,4150,267.68642424,26.8998192
1597,4151,275.19940896,27.08745408
1597,4152,282.0957528,22.37024736
1597,4153,288.04002336,19.47891456
1597,4154,292.84400664,16.45810272
1597,4155,297.41609808,16.4592
1597,4156,301.98809808,16.4592
1597,4157,306.56022,16.4592
1597,4158,311.10689112,16.10477856
1597,4159,314.9675184,11.91975264
1597,4160,318.93607536,16.7499792
1597,4161,323.60039928,16.39446048
1597,4162,328.1862372,16.96285152
1597,4163,332.9106372,17.00784
1602,4199,493.50113136,21.59556768
1602,4200,498.755416,23.1324912
1603,4202,489.3408552,17.39627712
1603,4203,493.13771832,17.035272
1603,4204,497.285772,13.87839744
1603,4205,499.6658028,13.1234688
1604,4100,19.962876,6.4081152
1604,4101,21.03583296,6.3587376
1604,4102,22.79394984,6.85031904
1604,4103,24.75070488,6.65939232
1604,4104,26.52134904,6.74936928
1604,4105,28.50940704,7.47906048
1604,4106,31.14327528,12.77124192
1604,4107,36.43018368,23.90205024
1604,4108,43.10201184,22.94851392
1604,4109,48.4866696,20.04511104
1604,4110,57.95717136,42.0093648
1604,4111,63.83904936,5.27133312
1604,4112,69.76039896,36.31118976
1604,4113,80.22302472,36.26071488
1604,4114,88.20067704,21.9401136
1604,4115,93.95389896,19.56779424
1604,4116,99.5199432,23.74294464
1604,4117,107.62765368,32.068008
1604,4118,116.44515192,30.21470208
1604,4119,124.04226144,25.57540224
1604,4120,131.21484552,25.79266368
1604,4121,137.96988408,23.4049824
1604,4122,144.30941928,21.88634688
1604,4123,149.79536208,16.24193856
1604,4124,153.4360152,11.23943904
1604,4125,156.15166128,7.40554272
1604,4126,157.7663088,5.12539488
1604,4127,159.05381448,4.38802272
1604,4128,160.27292304,4.38912
1604,4129,161.49215352,4.38912
1604,4130,162.77164296,5.72121792
1604,4131,164.80325688,7.97942016
1604,4132,167.0422872,8.78811552
1604,4133,169.87564704,10.95743808
1604,4134,172.809408,10.13447808
1604,4135,175.60363152,10.05986304
1604,4136,178.39788552,10.09058688
1604,4137,181.69640064,14.43032928
1604,4138,185.89236888,14.56310016
1604,4139,189.74049936,13.54482432
1604,4140,193.50005496,13.5294624
1604,4141,197.3514468,14.73866496
1604,4142,201.21548784,12.26320128
1604,4143,205.31699856,18.67241376
1604,4144,211.1183484,21.8413584
1604,4145,217.14448824,21.70090656
1604,4146,223.16340432,21.6054432
1604,4147,229.18433208,21.68993376
1604,4148,235.11619728,21.05351136
1604,4149,240.94147392,20.93500512
1604,4150,246.77610792,21.44194848
1604,4151,253.42080888,26.50809024
1604,4152,260.97673992,27.41773536
1604,4153,268.39386504,24.49897056
1604,4154,274.63619952,21.93352992
1604,4155,280.59311928,19.89149184
1604,4156,285.52274112,16.48553472
1604,4157,290.45995248,19.48879008
1604,4158,295.94458464,19.4383152
1604,4159,300.84717072,16.0312608
1604,4160,305.26149768,15.49139904
1604,4161,308.92903416,11.09679264
1604,4162,312.09148656,13.31878464
1604,4163,316.52224224,18.3739536
1604,4164,322.45547904,24.48470592
1604,4165,329.87799912,27.5856192
1604,4166,337.52521776,27.4484592
1604,4167,345.11260416,27.29264544
1604,4168,352.72684344,27.2783808
1604,4169,359.61699984,22.5326448
1604,4170,365.99045928,23.32158912
1604,4171,372.3008556,21.45292128
1604,4172,377.85440304,18.1983888
1604,4173,382.9650456,20.62228032
1604,4174,389.0456532,22.08166272
1604,4175,395.15067528,21.89841696
1604,4176,401.59256232,24.73488576
1604,4177,408.5136864,24.20709408
1604,4178,414.20411952,17.11427616
1604,4179,418.86280464,16.70169888
1604,4180,422.99948928,11.66737824
1604,4181,426.12067176,14.10992352
1604,4182,430.73381976,17.24156064
1604,4183,435.46233456,15.87325248
1604,4184,439.09600776,10.60740576
1604,4185,442.2524556,13.43399904
1604,4186,446.1983964,14.1494256
1604,4187,449.6863752,10.99364832
1604,4188,453.16746552,16.6402512
1604,4189,458.7372588,20.99316096
1604,4190,464.5219056,21.61531872
1604,4191,471.03036096,24.2279424
1604,4192,477.64040616,22.80367296
1604,4193,483.73884456,21.7151712
1604,4194,489.80433408,22.2528384
1604,4195,495.66874704,19.02793248
1604,4196,499.3685466,19.2792096
1609,4109,19.8101712,12.9369312
1609,4110,21.68639808,13.5349488
1609,4111,25.77215064,17.5455072
1609,4112,32.2674996,27.75240576
1609,4113,40.08308976,28.17156672
1609,4114,47.91218256,28.4524704
1609,4115,56.24995608,31.4425584
1609,4116,64.98875496,30.50109216
1609,4117,73.37794824,33.46265088
1609,4118,83.68829592,37.93187232
1609,4119,93.05885376,27.07428672
1609,4120,99.30847296,20.29858272
1609,4121,105.42626616,24.32011392
1609,4122,112.2800904,24.63832512
1609,4123,118.93274664,23.04178272
1609,4124,125.23296264,22.22321184
1609,4125,131.38928256,22.73234976
1609,4126,137.4481884,19.8004176
1609,4127,141.81828888,11.02108032
1609,4128,143.72999448,3.97434816
1609,4129,144.76040136,3.70222272
1609,4130,145.77690936,3.65065056
1609,4131,146.80207368,3.71868192
1609,4132,148.01033136,5.20988544
1609,4133,149.528784,5.4864
1609,4134,151.0529364,5.4864
1609,4135,152.57498568,5.59393344
1609,4136,155.17105872,14.79462624
1609,4137,159.442404,12.8491488
1609,4138,162.45998496,10.8191808
1609,4139,165.9703056,12.72735072
1609,4140,169.11322032,10.9728
1609,4141,172.1612508,10.96511904
1609,4142,175.45775424,13.496544
1609,4143,179.70523368,16.55576064
1609,4144,184.63464216,18.818352
1609,4145,189.879732,18.8622432
1609,4146,195.11369664,18.8238384
1609,4147,200.10555864,16.79277312
1609,4148,204.67216368,16.45700544
1609,4149,209.81615136,22.52057472
1609,4150,215.7532896,26.1074262857143
1610,4106,20.95335408,9.13266144
1610,4107,24.24312144,14.53786272
1610,4108,28.74236568,18.62523072
1610,4109,35.7856536,30.71067264
1610,4110,44.39878344,31.0201056
1610,4111,53.01343728,31.00254912
1610,4112,61.5365292,27.96308352
1610,4113,66.35898336,17.11427616
1610,4114,75.2135148,36.97175232
1610,4115,83.60590848,24.56590464
1610,4116,90.06471192,21.71846304
1610,4117,95.96877936,21.26418912
1610,4118,101.85245568,20.84063904
1610,4119,107.6372244,21.06887328
1610,4120,113.72837808,23.30293536
1610,4121,120.416574,23.64199488
1610,4122,126.98781816,24.71842656
1610,4123,133.47478512,20.72323008
1610,4124,138.60371568,16.32094272
1610,4125,142.44709128,12.01631328
1610,4126,145.73801688,11.8286784
1610,4127,149.02336464,11.29978944
1610,4128,151.48206432,5.84191872
1610,4129,152.6723388,3.70661184
1610,4130,153.65650752,4.04676864
1610,4131,155.111958,5.85289152
1610,4132,156.73748688,5.8485024
1610,4133,158.5773816,9.14143968
1610,4134,161.91689232,13.10371776
1610,4135,165.34400256,10.49658048
1610,4136,167.91922728,9.1952064
1610,4137,170.71921152,11.63994624
1610,4138,174.1864944,12.61872
1610,4139,177.84046728,14.66953632
1610,4140,182.30782944,16.67207232
1610,4141,187.00961328,17.03636928
1610,4142,192.06658056,20.46207744
1610,4143,197.44175904,15.76023264
1610,4144,201.08244264,12.24893664
1610,4145,205.4781768,19.62595008
1610,4146,211.12051248,20.3490576
1610,4147,216.76266528,20.3216256
1610,4148,222.40216632,20.21409216
1610,4149,228.03035928,20.46646656
1610,4150,234.10983912,23.45655456
1610,4151,240.68538096,23.62663296
1610,4152,247.26226392,23.72758272
1610,4153,253.84768128,23.6299248
1610,4154,260.59488648,25.1496576
1610,4155,267.62881704,24.81059808
1610,4156,273.47984928,17.2163232
1610,4157,278.06733312,16.4592
1610,4158,282.63933312,16.4592
1610,4159,287.3474568,18.050256
1610,4160,292.24242288,16.51735584
1610,4161,296.81311224,16.4592
1610,4162,301.38514272,16.46578368
1610,4163,305.72829888,13.84657632
1610,4164,309.3044868,13.90912128
1610,4165,314.08911528,20.08680768
1610,4166,319.84818936,20.93829696
1610,4167,326.67805632,29.27872224
1610,4168,335.05222296,29.8295568
1610,4169,343.32632376,29.7253152
1610,4170,351.3106512,27.35299584
1610,4171,358.3178508,21.9291408
1610,4172,364.16108016,21.84026112
1610,4173,370.26061584,21.90390336
1610,4174,376.13929344,20.07034848
1610,4175,381.43391328,19.23641568
1610,4176,387.20246664,21.5176608
1610,4177,393.16657968,21.37830624
1610,4178,399.10124904,21.94340544
1610,4179,405.36229824,21.9620592
1610,4180,410.9562012,18.93685824
1610,4181,416.20086432,18.04367232
1610,4182,420.2187684,11.71236672
1610,4183,423.83656152,14.75402688
1610,4184,428.32053528,17.16584832
1610,4185,433.1128752,17.16255648
1610,4186,437.31859704,11.5982496
1610,4187,439.8814164,9.18094176
1610,4188,442.70407776,10.42306272
1610,4189,445.68136416,11.21090976
1610,4190,448.93985904,12.55178592
1610,4191,452.52058848,14.9888448
1610,4192,458.15658432,23.33804832
1610,4193,464.41525608,21.45401856
1610,4194,470.46294528,22.31209152
1610,4195,476.707962,23.27111424
1610,4196,483.4321548,24.55822368
1610,4197,490.24708656,24.37826976
1610,4198,496.65888984,22.12884576
1610,4199,500.2825656,23.4927648
1612,4122,20.1729848,21.5834976
1612,4123,23.96209584,22.34939904
1612,4124,29.65862496,16.92773856
1612,4125,34.01199192,19.96830144
1612,4126,41.80831872,31.92755616
1612,4127,50.676048,31.90999968
1612,4128,59.5402416,31.89902688
1612,4129,67.13454696,23.10761952
1612,4130,74.66155248,27.70851456
1612,4131,80.81622648,18.9664848
1612,4132,86.2518468,20.81210976
1612,4133,91.78866072,17.91419328
1612,4134,96.30829608,15.87325248
1612,4135,100.63203648,14.82644736
1612,4136,104.60915832,14.23062432
1612,4137,108.53376312,14.04189216
1612,4138,112.64411304,15.91714368
1612,4139,116.0574768,16.63037568
1613,4205,460.87838736,19.94196672
1613,4206,466.51106088,19.74335904
1613,4207,470.32694352,12.18200256
1613,4208,475.94071944,24.04250208
1613,4209,482.62013712,24.0468912
1613,4210,488.931966,20.40172704
1613,4211,494.60700672,20.99974464
1613,4212,498.9803076,17.9569872
1617,4117,21.8887548,20.9470752
1617,4118,26.40976176,19.56559968
1617,4119,31.7833248,21.11825088
1617,4120,39.18383832,31.04863488
1617,4121,47.87347296,31.27467456
1617,4122,56.55862704,31.26260448
1617,4123,64.74339096,22.30002144
1617,4124,70.54495416,27.91919232
1617,4125,79.31746392,31.56216192
1617,4126,87.313008,26.23925664
1617,4127,94.37818056,25.09808544
1617,4128,101.66607048,26.65951488
1617,4129,108.28745424,19.92550752
1617,4130,113.10597648,16.41201696
1617,4131,117.29761656,13.35609216
1617,4132,120.83847816,12.67687584
1617,4133,124.66143216,13.50312768
1617,4134,127.98640392,11.9548656
1617,4135,131.5053504,13.59420192
1617,4136,135.052308,10.36051776
1617,4137,137.59421808,9.33126912
1617,4138,140.17063152,9.26214048
1617,4139,142.84549536,9.6889824
1617,4140,145.53050904,9.63631296
1617,4141,148.63139184,14.22733248
1617,4142,152.23232952,9.58035168
1617,4143,154.71974136,8.9154
1617,4144,157.19630232,8.9154
1617,4145,159.67094304,9.07670016
1617,4146,162.85302456,13.87730016
1617,4147,166.37026416,11.29430304
1617,4148,170.10930672,15.99175872
1617,4149,174.6766128,16.4592
1617,4150,179.25111216,16.47236736
1617,4151,183.82448376,16.46139456
1617,4152,188.5085892,18.40577472
1617,4153,194.27156472,21.94340544
1617,4154,200.56376448,24.38265888
1617,4155,205.6124412,27.4566888
1618,4115,18.7863099,21.918168
1618,4116,24.24549888,21.77771616
1618,4117,30.2891952,21.76015968
1618,4118,36.81200664,25.84752768
1618,4119,44.17731576,26.53552224
1618,4120,51.547014,26.50260384
1618,4121,58.309764,22.44157056
1618,4122,65.11820352,26.34459552
1618,4123,72.46644384,27.74253024
1618,4124,81.3428904,34.97799456
1618,4125,90.76392312,30.01499712
1618,4126,97.49497392,21.28613472
1618,4127,103.65556104,22.7905056
1618,4128,110.13652344,25.1057664
1618,4129,117.3227016,23.38742592
1618,4130,122.45724048,15.9050736
1618,4131,126.753366,13.59091008
1618,4132,130.03645824,11.63445984
1618,4133,133.44025128,12.34110816
1618,4134,136.73675472,12.30160608
1618,4135,140.22759864,10.8850176
1618,4136,143.01664056,10.65897792
1618,4137,145.96804944,10.20031488
1618,4138,148.72999464,10.30784832
1618,4139,151.54753536,9.33565824
1618,4140,154.132788,9.66593952
1618,4141,156.8263056,9.6889824
1618,4142,159.52046328,10.040112
1618,4143,162.87472632,13.06202112
1618,4144,165.79205856,7.78081248
1618,4145,168.09741336,11.00901024
1618,4146,171.81161472,14.68819008
1618,4147,175.9721652,14.9998176
1618,4148,180.14006136,15.01737408
1618,4149,184.85531736,19.42075872
1618,4150,189.990222,18.35968896
1618,4151,196.49184984,27.32336928
1618,4152,204.12081096,27.45175104
1618,4153,211.7569044,27.4978368
1618,4154,219.38729808,27.36835776
1618,4155,226.97703144,27.41992992
1618,4156,234.6141612,27.4978368
1618,4157,242.23013784,27.38152512
1618,4158,249.858276,27.4978368
1618,4159,256.19805504,12.34330272
1618,4160,260.1736224,23.85925632
1618,4161,267.42929496,25.65879552
1618,4162,273.88706208,21.71626848
1618,4163,279.9720588,21.95218368
1618,4164,285.83772144,19.43612064
1618,4165,290.71766088,16.49431296
1618,4166,295.42240128,18.10182816
1618,4167,300.551088,17.56635552
1618,4168,305.19648384,16.45700544
1618,4169,309.98589768,19.31541984
1618,4170,315.89536008,21.9456
1618,4171,322.12029048,24.01726464
1618,4172,329.3054628,26.52345216
1618,4173,336.21732096,22.67199936
1618,4174,342.30847464,21.80075904
1618,4175,348.25835352,20.7331056
1618,4176,353.9203488,20.22396768
1618,4177,359.10770952,16.6841424
1618,4178,363.78434736,18.68338656
1618,4179,369.40485936,20.64203136
1618,4180,374.95645608,18.2861712
1618,4181,379.63983,17.43687648
1618,4182,385.05652224,20.64422592
1618,4183,390.69300576,18.97855488
1618,4184,395.55929016,16.98150528
1618,4185,400.11373368,14.2701264
1618,4186,403.40231232,10.96402176
1618,4187,406.46820408,11.29320576
1618,4188,409.85230704,13.02032448
1618,4189,413.51054712,13.29793632
1618,4190,417.3800136,14.32389312
1618,4191,420.92892192,10.6655616
1618,4192,423.40859184,8.0869536
1618,4193,426.259752,12.2511312
1618,4194,429.66982392,12.48594912
1618,4195,433.37878272,14.03091936
1618,4196,437.27805864,13.91241312
1618,4197,441.79059216,19.42075872
1618,4198,447.41320728,20.13728256
1618,4199,452.42710632,15.79315104
1618,4200,457.41537168,21.7371168
1618,4201,463.86085536,23.09445216
1618,4202,469.8997968,20.99864736
1618,4203,475.64097912,16.66658592
1618,4204,477.57018024,2.30538528
1618,4205,482.9999484,36.0346752
1618,4206,491.85624768,22.58092512
1618,4207,496.4897868,15.63294816
1618,4208,499.5693336,17.3260512
1619,4172,352.1347923,26.54046
1619,4173,358.73149488,25.5172464
1619,4174,365.16115944,20.38965696
1619,4175,370.33663296,18.19729152
1619,4176,375.44264256,18.42991488
1619,4177,380.64496896,18.99720864
1619,4178,384.69536472,6.72303456
1619,4179,388.18623912,23.10981408
1619,4180,395.08148568,24.76231776
1619,4181,401.22692424,19.08499104
1619,4182,406.34162064,17.94491712
1619,4183,410.49095448,11.94169824
1619,4184,413.69425008,11.60812512
1619,4185,417.15022488,13.31110368
1619,4186,420.88493928,13.33524384
1619,4187,424.391328,13.66771968
1619,4188,428.72823576,14.06493504
1619,4189,431.83634232,9.78554304
1619,4190,434.52525744,9.69666336
1619,4191,437.11069296,10.14984
1619,4192,440.64454416,14.33157408
1619,4193,444.6321816,14.4182592
1619,4194,448.96677288,16.86629088
1619,4195,453.59113752,18.54842112
1619,4196,459.82911336,24.12808992
1619,4197,466.0760808,19.05536448
1619,4198,471.77166504,24.07651776
1619,4199,478.47775272,22.33184256
1619,4200,483.68276136,17.32934304
1619,4201,489.29784792,23.9975136
1619,4202,496.47433344,26.0823456
1619,4203,503.70275688,26.04174624
1624,4128,37.6449336,33.3792576
1624,4129,43.26913368,39.75555168
1624,4130,55.51502232,45.66989088
1624,4131,64.70199912,15.9983424
1624,4132,71.14297176,35.18538048
1624,4133,80.72426832,29.62656
1624,4134,86.57837904,16.17500448
1624,4135,90.98621376,15.72621696
1624,4136,95.4912492,16.88823648
1624,4137,99.93946992,14.59601856
1624,4138,102.54840552,4.57126848
1624,4139,105.36317256,15.04809792
1624,4140,109.09011456,11.94718464
1624,4141,112.26826416,11.00901024
1624,4142,115.38106464,12.49692192
1624,4143,119.5835556,17.04734208
1627,4120,22.7968683,23.6916468
1627,4121,28.68844656,23.69356704
1627,4122,35.21668344,23.74294464
1627,4123,42.33242232,28.71362304
1627,4124,51.10023816,33.05226816
1627,4125,60.28069224,32.89425984
1627,4126,67.68733224,22.97045952
1627,4127,75.75081624,29.87564256
1627,4128,82.56465072,22.16066688
1627,4129,88.89924816,23.03410176
1627,4130,95.24619,23.14273248
1627,4131,101.84821896,23.810976
1627,4132,108.15261072,21.80734272
1627,4133,114.03183696,20.0857104
1627,4134,119.11708968,16.54369056
1627,4135,122.98606848,11.44024128
1627,4136,126.0255036,10.35722592
1627,4137,128.14517424,5.37447744
1627,4138,129.69776448,5.8485024
1627,4139,131.32365912,5.72670432
1627,4140,132.94336632,6.32691648
1627,4141,134.92584648,8.53464384
1627,4142,137.96820768,13.0905504
1627,4143,141.75159864,13.35609216
1627,4144,145.20556176,11.36891808
1627,4145,148.25667072,11.00791296
1627,4146,151.48050984,12.08434464
1627,4147,154.7993856,11.8835424
1627,4148,158.10146688,11.878056
1627,4149,161.66808408,14.79572352
1627,4150,166.1408412,16.43944896
1627,4151,170.69827176,16.05430368
1627,4152,174.8579688,13.9848336
1627,4153,178.95902232,16.06198464
1627,4154,183.94960416,20.57619456
1627,4155,190.06468464,23.38084224
1627,4156,197.24211504,27.38152512
1627,4157,205.1118072,30.65910048
1627,4158,214.53299232,35.73950688
1627,4159,224.10121296,32.99850144
1627,4160,233.2308264,32.9184
1627,4161,242.35568496,32.8196448
1627,4162,251.4414072,31.59508032
1627,4163,259.79957184,29.86576704
1627,4164,267.93279408,27.66901248
1627,4165,275.47372896,27.38371968
1627,4166,283.09531392,27.30252096
1627,4167,290.3335824,23.99861088
1627,4168,296.58225672,21.95218368
1627,4169,302.35510776,18.37175904
1627,4170,307.02193104,16.4592
1627,4171,311.56415208,16.30667808
1627,4172,316.27904232,18.92588544
1627,4173,322.22300808,23.24368224
1627,4174,329.0015772,24.81608448
1627,4175,335.60945832,22.39767936
1627,4176,341.69860032,21.80624544
1627,4177,347.65814136,20.68701984
1627,4178,353.248722,19.98805248
1627,4179,358.72731912,19.04548896
1627,4180,363.76331616,17.12524896
1627,4181,368.3556768,16.4592
1627,4182,372.9276768,16.4592
1627,4183,377.49970728,16.45590816
1627,4184,382.18908576,17.77154688
1627,4185,387.29954544,18.56378304
1627,4186,392.44408176,18.46502784
1627,4187,397.3744656,16.59306816
1627,4188,401.66175192,15.03712512
1627,4189,405.97506816,14.90984064
1627,4190,409.89921576,13.85316
1627,4191,413.29084728,10.56790368
1627,4192,415.93879728,8.48855808
1627,4193,418.03798536,6.54746976
1627,4194,419.7725412,6.66926784
1627,4195,422.14290984,10.07193312
1627,4196,424.94609448,10.0840032
1627,4197,427.76430576,10.59094656
1627,4198,430.91935152,12.22479648
1627,4199,434.85779424,15.63624
1627,4200,439.29769392,16.37470944
1627,4201,443.96018904,18.32567328
1627,4202,449.490846,20.49060672
1627,4203,455.56813128,23.74952832
1627,4204,462.36069072,24.50335968
1627,4205,469.17982872,24.59333664
1627,4206,476.000064,24.50994336
1627,4207,482.80798536,24.50555424
1627,4208,489.61560192,24.5077488
1627,4209,496.42337088,24.49787328
1627,4210,503.22187392,24.48360864
1627,4211,506.9653056,24.5132352
1633,4130,86.6384856,21.36623616
1633,4131,92.78791704,22.8673152
1633,4132,99.15991344,23.04507456
1633,4133,105.2556696,19.943064
1633,4134,109.8808572,12.95119584
1633,4135,113.06232912,11.1593376
1633,4136,116.17214256,11.356848
1633,4137,118.9818804,7.47357408
1633,4138,120.6038736,5.4864
1633,4139,122.12778216,5.4809136
1633,4140,124.02656424,9.24019488
1633,4141,126.67491048,8.3887056
1633,4142,128.90214504,8.7837264
1633,4143,131.7088044,11.03753952
1633,4144,134.85903432,11.92084992
1633,4145,138.39212352,12.98191968
1633,4146,142.11351816,13.12017696
1633,4147,145.49381112,11.46438144
1633,4148,148.80631656,12.62859552
1633,4149,152.07258384,11.43256032
1633,4150,155.95253544,16.26607872
1633,4151,160.52608992,16.44164352
1633,4152,164.95605312,15.16331232
1633,4153,168.98870952,13.53385152
1633,4154,172.74591816,15.12819936
1633,4155,177.3298968,17.8746912
1633,4156,183.21628584,24.935688
1633,4157,190.76413968,28.19022048
1633,4158,198.84533256,30.08851488
1633,4159,207.57297576,33.38584128
1633,4160,217.23358128,34.73549568
1633,4161,226.60468776,33.49886112
1633,4162,235.95854256,33.27940512
1633,4163,245.09129544,32.87670336
1633,4164,253.88946936,28.93307904
1633,4165,261.416292,26.68475232
1633,4166,268.32177984,22.329648
1633,4167,274.33481328,21.82709376
1633,4168,280.41407976,21.40354368
1633,4169,285.91160496,18.33445152
1633,4170,290.71616736,16.4976048
1633,4171,295.51887048,19.48001184
1633,4172,301.4592396,21.9456
1633,4173,307.55435568,21.86988768
1633,4174,313.62542304,22.82232672
1633,4175,320.78243184,27.82811808
1633,4176,328.48515456,26.8339824
1633,4177,335.40697968,23.77037664
1633,4178,341.9889528,23.25355776
1633,4179,347.8440084,19.18703808
1633,4180,353.18133072,19.3231008
1633,4181,358.58052744,20.15813088
1633,4182,364.81737552,25.1880624
1644,4129,19.2042288,35.29584
1644,4130,28.48426104,35.0965008
1644,4131,38.23127736,35.003232
1644,4132,47.22275544,28.85188032
1644,4133,54.92944056,27.6185376
1644,4134,62.60235384,27.57903552
1644,4135,69.37906368,20.46646656
1644,4136,75.0487704,20.272248
1644,4137,79.75631496,14.95044
1644,4138,84.18283392,16.46249184
1644,4139,88.56485208,14.22404064
1644,4140,92.36692728,13.92777504
1644,4141,96.24206304,14.06932416
1644,4142,100.17584232,14.72440032
1644,4143,104.59443648,16.63147296
1644,4144,109.2247752,16.678656
1644,4145,113.85739992,16.6896288
1644,4146,118.53589704,16.86958272
1644,4147,123.15681744,16.14428064
1644,4148,127.40530272,14.64210432
1644,4149,131.60233776,16.00492608
1644,4150,135.995664,15.36192
1644,4151,140.28840624,15.7734
1644,4152,144.76692408,16.21999296
1644,4153,149.277324,16.27485696
1644,4154,153.85410936,17.68486176
1644,4155,159.14982648,19.06085088
1644,4156,164.01848832,16.37909856
1644,4157,168.5809176,16.4592
1644,4158,173.16834048,17.2657008
1644,4159,179.13038088,25.36801632
1644,4160,186.29333328,25.81460928
1644,4161,193.45872408,25.68951936
1644,4162,200.67334008,25.99675776
1644,4163,207.70666104,26.62330464
1644,4164,216.20838648,32.90523264
1644,4165,225.35192928,33.87961728
1644,4166,235.34988744,37.52258688
1644,4167,245.92312512,37.88798112
1644,4168,255.71628816,32.68029024
1644,4169,264.57106344,30.12472512
1644,4170,272.30432712,26.97992064
1644,4171,279.1067316,20.11094784
1644,4172,284.3916588,19.6797168
1644,4173,289.9431336,21.96425376
1644,4174,296.76556344,25.16721408
1644,4175,303.56699256,24.28939008
1644,4176,310.35662592,24.39692352
1644,4177,317.27009952,26.14050144
1644,4178,324.91338624,28.30872672
1644,4179,332.67661176,26.307288
1644,4180,338.58954888,16.94968416
1644,4181,343.1435352,16.27046784
1644,4182,347.4889164,14.99213664
1644,4183,351.64620552,14.97896928
1644,4184,355.80312888,14.78694528
1644,4185,360.43977696,19.77737472
1644,4186,365.67578376,15.88203072
1644,4187,370.4712936,20.59155648
1644,4188,376.50837576,21.93901632
1644,4189,382.837182,23.91082848
1644,4190,389.4976716,23.30293536
1644,4191,395.78926176,22.4613216
1644,4192,401.78391576,18.48697344
1644,4193,405.89219304,13.31439552
1644,4194,409.52339736,11.94608736
1644,4195,412.39412568,9.59681088
1644,4196,415.06472232,9.61107552
1644,4197,417.69063528,8.83529856
1644,4198,419.72368176,6.74388288
1644,4199,422.1643068,11.76723072
1644,4200,425.97540408,14.26025088
1644,4201,430.09797648,16.05101184
1644,4202,434.7757116,16.91347392
1644,4203,439.63172424,18.71630496
1644,4204,445.01686968,19.45257984
1644,4205,450.03134784,15.73280064
1644,4206,454.10679816,14.89886784
1644,4207,458.92666152,19.80151488
1644,4208,464.52147888,20.1460608
1644,4209,469.28757552,10.66446432
1644,4210,473.34412824,22.66541568
1644,4211,479.89318296,23.646384
1644,4212,486.46287264,23.64309216
1644,4213,492.70886472,20.14276896
1644,4214,497.42463888,14.9998176
1644,4215,499.9789848,15.0766272
1647,4132,27.846528,39.8422368
1647,4133,34.0627716,39.36382272
1647,4134,44.47297176,36.77972832
1647,4135,54.1196784,30.00073248
1647,4136,61.3937304,25.04322144
1647,4137,68.19546432,22.24296288
1647,4138,73.4578668,17.72875296
1647,4139,78.24084936,15.77998368
1647,4140,82.08120744,12.57373152
1647,4141,85.62859176,13.35609216
1647,4142,89.75500464,15.91165728
1647,4143,94.26881832,16.80594048
1647,4144,99.08365248,17.40395808
1647,4145,103.67677512,16.09929216
1647,4146,108.26002224,16.41201696
1647,4147,112.8006888,16.4592
1647,4148,117.40551576,16.65561312
1647,4149,121.99982712,16.46688096
1647,4150,126.53561688,15.79315104
1647,4151,130.98036288,17.03198016
1647,4152,135.70162344,16.36483392
1647,4153,140.04298128,15.49469088
1647,4154,144.534636,16.404336
1647,4155,149.095968,16.4592
1647,4156,153.68226312,16.86848544
1647,4157,158.7782448,19.80151488
1647,4158,164.54847456,21.49132608
1647,4159,170.33159736,20.48182848
1647,4160,176.27583744,21.9565728
1647,4161,182.38985112,22.48216992
1647,4162,189.1968276,26.77034016
1647,4163,196.85623824,27.69973632
1647,4164,204.9618456,31.6784736
1647,4165,214.08774048,32.9952096
1647,4166,223.42336824,34.67514528
1647,4167,231.739614171429,35.3825773714286
1653,4179,305.10912816,21.95437824
1653,4180,309.66680256,21.77771616
1653,4181,315.73085952,21.9456
1653,4182,321.82347624,21.87756864
1653,4183,327.87997416,21.76893792
1653,4184,333.509112,17.78581152
1653,4185,338.12920944,16.4592
1653,4186,342.67966008,16.30338624
1653,4187,347.27976264,17.11537344
1653,4188,352.15016184,17.6552352
1653,4189,357.04387824,17.34360768
1653,4190,361.6964064,16.7664384
1653,4191,366.36225432,16.45810272
1653,4192,370.93388856,16.4592
1653,4193,375.50588856,16.4592
1653,4194,380.07999168,16.56234432
1653,4195,384.77116848,17.17352928
1653,4196,389.5548216,17.17682112
1653,4197,394.10566848,14.2591536
1653,4198,397.4468556,11.07045792
1653,4199,400.494246,10.8959904
1653,4200,403.86003048,14.23062432
1653,4201,408.07349424,15.2851104
1653,4202,412.31829144,15.28730496
1653,4203,416.5751892,15.33229344
1653,4204,420.82285152,15.2851104
1653,4205,425.06770968,15.2851104
1653,4206,429.31083048,15.34326624
1653,4207,434.10198168,19.45587168
1653,4208,439.56978888,19.61058816
1653,4209,445.08858912,20.1186288
1653,4210,450.79444512,20.574
1653,4211,456.25905192,19.34833824
1653,4212,461.68494912,19.40978592
1653,4213,467.01163392,19.77627744
1653,4214,472.9386528,22.09263552
1653,4215,479.06781504,22.0663008
1653,4216,485.18801616,21.96974016
1653,4217,491.40608856,23.00776704
1653,4218,497.50550232,20.50048224
1654,4136,53.7393896,19.2060576
1654,4137,56.99403384,17.91748512
1654,4138,61.97245416,17.92736064
1654,4139,66.85288128,16.26059232
1654,4140,71.31320256,16.9858944
1654,4141,76.08637056,17.29971648
1654,4142,80.8995588,17.20425312
1654,4143,85.61396136,15.83594496
1654,4144,89.4394452,12.80306304
1654,4145,93.27513984,14.63113152
1654,4146,97.35949032,14.81328
1654,4147,101.55241056,16.7938704
1654,4148,107.14503336,19.86515712
1654,4149,111.55920792,15.08321088
1654,4150,116.12983632,16.8103296
1654,4151,120.7492632,15.81948576
1654,4152,124.64530824,12.89413728
1654,4153,128.54168856,15.00420672
1654,4154,132.7736232,15.4935936
1654,4155,136.9643184,14.81328
1654,4156,141.113256,15.53090112
1654,4157,145.67172288,16.81691328
1654,4158,150.35009808,16.87177728
1654,4159,155.03645904,16.87177728
1654,4160,159.77140512,18.1764432
1654,4161,165.47339016,22.27039488
1654,4162,171.88656504,24.55164
1654,4163,179.24882616,27.4539456
1654,4164,187.03058352,29.93270112
1654,4165,195.85862784,31.78600704
1654,4166,204.13038168,28.30324032
1654,4167,212.47656768,32.52228192
1654,4168,221.52129432,31.72894848
1654,4169,230.48555376,32.9184
1654,4170,239.61513672,32.55190848
1654,4171,248.18495448,29.06475264
1654,4172,256.29888288,30.0435264
1654,4173,264.73827672,29.54865312
1654,4174,272.45178936,27.03039552
1654,4175,280.01619384,27.74253024
1654,4176,287.93242896,28.7377632
1654,4177,295.8550344,27.73594656
1654,4178,303.36664752,27.15987456
1654,4179,310.79248992,24.80730624
1654,4180,317.11007952,21.93572448
1654,4181,323.35418184,23.6024928
1654,4182,330.11565168,24.23781792
1654,4183,336.2402724,19.06524
1654,4184,341.01901824,16.31874816
1654,4185,345.586812,17.28325728
1654,4186,350.82665928,19.80261216
1654,4187,356.32634856,19.85198976
1654,4188,362.04122664,21.54070368
1654,4189,368.123724,21.81612096
1654,4190,373.99030104,20.98109088
1654,4191,379.94274024,20.72652192
1654,4192,385.39637424,19.32419808
1654,4193,390.76951056,19.2792096
1654,4194,395.87427048,15.5374848
1654,4195,399.03254712,8.55000576
1654,4196,401.34698496,8.65095552
1654,4197,403.65596688,8.34371712
1654,4198,406.30263672,10.39233888
1654,4199,408.86966232,7.86969216
1654,4200,411.43653552,12.7174752
1654,4201,415.83031896,17.03966112
1654,4202,420.53643096,16.42298976
1654,4203,424.63416216,13.12566336
1654,4204,428.72320656,17.76715776
1654,4205,434.14261152,20.16361728
1654,4206,439.66513032,19.77188832
1654,4207,445.21325232,20.01767904
1654,4208,450.77414544,20.01877632
1654,4209,456.27426144,19.48001184
1654,4210,461.66870328,19.4547744
1654,4211,466.96752936,16.7828976
1654,4212,471.34491456,18.82603296
1654,4213,477.2940924,21.835872
1654,4214,483.28959984,20.78906688
1654,4215,488.80779048,19.03012704
1654,4216,493.82562144,17.03746656
1654,4217,498.1926282,18.6455304
1674,4219,476.5565526,27.514296
1674,4220,483.04630848,24.579072
1674,4221,489.8018652,24.3157248
1674,4222,496.5563856,24.3157248
1674,4223,500.271288,24.3157248
1680,4145,20.95567056,18.0612288
1680,4146,24.88466448,18.96209568
1680,4147,29.9661072,16.93761408
1680,4148,34.17124992,12.06349632
1680,4149,37.2063264,11.55655296
1680,4150,40.4803356,11.79576
1680,4151,43.75791096,11.8122192
1680,4152,47.0381076,11.8341648
1680,4153,50.47006416,12.93363936
1680,4154,54.08922888,13.03129728
1680,4155,57.70882032,13.03349184
1680,4156,61.32795456,13.26830976
1680,4157,65.9689308,21.12154272
1680,4158,72.52572744,23.71002624
1680,4159,78.29434176,17.67059712
1680,4160,82.52636784,13.9848336
1680,4161,86.60285448,15.6965904
1680,4162,91.02083904,15.87325248
1680,4163,95.33424672,15.06894624
1680,4164,99.46291512,14.80669632
1680,4165,103.94112816,18.62852256
1680,4166,109.17582432,17.59817664
1680,4167,114.05012496,18.66692736
1680,4168,119.26994688,17.97454368
1680,4169,124.12931232,16.91127936
1680,4170,128.97395592,19.30554432
1680,4171,134.76576552,21.37062528
1680,4172,141.06229344,24.03921024
1680,4173,148.07982576,27.1796256
1680,4174,155.0477595,27.8037036
1680,4190,328.3464096,38.4240024
1680,4191,337.41808056,33.796224
1680,4192,346.5394644,32.61774528
1680,4193,355.57608336,32.2764912
1680,4194,363.93766176,27.75789216
1680,4195,371.08890984,22.84866144
1680,4196,376.96411272,20.7166464
1680,4197,382.71913296,20.7166464
1680,4198,388.24969848,17.15707008
1680,4199,392.11444056,12.61652544
1680,4200,395.602968,12.3498864
1680,4201,398.96619216,12.015216
1680,4202,402.28134936,11.58508224
1680,4203,405.37695912,10.97060544
1680,4204,408.42456288,10.97060544
1680,4205,411.8405784,14.57626752
1680,4206,416.40550704,17.06599584
1680,4207,421.23942168,18.11499552
1680,4208,426.5956416,21.07106784
1680,4209,432.5947152,21.39257088
1680,4210,438.61137576,21.76674336
1680,4211,444.560706,21.53302272
1680,4212,450.64201464,21.9456
1680,4213,456.67723752,21.39696
1680,4214,462.4960524,20.12192064
1680,4215,467.92780176,20.99535552
1680,4216,474.4070268,24.13247904
1680,4217,481.04727768,23.47850016
1680,4218,487.45283256,22.49204544
1680,4219,493.49156064,20.28431808
1680,4220,498.1058872,16.3787328
1682,4218,391.1897307,21.0362292
1682,4219,396.4303476,20.64971232
1682,4220,402.0318096,19.93099392
1682,4221,407.56841016,19.92989664
1682,4222,413.09291016,19.6358256
1682,4223,418.26753024,18.17863776
1682,4224,423.43358544,17.8417728
1682,4225,428.10650472,16.9200576
1682,4226,433.12470144,19.70934336
1682,4227,438.86091552,20.80003968
1682,4228,444.64522704,20.82417984
1682,4229,449.69417808,13.82682528
1682,4230,453.95985408,21.57362208
1682,4231,461.06721096,27.102816
1682,4232,469.04379648,29.86576704
1684,4140,31.3106562,20.2365864
1684,4141,36.37730088,20.29199904
1684,4142,42.0169848,20.30406912
1684,4143,47.29386528,17.19876672
1684,4144,51.94947192,17.29093824
1684,4145,57.22946136,20.2777344
1684,4146,62.80696608,18.48587616
1684,4147,66.75552816,11.2690656
1684,4148,69.87750312,11.24712
1684,4149,73.00176408,11.24602272
1684,4150,76.30399776,13.66003872
1684,4151,80.53004976,15.5649168
1684,4152,84.83199696,15.4826208
1684,4153,89.1328164,15.4826208
1684,4154,93.4155612,15.3180288
1684,4155,97.73555256,16.0970976
1684,4156,102.31050912,16.54478784
1684,4157,106.9105812,16.59855456
1684,4158,111.52074216,16.59745728
1684,4159,116.17967112,17.22071232
1684,4160,121.02187632,17.3699424
1684,4161,125.84122152,17.00125632
1684,4162,130.68312192,19.76640192
1684,4163,136.60566024,21.24772992
1684,4164,142.49729184,21.18628224
1684,4165,148.38733848,21.65701536
1684,4166,154.61738952,22.68955584
1684,4167,160.15740384,18.63620352
1684,4168,164.87366568,16.44054624
1684,4169,170.49615888,21.58240032
1684,4170,176.4912396,21.59227584
1684,4171,182.3880528,19.98914976
1684,4172,187.58711784,18.3190896
1684,4173,192.67224864,18.29056032
1684,4174,197.88887016,20.2009248
1684,4175,203.96932536,23.81975424
1684,4176,211.03708872,25.82777664
1684,4177,218.32165632,26.42030784
1684,4178,225.54337416,26.39287584
1684,4179,233.21836008,27.89614944
1684,4180,240.37917888,22.94631936
1684,4181,247.14141072,27.15548544
1684,4182,254.7462012,27.25204608
1684,4183,262.330692,27.432
1684,4184,269.91941952,27.11269152
1684,4185,277.3430064,26.3456928
1684,4186,284.44140216,23.81975424
1684,4187,290.62774488,21.8248992
1684,4188,296.71703928,21.9456
1684,4189,302.8131612,21.9456
1684,4190,308.9009316,21.80185632
1684,4191,314.96236728,21.9401136
1684,4192,320.83900272,19.5480432
1684,4193,326.27440968,20.4423264
1684,4194,331.96121568,20.1460608
1684,4195,337.03857408,16.58758176
1684,4196,341.59704096,16.31435904
1684,4197,346.18751184,17.4248064
1684,4198,351.2190588,18.13035744
1684,4199,356.13886608,17.1230544
1684,4200,360.73168392,16.21340928
1684,4201,365.2765872,16.4592
1684,4202,369.8485872,16.46578368
1684,4203,374.2491372,14.53457088
1684,4204,377.97464664,12.61652544
1684,4205,381.2386584,11.72224224
1684,4206,384.76315224,13.78403136
1684,4207,389.2244184,17.69144544
1684,4208,394.12947336,17.6442624
1684,4209,399.03132792,17.6442624
1684,4210,403.93318248,17.6442624
1684,4211,408.83512848,17.6442624
1684,4212,413.75402136,17.8911504
1684,4213,418.89703368,19.1036448
1684,4214,424.48343856,21.21700608
1684,4215,430.50476256,21.94779456
1684,4216,436.6003968,21.9236544
1684,4217,442.6843572,21.92255712
1684,4218,448.78148496,21.90500064
1684,4219,454.75300464,21.43755936
1684,4220,460.77585264,21.03376032
1684,4221,466.40197296,20.40831072
1684,4222,472.16662488,20.72542464
1684,4223,477.8770224,19.77408288
1684,4224,482.97324792,16.82459424
1684,4225,487.46392728,16.61391648
1684,4226,492.23319384,17.51697792
1684,4227,496.78897848,15.389352
1684,4228,499.649496,16.404336
1687,4209,340.6603296,10.5558336
1687,4210,342.18795672,10.29687552
1687,4211,345.15600768,11.2087152
1687,4212,348.46723296,12.4760736
1687,4213,352.01120352,12.80416032
1687,4214,355.56562872,12.91608288
1687,4215,359.56277592,15.73718976
1687,4216,363.6677004,13.62163392
1687,4217,367.18137384,11.52363456
1687,4218,370.25680584,10.9728
1687,4219,373.30879872,11.63555712
1687,4220,376.99825032,14.28987744
1687,4221,380.96534424,14.28329376
1687,4222,384.93231624,14.30194752
1687,4223,388.9215996,14.35132512
1687,4224,392.89107096,14.28439104
1687,4225,396.85819536,14.28439104
1687,4226,400.82531976,14.28439104
1687,4227,404.79250512,14.28329376
1687,4228,408.75962952,14.28329376
1687,4229,412.66454424,13.1070096
1687,4230,416.36454192,15.0876
1687,4231,420.977568,18.2861712
1687,4232,426.43476816,20.0143872
1687,4233,431.9942592,20.0143872
1687,4234,436.4419008,20.0143872
1694,4142,16.056864,19.3889376
1694,4143,19.0227204,19.46245536
1694,4144,24.42572712,19.39332672
1694,4145,29.80739784,18.98952768
1694,4146,34.46294352,14.7529296
1694,4147,38.52327576,14.6267424
1694,4148,42.59491608,15.142464
1694,4149,47.27344368,17.88237216
1694,4150,51.38022744,11.25370368
1694,4151,54.76512288,13.96617984
1694,4152,58.6974696,14.12967456
1694,4153,62.8340628,16.15964256
1694,4154,67.48573752,16.8213024
1694,4155,72.16085136,16.77302208
1694,4156,76.4342388,14.61138048
1694,4157,80.7511212,15.8721552
1694,4158,85.14773928,15.83045856
1694,4159,89.54469264,15.83045856
1694,4160,93.91433592,15.6581856
1694,4161,98.29086768,15.82387488
1694,4162,102.987348,18.89296704
1694,4163,108.18461472,17.062704
1694,4164,112.6755684,16.49541024
1694,4165,117.70010496,19.19362176
1694,4166,122.80571832,17.3260512
1694,4167,127.48418496,16.70169888
1694,4168,132.39433008,18.34761888
1694,4169,137.28685776,17.86591296
1694,4170,142.93644768,21.86988768
1694,4171,149.04890688,22.44047328
1694,4172,155.26944816,21.98510208
1694,4173,161.35971792,21.86659584
1694,4174,167.43718608,21.93901632
1694,4175,173.27797704,19.59522624
1694,4176,178.55708256,18.95990112
1694,4177,184.51488624,25.3910592
1694,4178,192.0115032,26.0768592
1694,4179,198.5386428,22.0663008
1694,4180,204.81642552,23.38084224
1694,4181,211.73687904,26.30399616
1694,4182,219.1121856,26.55637056
1694,4183,226.4692956,26.45871264
1694,4184,233.66309376,25.18038144
1694,4185,240.60863232,24.94775808
1694,4186,247.5527688,25.08711264
1694,4187,254.724408,26.3127744
1694,4188,261.91866336,25.62368256
1694,4189,268.72314048,22.6917504
1694,4190,274.78972728,21.82709376
1694,4191,280.88338032,21.94779456
1694,4192,286.62712296,18.37614816
1694,4193,291.32229264,16.45810272
1694,4194,295.89490224,16.45810272
1694,4195,300.4380072,16.77411936
1694,4196,305.30673,17.7649632
1694,4197,310.13832816,16.36812576
1694,4198,314.59386408,16.41860064
1694,4199,319.1670528,16.4592
1694,4200,323.76794784,16.74010368
1694,4201,328.439526,16.57331712
1694,4202,332.71196856,14.40948096
1694,4203,336.71024352,14.39960544
1694,4204,340.70949384,14.32389312
1694,4205,344.82063624,15.76023264
1694,4206,349.14983256,14.85497664
1694,4207,353.23787112,14.7145248
1694,4208,357.28741344,14.46544224
1694,4209,361.31507112,15.03602784
1694,4210,365.75015496,15.99175872
1694,4211,370.00351704,15.09198912
1694,4212,374.21841336,15.17647968
1694,4213,378.52139688,15.88751712
1694,4214,382.95870576,15.9763968
1694,4215,387.4081152,16.0586928
1694,4216,391.85764656,15.9818832
1694,4217,396.15474744,15.67025568
1694,4218,401.02298256,18.65705184
1694,4219,406.20464352,18.65376
1694,4220,411.17559624,16.06198464
1694,4221,416.17776048,21.78210528
1694,4222,422.45048352,22.62701088
1694,4223,428.73649584,22.6259136
1694,4224,435.02150232,22.30879968
1694,4225,440.6178132,18.62523072
1694,4226,445.93190976,19.30334976
1694,4227,451.29456096,19.30334976
1694,4228,456.65721216,19.30334976
1694,4229,462.01989384,19.30334976
1694,4230,467.38483104,19.37138112
1694,4231,472.77076896,19.33517088
1694,4232,477.91643304,16.815816
1694,4233,481.79928024,13.61834208
1694,4234,486.0110676,16.73681184
1694,4235,491.4083136,20.02974912
1694,4236,496.468908,17.33044032
1694,4237,499.5156888,17.5784256
1703,4156,22.2327216,20.1789792
1703,4157,26.21350104,19.00927872
1703,4158,30.7675788,13.7214864
1703,4159,34.40576304,12.77453376
1703,4160,38.22295632,16.60843008
1703,4161,43.52952432,19.6358256
1703,4162,48.7270044,18.72288864
1703,4163,54.06048624,19.20130272
1703,4164,59.3945472,19.20349728
1703,4165,64.46096328,16.32642912
1703,4166,68.88550104,16.47346464
1703,4167,73.46064048,16.4701728
1703,4168,78.05766456,16.63037568
1703,4169,82.65432288,16.4701728
1703,4170,87.22891368,16.4701728
1703,4171,91.77887664,16.01260704
1703,4172,96.1380348,15.68781216
1703,4173,100.50712944,15.71414688
1703,4174,104.95608168,17.51149152
1703,4175,110.3645748,19.81248768
1703,4176,115.65693912,19.01147328
1703,4177,121.11526704,20.5849728
1703,4178,127.08450072,22.24406016
1703,4179,132.08032512,27.20596032
1704,4152,21.0168744,19.5096384
1704,4153,25.57034256,20.64312864
1704,4154,30.22948488,12.34001088
1704,4155,33.4793844,12.46180896
1704,4156,37.21763448,14.1713712
1704,4157,41.43295752,15.92592192
1704,4158,46.13580816,17.33812128
1704,4159,50.48640144,13.91789952
1704,4160,54.16420968,13.09823136
1704,4161,57.80419224,13.1015232
1704,4162,61.44438816,13.10810688
1704,4163,65.08976568,13.5349488
1704,4164,73.46344464,42.40219104
1704,4165,81.02339904,15.9434784
1704,4166,85.4424504,15.91056
1704,4167,89.92465632,17.28654912
1704,4168,94.90566744,17.47637856
1704,4169,99.72220848,17.36774784
1704,4170,104.53759128,17.29971648
1704,4171,108.97419912,14.13186912
1704,4172,112.7453676,13.5294624
1704,4173,116.5192488,13.82792256
1704,4174,121.2838824,21.22249248
1704,4175,127.38485064,21.6273888
1704,4176,133.59045672,22.93534656
1704,4177,139.8922272,23.72868
1704,4178,147.20806728,27.92797056
1704,4179,154.9767792,27.98064
1704,4180,162.74271744,27.97076448
1704,4181,170.556174,28.25496
1704,4182,178.38246264,28.1287728
1704,4183,186.4592664,29.26226304
1704,4184,194.66850576,31.41293184
1704,4185,203.70948336,32.9403456
1704,4186,213.13191816,34.88362848
1704,4187,222.5872104,32.9348592
1704,4188,231.70874664,32.78014272
1704,4189,240.52356264,29.00440224
1704,4190,247.49827056,23.03958816
1704,4191,254.03653536,26.14927968
1704,4192,262.870188,33.79402944
1704,4193,270.77526744,23.63431392
1704,4194,276.93356856,21.82051008
1704,4195,283.02252768,21.9456
1704,4196,289.10438496,21.53302272
1704,4197,294.84742656,19.34285184
1704,4198,299.71096776,16.45700544
1704,4199,304.28257152,16.4592
1704,4200,308.85060912,16.34288832
1704,4201,313.38383856,16.42298976
1704,4202,317.9560824,16.4592
1704,4203,322.50183912,16.0367472
1704,4204,326.85356016,15.526512
1704,4205,331.08951816,14.07481056
1704,4206,334.5716448,11.88683424
1704,4207,337.75902984,11.01339936
1704,4208,340.80123864,10.76760864
1704,4209,343.96167936,12.6296928
1704,4210,347.31725304,10.62935136
1704,4211,350.63375136,13.70063808
1704,4212,354.44451336,13.716
1704,4213,358.25469624,13.65126048
1704,4214,362.00465064,13.56676992
1704,4215,365.77840992,12.9698496
1704,4216,369.20152728,12.95229312
1704,4217,373.1091852,14.39411904
1704,4218,377.10675912,14.39302176
1704,4219,381.104394,14.39192448
1704,4220,385.102608,14.43581568
1704,4221,389.1226152,14.43581568
1704,4222,393.12073776,14.39192448
1704,4223,397.11834216,14.39302176
1704,4224,401.11594656,14.39411904
1704,4225,405.11345952,14.39521632
1704,4226,408.95957832,12.40913952
1704,4227,412.56578904,15.98517504
1704,4228,417.54329496,18.27958752
1704,4229,422.61172272,18.23898816
1704,4230,427.67932752,18.24118272
1704,4231,432.50833488,16.93432224
1704,4232,437.4872124,18.4836816
1704,4233,442.61931288,18.50123808
1704,4234,447.76244712,18.51221088
1704,4235,452.80283328,17.0188128
1704,4236,457.68926496,20.46098016
1704,4237,463.90672776,22.74880896
1704,4238,469.1589804,15.84033408
1704,4239,475.11654024,26.31167712
1704,4240,482.27763336,24.03811296
1704,4241,488.43669648,20.55534624
1704,4242,494.23636992,21.99607488
1704,4243,498.9433252,20.0783952
1706,4181,159.6495664,34.546032
1706,4182,165.77133216,33.2640432
1706,4183,174.90378024,32.94473472
1706,4184,184.05293136,32.95022112
1706,4185,193.14426192,32.88657888
1706,4186,202.3591584,32.30831232
1706,4187,211.04659848,30.95207424
1706,4188,219.63772176,30.87965376
1706,4189,228.34966776,32.42023488
1706,4190,237.43929144,31.45572576
1706,4191,245.46927792,27.42431904
1706,4192,253.08467544,27.37384416
1706,4193,260.80675296,28.29226752
1706,4194,267.421374514286,27.3034614857143
1714,4163,22.11324,24.41448
1714,4164,27.69982776,24.47044128
1714,4165,34.41103608,23.65516224
1714,4166,41.28345312,26.54759232
1714,4167,48.256698,21.51985536
1714,4168,54.14576928,24.06554496
1714,4169,60.9993192,23.65516224
1714,4170,67.465956,23.24477952
1714,4171,73.92469848,23.20527744
1714,4172,79.86058704,18.76568256
1714,4173,84.816696,17.73643392
1714,4174,89.7440928,17.72326656
1714,4175,94.45666656,16.04003904
1714,4176,98.8688904,15.91056
1714,4177,103.27952928,15.93360288
1714,4178,108.1847976,18.90942624
1714,4179,113.17007592,17.36884512
1714,4180,118.03428768,17.5729392
1714,4181,122.9028276,17.78800608
1714,4182,127.84570824,17.57403648
1714,4183,132.93538056,18.94892832
1714,4184,138.23323128,20.58936192
1714,4185,144.51403152,23.3556048
1714,4186,151.00697256,23.40607968
1714,4187,157.57544304,24.47812224
1714,4188,164.6229372,25.703784
1714,4189,171.77863536,25.78608
1714,4190,178.92997488,25.8793488
1714,4191,186.67835664,29.89100448
1714,4192,195.23406216,32.06142432
1714,4193,204.32133888,33.1159104
1714,4194,213.92348376,35.73511776
1714,4195,223.49453904,32.99411232
1714,4196,232.62034248,32.92059456
1714,4197,241.50169632,30.31345728
1714,4198,249.43372008,27.46272384
1714,4199,257.18575944,29.08560096
1714,4200,265.42810008,28.80250272
1714,4201,273.0564516,27.08525952
1714,4202,280.6546584,27.432
1714,4203,288.27474984,27.432
1714,4204,295.89462792,27.43419456
1714,4205,303.2824008,24.54834816
1714,4206,309.6611028,22.1540832
1714,4207,315.17511768,16.70718528
1714,4208,319.24450248,14.17576032
1714,4209,323.27700648,14.5499328
1714,4210,327.3190812,14.39411904
1714,4211,330.79389264,10.4296464
1714,4212,333.5900364,10.05766848
1714,4213,336.3839856,10.03023648
1714,4214,339.06259848,9.21605472
1714,4215,341.59914408,9.02951712
1714,4216,344.10033288,9.26543232
1714,4217,347.23962048,13.50532224
1714,4218,351.09753504,13.9025376
1714,4219,354.95782704,13.9519152
1714,4220,359.01236808,15.17757696
1714,4221,363.27377688,15.53419296
1714,4222,367.59385968,15.3728928
1714,4223,371.51770248,13.05543744
1714,4224,375.25305696,14.20538688
1714,4225,379.52553,16.43835168
1714,4226,384.16159896,16.70499072
1714,4227,388.82226528,16.68523968
1714,4228,393.05618112,13.70612448
1714,4229,396.79089552,13.45045824
1714,4230,400.55910744,13.69295712
1714,4231,404.36910744,13.70722176
1714,4232,408.14448216,13.4636256
1714,4233,411.8765448,13.58322912
1714,4234,416.17139016,17.5235616
1714,4235,421.12734672,17.81872992
1714,4236,426.04526424,17.5784256
1714,4237,430.92191184,17.80775712
1714,4238,436.63002336,23.53555872
1714,4239,443.31501888,24.09956064
1714,4240,450.01196256,25.25609376
1714,4241,457.87744848,30.24762048
1714,4242,466.13362704,27.70961184
1714,4243,473.13366384,24.1566192
1714,4244,479.84718864,24.34535136
1714,4245,486.7169844,24.96421728
1714,4246,493.63932768,24.6229632
1714,4247,500.29436136,23.5531152
1714,4248,506.1869226,23.59152
1722,4161,0,0
1722,4162,0,0.42464736
1722,4163,2.62316976,20.00121984
1722,4164,8.79814344,22.49424
1722,4165,15.06547152,22.63798368
1722,4166,21.42600744,23.5750608
1722,4167,28.66589136,28.32738048
1722,4168,36.5819436,28.17924768
1722,4169,43.60234104,21.10837536
1722,4170,48.55613352,16.45590816
1722,4171,54.15024984,23.69466432
1722,4172,60.78711744,23.80439232
1722,4173,66.83492856,19.90136736
1722,4174,72.48436608,20.683728
1722,4175,78.25270608,20.8428336
1722,4176,83.99163288,20.41269984
1722,4177,89.38003968,17.82750816
1722,4178,94.10245848,16.83117792
1722,4179,98.80744272,17.00674272
1722,4180,103.58682864,17.57074464
1722,4181,108.52684416,17.82970272
1722,4182,113.54360832,18.46063872
1722,4183,118.76525904,18.85017312
1722,4184,124.04448648,19.44709344
1722,4185,129.3615396,19.2078864
1722,4186,135.27197736,23.14492704
1722,4187,141.81008976,23.57835264
1722,4188,148.39194096,23.96020608
1722,4189,155.09098776,24.14345184
1722,4190,161.80920648,24.50555424
1722,4191,169.0525956,28.08597888
1722,4192,177.39478872,31.491936
1722,4193,186.32030808,32.7318624
1722,4194,195.4661064,32.91510816
1722,4195,204.6745716,33.59981088
1722,4196,214.07045832,33.83133696
1722,4197,223.16474544,30.96085248
1722,4198,231.55918128,30.1752
1722,4199,239.95175784,30.28273344
1722,4200,248.39124312,30.45281184
1722,4201,256.58789424,28.25386272
1722,4202,264.40388064,28.09146528
1722,4203,271.99891752,27.02381184
1722,4204,279.4935228,26.5706352
1722,4205,286.35682632,22.6643184
1722,4206,292.70757816,23.4598464
1722,4207,299.14346064,22.49314272
1722,4208,305.25500544,21.3640416
1722,4209,310.50713616,16.5634416
1722,4210,314.50083912,11.8451376
1722,4211,317.56910832,10.9728
1722,4212,320.61689496,10.97609184
1722,4213,323.707506,11.33270784
1722,4214,326.87325024,11.4007392
1722,4215,330.04057944,11.40183648
1722,4216,333.1744416,11.07923616
1722,4217,336.22606872,10.9728
1722,4218,339.27294096,11.00681568
1722,4219,342.74549688,14.90984064
1722,4220,347.27519064,16.98699168
1722,4221,352.08591,17.4138336
1722,4222,356.915466,17.16584832
1722,4223,361.50791808,16.23645216
1722,4224,365.93050512,15.35862816
1722,4225,370.0107408,14.26573728
1722,4226,374.23014816,15.62746176
1722,4227,378.56803128,16.18597728
1722,4228,383.12143848,16.33959648
1722,4229,387.66990792,16.40872512
1722,4230,392.21459784,16.28144064
1722,4231,396.2150064,11.80234368
1722,4232,399.06726384,9.91282752
1722,4233,401.98733928,10.96402176
1722,4234,405.82471032,16.5744144
1722,4235,410.47419048,16.73352
1722,4236,415.12760256,16.78180032
1722,4237,419.78369688,16.73352
1722,4238,424.43131776,16.73352
1722,4239,429.08070648,17.10549792
1722,4240,434.3898348,21.32783136
1722,4241,440.8028268,24.87972672
1722,4242,447.84617568,25.0509024
1722,4243,454.6658928,23.96349792
1722,4244,461.47820328,25.1386848
1722,4245,468.42020616,26.36654112
1722,4246,476.24698248,28.48319424
1722,4247,483.69797088,25.155144
1722,4248,490.82565792,25.60063968
1722,4249,497.426758933333,25.4922528
1726,4168,22.118574,23.5256832
1726,4169,26.99058864,25.13210112
1726,4170,33.64775592,22.521672
1726,4171,39.8969484,22.5161856
1726,4172,46.15455336,22.53374208
1726,4173,52.41026856,22.5161856
1726,4174,58.6645512,22.5161856
1726,4175,64.92078456,22.51947744
1726,4176,70.8079356,19.38454848
1726,4177,76.0568964,19.010376
1726,4178,81.3150012,18.55281024
1726,4179,86.22389664,17.41822272
1726,4180,91.48322064,20.80003968
1726,4181,96.9971136,17.98661376
1726,4182,101.8643124,17.1888912
1726,4183,106.62736104,17.09123328
1726,4184,111.50961696,18.53525376
1726,4185,116.884704,19.6852032
1726,4186,122.45001672,21.13800192
1726,4187,128.49063456,21.91377888
1726,4188,134.9079852,24.0688368
1726,4189,141.6541236,24.40131264
1726,4190,148.36447848,23.61566016
1726,4191,154.80200688,23.04288
1726,4192,161.31716784,25.04102688
1726,4193,169.08319752,30.35405664
1726,4194,177.92251944,32.38512192
1726,4195,186.94901904,32.90962176
1726,4196,196.09960272,32.91510816
1726,4197,205.23110592,32.93924832
1726,4198,214.65588768,34.87485024
1726,4199,224.09746392,32.92278912
1726,4200,233.2259496,32.9184
1726,4201,242.32081584,32.30721504
1726,4202,251.28141768,31.45572576
1726,4203,259.436616,28.73886048
1726,4204,267.46209144,27.9422352
1726,4205,274.97279016,26.00443872
1726,4206,281.62675704,22.35269088
1726,4207,287.7369912,21.9456
1726,4208,293.83308264,21.9456
1726,4209,299.930058,21.81721824
1726,4210,305.46031872,17.41712544
1726,4211,309.73221264,12.73612896
1726,4212,312.8384904,10.9618272
1726,4213,315.8866428,10.9728
1726,4214,318.93473424,10.9728
1726,4215,321.98465448,11.0331504
1726,4216,325.08251976,11.22627168
1726,4217,328.20120288,11.2251744
1726,4218,331.31906304,11.18567232
1726,4219,334.39278816,10.97499456
1726,4220,337.5963276,13.44058272
1726,4221,341.92012896,16.31435904
1726,4222,346.54031784,17.63987328
1726,4223,351.7320372,19.08279648
1726,4224,357.02540736,18.6592464
1726,4225,361.80549432,16.24084128
1726,4226,366.36322968,16.46139456
1726,4227,370.8545796,15.49908
1726,4228,374.7938148,12.7503936
1726,4229,378.26688888,12.75917184
1726,4230,381.82393536,13.469112
1726,4231,385.83452424,14.82754464
1726,4232,389.95703568,14.77926432
1726,4233,394.0562604,14.758416
1726,4234,398.11363608,13.92558048
1726,4235,401.87523384,13.53604608
1726,4236,405.47995104,11.9219472
1726,4237,408.73670856,12.53203488
1726,4238,412.55006136,15.23244096
1726,4239,417.33539088,19.06853184
1726,4240,422.95611624,21.25760544
1726,4241,429.09780576,23.04397728
1726,4242,435.8329104,25.08601536
1726,4243,442.807344,25.20891072
1726,4244,450.02677584,26.54978688
1726,4245,457.10849904,25.11564192
1726,4246,464.23502784,25.2209808
1726,4247,471.48329376,27.4978368
1726,4248,479.06656536,25.94628288
1726,4249,486.00808056,25.32193056
1726,4250,493.1234232,24.92252064
1726,4251,498.575076,25.2246384
1733,4170,21.9661232,25.1935488
1733,4171,26.45380536,24.11053344
1733,4172,32.99972064,23.41814976
1733,4173,39.50936472,23.4488736
1733,4174,46.02665928,23.46643008
1733,4175,52.54209456,23.4488736
1733,4176,59.0560668,23.44997088
1733,4177,65.32647336,17.81763264
1733,4178,69.002148,16.60623552
1733,4179,75.11469864,23.15041344
1733,4180,80.2992552,8.98013952
1733,4181,82.5980568,14.511528
1733,4182,87.43221528,18.52867008
1733,4183,92.7959028,19.71592704
1733,4184,98.13938208,19.1036448
1733,4185,103.4754852,18.83151936
1733,4186,108.5615304,18.74593152
1733,4187,113.99440752,20.22067584
1733,4188,119.94053736,22.01033952
1733,4189,126.09152328,22.77624096
1733,4190,132.7713372,24.48141408
1733,4191,139.287504,23.23051488
1733,4192,146.2495932,26.90969472
1733,4193,154.10907456,29.15143776
1733,4194,162.39646464,30.74798016
1733,4195,171.24550968,32.88328704
1733,4196,180.3934416,32.93156736
1733,4197,189.54442152,32.94692928
1733,4198,198.68957976,32.88109248
1733,4199,207.88003128,34.13967264
1733,4200,217.76463432,35.4750624
1733,4201,227.13503976,32.80757472
1733,4202,236.27431536,32.86573056
1733,4203,245.39198064,32.8745088
1733,4204,254.35669728,30.49560576
1733,4205,262.44310224,28.77177888
1733,4206,269.97696576,24.17637024
1733,4207,276.165564,21.81721824
1733,4208,282.25132272,21.9510864
1733,4209,288.0971124,19.79712576
1733,4210,293.50383768,19.48001184
1733,4211,298.76989776,17.8746912
1733,4212,303.07407,12.00534048
1733,4213,305.9337036,10.75663584
1733,4214,309.01767,10.61179488
1733,4215,311.82247008,10.00609632
1733,4216,314.60230704,9.79102944
1733,4217,317.27832912,9.60010272
1733,4218,320.03061216,10.55802816
1733,4219,323.08056288,11.0715552
1733,4220,326.15498904,11.06387424
1733,4221,329.49075072,13.98593088
1733,4222,333.73475544,15.5484576
1733,4223,338.054442,15.5429712
1733,4224,342.59836992,18.13584384
1733,4225,347.99332992,19.75104
1733,4226,353.47966896,19.75872096
1733,4227,358.68653688,16.51845312
1733,4228,362.89241112,15.02944416
1733,4229,367.08365496,15.0876
1733,4230,371.27462448,15.0876
1733,4231,375.4779384,15.59125152
1733,4232,380.03863032,16.82569152
1733,4233,384.53281488,14.63113152
1733,4234,388.28755464,13.25294784
1733,4235,391.94990952,13.16736
1733,4236,395.60735712,13.16736
1733,4237,399.27495456,13.331952
1733,4238,403.0185996,13.5294624
1733,4239,406.77763704,13.5294624
1733,4240,410.75097936,16.8213024
1733,4241,416.23530672,20.90647584
1733,4242,422.0324808,20.84832
1733,4243,428.0025984,23.64199488
1733,4244,435.25549728,27.0589248
1733,4245,442.76125824,27.02820096
1733,4246,450.18042552,26.53442496
1733,4247,458.19483672,31.0475376
1733,4248,466.68702192,28.61596512
1733,4249,473.96762712,25.23853728
1733,4250,480.9786672,25.23744
1733,4251,487.97958792,24.96421728
1733,4252,494.77077576,24.13906272
1733,4253,501.46878624,24.1017552
1733,4254,507.5008392,24.14016
1755,4174,22.80952512,26.77143744
1755,4175,29.45626824,20.5355952
1755,4176,35.3205288,24.17198112
1755,4177,42.49454544,26.05601088
1755,4178,48.71825664,16.11684864
1755,4179,52.87615536,17.71668288
1755,4180,58.17559104,19.20130272
1755,4181,63.51032256,19.20678912
1755,4182,68.72014704,18.38602368
1755,4183,74.2093512,21.06448416
1755,4184,80.09284464,21.20054688
1755,4185,85.85716128,19.5645024
1755,4186,90.92339448,17.70351552
1755,4187,95.80964328,17.61463584
1755,4188,100.93110624,20.8647792
1755,4189,106.89479256,18.82713024
1755,4190,111.5924616,17.04185568
1755,4191,116.9842212,21.50229888
1755,4192,122.90377248,21.32124768
1755,4193,129.10441032,23.4872784
1755,4194,135.8991948,26.20414368
1755,4195,143.79805632,29.29627872
1755,4196,151.8099072,27.25424064
1755,4197,158.86340592,24.6833136
1755,4198,165.89343504,27.84567456
1755,4199,174.53969664,32.2435728
1755,4200,183.45823608,32.52996288
1755,4201,192.45227448,31.66311168
1755,4202,201.25422792,31.81124448
1755,4203,209.9346576,31.35367872
1755,4204,218.67824184,29.90088
1755,4205,226.44777672,27.32336928
1755,4206,234.0641496,27.432
1755,4207,241.66473384,27.3332448
1755,4208,249.27613848,27.42870816
1755,4209,256.97706288,28.49965344
1755,4210,265.00662264,28.33286688
1755,4211,272.46693792,24.69538368
1755,4212,278.76508128,21.53082816
1755,4213,284.67393408,20.8099152
1755,4214,289.79512272,16.5085776
1755,4215,294.36575112,16.4592
1755,4216,298.87535856,15.05687616
1755,4217,302.3680008,11.0057184
1755,4218,305.4146292,10.9728
1755,4219,308.40206544,10.66995072
1755,4220,311.4732912,11.36672352
1755,4221,314.6444304,11.2690656
1755,4222,317.71489416,10.9728
1755,4223,320.76179688,11.01230208
1755,4224,324.29921424,15.05577888
1755,4225,328.67794056,15.8227776
1755,4226,333.07333944,15.82716672
1755,4227,337.52476056,16.952976
1755,4228,342.5351544,18.38602368
1755,4229,347.66216472,18.5330592
1755,4230,352.80907848,18.5330592
1755,4231,357.95425488,18.406872
1755,4232,363.03533184,18.40028832
1755,4233,368.09976672,17.11317888
1755,4234,372.60821592,16.32533184
1755,4235,377.10989856,15.38057376
1755,4236,381.2790444,15.14026944
1755,4237,385.42130688,14.79023712
1755,4238,389.54101416,14.79462624
1755,4239,393.49414824,12.84146784
1755,4240,396.61645848,9.60997824
1755,4241,399.63269832,14.60260224
1755,4242,404.215092,16.788384
1755,4243,408.878532,16.788384
1755,4244,413.54309976,16.83008064
1755,4245,418.21857936,16.83556704
1755,4246,423.32730168,20.65300416
1755,4247,429.67881552,25.3855728
1755,4248,437.27281608,28.66863456
1755,4249,445.50235512,30.16203264
1755,4250,453.88008792,30.16093536
1755,4251,462.25779024,30.16093536
1755,4252,470.6535672,30.1313088
1755,4253,478.52527104,25.45470144
1755,4254,485.17686048,24.43203648
1755,4255,492.2622108,24.60430944
1755,4256,497.750504914286,23.5068726857143
1770,4176,19.9988424,25.3659785142857
1770,4177,25.9706364,25.21768896
1770,4178,31.77094992,15.14575584
1770,4179,36.50821248,20.48731488
1770,4180,42.22336488,20.5136496
1770,4181,47.88825576,20.30845824
1770,4182,53.52254472,20.16361728
1770,4183,59.05170816,19.75104
1770,4184,64.47187512,18.78982272
1770,4185,69.97412472,21.51107712
1770,4186,75.9619512,20.72432736
1770,4187,81.3416712,18.68338656
1770,4188,86.53006824,18.68558112
1770,4189,92.35784424,23.5531152
1770,4190,98.88190536,23.58493632
1770,4191,105.46488432,22.2308928
1770,4192,110.694978,16.22438208
1770,4193,115.86862272,23.3336592
1770,4194,123.19656336,27.29813184
1770,4195,130.4903664,24.5571264
1770,4196,136.906254,23.34134016
1770,4197,143.8590468,25.55345664
1770,4198,150.72183216,25.14197664
1770,4199,158.24953872,28.01465568
1770,4200,166.07601024,28.40419008
1770,4201,174.0641172,29.050488
1770,4202,182.28484752,29.81748672
1770,4203,190.44028968,28.69058016
1770,4204,198.15590544,27.44626464
1770,4205,206.01270456,29.8076112
1770,4206,214.5907824,31.04314848
1770,4207,222.79834536,27.94442976
1770,4208,230.5463004,27.84457728
1770,4209,238.17568824,27.3387312
1770,4210,245.77295016,27.4265136
1770,4211,253.40297808,27.72607104
1770,4212,261.32890584,29.04390432
1770,4213,269.13029232,26.2743696
1770,4214,275.73680184,22.0772736
1770,4215,281.47956912,18.38163456
1770,4216,286.15376856,16.3275264
1770,4217,290.6492028,15.05577888
1770,4218,294.14172312,11.0057184
1770,4219,297.1885344,10.9728
1770,4220,300.2365344,10.9728
1770,4221,303.2845344,10.9728
1770,4222,306.3325344,10.9728
1770,4223,309.37952856,10.89489312
1770,4224,312.3863196,10.89489312
1770,4225,315.4332528,10.9728
1770,4226,318.4812528,10.9728
1770,4227,321.71444928,14.11431264
1770,4228,326.59161504,19.1859408
1770,4229,331.92899832,19.61388
1770,4230,337.74708168,21.9291408
1770,4231,343.8147048,21.55496832
1770,4232,349.43570448,18.98952768
1770,4233,354.67954464,18.68887296
1770,4234,359.55698472,16.36373664
1770,4235,364.0826856,16.4592
1770,4236,368.65523424,16.46139456
1770,4237,372.96763608,14.39850816
1770,4238,376.9097364,13.67101152
1770,4239,380.31554112,11.26577376
1770,4240,383.5708356,12.30709248
1770,4241,387.01175328,12.43657152
1770,4242,390.4568772,12.34878912
1770,4243,393.8875536,12.3059952
1770,4244,397.11642192,12.05142624
1770,4245,401.99002152,22.23308736
1770,4246,408.23820816,22.49424
1770,4247,414.49057056,22.5436176
1770,4248,420.74863272,22.49424
1770,4249,427.00575,22.93754112
1770,4250,433.99182696,27.50771232
1770,4251,441.724542,28.57646304
1770,4252,450.0766716,30.62727936
1770,4253,458.58495024,30.62727936
1770,4254,467.09801424,30.7183536
1770,4255,475.44026832,28.10902176
1770,4256,482.49330984,24.26854176
1770,4257,489.43266096,24.46166304
1770,4258,495.04588824,15.18745248
1770,4259,498.4549467,14.6912076
1781,4190,10.9634274,21.3091776
1781,4191,15.09104424,21.23895168
1781,4192,20.87416704,19.09925568
1781,4193,25.4326644,15.08101632
1781,4194,29.67416976,16.13659968
1781,4195,34.52064216,18.08207712
1781,4196,38.7965115428571,18.4876004571429
1790,4184,21.9785184,21.8188032
1790,4185,27.575256,20.88562752
1790,4186,33.29549856,20.12740704
1790,4187,39.09111816,21.77113248
1790,4188,44.80203384,18.7689744
1790,4189,49.75162008,18.57914496
1790,4190,55.66580688,22.91340096
1790,4191,62.03554776,22.93205472
1790,4192,68.27833944,20.83076352
1790,4193,73.5942648,18.7415424
1790,4194,78.8641044,18.681192
1790,4195,84.22386,20.80333152
1790,4196,90.51807144,24.79413888
1790,4197,97.74079512,26.47078272
1790,4198,105.06367608,25.73450784
1790,4199,111.94578576,24.68111904
1790,4200,118.9742604,25.22756448
1790,4201,125.72536704,23.29415712
1790,4202,132.27594576,24.67563264
1790,4203,139.86293592,30.76882848
1790,4204,148.8691968,32.88109248
1790,4205,157.74960576,30.39355872
1790,4206,165.69116976,27.404568
1790,4207,173.2009236,26.33472
1790,4208,180.27237504,24.19282944
1790,4209,186.87153888,23.30403264
1790,4210,193.05248664,21.9456
1790,4211,199.16122728,22.37024736
1790,4212,205.9643328,27.53294976
1790,4213,214.24809576,30.71176992
1790,4214,222.3564768,27.54501984
1790,4215,229.9551408,27.432
1790,4216,237.57261096,27.36177408
1790,4217,245.05974864,25.94628288
1790,4218,251.76885384,22.38670656
1790,4219,257.48806008,19.40429952
1790,4220,262.88683008,19.18155168
1790,4221,267.81242856,16.14976704
1790,4222,271.75614432,12.44973888
1790,4223,274.9681572,10.84002912
1790,4224,277.98970056,10.97718912
1790,4225,281.03797488,10.9728
1790,4226,284.0860968,10.9728
1790,4227,287.1340968,10.9728
1790,4228,290.2134912,11.92304448
1790,4229,294.21981288,16.33191552
1790,4230,298.79272728,16.4592
1790,4231,303.25759008,14.54115456
1790,4232,306.64193688,10.97060544
1790,4233,309.68399328,10.90915776
1790,4234,313.2510372,15.55284672
1790,4235,317.80590744,16.8651936
1790,4236,323.10625752,21.52534176
1790,4237,329.2949472,22.411944
1790,4238,335.46437352,21.98729664
1790,4239,341.21722968,18.24886368
1790,4240,345.93019968,17.5619664
1790,4241,351.06175152,18.72288864
1790,4242,356.16303672,17.20864224
1790,4243,360.19392528,11.84294304
1790,4244,363.13314216,9.96769152
1790,4245,365.89676376,10.05547392
1790,4246,368.69001192,10.05547392
1790,4247,371.51364864,10.50316416
1790,4248,374.5284864,10.9728
1790,4249,377.5764864,10.9728
1790,4250,380.5932444,10.31223744
1790,4251,384.05366928,17.09671968
1790,4252,389.52467688,20.18227104
1790,4253,395.11443456,20.1131424
1790,4254,400.70199768,20.1131424
1790,4255,406.28946936,20.1131424
1790,4256,411.87620952,20.12301792
1790,4257,417.79649232,23.03300448
1790,4258,424.39379688,23.16796992
1790,4259,430.95635424,25.47006336
1790,4260,438.26686032,25.9177536
1790,4261,445.42789248,26.30399616
1790,4262,452.68554624,26.35556832
1790,4263,460.1463492,26.9162784
1790,4264,467.63004264,26.99967168
1790,4265,475.12385544,26.92066752
1790,4266,482.6009652,26.9162784
1790,4267,490.07965992,26.80874496
1790,4268,496.70774928,19.12888224
1790,4269,499.6744896,15.1314912
1795,4179,21.3258908,22.658832
1795,4180,26.2845804,22.29892416
1795,4181,32.32208928,21.24004896
1795,4182,38.2271016,21.2817456
1795,4183,44.14046544,21.29710752
1795,4184,50.05480464,21.27845376
1795,4185,55.9663092,21.28284288
1795,4186,61.87830144,21.287232
1795,4187,67.59043632,18.4836816
1795,4188,72.56364456,18.57475584
1795,4189,77.24979216,16.94968416
1795,4190,82.84863288,20.80772064
1795,4191,88.0164864,17.27777088
1795,4192,92.84378688,18.42442848
1795,4193,99.08496312,25.44263136
1795,4194,106.04263272,23.91302304
1795,4195,112.464342,22.96387584
1795,4196,118.66714392,21.58569216
1795,4197,124.8031032,23.51141856
1795,4198,131.94103152,27.96637536
1795,4199,139.85476728,28.34383968
1795,4200,147.715986,28.29007296
1795,4201,155.66117712,29.99085696
1795,4202,164.55076056,32.87341152
1795,4203,173.63639136,32.06581344
1795,4204,181.9805352,28.02562848
1795,4205,189.62013384,27.46162656
1795,4206,197.24321232,27.4210272
1795,4207,204.89841672,29.65728384
1795,4208,213.66379416,26.09770752
1795,4209,219.55515144,24.7930416
1795,4210,227.45133072,27.62731584
1795,4211,234.46444344,24.95434176
1795,4212,241.8194808,27.33434208
1795,4213,249.43134264,27.45723744
1795,4214,257.12108088,27.98283456
1795,4215,264.7440984,25.27694208
1795,4216,270.99292512,20.2887072
1795,4217,275.9645484,16.45700544
1795,4218,280.53276888,16.14318336
1795,4219,284.73367488,14.03201664
1795,4220,288.45674592,12.89304
1795,4221,291.73782648,10.97060544
1795,4222,294.78597888,10.97389728
1795,4223,297.546522,9.1952064
1795,4224,300.38875152,10.9782864
1795,4225,303.4369344,10.9728
1795,4226,306.48499536,10.9728
1795,4227,309.52894152,10.8520992
1795,4228,312.53746992,10.93658976
1795,4229,315.58973712,11.38208544
1795,4230,319.33158384,15.36082272
1795,4231,323.92982712,18.1709568
1795,4232,329.16543768,18.92478816
1795,4233,334.28245056,17.72546112
1795,4234,339.3720924,19.17716256
1795,4235,344.60319192,18.24996096
1795,4236,349.58475168,17.83957824
1795,4237,354.55527768,17.89224768
1795,4238,359.39324616,16.57551168
1795,4239,363.9302856,16.4592
1795,4240,368.50225512,16.46139456
1795,4241,372.9986952,15.77010816
1795,4242,377.24635752,14.54005728
1795,4243,380.95019568,12.17212704
1795,4244,384.22959984,11.79905184
1795,4245,387.52052544,11.88134784
1795,4246,390.80654376,11.79576
1795,4247,394.08299136,11.79576
1795,4248,397.35925608,11.79576
1795,4249,400.82306424,15.27194304
1795,4250,406.24405416,21.45511584
1795,4251,412.07048904,22.21223904
1795,4252,419.17293864,27.35409312
1795,4253,426.7625196,27.322272
1795,4254,434.35170432,27.32007744
1795,4255,441.93067824,27.2783808
1795,4256,449.39705904,25.27474752
1795,4257,457.0219968,32.013144
1795,4258,466.23616176,31.34709504
1795,4259,473.57806224,31.46669856
1795,4260,483.52051632,28.68180192
1795,4261,490.62037512,25.95506112
1795,4262,497.80478544,25.49091168
1795,4263,504.1753188,25.51176
1804,4182,21.7235314285714,23.7827602285714
1804,4183,27.02649408,21.47486688
1804,4184,33.03998472,22.28685408
1804,4185,39.25531392,22.6368864
1804,4186,45.19732896,19.31432256
1804,4187,50.0096028,16.23206304
1804,4188,55.44366864,23.2458768
1804,4189,62.00430576,23.62882752
1804,4190,68.33457504,20.36222496
1804,4191,73.65178056,19.75104
1804,4192,79.1361384,19.4547744
1804,4193,84.66563712,20.94049152
1804,4194,90.99096864,24.4364256
1804,4195,98.03102568,25.96383936
1804,4196,105.1654488,24.64051968
1804,4197,111.84447024,24.84022464
1804,4198,119.11160328,26.11197216
1804,4199,125.99727912,24.441912
1804,4200,133.46649456,29.94696576
1804,4201,142.20797568,31.06509408
1804,4202,150.42011064,29.06475264
1804,4203,158.4760356,28.95502464
1804,4204,166.46344152,28.42394112
1804,4205,174.22008336,27.4758912
1804,4206,181.78174464,26.88994368
1804,4207,189.0409224,24.45507936
1804,4208,195.35872536,22.81135392
1804,4209,202.41667416,27.32995296
1804,4210,210.16712856,28.94405184
1804,4211,218.32119912,28.62364608
1804,4212,225.99652032,27.32885568
1804,4213,233.6127408,27.432
1804,4214,241.21701312,27.33763392
1804,4215,248.8263756,27.43638912
1804,4216,256.25322384,25.37350272
1804,4217,263.07019776,23.54104512
1804,4218,268.56958224,16.48553472
1804,4219,273.07220976,16.39665504
1804,4220,277.54990464,14.53786272
1804,4221,281.01267648,11.52034272
1804,4222,284.12166696,10.9728
1804,4223,287.16969744,10.9728
1804,4224,290.21766696,10.96621632
1804,4225,293.46110472,13.13773344
1804,4226,297.19898904,12.61213632
1804,4227,300.43212456,11.46767328
1804,4228,304.23773544,15.56601408
1804,4229,308.39188512,13.47130656
1804,4230,311.63806608,10.83344544
1804,4231,314.77235496,12.88535904
1804,4232,319.02071832,16.46249184
1804,4233,323.82418344,18.6921648
1804,4234,329.19814272,19.44050976
1804,4235,334.50288192,18.9225936
1804,4236,339.96105744,19.53487584
1804,4237,345.214194,18.70752672
1804,4238,350.32559856,18.35639712
1804,4239,355.42859064,18.3574944
1804,4240,360.30676224,16.52284224
1804,4241,364.59151872,13.44387456
1804,4242,367.823496,10.97060544
1804,4243,370.87158744,10.9728
1804,4244,373.91967888,10.97170272
1804,4245,376.96798368,10.97389728
1804,4246,380.01418536,11.08911168
1804,4247,383.53785624,14.4511776
1804,4248,387.65015688,14.84400384
1804,4249,391.75886088,14.758416
1804,4250,395.85677496,14.7803616
1804,4251,400.56459384,20.29529088
1804,4252,406.59966432,21.9456
1804,4253,412.69673112,21.86001216
1804,4254,418.87588056,23.04617184
1804,4255,425.50656072,24.13577088
1804,4256,432.19045896,25.48761984
1804,4257,439.96880256,28.64778624
1804,4258,447.6690564,27.15768
1804,4259,455.14430688,27.19937664
1804,4260,462.88366656,27.95649984
1804,4261,470.81050872,29.7033696
1804,4262,479.09792928,28.8749232
1804,4263,486.71600904,26.087832
1804,4264,493.78715568,24.62406048
1804,4265,498.7516568,19.7382384
1810,4188,34.7297925333333,17.2967904
1810,4189,39.29015256,17.28325728
1810,4190,44.45108712,20.66397696
1810,4191,50.51230944,22.19139072
1810,4192,56.6786268,22.1979744
1810,4193,62.846712,22.1431104
1810,4194,68.66497824,19.33846272
1810,4195,73.5281232,16.74339552
1810,4196,78.37249248,17.17023744
1810,4197,82.99472352,16.77521664
1810,4198,88.0827804,20.53998432
1810,4199,94.09794744,22.00375584
1810,4200,100.4540028,23.95801152
1810,4201,107.07264336,23.94045504
1810,4202,114.19069872,27.13902624
1810,4203,121.8479148,27.47918304
1810,4204,129.37653576,27.7666704
1810,4205,137.59446192,31.11117984
1810,4206,146.37590232,31.2560208
1810,4207,154.80770664,28.80798912
1810,4208,162.46870224,26.84934432
1810,4209,169.62696072,23.81865696
1810,4210,175.81955184,21.95547552
1810,4211,181.91887416,21.94779456
1810,4212,188.01886704,21.97522656
1810,4213,194.11849416,21.94340544
1810,4214,200.62688856,25.60173696
1810,4215,208.11436152,28.34164512
1810,4216,216.258648,29.11413024
1810,4217,224.02537872,27.29484
1810,4218,231.6303216,27.432
1810,4219,239.21462952,26.6529312
1810,4220,246.00267792,22.15847232
1810,4221,251.40666,16.72474176
1810,4222,255.7387824,14.9888448
1810,4223,259.9148472,15.1644096
1810,4224,264.08155464,14.00458464
1810,4225,267.43316592,10.9673136
1810,4226,270.442182,10.69409088
1810,4227,273.4516248,10.9728
1810,4228,276.4996248,10.9728
1810,4229,279.54543024,10.97499456
1810,4230,283.11725952,15.50566368
1810,4231,287.66542416,16.4592
1810,4232,292.23745464,16.46578368
1810,4233,296.56573656,13.43838816
1810,4234,299.78140704,10.97170272
1810,4235,302.82952896,10.97060544
1810,4236,306.04501656,13.43838816
1810,4237,310.35644304,16.31326176
1810,4238,314.90789952,16.92664128
1810,4239,320.3175204,22.03996608
1810,4240,326.74288728,23.79012768
1810,4241,333.27758592,22.7795328
1810,4242,339.40403544,21.040344
1810,4243,344.4985236,16.32313728
1810,4244,348.73527408,14.04847584
1810,4245,352.5795336,13.83779808
1810,4246,356.32436736,12.52435392
1810,4247,359.49172704,10.75114944
1810,4248,362.48721,10.96292448
1810,4249,365.45907096,10.41647904
1810,4250,368.43529056,11.25150912
1810,4251,371.62697328,11.24931456
1810,4252,374.68274568,11.44353312
1810,4253,378.94445928,19.16838432
1810,4254,383.32129584,13.76098848
1810,4255,388.5311508,21.92255712
1810,4256,394.60462608,21.83806656
1810,4257,400.67093856,21.84026112
1810,4258,406.75054032,21.93572448
1810,4259,412.8479424,21.98729664
1810,4260,418.95774984,21.95876736
1810,4261,425.05353648,21.9456
1810,4262,431.14971936,21.9785184
1810,4263,437.45831736,23.63650848
1810,4264,444.09933024,23.95581696
1810,4265,450.7545468,23.95801152
1810,4266,457.40973288,23.95801152
1810,4267,464.064858,23.7231936
1810,4268,469.89220728,20.3380848
1810,4269,476.47110192,25.1496576
1810,4270,483.45900768,25.13539296
1810,4271,489.76903824,18.65156544
1810,4272,494.29940256,15.12271296
1810,4273,498.14009592,12.64724928
1810,4274,499.9753272,12.4651008
1811,4282,457.7165598,17.7649632
1811,4283,462.15775488,17.7649632
1811,4284,467.0928936,17.81104896
1811,4285,472.05159336,17.81104896
1811,4286,476.98368408,17.34360768
1811,4287,480.58081176,7.15097376
1811,4288,482.02800216,4.89606336
1811,4289,483.58239072,6.54088608
1811,4290,485.54664384,9.03171168
1811,4291,488.66758248,11.9274336
1811,4292,491.98191672,11.9274336
1811,4293,495.29591568,11.92962816
1811,4294,498.516402,10.83125088
1815,4262,427.27626,16.3055808
1815,4263,430.22081088,16.30667808
1815,4264,434.87986176,18.51440544
1815,4265,440.80611864,22.9496112
1815,4266,447.20335248,23.04288
1815,4267,453.57687288,22.13104032
1815,4268,459.39931488,20.79455328
1815,4269,465.28174152,21.726144
1815,4270,471.32135352,21.02059296
1815,4271,477.07652616,20.7056736
1815,4272,482.82922992,20.64751776
1815,4273,488.03436048,16.1958528
1815,4274,492.0832932,13.95081792
1815,4275,495.9704076,12.98521152
1815,4276,498.78581472,7.25740992
1815,4277,499.8241464,6.4520064
1816,4218,218.5440384,22.76856
1816,4219,224.22127368,23.10652224
1816,4220,231.04214904,24.7052592
1816,4221,237.0466176,19.2517776
1816,4222,242.33294688,18.24557184
1816,4223,246.44655816,11.55326112
1816,4224,249.50641488,10.9728
1816,4225,252.55401864,10.96950816
1816,4226,255.7747488,12.60116352
1816,4227,259.43689032,13.386816
1816,4228,263.15618184,13.3813296
1816,4229,266.6561088,11.44901952
1816,4230,269.69310552,10.6875072
1816,4231,272.6711844,10.84002912
1816,4232,275.69797032,10.97718912
1816,4233,278.7709944,12.0591072
1816,4234,282.74506824,15.64282368
1816,4235,287.08834632,15.63624
1816,4236,291.4316244,15.63624
1816,4237,295.69507536,14.00019552
1816,4238,299.01456072,10.9673136
1816,4239,302.06225592,11.00901024
1816,4240,305.41865256,12.93802848
1816,4241,308.85237696,11.92853088
1816,4242,312.13626168,11.84733216
1816,4243,315.45614328,11.96803296
1816,4244,318.78020064,11.96803296
1816,4245,322.104258,11.96693568
1816,4246,325.42831536,11.9658384
1816,4247,328.75173264,11.96364384
1816,4248,332.05390536,11.56642848
1816,4249,335.5790088,15.07004352
1816,4250,338.0402688,16.4262816
1828,4187,19.7336664,19.257264
1828,4188,22.05724824,21.26418912
1828,4189,28.25431992,22.66870752
1828,4190,33.17525496,12.28734144
1828,4191,37.61222856,20.97560448
1828,4192,43.64022768,21.00084192
1828,4193,48.57792672,12.65273568
1828,4194,51.74723712,14.00787648
1828,4195,56.03187168,15.31144512
1828,4196,59.80227816,11.99985408
1828,4197,63.10356696,11.89232064
1828,4198,66.39632136,11.61141696
1828,4199,70.14764736,16.49102112
1828,4200,75.00265416,17.61792768
1828,4201,79.96226832,18.9994032
1828,4202,86.87510184,30.37929408
1828,4203,95.43467832,30.32991648
1828,4204,103.57192392,28.0519632
1828,4205,111.25300584,28.54354464
1828,4206,119.19770928,27.35189856
1828,4207,126.73894896,27.70522272
1828,4208,134.44441488,26.57721888
1828,4209,141.80070192,27.52307424
1828,4210,149.4803208,27.6679152
1828,4211,157.01037432,26.31716352
1828,4212,164.24129712,25.94957472
1828,4213,171.24383328,24.17417568
1828,4214,177.68233704,22.48765632
1828,4215,183.93000552,22.46461344
1828,4216,190.02637128,21.62848608
1828,4217,196.10051712,21.9456
1828,4218,202.19103072,21.85452576
1828,4219,208.15648488,21.44962944
1828,4220,214.22962488,21.96315648
1828,4221,220.31632848,21.8413584
1828,4222,226.37721552,21.82819104
1828,4223,231.91689456,17.33921856
1828,4224,236.18580144,12.88535904
1828,4225,239.32536336,10.89379584
1828,4226,242.2894824,10.26944352
1828,4227,244.96861344,9.15460704
1828,4228,247.13689968,6.199632
1828,4229,248.90349,6.45090912
1828,4230,250.50320232,5.48749728
1828,4231,252.16009512,7.96405824
1828,4232,255.12546384,11.74857696
1828,4233,258.38161176,11.8451376
1828,4234,261.69402576,12.0207024
1828,4235,265.12973136,13.80597696
1828,4236,269.4640788,16.06527648
1828,4237,273.95253312,16.45261632
1828,4238,278.52520368,16.4592
1828,4239,283.09720368,16.4592
1828,4240,287.6371692,15.63843456
1828,4241,291.38916576,11.52034272
1828,4242,294.45100368,10.9728
1828,4243,297.49906464,10.9728
1828,4244,300.54663792,10.97060544
1828,4245,303.85512,13.5733536
1828,4246,308.09071224,16.294608
1828,4247,312.59660112,15.69878496
1828,4248,316.73331624,14.9010624
1828,4249,321.1698936,17.11537344
1828,4250,326.4645744,20.78028864
1828,4251,332.34422736,21.2433408
1828,4252,338.24503344,21.23565984
1828,4253,344.11496328,21.11495904
1828,4254,350.00802744,21.2433408
1828,4255,355.90837632,21.2433408
1828,4256,361.76273088,21.00303648
1828,4257,367.74086472,22.19687712
1828,4258,373.98755784,22.5271584
1828,4259,380.24562,22.5271584
1828,4260,386.51364912,22.61713536
1828,4261,392.78704272,22.52825568
1828,4262,398.72412,19.04658624
1828,4263,403.69903512,18.8787024
1828,4264,409.13520408,19.30225248
1828,4265,414.85730592,21.97193472
1828,4266,420.96312048,21.9456
1828,4267,427.05518856,21.83696928
1828,4268,433.06803912,21.52973088
1828,4269,439.04425272,21.4847424
1828,4270,445.017906,21.52973088
1828,4271,450.95105136,20.21409216
1828,4272,455.99579616,17.47637856
1828,4273,461.13021312,19.11571488
1828,4274,466.402674,17.60146848
1828,4275,470.68118208,16.8761664
1828,4276,476.24265432,20.72542464
1828,4277,481.97667384,19.70385696
1828,4278,485.80724784,7.488936
1828,4279,487.467402,6.4300608
1828,4280,489.81844632,9.89088192
1828,4281,492.57895896,9.87552
1828,4282,495.32139696,9.87552
1828,4283,498.0639264,9.87552
1828,4284,500.79944544,9.83821248
1828,4285,503.53886592,9.87552
1828,4286,505.3214176,9.87552
1839,4189,13.9498686857143,20.6210262857143
1839,4190,18.82295448,20.64422592
1839,4191,24.29655288,17.78032512
1839,4192,29.5919652,21.479256
1839,4193,35.58512568,20.98877184
1839,4194,41.16772056,19.82126592
1839,4195,46.70645472,19.56340512
1839,4196,50.79193296,9.354312
1839,4197,54.06661272,15.02395776
1839,4198,58.20332784,14.8352256
1839,4199,62.32532112,14.83961472
1839,4200,65.72701104,6.19853472
1839,4201,66.45334944,5.81887584
1839,4202,70.73682576,21.4573104
1839,4203,76.84962024,23.75282016
1839,4204,84.35181504,28.68180192
1839,4205,92.25924144,28.21984704
1839,4206,100.35381504,30.614112
1839,4207,108.95819712,30.28053888
1839,4208,116.9476452,28.03330944
1839,4209,124.72117296,27.18401472
1839,4210,132.25421352,27.58671648
1839,4211,139.521438,25.19684064
1839,4212,146.76949056,26.65073664
1839,4213,154.18176936,26.6968224
1839,4214,161.62300416,27.26411616
1839,4215,169.030870133333,28.5378144
1859,4269,388.482332,25.8336288
1859,4270,394.18424592,25.10357184
1859,4271,400.65880752,21.97632384
1859,4272,406.73347152,21.07545696
1859,4273,411.85636704,16.74120096
1859,4274,417.28381872,22.47887808
1859,4275,423.62347584,22.823424
1859,4276,429.963072,22.823424
1859,4277,436.30221096,22.79928384
1859,4278,442.63263264,22.96716768
1859,4279,449.24118432,23.83072704
1859,4280,455.23684416,19.39332672
1859,4281,460.42258944,18.50123808
1859,4282,465.56215752,18.50452992
1859,4283,470.72098896,18.58353408
1859,4284,475.86628728,18.50233536
1859,4285,481.00585536,18.5001408
1859,4286,485.8391604,13.96947168
1859,4287,488.8220856,9.5573088
1859,4288,491.34238536,7.95418272
1859,4289,493.29027072,6.40372608
1859,4290,494.84468976,6.17439456
1859,4291,497.00404536,9.16887168
1859,4292,499.12944624,10.95963264
1864,4193,20.8462372,12.0042432
1864,4194,23.53686936,13.10591232
1864,4195,27.51213192,14.99103936
1864,4196,31.68956832,16.56673344
1864,4197,37.16209992,22.96497312
1864,4198,43.58240712,21.42000288
1864,4199,48.75282096,14.98665024
1864,4200,52.3337028,13.11578784
1864,4201,56.69974944,17.75618496
1864,4202,61.67548752,17.91199872
1864,4203,66.66055248,18.09524448
1864,4204,71.69045352,19.06853184
1864,4205,77.58613896,22.6643184
1864,4206,84.091272,24.96092544
1864,4207,91.38004584,26.62988832
1864,4208,99.14805672,28.86175584
1864,4209,107.00366712,27.72168192
1864,4210,114.76472856,28.0848816
1864,4211,122.2295244,26.03077344
1864,4212,129.39939576,26.12404224
1864,4213,136.75534752,25.86618144
1864,4214,143.84295336,25.45470144
1864,4215,151.04092728,26.4938256
1864,4216,158.5888116,28.3262832
1864,4217,166.44911592,27.58671648
1864,4218,174.34569144,29.36979648
1864,4219,182.47952328,28.76958432
1864,4220,190.23144072,27.4539456
1864,4221,197.85308664,27.41773536
1864,4222,205.5688548,28.60279776
1864,4223,213.6593136,28.58304672
1864,4224,220.90011192,23.5970064
1864,4225,226.95215976,19.44599616
1864,4226,231.7792164,15.98407776
1864,4227,235.51920384,11.16592128
1864,4228,238.5658932,10.9508544
1864,4229,241.58993592,10.90257408
1864,4230,244.49666112,9.1513152
1864,4231,246.55613376,6.44322816
1864,4232,248.21674512,5.72121792
1864,4233,250.43126952,10.50426144
1864,4234,253.4744232,10.9728
1864,4235,256.58320032,12.30818976
1864,4236,260.47967208,14.84839296
1864,4237,264.60806616,15.1369776
1864,4238,269.01827832,16.20463104
1864,4239,273.52944024,16.44493536
1864,4240,278.1019584,16.4592
1864,4241,282.67383648,16.46578368
1864,4242,286.92247416,12.88645632
1864,4243,290.06523648,10.9728
1864,4244,293.11332792,10.9728
1864,4245,296.16126696,10.9728
1864,4246,299.20923648,10.9728
1864,4247,302.25757176,10.96621632
1864,4248,305.27649384,10.84990464
1864,4249,308.3176968,10.9728
1864,4250,311.3397888,11.13300288
1864,4251,315.07111992,15.87654432
1864,4252,319.62976968,16.47236736
1864,4253,324.4219572,18.3081168
1864,4254,329.59676016,18.65705184
1864,4255,334.76257152,19.47342816
1864,4256,340.53877536,21.15446112
1864,4257,346.59652296,22.77843552
1864,4258,353.0739192,23.56299072
1864,4259,359.55805152,23.18772096
1864,4260,365.84668512,21.98071296
1864,4261,371.94268512,21.91048704
1864,4262,377.59425624,17.87249664
1864,4263,382.16988336,17.85164832
1864,4264,388.54276368,26.18000352
1864,4265,395.70897744,23.10103584
1864,4266,400.2543684,24.06444768
1864,4267,409.59392808,27.11488608
1864,4268,415.90392816,22.13323488
1864,4269,422.03754048,21.2598
1864,4270,428.0574624,24.42106368
1864,4271,434.3555448,32.3094096
1866,4209,93.2438064,33.5548224
1866,4210,98.95572792,30.54937248
1866,4211,107.4720228,31.65543072
1866,4212,116.39940144,32.31160416
1866,4213,124.92173136,27.61085664
1866,4214,132.34031952,27.42322176
1866,4215,140.464032,30.1752
1866,4216,148.24581984,26.56295424
1866,4217,155.68897488,27.4704048
1866,4218,160.7602576,28.5183072
1867,4220,170.496043733333,27.7258272
1867,4221,178.8622788,32.68687392
1867,4222,187.62637608,30.22128576
1867,4223,195.87731208,29.62656
1867,4224,204.12614496,29.96013312
1867,4225,212.52085512,30.26517696
1867,4226,220.51938624,24.72281568
1867,4227,225.97439184,16.56673344
1867,4228,229.86397512,11.55326112
1867,4229,232.92508152,10.97499456
1867,4230,235.54175904,6.85580544
1867,4231,237.1155024,5.4864
1867,4232,238.6395024,5.4864
1867,4233,240.15475464,5.38654752
1867,4234,241.6600704,5.4864
1867,4235,243.18266832,5.67732672
1867,4236,245.63158392,13.52507328
1867,4237,250.05039144,16.48443744
1867,4238,254.53951632,15.76571904
1867,4239,258.92689896,16.29241344
1867,4240,263.70576672,17.80556256
1867,4241,268.65568824,17.6278032
1867,4242,273.5243196,17.06160672
1867,4243,277.87729032,14.80889088
1867,4244,281.95414272,13.72038912
1867,4245,285.19264272,10.41977088
1867,4246,288.12049056,11.54119104
1867,4247,292.12074672,16.34618016
1867,4248,296.10850608,11.740896
1867,4249,299.1723252,10.83673728
1867,4250,302.07773976,10.28590272
1867,4251,304.96764,10.69848
1867,4252,308.07367392,12.37073472
1867,4253,312.16774752,16.28473248
1867,4254,316.73292,16.4592
1867,4255,321.33421128,17.32714848
1867,4256,326.60514816,19.96391232
1867,4257,332.15604384,20.26895616
1867,4258,338.05243032,21.92694624
1867,4259,344.1361164,22.58421696
1867,4260,351.01709832,26.25352128
1867,4261,358.36512528,26.499312
1867,4262,365.326422,23.06372832
1867,4263,371.48054736,21.9456
1867,4264,377.58752016,22.6094544
1867,4265,385.41390024,34.48531584
1867,4266,390.889236,36.0785664
1869,4227,191.68524528,27.14890176
1869,4228,197.34004728,27.13353984
1869,4229,204.86635176,27.10391328
1869,4230,212.406738,27.10610784
1869,4231,219.32810592,23.68039968
1869,4232,225.58223616,18.82822752
1869,4233,230.13536904,14.54225184
1869,4234,233.53721136,10.92013056
1869,4235,236.0293476,6.3587376
1869,4236,237.57843264,5.95384128
1869,4237,239.94776496,11.55545568
1869,4238,243.94625328,16.4098224
1869,4239,248.51983824,16.46578368
1869,4240,252.92386296,15.3509472
1869,4241,257.4761424,17.74960128
1869,4242,262.56026736,18.40796928
1869,4243,267.55758528,17.32934304
1869,4244,272.1632352,16.24742496
1869,4245,276.7291392,16.32533184
1869,4246,280.82680944,12.47826816
1869,4247,283.9672248,10.9728
1869,4248,287.0152248,10.9728
1869,4249,290.06042064,10.87623936
1869,4250,293.07513648,10.94207616
1869,4251,296.123868,10.9728
1869,4252,299.171868,10.9728
1869,4253,302.31447792,12.88645632
1869,4254,306.56329848,16.46688096
1869,4255,311.13325632,17.34580224
1869,4256,316.58405568,20.9909664
1869,4257,322.41353856,20.98438272
1869,4258,328.24244232,20.98438272
1869,4259,334.07128512,20.98548
1869,4260,339.8987868,20.90208672
1869,4261,345.081606,14.34803328
1869,4262,349.99607928,23.53336416
1869,4263,356.55360744,22.7740464
1869,4264,362.99854248,26.90311104
1869,4265,370.41380832,23.71441536
1869,4266,377.49415992,27.53294976
1869,4267,385.70318592,31.74650496
1869,4268,394.5777732,30.89282112
1869,4269,402.42259368,25.6434336
1869,4270,409.18595328,24.82486272
1869,4271,416.58728976,27.52636608
1869,4272,424.27660128,26.8449552
1869,4273,432.73699584,36.30570336
1869,4274,441.81366552,26.2195056
1869,4275,448.59586176,24.1730784
1869,4276,455.30953896,24.1730784
1869,4277,462.02324664,24.1730784
1869,4278,468.74618976,24.25427712
1869,4279,475.47678336,24.10614432
1869,4280,481.06489512,14.0287248
1869,4281,484.21204656,10.81479168
1869,4282,487.21612488,10.81808352
1869,4283,490.22002032,10.81588896
1869,4284,493.22412912,10.81588896
1869,4285,496.22799408,10.81808352
1869,4286,499.23112752,10.78845696
1869,4287,501.1743088,10.7204256
1891,4201,38.3655824,1.261872
1891,4202,39.073836,2.24722944
1891,4203,40.15203552,4.19599872
1891,4204,41.53457784,9.13156416
1891,4205,45.94969728,20.16471456
1891,4206,51.59084424,20.2557888
1891,4207,57.18102864,20.02755456
1891,4208,62.619636,16.93871136
1891,4209,66.19241016,12.76465824
1891,4210,70.69296504,23.8438944
1891,4211,79.77582216,23.43021984
1891,4212,85.46735256,31.22419968
1891,4213,93.09280848,14.88899232
1891,4214,96.8331312,20.94049152
1891,4215,102.9356844,18.10073088
1891,4216,106.06652904,10.26066528
1891,4217,110.87666928,21.36184704
1891,4218,116.87671824,22.20784992
1891,4219,123.14172984,22.22211456
1891,4220,129.0166584,20.74846752
1891,4221,135.02344344,21.65811264
1891,4222,140.77806744,20.60801568
1891,4223,146.75336664,22.30660512
1891,4224,153.05736216,22.66870752
1891,4225,159.48845928,24.03372384
1891,4226,166.38608328,24.81388992
1891,4227,172.98442416,22.90352544
1891,4228,179.17783824,22.2308928
1891,4229,185.41968504,22.24076832
1891,4230,191.42116656,20.03743008
1891,4231,196.32847704,16.45590816
1891,4232,200.89736808,16.41311424
1891,4233,205.4583648,16.4537136
1891,4234,209.78372064,14.19112224
1891,4235,213.56720304,13.551408
1891,4236,217.33096488,13.551408
1891,4237,221.09500104,13.51629504
1891,4238,224.82221736,13.44168
1891,4239,228.5827788,13.551408
1891,4240,232.33559832,13.4471664
1891,4241,236.08174272,13.56676992
1891,4242,240.4801896,19.53268128
1891,4243,246.40544064,21.65591808
1891,4244,251.64239232,14.05944864
1891,4245,254.99074224,13.31110368
1891,4246,259.2883308,16.42189248
1891,4247,263.86020888,16.4592
1891,4248,268.42504608,16.25839776
1891,4249,272.92892328,16.31545632
1891,4250,277.41018432,15.94786752
1891,4251,281.82886992,15.4003248
1891,4252,285.47193096,11.13080832
1891,4253,288.50496528,10.84441824
1891,4254,291.5323608,10.97609184
1891,4255,294.5803608,10.9728
1891,4256,297.64225968,11.51375904
1891,4257,301.34899344,15.09528096
1891,4258,305.78136456,16.4592
1891,4259,310.33815504,16.31765088
1891,4260,314.8864416,16.4592
1891,4261,319.45780152,16.46688096
1891,4262,324.21874704,18.0612288
1891,4263,329.3153688,18.37066176
1891,4264,334.45271184,19.40649408
1891,4265,340.30118376,21.84245568
1891,4266,346.35542616,21.77661888
1891,4267,352.37985912,21.6383616
1891,4268,358.39712928,21.62519424
1891,4269,364.43750328,21.93352992
1891,4270,370.53386904,21.9456
1891,4271,376.63005192,21.9401136
1891,4272,382.9848576,24.85448928
1891,4273,390.26211,26.46419904
1891,4274,397.38522504,24.31682208
1891,4275,403.9436676,23.41156608
1891,4276,410.39655792,22.94741664
1891,4277,416.62325616,21.9949776
1891,4278,422.646348,21.39257088
1891,4279,428.66626992,21.94779456
1891,4280,434.7624528,21.9456
1891,4281,440.85034512,21.90390336
1891,4282,446.94280944,21.9456
1891,4283,453.04051632,21.9017088
1891,4284,458.67544536,17.87688576
1891,4285,463.1705748,14.49067968
1891,4286,466.66675272,11.6256816
1891,4287,469.8661164,11.2855248
1891,4288,472.9819344,10.96402176
1891,4289,475.80538824,9.56169792
1891,4290,478.45586808,9.54523872
1891,4291,481.10674416,9.546336
1891,4292,483.75777264,9.546336
1891,4293,486.40706376,9.22922208
1891,4294,488.35305936,4.86753408
1891,4295,490.21474728,8.83529856
1891,4296,492.56557824,9.19630368
1891,4297,495.74430696,12.44205792
1891,4298,498.5610171,9.7575624
1895,4340,497.8013412,8.476488
1895,4341,499.90455264,9.82943424
1895,4342,502.64814888,10.18385568
1895,4343,505.73351736,11.79246816
1895,4344,508.848698666667,11.8067328
1902,4210,20.3073,18.92808
1902,4211,23.54308728,18.92808
1902,4212,26.9604744,18.92808
1912,4216,31.9768728,35.4884736
1912,4217,39.907464,26.307288
1912,4218,47.56004712,28.5457392
1912,4219,55.485792,28.52818272
1912,4220,63.50361696,29.7527472
1912,4221,71.98245192,30.75456384
1912,4222,80.56071264,30.90928032
1912,4223,88.9820928,29.13168672
1912,4224,96.26550216,24.71294016
1912,4225,103.65498192,27.59988384
1912,4226,111.61047528,31.0475376
1912,4227,120.7006476,33.07860288
1912,4228,129.74775168,33.09725664
1912,4229,139.02946032,32.40706752
1912,4230,147.82507392,30.98828448
1912,4231,156.23898648,29.85369696
1912,4232,164.36516784,27.06880032
1912,4233,171.00371184,21.90500064
1912,4234,176.7599208,19.8991728
1912,4235,181.89314904,17.45443296
1912,4236,186.60331488,15.95006208
1912,4237,190.79903928,14.1329664
1912,4238,194.25211848,10.5777792
1912,4239,196.844412,7.5218544
1912,4240,198.74017656,7.82580096
1912,4241,201.0995724,8.18131968
1912,4242,203.49904944,10.68640992
1912,4243,206.90442744,12.61542816
1912,4244,210.80605032,17.60805216
1912,4245,216.55930272,21.68335008
1912,4246,222.55676088,21.45072672
1912,4247,228.29599248,18.64059264
1912,4248,232.55810232,13.7105136
1912,4249,236.9114388,17.00784
1912,4250,241.59962856,16.91127936
1912,4251,246.2241456,16.4592
1912,4252,250.79977272,16.41091968
1912,4253,255.07133136,14.19551136
1912,4254,258.9894744,14.25476448
1912,4255,262.9511124,14.06493504
1912,4256,266.54095536,11.89122336
1912,4257,269.7793944,11.36562624
1912,4258,272.98012968,11.82099744
1912,4259,276.26380104,11.8177056
1912,4260,279.54619224,11.99107584
1912,4261,283.41291552,15.5100528
1912,4263,291.7728099,16.1163
1912,4264,295.8827712,16.4592
1912,4265,300.4547712,16.4592
1912,4266,305.0267712,16.4592
1912,4267,309.59102928,16.33411008
1912,4268,314.24053992,16.99357536
1912,4269,319.17997632,20.12850432
1912,4270,325.58028864,24.87314304
1912,4271,332.5075392,24.02384832
1912,4272,338.78980248,21.9126816
1912,4273,344.8534632,21.80185632
1912,4274,350.88917376,21.62848608
1912,4275,356.90491992,21.71956032
1912,4276,362.93502216,21.78539712
1912,4277,369.0256272,21.9456
1912,4278,375.12168816,21.9456
1912,4279,381.31299912,23.49166752
1912,4280,388.2362568,25.47664704
1912,4281,395.22522936,23.7945168
1912,4282,401.3478384,21.47157504
1912,4283,407.34255336,21.58130304
1912,4284,413.3395848,21.62629152
1912,4285,419.34493728,21.58569216
1912,4286,425.33943888,21.5834976
1912,4287,431.32714344,21.03705216
1912,4288,436.35521568,14.96360736
1912,4289,440.4152736,14.89886784
1912,4290,444.48974856,14.17356576
1912,4291,448.09858056,11.8396512
1912,4292,451.22204904,10.65678336
1912,4293,453.815958,8.27019936
1912,4294,455.95394712,6.07673664
1912,4295,457.33530072,4.8883824
1912,4296,458.7692628,5.49298368
1912,4297,460.29231792,5.62026816
1912,4298,462.2906172,9.46842912
1912,4299,465.24111168,10.71932832
1912,4300,468.58818144,14.8352256
1912,4301,473.09507616,16.3823904
1912,4302,477.64083288,15.91714368
1912,4303,481.57068024,12.6516384
1912,4304,485.37680928,14.71123296
1912,4305,489.39181776,13.56567264
1912,4306,492.6439728,11.823192
1912,4307,496.16267544,10.725912
1912,4308,498.45980064,7.3627488
1912,4309,499.733316,7.9662528
1918,4279,351.3274152,21.150072
1918,4280,355.65200904,22.47668352
1918,4281,361.8596268,22.67309664
1918,4282,368.57598624,25.23524544
1918,4283,375.66182424,26.526744
1918,4284,380.2401336,28.3317696
1923,4212,49.62375648,30.8664864
1923,4213,56.05381728,30.8664864
1923,4214,63.88678104,19.94196672
1923,4215,68.75526,22.01802048
1923,4216,75.27962592,23.509224
1923,4217,80.90693496,15.69549312
1923,4218,85.16971536,17.0023536
1923,4219,90.18303528,20.19873024
1923,4220,94.36354,28.0245312
1927,4218,23.4608624,31.7272416
1927,4219,31.83383016,31.52046528
1927,4220,40.70427216,33.20149824
1927,4221,50.5957332,37.22083488
1927,4222,60.85801392,34.37887968
1927,4223,66.94831416,17.9076096
1927,4224,74.71855008,31.97035008
1927,4225,83.5627488,30.5373024
1927,4226,91.2277068,25.68951936
1927,4227,98.75873568,30.02048352
1927,4228,107.6998608,33.16748256
1927,4229,117.07599648,33.94874592
1927,4230,126.28345584,32.23369728
1927,4231,135.43614264,33.5383632
1927,4232,144.60934248,32.87121696
1927,4233,153.42211632,29.3028624
1927,4234,160.85512152,24.39472896
1927,4235,166.795704,18.35420256
1927,4236,171.47502408,16.46139456
1927,4237,175.89172848,14.49177696
1927,4238,179.29576536,10.122408
1927,4239,181.50910104,6.12172512
1927,4240,183.061356,5.4864
1927,4241,184.585356,5.4864
1927,4242,186.109356,5.4864
1927,4243,187.63588584,5.51602656
1927,4244,189.4191792,9.93916224
1927,4245,193.78007472,18.84907584
1927,4246,199.02031824,18.8512704
1927,4247,204.24733344,18.82493568
1927,4248,209.4855348,18.8622432
1927,4249,214.71663432,18.27739296
1927,4250,219.37669104,17.5345344
1927,4251,224.3300568,16.37800128
1927,4252,228.8886456,16.4592
1927,4253,233.4606456,16.4592
1927,4254,238.03197504,16.4098224
1927,4255,242.5782804,16.4098224
1927,4256,247.14945744,16.46139456
1927,4257,251.4909372,13.24636416
1927,4258,254.00270256,5.95384128
1927,4259,255.53078688,5.57089056
1927,4260,257.43731088,8.84297952
1927,4261,260.17426248,10.0840032
1927,4262,262.97552688,10.08510048
1927,4263,265.79730432,10.47134304
1927,4264,268.80763104,10.83125088
1927,4265,271.78080264,10.83125088
1927,4266,274.8268824,10.9728
1927,4267,277.85732592,10.84002912
1927,4268,281.1174972,14.1878304
1927,4269,286.3813932,23.94703872
1927,4270,293.76508176,27.44077824
1927,4271,301.22612856,24.90386688
1927,4272,307.7090112,24.47044128
1927,4273,315.18474936,28.2385008
1927,4274,323.08635408,28.45027584
1927,4275,330.98850744,28.40638464
1927,4276,338.72771472,27.19169568
1927,4277,346.23414624,27.07757856
1927,4278,353.7428028,26.90640288
1927,4279,361.16870616,26.61342912
1927,4280,368.53852632,26.39616768
1927,4281,375.88731528,26.0713728
1927,4282,382.962912,25.35704352
1927,4283,389.88592584,22.7850192
1927,4284,395.29076136,17.82421632
1927,4285,400.20221712,16.9694352
1927,4286,404.6130084,15.35862816
1927,4287,408.88877328,15.55174944
1927,4288,413.2763388,15.937992
1927,4289,417.71014248,15.937992
1927,4290,422.08990512,15.07991904
1927,4291,425.98744368,13.52617056
1927,4292,429.74645064,13.5294624
1927,4293,433.36838904,10.91464416
1927,4294,435.4941252,6.02845632
1927,4295,437.17040328,6.03504
1927,4296,438.77624208,4.56687936
1927,4297,439.5272388,1.7775936
1927,4298,440.02461144,1.82916576
1927,4299,440.64277632,3.99848832
1927,4300,442.50876192,8.05074336
1927,4301,444.74395176,8.0430624
1927,4302,447.22520664,12.42450144
1927,4303,452.17183632,20.58058368
1927,4304,457.8335268,19.60510176
1927,4305,463.03594464,19.723608
1927,4306,469.01075616,22.08056544
1927,4307,475.0541172,20.601432
1927,4308,480.51655992,19.44819072
1927,4309,485.06432832,11.4775488
1927,4310,487.62053352,8.77165632
1927,4311,489.51422544,3.64077504
1927,4312,490.1148948,1.92024
1927,4313,490.6482948,1.92024
1927,4314,491.18135952,1.91694816
1927,4315,491.90705784,3.77574048
1927,4316,493.10547048,4.38912
1927,4317,494.32464,4.38912
1927,4318,495.54359616,4.38473088
1927,4319,496.96247064,6.31374912
1927,4320,498.87207312,6.9567552
1927,4321,500.79597072,6.91505856
1927,4322,502.0481704,6.9567552
1941,4272,280.8810232,21.7371168
1941,4273,286.66689936,21.94889184
1941,4274,292.76186304,21.99717216
1941,4275,299.41375728,26.5596624
1941,4276,307.01257368,27.35848224
1941,4277,314.59331544,27.35628768
1941,4278,322.71623544,32.4630288
1941,4279,332.09755272,32.342328
1941,4280,340.24330224,27.43968096
1941,4281,347.67277176,25.63904448
1941,4282,354.55411944,24.00738912
1941,4283,360.82647672,21.71626848
1941,4284,366.89742216,21.9456
1941,4285,372.99342216,21.9456
1941,4286,379.08856872,21.77222976
1941,4287,384.86279136,19.94525856
1941,4288,390.38241456,19.34065728
1941,4289,395.23803096,16.239744
1941,4290,399.79951536,16.4592
1941,4291,404.37166776,16.4592
1941,4292,408.94369824,16.4592
1941,4293,413.41173096,15.01188768
1941,4294,417.32646024,13.32866016
1941,4295,420.34273056,8.11219104
1941,4296,422.34648576,7.13232
1941,4297,424.32780768,7.13232
1941,4298,426.30906864,7.13232
1941,4299,428.2903296,7.13232
1941,4300,430.2715296,7.13232
1941,4301,432.25285152,7.13232
1941,4302,434.23429536,7.13451456
1941,4303,436.0962576,6.71754816
1941,4304,438.62402496,11.82977568
1941,4305,442.26431232,13.59310464
1941,4306,446.0417292,13.5952992
1941,4307,449.8191156,13.5952992
1941,4308,453.59647152,13.5952992
1941,4309,457.37385792,13.5952992
1941,4310,461.15121384,13.5952992
1941,4311,464.92860024,13.5952992
1941,4312,468.35516184,8.33164704
1941,4313,471.00920784,13.9683744
1941,4314,475.1447952,14.95812096
1941,4315,479.29995072,14.95702368
1941,4316,483.0747768,9.32688
1941,4317,484.377492,3.25672704
1941,4318,485.2664412,3.182112
1941,4319,486.56196312,6.18207552
1941,4320,488.50923888,7.58439936
1941,4321,490.30856472,6.45420096
1941,4322,493.16892984,12.98411424
1941,4323,496.7898624,13.0302
1941,4324,500.40466848,12.99618432
1941,4325,503.838294666667,13.0283712
1945,4221,36.6498922285714,26.6074724571429
1945,4222,42.5426124,21.63506976
1945,4223,48.36807192,24.9137424
1945,4224,56.15494992,28.693872
1945,4225,64.02695856,25.71804864
1945,4226,70.13774136,25.21220256
1945,4227,77.95631856,25.0289568
1945,4228,84.74564712,26.05271904
1945,4229,92.46562152,29.50915104
1945,4230,101.15540856,32.54203296
1945,4231,110.39197632,33.89717376
1945,4232,119.79526968,33.24648672
1945,4233,128.83515,32.70881952
1945,4234,137.86018656,30.60533376
1945,4235,145.59500472,25.6434336
1945,4236,152.8302252,27.1083024
1945,4237,160.29770328,25.0015248
1945,4238,165.84067416,16.47675648
1945,4239,170.08635528,12.88535904
1945,4240,173.07345624,8.50611456
1945,4241,174.82925664,5.48420544
1945,4242,176.3533176,5.4864
1945,4243,177.87765288,5.49627552
1945,4244,179.4049752,5.48969184
1945,4245,180.92726832,5.5357776
1945,4246,183.00484608,10.14984
1945,4247,186.58947696,15.61319712
1945,4248,191.16016632,17.04953664
1945,4249,196.2838848,18.61206336
1945,4250,201.05022528,16.41091968
1945,4251,205.61088672,16.5799008
1945,4252,210.66879888,20.00780352
1945,4253,216.31299384,20.16910368
1945,4254,221.46667416,17.05282848
1945,4255,226.14507984,16.5634416
1945,4256,230.716836,16.4592
1945,4257,235.27402272,16.04881728
1945,4258,239.4697776,13.21454304
1945,4259,242.65542528,10.83564
1945,4260,245.2292784,6.99186816
1945,4261,246.84596808,5.47871904
1945,4262,248.69189784,8.89235712
1945,4263,251.33308128,8.98343136
1945,4264,253.80961176,8.9208864
1945,4265,255.909034971429,8.7453216
1950,4221,22.8612869333333,25.2081792
1950,4222,29.2092888,22.3899984
1950,4223,34.5457272,16.38897408
1950,4224,39.33227592,19.02573792
1950,4225,45.21762864,24.95324448
1950,4226,53.00664024,28.95941376
1950,4227,61.04964168,28.60718688
1950,4228,65.93070888,4.24537632
1950,4229,69.71373408,28.7048448
1950,4230,78.72956568,32.08885632
1950,4231,86.90085744,28.5951168
1950,4232,95.30763768,31.60824768
1950,4233,104.28079728,32.02850592
1950,4234,113.16062712,32.3039232
1950,4235,122.12674584,31.41951552
1950,4236,130.29389232,27.29593728
1950,4237,137.18139696,22.97923776
1950,4238,143.39535456,21.88963872
1950,4239,148.99693848,16.45590816
1950,4240,152.47336536,10.89489312
1950,4241,156.18183648,15.30376416
1950,4242,160.22698968,13.16955456
1950,4243,163.5756444,11.79795456
1950,4244,166.86513744,11.89012608
1950,4245,169.8258732,7.89712416
1950,4246,171.47459736,5.48749728
1950,4247,173.05678368,6.48382752
1950,4248,175.3778052,10.29577824
1950,4249,178.87059984,15.05687616
1950,4250,183.3655464,16.4592
1950,4251,187.94144784,16.62818112
1950,4252,192.65597232,16.87177728
1950,4253,197.24275512,16.45810272
1950,4254,201.80917728,16.41091968
1950,4255,206.37233808,16.59197088
1950,4256,211.29811944,19.27482048
1950,4257,216.852246,20.33479296
1950,4258,222.45895056,18.81615744
1950,4259,227.21200176,16.40762784
1950,4260,231.22868664,11.8451376
1950,4261,234.14123352,8.50611456
1950,4262,235.89715584,5.48420544
1950,4263,237.4212168,5.4864
1950,4264,238.94524728,5.47871904
1950,4265,240.77590656,8.96148576
1950,4266,243.87374136,13.43948544
1950,4267,248.21375808,16.46139456
1950,4268,252.76737864,15.9215328
1950,4269,256.87593024,14.10663168
1950,4270,260.8261992,14.2975584
1950,4271,264.76058808,13.36267584
1950,4272,268.09601448,12.13372224
1950,4273,272.027142,15.83265312
1950,4274,276.5525076,16.32972096
1950,4275,281.1136872,16.4592
1950,4276,285.6856872,16.4592
1950,4277,290.27798688,17.3315376
1950,4278,295.81733064,22.0882464
1950,4279,302.60708592,26.96455872
1950,4280,310.20495744,27.27618624
1950,4281,317.79822648,27.44736192
1950,4282,325.69059576,29.71873152
1950,4283,333.84158784,26.73961632
1950,4284,340.33943616,21.82819104
1950,4285,346.34872056,21.09191616
1950,4286,352.01324568,20.1131424
1950,4287,357.70191096,21.12702912
1950,4288,363.70723296,21.89293056
1950,4289,369.63458712,19.8882
1950,4290,374.60541792,16.59526272
1950,4291,379.17574152,16.51077216
1950,4292,383.9591508,18.0118512
1950,4293,389.01788592,18.22472352
1950,4294,394.03788096,17.16255648
1950,4295,397.67825976,9.58912992
1950,4296,400.27933152,9.3927168
1950,4297,402.88927296,9.3927168
1950,4298,405.49927536,9.3927168
1950,4299,408.10924728,9.3927168
1950,4300,410.71912776,9.3927168
1950,4301,413.32913016,9.3927168
1950,4302,415.94992248,9.45416448
1950,4303,418.24634664,6.39385056
1950,4304,419.7982968,5.4864
1950,4305,421.41690672,7.39895904
1950,4306,424.14172728,10.97389728
1950,4307,427.3731864,13.44058272
1950,4308,431.664618,16.6621968
1950,4309,436.58796096,18.43101216
1950,4310,441.69692712,18.39919104
1950,4311,446.81613456,18.434304
1950,4312,451.9367136,18.434304
1950,4313,456.8790456,15.09418368
1950,4314,459.66616728,6.43225536
1950,4315,461.24015448,5.44580064
1950,4316,462.57914088,4.28926752
1950,4317,463.78620984,4.08407616
1950,4318,464.50450152,0.74176128
1950,4319,464.7303888,1.64262816
1950,4320,465.37744872,2.99337984
1950,4321,466.46223192,4.95641376
1950,4322,468.66087624,11.60263872
1950,4323,472.21121712,12.8710944
1950,4324,475.78743552,12.87328896
1950,4325,479.3639892,12.85792704
1950,4326,482.85550368,12.22699104
1950,4327,486.2308284,12.1468896
1950,4328,489.60508632,12.1468896
1950,4329,492.97937472,12.1468896
1950,4330,496.35357168,12.1468896
1950,4331,499.72475112,12.10958208
1950,4332,503.0916024,12.1468896
1950,4333,505.1162364,12.1468896
1966,4282,313.2554568,31.2395616
1966,4283,318.00649632,30.74907744
1966,4284,326.4107772,30.05779104
1966,4285,334.54716936,26.78350752
1966,4286,341.17403952,22.61932992
1966,4287,347.40872352,21.78210528
1966,4288,353.2150416,20.57290272
1966,4289,358.82522088,18.85895136
1966,4290,363.70650144,17.26679808
1966,4291,368.46872712,16.66329408
1966,4292,372.94544664,15.91056
1966,4293,377.27942832,14.6816064
1966,4294,381.88501728,19.57876704
1966,4295,387.47133072,19.62156096
1966,4296,392.06128344,13.69844352
1966,4297,395.79221832,13.08067488
1966,4298,398.85893304,9.19410912
1966,4299,401.3706984,8.8385904
1966,4300,403.48226136,6.48382752
1966,4301,405.25924536,6.39823968
1966,4302,407.03717424,6.3697104
1966,4303,408.75953808,6.0460128
1966,4304,410.4354504,6.03504
1966,4305,412.1180988,6.55844256
1966,4306,414.71353176,11.90219616
1966,4307,418.07788368,12.07008
1966,4308,421.43470704,12.51777024
1966,4309,425.59175232,17.18998848
1966,4310,430.4189004,17.3699424
1966,4311,435.24336624,17.11866528
1966,4312,439.58993616,14.31182304
1966,4313,443.54410656,14.26464
1966,4314,447.49205904,13.5020304
1966,4315,450.19298328,6.26985792
1966,4316,451.84018344,5.925312
1966,4317,453.486012,5.925312
1966,4318,455.131932,5.925312
1966,4319,456.77382864,5.54784768
1966,4320,457.9653528,3.63309408
1966,4321,459.22466448,6.57929088
1966,4322,461.76825096,10.32979392
1966,4323,464.63751624,10.32759936
1966,4324,467.50669008,10.3528368
1966,4325,470.26430712,9.5792544
1966,4326,473.13378576,10.9782864
1966,4327,476.18135904,10.9728
1966,4328,479.16781992,9.985248
1966,4329,481.69836096,8.78153184
1966,4330,484.13798016,8.77824
1966,4331,486.66885648,10.26176256
1966,4332,489.88565472,12.07337184
1966,4333,493.239552,12.07117728
1966,4334,496.56665736,11.63775168
1966,4335,499.6894248,11.06936064
1966,4336,502.7677524,11.1044736
1966,4337,505.85345616,11.1044736
1966,4338,508.3219704,11.1117888
1967,4228,49.5370104,16.788384
1967,4229,52.42602672,18.58902048
1967,4230,58.37355864,25.74986976
1967,4231,66.81752448,32.38292736
1967,4232,75.71640432,32.40487296
1967,4233,85.20199368,35.16562944
1967,4234,94.25549856,27.77435136
1967,4235,101.75293848,28.6006032
1967,4236,109.70075088,27.36396864
1967,4237,116.18143896,20.36990592
1967,4238,121.77799368,20.04291648
1967,4239,127.59885072,21.53741184
1967,4240,133.61804112,21.13580736
1967,4241,139.10032632,19.0707264
1967,4242,143.97340776,14.6870928
1967,4243,147.3191364,10.95304896
1967,4244,150.33062136,10.20689856
1967,4245,152.89691544,8.77494816
1967,4246,155.43010824,10.6929936
1967,4247,159.0691764,14.27232096
1967,4248,162.81553416,10.65349152
1967,4249,164.7689364,5.4754272
1967,4250,166.46078976,8.08036992
1967,4251,169.66237848,14.40948096
1967,4252,174.06512304,16.50638304
1967,4253,178.91860584,19.44709344
1967,4254,184.84803264,22.74441984
1967,4255,190.98758856,19.25287488
1967,4256,195.81461472,17.69583456
1967,4257,200.8165656,17.78800608
1967,4258,205.5953724,15.77998368
1967,4259,208.84801512,8.10670464
1967,4260,210.9988668,7.735824
1967,4261,213.14782872,7.735824
1967,4262,215.2968516,7.735824
1967,4263,219.28936584,33.48240192
1967,4264,228.26450664,14.89886784
1967,4265,231.21262368,10.094976
1967,4266,234.03571176,11.0386368
1967,4267,237.5632536,10.77748416
1967,4268,239.8503204,9.56937888
1967,4269,243.49393008,15.99395328
1967,4270,247.82919192,13.43948544
1967,4271,251.03291424,10.9728
1967,4272,254.08063992,10.97718912
1967,4273,256.92213792,9.52658496
1967,4274,260.07163632,13.1618736
1967,4275,263.74691472,13.60517472
1967,4276,267.96181104,16.29021888
1967,4277,272.46090288,16.31984544
1967,4278,277.01367,16.32862368
1967,4279,281.56765632,16.43505984
1967,4280,286.74873816,22.7356416
1967,4281,293.70463992,25.51395456
1967,4282,300.62000328,23.86254816
1967,4283,307.11538272,23.27989248
1967,4284,313.43672136,22.09592736
1967,4285,319.51815192,21.8687904
1967,4286,325.59205392,21.86988768
1967,4287,331.35758976,18.90174528
1967,4288,336.3695076,17.92297152
1967,4289,341.33567496,17.77154688
1967,4290,346.28538312,17.9185824
1967,4291,351.26392536,17.9185824
1967,4292,356.24262,17.92077696
1967,4293,361.12838112,17.25253344
1967,4294,365.93763744,17.37213696
1967,4295,370.76365776,17.37762336
1967,4296,375.48854544,16.97162976
1967,4297,380.3902476,17.9844192
1967,4298,385.38796176,18.05683968
1967,4299,389.98684512,12.73722624
1967,4300,392.61025872,8.41394304
1967,4301,394.94694696,8.4161376
1967,4302,397.24160328,7.85871936
1967,4303,399.32683152,7.40664
1967,4304,401.29651008,6.25010688
1967,4305,402.82776432,5.2998624
1967,4306,404.30046648,5.29876512
1967,4307,406.00530432,8.32177152
1967,4308,408.84661944,10.7862624
1967,4309,411.84387024,10.78516512
1967,4310,415.03875336,13.36157856
1967,4311,419.186868,15.36192
1967,4312,423.45400704,15.36192
1967,4313,427.66021656,14.55651648
1967,4314,431.56162608,13.9025376
1967,4315,435.42237528,13.90363488
1967,4316,439.07174568,11.1319056
1967,4317,441.69043488,8.9647776
1967,4318,444.17964504,8.96587488
1967,4319,446.4472656,6.06686112
1967,4320,447.62452512,3.70222272
1967,4321,448.65316416,3.70332
1967,4322,449.68177272,3.70112544
1967,4323,450.74963952,4.12906464
1967,4324,452.0560428,5.17586976
1967,4325,453.52344144,6.03723456
1967,4326,455.89182888,10.37917152
1967,4327,458.8026384,11.09240352
1967,4328,462.45206976,14.65197984
1967,4329,466.53187872,14.6870928
1967,4330,470.560146,13.31878464
1967,4331,473.9036496,11.82538656
1967,4332,477.20816928,11.89012608
1967,4333,480.50503848,11.5982496
1967,4334,483.47598504,10.0291392
1967,4335,486.25783368,10.0181664
1967,4336,489.04026144,10.0181664
1967,4337,491.83241232,10.50974784
1967,4338,495.17262408,13.14760896
1967,4339,498.8298888,13.13883072
1967,4340,502.47746088,13.15858176
1967,4341,505.951744,13.16736
1976,4228,21.66146544,22.9989888
1976,4229,26.31512136,21.06887328
1976,4230,31.64256816,17.55977184
1976,4231,36.36550512,16.3604448
1976,4232,40.5668988,14.32608768
1976,4233,44.37973344,13.2606288
1976,4234,48.2403912,14.53786272
1976,4235,52.42861752,15.59673792
1976,4236,57.66203352,22.73673888
1976,4237,64.21867776,23.68917792
1976,4238,70.76788488,22.97594592
1976,4239,77.39134128,25.66757376
1976,4240,84.8192868,27.39249792
1976,4241,92.40185736,27.48466944
1976,4242,100.25195088,28.26154368
1976,4243,107.9229744,27.28276992
1976,4244,115.42285272,27.22790592
1976,4245,122.96174544,26.84385792
1976,4246,130.39971888,26.90859744
1976,4247,137.29664184,21.90609792
1976,4248,143.06668872,19.96830144
1976,4249,148.31311968,17.27886816
1976,4250,152.89277016,15.8776416
1976,4251,156.75799992,12.3773184
1976,4252,160.31074872,13.30342272
1976,4253,164.12663136,14.87143584
1976,4254,168.580308,16.4592
1976,4255,173.1509364,16.4646864
1976,4256,177.90828528,17.94272256
1976,4257,182.9382168,18.10512
1976,4258,187.97171448,18.1160928
1976,4259,192.93605304,17.6003712
1976,4260,197.81331024,17.55648
1976,4261,202.68267312,17.36555328
1976,4262,207.30578808,15.60661344
1976,4263,211.4528664,14.703552
1976,4264,215.53715592,14.70574656
1976,4265,219.45304344,12.57153696
1976,4266,222.58535112,10.84551552
1976,4267,225.608388,10.9728
1976,4268,228.656388,10.9728
1976,4269,231.704388,10.9728
1976,4270,234.752388,10.9728
1976,4271,237.800388,10.9728
1976,4272,240.83278224,10.88172576
1976,4273,243.8710896,10.9728
1976,4274,246.9190896,10.9728
1976,4275,249.9667848,10.9728
1976,4276,253.17047664,13.43838816
1976,4277,257.56511352,17.13731904
1976,4278,262.42789272,17.57952288
1976,4279,267.19380648,16.58977632
1976,4280,272.01132288,19.6522848
1976,4281,277.98265968,21.9456
1976,4282,284.07872064,21.9456
1976,4283,290.1747816,21.9456
1976,4284,296.2707816,21.9456
1976,4285,302.36681208,21.9456
1976,4286,308.459124,21.83477472
1976,4287,314.51842608,21.91158432
1976,4288,320.61808368,22.12445664
1976,4289,326.91793392,23.09445216
1976,4290,333.11924232,20.00121984
1976,4291,337.9677264,16.45261632
1976,4292,342.52107264,16.32313728
1976,4293,347.08423344,16.59197088
1976,4294,351.7161876,16.7006016
1976,4295,356.35243944,16.63915392
1976,4296,360.90554184,16.23316032
1976,4297,365.4524568,16.4592
1976,4298,370.0244568,16.4592
1976,4299,374.5964568,16.4592
1976,4300,379.1481876,15.57918144
1976,4301,382.674114,10.3747824
1976,4302,385.50924168,10.22335776
1976,4303,388.36497384,10.26834624
1976,4304,391.20205224,10.20799584
1976,4305,393.6673356,6.66268416
1976,4306,395.23239216,5.48969184
1976,4307,396.89934336,7.84774656
1976,4308,399.65729568,10.6655616
1976,4309,402.62046984,10.6655616
1976,4310,405.58358304,10.6655616
1976,4311,408.54672672,10.6655616
1976,4312,411.5098704,10.6655616
1976,4313,414.4757268,10.71274464
1976,4314,417.4499652,10.66775616
1976,4315,420.41304792,10.6655616
1976,4316,423.38048928,10.77419232
1976,4317,426.4116948,10.9728
1976,4318,429.45960336,10.9728
1976,4319,432.47383152,9.93148128
1976,4320,434.80948344,7.82799552
1976,4321,437.02605,7.9772256
1976,4322,439.23953808,7.93662624
1976,4323,441.44811888,7.9772256
1976,4324,443.6650512,7.9772256
1976,4325,445.8818616,7.9772256
1976,4326,448.09879392,7.9772256
1976,4327,450.31572624,7.9772256
1976,4328,452.53253664,7.97832288
1976,4329,454.74471408,7.8345792
1976,4330,457.19033784,10.32101568
1976,4331,460.18591224,10.808208
1976,4332,463.18791792,10.808208
1976,4333,466.190076,10.808208
1976,4334,469.20372504,10.890504
1976,4335,472.21740456,10.81149984
1976,4336,475.22072088,10.80930528
1976,4337,478.222818,10.808208
1976,4338,481.2249456,10.808208
1976,4339,484.22701224,10.808208
1976,4340,487.22913984,10.808208
1976,4341,490.23151128,10.69189632
1976,4342,492.91344648,8.87589792
1976,4343,495.5397252,9.62753472
1976,4344,498.00522192,8.26142112
1976,4345,499.56403008,6.17549184
1978,4225,22.1827344,18.3355488
1978,4226,26.76238488,18.33993792
1978,4227,31.85516616,18.31031136
1978,4228,36.9423696,18.33774336
1978,4229,42.0371016,18.3465216
1978,4230,47.13619224,18.34761888
1978,4231,52.23086328,18.33884064
1978,4232,57.4450464,19.92002112
1978,4233,63.2588016,21.21810336
1978,4234,69.15198768,21.21481152
1978,4235,74.99098032,21.76784064
1978,4236,81.65098224,25.15953312
1978,4237,88.61611944,25.06297248
1978,4238,95.68171872,26.72754624
1978,4239,103.057384266667,28.2988512
1986,4230,20.0711816,15.4277568
1986,4231,22.84570488,16.27156512
1986,4232,26.93234136,11.9438928
1986,4233,30.23588568,14.65856352
1986,4234,34.98716904,17.80556256
1986,4235,39.8593056,16.77631392
1986,4236,44.33431824,15.93031104
1986,4237,48.46039584,13.21783488
1986,4238,52.96247472,22.35817728
1986,4239,60.60813888,30.0764448
1986,4240,68.84691336,28.71252576
1986,4241,76.46993088,26.79886944
1986,4242,84.32709576,29.59254432
1986,4243,92.3854896,28.36029888
1986,4244,100.31772672,28.22862528
1986,4245,107.58610944,24.36729696
1986,4246,114.33709416,25.07943168
1986,4247,121.39906632,25.23634272
1986,4248,128.09817408,23.01873984
1986,4249,134.69898384,23.8054896
1986,4250,139.85089632,12.95997408
1986,4251,144.09246264,18.9061344
1986,4252,149.3556576,17.4522384
1986,4253,152.81675304,9.69227424
1986,4254,156.16510296,13.8147552
1986,4255,160.25137368,15.21817632
1986,4256,164.62074264,16.37909856
1986,4257,169.33889424,18.10292544
1986,4258,174.81724752,20.9909664
1986,4259,180.65087568,20.13728256
1986,4260,185.82058848,18.62961984
1986,4261,191.68637304,22.71479328
1986,4262,197.99509296,22.70052864
1986,4263,204.27196128,21.65372352
1986,4264,207.53807616,1.4154912
1986,4265,208.60819848,10.33418304
1986,4266,212.424264,13.17613824
1986,4267,215.05520616,6.82947072
1986,4268,216.93716328,6.77241216
1986,4269,219.13333872,9.87222816
1986,4270,222.04728768,10.31552928
1986,4271,224.6883492,8.37883008
1986,4272,227.05957128,9.6944688
1986,4273,230.0285976,10.9728
1986,4274,233.0765976,10.9728
1986,4275,236.1245976,10.9728
1986,4276,239.17009824,10.89928224
1986,4277,242.30082096,12.86780256
1986,4278,246.53668752,16.46139456
1986,4279,251.1088704,16.45481088
1986,4280,255.92062608,18.7854336
1986,4281,261.36176328,19.79054208
1986,4282,266.57021616,17.2218096
1986,4283,271.66354608,20.793456
1986,4284,277.7166912,21.9456
1986,4285,283.81308744,21.91926528
1986,4286,289.87671768,21.84465024
1986,4287,295.96939536,21.9456
1986,4288,302.0654868,21.9456
1986,4289,308.15761584,21.82928832
1986,4290,314.21475384,21.90938976
1986,4291,320.31243024,22.01911776
1986,4292,326.49328656,22.42620864
1986,4293,332.4695916,19.14314688
1986,4294,337.2130416,16.4592
1986,4295,341.77348968,16.31874816
1986,4296,346.29861144,16.0422336
1986,4297,350.60897112,15.26206752
1986,4298,354.85008024,15.36301728
1986,4299,359.13675696,14.28768288
1986,4300,362.48571648,10.9563408
1986,4301,365.57644944,11.92853088
1986,4302,369.4398504,15.7788864
1986,4303,373.45708392,11.3952528
1986,4304,376.2571596,9.97537248
1986,4305,379.02715152,9.9742752
1986,4306,381.79741776,9.9742752
1986,4307,384.56744016,9.9742752
1986,4308,387.34925832,10.06425216
1986,4309,390.08675856,9.99951264
1986,4310,393.0493536,10.9728
1986,4311,396.09723168,10.9728
1986,4312,399.14526216,10.9728
1986,4313,402.1930488,10.9728
1986,4314,405.2410488,10.9728
1986,4315,408.28892688,10.9728
1986,4316,411.33695736,10.9728
1986,4317,414.3876396,11.02327488
1986,4318,417.44746584,10.97499456
1986,4319,420.49531344,10.9728
1986,4320,423.54334392,10.9728
1986,4321,426.59125248,10.9728
1986,4322,429.63910008,10.97499456
1986,4323,432.39586368,6.9787008
1986,4324,433.76404992,4.43959488
1986,4325,434.72566344,3.24136512
1986,4326,435.72296904,3.5167824
1986,4327,436.8613056,4.6305216
1986,4328,438.52127688,8.63120448
1986,4329,441.35372232,10.50206688
1986,4330,444.27474264,10.5119424
1986,4331,447.19561056,10.5119424
1986,4332,450.11650896,10.5119424
1986,4333,453.03801696,10.51523424
1986,4334,455.55502488,6.65171136
1986,4335,457.18287024,7.8620112
1986,4336,460.13269416,11.54119104
1986,4337,463.33791,11.54009376
1986,4338,466.54309536,11.54228832
1986,4339,469.76251488,11.62458432
1986,4340,472.97931312,11.48632704
1986,4341,475.0443636,1.88622432
1986,4342,475.13894304,1.26296928
1986,4343,477.73486368,16.78399488
1986,4344,482.53137936,17.28325728
1986,4345,487.3331376,17.28654912
1986,4346,491.63170152,11.67944832
1986,4347,494.52175416,11.18238048
1986,4348,497.6474172,11.24712
1986,4349,500.76539928,11.20981248
1986,4350,503.729210133333,11.24712
1991,4236,22.2924624,15.252192
1991,4237,26.454354,16.56563616
1991,4238,31.10612016,16.50199392
1991,4239,35.43656616,15.77778912
1991,4240,40.50752376,20.30845824
1991,4241,46.18216824,20.3216256
1991,4242,52.23705072,26.45761536
1991,4243,61.286898,35.26219008
1991,4244,70.93799376,33.494472
1991,4245,80.02743456,32.6331072
1991,4246,88.90275336,30.5482752
1991,4247,96.98483016,28.8090864
1991,4248,104.86302624,27.42322176
1991,4249,112.59796632,28.9023552
1991,4250,121.16793648,33.30573984
1991,4251,129.54262128,24.10504704
1991,4252,135.76715544,21.8139264
1991,4253,141.03303264,15.27633216
1991,4254,144.55533192,12.69991872
1991,4255,148.51672608,14.94385632
1991,4256,152.90599848,16.46688096
1991,4257,157.52853432,17.63548416
1991,4258,162.68885928,19.4053968
1991,4259,168.41467968,21.12264
1991,4260,174.17250408,19.3560192
1991,4261,179.11364736,17.20096128
1991,4262,183.8902596,17.19218304
1991,4263,188.94305112,20.14167168
1991,4264,194.1921948,16.1793936
1991,4265,198.46933128,15.19293888
1991,4266,202.18606248,11.2306608
1991,4267,205.22936856,10.90476864
1991,4268,208.15212624,10.17617472
1991,4269,210.9709776,10.14984
1991,4270,213.7902252,10.14984
1991,4271,216.60935088,10.14984
1991,4272,219.39129096,9.8700336
1991,4273,222.1611,9.98963712
1991,4274,225.00378672,10.75224672
1991,4275,228.0473976,10.9728
1991,4276,231.0953976,10.9728
1991,4277,234.1433976,10.9728
1991,4278,237.24098856,12.34220544
1991,4279,241.36307328,16.36373664
1991,4280,245.92751424,16.4592
1991,4281,250.49930088,16.45151904
1991,4282,255.2721336,18.76129344
1991,4283,261.05044056,22.00375584
1991,4284,267.13290744,21.70200384
1991,4285,273.14639808,21.80844
1991,4286,279.23038896,21.81282912
1991,4287,285.30090768,21.94998912
1991,4288,291.39724296,21.9456
1991,4289,297.4933344,21.9456
1991,4290,303.5893344,21.9456
1991,4291,309.67286808,21.79417536
1991,4292,315.7395768,21.9456
1991,4293,321.83182776,21.86988768
1991,4294,327.882504,21.73931136
1991,4295,333.50646024,17.77922784
1991,4296,338.1262224,16.4592
1991,4297,342.67905048,16.32094272
1991,4298,347.19228504,15.93470016
1991,4299,351.52596192,15.5045664
1991,4300,355.84101552,15.74487072
1991,4301,360.3068232,16.23316032
1991,4302,364.61465304,13.43509632
1991,4303,367.81779624,10.9728
1991,4304,370.86582672,10.9728
1991,4305,373.75819584,8.50611456
1991,4306,375.5140572,5.48749728
1991,4307,377.0744808,6.53869152
1991,4308,379.24788768,8.3064096
1991,4309,381.55589424,8.3064096
1991,4310,383.33754168,2.72015712
1991,4311,384.32448408,7.54270272
1991,4312,386.95941912,9.80748864
1991,4313,389.67344976,9.7219008
1991,4314,392.37291096,9.71970624
1991,4315,395.0723112,9.71970624
1991,4316,397.80655008,10.2815136
1991,4317,400.8017892,10.97060544
1991,4318,404.12663904,13.8421872
1991,4319,408.02832288,13.16845728
1991,4320,411.63291816,12.98191968
1991,4321,415.24531632,13.0356864
1991,4322,418.86051864,12.9808224
1991,4323,422.46706464,12.9808224
1991,4324,426.07571376,12.84695424
1991,4325,428.74435968,5.04419616
1991,4326,429.40577568,0.9765792
1991,4327,429.99193656,3.84486912
1991,4328,431.20443096,4.43191392
1991,4329,432.60602328,5.89897728
1991,4330,434.31268992,6.20731296
1991,4331,436.16843424,7.11695808
1991,4332,438.7099176,11.28333024
1991,4333,441.90537984,11.53021824
1991,4334,445.10977272,11.5324128
1991,4335,448.31413512,11.5324128
1991,4336,451.51846704,11.5324128
1991,4337,454.72282944,11.5324128
1991,4338,457.92719184,11.5324128
1991,4339,461.13152376,11.5324128
1991,4340,464.33588616,11.5324128
1991,4341,467.54009616,11.55216384
1991,4342,470.75622384,10.95963264
1991,4343,472.35666768,0.5980176
1991,4344,474.26477664,15.48152352
1991,4345,479.21485056,17.6881536
1991,4346,483.2949948,11.96254656
1991,4347,486.58799304,11.8945152
1991,4348,489.89080584,11.89122336
1991,4349,493.19334432,11.89341792
1991,4350,496.49612664,11.89232064
1991,4351,499.7959524,11.850624
1991,4352,501.770904,11.8286784
1998,4238,20.36758944,15.5594304
1998,4239,23.55762624,16.2507168
1998,4240,28.25672784,17.29093824
1998,4241,32.4189852,11.28881664
1998,4242,36.22157856,19.5645024
1998,4243,43.20914904,30.81491424
1998,4244,52.50753024,33.9827616
1998,4245,61.75470504,28.65656448
1998,4246,66.85931256,18.8951616
1998,4247,75.76288632,42.50752992
1998,4248,88.03608504,37.41615072
1998,4249,96.95319192,31.29113376
1998,4250,104.9622996,23.72758272
1998,4251,110.7739212,22.61603808
1998,4252,117.85844856,26.27875872
1998,4253,125.06986416,25.12661472
1998,4254,132.05197872,26.03077344
1998,4255,138.56427456,19.29786336
1998,4256,143.406876,16.28692704
1998,4257,147.861528,16.4372544
1998,4258,152.66084784,18.0612288
1998,4259,157.91172888,20.5630272
1998,4260,163.40361528,17.65633248
1998,4261,168.37831704,18.79530912
1998,4262,173.77477056,19.8772272
1998,4263,179.23532352,19.39881312
1998,4264,184.62181008,19.39552128
1998,4265,189.70029624,14.7364704
1998,4266,192.65850216,8.99440416
1998,4267,195.1579536,8.997696
1998,4268,197.6573136,8.997696
1998,4269,200.15655168,8.997696
1998,4270,202.64905368,9.36747936
1998,4271,205.37564208,8.62571808
1998,4272,208.00347528,12.60555264
1998,4273,211.84989888,14.0012928
1998,4274,215.738964,13.99141728
1998,4275,219.69243336,14.7748752
1998,4276,223.34457744,11.03095584
1998,4277,226.3725216,10.9728
1998,4278,229.4205216,10.9728
1998,4279,232.46858256,10.97060544
1998,4280,235.68407016,13.43729088
1998,4281,240.00171456,16.36922304
1998,4282,244.55768208,16.4592
1998,4283,249.12828,16.4921184
1998,4284,254.08018272,19.91124288
1998,4285,260.05057464,22.32306432
1998,4286,266.21564232,21.95767008
1998,4287,272.23705776,21.55387104
1998,4288,278.29254984,21.94998912
1998,4289,284.3889156,21.9456
1998,4290,290.48503752,21.9456
1998,4291,296.581068,21.9456
1998,4292,302.67709848,21.9456
1998,4293,308.7651432,21.80624544
1998,4294,314.82755424,21.93791904
1998,4295,320.91898224,21.80624544
1998,4296,326.90494944,21.40464096
1998,4297,332.55883704,18.1819296
1998,4298,337.21523616,16.4592
1998,4299,341.77586712,16.31874816
1998,4300,346.29300312,15.87873888
1998,4301,350.49878592,14.78804256
1998,4302,354.60745944,14.6870928
1998,4303,358.27691616,11.42158752
1998,4304,361.28169552,10.7588304
1998,4305,364.3173816,10.9782864
1998,4306,367.13644632,8.36456544
1998,4307,368.9660388,5.61917088
1998,4308,370.48970352,5.4864
1998,4309,372.013734,5.4864
1998,4310,373.53770352,5.4864
1998,4311,375.06182544,5.4864
1998,4312,376.58905632,5.7936384
1998,4313,378.61076424,8.78043456
1998,4314,381.40620696,11.37989088
1998,4315,384.73419624,12.24674208
1998,4316,388.15176624,12.32903808
1998,4317,391.55976552,12.2456448
1998,4318,394.93954032,11.8012464
1998,4319,398.12677296,11.69371296
1998,4320,401.53099272,12.9149856
1998,4321,405.23376408,13.386816
1998,4322,408.95265936,13.386816
1998,4323,412.67143272,13.39010784
1998,4324,416.40422688,13.32536832
1998,4325,419.36170128,7.71826752
1998,4326,421.10902824,4.99152672
1998,4327,422.3401764,4.23440352
1998,4328,423.24918144,1.99814688
1998,4329,424.21387344,6.52113504
1998,4330,426.479208,8.449056
1998,4331,428.82604608,8.449056
1998,4332,431.1728232,8.449056
1998,4333,433.52005752,8.44576416
1998,4334,435.90021024,9.14912064
1998,4335,438.41429208,7.94320992
1998,4336,440.96403552,11.13958656
1998,4337,444.10429848,11.301984
1998,4338,447.24395184,11.301984
1998,4339,450.3834528,11.301984
1998,4340,453.49844784,10.3308912
1998,4341,455.63049336,6.34557024
1998,4342,457.85556384,9.0964512
1998,4343,460.7071812,11.69810208
1998,4344,464.01590712,11.905488
1998,4345,467.3236272,11.92633632
1998,4346,470.65323192,11.9713248
1998,4347,473.964,11.9109744
1998,4348,477.27226872,11.905488
1998,4349,480.58004976,11.905488
1998,4350,483.8878308,11.905488
1998,4351,487.18939392,11.69042112
1998,4352,490.24784856,9.3049344
1998,4353,492.82938264,10.70616096
1998,4354,495.49272504,8.14949856
1998,4355,497.73288312,7.95418272
1998,4356,499.4406572,7.0555104
2004,4249,87.9387624,30.696408
2004,4250,93.2762676,31.711392
2004,4251,101.7455928,29.24690112
2004,4252,109.5621888,26.80325856
2004,4253,116.47618056,23.55201792
2004,4254,122.9759796,22.80367296
2004,4255,128.74435008,19.3615056
2004,4256,134.36885496,20.13289344
2004,4257,139.3839732,16.75436832
2004,4258,144.02552856,16.5524688
2004,4259,148.51550688,15.91275456
2004,4260,152.94400704,16.3659312
2004,4261,157.88179752,18.818352
2004,4262,163.10576472,18.75361248
2004,4263,168.32348352,18.80957376
2004,4264,173.52361536,18.65485728
2004,4265,178.69850976,18.24008544
2004,4266,183.39590448,15.9270192
2004,4267,187.79986824,15.115032
2004,4268,191.303148,10.74566304
2004,4269,194.26312176,10.1827584
2004,4270,196.65183936,7.42748832
2004,4271,198.70649616,7.32214944
2004,4272,200.66678688,6.85909728
2004,4273,202.56264288,6.93919872
2004,4274,204.61065504,7.6754736
2004,4275,206.78095296,8.942832
2004,4276,210.27642984,15.3399744
2004,4277,214.56069864,15.38276832
2004,4278,218.83990776,15.4387296
2004,4279,223.10436456,15.11064288
2004,4280,227.16478824,14.27232096
2004,4281,231.126792,14.26464
2004,4282,235.10476728,14.9998176
2004,4283,239.88076992,18.78982272
2004,4284,245.12308608,18.92808
2004,4285,250.38097752,18.92808
2004,4286,255.63365688,19.31871168
2004,4287,261.51943632,22.658832
2004,4288,267.67859088,22.18261248
2004,4289,274.32295656,24.80511168
2004,4290,281.05300152,23.4653328
2004,4291,287.3055468,22.4832672
2004,4292,293.69637984,22.13104032
2004,4293,299.68243848,21.82709376
2004,4294,305.22440352,17.26350624
2004,4295,309.98894568,19.7181216
2004,4296,316.14669816,21.39257088
2004,4297,321.41406888,18.02611584
2004,4298,326.42095752,18.022824
2004,4299,331.35826032,16.91127936
2004,4300,335.77947576,15.54516576
2004,4301,340.09769928,15.51224736
2004,4302,344.31238224,14.36449248
2004,4303,348.06517128,13.16626272
2004,4304,351.72277128,13.16736
2004,4305,355.28384112,11.603736
2004,4306,358.12098048,9.68788512
2004,4307,360.76597392,9.45087264
2004,4308,363.28255512,7.2255888
2004,4309,364.6826844,4.20148512
2004,4310,365.85110472,4.2025824
2004,4311,367.02967488,4.37046624
2004,4312,368.28438408,4.5756576
2004,4313,369.55439424,4.5756576
2004,4314,370.9882344,7.57013472
2004,4315,374.0837832,12.89742912
2004,4316,377.6676216,12.95558496
2004,4317,381.28898088,13.0795776
2004,4318,384.92119104,13.08396672
2004,4319,388.57324368,13.16077632
2004,4320,392.26034832,14.12857728
2004,4321,396.55467552,16.10148672
2004,4322,401.02493328,16.0970976
2004,4323,405.38905968,13.98702816
2004,4324,408.5406612,10.05218208
2004,4325,411.33470184,10.05986304
2004,4326,414.01078488,7.75996416
2004,4327,415.37433816,3.52446336
2004,4328,416.34860088,3.4783776
2004,4329,417.35934816,4.4330112
2004,4330,418.92659928,6.22486944
2004,4331,420.65362656,6.21938304
2004,4332,422.44795368,7.6206096
2004,4333,425.05771224,10.24420608
2004,4334,427.90228872,10.2376224
2004,4335,430.74073872,10.11253248
2004,4336,433.5051528,9.87552
2004,4337,436.24807848,9.87552
2004,4338,439.01160864,10.33966944
2004,4339,442.06643616,11.33929152
2004,4340,445.2158736,11.3349024
2004,4341,448.44300456,12.24454752
2004,4342,451.90483152,12.34001088
2004,4343,455.20319424,9.94245408
2004,4344,457.46584656,7.74021312
2004,4345,460.35501528,14.35571424
2004,4346,464.73898416,15.62965632
2004,4347,468.3773208,10.84332096
2004,4348,471.35981928,10.41428448
2004,4349,474.03047688,9.65716128
2004,4350,476.89806576,10.41208992
2004,4351,479.57350872,8.57304864
2004,4352,481.865178,8.25044832
2004,4353,484.48246512,11.00791296
2004,4354,487.67216664,11.5269264
2004,4355,490.9555332,12.21601824
2004,4356,494.3834664,12.3279408
2004,4357,497.52772224,9.95452416
2004,4358,500.17463592,9.47611008
2004,4359,502.81222272,9.48488832
2004,4360,505.03046568,5.96152224
2004,4361,506.51642664,5.2998624
2004,4362,507.99028704,5.28011136
2004,4363,509.1231372,2.4524208
2004,4364,509.6684244,1.92682368
2004,4365,509.9893788,1.9312128
2008,4233,22.1328826666667,14.6145504
2008,4234,26.2839708,16.75217376
2008,4235,30.6275232,14.46873408
2008,4236,34.74421296,14.43581568
2008,4237,38.6987796,15.07333536
2008,4238,43.19601216,16.14537792
2008,4239,48.82661304,26.17890624
2008,4240,56.45862216,27.61744032
2008,4241,64.13040768,27.37603872
2008,4242,70.5132157714286,27.7549138285714
2019,4246,37.03237704,25.0509024
2019,4247,43.99407,25.07065344
2019,4248,50.95582392,25.11783648
2019,4249,58.18010208,26.98869888
2019,4250,65.72335344,27.2509488
2019,4251,73.6276404,29.86137792
2019,4252,82.00488552,30.09070944
2019,4253,90.33945864,29.66825664
2019,4254,97.87252968,24.44630112
2019,4255,104.52302184,23.90534208
2019,4256,111.17479416,23.85267264
2019,4257,117.44818776,21.12702912
2019,4258,123.2117424,20.66397696
2019,4259,128.82685944,20.06595936
2019,4260,134.4309732,19.4712336
2019,4261,139.68121416,18.8402976
2019,4262,144.90804648,18.68228928
2019,4263,150.0769668,18.94673376
2019,4264,155.4361128,19.33956
2019,4265,160.80769464,19.30005792
2019,4266,165.93836256,16.43067072
2019,4267,170.00933232,14.12967456
2019,4268,173.93372376,14.12967456
2019,4269,177.859182,14.14503648
2019,4270,181.53516144,10.88062848
2019,4271,183.99044736,8.2296
2019,4272,186.2766912,8.23069728
2019,4273,188.56900056,8.25812928
2019,4274,190.75459944,6.8086224
2019,4275,192.4584924,7.08513696
2019,4276,194.60004768,7.50429792
2019,4277,197.1661284,10.91574144
2019,4278,200.36649792,12.2566176
2019,4279,204.15104712,15.13807488
2019,4280,208.4065428,15.63733728
2019,4281,212.9288604,16.4592
2019,4282,217.5008604,16.4592
2019,4283,222.0675264,16.64354304
2019,4284,227.18767872,20.13947712
2019,4285,232.85098464,20.92183776
2019,4286,238.85868408,21.86549856
2019,4287,244.93490256,21.94121088
2019,4288,251.0308416,21.9456
2019,4289,257.16268608,22.64566464
2019,4290,263.79763344,24.36839424
2019,4291,270.41103144,23.59920096
2019,4292,277.02702024,23.73306912
2019,4293,283.34104368,21.95986464
2019,4294,289.40839248,21.82599648
2019,4295,295.4978088,21.9456
2019,4296,301.5938088,21.9456
2019,4297,307.68895536,21.87537408
2019,4298,313.72780536,21.00303648
2019,4299,318.85411464,16.50638304
2019,4300,323.50325952,17.35019136
2019,4301,328.43635608,17.8472592
2019,4302,333.33595512,17.0846496
2019,4303,337.71471192,13.43948544
2019,4304,340.91761128,10.90915776
2019,4305,343.93141272,10.90806048
2019,4306,346.90473672,9.77895936
2019,4307,349.32463536,8.31518784
2019,4308,351.63392208,8.3173824
2019,4309,353.9358936,7.9497936
2019,4310,355.8325116,5.9582304
2019,4311,357.41862984,5.50176192
2019,4312,358.9425384,5.4864
2019,4313,360.43069392,5.26474944
2019,4314,361.94213616,5.93409024
2019,4315,364.03571592,9.0196416
2019,4316,366.63791544,9.59461632
2019,4317,369.4726164,10.83673728
2019,4318,372.5210736,10.9728
2019,4319,375.56910408,10.9728
2019,4320,378.61719552,10.97060544
2019,4321,381.897636,14.00458464
2019,4322,386.33031192,16.5853872
2019,4323,390.9306888,16.50528576
2019,4324,395.39198544,15.3180288
2019,4325,399.33134256,12.9040128
2019,4326,402.5999568,11.0112048
2019,4327,405.64813968,10.79065152
2019,4328,408.36146928,8.8276176
2019,4329,410.4471852,6.17000544
2019,4330,412.119318,5.76072
2019,4331,413.6477376,5.4864
2019,4332,415.17579144,5.53468032
2019,4333,416.7091488,5.4864
2019,4334,418.23174672,5.67952128
2019,4335,420.44788656,10.50535872
2019,4336,423.4909488,10.9728
2019,4337,426.52425744,10.5668064
2019,4338,429.32290056,9.6012
2019,4339,431.89041384,8.64108
2019,4340,434.07006912,8.49404448
2019,4341,436.9023012,10.97938368
2019,4342,439.95767736,11.47864608
2019,4343,443.275974,11.55655296
2019,4344,446.57403192,12.71857248
2019,4345,449.94191952,10.9782864
2019,4346,452.97163152,11.25370368
2019,4347,456.0955572,11.24712
2019,4348,459.21972672,11.24712
2019,4349,462.34377432,11.24712
2019,4350,465.4678524,11.24712
2019,4351,468.5984532,11.32612416
2019,4352,471.73807608,11.25589824
2019,4353,474.8663604,11.25589824
2019,4354,477.99083472,11.24712
2019,4355,481.11503472,11.24712
2019,4356,484.23914328,11.24712
2019,4357,487.3633128,11.24712
2019,4358,490.39482312,9.58693536
2019,4359,492.81597144,9.025128
2019,4360,495.37613904,9.217152
2019,4361,497.93584944,9.217152
2019,4362,500.49037824,9.18203904
2019,4363,503.04579096,9.217152
2019,4364,504.7095824,9.217152
2027,4253,23.0602197333333,31.5382656
2027,4254,31.0130952,29.9228256
2027,4255,39.22769904,28.57207392
2027,4256,46.44652128,23.14053792
2027,4257,52.491132,21.39696
2027,4258,58.43454912,21.40134912
2027,4259,64.23199752,20.73639744
2027,4260,70.39069488,23.19979104
2027,4261,76.84782192,23.36548032
2027,4262,83.32448664,23.1964992
2027,4263,89.71516728,22.13542944
2027,4264,95.54114496,20.5794864
2027,4265,101.22734136,19.80370944
2027,4266,106.29116664,17.21303136
2027,4267,111.21356472,18.20716704
2027,4268,116.69795304,21.2433408
2027,4269,122.48939688,20.4971904
2027,4270,128.11286544,19.85857344
2027,4271,132.816208114286,19.8074715428571
2042,4251,36.8159211428571,18.6960836571429
2042,4252,42.05575536,21.20164416
2042,4253,47.85350856,24.77438784
2042,4254,55.55763336,28.25386272
2042,4255,63.49877064,29.46635712
2042,4256,71.89610208,30.46159008
2042,4257,79.94346216,26.307288
2042,4258,86.99653416,25.62587712
2042,4259,94.08441432,25.44811776
2042,4260,100.85612544,21.85452576
2042,4261,106.282998,18.6592464
2042,4262,111.46219008,18.63071712
2042,4263,116.77095264,19.60619904
2042,4264,122.1917292,19.3889376
2042,4265,127.49259744,18.63291168
2042,4266,132.86677008,20.07802944
2042,4267,138.32838984,19.3889376
2042,4268,143.57158992,17.10001152
2042,4269,147.76670472,14.38643808
2042,4270,151.7672352,14.4018
2042,4271,155.7677352,14.40289728
2042,4272,159.69587568,13.22880768
2042,4273,163.0715052,11.71017216
2042,4274,166.3337796,11.79576
2042,4275,169.61031864,11.79576
2042,4276,172.78770624,10.19153664
2042,4277,175.22217432,8.22850272
2042,4278,177.50832672,8.23618368
2042,4279,179.79807576,8.23618368
2042,4280,182.09556672,8.4161376
2042,4281,184.47876744,8.63778816
2042,4282,186.87979896,8.66631744
2042,4283,189.28787136,8.64766368
2042,4284,191.9540484,12.65054112
2042,4285,196.44122256,17.55977184
2042,4286,201.31326768,17.50490784
2042,4287,206.1799788,17.55648
2042,4288,211.18756848,19.6577712
2042,4289,217.16676912,22.23199008
2042,4290,223.32043728,22.07837088
2042,4291,229.46477856,22.14201312
2042,4292,235.62564,22.23199008
2042,4293,241.83401976,22.988016
2042,4294,248.45165448,24.14125728
2042,4295,255.14186208,23.95581696
2042,4296,261.74218416,23.01325344
2042,4297,267.84729768,21.41122464
2042,4298,273.78266808,21.47815872
2042,4299,279.74748216,21.54619008
2042,4300,285.65447568,19.83662784
2042,4301,290.5480092,16.46249184
2042,4302,295.119552,16.4592
2042,4303,299.691552,16.4592
2042,4304,304.263552,16.4592
2042,4305,308.83244304,16.35386112
2042,4306,313.30745568,15.28291584
2042,4307,317.05110072,11.82977568
2042,4308,320.14753344,10.97170272
2042,4309,323.23832736,11.46547872
2042,4310,326.48706864,11.74967424
2042,4311,329.7498612,11.7463824
2042,4312,332.74522224,8.30202048
2042,4313,334.44993816,5.4864
2042,4314,335.97396864,5.4864
2042,4315,337.4980296,5.4864
2042,4316,339.0220296,5.4864
2042,4317,340.5487728,5.79583296
2042,4318,342.7448568,10.24749792
2042,4319,345.7645104,10.95853536
2042,4320,348.78730344,10.81259712
2042,4321,351.78912624,10.808208
2042,4322,354.79107096,10.808208
2042,4323,357.80600016,10.9289088
2042,4324,360.96449016,12.52654848
2042,4325,364.71868128,13.9464288
2042,4326,368.93818008,16.36702848
2042,4327,373.18882944,12.8875536
2042,4328,376.3316832,10.9728
2042,4329,379.37989656,10.97609184
2042,4330,382.28296416,9.58364352
2042,4331,384.83511552,9.13266144
2042,4332,387.38443224,9.2226384
2042,4333,389.9335356,9.13705056
2042,4334,392.257788,6.75705024
2042,4335,393.842748,5.4864
2042,4336,395.366748,5.4864
2042,4337,396.91979544,6.60452832
2042,4338,399.36636408,10.09058688
2042,4339,402.1682076,10.0840032
2042,4340,404.96989872,10.0840032
2042,4341,407.77162032,10.0840032
2042,4342,410.57334192,10.0840032
2042,4343,413.37497208,10.08729504
2042,4344,416.18845896,10.13557536
2042,4345,418.9930152,10.0840032
2042,4346,421.7947368,10.0840032
2042,4347,424.59648888,10.0840032
2042,4348,427.39827144,10.0840032
2042,4349,430.19999304,10.0840032
2042,4350,433.01165112,10.33747488
2042,4351,435.99207696,10.72481472
2042,4352,438.99118704,11.39196096
2042,4353,442.2542844,11.79576
2042,4354,445.53070152,11.79576
2042,4355,448.8082464,11.7793008
2042,4356,451.5540372,6.92822592
2042,4357,453.209406,6.95565792
2042,4358,455.47827624,8.50392
2042,4359,457.83953136,8.50392
2042,4360,460.200756,8.50392
2042,4361,462.56201112,8.50392
2042,4362,464.92323576,8.50392
2042,4363,467.28449088,8.50392
2042,4364,469.65982776,8.586216
2042,4365,472.02175344,7.90261056
2042,4366,473.13985128,0.301752
2042,4367,473.35141296,4.21465248
2042,4368,476.15828568,13.27379616
2042,4369,479.84462832,13.277088
2042,4370,482.94612072,6.03504
2042,4371,483.43008216,1.09947456
2042,4372,483.91468368,0.85807296
2042,4373,483.9452856,0
2042,4374,484.15187904,0.98426016
2042,4375,484.2717264,0
2042,4376,484.2717264,0
2042,4377,484.2717264,0
2042,4378,484.2717264,0
2042,4379,484.2717264,0
2042,4380,484.2717264,0
2042,4381,484.2717264,0
2042,4382,484.38989736,2.13530688
2042,4383,485.6709108,5.46774624
2042,4384,487.99415736,13.15199808
2042,4385,491.89876728,12.68016768
2042,4386,495.2044452,11.79137088
2042,4387,498.71476584,14.03311392
2042,4388,502.79375184,14.84729568
2042,4389,506.9040408,14.07919968
2042,4390,509.3237464,13.16736
2055,4259,19.35010608,28.8804096
2055,4260,27.33897504,28.71252576
2055,4261,35.30458776,28.28129472
2055,4262,42.09766536,20.26237248
2055,4263,47.50472592,19.39771584
2055,4264,52.8908772,19.28908512
2055,4265,57.87304656,16.44383808
2055,4266,62.36829792,16.20353376
2055,4267,67.79809656,24.45727392
2055,4268,75.10997424,26.05162176
2055,4269,81.22045224,19.46794176
2055,4270,87.53746272,26.59148352
2055,4271,95.45357592,28.90893888
2055,4272,103.41778656,27.81385344
2055,4273,110.93875704,26.88445728
2055,4274,118.37804112,26.18548992
2055,4275,125.26246728,22.4558352
2055,4276,130.6439856,16.47346464
2055,4277,134.55691656,12.77343648
2055,4278,138.06092784,12.62091456
2055,4279,141.29205168,9.09425664
2055,4280,143.20424496,6.2215776
2055,4281,144.9282852,6.16890816
2055,4282,146.54424336,4.90593888
2055,4283,147.67709352,3.84048
2055,4284,148.74401544,3.83718816
2055,4285,150.2193084,8.97355584
2055,4286,153.59774208,13.16736
2055,4287,157.25549448,13.16297088
2055,4288,161.4795348,20.13289344
2055,4289,168.2812992,25.96493664
2055,4290,175.49539704,25.98139584
2055,4291,182.67422952,25.4678688
2055,4292,189.6646956,25.08272352
2055,4293,196.62672384,25.05309696
2055,4294,203.5196844,24.2553744
2055,4295,210.13530744,23.69137248
2055,4296,216.70179672,23.63321664
2055,4297,223.30138728,24.09517152
2055,4298,230.11144224,24.6888
2055,4299,236.968284,24.64161696
2055,4300,243.51791784,21.01620384
2055,4301,248.73703872,18.10512
2055,4302,253.76508048,18.0118512
2055,4303,258.5894244,15.965424
2055,4304,262.6630764,14.26025088
2055,4305,266.64891552,14.38643808
2055,4306,270.62667744,14.68819008
2055,4307,274.73824656,14.8187664
2055,4308,278.88553824,13.44277728
2055,4309,282.10117824,10.97170272
2055,4310,285.1492392,10.9728
2055,4311,288.1972392,10.9728
2055,4312,291.2452392,10.9728
2055,4313,294.29330016,10.9728
2055,4314,297.23864352,9.32907456
2055,4315,299.24239872,5.75852544
2055,4316,300.77026968,5.4864
2055,4317,302.29430016,5.4864
2055,4318,303.81848304,5.4864
2055,4319,305.34678072,5.76072
2055,4320,307.0765512,7.16633568
2055,4321,309.65153208,10.31662656
2055,4322,312.538872,10.89708768
2055,4323,315.68081136,12.47826816
2055,4324,319.7173692,15.77230272
2055,4325,324.23484048,16.7664384
2055,4326,328.90672344,16.82788608
2055,4327,333.25564032,13.48447392
2055,4328,336.52763784,11.01559392
2055,4329,339.57451008,10.9728
2055,4330,342.60339912,10.83673728
2055,4331,345.63204432,10.9069632
2055,4332,348.55742328,10.1937312
2055,4333,351.38124288,10.16849376
2055,4334,354.20515392,10.1662992
2055,4335,357.07621752,10.6929936
2055,4336,360.08535552,10.74346848
2055,4337,363.0951336,10.9728
2055,4338,365.98747224,8.50392
2055,4339,367.74327264,5.48420544
2055,4340,369.2673336,5.4864
2055,4341,370.7913336,5.4864
2055,4342,372.3153336,5.4864
2055,4343,373.8393336,5.4864
2055,4344,375.3633336,5.4864
2055,4345,376.88739456,5.4864
2055,4346,378.4113336,5.48969184
2055,4347,380.03799024,7.90809696
2055,4348,382.7676876,6.98308992
2055,4349,384.3427416,8.997696
2055,4350,387.48346176,11.6640864
2055,4351,390.70976976,11.576304
2055,4352,393.92647656,11.576304
2055,4353,397.14300048,11.576304
2055,4354,400.35973776,11.576304
2055,4355,403.5763836,11.576304
2055,4356,406.79296848,11.576304
2055,4357,410.00970576,11.576304
2055,4358,413.22626016,11.57959584
2055,4359,416.45497608,11.63007072
2055,4360,419.67436512,11.576304
2055,4361,422.73361224,8.90771904
2055,4362,424.4716428,4.56358752
2055,4363,425.73253944,5.62246272
2055,4364,428.23830024,12.31257888
2055,4365,431.7776988,12.75149088
2055,4366,435.32072448,12.75588
2055,4367,438.84863208,12.02399424
2055,4368,441.34701672,6.60891744
2055,4369,443.36524992,7.91797248
2055,4370,445.5514584,7.55148096
2055,4371,447.34514544,4.93117632
2055,4372,448.49896584,4.34961792
2055,4373,449.76885408,3.79878336
2055,4374,450.2115456,0
2055,4375,450.2115456,0
2055,4376,450.2115456,0
2055,4377,450.2115456,0
2055,4378,450.2115456,0
2055,4379,450.2115456,0
2055,4380,450.2115456,0
2055,4381,450.40728816,0.96780096
2055,4382,450.5029344,0
2055,4383,450.5029344,0
2055,4384,450.56928936,1.179576
2055,4385,451.26594024,3.072384
2055,4386,452.11947168,3.072384
2055,4387,452.97297264,3.072384
2055,4388,453.8263212,3.06909216
2055,4389,455.55249504,13.14431712
2055,4390,460.5195768,18.82274112
2055,4391,465.83705664,19.504152
2055,4392,470.20996128,7.60085856
2055,4393,472.35630192,14.96909376
2055,4394,477.45972072,18.92698272
2055,4395,482.71642344,18.92698272
2055,4396,487.77308592,15.93908928
2055,4397,491.44897392,11.89232064
2055,4398,494.7144792,11.80563552
2055,4399,497.75778528,8.97794496
2055,4400,499.4562528,8.72118144
2066,4275,136.375648,15.7240224
2066,4276,139.214352,15.7240224
2066,4277,143.58219696,15.57369504
2066,4278,147.1130916,8.97904224
2066,4279,149.284944,7.68096
2066,4280,151.4194584,7.66340352
2066,4281,153.2631936,5.25158208
2066,4282,154.60562424,4.80279456
2066,4283,155.93906328,4.80279456
2066,4284,157.27036872,4.92239808
2066,4285,159.60916008,13.06641024
2066,4286,163.8624612,16.37251488
2066,4287,168.82570248,19.9924416
2066,4288,174.75162408,21.94889184
2066,4289,180.87840888,22.8563424
2066,4290,187.75536744,25.95725568
2066,4291,194.96080896,25.91994816
2066,4292,202.1535708,25.86508416
2066,4293,209.33636568,25.895808
2066,4294,216.74148168,27.3826224
2066,4295,224.32825848,27.26960256
2066,4296,231.93015336,27.432
2066,4297,239.53854048,27.12256704
2066,4298,246.44732016,22.41304128
2066,4299,252.57337344,22.29563232
2066,4300,258.82661976,22.68516672
2066,4301,264.97306416,20.13837984
2066,4302,269.91432936,16.45261632
2066,4303,274.4440536,16.4592
2066,4304,279.0160536,16.4592
2066,4305,283.58799264,16.46139456
2066,4306,287.92813128,13.43948544
2066,4307,291.1313964,11.10886272
2066,4308,294.31622112,11.42487936
2066,4309,297.50348424,11.47864608
2066,4310,300.58077552,10.97389728
2066,4311,303.60384288,10.84222368
2066,4312,306.6286476,10.3912416
2066,4313,308.8483536,5.7936384
2066,4314,310.36677576,5.34155904
2066,4315,311.85618096,5.47762176
2066,4316,313.38045528,5.4864
2066,4317,314.9044248,5.4864
2066,4318,316.4284248,5.4864
2066,4319,317.9563872,5.75303904
2066,4320,320.05237488,9.87990912
2066,4321,323.1584088,12.10080384
2066,4322,326.65864056,12.70540512
2066,4323,330.1877064,12.7065024
2066,4324,333.68775528,12.09970656
2066,4325,337.11571896,13.54153248
2066,4326,341.32363536,16.22767392
2066,4327,345.85421304,16.09600032
2066,4328,350.1406764,15.0272496
2066,4329,354.31591824,14.99323392
2066,4330,358.11183648,11.74967424
2066,4331,360.97521912,8.284464
2066,4332,362.71833984,5.48530272
2066,4333,364.24246176,5.4864
2066,4334,365.76643128,5.4864
2066,4335,367.2905532,5.4864
2066,4336,368.81452272,5.4864
2066,4337,370.33852272,5.4864
2066,4338,371.86115112,5.67952128
2066,4339,374.07710808,10.50535872
2066,4340,377.1205056,10.9728
2066,4341,380.06417256,9.36638208
2066,4342,382.46236944,8.8715088
2066,4343,384.9535608,8.9538048
2066,4344,387.45499344,9.03939264
2066,4345,389.9515188,8.9538048
2066,4346,392.40503688,8.65863648
2066,4347,394.82463072,8.48636352
2066,4348,396.83838336,7.02149472
2066,4349,399.62166456,12.67797312
2066,4350,403.23948816,13.03129728
2066,4351,406.85895768,13.03129728
2066,4352,410.47839672,13.03129728
2066,4353,414.09923784,13.0686048
2066,4354,417.73150896,13.04336736
2066,4355,421.35097848,13.03129728
2066,4356,424.95770736,12.3114816
2066,4357,427.40266056,5.34155904
2066,4358,428.68239384,4.24976544
2066,4359,430.00717656,5.62575456
2066,4360,431.66882424,6.03723456
2066,4361,433.53240192,7.79946624
2066,4362,436.06754544,10.23871968
2066,4363,438.91852272,10.2266496
2066,4364,441.7606608,10.26834624
2066,4365,444.6126744,10.2705408
2066,4366,447.46456608,10.2705408
2066,4367,450.31661016,10.2705408
2066,4368,453.15048816,9.47281824
2066,4369,455.07024048,4.27719744
2066,4370,455.88399552,1.95974208
2066,4371,456.2618256,0.67372992
2066,4372,456.2968776,0
2066,4373,456.2968776,0
2066,4374,456.2968776,0
2066,4375,456.2968776,0
2066,4376,456.2968776,0
2066,4377,456.2968776,0
2066,4378,456.2968776,0
2066,4379,456.2968776,0
2066,4380,456.2968776,0
2066,4381,456.2968776,0
2066,4382,456.48746904,1.05229152
2066,4383,456.6013728,0
2066,4384,456.78925152,1.65799008
2066,4385,457.6180332,6.77131488
2066,4386,461.4556176,18.10402272
2066,4387,466.50542208,18.18961056
2066,4388,470.69800704,7.71826752
2066,4389,473.24561688,18.03269952
2066,4390,479.24606208,20.65190688
2066,4391,484.30562016,16.97162976
2066,4392,488.66340672,14.81547456
2066,4393,492.69478296,13.19808384
2066,4394,495.62351472,9.38393856
2066,4395,498.4109412,9.27859968
2066,4396,499.9774608,8.9538048
2089,4261,24.49878768,24.96312
2089,4262,29.74232304,25.3581408
2089,4263,36.81575568,25.47774432
2089,4264,43.24164072,19.33297632
2089,4265,48.11673384,17.22839328
2089,4266,52.9021548,17.227296
2089,4267,57.68760624,17.227296
2089,4268,62.47467312,17.21961504
2089,4269,67.36701792,19.56669696
2089,4270,73.42790496,22.52825568
2089,4271,79.59733128,21.59885952
2089,4272,85.49508936,21.15885024
2089,4273,91.23995976,19.80261216
2089,4274,96.61772904,19.39222944
2089,4275,101.99010336,19.11132576
2089,4276,107.27865768,19.06853184
2089,4277,112.57471008,19.06853184
2089,4278,117.90627168,19.28030688
2089,4279,122.82019632,15.18745248
2089,4280,126.6988068,13.28476896
2089,4281,130.38828888,14.11870176
2089,4282,134.00589912,10.25298432
2089,4283,136.45082184,8.5917024
2089,4284,138.83859456,8.59499424
2089,4285,141.1120368,7.49551968
2089,4286,143.10515448,7.12793088
2089,4287,145.39974984,10.16849376
2089,4288,148.48018056,11.25699552
2089,4289,152.19401616,16.79277312
2089,4290,157.30130592,18.65376
2089,4291,162.47543832,18.56378304
2089,4292,167.8969464,21.12702912
2089,4293,173.96496576,21.94340544
2089,4294,180.23503704,23.6079792
2089,4295,186.9248484,24.17088384
2089,4296,193.7442912,24.68770272
2089,4297,200.49036864,24.08200416
2089,4298,207.47595792,26.93602944
2089,4299,215.17435248,27.78642144
2089,4300,222.67237152,25.60832064
2089,4301,229.4596884,23.8603536
2089,4302,236.02032552,22.43169504
2089,4303,241.72718736,19.64240928
2089,4304,247.17768192,19.17825984
2089,4305,252.30280248,18.10182816
2089,4306,257.26040496,17.1943776
2089,4307,261.80655792,15.90946272
2089,4308,266.24118456,16.04333088
2089,4309,270.6000684,14.74634592
2089,4310,274.39251192,13.16297088
2089,4311,277.98622584,11.8286784
2089,4312,280.80093192,9.3213936
2089,4313,283.3917624,9.32688
2089,4314,285.9825624,9.32688
2089,4315,288.53666448,8.56207584
2089,4316,290.6460024,7.12902816
2089,4317,292.5627372,6.05588832
2089,4318,294.062658,5.41946592
2089,4319,295.5865056,5.4864
2089,4320,297.1105056,5.4864
2089,4321,298.66324824,6.1283088
2089,4322,300.5448396,7.85213568
2089,4323,303.28279704,10.98267552
2089,4324,306.25462752,10.42086816
2089,4325,309.2255436,10.89818496
2089,4326,312.2816208,11.75954976
2089,4327,315.77785968,12.89523456
2089,4328,319.5971256,14.52908448
2089,4329,323.95811256,17.08794144
2089,4330,328.77026448,17.34909408
2089,4331,333.53727552,16.77631392
2089,4332,337.84678176,13.43509632
2089,4333,341.09564496,10.90257408
2089,4334,344.10627648,10.90367136
2089,4335,346.98532584,8.75190528
2089,4336,349.02501696,6.9348096
2089,4337,350.95241976,6.93700416
2089,4338,352.88076744,6.97979808
2089,4339,354.85788312,7.21790784
2089,4340,356.83795536,7.1103744
2089,4341,358.92601824,7.82580096
2089,4342,361.05013896,7.61622048
2089,4343,363.21452376,7.8345792
2089,4344,365.39131392,7.8345792
2089,4345,367.56816504,7.8345792
2089,4346,369.74498568,7.8345792
2089,4347,371.87800656,6.96004704
2089,4348,373.5279804,5.48310816
2089,4349,375.0515232,5.48859456
2089,4350,376.69780896,6.5781936
2089,4351,378.92601888,9.60997824
2089,4352,381.93613224,12.316968
2089,4353,385.59656688,13.4636256
2089,4354,389.34761856,13.4636256
2089,4355,393.07626744,13.39888608
2089,4356,396.69531024,12.74929632
2089,4357,400.2659508,12.89304
2089,4358,403.8476556,12.89304
2089,4359,407.42932992,12.63956832
2089,4360,410.32849608,8.16047136
2089,4361,412.50205536,7.81702272
2089,4362,414.67671192,7.87078944
2089,4363,416.86057344,7.77313152
2089,4364,418.84616256,6.0405264
2089,4365,420.60071328,7.81482816
2089,4366,422.98857744,8.6904576
2089,4367,425.40180096,8.6904576
2089,4368,427.81502448,8.6904576
2089,4369,430.22818704,8.6904576
2089,4370,432.64323936,8.63669088
2089,4371,434.38319016,3.39388704
2089,4372,435.58230384,5.870448
2089,4373,437.22922968,5.92421472
2089,4374,438.87478392,5.90117184
2089,4375,440.50765848,5.90117184
2089,4376,442.12803624,4.93995456
2089,4377,442.728096,0.05815584
2089,4378,442.75086456,0.30065472
2089,4379,442.8524544,0.16349472
2089,4380,442.85916,0
2089,4381,443.01966768,1.25967744
2089,4382,443.4353844,1.50876
2089,4383,443.855094,1.4923008
2089,4384,444.1432824,0.55851552
2089,4385,444.29074464,0.54864
2089,4386,444.44268744,0.54425088
2089,4387,444.88022784,3.29622912
2089,4388,446.01777192,4.2025824
2089,4389,447.18555216,4.20038784
2089,4390,448.76578776,8.23179456
2089,4391,451.21720272,8.21094624
2089,4392,453.62116032,10.14654816
2089,4393,457.71453288,18.82713024
2089,4394,463.06112112,19.257264
2089,4395,468.38430072,18.3355488
2089,4396,473.13683376,16.81142688
2089,4397,477.86001456,16.74010368
2089,4398,482.08426824,13.81804704
2089,4399,485.89298808,13.6282176
2089,4400,489.5372988,12.66041664
2089,4401,493.02454608,11.72333952
2089,4402,495.18640104,3.83609088
2089,4403,496.08300072,3.15797184
2089,4404,496.8604236,2.62140192
2089,4405,497.44234776,2.19456
2089,4406,498.28862496,3.07348128
2089,4407,499.08204984,2.74429728
2089,4408,499.7580048,1.91365632
2089,4409,500.22075216,1.60312608
2089,4410,500.6676804,1.63604448
2089,4411,500.9637936,1.6349472
2101,4263,2.08465782857143,21.0348576
2101,4264,7.0503288,21.03376032
2101,4265,12.90297648,21.13032096
2101,4266,18.7016136,20.39514336
2101,4267,24.27573504,19.94196672
2101,4268,29.81321952,19.92879936
2101,4269,34.47571464,11.42378208
2101,4270,37.34110896,12.86451072
2101,4271,41.45926176,15.36301728
2101,4272,45.73002792,15.38167104
2101,4273,50.3505216,20.54437344
2101,4274,57.30648432,26.88665184
2101,4275,64.83778752,28.83542112
2101,4276,73.89778464,35.00652384
2101,4277,83.20284096,29.39942304
2101,4278,89.97979464,20.59814016
2101,4279,94.60217808,13.27050432
2101,4280,98.3493588,14.43032928
2101,4281,102.35936856,14.3963136
2101,4282,106.32021408,13.24197504
2101,4283,109.3672692,9.59900544
2101,4284,112.0069896,8.9647776
2101,4285,114.43216128,8.80128288
2101,4286,116.88491736,8.63888544
2101,4287,119.0353728,6.87555648
2101,4288,120.97704024,8.21643264
2101,4289,123.83752728,12.3553728
2101,4290,127.6115304,13.9189968
2101,4291,131.61135984,15.28401312
2101,4292,135.95485128,17.96796
2101,4293,142.60698936,27.71400096
2101,4294,150.3162348,27.78203232
2101,4295,157.9886604,26.41482144
2101,4296,164.54923656,21.82380192
2101,4297,170.48533848,20.75285664
2101,4298,175.87222128,18.1654704
2101,4299,181.07905872,18.47600064
2101,4300,185.91205896,17.02649376
2101,4301,190.57979664,17.55757728
2101,4302,196.10386992,21.67347456
2101,4303,202.3579392,23.90534208
2101,4304,209.55124968,27.7776432
2101,4305,217.44998928,28.09804896
2101,4306,224.84428488,24.26305536
2101,4307,231.09561096,21.9510864
2101,4308,236.86901064,18.37066176
2101,4309,241.5152904,16.3659312
2101,4310,246.08028,16.4592
2101,4311,250.6548708,16.28034336
2101,4312,254.70986904,12.86341344
2101,4313,258.21458136,12.70759968
2101,4314,261.74797536,12.69333504
2101,4315,265.294872,12.80306304
2101,4316,268.84118952,12.18090528
2101,4317,271.51577904,7.53392448
2101,4318,273.58595016,7.461504
2101,4319,275.65859016,7.461504
2101,4320,277.73129112,7.461504
2101,4321,279.79926768,7.05112128
2101,4322,281.42650344,5.23622016
2101,4323,282.9430968,5.4864
2101,4324,284.4061368,4.93117632
2101,4325,285.87018264,6.44432544
2101,4326,288.3523824,10.84332096
2101,4327,291.40141872,10.9728
2101,4328,294.44935776,10.9728
2101,4329,297.49741872,10.9728
2101,4330,300.57916008,11.75296608
2101,4331,303.89456112,11.28662208
2101,4332,307.14854496,12.84146784
2101,4333,310.5570624,11.4994944
2101,4334,313.89757896,12.33671904
2101,4335,317.46480576,13.8970512
2101,4336,321.51687792,14.73317856
2101,4337,325.60887888,14.7364704
2101,4338,329.51306208,12.63956832
2101,4339,332.76680208,11.52144
2101,4340,335.9670192,11.52582912
2101,4341,338.97551712,9.37845216
2101,4342,341.3156496,8.1582768
2101,4343,343.56358008,8.16047136
2101,4344,345.73134816,6.9183504
2101,4345,347.49202536,6.2215776
2101,4346,349.21917456,6.2215776
2101,4347,350.92501824,5.97907872
2101,4348,352.55670408,5.8485024
2101,4349,354.1823244,5.84411328
2101,4350,356.01057576,8.1143856
2101,4351,358.5441648,9.31371264
2101,4352,361.0791864,9.0909648
2101,4353,363.79218072,10.84441824
2101,4354,366.99172728,11.65969728
2101,4355,370.23022728,11.65969728
2101,4356,373.4686968,11.65530816
2101,4357,376.79784432,12.67138944
2101,4358,380.44242936,13.2112512
2101,4359,384.11286144,13.2112512
2101,4360,387.7982592,13.31110368
2101,4361,391.1440488,9.52000128
2101,4362,393.33790776,7.5438
2101,4363,395.43328584,7.54270272
2101,4364,397.52863344,7.54160544
2101,4365,399.52001376,6.3806832
2101,4366,401.1498708,5.76072
2101,4367,402.75000984,5.76072
2101,4368,404.34999648,5.75633088
2101,4369,406.12615752,7.72704576
2101,4370,408.51405216,8.77824
2101,4371,410.95236072,8.78153184
2101,4372,413.26274472,7.34738688
2101,4373,415.1324184,6.638544
2101,4374,416.9718864,6.58038816
2101,4375,418.91785152,7.89383232
2101,4376,421.27179144,8.5917024
2101,4377,423.65913744,8.59938336
2101,4378,425.77883856,5.61587904
2101,4379,426.97307544,4.01933664
2101,4380,428.09010648,4.02482304
2101,4381,429.01252272,1.84781952
2101,4382,429.25864872,0.68470272
2101,4383,429.44911824,0.6858
2101,4384,429.63961824,0.68799456
2101,4385,429.79089048,0.24249888
2101,4386,429.8036616,0
2101,4387,429.8036616,0
2101,4388,429.8036616,0
2101,4389,429.8036616,0
2101,4390,429.8036616,0
2101,4391,429.8036616,0
2101,4392,430.28238048,5.0529744
2101,4393,432.34270656,7.94869632
2101,4394,434.82557688,10.99364832
2101,4395,438.25122408,12.58250976
2101,4396,441.80878872,13.32207648
2101,4397,445.6005312,13.716
2101,4398,449.41047024,13.71380544
2101,4399,453.37411992,16.08722208
2101,4400,458.42456448,19.0158624
2101,4401,463.46991888,16.6347648
2101,4402,467.93981088,16.27485696
2101,4403,472.08862656,11.8341648
2101,4404,474.74020368,8.96587488
2101,4405,477.22965768,8.9647776
2101,4406,479.61246216,7.23546432
2101,4407,481.19483136,5.12320032
2101,4408,482.61721104,5.1242976
2101,4409,483.92233416,3.22819776
2101,4410,484.35155352,0.90964512
2101,4411,484.60520808,0.9107424
2101,4412,484.93247184,2.10348576
2101,4413,485.81252088,3.56725728
2101,4414,486.80299896,3.56616
2101,4415,487.793538,3.56616
2101,4416,488.94275592,6.0734448
2101,4417,491.24747064,9.15021792
2101,4418,493.78810056,9.14802336
2101,4419,496.58866392,13.07189664
2101,4420,500.919225066667,17.8466496
2116,4437,483.7855704,19.0487808
2116,4438,486.6950388,19.2901824
2116,4439,492.25846176,19.09706112
2116,4440,496.39279944,12.77343648
2116,4441,499.1384226,15.4935936
2118,4264,20.2971908,21.4408512
2118,4265,25.0630944,21.39696
2118,4266,31.00574952,21.37281984
2118,4267,36.65445552,18.27849024
2118,4268,41.41476096,16.91676576
2118,4269,45.97338024,15.34326624
2118,4270,49.78417272,13.83340896
2118,4271,55.07662848,23.68039968
2118,4272,61.791342,24.19941312
2118,4273,68.41452408,22.46241888
2118,4274,74.60470728,24.11382528
2118,4275,81.64805616,25.78278816
2118,4276,88.5905772,23.39839872
2118,4277,94.68145656,21.37611168
2118,4278,100.56961344,19.86735168
2118,4279,105.74661096,18.07878528
2118,4280,110.35719864,14.9888448
2118,4281,114.27083064,13.02361632
2118,4282,117.76097352,12.26539584
2118,4283,121.12755048,11.72004768
2118,4284,124.00440528,9.08657568
2118,4285,126.28949088,7.54050816
2118,4286,128.17611144,6.556248
2118,4287,130.11201816,6.90628032
2118,4288,132.25061688,9.38393856
2118,4289,135.16694328,10.97389728
2118,4290,138.35399304,12.54520224
2118,4291,142.56346392,18.15559488
2118,4292,148.36036368,23.564088
2118,4293,155.50076088,27.15987456
2118,4294,163.1048808,27.34641216
2118,4295,170.67983136,26.65732032
2118,4296,177.6342396,23.51361312
2118,4297,183.90065328,21.9894912
2118,4298,190.00235304,21.97522656
2118,4299,196.09938936,21.94779456
2118,4300,202.29633912,22.44047328
2118,4301,208.56055824,23.66064864
2118,4302,215.43657192,24.92690976
2118,4303,221.97581208,22.02679872
2118,4304,228.0458736,21.9456
2118,4305,234.1216044,21.0732624
2118,4306,239.24337216,16.4153088
2118,4307,243.79217688,16.45481088
2118,4308,248.3644512,16.4592
2118,4309,252.92252184,16.27375968
2118,4310,257.37534504,15.94567296
2118,4311,261.83926296,16.12891872
2118,4312,266.07948816,13.15309536
2118,4313,269.25050544,10.61289216
2118,4314,271.83719064,8.2186272
2118,4315,274.09005888,8.1088992
2118,4316,276.34225656,8.1088992
2118,4317,278.59433232,8.1088992
2118,4318,280.84646904,8.1088992
2118,4319,283.09857528,8.1088992
2118,4320,285.350712,8.1088992
2118,4321,287.60284872,8.1088992
2118,4322,289.85605224,7.91358336
2118,4323,291.66958176,5.37776928
2118,4324,293.18151168,5.5357776
2118,4325,295.25067696,9.96988608
2118,4326,298.25326176,10.97718912
2118,4327,301.3015056,10.9728
2118,4328,304.3495056,10.9728
2118,4329,307.3975056,10.9728
2118,4330,310.42880256,10.82027808
2118,4331,313.45095552,11.10227904
2118,4332,316.7285004,11.93730912
2118,4333,319.867026,11.38098816
2118,4334,323.2218072,12.9972816
2118,4335,327.02735712,13.87839744
2118,4336,330.88201032,13.880592
2118,4337,334.61590176,12.27966048
2118,4338,337.74458232,10.9728
2118,4339,340.79285664,10.9398816
2118,4340,343.80443304,10.863072
2118,4341,346.74118104,9.23141664
2118,4342,348.87481152,7.09830432
2118,4343,350.84714184,7.0994016
2118,4344,352.81907592,6.99186816
2118,4345,354.59240232,5.83314048
2118,4346,356.1979668,5.7168288
2118,4347,357.74586312,5.48530272
2118,4348,359.28769392,6.23913408
2118,4349,361.71780336,10.80162432
2118,4350,364.76580336,10.97499456
2118,4351,367.58200296,7.95418272
2118,4352,369.3414,7.42968288
2118,4353,372.36614376,12.99508704
2118,4354,375.97899912,13.002768
2118,4355,379.591062,13.002768
2118,4356,383.202942,13.002768
2118,4357,386.824728,13.08835584
2118,4358,390.451086,13.002768
2118,4359,394.06317936,13.002768
2118,4360,397.6751508,13.002768
2118,4361,401.20385088,10.93549248
2118,4362,403.40770728,6.93151776
2118,4363,405.50125656,7.61402592
2118,4364,407.61565416,7.6151232
2118,4365,409.73008224,7.6151232
2118,4366,411.84447984,7.6151232
2118,4367,413.95884696,7.61731776
2118,4368,416.08510128,7.66120896
2118,4369,418.20315648,7.59646944
2118,4370,420.08935032,5.75742816
2118,4371,421.68122928,5.93957664
2118,4372,423.62603616,8.32177152
2118,4373,426.0038724,8.558784
2118,4374,428.3814648,8.558784
2118,4375,430.75872192,8.558784
2118,4376,433.13460744,8.2789776
2118,4377,435.00147696,5.0035968
2118,4378,436.12362864,2.70040608
2118,4379,436.6956468,1.52851104
2118,4380,436.95509256,1.12142016
2118,4381,437.54213736,2.32733088
2118,4382,438.02667792,1.64592
2118,4383,438.48418272,1.63604448
2118,4384,438.7781928,0.26444448
2118,4385,438.7852032,0
2118,4386,438.7852032,0
2118,4387,438.92751432,1.18725696
2118,4388,439.32847872,1.4593824
2118,4389,439.72730952,1.4045184
2118,4390,440.04396624,1.12251744
2118,4391,440.67996192,4.23111168
2118,4392,442.95983544,11.29320576
2118,4393,446.25182784,12.26978496
2118,4394,449.6808888,12.28843872
2118,4395,452.86370184,9.9468432
2118,4396,455.6435388,13.07738304
2118,4397,460.71492312,21.20603328
2118,4398,466.46960808,18.83042208
2118,4399,470.35300392,6.76363392
2118,4400,472.20353616,13.37803776
2118,4401,477.02916024,18.0941472
2118,4402,482.0003568,16.40543328
2118,4403,485.25946128,8.19229248
2118,4404,487.49306616,8.04415968
2118,4405,489.72225144,7.73362944
2118,4406,491.6015568,6.04820736
2118,4407,493.25564544,5.11113024
2118,4408,493.93166136,0.58265568
2118,4409,494.09808216,0.51681888
2118,4410,494.1932712,0
2118,4411,494.1932712,0
2118,4412,494.59554624,2.88145728
2118,4413,495.78118776,5.4479952
2118,4414,497.24468496,4.94983008
2118,4415,498.52423536,4.36936896
2118,4416,499.474236,5.8265568
2137,4273,32.7867264,20.5849728
2137,4274,35.708844,19.38125664
2137,4275,40.54602,17.41163904
2137,4276,46.26921912,22.70052864
2137,4277,52.57013616,22.67968032
2137,4278,59.0236056,25.58527776
2137,4279,67.13454696,31.00693824
2137,4280,75.46119528,26.15257152
2137,4281,81.13492536,17.89883136
2137,4282,86.26422168,18.05354784
2137,4283,90.99916776,16.32642912
2137,4284,95.31031992,14.4950688
2137,4285,98.9059236,11.06716608
2137,4286,101.571552,8.95270752
2137,4287,104.04853968,8.9263728
2137,4288,106.53927384,9.02293344
2137,4289,109.06850424,9.14143968
2137,4290,111.6084636,9.1403424
2137,4291,114.29701296,11.96474112
2137,4292,118.63056792,17.3754288
2137,4293,123.41589744,17.19218304
2137,4294,128.05001568,15.81399936
2137,4295,132.65746392,17.61024672
2137,4296,137.40396192,16.95955968
2137,4297,142.25543304,18.40577472
2137,4298,147.82958496,21.36733344
2137,4299,153.89476968,21.98071296
2137,4300,160.31327856,23.51800224
2137,4301,166.59968712,22.87389888
2137,4302,173.06123376,23.262336
2137,4303,179.66371992,24.20489952
2137,4304,186.26456016,23.4379008
2137,4305,192.71687136,23.12298144
2137,4306,199.19460288,23.3830368
2137,4307,205.53718608,22.06300896
2137,4308,211.6328508,21.94340544
2137,4309,217.81224408,22.31538336
2137,4310,223.79647392,21.04912224
2137,4311,229.6466832,20.34137664
2137,4312,234.64150176,15.84911232
2137,4313,238.85655048,15.3838656
2137,4314,243.17425584,15.06675168
2137,4315,247.34270064,14.26464
2137,4316,250.62813984,9.0580464
2137,4317,252.47495352,5.47871904
2137,4318,253.998984,5.4864
2137,4319,255.52325832,5.4479952
2137,4320,257.00473872,5.35801824
2137,4321,258.5243496,5.4864
2137,4322,260.04828864,5.4864
2137,4323,261.5720448,5.4864
2137,4324,263.0960448,5.47981632
2137,4325,264.73379616,6.7043808
2137,4326,266.85084552,8.15388768
2137,4327,269.1153876,8.09244
2137,4328,271.31342232,7.95198816
2137,4329,273.57022248,8.15059584
2137,4330,275.83381968,8.15169312
2137,4331,277.99460784,6.74388288
2137,4332,279.60066,5.4864
2137,4333,281.12466,5.4864
2137,4334,282.63851016,5.56540416
2137,4335,284.82959544,10.49877504
2137,4336,287.8726272,10.9728
2137,4337,290.9206272,10.9728
2137,4338,293.9686272,10.9728
2137,4339,297.01674912,10.9728
2137,4340,300.06474912,10.9728
2137,4341,303.1127796,10.9728
2137,4342,306.16081008,10.9728
2137,4343,309.20835288,10.91683872
2137,4344,312.2197464,10.88062848
2137,4345,315.58906656,14.54664096
2137,4346,320.06615184,16.4482272
2137,4347,324.61300584,16.27924608
2137,4348,328.88294904,14.01116832
2137,4349,332.62750848,13.4197344
2137,4350,336.3547248,13.4197344
2137,4351,340.08191064,13.41205344
2137,4352,343.77986616,13.29574176
2137,4353,347.49998064,13.4197344
2137,4354,351.22689216,13.41753984
2137,4355,354.95389512,13.4197344
2137,4356,358.6781244,13.28915808
2137,4357,362.34694104,13.32317376
2137,4358,366.06077664,13.03239456
2137,4359,369.44957352,11.66189184
2137,4360,372.68792112,11.66298912
2137,4361,375.92651256,11.65969728
2137,4362,379.16516496,11.66298912
2137,4363,382.4037564,11.66189184
2137,4364,385.642866,11.69919936
2137,4365,388.8911196,11.13958656
2137,4366,391.48121856,7.98600384
2137,4367,393.6898908,7.95528
2137,4368,395.8996908,7.95528
2137,4369,398.10946032,7.95528
2137,4370,400.31919936,7.95528
2137,4371,402.5289384,7.95528
2137,4372,404.7387384,7.95528
2137,4373,406.94847744,7.95528
2137,4374,409.158186,7.95528
2137,4375,411.367986,7.95528
2137,4376,413.577786,7.95528
2137,4377,415.79761392,8.00794944
2137,4378,418.01168112,7.90809696
2137,4379,420.30481344,8.92527552
2137,4380,422.52677496,6.31704096
2137,4381,424.18165608,7.31007936
2137,4382,426.57299496,5.74206624
2137,4383,427.11480744,0.987552
2137,4384,427.2418176,0.00987552
2137,4385,427.2418176,0
2137,4386,427.2418176,0
2137,4387,427.2992724,0.17337024
2137,4388,427.30674,0
2137,4389,427.30674,0
2137,4390,427.30674,0
2137,4391,427.30674,0
2137,4392,427.30674,0
2137,4393,427.30674,0
2137,4394,427.7392512,4.04786592
2137,4395,429.1998528,5.4864
2137,4396,430.7270532,5.7936384
2137,4397,432.82419912,9.43002432
2137,4398,435.66200904,10.73469024
2137,4399,438.93278736,12.81403584
2137,4400,442.53902856,12.89304
2137,4401,446.15657784,13.57884
2137,4402,449.97480744,13.7269728
2137,4403,453.81044112,13.51410048
2137,4404,457.74739032,16.38568224
2137,4405,462.776316,18.4836816
2137,4406,467.20496856,12.10409568
2137,4407,470.14583136,10.36051776
2137,4408,473.00912256,10.30126464
2137,4409,475.8688476,10.28919456
2137,4410,478.31495904,5.8046112
2137,4411,479.29565304,1.9037808
2137,4412,479.78199192,2.9516832
2137,4413,480.86613504,4.005072
2137,4414,481.97819784,4.00616928
2137,4415,482.9969004,2.98899072
2137,4416,483.71007144,2.54898144
2137,4417,484.98291624,6.96443616
2137,4418,486.87514512,6.5781936
2137,4419,488.73515664,6.5891664
2137,4420,490.54213296,7.32324672
2137,4421,493.19755056,10.25078976
2137,4422,496.3101072,12.59457984
2137,4423,498.9344352,10.5485184
2148,4305,210.3519288,26.7297408
2148,4306,214.48346232,26.98650432
2148,4307,221.84797896,24.01616736
2148,4308,227.08462584,15.6691584
2148,4309,231.4771596,17.07477408
2148,4310,236.84596776,18.79421184
2148,4311,241.23079008,14.53127904
2148,4312,245.28694656,14.6267424
2148,4313,249.19667712,12.18419712
2148,4314,251.97913536,9.18972
2148,4315,254.53214016,9.18313632
2148,4316,257.04564288,9.01854432
2148,4317,259.55966376,8.74093248
2148,4318,261.8576424,8.07707808
2148,4319,264.11977656,8.1857088
2148,4320,266.39395032,8.1857088
2148,4321,268.668246,8.18461152
2148,4322,270.85372296,7.32544128
2148,4323,272.7924948,6.858
2148,4324,274.6974948,6.858
2148,4325,276.6024948,6.858
2148,4326,278.6219472,8.70801408
2148,4327,281.4983448,10.97389728
2148,4328,284.5463448,10.9728
2148,4329,287.59431432,10.9728
2148,4330,290.50085664,9.03280896
2148,4331,292.42917384,5.62246272
2148,4332,294.18409032,8.50611456
2148,4333,297.10953024,11.88573696
2148,4334,300.56285328,11.70578304
2148,4335,303.629568,10.9728
2148,4336,306.6572988,10.1004624
2148,4337,308.72625072,5.39971488
2148,4338,310.306212,5.93847936
2148,4339,312.22916472,8.57304864
2148,4340,313.6263984,8.7014304
2158,4255,23.1174036,27.4484592
2158,4256,30.72877776,27.37274688
2158,4257,38.3478024,28.5073344
2158,4258,46.1866488,25.02566496
2158,4259,52.2773148,20.28760992
2158,4260,56.57923152,10.99694016
2158,4261,60.34311528,16.88604192
2158,4262,65.20796712,17.446752
2158,4263,70.66227168,23.3391456
2158,4264,77.627988,25.43714496
2158,4265,84.66838032,24.76341504
2158,4266,90.80501016,20.44671552
2158,4267,96.74632416,22.54690944
2158,4268,103.35109632,23.0812848
2158,4269,109.45005288,22.26051936
2158,4270,115.73131032,21.76674336
2158,4271,121.33344288,19.47562272
2158,4272,126.76991664,19.89807552
2158,4273,132.65651904,22.25393568
2158,4274,138.74425896,21.58459488
2158,4275,144.29238096,15.99066144
2158,4276,147.78377352,11.51814816
2158,4277,150.98426496,11.52144
2158,4278,154.18466496,11.52253728
2158,4279,157.21114608,9.2281248
2158,4280,159.3695568,7.351776
2158,4281,161.4117168,7.351776
2158,4282,163.44113616,7.26070176
2158,4283,165.47018976,7.35397056
2158,4284,167.52548664,8.37663552
2158,4285,170.80620144,15.0382224
2158,4286,175.35625584,17.54660448
2158,4287,179.433474,19.3871088
2184,4274,9.1011756,23.86584
2184,4275,13.75464864,23.96020608
2184,4276,20.30647704,21.93572448
2184,4277,25.68790392,18.09743904
2184,4278,30.46119384,13.27928256
2184,4279,33.51394872,15.98627232
2184,4280,39.6081504,23.59152
2184,4281,46.16473368,23.61236832
2184,4282,52.60214016,22.28136768
2184,4283,58.63004784,21.5834976
2184,4284,64.62601248,21.58020576
2184,4285,70.06312632,16.98699168
2184,4286,74.70660192,17.04514752
2184,4287,79.8854892,20.65190688
2184,4288,84.98945664,12.74271264
2184,4289,87.3162084,6.9457824
2184,4290,89.24662872,6.94687968
2184,4291,91.23160824,7.83238464
2184,4292,93.60228168,8.74093248
2184,4293,96.05470248,8.91649728
2184,4294,98.53123296,8.91759456
2184,4295,101.19372192,11.78588448
2184,4296,105.17044752,15.33558528
2184,4297,109.4372208,15.36192
2184,4298,113.8598688,17.87798304
2184,4299,119.47254744,21.01071744
2184,4300,125.2642656,20.4807312
2184,4301,130.92260328,21.5286336
2184,4302,137.07621048,21.79636992
2184,4303,143.11826088,21.71846304
2184,4304,149.26052952,23.62224384
2184,4305,155.91915984,22.87170432
2184,4306,162.16332312,22.411944
2184,4307,168.39526392,22.4997264
2184,4308,174.666402,22.66541568
2184,4309,180.96914784,22.68955584
2184,4310,187.27268616,22.46900256
2184,4311,192.77789232,16.9035984
2184,4312,197.3269104,16.349472
2184,4313,201.86151144,16.3000944
2184,4314,206.3962344,16.349472
2184,4315,210.93598656,16.5195504
2184,4316,216.30119808,22.12335936
2184,4317,221.73517248,15.72731424
2184,4318,225.30849528,10.96511904
2184,4319,227.7997476,6.3587376
2184,4320,229.34407776,5.48420544
2184,4321,231.00514632,6.59245824
2184,4322,232.69715208,5.4809136
2184,4323,234.2214264,5.4864
2184,4324,235.7454264,5.4864
2184,4325,237.2694264,5.4864
2184,4326,238.7934264,5.4864
2184,4327,240.31084272,5.85618336
2184,4328,242.53566936,9.29725344
2184,4329,244.92679488,8.36785728
2184,4330,247.25077296,8.36676
2184,4331,249.57505584,8.36785728
2184,4332,251.8990644,8.36676
2184,4333,254.2231644,8.36785728
2184,4334,256.52004576,8.18790336
2184,4335,258.82302312,8.6630256
2184,4336,261.6904596,11.79685728
2184,4337,265.01296248,12.02289696
2184,4338,268.35244272,11.95596288
2184,4339,271.617186,11.50607808
2184,4340,274.70898576,11.61031968
2184,4341,278.22122664,12.48156
2184,4342,281.6371812,12.4870464
2184,4343,284.88394128,10.97060544
2184,4344,287.9314536,10.9728
2184,4345,290.9794536,10.9728
2184,4346,294.0274536,10.9728
2184,4347,297.07264944,10.87623936
2184,4348,300.08736528,10.94097888
2184,4349,303.13591392,10.9728
2184,4350,306.27861528,12.88865088
2184,4351,310.3761636,14.63332608
2184,4352,314.0334588,12.24345024
2184,4353,317.26781352,11.10996
2184,4354,320.31517344,10.97170272
2184,4355,323.45107776,11.82209472
2184,4356,326.80439592,12.10519296
2184,4357,330.16752864,12.11067936
2184,4358,333.50322936,12.45522528
2184,4359,337.23480432,13.8586464
2184,4360,341.07967344,13.75111296
2184,4361,344.89296528,13.82463072
2184,4362,348.70997568,13.43509632
2184,4363,352.36849008,13.09164768
2184,4364,355.98823392,12.56605056
2184,4365,359.19564432,10.79065152
2184,4366,362.1842388,10.91903328
2184,4367,365.07639456,8.63669088
2184,4368,367.1108736,7.2749664
2184,4369,369.12947256,6.90298848
2184,4370,371.02340832,7.18498944
2184,4371,372.92892648,6.39055872
2184,4372,374.79506448,6.66707328
2184,4373,376.90583496,9.18972
2184,4374,379.53641136,9.4695264
2184,4375,382.1646408,9.08657568
2184,4376,383.55629664,0.95024448
2184,4377,384.78153168,8.38980288
2184,4378,387.25522752,8.970264
2184,4379,389.73444024,8.88467616
2184,4380,392.2018572,8.88467616
2184,4381,394.66899984,8.88577344
2184,4382,397.13638632,8.88138432
2184,4383,399.6052968,8.750808
2184,4384,401.21287296,1.69090848
2184,4385,401.279868,0
2184,4386,401.279868,0
2184,4387,401.279868,0
2184,4388,401.279868,0
2184,4389,401.279868,0
2184,4390,401.279868,0
2184,4391,401.279868,0
2184,4392,401.279868,0
2184,4393,401.279868,0
2184,4394,401.279868,0
2184,4395,401.279868,0
2184,4396,401.85377592,5.2230528
2184,4397,403.70293656,6.87884832
2184,4398,405.9396504,9.63521568
2184,4399,408.7488396,10.14984
2184,4400,411.63663672,10.74346848
2184,4401,414.87632544,13.45594464
2184,4402,418.93885224,14.81437728
2184,4403,422.92490472,13.57664544
2184,4404,426.59734848,13.16516544
2184,4405,429.9019596,10.36161504
2184,4406,432.7515348,10.42635456
2184,4407,435.71086848,10.38904704
2184,4408,438.46604712,11.51814816
2184,4409,442.26415992,14.26902912
2184,4410,445.93706088,11.04851232
2184,4411,448.61186376,9.3323664
2184,4412,450.95056368,6.04491552
2184,4413,451.94451648,2.11336128
2184,4414,452.1836016,0
2184,4415,452.39824176,2.63456928
2184,4416,453.58586448,4.80389184
2184,4417,454.91951688,4.80389184
2184,4418,456.25304736,4.79840544
2184,4419,457.76604408,7.1707248
2184,4420,460.07295336,8.70911136
2184,4421,462.79813968,10.55912544
2184,4422,465.73037664,10.5558336
2184,4423,468.41090976,8.22630816
2184,4424,471.62109384,15.6033216
2184,4425,476.00939088,15.79424832
2184,4426,480.3969564,15.79424832
2184,4427,484.78452192,15.79424832
2184,4428,489.17211792,15.79644288
2184,4429,493.55965296,15.7953456
2184,4430,497.86068576,14.46434496
2184,4431,500.1292512,12.7723392
2189,4449,484.2321024,22.1760288
2189,4450,487.56951,21.04692768
2189,4451,492.69069864,15.55284672
2189,4452,496.55601984,12.8162304
2189,4453,499.1680644,11.2270032
2198,4283,31.509208,20.2228704
2198,4284,36.01230288,20.28431808
2198,4285,41.65085904,20.30406912
2198,4286,47.18724624,18.90393984
2198,4287,52.18639296,17.7430176
2198,4288,57.11400312,17.7430176
2198,4289,62.01152952,17.34141312
2198,4290,66.75726552,17.00784
2198,4291,71.4815436,17.01003456
2198,4292,75.87605856,14.43691296
2198,4293,80.09753856,16.0532064
2198,4294,84.52555104,15.92263008
2198,4295,88.87550424,14.26025088
2198,4296,92.40371664,12.49143552
2198,4297,96.2224644,14.81547456
2198,4298,100.21638072,15.38606016
2198,4299,104.87320656,16.0148016
2198,4300,109.6505808,17.27557632
2198,4301,113.60706768,12.9808224
2198,4302,116.9356056,12.4376688
2198,4303,121.24096656,17.05502304
2198,4304,126.52360776,21.76564608
2198,4305,133.11570024,24.82596
2198,4306,139.8980184,24.13906272
2198,4307,146.66860176,25.09040448
2198,4308,153.82652496,25.97042304
2198,4309,161.03550216,25.89141888
2198,4310,168.10872144,24.35522688
2198,4311,174.59093352,23.04617184
2198,4312,180.99502536,23.05275552
2198,4313,187.3992696,23.0757984
2198,4314,193.4205936,18.80079552
2198,4315,197.52573144,12.44534976
2198,4316,201.0678732,12.52984032
2198,4317,204.46736856,12.25222848
2198,4318,207.87277704,12.21492096
2198,4319,210.76560336,7.99478208
2198,4320,212.78237352,7.1981568
2198,4321,214.78155672,7.1981568
2198,4322,216.780618,7.1981568
2198,4323,218.7798012,7.1981568
2198,4324,220.77892344,7.1981568
2198,4325,222.76689,7.06209408
2198,4326,224.7401652,7.1981568
2198,4327,226.72663824,7.10379072
2198,4328,228.71320272,7.1981568
2198,4329,230.71259928,7.1981568
2198,4330,232.71193488,7.1981568
2198,4331,234.71218488,7.17730848
2198,4332,236.39763744,3.70990368
2198,4333,237.1452204,5.36899104
2198,4334,239.77079808,10.8850176
2198,4335,242.8012416,10.9728
2198,4336,245.8492416,10.9728
2198,4337,248.84670576,9.7767648
2198,4338,251.38322088,9.98415072
2198,4339,254.47535592,11.62458432
2198,4340,257.68624104,11.57740128
2198,4341,260.93315352,11.70468576
2198,4342,264.329418,13.10042592
2198,4343,268.08174984,13.50422496
2198,4344,271.78372872,13.28367168
2198,4345,275.49924072,13.47789024
2198,4346,279.26605056,13.56128352
2198,4347,282.74643984,11.18896416
2198,4348,285.7952628,11.52144
2198,4349,289.28699064,13.0302
2198,4350,292.6302504,10.98048096
2198,4351,295.65270816,10.97609184
2198,4352,298.700952,10.9728
2198,4353,301.748952,10.9728
2198,4354,304.79747016,10.84551552
2198,4355,307.4484072,7.54050816
2198,4356,309.13931568,5.50176192
2198,4357,311.40641808,12.49582464
2198,4358,315.46964592,15.0437088
2198,4359,319.64933784,15.0437088
2198,4360,323.8289688,15.04480608
2198,4361,328.00707576,15.03493056
2198,4362,332.18524368,15.0437088
2198,4363,336.36484416,15.0437088
2198,4364,340.5435912,14.977872
2198,4365,344.78820552,15.72511968
2198,4366,348.83610192,13.22551584
2198,4367,352.4794068,13.12456608
2198,4368,355.95662616,11.50717536
2198,4369,359.0173668,10.81040256
2198,4370,361.97761488,10.10155968
2198,4371,364.37447064,7.13122272
2198,4372,366.04891992,5.47981632
2198,4373,367.5729504,5.4864
2198,4374,369.0969504,5.4864
2198,4375,370.6209504,5.4864
2198,4376,372.1742112,5.99334336
2198,4377,373.90111656,6.94468512
2198,4378,376.4868264,10.9289088
2198,4379,379.53674664,10.97609184
2198,4380,382.42551912,9.44319168
2198,4381,384.92713464,8.942832
2198,4382,387.4235076,9.025128
2198,4383,389.91985008,8.94722112
2198,4384,392.23059984,7.25521536
2198,4385,393.9756408,5.13636768
2198,4386,394.80478824,0.84710016
2198,4387,394.842492,0
2198,4388,394.842492,0
2198,4389,394.842492,0
2198,4390,394.842492,0
2198,4391,394.842492,0
2198,4392,394.842492,0
2198,4393,394.842492,0
2198,4394,394.842492,0
2198,4395,394.842492,0
2198,4396,394.842492,0
2198,4397,394.84273584,0.1316736
2198,4398,395.52274464,4.992624
2198,4399,397.03958184,5.5357776
2198,4400,399.04178256,9.54962784
2198,4401,401.99438016,10.96841088
2198,4402,405.15469896,12.399264
2198,4403,409.10585184,15.13807488
2198,4404,413.0500248,13.49764128
2198,4405,416.70759432,12.78221472
2198,4406,420.37638048,13.57664544
2198,4407,424.24225032,14.63442336
2198,4408,428.23708104,13.62602304
2198,4409,431.7205488,11.51375904
2198,4410,435.20081616,14.02543296
2198,4411,439.15398072,13.76757216
2198,4412,441.78891576,4.81815648
2198,4413,442.87781376,3.84048
2198,4414,443.94488808,3.84048
2198,4415,445.01290728,3.77244864
2198,4416,445.8038328,1.82367936
2198,4417,446.26231296,1.61739072
2198,4418,446.60442048,0.8065008
2198,4419,446.80793544,0.73298304
2198,4420,447.0126696,1.07752896
2198,4421,448.26850656,8.29214496
2198,4422,450.76835424,9.29505888
2198,4423,454.09411848,14.9120352
2198,4424,458.38530624,15.47493984
2198,4425,462.684114,15.47274528
2198,4426,466.98371424,15.51663648
2198,4427,471.30419328,15.52322016
2198,4428,475.6073292,15.4826208
2198,4429,479.9051616,15.65050464
2198,4430,484.61855832,18.05354784
2198,4431,489.8902572,20.35234944
2198,4432,495.2378208,18.07988256
2198,4433,499.10737872,18.87979968
2211,4458,476.6745356,15.6691584
2211,4459,480.15906,15.52760928
2211,4460,483.8628372,10.76212224
2211,4461,486.69220416,10.2485952
2211,4462,490.2689712,16.35166656
2211,4463,495.10983528,17.58720384
2211,4464,500.4239928,21.2213952
2211,4465,506.50164384,21.9456
2211,4466,510.1599144,21.9456
2224,4391,335.710246971429,5.2888896
2224,4392,336.95758872,4.94653824
2224,4393,337.79021088,1.23114816
2224,4394,338.09336496,1.09728
2224,4395,338.39776872,1.00730304
2224,4396,338.53840344,0.0384048
2224,4397,338.5386168,0
2224,4398,338.5386168,0
2224,4399,338.5386168,0
2224,4400,338.5386168,0
2224,4401,338.5386168,0
2224,4402,338.5386168,0
2224,4403,338.55626472,0.54534816
2224,4404,338.99883432,2.06727552
2224,4405,339.55555152,2.0080224
2224,4406,340.11696264,2.43925344
2224,4407,341.45152944,6.88872384
2224,4408,343.39600104,7.45272576
2224,4409,346.12457064,11.905488
2224,4410,349.4797176,12.33562176
2224,4411,353.33229816,15.25877568
2224,4412,357.60251568,15.52541472
2224,4413,362.222796,17.82750816
2224,4414,367.24541232,17.88346944
2224,4415,371.85770688,15.44641056
2224,4416,376.12393152,15.39154656
2224,4417,380.44669656,15.71414688
2224,4418,384.77360688,14.29426656
2224,4419,387.3529464,5.08260096
2224,4420,388.65983736,4.30901856
2224,4421,389.30232528,0.50255424
2224,4422,389.40236064,0.3621024
2224,4423,389.50395048,0.36319968
2224,4424,389.60554032,0.36319968
2224,4425,389.70713016,0.3621024
2224,4426,389.81137176,0.74285856
2224,4427,390.60735696,4.78633536
2224,4428,391.98203544,5.20549632
2224,4429,393.85390368,8.12755296
2224,4430,396.14255544,8.5203792
2224,4431,398.97012408,11.68383744
2224,4432,402.25531944,12.34878912
2224,4433,406.48771128,17.86591296
2224,4434,411.51660648,17.90431776
2224,4435,416.18120472,15.76571904
2224,4436,420.52649448,15.4935936
2224,4437,424.60587672,13.95520704
2224,4438,428.46668688,13.9025376
2224,4439,432.32889912,14.02104384
2224,4440,436.41160368,15.30925056
2224,4441,440.6719152,15.7240224
2224,4442,445.68395496,20.13289344
2224,4443,451.32443136,20.30077728
2224,4444,457.2309372,23.99092992
2224,4445,464.6293476,27.53953344
2224,4446,471.84576192,23.11530048
2224,4447,477.85053528,21.39696
2224,4448,483.71427768,20.34576576
2224,4449,489.17918928,19.48110912
2224,4450,494.54519328,18.87650784
2224,4451,499.67741568,18.34213248
2224,4452,504.81061344,18.82603296
2224,4453,508.78642464,19.1914272
2233,4287,23.46097416,20.73530016
2233,4288,28.62367656,14.91313248
2233,4289,32.1812412,12.0042432
2233,4290,35.3778312,10.70177184
2233,4291,38.5332732,12.70321056
2233,4292,42.31181784,13.81256064
2233,4293,45.7096368,10.35393408
2233,4294,47.94302832,5.8485024
2233,4295,49.51905768,6.81301152
2233,4296,51.83212392,8.7727536
2233,4297,54.71681208,13.56896448
2233,4298,58.96901592,15.6581856
2233,4299,63.32079792,15.66696384
2233,4300,67.71381936,15.90617088
2233,4301,72.10056192,16.24303584
2233,4302,77.09467944,18.62961984
2233,4303,82.18852752,18.51879456
2233,4304,87.27271344,19.01147328
2233,4305,92.8475664,20.86368192
2233,4306,98.76306384,21.39257088
2233,4307,104.80167,21.8962224
2233,4308,110.81881824,21.39586272
2233,4309,116.86608072,22.27807584
2233,4310,123.2088468,23.34353472
2233,4311,130.03319688,26.62879104
2233,4312,137.63795688,26.87897088
2233,4313,144.9692808,25.50298176
2233,4314,151.4587776,21.94340544
2233,4315,157.46175264,20.44122912
2233,4316,162.50128536,16.51186944
2233,4317,167.056308,16.4592
2233,4318,171.628308,16.4592
2233,4319,176.20201488,16.4153088
2233,4320,180.22202208,11.85172128
2233,4321,183.24076128,9.60229728
2233,4322,185.19611424,5.48530272
2233,4323,186.71950464,5.4864
2233,4324,188.24923488,5.51492928
2233,4325,189.7756428,5.4864
2233,4326,191.14629792,3.03617376
2233,4327,191.3894064,0
2233,4328,191.50763832,1.2947904
2233,4329,192.08279592,2.19346272
2233,4330,192.69245688,2.19456
2233,4331,193.54147728,5.8320432
2233,4332,196.04717712,10.28919456
2233,4333,198.90464664,10.28809728
2233,4334,201.7567212,10.23871968
2233,4335,204.73071576,12.29392512
2233,4336,208.6413912,14.74963776
2233,4337,212.73869568,14.74415136
2233,4338,216.82167456,14.6925792
2233,4339,220.95198888,15.28401312
2233,4340,225.32940456,16.02357984
2233,4341,229.79874792,16.0970976
2233,4342,234.10548048,13.63260672
2233,4343,237.34498632,10.9728
2233,4344,240.379758,10.87623936
2233,4345,243.4144992,10.9728
2233,4346,246.4624992,10.9728
2233,4347,249.51037728,10.9728
2233,4348,252.5581944,10.9728
2233,4349,255.63768024,11.54558016
2233,4350,259.04558808,12.646152
2233,4351,262.55801184,12.64505472
2233,4352,266.06763144,12.73503168
2233,4353,269.4290268,11.35355616
2233,4354,272.53774296,10.99803744
2233,4355,275.5862916,10.77858144
2233,4356,277.94230416,5.95384128
2233,4357,279.47112,5.4864
2233,4358,280.99512,5.4864
2233,4359,282.51924192,5.48749728
2233,4360,284.01699864,5.53248576
2233,4361,286.11268152,9.9742752
2233,4362,289.14443568,11.92414176
2233,4363,293.15066592,16.33081824
2233,4364,297.7237632,16.4592
2233,4365,302.2957632,16.4592
2233,4366,306.8677632,16.4592
2233,4367,311.41449528,16.30777536
2233,4368,315.9695484,16.46688096
2233,4369,320.21821656,12.88645632
2233,4370,323.33836272,10.75663584
2233,4371,326.31061992,10.69079904
2233,4372,329.28068256,10.68970176
2233,4373,332.03576976,7.85542752
2233,4374,333.71028,5.4864
2233,4375,335.23428,5.4864
2233,4376,336.75834096,5.4864
2233,4377,338.28240192,5.4864
2233,4378,339.80640192,5.4864
2233,4379,341.37916992,6.30936
2233,4380,343.56306192,9.73397088
2233,4381,346.50343704,10.01706912
2233,4382,348.94960944,8.22521088
2233,4383,351.2356704,8.2296
2233,4384,353.52218856,8.1911952
2233,4385,355.65234432,7.07306688
2233,4386,357.4250916,6.12172512
2233,4387,359.27199672,6.8086224
2233,4388,360.73134864,2.4469344
2233,4389,360.94129488,0.36319968
2233,4390,361.04288472,0.36539424
2233,4391,361.12341288,0.12947904
2233,4392,361.130088,0
2233,4393,361.130088,0
2233,4394,361.130088,0
2233,4395,361.130088,0
2233,4396,361.16114712,0.58814208
2233,4397,361.5616848,1.83136032
2233,4398,362.06972544,1.8324576
2233,4399,362.57767464,1.8324576
2233,4400,363.08571528,1.8324576
2233,4401,363.59354256,1.82587392
2233,4402,364.74727152,8.72776512
2233,4403,367.9975368,12.4321824
2233,4404,371.45131704,12.42779328
2233,4405,375.12214536,14.85607392
2233,4406,379.54689648,16.1519616
2233,4407,384.0333696,16.16073984
2233,4408,388.38627936,14.52359808
2233,4409,392.1934752,13.5294624
2233,4410,395.95248216,13.53275424
2233,4411,399.58341216,12.10190112
2233,4412,402.76921224,11.3349024
2233,4413,405.91843632,11.34258336
2233,4414,408.66441,6.93371232
2233,4415,410.05594392,4.5756576
2233,4416,411.32601504,4.58004672
2233,4417,412.41469968,2.54678688
2233,4418,412.87284456,1.4593824
2233,4419,413.27865528,1.46267424
2233,4420,413.8111104,2.21540832
2233,4421,414.34621728,1.78527456
2233,4422,414.84160872,1.78527456
2233,4423,415.34141976,1.8324576
2233,4424,416.05105512,4.26512736
2233,4425,417.98059152,9.46074816
2233,4426,421.06090032,12.4376688
2233,4427,424.89656448,15.2741376
2233,4428,429.42232632,17.00784
2233,4429,434.243226,17.00784
2233,4430,438.71640984,14.4950688
2233,4431,442.10807184,10.96950816
2233,4432,445.27936344,12.93473664
2233,4433,449.42168688,15.86447424
2233,4434,453.99978288,17.48076768
2233,4435,459.15934584,19.1969136
2233,4436,464.5808844,19.77627744
2233,4437,470.09800824,20.12850432
2233,4438,475.70529192,20.1680064
2233,4439,481.25914416,19.3285872
2233,4440,486.36686064,17.7978816
2233,4441,491.20799904,16.9968672
2233,4442,495.78243744,16.32423456
2233,4443,499.21631424,16.4372544
2240,4283,12.4021596,23.9097312
2240,4284,16.40177568,23.90205024
2240,4285,23.01642336,22.713696
2240,4286,28.55659008,18.20168064
2240,4287,33.61672728,18.2093616
2240,4288,38.65516272,17.25143616
2240,4289,42.63502776,12.13920864
2240,4290,45.99051,12.08324736
2240,4291,49.3437672,12.07008
2240,4292,52.68471048,11.47096512
2240,4293,55.35719688,8.25264288
2240,4294,57.64191672,8.2296
2240,4295,59.93376888,8.53025472
2240,4296,62.56047432,10.14545088
2240,4297,65.40669672,11.24821728
2240,4298,70.1882772,22.89913632
2240,4299,76.68018192,21.75686784
2240,4300,80.95817184,11.274552
2240,4301,85.19013696,18.53964288
2240,4302,90.373962,18.61425792
2240,4303,95.51255472,18.52318368
2240,4304,100.70064696,19.19801088
2240,4305,106.51583472,22.25942208
2240,4306,112.71391224,22.3186752
2240,4307,118.96048344,22.62152448
2240,4308,125.28038952,22.4997264
2240,4309,131.58883512,24.25317984
2240,4310,138.92381664,27.67120704
2240,4311,146.60154576,27.09513504
2240,4312,153.65998224,24.1621056
2240,4313,160.32812232,22.87938528
2240,4314,165.69497976,16.6951152
2240,4315,170.31526008,16.6457376
2240,4316,174.93023688,16.24303584
2240,4317,179.10172968,14.1110208
2240,4318,183.01408152,14.0781024
2240,4319,186.89363688,12.92156928
2240,4320,189.5267736,6.86129184
2240,4321,191.40446352,6.7702176
2240,4322,193.27556976,6.34008384
2240,4323,194.66929824,4.0434768
2240,4324,195.785994,4.02592032
2240,4325,196.90076952,3.88217664
2240,4326,197.85637848,3.11517792
2240,4327,198.719694,3.1053024
2240,4328,199.59181824,3.53543616
2240,4329,200.94144216,5.8320432
2240,4330,202.55648592,5.80241664
2240,4331,204.205332,6.85909728
2240,4332,206.9367972,12.06569088
2240,4333,210.30828144,12.13262496
2240,4334,213.67430976,12.07008
2240,4335,217.02845088,12.12604128
2240,4336,220.39002912,11.82648384
2240,4337,223.5610464,11.39196096
2240,4338,226.77872856,11.631168
2240,4339,230.0095476,11.631168
2240,4340,233.24045808,11.631168
2240,4341,236.4713076,11.63226528
2240,4342,239.61574632,10.63374048
2240,4343,242.4612372,10.23323328
2240,4344,245.30620992,10.23433056
2240,4345,248.31089784,12.0261888
2240,4346,251.8720896,12.98411424
2240,4347,255.46882104,12.80416032
2240,4348,259.0940208,13.64028768
2240,4349,262.94483352,13.91241312
2240,4350,266.83292328,14.02214112
2240,4351,270.58900416,12.7119888
2240,4352,274.0389744,12.4321824
2240,4353,277.49333376,12.43986336
2240,4354,280.64923296,9.12498048
2240,4355,282.7782,7.351776
2240,4356,284.82036,7.351776
2240,4357,286.86252,7.351776
2240,4358,288.90471048,7.34738688
2240,4359,291.10999944,9.17545536
2240,4360,293.88276504,10.15203456
2240,4361,296.7717204,11.54119104
2240,4362,300.76862376,16.40543328
2240,4363,305.34242208,16.4592
2240,4364,309.9021996,16.31216448
2240,4365,314.44548744,16.4592
2240,4366,319.01763984,16.46358912
2240,4367,323.37292704,14.37327072
2240,4368,327.19789272,13.68966528
2240,4369,330.78081672,11.37659904
2240,4370,333.7677348,10.3857552
2240,4371,336.30507288,8.38651104
2240,4372,338.64423,8.42272128
2240,4373,340.98171072,8.14840128
2240,4374,342.82761,5.3931312
2240,4375,344.3374368,5.4864
2240,4376,345.86122344,5.48310816
2240,4377,347.58754968,7.43626656
2240,4378,349.810578,8.08256448
2240,4379,352.05543,8.08256448
2240,4380,354.30022104,8.07817536
2240,4381,356.54510352,8.08366176
2240,4382,358.79038224,8.06829984
2240,4383,360.98110176,7.8565248
2240,4384,363.17023632,7.17840576
2240,4385,364.84556952,5.48201088
2240,4386,366.29108352,4.02811488
2240,4387,366.88065816,0.6693408
2240,4388,366.9158016,0
2240,4389,366.9158016,0
2240,4390,366.9158016,0
2240,4391,366.9158016,0
2240,4392,366.9158016,0
2240,4393,366.9158016,0
2240,4394,366.9158016,0
2240,4395,366.9158016,0
2240,4396,366.9158016,0
2240,4397,366.9158016,0
2240,4398,366.9158016,0
2240,4399,367.06792728,2.37890304
2240,4400,368.37219696,6.36202944
2240,4401,370.86536952,10.917936
2240,4402,374.0542176,13.07299392
2240,4403,378.09763344,14.9559264
2240,4404,382.16595144,12.38499936
2240,4405,384.20241168,7.4999088
2240,4406,387.93288936,15.5594304
2240,4407,392.24053632,15.471648
2240,4408,396.5382468,15.471648
2240,4409,400.83604872,15.47274528
2240,4410,404.93338368,13.17723552
2240,4411,408.67715064,14.7254976
2240,4412,412.76750568,13.79939328
2240,4413,415.78008792,8.62681536
2240,4414,418.12744416,7.69632192
2240,4415,419.69051952,3.72636288
2240,4416,420.18332016,0.1591056
2240,4417,420.1847832,0
2240,4418,420.1847832,0
2240,4419,420.1847832,0
2240,4420,420.1847832,0
2240,4421,420.25970304,1.41658848
2240,4422,421.39029768,6.85690272
2240,4423,424.37526504,13.72368096
2240,4424,428.23772112,13.9025376
2240,4425,432.09709872,13.82792256
2240,4426,435.87643584,13.44387456
2240,4427,439.60901664,13.6940544
2240,4428,443.64139872,14.39960544
2240,4429,447.28961088,12.67029216
2240,4430,450.85845312,13.24746144
2240,4431,455.41862688,19.44489888
2240,4432,460.87372392,19.6303392
2240,4433,466.2802968,19.03890528
2240,4434,470.85787464,9.22373568
2240,4435,474.27446928,22.72905792
2240,4436,481.51636488,26.52345216
2240,4437,488.88325896,26.20085184
2240,4438,494.7682764,14.7748752
2240,4439,498.303228266667,14.2792704
2245,4290,21.52134888,14.04079488
2245,4291,24.95924904,12.77124192
2245,4292,28.88382336,13.67430336
2245,4293,32.29356,11.16921312
2245,4294,35.07610968,8.05293792
2245,4295,36.60379776,4.7896272
2245,4296,38.60066448,8.3338416
2245,4297,41.17494432,10.72371744
2245,4298,43.6970424,6.99406272
2245,4299,45.8806296,9.57486528
2245,4300,49.20298008,13.3977888
2245,4301,53.01060264,15.21488448
2245,4302,57.71299608,19.47233088
2245,4303,63.7242312,22.29014592
2245,4304,69.9156336,22.2857568
2245,4305,76.11547896,22.44157056
2245,4306,82.34345736,22.29453504
2245,4307,88.59066864,23.28537888
2245,4308,95.08918752,22.3241616
2245,4309,101.15333592,21.8962224
2245,4310,107.24177688,22.20784992
2245,4311,113.7138696,24.79962528
2245,4312,120.77514072,24.57468288
2245,4313,127.56599328,25.15404672
2245,4314,134.07316848,21.04802496
2245,4315,139.70870712,20.16361728
2245,4316,145.30169568,20.10655872
2245,4317,150.88898448,19.76859648
2245,4318,155.94442776,16.7554656
2245,4319,160.52608992,16.43944896
2245,4320,165.05654568,15.52212288
2245,4321,168.65760528,11.0221776
2245,4322,171.609258,9.06024096
2245,4323,173.45646792,5.47871904
2245,4324,174.9804984,5.4864
2245,4325,176.45941848,4.93995456
2245,4326,177.87597648,5.4973728
2245,4327,179.40396936,5.48969184
2245,4328,180.92793888,5.4864
2245,4329,182.42270856,4.98055392
2245,4330,183.8222892,5.44689792
2245,4331,185.34753888,5.4864
2245,4332,186.87144744,5.48859456
2245,4333,188.40227496,5.513832
2245,4334,190.02274416,7.39895904
2245,4335,192.74719896,10.9782864
2245,4336,195.7952904,10.9728
2245,4337,198.84274176,11.10886272
2245,4338,202.02198864,11.3349024
2245,4339,205.07785248,10.9728
2245,4340,208.16383056,11.5817904
2245,4341,211.51867272,12.23576928
2245,4342,214.90826208,12.16664064
2245,4343,218.29782096,12.23576928
2245,4344,221.69664576,12.16664064
2245,4345,225.22894248,14.39411904
2245,4346,229.63650288,16.2726624
2245,4347,234.157266,16.27485696
2245,4348,238.4331528,13.19369472
2245,4349,241.5910332,10.9069632
2245,4350,244.63656432,10.9728
2245,4351,247.6844424,10.9728
2245,4352,250.73341776,10.95414624
2245,4353,253.46835768,8.34700896
2245,4354,255.65551104,7.71826752
2245,4355,257.79834648,7.83019008
2245,4356,259.98168984,7.8565248
2245,4357,262.16478936,7.8565248
2245,4358,264.34154904,7.6096368
2245,4359,266.60767608,9.59461632
2245,4360,269.54558232,10.7204256
2245,4361,272.53314048,10.95853536
2245,4362,275.5815672,10.9728
2245,4363,278.6295672,10.9728
2245,4364,281.67625656,11.00681568
2245,4365,285.16231512,14.93178624
2245,4366,289.6426008,16.45261632
2245,4367,294.2153628,16.4592
2245,4368,298.78742376,16.4592
2245,4369,303.3595152,16.4592
2245,4370,307.93175904,16.42518432
2245,4371,312.37190256,14.43362112
2245,4372,315.73948536,10.96511904
2245,4373,318.78748536,10.9728
2245,4374,321.79256952,9.75372192
2245,4375,323.86481328,6.08112576
2245,4376,325.55450256,6.0844176
2245,4377,327.24574632,6.13160064
2245,4378,328.98575808,6.36202944
2245,4379,330.7543296,6.36641856
2245,4380,332.47093272,5.79144384
2245,4381,334.44219624,9.56937888
2245,4382,337.15729368,8.86711968
2245,4383,339.58795176,8.77933728
2245,4384,341.95338264,8.02550592
2245,4385,344.45490672,11.74418784
2245,4386,346.82161776,4.19380416
2245,4387,348.17483832,5.1242976
2245,4388,349.59929064,5.08150368
2245,4389,350.5119228,0.8284464
2245,4390,350.5355448,0
2245,4391,350.5355448,0
2245,4392,350.5355448,0
2245,4393,350.5355448,0
2245,4394,350.5355448,0
2245,4395,350.5355448,0
2245,4396,350.5355448,0
2245,4397,350.5355448,0
2245,4398,350.5355448,0
2245,4399,350.5355448,0
2245,4400,350.5355448,0
2245,4401,350.5355448,0
2245,4402,350.5355448,0
2245,4403,351.13459872,5.03322336
2245,4404,352.78338384,6.14696256
2245,4405,355.30249488,12.91937472
2245,4406,359.21024424,14.08797792
2245,4407,363.70192944,19.09596384
2245,4408,369.24392496,20.01219264
2245,4409,374.56302024,17.9789328
2245,4410,379.45899216,17.6003712
2245,4411,384.3471612,17.62012224
2245,4412,389.25913512,17.60146848
2245,4413,393.5140212,12.34330272
2245,4414,396.68948856,11.3349024
2245,4415,399.84157776,11.2087152
2245,4416,402.05323704,3.69673632
2245,4417,402.70947144,2.19456
2245,4418,403.31971152,2.18139264
2245,4419,403.71192816,0.35222688
2245,4420,403.721316,0
2245,4421,403.721316,0
2245,4422,403.721316,0
2245,4423,403.721316,0
2245,4424,403.721316,0
2245,4425,404.52726816,6.63964128
2245,4426,406.69643832,8.00356032
2245,4427,409.4613096,12.5693424
2245,4428,413.17365168,13.47240384
2245,4429,417.2245656,16.02906624
2245,4430,421.78830552,16.4592
2245,4431,426.36021408,16.45481088
2245,4432,430.87680144,15.99614784
2245,4433,435.29810832,15.91056
2245,4434,439.71115512,15.86227968
2245,4435,444.12408,15.91056
2245,4436,448.54224744,15.94128384
2245,4437,453.4050876,19.57766976
2245,4438,458.7771876,19.06194816
2245,4439,464.39894928,20.90537856
2245,4440,470.22282384,20.9964528
2245,4441,476.02179624,20.6398368
2245,4442,481.6877844,20.3106528
2245,4443,487.20591408,18.32786784
2245,4444,491.80796736,15.90617088
2245,4445,496.2262872,15.90836544
2245,4446,499.7572428,15.855696
2260,4321,160.802160342857,10.6138326857143
2260,4322,162.9934764,7.13122272
2260,4323,164.56923144,5.4205632
2260,4324,166.0743948,5.4205632
2260,4325,167.57952768,5.4205632
2260,4326,169.08481296,5.4205632
2260,4327,170.58994584,5.4205632
2260,4328,172.0951092,5.4205632
2260,4329,173.60033352,5.42166048
2260,4330,175.0454208,4.74902784
2260,4331,176.28156768,4.38912
2260,4332,177.50049336,4.39021728
2260,4333,178.65797136,3.68905536
2260,4334,179.59215288,3.28415904
2260,4335,180.84710592,7.0445376
2260,4336,183.2611524,9.05256
2260,4337,185.7757524,9.05256
2260,4338,188.29550352,9.07670016
2260,4339,191.1284976,12.53532672
2260,4340,195.036948,14.40070272
2260,4341,199.03735656,14.4018
2260,4342,203.02721904,14.34913056
2260,4343,206.91570504,13.20247296
2260,4344,210.43541352,12.563856
2260,4345,213.91958232,12.50021376
2260,4346,217.39704552,12.56495328
2260,4347,220.76654856,11.4501168
2260,4348,223.8769716,11.19993696
2260,4349,227.00098872,11.28662208
2260,4350,230.13600912,11.2910112
2260,4351,233.27109048,11.28662208
2260,4352,236.40617184,11.2910112
2260,4353,239.53567536,11.18786688
2260,4354,242.6476224,11.2526064
2260,4355,245.66053992,10.39343616
2260,4356,248.5261476,10.314432
2260,4357,251.39123712,10.314432
2260,4358,254.25635712,10.314432
2260,4359,257.08343808,10.12131072
2260,4360,259.94084664,10.34954496
2260,4361,262.79755416,10.30016736
2260,4362,265.67849328,10.3802688
2260,4363,268.56357768,10.29577824
2260,4364,271.14434976,8.394192
2260,4365,273.49198032,8.6355936
2260,4366,276.37203552,12.28185504
2260,4367,279.8752848,12.61872
2260,4368,283.37929608,12.63188736
2260,4369,287.24156928,15.691104
2260,4370,291.7821444,16.46029728
2260,4371,296.35417488,16.4592
2260,4372,300.92230392,16.18488
2260,4373,305.18532816,14.50384704
2260,4374,308.77187928,11.27235744
2260,4375,311.78924688,10.83125088
2260,4376,314.82435384,10.50535872
2260,4377,317.04159096,5.64440832
2260,4378,318.25609704,2.70040608
2260,4379,318.96539712,2.81562048
2260,4380,319.61218272,2.58848352
2260,4381,320.71775328,5.45677344
2260,4382,322.42560864,6.49699488
2260,4383,324.57152256,8.72227872
2260,4384,326.99992512,8.7343488
2260,4385,329.4266208,8.7343488
2260,4386,331.85340792,8.7343488
2260,4387,334.28016456,8.7343488
2260,4388,336.70686024,8.7343488
2260,4389,339.13392168,8.73873792
2260,4390,341.30732856,6.29509536
2260,4391,342.83221248,5.29327872
2260,4392,343.79669112,0.8887968
2260,4393,343.8226296,0
2260,4394,343.8226296,0
2260,4395,343.8226296,0
2260,4396,343.8226296,0
2260,4397,343.8226296,0
2260,4398,343.8226296,0
2260,4399,343.8226296,0
2260,4400,343.8226296,0
2260,4401,343.8226296,0
2260,4402,343.8226296,0
2260,4403,343.8226296,0
2260,4404,343.8226296,0
2260,4405,344.10313704,2.86499808
2260,4406,345.40798584,5.7168288
2260,4407,348.0281076,14.2207488
2260,4408,352.40436504,15.9763968
2260,4409,356.84207016,15.9763968
2260,4410,361.23993792,15.8995872
2260,4411,365.7633528,16.46029728
2260,4412,370.3353528,16.4592
2260,4413,374.9073528,16.4592
2260,4414,379.47901752,16.36702848
2260,4415,383.88093912,15.37508736
2260,4416,388.1599044,15.43214592
2260,4417,392.35017288,13.31110368
2260,4418,394.7932668,5.55113952
2260,4419,395.76789528,0.8887968
2260,4420,395.7937728,0
2260,4421,395.81142072,0.31162752
2260,4422,396.01545384,0.91183968
2260,4423,396.26977896,0.87014304
2260,4424,396.39843504,0.04498848
2260,4425,396.3988008,0
2260,4426,396.40416528,0.3456432
2260,4427,397.01102208,4.23769536
2260,4428,398.54188008,7.40005632
2260,4429,401.26526808,11.12203008
2260,4430,405.09224544,17.4138336
2260,4431,410.2960044,18.93137184
2260,4432,415.43298168,17.74411488
2260,4433,420.25418616,17.28216
2260,4434,425.03284056,17.07587136
2260,4435,429.75952656,17.01222912
2260,4436,434.26971312,14.94605088
2260,4437,438.25326624,14.22513792
2260,4438,442.56902088,17.75728224
2260,4439,447.78725784,18.9335664
2260,4440,452.68338216,15.89519808
2260,4441,457.82648592,22.82561856
2260,4442,464.57423976,24.17417568
2260,4443,470.81005152,21.18628224
2260,4444,476.74426368,21.39586272
2260,4445,482.60581152,20.7056736
2260,4446,488.32513968,20.5575408
2260,4447,493.76429568,18.2587392
2260,4448,498.72238584,17.7869088
2260,4449,501.6846456,17.721072
2278,4316,81.1328832,71.7840576
2278,4317,97.06474872,62.36500608
2278,4318,107.13649896,23.02971264
2278,4319,113.53732944,23.09554944
2278,4320,119.70450024,20.45439648
2278,4321,125.12424048,19.1255904
2278,4322,130.34122776,19.41307776
2278,4323,135.12207672,12.508992
2278,4324,137.9998764,9.985248
2278,4325,140.7735564,9.985248
2278,4326,143.54732784,9.98195616
2278,4327,146.30832816,9.93148128
2278,4328,149.18975496,10.4570784
2278,4329,151.38385776,5.57198784
2278,4330,152.905968,5.4864
2278,4331,154.42993752,5.48530272
2278,4332,155.95418136,5.48749728
2278,4333,157.52591304,6.3422784
2278,4334,159.85467648,10.35064224
2278,4335,162.70885416,9.14912064
2278,4336,164.93773464,7.1213472
2278,4337,167.16304896,10.01926368
2278,4338,170.19995424,11.84733216
2278,4339,174.21657816,16.4098224
2278,4340,178.79251008,16.48004832
2278,4341,183.04133064,13.08177216
2278,4342,186.77787384,15.24451104
2278,4343,191.10999624,15.54736032
2278,4344,195.427854,15.54736032
2278,4345,199.74555936,15.52212288
2278,4346,204.05040216,15.52212288
2278,4347,208.36825992,15.5484576
2278,4348,212.63978808,14.08578336
2278,4349,215.56516704,8.07159168
2278,4350,217.79797944,7.80056352
2278,4351,219.649548,6.42237984
2278,4352,222.13647216,11.01010752
2278,4353,225.84515664,15.76571904
2278,4354,229.71910368,11.43804672
2278,4355,232.77176712,10.9728
2278,4356,235.81961472,10.9728
2278,4357,238.82335776,10.03682016
2278,4358,241.54116792,9.61985376
2278,4359,243.89647944,8.7672672
2278,4360,246.76556184,10.9398816
2278,4361,249.54802008,9.08767296
2278,4362,252.25455264,10.69957728
2278,4363,255.29313432,10.7149392
2278,4364,258.09171648,9.68459328
2278,4365,260.79184824,9.7328736
2278,4366,263.49447936,9.72958176
2278,4367,266.24642712,10.42306272
2278,4368,269.25651,10.75224672
2278,4369,272.28113184,12.27527136
2278,4370,276.42232752,16.46029728
2278,4371,280.99487616,16.4592
2278,4372,285.56687616,16.4592
2278,4373,290.13887616,16.4592
2278,4374,294.7108152,16.4592
2278,4375,299.19399648,15.23244096
2278,4376,302.94946776,11.79685728
2278,4377,306.02931936,10.97499456
2278,4378,308.845458,7.9607664
2278,4379,310.2069996,1.93011552
2278,4380,310.3101744,0
2278,4381,310.31054016,0.07790688
2278,4382,310.72281264,3.39498432
2278,4383,312.00504528,5.35253184
2278,4384,313.529472,5.4864
2278,4385,315.00839208,4.93666272
2278,4386,316.44479256,6.3587376
2278,4387,318.93942816,10.72920384
2278,4388,321.29711712,5.95384128
2278,4389,322.81209504,5.30644608
2278,4390,324.2556888,5.1681888
2278,4391,325.69077864,5.1681888
2278,4392,327.12592944,5.1681888
2278,4393,328.56104976,5.1681888
2278,4394,329.9961396,5.1681888
2278,4395,331.28721144,2.9242512
2278,4396,331.71835104,1.36172448
2278,4397,332.11169544,1.4154912
2278,4398,332.50436928,1.4154912
2278,4399,332.8970736,1.4154912
2278,4400,333.28974744,1.4154912
2278,4401,333.68248224,1.4154912
2278,4402,334.07515608,1.4154912
2278,4403,334.4678604,1.4154912
2278,4404,334.86053424,1.4154912
2278,4405,335.25323856,1.4154912
2278,4406,335.64597336,1.4154912
2278,4407,336.0386472,1.4154912
2278,4408,336.43129056,1.4154912
2278,4409,336.82405584,1.4154912
2278,4410,337.2166992,1.4154912
2278,4411,337.6082148,1.43633952
2278,4412,338.7679788,8.56097856
2278,4413,341.7541044,12.19736448
2278,4414,345.88731432,17.16914016
2278,4415,351.032064,19.32748992
2278,4416,356.40084168,19.35492192
2278,4417,361.56707976,17.4248064
2278,4418,366.21805344,16.45700544
2278,4419,370.7405844,15.08979456
2278,4420,374.21981544,10.97060544
2278,4421,377.16009912,9.05475456
2278,4422,378.92321472,3.54201984
2278,4423,379.41552768,1.77539904
2278,4424,380.15835576,2.852928
2278,4425,380.9507748,2.852928
2278,4426,381.7431024,2.852928
2278,4427,382.53972768,3.17443104
2278,4428,383.66815824,4.53944736
2278,4429,384.85715256,3.33792576
2278,4430,385.24958256,1.20591072
2278,4431,387.50299944,14.1494256
2278,4432,391.51535616,14.4072864
2278,4433,395.51677056,14.4072864
2278,4434,399.51830688,14.4072864
2278,4435,403.51972128,14.4072864
2278,4436,407.52116616,14.4072864
2278,4437,411.52242816,14.40399456
2278,4438,415.68886128,15.5923488
2278,4439,419.78144136,13.7214864
2278,4440,423.72079848,15.20720352
2278,4441,428.07450072,15.7240224
2278,4442,432.44262,15.73280064
2278,4443,436.93951728,16.7938704
2278,4444,441.645294,16.99906176
2278,4445,446.76005136,20.55973536
2278,4446,452.89601064,23.701248
2278,4447,460.27689504,28.59182496
2278,4448,468.01875408,24.77987424
2278,4449,473.53609128,17.27996544
2278,4450,478.31596488,16.6676832
2278,4451,481.57735536,4.36607712
2278,4452,484.90028496,24.15771648
2278,4453,490.63421304,14.59711584
2278,4454,494.0071908,10.09717056
2278,4455,496.4417808,7.66779264
2278,4456,498.680613,10.623042
2296,4362,246.320026971429,6.364224
2296,4363,247.82315688,6.364224
2296,4364,249.62257416,7.01491104
2296,4365,251.80006536,8.23289184
2296,4366,254.0861568,8.2296
2296,4367,256.34478576,8.0320896
2296,4368,258.60378048,8.2296
2296,4369,260.9734176,9.99951264
2296,4370,264.4237536,13.6666224
2296,4371,268.21918416,13.59310464
2296,4372,272.01104856,14.374368
2296,4373,276.15038496,14.39521632
2296,4374,279.978612,13.606272
2296,4375,283.75819296,13.606272
2296,4376,287.537652,13.606272
2296,4377,291.31711104,13.60846656
2296,4378,294.76897104,9.43989984
2296,4379,296.667936,6.03504
2296,4380,298.344336,6.03504
2296,4381,300.020736,6.03504
2296,4382,301.69707504,6.03613728
2296,4383,303.29056944,5.29657056
2296,4384,304.76985528,5.48749728
2296,4385,306.27620736,5.35582368
2296,4386,307.78249848,5.48749728
2296,4387,309.306468,5.4864
2296,4388,310.8094368,5.33387808
2296,4389,312.3124056,5.4864
2296,4390,313.8364056,5.4864
2296,4391,315.3604056,5.4864
2296,4392,316.77123336,3.83718816
2296,4393,317.51317752,2.33940096
2296,4394,318.16295016,2.3372064
2296,4395,318.81263136,2.3372064
2296,4396,319.4622516,2.3372064
2296,4397,320.11196328,2.3372064
2296,4398,320.76155304,2.3372064
2296,4399,321.41126472,2.3372064
2296,4400,322.0609764,2.3372064
2296,4401,322.71059664,2.3372064
2296,4402,323.36027784,2.3372064
2296,4403,324.00998952,2.3372064
2296,4404,324.65964024,2.3372064
2296,4405,325.30929096,2.3372064
2296,4406,325.95900264,2.3372064
2296,4407,326.6087448,2.3372064
2296,4408,327.12343008,0.80430624
2296,4409,327.45834432,4.5591984
2296,4410,329.89857312,10.4899968
2296,4411,332.8132536,10.4899968
2296,4412,335.72781216,10.4899968
2296,4413,338.64249264,10.4899968
2296,4414,341.54949216,10.35612864
2296,4415,344.43201624,10.48231584
2296,4416,347.34681864,10.4899968
2296,4417,350.26143816,10.4899968
2296,4418,353.17599672,10.4899968
2296,4419,356.0905248,10.4899968
2296,4420,359.00352888,10.369296
2296,4421,361.85417088,10.369296
2296,4422,364.76683968,10.4899968
2296,4423,367.68118488,10.4899968
2296,4424,370.55148648,9.244584
2296,4425,372.41832552,4.12796736
2296,4426,372.86184,0
2296,4427,372.86184,0
2296,4428,372.86184,0
2296,4429,372.86196192,0.12399264
2296,4430,373.33370088,3.950208
2296,4431,375.50753448,11.58069312
2296,4432,378.9514392,12.4651008
2296,4433,382.407414,11.93072544
2296,4434,384.31360272,3.56177088
2296,4435,387.3450216,16.7225472
2296,4436,392.00020152,16.7006016
2296,4437,396.18217944,12.31587072
2296,4438,399.66418416,14.75512416
2296,4439,404.04812256,15.90836544
2296,4440,408.38259192,14.39411904
2296,4441,412.0579008,13.98702816
2296,4442,416.39240064,15.828264
2296,4443,420.6442692,14.77048608
2296,4444,424.35255744,12.11067936
2296,4445,427.8588852,14.4018
2296,4446,432.2908296,16.4592
2296,4447,436.87462536,16.86080448
2296,4448,441.89699784,19.57218336
2296,4449,447.86172048,23.29635168
2296,4450,454.4822508,23.9371632
2296,4451,461.3996868,25.96603392
2296,4452,468.49491264,21.46608864
2296,4453,471.47503368,7.44394752
2296,4454,475.89350592,19.87283808
2296,4455,481.41474456,19.8717408
2296,4456,486.93808632,19.74774816
2296,4457,491.5812876,12.80964672
2296,4458,494.81969616,11.5159536
2296,4459,497.92124952,10.72371744
2296,4460,499.823232,10.7094528
2301,4299,20.5553636571429,5.78893577142857
2301,4300,21.65698488,6.45420096
2301,4301,24.40932888,9.88210368
2301,4302,26.94593544,10.92232512
2301,4303,30.8314344,15.36082272
2301,4304,35.09034384,15.33668256
2301,4305,39.37494792,15.74487072
2301,4306,43.88443344,16.47785376
2301,4307,48.4598472,16.4592
2301,4308,53.11082088,18.08646624
2301,4309,58.70527248,21.13032096
2301,4310,64.61756952,22.7191824
2301,4311,68.3398176,29.62656
2301,4371,258.7922688,9.12114
2301,4372,261.15730344,13.1618736
2301,4373,264.87708264,13.4636256
2301,4374,268.61295528,13.34950848
2301,4375,272.61976464,16.00492608
2301,4376,277.18719264,16.4592
2301,4377,281.67960936,15.08869728
2301,4378,285.3132216,11.52034272
2301,4379,288.3886536,10.9728
2301,4380,291.43829952,10.9234224
2301,4381,293.9309844,6.3587376
2301,4382,295.4757108,5.35692096
2301,4383,296.71188816,3.38730336
2301,4384,297.51500568,3.32585568
2301,4385,298.827444,5.48749728
2301,4386,300.35214504,5.48749728
2301,4387,301.85127336,5.35582368
2301,4388,303.364392,5.4864
2301,4389,304.88842248,5.4864
2301,4390,306.412392,5.4864
2301,4391,307.93645296,5.4864
2301,4392,309.53927424,6.87116736
2301,4393,311.9192136,8.7562944
2301,4394,313.83802104,5.61368448
2301,4395,315.3616248,5.4864
2301,4396,316.82338464,4.08956256
2301,4397,317.27747568,0.05705856
2301,4398,317.2775976,0
2301,4399,317.2775976,0
2301,4400,317.2775976,0
2301,4401,317.2775976,0
2301,4402,317.2775976,0
2301,4403,317.2775976,0
2301,4404,317.2775976,0
2301,4405,317.2775976,0
2301,4406,317.2775976,0
2301,4407,317.2775976,0
2301,4408,317.2775976,0
2301,4409,317.2775976,0
2301,4410,317.2775976,0
2301,4411,317.38043712,1.85111136
2301,4412,318.56147616,5.48859456
2301,4413,320.08599432,5.4864
2301,4414,321.6420288,6.53320512
2301,4415,324.4225668,13.00057344
2301,4416,328.12875192,13.35170304
2301,4417,331.88230296,14.70135744
2301,4418,336.62166864,18.38712096
2301,4419,341.70646416,18.0447696
2301,4420,346.66379232,17.82970272
2301,4421,351.5665308,16.77850848
2301,4422,355.85713944,14.80889088
2301,4423,359.78592,11.57191488
2301,4424,361.99108704,6.20950752
2301,4425,363.7176876,6.2160912
2301,4426,365.3672652,4.62284064
2301,4427,366.09241488,1.6404336
2301,4428,366.5500416,1.64592
2301,4429,367.0473228,2.47326912
2301,4430,368.02612704,4.02921216
2301,4431,369.14355432,4.02372576
2301,4432,370.28036688,4.47580512
2301,4433,371.7863532,6.90518304
2301,4434,374.37331272,10.92671424
2301,4435,377.43594312,11.42597664
2301,4436,381.00448056,14.58175392
2301,4437,385.39332624,16.39116864
2301,4438,389.94932424,16.34069376
2301,4439,394.2571236,13.37694048
2301,4440,397.45639584,10.9728
2301,4441,400.50451776,10.97060544
2301,4442,403.67547408,12.89194272
2301,4443,407.89085808,16.18817184
2301,4444,412.28631792,15.5594304
2301,4445,416.99715432,18.9664848
2301,4446,422.40247752,19.37357568
2301,4447,427.39814952,16.45261632
2301,4448,431.89492488,16.30996992
2301,4449,436.69957872,18.30372768
2301,4450,441.888372,19.77956928
2301,4451,447.94950288,24.02714016
2301,4452,455.18356512,27.17743104
2301,4453,462.80255928,27.52636608
2301,4454,470.06905224,22.88267712
2301,4455,475.68944232,19.4822064
2301,4456,480.88299048,16.14537792
2301,4457,484.55576952,12.06788544
2301,4458,487.80490704,10.35064224
2301,4459,489.96779832,6.4300608
2301,4460,492.02266848,8.61584256
2301,4461,494.45183304,8.98782048
2301,4462,497.37596232,12.54300768
2301,4463,499.6702224,14.4731232
2332,4309,26.4005568,18.92808
2332,4310,29.55514536,18.92588544
2332,4311,34.70684448,16.42298976
2332,4312,39.22102392,20.35125216
2332,4313,45.72917448,23.98215168
2332,4314,52.38771336,23.9645952
2332,4315,59.04424056,23.96569248
2332,4316,65.7022308,23.96788704
2332,4317,72.35894088,23.9645952
2332,4318,78.13170048,11.95706016
2332,4319,79.0248864,0
2332,4320,81.48072096,20.18007648
2332,4321,87.9588792,23.7451392
2332,4322,94.52832504,23.54982336
2332,4323,100.02368616,13.20357024
2332,4324,102.80571768,11.56972032
2332,4325,107.87688864,28.14084288
2332,4326,114.0471684,14.98774752
2332,4327,118.06242072,11.576304
2332,4328,121.2066156,5.55552864
2332,4329,122.1873096,8.46222336
2332,4330,125.84015472,14.15930112
2332,4331,129.64479024,13.89485664
2332,4332,133.77303192,15.00969312
2332,4333,137.77984128,13.71929184
2332,4334,141.24654504,11.73870144
2332,4335,144.50464368,11.68712928
2332,4336,147.75329352,11.73760416
2332,4337,151.01477544,11.740896
2332,4338,154.2384012,10.64800512
2332,4339,156.62352216,7.34738688
2332,4340,158.66528592,7.351776
2332,4341,160.70741544,7.351776
2332,4342,162.744912,7.27057728
2332,4343,164.77039944,7.50429792
2332,4344,167.11988928,9.5792544
2332,4345,169.72218024,8.71569504
2332,4346,172.19121264,9.38284128
2332,4347,174.83730336,9.64399392
2332,4348,177.53048568,9.60997824
2332,4349,180.393594,10.97938368
2332,4350,183.30498264,9.86783904
2332,4351,186.18531216,10.98706464
2332,4352,189.2410236,10.99584288
2332,4353,192.2897856,10.9728
2332,4354,195.3377856,10.9728
2332,4355,198.3857856,10.9728
2332,4356,201.42957936,10.9234224
2332,4357,204.4677648,10.9728
2332,4358,207.5157648,10.9728
2332,4359,210.56373432,10.9728
2332,4360,213.6117648,10.9728
2332,4361,216.65857608,10.7368848
2332,4362,219.26333592,8.14401216
2332,4363,221.49989736,8.0540352
2332,4364,223.70966688,7.9113888
2332,4365,225.936048,8.0540352
2332,4366,228.17422488,8.0540352
2332,4367,230.4091404,7.77203424
2332,4368,232.55682216,9.11620224
2332,4369,235.44922176,10.28261088
2332,4370,238.15977768,10.01706912
2332,4371,241.12898688,10.8740448
2332,4372,244.1688792,10.9728
2332,4373,247.2168792,10.9728
2332,4374,250.26618984,11.04083136
2332,4375,253.30248552,10.65019968
2332,4376,256.2100032,10.35393408
2332,4377,259.105908,10.533888
2332,4378,262.03226232,10.533888
2332,4379,264.9582204,10.55144448
2332,4380,267.95605032,11.05729056
2332,4381,270.98698152,10.82905632
2332,4382,274.03431096,10.9289088
2332,4383,277.08471888,11.1044736
2332,4384,280.16920344,11.1044736
2332,4385,283.25347464,11.1044736
2332,4386,286.33664856,10.77967872
2332,4387,288.81836064,7.72375392
2332,4388,290.98399512,7.5383136
2332,4389,293.19906816,9.32358816
2332,4390,296.1869616,10.06864128
2332,4391,298.06459056,5.02663968
2332,4392,299.5729848,5.48420544
2332,4393,301.1725752,6.03833184
2332,4394,302.89527432,6.44322816
2332,4395,304.66500408,6.04711008
2332,4396,306.24408144,5.48859456
2332,4397,307.7681424,5.4864
2332,4398,309.27193416,4.62284064
2332,4399,309.8392584,0.05925312
2332,4400,309.8392584,0
2332,4401,309.8392584,0
2332,4402,309.8392584,0
2332,4403,309.8392584,0
2332,4404,309.8392584,0
2332,4405,309.8392584,0
2332,4406,309.8392584,0
2332,4407,309.8392584,0
2332,4408,309.8392584,0
2332,4409,309.8392584,0
2332,4410,309.8392584,0
2332,4411,309.8392584,0
2332,4412,309.9407568,1.76771808
2332,4413,311.093358,5.34485088
2332,4414,312.6050136,5.4864
2332,4415,314.1290136,5.4864
2332,4416,315.6530136,5.4864
2332,4417,317.1770136,5.4864
2332,4418,318.7010136,5.4864
2332,4419,320.2250136,5.4864
2332,4420,321.76620432,6.21718848
2332,4421,324.02532096,9.4420944
2332,4422,326.64839928,9.436608
2332,4423,329.27077656,9.41795424
2332,4424,331.8706596,9.81955872
2332,4425,334.82770728,10.97389728
2332,4426,337.87701792,10.7917488
2332,4427,340.53950688,8.2789776
2332,4428,342.49098888,5.75633088
2332,4429,344.0103864,5.4864
2332,4430,345.5484072,6.33350016
2332,4431,347.50165704,6.4081152
2332,4432,349.60745928,9.35321472
2332,4433,352.2117924,9.3707712
2332,4434,354.815394,9.3707712
2332,4435,357.4189956,9.3707712
2332,4436,359.9968416,9.1403424
2332,4437,362.56152024,9.3707712
2332,4438,365.17825872,9.77018112
2332,4439,368.1014736,10.97609184
2332,4440,371.14968696,10.9728
2332,4441,374.19765648,10.9728
2332,4442,377.2457784,10.9728
2332,4443,380.31477912,11.86488864
2332,4444,384.36752184,16.66878048
2332,4445,389.03358312,16.7774112
2332,4446,393.6737364,16.623792
2332,4447,398.2436028,16.32204
2332,4448,402.81883368,16.59416544
2332,4449,407.44969056,17.00893728
2332,4450,412.19039736,17.01991008
2332,4451,416.86462728,16.50418848
2332,4452,421.4852124,17.62451136
2332,4453,426.75538728,19.47672
2332,4454,432.16583112,19.47672
2332,4455,437.57459856,19.44270432
2332,4456,442.97321616,19.46684448
2332,4457,448.3832028,19.47562272
2332,4458,453.86692056,20.45000736
2332,4459,459.71969016,21.24663264
2332,4460,465.45590424,18.86334048
2332,4461,470.20380432,16.47236736
2332,4462,474.76071672,16.3823904
2332,4463,479.22350688,14.77158336
2332,4464,483.10080672,14.80120992
2332,4465,487.61535192,17.07477408
2332,4466,492.25196952,16.58758176
2332,4467,496.83402792,15.92592192
2332,4468,499.5787824,16.5908736
2365,4294,13.9095988,13.222224
2365,4295,16.84870392,13.16845728
2365,4296,20.39776464,11.66628096
2365,4297,23.34670464,10.28809728
2365,4298,26.20420464,10.287
2365,4299,29.06173512,10.28590272
2365,4300,32.0602356,12.14250048
2365,4301,35.76730464,13.71380544
2365,4302,39.5773656,13.716
2365,4303,43.38785328,13.72916736
2365,4304,47.2023948,13.72038912
2365,4305,51.01242528,13.716
2365,4306,54.82251672,13.71380544
2365,4307,58.96526688,17.94162528
2365,4308,64.683894,21.4024464
2365,4309,70.62776832,21.40025184
2365,4310,76.36029432,19.98585792
2365,4311,82.1492388,21.56264928
2365,4312,88.1347488,21.5505792
2365,4313,94.0923696,21.37830624
2365,4314,100.09836216,22.04216064
2365,4315,106.30588848,22.466808
2365,4316,112.55340456,22.5052128
2365,4317,118.84984104,22.69943136
2365,4318,124.88759376,19.4383152
2365,4319,129.62616696,16.73461728
2365,4320,134.55118632,17.7265584
2365,4321,139.18435968,15.07552992
2365,4322,142.99944984,13.34950848
2365,4323,146.69472312,13.2990336
2365,4324,150.17645352,10.43184096
2365,4325,152.56160496,8.0430624
2365,4326,154.7967948,8.04415968
2365,4327,156.9101256,6.43664448
2365,4328,158.41382592,5.1242976
2365,4329,159.83623608,5.12320032
2365,4330,161.36529576,6.528816
2365,4331,163.41611208,7.59756672
2365,4332,165.53834304,7.68205728
2365,4333,167.61534168,6.9293232
2365,4334,169.40680368,6.30936
2365,4335,171.16040952,6.30936
2365,4336,172.5631804,6.30936
2368,4318,20.8063930666667,19.4047872
2368,4319,25.91214528,19.312128
2368,4320,31.27595472,19.28908512
2368,4321,36.6325404,19.30444704
2368,4322,41.9977824,19.30773888
2368,4323,47.1531696,17.53124256
2368,4324,51.93511584,17.19218304
2368,4325,56.71035648,17.19218304
2368,4326,61.48590192,17.19657216
2368,4327,66.26211792,17.19108576
2368,4328,71.03830344,16.98918624
2368,4329,75.28154616,14.89667328
2368,4330,80.12417808,18.46283328
2368,4331,85.16496048,18.8293248
2368,4332,90.71058312,20.90757312
2368,4333,96.72703032,22.53045024
2368,4334,100.5562632,22.8343968
2384,4454,376.621480266667,17.3931072
2384,4455,381.1377696,16.91018208
2384,4456,385.93687608,17.6442624
2384,4457,390.79980768,17.01222912
2384,4458,395.40079416,16.43944896
2384,4459,399.97248936,16.4592
2384,4460,404.54451984,16.4592
2384,4461,409.1165808,16.4592
2384,4462,413.69001336,16.50089664
2384,4463,418.27606464,16.47236736
2384,4464,422.76778032,15.22695456
2384,4465,426.87282672,15.1808688
2384,4466,430.97549568,14.62345056
2384,4467,435.34419408,16.41860064
2384,4468,439.58579088,14.51920896
2384,4469,444.02703168,17.01113184
2384,4470,448.781424,17.50051872
2384,4471,453.764904,18.10512
2384,4472,458.90319192,19.8717408
2384,4473,464.8591668,22.04216064
2384,4474,470.53932816,14.5609056
2384,4475,472.84145208,12.1633488
2384,4476,478.90849608,25.5775968
2384,4477,486.01445088,25.5775968
2384,4478,492.98577552,23.07689568
2384,4479,498.1468701,19.5192396
2385,4312,21.0131152,19.3999104
2385,4313,25.16218488,18.47161152
2385,4314,30.0424596,17.50051872
2385,4315,35.1100644,18.53086464
2385,4316,40.12542648,18.55171296
2385,4317,45.25911192,16.17829632
2385,4318,48.92826384,11.09130624
2385,4319,52.37097984,15.5594304
2385,4320,57.26256264,18.1380384
2385,4321,62.25771648,17.92736064
2385,4322,67.2370512,17.9185824
2385,4323,72.02171016,16.11245952
2385,4324,76.6512564,17.71778016
2385,4325,81.56679648,17.57623104
2385,4326,86.4463092,17.5674528
2385,4327,91.32521232,17.4851568
2385,4328,96.16159584,17.4851568
2385,4329,100.96478664,15.992856
2385,4330,104.510586,10.71713376
2385,4331,107.08626792,7.29252288
2385,4332,110.47540008,17.79897888
2385,4333,115.58713992,17.94820896
2385,4334,119.68874208,12.26429856
2385,4335,123.07708176,12.2017536
2385,4336,126.46225152,11.83526208
2385,4337,129.65463528,11.50388352
2385,4338,132.7545732,10.63922688
2385,4339,135.59579688,9.9633024
2385,4340,138.3644172,9.96439968
2385,4341,141.1329156,9.96439968
2385,4342,143.90159688,9.95342688
2385,4343,146.64488832,9.354312
2385,4344,148.76425416,6.33240288
2385,4345,150.53060064,7.01820288
2385,4346,153.08070984,10.7862624
2385,4347,156.086556,10.8191808
2385,4348,159.09106104,10.8191808
2385,4349,162.09388968,10.7588304
2385,4350,165.07538232,10.78735968
2385,4351,168.07970448,10.8191808
2385,4352,171.07277952,10.36051776
2385,4353,173.85115344,10.44500832
2385,4354,176.88491928,10.98157824
2385,4355,179.704746,7.9607664
2385,4356,181.53601488,7.68096
2385,4357,184.20850128,10.70177184
2385,4358,187.25452008,11.0057184
2385,4359,190.3085856,10.9728
2385,4360,193.3565856,10.9728
2385,4361,196.4045856,10.9728
2385,4362,199.4525856,10.9728
2385,4363,202.49199024,10.92013056
2385,4364,205.5347172,10.83783456
2385,4365,208.21281192,7.55587008
2385,4366,210.12217056,7.55587008
2385,4367,212.36760168,8.30311776
2385,4368,214.68271008,8.33713344
2385,4369,216.99726984,8.33493888
2385,4370,219.56219232,10.51303968
2385,4371,222.58852104,10.83234816
2385,4372,225.6102168,10.93768704
2385,4373,228.42126528,9.03829536
2385,4374,230.51822832,6.08222304
2385,4375,232.14616512,6.04272096
2385,4376,233.87206464,6.34337568
2385,4377,236.04544104,9.8371152
2385,4378,239.01894792,10.917936
2385,4379,242.0404608,10.92671424
2385,4380,245.0878512,10.9728
2385,4381,248.1358512,10.9728
2385,4382,251.13871032,10.42306272
2385,4383,254.1989328,12.51008928
2385,4384,257.91819384,13.70283264
2385,4385,261.75986256,13.85316
2385,4386,265.24476288,9.39381408
2385,4387,267.05433,5.4809136
2385,4388,268.5772632,5.61587904
2385,4389,270.54112008,8.90662176
2385,4390,273.00079512,8.0485488
2385,4391,275.09379576,6.77131488
2385,4392,276.72792,5.47981632
2385,4393,278.25192,5.4864
2385,4394,279.77460936,5.52699936
2385,4395,281.42254104,5.99334336
2385,4396,283.2907212,8.23179456
2385,4397,285.69321576,8.19009792
2385,4398,287.54947824,5.52590208
2385,4399,289.07320392,5.35253184
2385,4400,290.18465712,2.08592928
2385,4401,290.3786928,0
2385,4402,290.3786928,0
2385,4403,290.3786928,0
2385,4404,290.3786928,0
2385,4405,290.3786928,0
2385,4406,290.3786928,0
2385,4407,290.3786928,0
2385,4408,290.3786928,0
2385,4409,290.3786928,0
2385,4410,290.3788452,0.03182112
2385,4411,290.47839288,0.65946528
2385,4412,290.66910624,0.68470272
2385,4413,290.85954528,0.68470272
2385,4414,291.06876,1.4868144
2385,4415,292.11916176,5.4534816
2385,4416,293.6446248,5.4864
2385,4417,295.16859432,5.48749728
2385,4418,296.67153264,5.35801824
2385,4419,298.18123752,5.4864
2385,4420,299.70523752,5.4864
2385,4421,301.229268,5.4864
2385,4422,302.753268,5.4809136
2385,4423,304.60059984,9.06024096
2385,4424,307.553868,10.9728
2385,4425,310.58504304,10.82137536
2385,4426,313.51737144,9.47281824
2385,4427,315.75186024,6.75266112
2385,4428,317.46568968,6.1502544
2385,4429,319.30326792,7.28923104
2385,4430,321.3436296,7.3408032
2385,4431,323.2519824,4.75780608
2385,4432,324.34965864,6.23913408
2385,4433,326.59707096,8.394192
2385,4434,328.9281204,8.394192
2385,4435,331.25904792,8.394192
2385,4436,333.59012784,8.394192
2385,4437,335.92108584,8.394192
2385,4438,338.2521048,8.394192
2385,4439,340.58205696,8.47319616
2385,4440,343.20992064,10.61947584
2385,4441,346.2517332,11.17250496
2385,4442,349.4611248,11.78149536
2385,4443,352.7334576,11.78259264
2385,4444,356.004114,11.81441376
2385,4445,359.72188152,15.48371808
2385,4446,364.2384384,16.4592
2385,4447,368.77840392,16.04991456
2385,4448,373.35369576,16.86738816
2385,4449,377.95452984,16.45590816
2385,4450,382.77552096,18.86004864
2385,4451,388.22379048,19.73787264
2385,4452,393.68952504,19.41417504
2385,4453,398.62067088,16.8542208
2385,4454,403.51155264,17.83189728
2385,4455,408.44391768,17.62560864
2385,4456,413.32410096,17.59927392
2385,4457,418.2573804,17.98003008
2385,4458,423.28228272,18.09524448
2385,4459,427.96522992,15.91494912
2385,4460,433.06148592,20.73420288
2385,4461,438.36028152,16.64464032
2385,4462,443.05770672,17.78361696
2385,4463,448.0063176,17.53672896
2385,4464,452.6269332,15.96652128
2385,4465,457.05848136,15.9544512
2385,4466,461.4905172,15.9544512
2385,4467,465.87122472,15.22146816
2385,4468,470.35321728,17.5180752
2385,4469,475.2392832,17.54111808
2385,4470,479.83804464,13.62163392
2385,4471,483.7651488,17.8801776
2385,4472,489.12877536,19.48988736
2385,4473,494.73231,21.09301344
2385,4474,500.66240736,21.35526336
2385,4475,504.2231724,21.39696
2391,4321,20.3550012,21.9017088
2391,4322,23.57225664,20.3984352
2391,4323,28.95151944,18.44308224
2391,4324,33.78735432,16.64244576
2391,4325,38.28251424,16.130016
2391,4326,42.76316568,16.13879424
2391,4327,47.24823672,16.13879424
2391,4328,51.72837,16.13111328
2391,4329,56.74717632,21.45072672
2391,4330,63.13090752,21.77661888
2391,4331,68.37611928,17.75289312
2391,4332,73.420224,18.06232608
2391,4333,78.33561168,18.16217856
2391,4334,83.651598,19.7565264
2391,4335,89.4688584,21.80185632
2391,4336,95.54782008,22.61164896
2391,4337,102.242112,24.35303232
2391,4338,108.704634,22.7740464
2391,4339,114.93419736,21.69980928
2391,4340,120.6148464,18.56378304
2391,4341,125.34162384,15.82058304
2391,4342,129.03579984,11.13958656
2391,4343,132.15908544,11.51375904
2391,4344,135.12277776,9.71970624
2391,4345,137.86673976,10.14984
2391,4346,140.67742248,9.87552
2391,4347,143.27736648,9.05146272
2391,4348,145.78239576,8.99550144
2391,4349,148.29059496,9.05256
2391,4350,150.805134,9.05256
2391,4351,153.319734,9.05256
2391,4352,155.8468308,9.42234336
2391,4353,158.6573916,10.53498528
2391,4354,161.58374592,10.51413696
2391,4355,164.4885204,10.46914848
2391,4356,167.4124668,10.533888
2391,4357,170.35156176,10.91683872
2391,4358,173.58448392,12.07337184
2391,4359,176.93737536,12.07666368
2391,4360,180.29368056,12.07666368
2391,4361,183.59326248,10.62935136
2391,4362,185.79970968,6.30826272
2391,4363,187.55429088,6.34008384
2391,4364,189.31283448,6.30936
2391,4365,191.08137552,7.05112128
2391,4366,193.6601664,10.93878432
2391,4367,196.71011712,10.83783456
2391,4368,199.48324848,9.45526176
2391,4369,202.10833848,7.91029152
2391,4370,203.78208672,5.62246272
2391,4371,205.45717608,6.3477648
2391,4372,207.6867576,10.2485952
2391,4373,210.71826792,10.98267552
2391,4374,213.77059608,10.98816192
2391,4375,216.8231376,10.98157824
2391,4376,219.7816788,9.64070208
2391,4377,221.99068632,6.91944768
2391,4378,224.1694272,9.58254624
2391,4379,227.13385104,10.97499456
2391,4380,230.10574248,10.41977088
2391,4381,233.01661296,10.4186736
2391,4382,235.94394264,10.47792672
2391,4383,238.688118,8.9263728
2391,4384,241.28403864,10.68421536
2391,4385,244.3279848,10.9728
2391,4386,247.32636336,10.15203456
2391,4387,250.12308624,10.69957728
2391,4388,253.1671848,10.9728
2391,4389,256.17888312,10.36161504
2391,4390,258.94549176,9.98085888
2391,4391,261.73843512,10.0565712
2391,4392,264.52897056,10.04340384
2391,4393,267.40046088,10.1004624
2391,4394,269.62681152,5.88800448
2391,4395,271.09100976,5.34704544
2391,4396,272.61312,5.4864
2391,4397,274.1654664,6.1283088
2391,4398,276.28827648,9.5079312
2391,4399,279.1803408,9.5682816
2391,4400,281.1487392,5.5193184
2391,4401,282.67152,5.48859456
2391,4402,283.96756008,2.4853392
2391,4403,284.133036,0
2391,4404,284.133036,0
2391,4405,284.133036,0
2391,4406,284.133036,0
2391,4407,284.133036,0
2391,4408,284.133036,0
2391,4409,284.133036,0
2391,4410,284.133036,0
2391,4411,284.133036,0
2391,4412,284.133036,0
2391,4413,284.133036,0
2391,4414,284.14534992,0.39392352
2391,4415,284.6402232,3.0559248
2391,4416,285.87076176,5.44689792
2391,4417,287.39592,5.4864
2391,4418,288.91992,5.4864
2391,4419,290.44395048,5.4864
2391,4420,291.96792,5.4864
2391,4421,293.49192,5.4864
2391,4422,295.01592,5.4864
2391,4423,296.5371768,5.38983936
2391,4424,298.02801456,5.45457888
2391,4425,299.55716568,5.89349088
2391,4426,301.68290184,9.74274912
2391,4427,304.65802416,10.9728
2391,4428,307.60129488,9.67910688
2391,4429,309.84858528,6.84592992
2391,4430,311.55159432,5.54565312
2391,4431,313.0741008,5.4864
2391,4432,314.5981008,5.4864
2391,4433,316.1221008,5.4864
2391,4434,317.6461008,5.4864
2391,4435,319.1701008,5.4864
2391,4436,320.75865744,6.44652
2391,4437,323.01487848,9.5243904
2391,4438,325.7310732,9.8096832
2391,4439,328.45540608,9.8096832
2391,4440,331.1752584,9.9084384
2391,4441,334.09100568,10.96402176
2391,4442,337.1395848,10.9728
2391,4443,340.1875848,10.9728
2391,4444,343.20827472,10.83234816
2391,4445,346.27873848,11.9768112
2391,4446,350.13272112,15.01517952
2391,4447,354.301806,15.0107904
2391,4448,358.4681172,14.89667328
2391,4449,362.7217536,16.12014048
2391,4450,367.2879624,16.4592
2391,4451,371.86075488,16.41860064
2391,4452,376.58640456,18.5385456
2391,4453,381.7008876,16.04333088
2391,4454,386.53986192,20.38307328
2391,4455,392.25056424,20.5081632
2391,4456,397.94620944,20.51255232
2391,4457,403.40575656,17.86810752
2391,4458,407.9848584,15.77230272
2391,4459,412.29820512,16.18488
2391,4460,417.1239816,17.87798304
2391,4461,422.21539128,18.68338656
2391,4462,427.19155608,17.27886816
2391,4463,432.01516848,17.65304064
2391,4464,437.00980416,18.08207712
2391,4465,441.94296168,16.72474176
2391,4466,446.25880776,15.08650272
2391,4467,450.39753456,15.14465856
2391,4468,455.0650284,18.02501856
2391,4469,460.069692,18.0173376
2391,4470,465.07417272,18.0173376
2391,4471,470.0154684,17.79020064
2391,4472,475.33983672,20.30955552
2391,4473,480.9676944,19.83004416
2391,4474,485.9514792,16.44603264
2391,4475,490.8074004,18.2916576
2391,4476,495.82468272,18.1490112
2391,4477,499.238397,15.252192
2416,4324,19.656552,20.0143872
2416,4325,22.70769144,20.41269984
2416,4326,28.36718736,19.0762128
2416,4327,32.73329496,12.3005088
2416,4328,36.08524152,15.37947648
2416,4329,41.72340144,22.69065312
2416,4330,47.95589088,20.9415888
2416,4331,53.08171248,17.58500928
2416,4332,58.03425528,17.67059712
2416,4333,62.93772528,17.65852704
2416,4334,67.93187328,18.9390528
2416,4335,73.4526852,19.81029312
2416,4336,78.68576592,18.4452768
2416,4337,83.66686848,17.41712544
2416,4338,88.65985824,18.61316064
2416,4339,93.78409488,17.84067552
2416,4340,98.86837224,19.0981584
2416,4341,104.2559256,18.97087392
2416,4342,109.23769872,17.42261184
2416,4343,113.99995488,16.29131616
2416,4344,118.27224504,14.47970688
2416,4345,122.12369784,13.86852192
2416,4346,125.98380696,13.60956384
2416,4347,129.63945624,13.00167072
2416,4348,133.1380116,11.86927776
2416,4349,136.29378888,11.15604576
2416,4350,139.36425264,10.32869664
2416,4351,141.73358496,6.6440304
2416,4352,143.29129584,4.97506752
2416,4353,145.09403544,9.94355136
2416,4354,148.45445544,12.61872
2416,4355,151.95965544,12.62201184
2416,4356,155.32635432,11.07045792
2416,4357,158.2107072,10.23871968
2416,4358,161.05543608,10.24530336
2416,4359,163.62102912,7.14439008
2416,4360,165.227508,5.30315424
2416,4361,166.39470912,2.86609536
2416,4362,167.36503992,4.99701312
2416,4363,168.88370592,5.4864
2416,4364,170.4066696,5.61587904
2416,4365,172.42066608,9.33565824
2416,4366,175.1473764,9.87442272
2416,4367,177.86104128,9.33565824
2416,4368,180.56044152,10.56790368
2416,4369,183.5941464,10.9728
2416,4370,186.6430608,10.99694016
2416,4371,189.69895512,10.98048096
2416,4372,192.65795352,9.8700336
2416,4373,195.30511104,9.87552
2416,4374,197.97269016,8.50830912
2416,4375,200.1565212,8.3009232
2416,4376,202.3926864,7.187184
2416,4377,204.52653024,8.09463456
2416,4378,206.62998552,7.57781568
2416,4379,208.95917568,9.93916224
2416,4380,212.08008384,11.45670048
2416,4381,215.2480836,11.39854464
2416,4382,218.428062,11.46218688
2416,4383,221.52050184,10.54705536
2416,4384,224.35209384,10.17946656
2416,4385,227.20608864,10.28809728
2416,4386,230.06368008,10.28809728
2416,4387,233.01740544,11.21310432
2416,4388,236.20878336,11.48084064
2416,4389,238.53446832,4.43740032
2416,4390,240.1162584,7.95637728
2416,4391,242.66264904,10.56022272
2416,4392,245.6959272,10.9728
2416,4393,248.7439272,10.97060544
2416,4394,251.72810208,9.93477312
2416,4395,254.24599392,8.77824
2416,4396,256.6519632,8.58402144
2416,4397,258.9312576,6.96443616
2416,4398,260.5462404,5.4534816
2416,4399,262.15433472,6.99625728
2416,4400,264.44658312,9.34663104
2416,4401,267.53691984,11.35245888
2416,4402,270.298164,9.1458288
2416,4403,272.44663824,6.07673664
2416,4404,273.98368368,5.48969184
2416,4405,275.1700872,2.33501184
2416,4406,275.44038384,0.16239744
2416,4407,275.4425784,0
2416,4408,275.4425784,0
2416,4409,275.4425784,0
2416,4410,275.4425784,0
2416,4411,275.4425784,0
2416,4412,275.4425784,0
2416,4413,275.4425784,0
2416,4414,275.4425784,0
2416,4415,275.4425784,0
2416,4416,275.50286784,0.9436608
2416,4417,276.42013296,5.28998688
2416,4418,277.945596,5.4864
2416,4419,279.46956552,5.4864
2416,4420,280.99356552,5.4864
2416,4421,282.51756552,5.4864
2416,4422,284.041596,5.4864
2416,4423,285.565596,5.4864
2416,4424,287.0889864,5.4864
2416,4425,288.74947584,6.6769488
2416,4426,290.67017304,7.03575936
2416,4427,292.77801744,8.00685216
2416,4428,294.8618436,7.03795392
2416,4429,296.80777824,6.99406272
2416,4430,298.78093152,6.912864
2416,4431,300.45010776,5.53138848
2416,4432,302.43270984,8.69484672
2416,4433,304.86851904,8.5642704
2416,4434,307.06381056,7.41432096
2416,4435,309.12151536,7.44943392
2416,4436,311.19674616,7.52075712
2416,4437,313.316112,7.59537216
2416,4438,315.3524808,7.13561184
2416,4439,317.32752384,6.86568096
2416,4440,319.014348,5.49298368
2416,4441,320.5148784,5.44360608
2416,4442,322.5305208,7.7303376
2416,4443,324.37309776,8.21972448
2416,4444,327.1333056,10.19263392
2416,4445,329.96386128,10.19263392
2416,4446,332.79444744,10.19263392
2416,4447,335.6250336,10.19263392
2416,4448,338.4558636,10.25298432
2416,4449,341.40166416,10.83783456
2416,4450,344.40126192,11.07594432
2416,4451,347.84001552,14.10663168
2416,4452,352.11651192,15.99943968
2416,4453,356.56168464,16.00053696
2416,4454,360.9653436,15.79095648
2416,4455,365.45227392,16.44493536
2416,4456,370.0244568,16.4592
2416,4457,374.59654824,16.4592
2416,4458,379.16757288,16.5305232
2416,4459,384.02824896,18.5879232
2416,4460,389.26032384,18.82493568
2416,4461,394.42741536,18.14791392
2416,4462,399.3730392,17.74411488
2416,4463,404.30086272,17.7430176
2416,4464,409.17979632,16.72035264
2416,4465,413.46488808,14.8352256
2416,4466,417.6150144,15.35314176
2416,4467,421.8598116,14.15820384
2416,4468,425.5555116,13.16626272
2416,4469,429.35063736,14.97896928
2416,4470,433.83095352,16.4592
2416,4471,438.34348704,15.66147744
2416,4472,442.561218,15.08430816
2416,4473,446.79513384,15.4222704
2416,4474,451.12938984,16.157448
2416,4475,455.91743208,18.5824368
2416,4476,461.29721304,19.0323216
2416,4477,466.58476152,19.52719488
2416,4478,471.91601832,18.80079552
2416,4479,477.38541048,20.5959456
2416,4480,483.08888904,20.2887072
2416,4481,488.62780608,19.8662544
2416,4482,494.19360648,20.1241152
2416,4483,499.80835776,20.94926976
2416,4484,505.4294565,23.5970064
2432,4327,19.51107096,17.98661376
2432,4328,24.4801644,17.8308
2432,4329,29.4331644,17.8308
2432,4330,34.37875776,17.85164832
2432,4331,39.55660872,19.49537376
2432,4332,45.01432704,19.65886848
2432,4333,50.4728988,19.641312
2432,4334,55.92878832,19.641312
2432,4335,61.38254424,19.2737232
2432,4336,66.64323984,19.9211184
2432,4337,72.49905744,21.2762592
2432,4338,78.43330008,21.451824
2432,4339,84.36934104,21.12483456
2432,4340,89.70715104,17.10769248
2432,4341,94.32798,16.52723136
2432,4342,98.85282744,15.97859136
2432,4343,103.26480744,15.87325248
2432,4344,107.74582464,16.41421152
2432,4345,112.3175808,16.4592
2432,4346,116.91311136,16.67207232
2432,4347,121.51995,16.16622624
2432,4348,125.16249288,9.77018112
2432,4349,127.63207392,8.36346816
2432,4350,130.0266132,9.107424
2432,4351,132.6699912,9.78993216
2432,4352,135.27575688,9.10084032
2432,4353,137.777982,8.90662176
2432,4354,140.24695344,8.887968
2432,4355,142.71577248,8.887968
2432,4356,145.1783736,8.83090944
2432,4357,147.63695136,8.942832
2432,4358,150.32671992,10.50206688
2432,4359,153.28251792,10.643616
2432,4360,156.2391084,10.643616
2432,4361,159.19560744,10.643616
2432,4362,162.15091776,10.49877504
2432,4363,164.76469968,8.2789776
2432,4364,167.01366648,8.08914816
2432,4365,169.26150552,8.09244
2432,4366,171.50940552,8.0869536
2432,4367,173.7571836,8.09024544
2432,4368,176.00490072,8.0869536
2432,4369,178.2543552,8.10670464
2432,4370,180.50463264,8.09134272
2432,4371,182.75247168,8.09353728
2432,4372,185.00037168,8.09353728
2432,4373,187.2499176,8.12316384
2432,4374,189.50455368,8.12865024
2432,4375,191.8978128,9.15570432
2432,4376,194.46639288,9.2500704
2432,4377,197.03539968,9.2500704
2432,4378,199.60440648,9.2500704
2432,4379,202.16618952,9.1952064
2432,4380,204.72788112,9.2500704
2432,4381,207.29594304,9.32578272
2432,4382,210.17779656,11.53351008
2432,4383,213.43601712,11.7024912
2432,4384,216.67918056,11.70468576
2432,4385,219.93645624,11.35904256
2432,4386,222.63180264,8.8769952
2432,4387,225.35857392,10.28809728
2432,4388,228.21647016,10.28809728
2432,4389,231.07412256,10.29029184
2432,4390,233.92982424,10.23103872
2432,4391,236.74163472,10.06096032
2432,4392,239.53015848,9.96439968
2432,4393,242.28853752,9.68788512
2432,4394,244.7903664,8.5917024
2432,4395,247.17780384,8.5917024
2432,4396,249.55993776,8.43588864
2432,4397,251.81969448,7.95418272
2432,4398,254.02477008,7.81812
2432,4399,256.1062188,7.21242144
2432,4400,258.11460696,6.99625728
2432,4401,259.84315824,5.75962272
2432,4402,261.39885744,4.59431136
2432,4403,262.17582312,1.88841888
2432,4404,262.71126528,1.93011552
2432,4405,263.2464636,1.92901824
2432,4406,263.78172288,1.9312128
2432,4407,264.3169212,1.92901824
2432,4408,264.85218048,1.92792096
2432,4409,265.38734832,1.9312128
2432,4410,265.92263808,1.92901824
2432,4411,266.4578364,1.92901824
2432,4412,266.99309568,1.92682368
2432,4413,267.528294,1.9312128
2432,4414,268.06355328,1.92792096
2432,4415,268.59881256,1.93011552
2432,4416,269.13401088,1.92792096
2432,4417,269.66923968,1.93011552
2432,4418,270.19486728,1.69090848
2432,4419,270.90876984,4.29146208
2432,4420,272.31429408,5.157216
2432,4421,273.74691504,5.157216
2432,4422,275.17941408,5.157216
2432,4423,276.61182168,5.15502144
2432,4424,278.1984276,6.64183584
2432,4425,280.163016,7.13232
2432,4426,282.14394168,7.13232
2432,4427,284.1252636,7.12902816
2432,4428,286.24536096,8.46990432
2432,4429,288.70683432,8.9154
2432,4430,291.18333432,8.91649728
2432,4431,293.65983432,8.9154
2432,4432,296.14712424,9.01854432
2432,4433,298.66007832,9.05585184
2432,4434,301.21180296,9.3323664
2432,4435,303.56254248,7.03575936
2432,4436,305.22614088,5.4809136
2432,4437,306.78098664,6.2983872
2432,4438,308.57571,5.67622944
2432,4439,310.06612104,5.37338016
2432,4440,311.5470528,5.29218144
2432,4441,313.21046832,7.38579168
2432,4442,315.470286,8.22850272
2432,4443,317.79130752,8.52806016
2432,4444,320.17496544,8.58292416
2432,4445,322.55972064,8.5807296
2432,4446,324.94398816,8.47758528
2432,4447,327.51561624,10.86416928
2432,4448,330.76353456,11.79795456
2432,4449,334.0678104,12.02728608
2432,4450,337.419696,12.0810528
2432,4451,340.93446672,13.3429248
2432,4452,344.69947824,13.69844352
2432,4453,348.82573872,16.36483392
2432,4454,353.49868848,16.85641536
2432,4455,358.1762712,16.62708384
2432,4456,362.71068936,16.32862368
2432,4457,367.280952,16.4592
2432,4458,371.852952,16.4592
2432,4459,376.424952,16.4592
2432,4460,381.04200144,17.40066624
2432,4461,386.21579856,19.26384768
2432,4462,391.55805864,19.1694816
2432,4463,396.72521112,17.36006688
2432,4464,401.21329968,15.67574208
2432,4465,405.61317912,16.18817184
2432,4466,409.96593648,13.98593088
2432,4467,413.63149176,14.53457088
2432,4468,418.08038304,16.28582976
2432,4469,422.60114616,16.27595424
2432,4470,426.98871168,14.785848
2432,4471,430.91234112,13.98812544
2432,4472,434.8461204,14.5279872
2432,4473,438.9435468,14.77048608
2432,4474,442.95428808,14.30414208
2432,4475,447.04446024,14.90435424
2432,4476,450.96693144,14.12089632
2432,4477,455.57855544,18.8073792
2432,4478,461.04852672,20.11643424
2432,4479,466.52282616,19.21447008
2432,4480,472.05009984,20.628864
2432,4481,477.75751032,20.38307328
2432,4482,483.35330304,20.02974912
2432,4483,488.92306584,20.29309632
2432,4484,494.54982624,19.2792096
2432,4485,498.6582864,15.6519154285714
2463,4331,19.2903565714286,18.873216
2463,4332,23.71447632,18.67241376
2463,4333,28.89598488,18.64937088
2463,4334,34.24741944,20.58716736
2463,4335,40.21400136,21.67347456
2463,4336,46.14117264,20.61679392
2463,4337,51.7327896,20.02097088
2463,4338,57.47135064,21.98619936
2463,4339,64.01491896,25.19135424
2463,4340,71.27623032,26.32155264
2463,4341,77.81211768,19.40868864
2463,4342,82.81342848,17.940528
2463,4343,87.7974876,17.94491712
2463,4344,92.57409984,15.56711136
2463,4345,96.63184128,14.52908448
2463,4346,100.70814504,14.94275904
2463,4347,104.90039472,15.1369776
2463,4348,109.115352,15.18306336
2463,4349,112.95799608,11.08362528
2463,4350,115.53803664,8.93624832
2463,4351,118.05915936,9.04597632
2463,4352,120.5336172,8.887968
2463,4353,123.002802,8.88906528
2463,4354,125.4142272,8.24386464
2463,4355,127.56617616,7.17511392
2463,4356,129.61729728,7.89712416
2463,4357,131.8484028,8.52915744
2463,4358,134.19249768,7.93113984
2463,4359,136.6034352,10.3308912
2463,4360,139.772136,11.631168
2463,4361,143.003016,11.631168
2463,4362,146.22316704,11.576304
2463,4363,149.44950552,11.63555712
2463,4364,152.47562088,9.34443648
2463,4365,154.789632,8.119872
2463,4366,157.045152,8.119872
2463,4367,159.300672,8.119872
2463,4368,161.556192,8.119872
2463,4369,163.80177552,8.10780192
2463,4370,166.07884488,8.2296
2463,4371,168.3648144,8.2296
2463,4372,170.65072296,8.2296
2463,4373,172.93663152,8.2296
2463,4374,175.2162612,8.1582768
2463,4375,177.47367096,8.1253584
2463,4376,179.73290952,8.12755296
2463,4377,181.98855144,8.119872
2463,4378,184.24416288,8.11767744
2463,4379,186.55729008,8.77055904
2463,4380,189.0782604,9.13046688
2463,4381,191.6088624,9.107424
2463,4382,194.13882432,9.107424
2463,4383,196.6686948,9.10632672
2463,4384,199.27543584,9.96439968
2463,4385,202.14235416,10.3747824
2463,4386,205.03134,10.42306272
2463,4387,207.96967296,10.4570784
2463,4388,210.54398328,9.0361008
2463,4389,213.37130808,10.63483776
2463,4390,216.32491152,10.6326432
2463,4391,219.27720432,10.70286912
2463,4392,222.36604752,11.39964192
2463,4393,225.53953368,11.51375904
2463,4394,228.74029944,11.52144
2463,4395,231.94085184,11.52144
2463,4396,235.14137376,11.52144
2463,4397,238.34244432,11.50388352
2463,4398,241.21789704,8.55988128
2463,4399,243.38133696,7.68096
2463,4400,245.51496744,7.68096
2463,4401,247.64859792,7.68205728
2463,4402,249.7537296,7.40773728
2463,4403,251.78878776,7.31776032
2463,4404,253.82104176,7.32105216
2463,4405,255.65368224,5.34814272
2463,4406,256.9482288,4.60747872
2463,4407,258.26456856,4.7567088
2463,4408,259.21941552,1.20371616
2463,4409,259.267452,0
2463,4410,259.267452,0
2463,4411,259.267452,0
2463,4412,259.267452,0
2463,4413,259.267452,0
2463,4414,259.267452,0
2463,4415,259.267452,0
2463,4416,259.267452,0
2463,4417,259.267452,0
2463,4418,259.43978592,1.65579552
2463,4419,260.06429064,2.33062272
2463,4420,260.71192968,2.32952544
2463,4421,261.35932488,2.32842816
2463,4422,262.31624448,5.26584672
2463,4423,264.02702592,6.36312672
2463,4424,265.79684712,6.3751968
2463,4425,267.56642448,6.37190496
2463,4426,269.33655048,6.30497088
2463,4427,271.03419504,6.15354624
2463,4428,272.68450416,5.28998688
2463,4429,274.39354824,8.06939712
2463,4430,276.88781808,9.107424
2463,4431,279.41778,9.107424
2463,4432,281.94762,9.107424
2463,4433,284.478222,9.1019376
2463,4434,286.67055696,6.78228768
2463,4435,288.9180912,9.10413216
2463,4436,291.16413192,6.67585152
2463,4437,292.8698232,5.89129632
2463,4438,294.503856,6.29948448
2463,4439,296.423334,7.5273408
2463,4440,298.60673832,8.1418176
2463,4441,300.8633556,7.9991712
2463,4442,303.07202784,7.60524768
2463,4443,304.85330952,6.77131488
2463,4444,306.96136728,7.0006464
2463,4445,308.97554664,7.68315456
2463,4446,311.11280424,8.0156304
2463,4447,313.48774488,8.77824
2463,4448,315.92632776,8.77824
2463,4449,318.4692132,10.4680512
2463,4450,321.79506888,12.53752128
2463,4451,325.27743936,12.536424
2463,4452,328.76151672,12.5693424
2463,4453,332.2627848,12.61872
2463,4454,335.71440096,11.80783008
2463,4455,338.83192584,11.5543584
2463,4456,342.68822496,16.00712064
2463,4457,347.158056,15.40910304
2463,4458,351.25307448,14.5499328
2463,4459,355.28929704,14.566392
2463,4460,359.57411448,16.71267168
2463,4461,364.92810936,21.6383616
2463,4462,370.946172,20.84832
2463,4463,376.47460392,19.2901824
2463,4464,381.75444096,19.8223632
2463,4465,387.59126952,21.32892864
2463,4466,393.36905832,19.09047744
2463,4467,398.14137288,16.45810272
2463,4468,402.71346432,16.4592
2463,4469,407.28205056,16.18268544
2463,4470,411.58954512,15.21049536
2463,4471,415.86308496,15.33777984
2463,4472,419.82582024,13.09384224
2463,4473,423.40676304,13.00386528
2463,4474,427.43676768,16.16951808
2463,4475,432.00693888,16.4592
2463,4476,436.57842072,16.45590816
2463,4477,441.13975272,16.45810272
2463,4478,445.79234184,16.99028352
2463,4479,450.5093352,16.45481088
2463,4480,454.63206,15.27084576
2463,4481,460.46507856,25.39764288
2463,4482,467.44377936,22.04216064
2463,4483,471.07349016,11.54667744
2463,4484,476.5831464,23.1745536
2463,4485,483.02085768,23.1745536
2463,4486,489.45899568,23.17345632
2463,4487,495.59538168,20.18556288
2463,4488,499.1921436,16.2507168
2473,4333,20.1149712,14.6157696
2473,4334,21.86607768,14.67612
2473,4335,26.30414856,18.99830592
2473,4336,31.98882096,20.67604704
2473,4337,37.73539824,20.71116
2473,4338,43.48999176,20.7221328
2473,4339,49.52792736,23.83731072
2473,4340,56.53326768,25.5172464
2473,4341,63.06863688,19.82565504
2473,4342,68.07988416,19.29237696
2473,4343,73.93344624,20.10985056
2473,4344,78.8926032,17.05941216
2473,4345,83.63443776,17.0297856
2473,4346,88.36526904,16.98260256
2473,4347,92.89523712,15.50237184
2473,4348,97.1821272,15.5484576
2473,4349,101.49907056,15.46506432
2473,4350,105.64239984,14.35571424
2473,4351,109.59986208,13.75550208
2473,4352,112.43377056,6.52113504
2473,4353,114.01781616,5.6125872
2473,4354,115.88044896,7.81702272
2473,4355,118.11752856,8.0211168
2473,4356,120.30751656,7.93991808
2473,4357,122.63091552,8.74971072
2473,4358,125.0696508,8.77824
2473,4359,127.45632624,8.11877472
2473,4360,129.83029152,9.29505888
2473,4361,132.51320208,9.98744256
2473,4362,135.19870344,9.72299808
2473,4363,138.5113308,13.92338592
2473,4364,142.42456656,14.0781024
2473,4365,146.30119584,12.99069792
2473,4366,148.79418552,5.63233824
2473,4367,150.3299508,5.89897728
2473,4368,152.00632032,6.0295536
2473,4369,154.0981932,9.74055456
2473,4370,157.09693752,10.97389728
2473,4371,160.02073152,9.42234336
2473,4372,162.2392488,7.15097376
2473,4373,164.41579512,8.25483744
2473,4374,166.29580152,5.52590208
2473,4375,167.77661136,5.19671808
2473,4376,169.2220644,5.21208
2473,4377,170.6698644,5.21208
2473,4378,172.117512,5.20549632
2473,4379,173.92811544,9.07779744
2473,4380,176.88604704,10.98048096
2473,4381,179.93755224,10.97938368
2473,4382,182.98567416,10.9728
2473,4383,185.98700928,10.32979392
2473,4384,188.7379512,9.76688928
2473,4385,191.44469712,9.73616544
2473,4386,194.14976664,9.73945728
2473,4387,196.84727712,9.61546464
2473,4388,199.4876376,9.46404
2473,4389,202.10964912,9.41685696
2473,4390,204.73175208,9.46733184
2473,4391,207.42856152,10.56351456
2473,4392,210.63460032,11.90658528
2473,4393,213.93921144,11.84952672
2473,4394,217.23275832,11.90219616
2473,4395,220.5407832,11.905488
2473,4396,223.80668472,11.51814816
2473,4397,226.96892376,11.33709696
2473,4398,230.11878792,11.3349024
2473,4399,233.14597008,9.36638208
2473,4400,235.25994096,6.94468512
2473,4401,237.19036128,6.9457824
2473,4402,239.09536128,6.53649696
2473,4403,240.79035408,5.93738208
2473,4404,242.4589512,6.03504
2473,4405,244.15062168,6.28083072
2473,4406,245.95647024,6.58368
2473,4407,247.78508736,6.58368
2473,4408,249.56243712,5.61697632
2473,4409,250.4156028,0.6144768
2473,4410,250.432824,0
2473,4411,250.432824,0
2473,4412,250.432824,0
2473,4413,250.432824,0
2473,4414,250.432824,0
2473,4415,250.432824,0
2473,4416,250.432824,0
2473,4417,250.432824,0
2473,4418,250.432824,0
2473,4419,250.432824,0
2473,4420,250.432824,0
2473,4421,250.75094376,3.48605856
2473,4422,251.94344328,3.10969152
2473,4423,252.54597192,2.91437568
2473,4424,253.85091216,5.48859456
2473,4425,255.3763752,5.6893968
2473,4426,257.31691488,8.30531232
2473,4427,259.67823096,8.284464
2473,4428,261.84127464,7.49222784
2473,4429,263.9219004,7.48454688
2473,4430,266.0722644,7.76764512
2473,4431,268.1162532,7.19047584
2473,4432,270.08629752,6.91505856
2473,4433,272.04951432,7.30678752
2473,4434,274.08146352,7.3188576
2473,4435,276.11350416,7.31776032
2473,4436,278.14545336,7.31666304
2473,4437,280.17746352,7.3188576
2473,4438,282.20922984,7.33312224
2473,4439,284.30454696,7.77752064
2473,4440,286.47606408,7.81592544
2473,4441,288.64776408,7.81921728
2473,4442,290.8194336,7.81812
2473,4443,292.99116408,7.81702272
2473,4444,295.16286408,7.81812
2473,4445,297.3345336,7.81812
2473,4446,299.50550208,7.81592544
2473,4447,301.85828376,9.28189152
2473,4448,304.37974176,8.34371712
2473,4449,306.49109136,8.53464384
2473,4450,309.38193648,10.89928224
2473,4451,312.39122688,10.89928224
2473,4452,315.4376724,10.97170272
2473,4453,318.90678408,14.98774752
2473,4454,323.09674776,10.75444128
2473,4455,325.6068672,12.90730464
2473,4456,329.9431044,16.020288
2473,4457,334.39330632,16.020288
2473,4458,338.84344728,16.020288
2473,4459,343.29194232,16.16622624
2473,4460,347.82639096,16.27924608
2473,4461,352.33423056,16.2177984
2473,4462,356.89629408,17.26789536
2473,4463,361.90171968,17.89334496
2473,4464,366.67903296,16.58867904
2473,4465,371.37566568,17.79568704
2473,4466,376.2766668,16.77521664
2473,4467,380.90240304,17.50381056
2473,4468,386.13798312,19.53816768
2473,4469,391.55717472,19.4547744
2473,4470,396.83551824,17.803368
2473,4471,401.49057624,16.46578368
2473,4472,405.94257648,15.39922752
2473,4473,410.21632968,15.3948384
2473,4474,414.23883624,14.78694528
2473,4475,418.72579704,16.46139456
2473,4476,423.2977056,16.4592
2473,4477,427.8697056,16.4592
2473,4478,432.44167512,16.46688096
2473,4479,436.8474372,15.30925056
2473,4480,441.15270672,16.18707456
2473,4481,445.90874496,17.5345344
2473,4482,451.43860944,22.53045024
2473,4483,457.58615112,20.73530016
2473,4484,463.15503,20.31833376
2473,4485,468.72214104,16.59855456
2473,4486,471.56744904,12.36195648
2473,4487,477.49239528,24.6119904
2473,4488,484.3288764,24.52859712
2473,4489,490.7398872,20.85161184
2473,4490,495.47766792,13.66881696
2473,4491,498.809815542857,14.9214404571429
2479,4339,14.7922488,20.29968
2479,4340,18.461736,20.37429504
2479,4341,24.09895104,19.73128896
2479,4342,29.27716776,17.99210016
2479,4343,34.26936504,17.9624736
2479,4344,39.26537232,17.995392
2479,4345,44.26604304,18.01294848
2479,4346,49.23934272,17.15816736
2479,4347,53.56567392,14.62345056
2479,4348,57.62935896,14.62783968
2479,4349,61.67588376,14.10882624
2479,4350,65.31967632,12.51667296
2479,4351,68.7976272,12.5199648
2479,4352,72.27573048,12.5199648
2479,4353,75.75368136,12.52874304
2479,4354,79.24400712,11.9493792
2479,4355,82.14741,9.59681088
2479,4356,84.81413568,9.6012
2479,4357,87.4811052,9.6012
2479,4358,90.1481052,9.6012
2479,4359,92.8061136,9.44319168
2479,4360,95.4193164,9.11510496
2479,4361,97.702878,7.67766816
2479,4362,99.8363256,7.68096
2479,4363,101.97001704,7.66779264
2479,4364,104.09008392,7.63926336
2479,4365,106.22548224,7.77203424
2479,4366,108.4319904,8.04415968
2479,4367,110.66718024,8.0430624
2479,4368,112.931448,8.90881632
2479,4369,115.8663672,11.686032
2479,4370,119.060214,10.51084512
2479,4371,121.781316,8.833104
2479,4372,124.0824036,9.14253696
2479,4373,126.76674672,9.37735488
2479,4374,129.28021896,9.37186848
2479,4375,132.03612912,10.39233888
2479,4376,134.70501888,8.3503008
2479,4377,136.9579176,8.09134272
2479,4378,139.20569568,8.09024544
2479,4379,141.45368712,8.0869536
2479,4380,143.64169392,7.59098304
2479,4381,145.71729048,7.44394752
2479,4382,147.7934052,7.50868704
2479,4383,150.04188432,8.88577344
2479,4384,152.576784,9.1403424
2479,4385,155.11662144,9.14253696
2479,4386,157.67514312,9.299448
2479,4387,160.265364,9.32688
2479,4388,162.8491536,9.24348672
2479,4389,165.42358584,9.32688
2479,4390,168.01441632,9.32688
2479,4391,170.60542968,9.32358816
2479,4392,173.14093896,8.86382784
2479,4393,175.58107632,8.77824
2479,4394,178.020726,8.7892128
2479,4395,180.406548,8.31518784
2479,4396,182.69416344,8.2296
2479,4397,184.980072,8.2296
2479,4398,187.26716928,8.26581024
2479,4399,189.70727616,9.46513728
2479,4400,192.39506352,9.6889824
2479,4401,195.08653896,9.70653888
2479,4402,198.07339608,12.1633488
2479,4403,201.5639352,12.57043968
2479,4404,205.06163712,12.60335808
2479,4405,208.30787904,10.4461056
2479,4406,211.10609544,10.0455984
2479,4407,213.89653944,10.04230656
2479,4408,216.6713472,9.985248
2479,4409,219.45977952,9.99183168
2479,4410,221.6656476,5.19891264
2479,4411,222.86902848,4.1477184
2479,4412,224.02656744,4.27171104
2479,4413,225.2155008,4.279392
2479,4414,226.4055924,4.24866816
2479,4415,227.169726,0.69018912
2479,4416,227.1884712,0
2479,4417,227.1884712,0
2479,4418,227.1884712,0
2479,4419,227.1884712,0
2479,4420,227.1884712,0
2479,4421,227.1884712,0
2479,4422,227.1884712,0
2479,4423,227.1884712,0
2479,4424,227.1884712,0
2479,4425,227.1884712,0
2479,4426,227.1884712,0
2479,4427,227.8462296,5.49408096
2479,4428,229.6457688,6.58368
2479,4429,231.47462976,6.58368
2479,4430,233.3036736,6.58368
2479,4431,235.1324736,6.58368
2479,4432,236.9612736,6.58368
2479,4433,238.78928112,6.6001392
2479,4434,241.0036836,10.03682016
2479,4435,243.84917448,9.51780672
2479,4436,246.3878232,8.7892128
2479,4437,248.76383064,8.50501728
2479,4438,251.07814656,7.96844736
2479,4439,253.2254016,7.68096
2479,4440,255.35781288,7.58988576
2479,4441,257.44316304,7.5822048
2479,4442,260.07114864,13.0137408
2479,4443,264.00047784,12.06898272
2479,4444,266.78958072,9.30822624
2479,4445,268.8779484,5.68281312
2479,4446,270.39207288,5.72121792
2479,4447,272.00297136,5.52699936
2479,4448,273.55412904,6.26217696
2479,4449,275.47711224,6.32911104
2479,4450,276.99876528,5.38435296
2479,4451,278.51852856,5.61587904
2479,4452,280.60829832,10.02255552
2479,4453,283.62487344,10.9728
2479,4454,286.6729344,10.9728
2479,4455,289.67131296,9.60339456
2479,4456,291.62651352,5.48420544
2479,4457,293.148258,5.5357776
2479,4458,295.22766456,10.09936512
2479,4459,298.2553344,10.9728
2479,4460,301.30339536,10.9728
2479,4461,304.3514868,10.9728
2479,4462,307.55517864,13.44168
2479,4463,311.86666608,16.31326176
2479,4464,316.42696176,16.41750336
2479,4465,320.99137224,16.96175424
2479,4466,326.10573336,19.41417504
2479,4467,331.50429,19.19362176
2479,4468,336.45204744,16.51735584
2479,4469,340.57876512,12.34659456
2479,4470,343.65404472,10.86526656
2479,4471,346.77406896,12.54081312
2479,4472,350.80663392,15.46725888
2479,4473,355.10163168,15.4606752
2479,4474,359.37788424,15.3125424
2479,4475,363.77962296,16.42847616
2479,4476,368.3520192,16.4592
2479,4477,372.92414112,16.4592
2479,4478,377.49623256,16.45810272
2479,4479,382.19722392,18.16437312
2479,4480,387.55646136,19.64789568
2479,4481,393.003024,19.53487584
2479,4482,398.40017856,19.970496
2479,4483,404.30580048,21.9456
2479,4484,410.4022272,21.9456
2479,4485,416.50822464,21.99607488
2479,4486,422.608248,21.9456
2479,4487,428.7047052,21.81173184
2479,4488,434.66275272,21.53302272
2479,4489,440.7356184,21.9017088
2479,4490,446.81357424,21.39915456
2479,4491,452.4233268,19.25287488
2479,4492,457.90055232,19.92441024
2479,4493,463.03100688,17.062704
2479,4494,467.70298128,17.6332896
2479,4495,472.87156632,18.91052352
2479,4496,478.12357512,18.89077248
2479,4497,483.06782736,16.28582976
2479,4498,487.55530632,16.46688096
2479,4499,492.17022216,16.18597728
2479,4500,496.55147832,16.18597728
2479,4501,499.5198544,16.4701728
2480,4335,21.5160061714286,17.2414038857143
2480,4336,25.72798512,17.97454368
2480,4337,30.40139208,15.77230272
2480,4338,34.64015424,15.10076736
2480,4339,38.66909208,13.1563872
2480,4340,42.74442048,17.86591296
2480,4341,48.04077768,19.20678912
2480,4342,53.37450336,19.20020544
2480,4343,58.83816528,20.58168096
2480,4344,64.71001536,21.23346528
2480,4345,70.2105276,17.90870688
2480,4346,75.03420096,17.254728
2480,4347,79.74244656,16.61611104
2480,4348,84.3279492,16.4811456
2480,4349,88.89952248,16.1903664
2480,4350,93.13234104,14.48629056
2480,4351,97.169478,14.6267424
2480,4352,101.17570824,12.99947616
2480,4353,103.96569504,8.45783424
2480,4354,106.3617888,8.64327456
2480,4355,108.76205832,8.64108
2480,4356,111.16159632,8.50721184
2480,4357,113.31189936,7.04782944
2480,4358,115.25438976,6.99516
2480,4359,117.22498272,7.19486496
2480,4360,119.1978312,7.35616512
2480,4361,121.80749832,11.24382816
2480,4362,124.97132232,11.38208544
2480,4363,128.03806752,10.69738272
2480,4364,131.1216072,11.99765952
2480,4365,134.68721856,13.0795776
2480,4366,138.29364264,12.9808224
2480,4367,141.88049856,12.06020448
2480,4368,144.23663304,5.6071008
2480,4369,146.08390392,8.45563968
2480,4370,148.76004792,9.83382336
2480,4371,151.57862496,10.02145824
2480,4372,153.80607288,6.72084
2480,4373,155.49573168,5.61587904
2480,4374,157.3266348,7.00284096
2480,4375,159.18765216,7.90480512
2480,4376,161.71115232,9.1019376
2480,4377,163.75215408,4.17844224
2480,4378,164.64802224,5.23292832
2480,4379,166.76150544,8.50721184
2480,4380,169.12340064,8.50392
2480,4381,171.4855092,8.50392
2480,4382,173.86499136,9.14912064
2480,4383,176.6754912,10.15093728
2480,4384,179.32551384,9.33895008
2480,4385,181.91701488,9.32688
2480,4386,184.52305488,9.57486528
2480,4387,187.24507128,9.90404928
2480,4388,189.99500736,9.87661728
2480,4389,192.7381464,9.87552
2480,4390,195.4813464,9.87552
2480,4391,198.2245464,9.87552
2480,4392,200.92672032,9.19301184
2480,4393,203.31141456,8.38980288
2480,4394,205.64785896,8.41504032
2480,4395,208.12295688,10.6271568
2480,4396,211.62078072,13.33524384
2480,4397,215.31523104,13.277088
2480,4398,219.01309512,13.331952
2480,4399,222.70254672,13.194792
2480,4400,226.2557832,11.2855248
2480,4401,228.88495752,8.77714272
2480,4402,231.32357088,8.77824
2480,4403,233.70847848,7.9168752
2480,4404,235.6936104,6.85690272
2480,4405,237.57602472,6.48711936
2480,4406,239.2867452,6.0295536
2480,4407,240.9408948,5.9417712
2480,4408,242.73305784,8.1034128
2480,4409,245.17383528,6.05040192
2480,4410,245.7136056,0
2480,4411,245.7136056,0
2480,4412,245.7136056,0
2480,4413,245.7136056,0
2480,4414,245.7136056,0
2480,4415,245.7136056,0
2480,4416,245.7136056,0
2480,4417,245.7136056,0
2480,4418,245.7136056,0
2480,4419,245.71394088,0.02962656
2480,4420,245.74463424,0.08010144
2480,4421,245.7471336,0
2480,4422,245.7471336,0
2480,4423,246.04190568,3.27757536
2480,4424,247.4527944,5.4864
2480,4425,248.97630672,5.4973728
2480,4426,250.63569888,6.5946528
2480,4427,252.51302304,6.76912032
2480,4428,254.39281608,6.7702176
2480,4429,256.16958672,5.76291456
2480,4430,257.72129304,5.6729376
2480,4431,259.29592032,5.66964576
2480,4432,260.9740272,6.6220848
2480,4433,262.88091696,6.95456064
2480,4434,264.82642488,7.00942464
2480,4435,266.77287768,7.00942464
2480,4436,268.71926952,7.01052192
2480,4437,270.62042904,6.73400736
2480,4438,272.56986888,8.45344512
2480,4439,275.43483648,10.9728
2480,4440,278.4829584,10.9728
2480,4441,281.51065872,10.1004624
2480,4442,283.54556448,4.6140624
2480,4443,284.91829224,6.73620192
2480,4444,287.22581112,8.3009232
2480,4445,289.26303336,7.13232
2480,4446,291.24426384,7.13122272
2480,4447,293.37841248,9.06243552
2480,4448,296.11204176,9.69117696
2480,4449,298.74106368,9.64399392
2480,4450,301.61858904,10.84990464
2480,4451,304.54750368,8.64876096
2480,4452,306.75373752,9.7054416
2480,4453,309.82673112,11.38098816
2480,4454,313.08799968,13.05434016
2480,4455,317.09965536,14.95921824
2480,4456,321.16660176,14.21197056
2480,4457,325.14613152,14.54115456
2480,4458,329.1538248,14.04298944
2480,4459,332.9331924,13.44168
2480,4460,336.75069048,14.79791808
2480,4461,341.18931,16.3275264
2480,4462,345.69407112,15.87434976
2480,4463,349.96410576,15.17867424
2480,4464,354.18058704,15.17867424
2480,4465,358.3803348,14.81547456
2480,4466,362.4039996,14.50713888
2480,4467,366.46619112,14.6267424
2480,4468,370.51341696,14.840712
2480,4469,374.90936448,16.43286528
2480,4470,379.257306,16.33191552
2480,4471,384.7331904,21.73931136
2480,4472,390.65487528,19.7565264
2480,4473,395.65993512,17.3699424
2480,4474,400.4860164,17.37213696
2480,4475,405.24854688,16.34508288
2480,4476,409.53458352,15.08650272
2480,4477,413.78767128,16.11575136
2480,4478,418.51045584,17.29642464
2480,4479,423.34882056,17.89883136
2480,4480,428.47327056,18.65485728
2480,4481,433.65505344,18.65376
2480,4482,438.90876912,19.85637888
2480,4483,444.73986744,21.44194848
2480,4484,450.69501936,21.4408512
2480,4485,456.65001888,21.44414304
2480,4486,462.4411884,20.1515472
2480,4487,468.15530448,21.12154272
2480,4488,474.01481016,21.0348576
2480,4489,479.70847416,18.66583008
2480,4490,484.3116552,15.77230272
2480,4491,488.69336856,15.77669184
2480,4492,493.07499048,15.7734
2480,4493,497.46045288,15.83155584
2480,4494,500.98325,15.8172912
2497,4342,51.6946896,13.6172448
2497,4343,53.77562016,13.6172448
2497,4344,57.55928544,13.6172448
2497,4345,61.34310312,13.62382848
2497,4346,65.12807904,13.6227312
2497,4347,68.95911024,14.017752
2497,4348,72.8720412,14.0890752
2497,4349,76.79551824,14.2481808
2497,4350,80.74737216,14.09785344
2497,4351,84.66173568,14.0890752
2497,4352,88.57719648,14.07151872
2497,4353,92.19511152,11.53021824
2497,4354,95.25771144,11.07265248
2497,4355,98.35725312,11.0386368
2497,4356,100.77471336,6.1941456
2497,4357,102.59281488,7.20144864
2497,4358,104.60086776,7.26728544
2497,4359,106.62038112,7.27057728
2497,4360,108.64425312,7.488936
2497,4361,110.91135552,8.65863648
2497,4362,113.31964128,8.668512
2497,4363,115.72728696,8.71569504
2497,4364,118.18641336,8.82322848
2497,4365,120.61097544,9.24238944
2497,4366,123.6704664,12.3224544
2497,4367,127.01314704,10.21348224
2497,4368,128.96264784,5.53248576
2497,4369,130.77562872,7.14219552
2497,4370,132.8114184,7.79178528
2497,4371,134.98025328,8.36895456
2497,4372,137.61610272,9.04926816
2497,4373,140.07553392,10.16300736
2497,4374,142.95507096,9.87113088
2497,4375,145.7815728,10.32430752
2497,4376,148.36374696,8.3228688
2497,4377,150.5410248,6.81081696
2497,4378,152.14250496,5.67952128
2497,4379,154.35413376,10.23542784
2497,4380,157.16237808,10.14545088
2497,4381,160.07983224,10.0071936
2497,4382,162.69885672,9.02841984
2497,4383,165.3076704,10.50206688
2497,4384,168.3507936,10.9728
2497,4385,171.3987936,10.9728
2497,4386,174.4467936,10.9728
2497,4387,177.49714056,10.93658976
2497,4388,179.99738448,6.63634944
2497,4389,181.77918432,7.09610976
2497,4390,183.81860112,6.93042048
2497,4391,185.719212,6.82178976
2497,4392,187.47793848,5.78924928
2497,4393,189.16899936,7.95637728
2497,4394,191.8324332,9.45526176
2497,4395,194.48065752,8.9318592
2497,4396,196.464936,8.15169312
2497,4397,199.69353,13.3813296
2497,4398,203.39977608,13.3484112
2497,4399,207.11729976,13.386816
2497,4400,210.8361036,13.386816
2497,4401,214.4921796,12.35976192
2497,4402,217.69965096,11.21639616
2497,4403,220.767402,10.97060544
2497,4404,223.6616304,9.45087264
2497,4405,226.10944872,8.10012096
2497,4406,227.9661684,5.61587904
2497,4407,229.4897112,5.4864
2497,4408,231.0137112,5.4864
2497,4409,232.53752832,5.4864
2497,4410,234.0956964,5.6619648
2497,4411,235.63414392,5.49408096
2497,4412,236.83987176,1.92901824
2497,4413,236.9429856,0
2497,4414,236.9429856,0
2497,4415,236.9429856,0
2497,4416,236.9429856,0
2497,4417,236.9429856,0
2497,4418,236.9429856,0
2497,4419,236.9429856,0
2497,4420,236.9429856,0
2497,4421,236.9429856,0
2497,4422,236.9429856,0
2497,4423,236.9429856,0
2497,4424,236.9429856,0
2497,4425,236.9429856,0
2497,4426,237.23653848,3.12834528
2497,4427,238.56500928,5.12100576
2497,4428,239.98181112,5.02225056
2497,4429,241.54686768,6.96333888
2497,4430,243.709698,7.95308544
2497,4431,246.018558,8.3777328
2497,4432,248.22796176,9.06024096
2497,4433,251.1042984,10.41977088
2497,4434,254.07615936,10.97609184
2497,4435,257.01046896,9.8919792
2497,4436,259.58304192,8.81883936
2497,4437,261.9920592,8.59389696
2497,4438,264.40080216,8.74641888
2497,4439,266.8306068,8.7453216
2497,4440,269.25949704,8.52476832
2497,4441,271.29879192,6.31155456
2497,4442,273.0351156,6.254496
2497,4443,274.77253656,6.254496
2497,4444,276.50992704,6.254496
2497,4445,278.24637264,6.31813824
2497,4446,280.246074,8.17144416
2497,4447,282.56167008,8.339328
2497,4448,284.87815008,8.339328
2497,4449,287.19472152,8.339328
2497,4450,289.51101864,8.34700896
2497,4451,291.85511352,8.54013024
2497,4452,294.23246208,8.558784
2497,4453,296.60993256,8.558784
2497,4454,298.98734208,8.558784
2497,4455,301.364142,8.52696288
2497,4456,303.9261384,10.32430752
2497,4457,306.936648,10.97609184
2497,4458,309.97605264,11.02327488
2497,4459,313.68147576,15.9818832
2497,4460,318.24847704,16.45810272
2497,4461,322.9113684,17.66401344
2497,4462,328.0312464,18.65376
2497,4463,333.11662104,16.86299904
2497,4464,337.28140824,14.24927808
2497,4465,341.2379256,14.13186912
2497,4466,345.16804728,14.25695904
2497,4467,349.13672616,14.56200288
2497,4468,353.4393744,16.1739072
2497,4469,357.93109008,15.8721552
2497,4470,362.07228576,14.3579088
2497,4471,366.105186,14.62454784
2497,4472,370.24089528,15.08321088
2497,4473,374.42726232,15.28072128
2497,4474,379.36157808,20.33698752
2497,4475,385.10035248,20.3874624
2497,4476,390.22440624,16.61501376
2497,4477,394.79393736,16.41311424
2497,4478,399.28169064,15.92482464
2497,4479,403.69964472,15.91824096
2497,4480,408.23549544,17.59598208
2497,4481,413.64167208,21.2104224
2497,4482,419.70597288,20.7440784
2497,4483,425.36540784,21.0458304
2497,4484,431.22826632,20.65519872
2497,4485,436.8273204,20.84722272
2497,4486,442.7087412,20.5410816
2497,4487,448.43529312,20.99425824
2497,4488,454.29839544,21.1665312
2497,4489,460.6817304,25.3800864
2497,4490,467.32554744,20.83076352
2497,4491,472.79460432,19.50634656
2497,4492,478.10921904,17.28435456
2497,4493,482.20204296,14.1933168
2497,4494,486.30315744,14.81108544
2497,4495,490.39061688,14.5828512
2497,4496,494.4288816,14.55761376
2497,4497,498.77005656,17.02649376
2497,4498,503.27058096,14.55212736
2497,4499,507.1698264,13.99690368
2497,4500,511.0563312,13.98263904
2497,4501,514.94012328,13.99361184
2497,4502,518.96427576,15.14904768
2497,4503,523.22772672,15.36192
2497,4504,525.7882296,15.36192
2513,4352,20.7568419,11.226546
2513,4353,23.65022448,12.19846176
2513,4354,27.3599148,14.08029696
2513,4355,31.24620624,13.908024
2513,4356,34.99920864,13.1783328
2513,4357,38.65650384,13.16736
2513,4358,42.31428672,13.16845728
2513,4359,45.96591264,12.53971584
2513,4360,47.991522,1.43524224
2513,4361,48.3731316,4.22343072
2513,4362,50.68906296,8.97136128
2513,4363,52.4341344,6.79435776
2513,4364,55.30400928,12.00534048
2513,4365,58.59895824,11.56862304
2513,4366,61.75945992,11.34258336
2513,4367,64.91032992,11.3458752
2513,4368,68.09000352,12.9094992
2513,4369,72.33626376,16.294608
2513,4370,76.87241928,16.4646864
2513,4371,81.04470456,12.00534048
2513,4372,83.8552044,9.6889824
2513,4373,86.54783808,9.69337152
2513,4374,89.15503632,8.7398352
2513,4375,91.4654508,8.2296
2513,4376,93.72682296,8.0595216
2513,4377,95.65227504,5.45457888
2513,4378,97.36878672,7.46040672
2513,4379,99.5007408,7.68096
2513,4380,101.63431032,7.68754368
2513,4381,103.78985592,7.87956768
2513,4382,105.996486,7.95528
2513,4383,108.206286,7.95528
2513,4384,110.41468392,8.06061888
2513,4385,113.05032,11.06387424
2513,4386,116.21015112,11.53460736
2513,4387,119.40610104,11.2635792
2513,4388,122.5046064,11.0112048
2513,4389,125.51487216,10.78845696
2513,4390,128.384046,10.06315488
2513,4391,131.3052492,10.88392032
2513,4392,134.21020656,9.75372192
2513,4393,136.84870776,9.02732256
2513,4394,139.1546112,7.95308544
2513,4395,141.2987268,6.91505856
2513,4396,143.05571592,6.30716544
2513,4397,144.80731008,6.2654688
2513,4398,146.54564544,6.29619264
2513,4399,148.39730544,7.91248608
2513,4400,150.99194592,9.87661728
2513,4401,153.735024,9.87552
2513,4402,156.3002208,7.43626656
2513,4403,157.84104576,3.59249472
2513,4404,158.55824016,3.06909216
2513,4405,159.57770472,3.70441728
2513,4406,160.60640472,3.70332
2513,4407,161.6351352,3.70441728
2513,4408,162.67462512,3.80097792
2513,4409,163.72100352,3.75928128
2513,4410,164.78320104,3.84048
2513,4411,165.84972672,3.83718816
2513,4412,167.10900792,5.69707776
2513,4413,168.84082056,6.30936
2513,4414,170.5933596,6.30936
2513,4415,172.34647776,6.3038736
2513,4416,174.12815568,7.6974192
2513,4417,176.88391344,11.03205312
2513,4418,180.18227616,12.44096064
2513,4419,183.67071216,13.85974368
2513,4420,187.82275872,14.75073504
2513,4421,191.499744,11.6092224
2513,4422,194.57599896,10.9728
2513,4423,197.6240904,10.9728
2513,4424,200.65861824,10.36600416
2513,4425,202.97281224,6.31813824
2513,4426,204.3162792,2.4853392
2513,4427,204.56786112,0.50255424
2513,4428,204.75022296,0.50255424
2513,4429,204.784452,0
2513,4430,204.784452,0
2513,4431,204.83300664,1.28272032
2513,4432,205.93562064,6.36093216
2513,4433,208.40142216,10.3473504
2513,4434,211.07183592,8.94722112
2513,4435,213.42550152,8.24496192
2513,4436,215.71622592,8.24935104
2513,4437,218.04148416,8.72995968
2513,4438,220.3801536,7.27167456
2513,4439,222.06734352,5.4864
2513,4440,223.769682,7.14439008
2513,4441,225.88334808,7.68096
2513,4442,228.01774056,7.6864464
2513,4443,229.7647932,3.97325088
2513,4444,230.5702272,2.7432
2513,4445,231.33213576,2.74100544
2513,4446,232.27540032,4.63710528
2513,4447,233.79382248,6.43774176
2513,4448,236.27605272,10.84441824
2513,4449,239.3224068,10.6875072
2513,4450,242.08599792,9.49366656
2513,4451,244.7274252,9.51122304
2513,4452,247.35458784,9.08328384
2513,4453,249.65256648,7.78739616
2513,4454,251.81637216,7.790688
2513,4455,253.9803912,7.790688
2513,4456,256.12225128,7.58878848
2513,4457,258.2887392,8.9263728
2513,4458,261.47959896,13.19259744
2513,4459,265.07377008,12.09641472
2513,4460,268.200378,10.95743808
2513,4461,271.1801028,10.60740576
2513,4462,273.99709488,9.32249088
2513,4463,276.76888512,10.93658976
2513,4464,279.81895776,10.93220064
2513,4465,282.84934032,11.1483648
2513,4466,286.38776352,14.95263456
2513,4467,290.8672872,16.4592
2513,4468,295.4392872,16.4592
2513,4469,299.994828,16.4921184
2513,4470,305.02518624,19.66984128
2513,4471,310.4797956,18.8402976
2513,4472,315.09236448,14.99652576
2513,4473,319.21737528,14.42813472
2513,4474,323.13993792,12.29611968
2513,4475,325.341234,9.06682464
2513,4476,329.44478688,16.623792
2513,4477,334.06153152,16.623792
2513,4478,338.67833712,16.623792
2513,4479,343.26204144,15.98627232
2513,4480,347.2618404,13.8312144
2513,4481,351.32336136,14.7913344
2513,4482,355.44578136,15.20610624
2513,4483,359.86129704,16.2232848
2513,4484,364.3938864,16.4592
2513,4485,369.02370696,17.5893984
2513,4486,374.5318392,21.6383616
2513,4487,380.6912376,23.33695104
2513,4488,387.67795464,26.03406528
2513,4489,394.8587988,25.08052896
2513,4490,401.40312912,22.39329024
2513,4491,407.72727192,23.58713088
2513,4492,414.5939892,26.07356736
2513,4493,421.99246056,25.72682688
2513,4494,429.0444048,26.89762464
2513,4495,436.34341992,24.25976352
2513,4496,442.89994224,23.5531152
2513,4497,449.17678008,21.2762592
2513,4498,454.97901384,20.87355744
2513,4499,460.77798624,20.8812384
2513,4500,466.27874232,17.5455072
2513,4501,470.78088216,15.99505056
2513,4502,475.25141424,16.65012672
2513,4503,480.05914656,17.55648
2513,4504,484.84456752,16.07954112
2513,4505,488.9688468,14.24488896
2513,4506,492.79673856,13.08286944
2513,4507,496.31763576,12.67248672
2513,4508,498.95229648,12.18419712
2514,4342,14.7703032,20.29968
2514,4343,18.7214256,20.37319776
2514,4344,24.37741632,20.30406912
2514,4345,29.97671424,19.46464992
2514,4346,35.08555848,17.89224768
2514,4347,40.06303392,17.9185824
2514,4348,44.94882552,16.02467712
2514,4349,48.72919896,12.426696
2514,4350,52.18361928,12.4321824
2514,4351,55.63800912,12.4321824
2514,4352,59.09239896,12.4321824
2514,4353,62.54736792,12.44096064
2514,4354,65.83454448,10.28041632
2514,4355,68.63007864,10.83673728
2514,4356,71.65241448,10.8740448
2514,4357,74.67350064,10.8740448
2514,4358,77.71220424,11.03424768
2514,4359,80.7261276,10.16739648
2514,4360,83.30196192,8.84188224
2514,4361,85.75947288,8.8440768
2514,4362,88.21695336,8.8440768
2514,4363,90.6744948,8.8440768
2514,4364,93.1182288,8.6794848
2514,4365,95.54343096,8.8440768
2514,4366,98.00088096,8.8440768
2514,4367,100.47695424,9.23690304
2514,4368,103.17291024,9.91611936
2514,4369,105.93418488,9.96549696
2514,4370,108.70274424,9.9633024
2514,4371,111.47142552,9.9633024
2514,4372,114.24013728,9.9633024
2514,4373,117.01214088,9.65716128
2514,4374,119.4875436,8.50282272
2514,4375,121.8497436,8.50392
2514,4376,124.2119436,8.50392
2514,4377,126.57530184,8.3887056
2514,4378,128.76751488,7.91797248
2514,4379,131.08890216,8.36566272
2514,4380,133.43348472,8.174736
2514,4381,135.5838792,7.68096
2514,4382,137.7171744,7.68096
2514,4383,139.8507744,7.68096
2514,4384,141.9843744,7.68096
2514,4385,144.14793624,8.29104768
2514,4386,146.66890656,9.48927744
2514,4387,149.31015096,9.51122304
2514,4388,151.94557368,9.381744
2514,4389,154.50689952,9.14363424
2514,4390,157.04710272,9.1403424
2514,4391,159.5656956,8.69704128
2514,4392,161.8248732,7.86091392
2514,4393,163.99099536,7.78849344
2514,4394,166.18927392,8.24825376
2514,4395,168.61453704,8.9647776
2514,4396,171.10365576,8.9647776
2514,4397,173.60505792,9.217152
2514,4398,176.25483672,9.69117696
2514,4399,178.94969544,9.7054416
2514,4400,181.64168904,9.65825856
2514,4401,184.3137792,9.6012
2514,4402,187.03232088,10.68092352
2514,4403,190.36841784,12.6242064
2514,4404,193.8552384,12.23576928
2514,4405,197.1196464,11.52034272
2514,4406,200.31565728,11.41061472
2514,4407,203.44336248,11.21200704
2514,4408,206.45722488,9.34663104
2514,4409,208.4958492,6.42128256
2514,4410,210.27371712,6.39823968
2514,4411,212.03555256,5.6455056
2514,4412,212.96470488,1.63714176
2514,4413,213.40773168,1.6020288
2514,4414,213.85237392,1.6020288
2514,4415,214.29698568,1.6020288
2514,4416,214.74159744,1.5965424
2514,4417,215.17307232,1.5471648
2514,4418,215.61442272,1.6020288
2514,4419,216.059004,1.6020288
2514,4420,216.50361576,1.6020288
2514,4421,216.948258,1.6020288
2514,4422,217.39277832,1.6020288
2514,4423,217.8373596,1.6020288
2514,4424,218.28197136,1.6020288
2514,4425,218.72658312,1.6020288
2514,4426,219.17119488,1.6020288
2514,4427,219.61574568,1.6020288
2514,4428,220.06029648,1.6020288
2514,4429,220.51353408,2.03655168
2514,4430,221.4664608,5.06284992
2514,4431,223.44336312,8.70252768
2514,4432,225.965766,9.32358816
2514,4433,228.5487936,8.9263728
2514,4434,230.68614264,6.78448224
2514,4435,232.56486888,6.7702176
2514,4436,234.4456068,6.82398432
2514,4437,236.389926,7.13012544
2514,4438,238.37115648,7.13232
2514,4439,240.33492192,6.81301152
2514,4440,242.04417936,5.68061856
2514,4441,243.61850184,5.6729376
2514,4442,245.20452864,6.24023136
2514,4443,247.42722168,9.3049344
2514,4444,250.0192104,9.32688
2514,4445,252.60824256,9.24129216
2514,4446,255.10101888,8.7069168
2514,4447,257.492754,8.67619296
2514,4448,259.93020912,8.85395232
2514,4449,262.43560416,9.16557984
2514,4450,265.0039404,9.27530784
2514,4451,267.58108536,9.2775024
2514,4452,270.12083136,8.93844288
2514,4453,272.84300016,10.85319648
2514,4454,275.8918536,10.9728
2514,4455,278.9398536,10.9728
2514,4456,281.98931664,10.77967872
2514,4457,284.3453292,5.95384128
2514,4458,285.872682,5.67952128
2514,4459,288.08869992,10.50535872
2514,4460,291.13206696,10.97389728
2514,4461,294.17930496,10.91135232
2514,4462,297.22562856,11.72114496
2514,4463,300.98530608,15.36960096
2514,4464,305.4990588,16.41860064
2514,4465,310.04216376,16.35276384
2514,4466,314.60139264,16.4592
2514,4467,319.1733012,16.4592
2514,4468,323.75282976,16.53491232
2514,4469,328.35268848,16.57112256
2514,4470,332.623668,12.92376384
2514,4471,335.7687468,10.9728
2514,4472,338.81632008,10.97060544
2514,4473,342.28046352,14.95263456
2514,4474,346.7804088,16.4592
2514,4475,351.35262216,16.4592
2514,4476,355.9247136,16.4592
2514,4477,360.46553256,16.23316032
2514,4478,365.0062296,16.4592
2514,4479,369.5782296,16.4592
2514,4480,374.1502296,16.4592
2514,4481,378.72058368,16.50199392
2514,4482,383.83186632,20.9690208
2514,4483,389.88836424,21.8578176
2514,4484,395.94544128,21.81721824
2514,4485,402.0115404,21.53302272
2514,4486,407.96821632,21.85013664
2514,4487,414.23551392,23.73855552
2514,4488,421.12984608,24.55164
2514,4489,427.3318352,23.2403904
2518,4496,409.74486504,25.6818384
2518,4497,416.90272728,25.07065344
2518,4498,423.19486608,20.79674784
2518,4499,428.88298272,20.2064112
2518,4500,434.41251192,19.15960608
2518,4501,439.21363008,15.88641984
2518,4502,443.62716456,16.08173568
2518,4503,448.19965224,15.73389792
2518,4504,451.93384848,12.22479648
2518,4505,455.39872344,13.661136
2518,4506,460.4645604,22.03557696
2518,4507,466.62572664,21.2378544
2518,4508,472.06256616,18.83151936
2518,4509,477.3225912,18.84688128
2518,4510,482.41400088,17.8637184
2518,4511,487.3634652,17.46760032
2518,4512,491.65002,13.58652096
2518,4513,495.37138416,12.7503936
2518,4514,497.94304272,6.06905568
2518,4515,499.54333416,5.76072
2519,4407,192.4775424,11.5433856
2519,4408,194.23825008,11.52253728
2519,4409,197.39314344,10.78187328
2519,4410,200.20519776,9.87332544
2519,4411,202.89140016,9.08438112
2519,4412,205.24314552,8.2296
2519,4413,207.3369996,5.56540416
2519,4414,208.39020552,3.29513184
2519,4415,209.3047884,3.29184
2519,4416,210.21924936,3.29622912
2519,4417,210.95232384,1.26845568
2519,4418,211.05504144,0.1865376
2519,4419,211.10579064,0.18544032
2519,4420,211.15657032,0.1865376
2519,4421,211.20738048,0.1865376
2519,4422,211.25822112,0.18544032
2519,4423,211.29857664,0.06254496
2519,4424,211.3019904,0
2519,4425,211.3019904,0
2519,4426,211.3019904,0
2519,4427,211.3019904,0
2519,4428,211.3019904,0
2519,4429,211.4629248,1.75784256
2519,4430,212.17765032,2.73661632
2519,4431,213.41839968,7.92016704
2519,4432,216.22886904,10.63922688
2519,4433,219.19893168,10.71603648
2519,4434,222.03665016,9.18862272
2519,4435,224.44834968,8.74971072
2519,4436,226.53769272,6.73510464
2519,4437,228.47451384,6.62427936
2519,4438,230.24015928,6.08770944
2519,4439,232.4014656,9.1842336
2519,4440,234.70447344,7.927848
2519,4441,236.77735728,5.27133312
2519,4442,237.48452376,1.6898112
2519,4443,238.48341432,5.35911552
2519,4444,240.02399544,6.26217696
2519,4445,242.49351552,10.92122784
2519,4446,245.391432,9.51232032
2519,4447,247.91499312,9.0306144
2519,4448,250.42218648,9.02622528
2519,4449,252.92931888,9.02622528
2519,4450,255.43163544,8.8824816
2519,4451,257.89161528,8.98343136
2519,4452,260.39914392,9.0306144
2519,4453,262.90642872,9.0306144
2519,4454,265.33836696,7.85213568
2519,4455,267.59644728,8.57743776
2519,4456,269.8944564,9.32688
2519,4457,272.60955384,8.56097856
2519,4458,274.73388792,7.92345888
2519,4459,277.410672,10.89818496
2519,4460,280.16642976,9.36857664
2519,4461,282.95976936,10.07961408
2519,4462,285.74530608,10.16300736
2519,4463,288.65340288,10.9069632
2519,4464,291.86898192,13.39559424
2519,4465,296.1811704,16.50199392
2519,4466,300.79209336,17.35019136
2519,4467,305.89167168,18.65156544
2519,4468,311.13974856,19.48330368
2519,4469,316.69396656,20.16471456
2519,4470,322.10209392,17.7046128
2519,4471,326.60533104,15.7898592
2519,4472,330.90904608,14.10772896
2519,4473,334.23932136,10.96511904
2519,4474,337.39540344,12.89962368
2519,4475,341.6195352,16.31216448
2519,4476,346.13548248,15.87873888
2519,4477,350.34114336,14.78804256
2519,4478,354.4502436,14.92520256
2519,4479,358.7988252,16.17610176
2519,4480,363.31568688,16.44603264
2519,4481,367.88363304,16.19365824
2519,4482,371.99142264,12.8820672
2519,4483,376.19869896,19.4602608
2519,4484,382.03062024,21.08313792
2519,4485,387.9276468,21.96864288
2519,4486,394.22164488,22.94193024
2519,4487,400.46080944,22.17163968
2519,4488,407.20536288,25.75974528
2519,4489,414.01496064,24.43752288
2519,4490,421.29919296,26.50150656
2519,4491,428.15256,23.57176896
2519,4492,434.7045408,23.59152
2519,4493,441.2511876,23.61675744
2519,4494,447.8551368,23.86584
2519,4495,454.46649264,23.34243744
2519,4496,460.67691456,21.76674336
2519,4497,466.5770196,19.30225248
2519,4498,471.32342616,16.24413312
2519,4499,475.83458808,16.52832864
2519,4500,480.60425088,17.55757728
2519,4501,485.45791656,16.87397184
2519,4502,489.7873872,14.81218272
2519,4503,493.90288824,14.81328
2519,4504,498.01710912,14.80011264
2519,4505,502.13754792,15.26206752
2519,4506,506.636274,16.74559008
2519,4507,510.8221686,16.7444928
2538,4354,20.274788,18.2916576
2538,4355,23.32012608,14.840712
2538,4356,26.64055632,9.79651584
2538,4357,29.0898072,8.65534464
2538,4358,31.48315776,9.56608704
2538,4359,34.13695992,7.3353168
2538,4360,35.66949432,4.25196
2538,4361,36.58090728,4.15101024
2538,4362,38.66808624,9.5627952
2538,4363,41.21996328,7.81812
2538,4364,43.44113232,12.0371616
2538,4365,47.9073972,17.37433152
2538,4366,52.732686,17.3699424
2538,4367,57.55818816,17.37103968
2538,4368,62.38399512,17.37652608
2538,4369,65.93909088,4.91471712
2538,4370,66.1723848,0
2538,4371,66.9273744,8.68716576
2538,4372,69.98988288,8.04196512
2538,4373,72.6114372,13.17943008
2538,4374,76.35645384,13.65235776
2538,4375,80.25070056,14.15930112
2538,4376,84.1638144,14.0781024
2538,4377,87.9939312,11.8067328
2538,4378,89.55859152,1.13787936
2538,4379,90.16352808,3.56396544
2538,4380,91.47675888,6.11623872
2538,4381,93.86242848,10.4954832
2538,4382,96.78357072,9.87113088
2538,4383,99.23547336,7.6699872
2538,4384,101.29839024,7.6590144
2538,4385,103.4238216,7.626096
2538,4386,105.5513256,7.68096
2538,4387,107.69669088,8.28007488
2538,4388,110.51048256,11.49839712
2538,4389,113.7120408,11.52144
2538,4390,116.92825992,11.33709696
2538,4391,119.71657032,9.01305792
2538,4392,122.2150464,8.997696
2538,4393,124.7144064,8.997696
2538,4394,127.184658,8.36785728
2538,4395,129.50275344,8.66741472
2538,4396,131.79012504,8.23947552
2538,4397,134.05055232,7.62938784
2538,4398,136.15757376,7.5931776
2538,4399,138.2658144,7.5931776
2538,4400,140.37399408,7.5931776
2538,4401,142.48138128,7.5492864
2538,4402,144.54048816,7.28813376
2538,4403,146.55747168,7.28813376
2538,4404,148.54211592,5.9746896
2538,4405,149.69544864,3.73184928
2538,4406,150.88093776,4.70623392
2538,4407,152.28725448,5.12320032
2538,4408,153.71042664,5.10674112
2538,4409,154.87518936,2.96046144
2538,4410,155.59436496,2.5566624
2538,4411,156.3049452,2.55885696
2538,4412,157.50344928,6.92054496
2538,4413,160.02588264,11.06716608
2538,4414,163.18629288,10.73030112
2538,4415,165.61926744,6.50577312
2538,4416,167.2080984,5.4864
2538,4417,168.7320984,5.4864
2538,4418,170.2560984,5.48420544
2538,4419,172.01186832,8.49953088
2538,4420,175.14350544,13.7269728
2538,4421,179.22054072,14.40948096
2538,4422,183.12469344,13.5459216
2538,4423,186.49352592,10.9563408
2538,4424,188.99943912,6.53539968
2538,4425,190.61579352,5.76072
2538,4426,192.21596304,5.76072
2538,4427,193.81716888,5.74096896
2538,4428,195.09528672,3.05702208
2538,4429,195.8163216,2.5566624
2538,4430,196.52836488,2.54239776
2538,4431,196.98611352,0.41148
2538,4432,196.99986,0.18324576
2538,4433,197.5748652,3.71319552
2538,4434,198.64617624,4.2409872
2538,4435,200.57772432,9.35211744
2538,4436,203.16373896,9.23251392
2538,4437,205.73829312,9.272016
2538,4438,208.314036,9.27640512
2538,4439,210.69662712,7.87408128
2538,4440,213.0800412,9.26433504
2538,4441,215.63978208,9.2281248
2538,4442,218.21497632,9.27859968
2538,4443,220.61100912,7.02698112
2538,4444,222.20557032,4.89825792
2538,4445,223.00045824,1.24870464
2538,4446,223.85764728,5.1736752
2538,4447,225.41334648,6.4794384
2538,4448,227.73500808,9.48488832
2538,4449,230.36838864,9.4804992
2538,4450,233.00149488,9.4804992
2538,4451,235.63460112,9.4804992
2538,4452,238.26770736,9.4804992
2538,4453,240.88158072,9.381744
2538,4454,243.50648784,9.4804992
2538,4455,246.13980744,9.4804992
2538,4456,248.77297464,9.4804992
2538,4457,251.4060504,9.4804992
2538,4458,254.03912616,9.4804992
2538,4459,256.64187432,9.29615616
2538,4460,259.25474184,9.4804992
2538,4461,261.8878176,9.4804992
2538,4462,264.09255792,4.32108864
2538,4463,265.78425888,10.93329792
2538,4464,269.14742208,12.04155072
2538,4465,272.48071488,12.18419712
2538,4466,275.86832304,11.72553408
2538,4467,278.93613504,10.8740448
2538,4468,281.9840436,10.9728
2538,4469,285.12677544,12.88535904
2538,4470,289.37550456,16.46688096
2538,4471,294.0189192,17.7100992
2538,4472,299.20134216,18.60767424
2538,4473,304.12008264,16.77411936
2538,4474,308.69570976,16.35056928
2538,4475,312.81392352,12.81732768
2538,4476,316.21829568,13.67540064
2538,4477,320.6553912,16.77302208
2538,4478,324.06512784,9.03939264
2538,4479,327.69633216,15.9544512
2538,4480,332.12876424,15.9544512
2538,4481,336.56125728,15.9544512
2538,4482,340.98673992,15.828264
2538,4483,345.38826528,15.94567296
2538,4484,349.820484,15.9544512
2538,4485,354.25230648,15.9544512
2538,4486,358.68659784,15.95006208
2538,4487,363.16892568,16.404336
2538,4488,367.74415656,16.7664384
2538,4489,373.04481144,22.56775776
2538,4490,380.10809424,26.68914144
2538,4491,387.49352016,26.95687776
2538,4492,394.55259672,22.83768864
2538,4493,400.9441308,24.28500096
2538,4494,408.18075336,27.68217984
2538,4495,415.19240304,22.89145536
2538,4496,421.6022556,22.65005376
2538,4497,428.2468956,25.48103616
2538,4498,435.3048444,24.6229632
2538,4499,441.66839784,21.89731968
2538,4500,447.75680832,21.80734272
2538,4501,453.62527512,18.71081856
2538,4502,457.57661088,12.22040736
2538,4503,462.00419664,20.3106528
2538,4504,467.9475528,18.54183744
2538,4505,470.90911152,9.58693536
2538,4506,475.43871384,18.7525152
2538,4507,480.64731912,18.7525152
2538,4508,485.85540624,18.75470976
2538,4509,490.99274928,17.29642464
2538,4510,494.90046816,11.56972032
2538,4511,498.06554184,10.05766848
2538,4512,499.6680888,8.9647776
2546,4366,31.900368,9.53755776
2546,4367,33.0698856,1.20920256
2546,4368,35.325558,14.25805632
2546,4369,39.3486132,13.2277104
2546,4370,42.27807648,11.11434912
2546,4371,46.20359568,15.01517952
2546,4372,50.3700288,15.00310944
2546,4373,54.17902296,10.85100192
2546,4374,56.63065128,8.3722464
2546,4375,58.9547208,8.36566272
2546,4376,61.27799784,8.4325968
2546,4377,63.86227512,10.26285984
2546,4378,66.7571436,10.42416
2546,4379,69.65374944,10.28261088
2546,4380,72.26021616,8.72447328
2546,4381,74.71919016,8.887968
2546,4382,77.19194112,9.01086336
2546,4383,79.64625168,8.03538144
2546,4384,81.64826952,6.91176672
2546,4385,83.56854,6.912864
2546,4386,85.48878,6.912864
2546,4387,87.40902,6.912864
2546,4388,89.30252904,7.53721632
2546,4389,92.1256476,11.89341792
2546,4390,95.4088008,11.89012608
2546,4391,98.73352872,11.9713248
2546,4392,102.05645832,11.92084992
2546,4393,105.3423852,11.52144
2546,4394,108.43211232,10.9728
2546,4395,111.48002088,10.9728
2546,4396,114.49763232,10.47792672
2546,4397,117.32047656,10.07961408
2546,4398,120.0863232,9.87552
2546,4399,122.81422224,9.62643744
2546,4400,125.42757744,9.32688
2546,4401,127.92465144,8.62900992
2546,4402,130.41544656,9.32688
2546,4403,133.04699832,8.6465664
2546,4404,135.00168072,6.39604512
2546,4405,136.7796096,6.39933696
2546,4406,138.52593072,5.89129632
2546,4407,140.03636712,5.266944
2546,4408,141.49959,5.266944
2546,4409,142.96272144,5.266944
2546,4410,144.4259748,5.26474944
2546,4411,145.73999808,2.962656
2546,4412,145.98396,0
2546,4413,146.54107344,4.78194624
2546,4414,148.29912936,7.0555104
2546,4415,150.34951896,7.51856256
2546,4416,152.43188208,7.49551968
2546,4417,154.51046568,7.28155008
2546,4418,156.34789152,6.12172512
2546,4419,158.04571896,6.1118496
2546,4420,159.74388168,6.1118496
2546,4421,161.44207488,6.1118496
2546,4422,163.1332272,6.02845632
2546,4423,164.81490024,6.1118496
2546,4424,166.47279888,5.06833632
2546,4425,167.95446216,7.05221856
2546,4426,170.12283984,7.8674976
2546,4427,172.30639656,7.96735008
2546,4428,174.90512136,10.89160128
2546,4429,178.00347432,11.1703104
2546,4430,181.09530456,10.51852608
2546,4431,182.99945112,4.3013376
2546,4432,184.35526248,4.07858976
2546,4433,184.8282816,0.05596128
2546,4434,184.8282816,0
2546,4435,185.0190864,2.386584
2546,4436,186.26254848,5.49408096
2546,4437,187.78810296,5.56430688
2546,4438,189.87217296,10.09826784
2546,4439,192.9004524,10.83564
2546,4440,195.8102256,10.55912544
2546,4441,198.81409056,10.23103872
2546,4442,201.31591944,8.28885312
2546,4443,203.62127424,8.33713344
2546,4444,205.9378152,8.339328
2546,4445,208.25405136,8.339328
2546,4446,210.5303892,7.19047584
2546,4447,211.92719616,3.72636288
2546,4448,212.96308944,3.730752
2546,4449,213.99934848,3.730752
2546,4450,215.03569896,3.730752
2546,4451,216.11816568,5.13417312
2546,4452,218.48850384,10.92781152
2546,4453,221.38626792,8.81445024
2546,4454,223.81244544,10.25737344
2546,4455,226.7907072,10.06425216
2546,4456,229.42283808,9.58693536
2546,4457,232.11925128,9.710928
2546,4458,234.81499392,9.6999552
2546,4459,237.6455496,10.82247264
2546,4460,240.67773048,10.88721216
2546,4461,243.7159464,10.9728
2546,4462,246.7639464,10.9728
2546,4463,249.8119464,10.9728
2546,4464,252.85988544,10.9728
2546,4465,255.89386464,10.808208
2546,4466,258.9096168,10.9728
2546,4467,262.01604696,11.96913024
2546,4468,265.54032744,12.58141248
2546,4469,268.91693232,12.78660384
2546,4470,272.9715648,16.09270848
2546,4471,277.64210664,17.0407584
2546,4472,282.34504872,16.65232128
2546,4473,286.94667528,16.87287456
2546,4474,291.61118208,16.47236736
2546,4475,296.18248104,16.4592
2546,4476,300.754542,16.46139456
2546,4477,305.09471112,13.43948544
2546,4478,308.2984944,10.9728
2546,4479,311.32290288,11.14068384
2546,4480,315.05374632,15.8776416
2546,4481,319.61276184,16.46358912
2546,4482,324.29488608,17.39956896
2546,4483,329.17604472,17.59049568
2546,4484,333.88057176,15.36960096
2546,4485,337.69069368,13.57445088
2546,4486,341.89269696,16.19146368
2546,4487,346.44717096,16.5469824
2546,4488,351.07400448,16.7115744
2546,4489,355.71473688,16.66878048
2546,4490,360.5133252,19.2627504
2546,4491,366.42333624,21.9456
2546,4492,372.51598344,21.643848
2546,4493,378.28188504,20.24701056
2546,4494,383.93214552,20.16690912
2546,4495,389.66512872,21.59885952
2546,4496,395.75713584,21.9620592
2546,4497,401.92168536,22.44925152
2546,4498,408.16968912,22.47558624
2546,4499,414.35316672,22.04106336
2546,4500,420.4606272,21.8523312
2546,4501,426.17666352,19.17167616
2546,4502,431.43562176,18.8677296
2546,4503,436.45107528,17.15926464
2546,4504,441.16578264,16.84983168
2546,4505,445.44133416,13.73575104
2546,4506,449.1743112,13.52617056
2546,4507,453.18297984,15.62307264
2546,4508,457.69191672,16.46029728
2546,4509,462.08207304,14.86594944
2546,4510,466.3522296,16.96175424
2546,4511,471.41303736,18.62303616
2546,4512,476.52813,17.28654912
2546,4513,480.64149744,13.55250528
2546,4514,484.46219592,12.84805152
2546,4515,487.75266432,12.015216
2546,4516,490.92578472,9.518904
2546,4517,492.78180336,5.76840096
2546,4518,494.97560136,7.9772256
2546,4519,496.92113976,7.22449152
2546,4520,498.96357408,6.43335264
2546,4521,499.95582,4.5646848
2547,4385,12.3206256,7.461504
2547,4386,13.56643464,7.5218544
2547,4387,15.64227504,7.49222784
2547,4388,17.7968148,7.95089088
2547,4389,20.01630744,8.16815232
2547,4390,22.38820008,8.7727536
2547,4391,24.82068696,8.46441792
2547,4392,26.9027148,6.78009312
2547,4393,28.78162392,6.76802304
2547,4394,30.67604736,7.47028224
2547,4395,33.3437484,11.1812832
2547,4396,36.46310208,11.16262944
2547,4397,39.49022328,10.70177184
2547,4398,42.46373016,10.7862624
2547,4399,45.53629704,11.26138464
2547,4400,48.66058848,11.16262944
2547,4401,51.68804496,10.70286912
2567,4370,21.9662248,11.3897664
2567,4371,24.01281456,11.46547872
2567,4372,27.34565016,12.89304
2567,4373,30.88398192,12.20833728
2567,4374,33.85434936,8.81554752
2567,4375,36.1489752,8.2296
2567,4376,38.4349752,8.2296
2567,4377,40.72118856,8.20655712
2567,4378,42.91510848,7.55587008
2567,4379,45.00103776,7.51417344
2567,4380,47.08678416,7.38688896
2567,4381,48.9098844,6.0460128
2567,4382,50.64477552,6.03394272
2567,4383,52.25975832,6.56392896
2567,4384,54.52655592,9.01086336
2567,4385,57.02759232,9.00427968
2567,4386,59.52847632,9.00537696
2567,4387,62.02972608,9.00757152
2567,4388,64.53182928,9.00098784
2567,4389,67.0326828,9.00537696
2567,4390,69.53359728,9.00427968
2567,4391,72.00692736,9.61546464
2567,4392,75.40200312,14.03311392
2567,4393,79.292196,13.56457536
2567,4394,82.90154616,12.82500864
2567,4395,86.46334752,12.82281408
2567,4396,89.9178288,11.08691712
2567,4397,92.56711992,8.88138432
2567,4398,95.01399336,8.88467616
2567,4399,97.53267768,9.45635904
2567,4400,100.2808764,10.06096032
2567,4401,103.06729704,10.00499904
2567,4402,105.79626288,9.32358816
2567,4403,108.09454632,7.46918496
2567,4404,110.1503004,7.40664
2567,4405,112.2077004,7.40664
2567,4406,114.25809,7.04892672
2567,4407,115.91059368,5.13636768
2567,4408,117.36625752,5.32619712
2567,4409,118.81100952,5.11113024
2567,4410,120.22046568,5.047488
2567,4411,121.6225152,5.047488
2567,4412,123.02456472,5.047488
2567,4413,124.4266752,5.047488
2567,4414,125.81763,4.7676816
2567,4415,127.18151856,5.18355072
2567,4416,128.5419324,5.37776928
2567,4417,130.32068424,6.75814752
2567,4418,132.18956544,6.64841952
2567,4419,133.85785776,5.03432064
2567,4420,135.11933352,4.8444912
2567,4421,136.61462136,5.47981632
2567,4422,138.36557544,7.5931776
2567,4423,140.50069944,7.73911584
2567,4424,142.55934912,6.61769568
2567,4425,144.37269576,6.03065088
2567,4426,145.89858552,5.43373056
2567,4427,147.419568,5.4864
2567,4428,148.95704016,5.93518752
2567,4429,150.89373936,7.49113056
2567,4430,152.2390656,3.02081184
2567,4431,153.61194576,5.94616032
2567,4432,155.26292544,5.9472576
2567,4433,156.9139356,5.94616032
2567,4434,158.56494576,5.94616032
2567,4435,160.2037944,5.733288
2567,4436,161.745168,5.4864
2567,4437,163.25962776,5.40081216
2567,4438,164.69477856,4.47909696
2567,4439,165.81964296,4.29255936
2567,4440,167.48443008,8.51050368
2567,4441,170.2861212,10.42306272
2567,4442,173.22811176,10.93768704
2567,4443,175.9706412,8.85066048
2567,4444,178.64995512,10.12350528
2567,4445,181.20506304,7.68205728
2567,4446,183.09378672,7.90699968
2567,4447,185.42108712,6.90079392
2567,4448,187.00370016,5.41288224
2567,4449,188.53090056,5.50944288
2567,4450,190.05578448,5.4864
2567,4451,191.57972352,5.4864
2567,4452,193.10369304,5.48310816
2567,4453,194.7987468,7.13561184
2567,4454,196.9139064,7.68096
2567,4455,199.0475064,7.68096
2567,4456,201.17979576,7.64365248
2567,4457,203.30089896,7.6699872
2567,4458,205.4345904,7.68096
2567,4459,207.5681904,7.68096
2567,4460,209.7017904,7.68096
2567,4461,211.83532944,7.6754736
2567,4462,214.21792056,10.38136608
2567,4463,217.41234648,11.72114496
2567,4464,220.60969848,11.15604576
2567,4465,223.64035536,10.83234816
2567,4466,226.6727496,10.9728
2567,4467,229.7207496,10.9728
2567,4468,232.76853624,10.9728
2567,4469,235.8164448,10.9728
2567,4470,238.86377424,10.9234224
2567,4471,241.88812176,11.2306608
2567,4472,245.63106576,15.8776416
2567,4473,250.190508,16.4592
2567,4474,254.75836272,16.4976048
2567,4475,259.62504336,18.59779872
2567,4476,264.81971928,18.42113664
2567,4477,269.61501576,16.20572832
2567,4478,274.13065824,16.4592
2567,4479,278.7027192,16.4592
2567,4480,283.26453888,16.3330128
2567,4481,287.72044056,15.90946272
2567,4482,291.97075464,13.99361184
2567,4483,295.49351112,11.5159536
2567,4484,298.61006064,12.07995552
2567,4485,302.5141524,15.21817632
2567,4486,306.67232544,14.81218272
2567,4487,310.78288872,15.19403616
2567,4488,315.323982,17.34470496
2567,4489,320.32218384,18.38163456
2567,4490,325.22638536,16.79277312
2567,4491,328.0065576,16.788384
2582,4497,328.2561888,25.9287264
2582,4498,332.64719856,29.10974112
2582,4499,340.51622016,26.93712672
2582,4500,347.88031008,26.38190304
2582,4501,355.22196672,25.89361344
2582,4502,361.747308,21.74040864
2582,4503,367.82175864,21.9456
2582,4504,373.91788056,21.9456
2582,4505,380.0122956,21.89841696
2582,4506,386.07589536,21.75028416
2582,4507,392.05884504,21.38379264
2582,4508,397.9916856,20.75944032
2582,4509,402.8550744,14.5444464
2582,4510,406.81857168,14.48629056
2582,4511,411.18410016,16.54259328
2582,4512,415.85994552,17.46211392
2582,4513,420.74384736,17.35677504
2582,4514,425.24549952,15.1644096
2582,4515,429.43540224,15.16660416
2582,4516,433.65029856,15.15124224
2582,4517,437.7581796,13.36048128
2582,4518,441.08580312,11.96254656
2582,4519,444.51020064,12.22589376
2582,4520,447.456306,8.81445024
2582,4521,449.82027384,8.52147648
2582,4522,452.25145008,9.00647424
2582,4523,454.76406888,9.15241248
2582,4524,457.6812792,11.99656224
2582,4525,461.08394448,12.2566176
2582,4526,464.48798136,12.2566176
2582,4527,467.8806492,11.60154144
2582,4528,470.56374264,8.41504032
2582,4529,472.94529744,8.5971888
2582,4530,475.33389312,8.56865952
2582,4531,477.62224008,7.88176224
2582,4532,479.68698576,6.65390592
2582,4533,481.49097504,6.53759424
2582,4534,483.4957056,8.91210816
2582,4535,486.566718,12.54520224
2582,4536,490.47431496,14.65307712
2582,4537,494.59091328,16.17280992
2582,4538,499.21829544,16.69621248
2582,4539,502.2323712,16.7115744
2583,4345,3.8119304,15.5484576
2583,4346,6.61912824,15.5484576
2583,4347,10.93765656,15.56930592
2583,4348,15.27694176,15.52870656
2583,4349,19.53091344,15.25548384
2583,4350,23.76263472,15.17647968
2583,4351,27.97448304,15.04151424
2583,4352,32.07940752,14.59711584
2583,4353,36.13608216,14.62783968
2583,4354,40.16931768,13.7214864
2583,4355,43.50282384,10.98048096
2583,4356,46.55493864,10.97718912
2583,4357,49.59376416,10.69957728
2583,4358,52.42243008,9.87442272
2583,4359,55.16550816,9.87552
2583,4360,57.90870816,9.87552
2583,4361,60.66288096,10.19592576
2583,4362,63.6651,11.17469952
2583,4363,66.76711056,11.16921312
2583,4364,69.86872488,11.16921312
2583,4365,72.97027824,11.1703104
2583,4366,76.07161824,11.17908864
2583,4367,79.21739808,11.45450592
2583,4368,82.42678968,11.65530816
2583,4369,85.66483248,11.65530816
2583,4370,88.90287528,11.6531136
2583,4371,92.10412872,10.53827712
2583,4372,94.43088048,7.17840576
2583,4373,96.4579224,7.3188576
2583,4374,98.49298056,7.40773728
2583,4375,100.59799032,7.68096
2583,4376,102.72698784,7.62390144
2583,4377,104.849676,7.68096
2583,4378,106.983276,7.68096
2583,4379,109.116876,7.68096
2583,4380,111.250476,7.68096
2583,4381,113.39919408,8.12316384
2583,4382,115.89050736,9.57157344
2583,4383,118.57585632,9.56718432
2583,4384,121.20594504,9.45965088
2583,4385,123.85359024,10.01926368
2583,4386,126.90299232,11.09130624
2583,4387,129.97437048,11.6201952
2583,4388,133.35771144,11.70907488
2583,4389,136.13364696,9.13814784
2583,4390,138.67336248,9.1403424
2583,4391,141.22426416,9.46074816
2583,4392,144.01961544,10.396728
2583,4393,146.9003412,10.39563072
2583,4394,149.7646992,9.5134176
2583,4395,151.9295412,6.7647312
2583,4396,153.80881608,6.7702176
2583,4397,155.68229976,6.58587456
2583,4398,157.4157888,6.03394272
2583,4399,159.11974272,6.85361088
2583,4400,161.454084,9.33126912
2583,4401,163.96606272,7.63267968
2583,4402,165.27801336,2.93412672
2583,4403,166.09000056,2.9297376
2583,4404,166.89897024,2.8145232
2583,4405,167.62040136,2.46888
2583,4406,168.30851784,2.53691136
2583,4407,169.04912088,2.7432
2583,4408,169.82505024,3.15358272
2583,4409,170.9156856,4.39021728
2583,4410,172.17533256,5.55004224
2583,4411,174.3239592,9.05585184
2583,4412,175.9577888,9.0598752
2584,4374,21.16074,8.19511405714286
2584,4375,23.11761696,7.9607664
2584,4376,25.3622556,8.09353728
2584,4377,27.61009464,8.09024544
2584,4378,29.85674496,8.11767744
2584,4379,32.4884796,11.29759488
2584,4380,35.78480016,11.93401728
2584,4381,39.09950016,11.93401728
2584,4382,42.41605944,11.83197024
2584,4383,45.03154824,6.3697104
2584,4384,46.57459824,5.4864
2584,4385,48.09853728,5.4864
2584,4386,49.6215924,5.62246272
2584,4387,51.3943092,6.75485568
2584,4388,53.5314144,9.01634976
2584,4389,56.05918176,8.94392928
2584,4390,58.50901176,8.78482368
2584,4391,60.94884432,8.78043456
2584,4392,63.3897132,8.78701824
2584,4393,65.83000296,8.78262912
2584,4394,68.30251008,9.78005664
2584,4395,71.67039768,14.02104384
2584,4396,75.72880968,14.16369024
2584,4397,79.63393776,14.24159712
2584,4398,83.41693248,13.0905504
2584,4399,86.70069528,11.31954048
2584,4400,89.94324912,10.11362976
2584,4401,92.10525648,6.16342176
2584,4402,93.48529944,5.33058624
2584,4403,95.58198816,9.74055456
2584,4404,98.6037144,11.28223296
2584,4405,101.56493784,10.58655744
2584,4406,104.50775136,10.03901472
2584,4407,107.16795432,8.99550144
2584,4408,109.34956032,6.54966432
2584,4409,111.12361824,6.4958976
2584,4410,112.69525848,4.2958512
2584,4411,113.70966336,3.29952096
2584,4412,114.62997648,3.24355968
2584,4413,115.33360728,1.57679136
2584,4414,115.64410704,1.79734464
2584,4415,116.42640672,3.43338912
2584,4416,117.49271904,4.35839616
2584,4417,118.87623672,5.63233824
2584,4418,120.76468608,8.1857088
2584,4419,123.08278152,7.71717024
2584,4420,125.00451504,6.04272096
2584,4421,126.43838568,4.33645056
2584,4422,127.53831744,3.8843712
2584,4423,128.8516092,5.6290464
2584,4424,130.46784168,5.815584
2584,4425,132.1394868,6.48602208
2584,4426,133.88528976,5.815584
2584,4427,135.5223096,6.68353248
2584,4428,137.70912768,7.36713792
2584,4429,139.46614728,7.3627488
2584,4430,141.97836984,9.87113088
2584,4431,144.54844344,7.93552896
2584,4432,146.62550304,7.48454688
2584,4433,148.70999976,7.45930944
2584,4434,150.29416728,3.33902304
2584,4435,151.02236496,2.55775968
2584,4436,151.7330976,2.54788416
2584,4437,152.74783776,5.5577232
2584,4438,154.83922296,9.14143968
2584,4439,157.50713736,9.92050848
2584,4440,160.3444596,9.87552
2584,4441,162.9250488,7.872984
2584,4442,164.61678024,5.48420544
2584,4443,166.1408412,5.49298368
2584,4444,167.57785128,5.20549632
2584,4445,169.18378152,5.75633088
2584,4446,171.14349312,9.60339456
2584,4447,174.0470484,9.05365728
2584,4448,176.11060536,7.8236064
2584,4449,178.30041048,6.86568096
2584,4450,180.0135084,5.62246272
2584,4451,181.5370512,5.4864
2584,4452,183.1220112,6.04162368
2584,4453,184.73617104,5.56979328
2584,4454,186.43463856,6.57160992
2584,4455,188.2699308,6.61550112
2584,4456,190.1013216,6.58368
2584,4457,191.93396208,6.775704
2584,4458,193.98139512,7.8126336
2584,4459,196.15349136,7.81592544
2584,4460,198.32516088,7.81702272
2584,4461,200.4988116,7.91029152
2584,4462,202.76396328,8.35907904
2584,4463,205.09818264,8.41504032
2584,4464,207.4302684,8.50611456
2584,4465,210.24515736,11.86379136
2584,4466,213.60380952,12.0920256
2584,4467,216.96185208,12.01741056
2584,4468,220.15911264,11.02327488
2584,4469,223.1864472,10.82576448
2584,4470,226.2140256,10.9728
2584,4471,229.2620256,10.9728
2584,4472,232.30978176,10.9728
2584,4473,235.46488848,12.89084544
2584,4474,239.69194632,16.35825024
2584,4475,244.2440124,16.4592
2584,4476,248.8306428,16.87177728
2584,4477,253.614174,18.04915872
2584,4478,259.1109372,20.82198528
2584,4479,264.8291376,19.21556736
2584,4480,269.61376608,16.1739072
2584,4481,274.13245656,16.42298976
2584,4482,278.48908488,15.4003248
2584,4483,282.69364848,13.98922272
2584,4484,286.35557664,12.48265728
2584,4485,289.55256288,11.3513616
2584,4486,292.94413344,12.61762272
2584,4487,296.54046864,13.82682528
2584,4488,300.59415624,14.81328
2584,4489,304.77579888,15.70536864
2584,4490,309.29064888,16.36263936
2584,4491,314.26019952,19.96062048
2584,4492,320.16350496,22.50301824
2584,4493,326.89217832,25.49749536
2584,4494,334.0178232,25.86947328
2584,4495,341.0637324,24.52640256
2584,4496,347.93563128,25.0563888
2584,4497,354.82569624,24.68770272
2584,4498,361.6263024,24.24879072
2584,4499,368.3299212,23.95142784
2584,4500,375.2337936,26.47517184
2584,4501,382.77704496,27.8489664
2584,4502,390.75353904,28.62584064
2584,4503,398.10839352,24.19941312
2584,4504,404.51885568,22.22101728
2584,4505,410.71946304,22.04545248
2584,4506,415.76140368,14.429232
2584,4507,419.654736,14.09236704
2584,4508,423.7477428,15.20939808
2584,4509,427.80740448,14.0342112
2584,4510,431.69043456,13.76098848
2584,4511,435.57425712,14.61467232
2584,4512,440.122818,20.16910368
2584,4513,446.04901392,18.73495872
2584,4514,450.69370872,16.10697312
2584,4515,454.66561848,11.61800064
2584,4516,457.67277528,11.02437216
2584,4517,460.73433888,11.02108032
2584,4518,463.79590248,11.027664
2584,4519,466.63145688,8.7837264
2584,4520,468.95708088,8.59609152
2584,4521,471.19117344,7.51856256
2584,4522,473.46583488,8.78701824
2584,4523,475.93642176,9.28518336
2584,4524,478.64200944,9.75701376
2584,4525,480.80483976,6.39494784
2584,4526,482.77207992,7.2310752
2584,4527,484.75099392,7.12793088
2584,4528,486.98926224,9.6066864
2584,4529,489.85697304,10.42416
2584,4530,492.77378712,10.62935136
2584,4531,495.7428744,10.6929936
2584,4532,499.01206776,13.54921344
2584,4533,503.01034272,14.53786272
2584,4534,505.635768,14.53896
2595,4501,335.342658171429,27.0307090285714
2595,4502,341.76419328,26.90859744
2595,4503,349.26846072,27.48247488
2595,4504,356.9636244,27.47259936
2595,4505,364.53903216,27.37055232
2595,4506,372.00385848,24.96750912
2595,4507,378.33129312,21.9785184
2595,4508,384.57167688,23.05495008
2595,4509,391.00713264,23.01325344
2595,4510,396.40349472,13.85754912
2595,4511,399.58005936,11.53570464
2595,4512,402.9140532,11.9822976
2595,4513,406.60460208,15.56930592
2595,4514,411.21613464,16.74668736
2595,4515,416.09400144,18.63949536
2595,4516,421.35091752,18.91820448
2595,4517,426.47039928,17.7704496
2595,4518,431.3528076,17.501616
2595,4519,435.645306,12.71308608
2595,4520,438.94183992,11.67835104
2595,4521,441.72493824,7.58001024
2595,4522,443.77252368,8.06281344
2595,4523,445.97973288,8.22740544
2595,4524,448.3740588,8.77165632
2595,4525,451.17529272,11.23724448
2595,4526,454.30308936,11.31515136
2595,4527,457.45813512,10.80491616
2595,4528,460.08148776,8.63120448
2595,4529,462.47931888,8.6355936
2595,4530,464.87736336,8.6355936
2595,4531,467.27549928,8.6355936
2595,4532,469.6882656,8.72118144
2595,4533,472.09612464,8.63669088
2595,4534,474.49544928,8.63888544
2595,4535,476.95552056,9.92818944
2595,4536,480.1685088,12.3498864
2595,4537,483.72805464,14.74524864
2595,4538,488.43840336,17.74082304
2595,4539,493.49616312,19.25068032
2595,4540,498.297708,17.5674528
2602,4385,19.4014344,9.11055908571429
2602,4386,21.55954032,9.11620224
2602,4387,24.02842032,8.51599008
2602,4388,26.3280144,8.22850272
2602,4389,28.6886904,9.06463008
2602,4390,31.30896456,9.51122304
2602,4391,33.94304616,9.47611008
2602,4392,36.62540808,9.98634528
2602,4393,39.45812784,10.24091424
2602,4394,42.30285672,10.23981696
2602,4395,45.08665608,9.54414144
2602,4396,47.64706752,9.14253696
2602,4397,50.18705736,9.1403424
2602,4398,52.72159128,9.08438112
2602,4399,55.2378372,9.04926816
2602,4400,57.85369176,10.1827584
2602,4401,60.82189512,10.78845696
2602,4402,63.82063944,10.7972352
2602,4403,66.53192688,9.02183616
2602,4404,69.29944992,10.6106976
2602,4405,72.24604296,10.61289216
2602,4406,74.95318512,9.32688
2602,4407,77.88200832,11.34697248
2602,4408,81.01468176,11.17799136
2602,4409,83.95536168,9.34772832
2602,4410,86.32624848,8.36566272
2602,4411,88.65034848,8.36566272
2602,4412,90.97435704,8.3722464
2602,4413,93.07211256,5.76291456
2602,4414,94.34852352,4.45605408
2602,4415,95.60518344,4.52628
2602,4416,96.86251392,4.52408544
2602,4417,98.1678504,5.06175264
2602,4418,99.63994296,5.34814272
2602,4419,101.12587344,5.35033728
2602,4420,102.6103104,5.30644608
2602,4421,104.10096528,5.54784768
2602,4422,105.6705024,5.6729376
2602,4423,107.24528208,5.66964576
2602,4424,108.8734932,6.26437152
2602,4425,110.68693128,6.58368
2602,4426,112.51573128,6.58258272
2602,4427,114.39787128,7.17950304
2602,4428,116.47685112,7.6974192
2602,4429,118.6071288,7.50868704
2602,4430,120.66824736,7.25960448
2602,4431,122.6554824,7.13341728
2602,4432,124.55645904,6.2380368
2602,4433,126.17948856,5.75852544
2602,4434,127.86384384,7.10817984
2602,4435,130.00396656,7.59537216
2602,4436,131.9633124,7.06538592
2602,4437,133.9122036,6.3038736
2602,4438,135.55885512,5.6948832
2602,4439,137.15780544,5.75194176
2602,4440,138.72365448,5.4918864
2602,4441,140.17809912,5.05077984
2602,4442,141.82685376,6.90518304
2602,4443,143.59871712,5.7223152
2602,4444,145.53032616,8.41394304
2602,4445,147.78709584,7.51746528
2602,4446,149.84495304,7.41541824
2602,4447,151.93682592,7.6590144
2602,4448,154.06945056,7.6699872
2602,4449,156.44070312,9.80529408
2602,4450,159.12260784,8.51160096
2602,4451,161.27352048,7.54709184
2602,4452,163.16922408,6.08551488
2602,4453,164.7696984,5.47981632
2602,4454,166.2936984,5.4864
2602,4455,167.8176984,5.47981632
2602,4456,169.52281056,7.10379072
2602,4457,171.46222248,6.58587456
2602,4458,173.29474104,6.58368
2602,4459,175.100742,6.28083072
2602,4460,176.88370008,7.24533984
2602,4461,179.02065288,7.03466208
2602,4462,180.81595536,6.78996864
2602,4463,182.83522488,7.40664
2602,4464,184.97434176,8.70581952
2602,4465,187.58934288,9.2061792
2602,4466,189.85007496,7.06758048
2602,4467,191.58091224,5.5796688
2602,4468,193.12725408,5.5302912
2602,4469,194.6722548,6.3587376
2602,4470,197.16500064,10.92561696
2602,4471,200.21607912,10.77199776
2602,4472,202.8549156,8.96697216
2602,4473,206.03251656,14.26683456
2602,4474,210.27697848,15.41458944
2602,4475,214.5583212,15.41897856
2602,4476,218.58978888,13.15419264
2602,4477,222.3290448,14.81218272
2602,4478,226.75541136,16.46139456
2602,4479,231.3273504,16.4592
2602,4480,235.898436,16.52393952
2602,4481,240.72122544,18.3136032
2602,4482,245.87158344,18.58463136
2602,4483,251.0338896,18.5879232
2602,4484,256.17086688,18.40028832
2602,4485,261.26172792,16.85092896
2602,4486,263.86792032,6.3861696
2602,4487,267.56733888,16.8761664
2602,4488,272.20160952,16.73242272
2602,4489,277.12230072,19.52500032
2602,4490,283.02274104,21.94889184
2602,4491,289.22590872,23.86474272
2602,4492,296.5095924,27.43309728
2602,4493,304.13029344,27.432
2602,4494,311.7247512,27.2783808
2602,4495,319.32881016,27.61524576
2602,4496,327.29692224,29.65838112
2602,4497,335.37796272,27.8599392
2602,4498,342.54271344,24.1456464
2602,4499,349.22575824,24.15003552
2602,4500,356.06988984,25.24182912
2602,4501,363.0920856,25.3307088
2602,4502,370.19877192,25.74877248
2602,4503,377.50720536,27.01722816
2602,4504,385.07764488,27.29703456
2602,4505,392.2146588,23.4763056
2602,4506,398.55513888,22.68955584
2602,4507,404.30055792,17.96466816
2602,4508,408.53910672,12.30380064
2602,4509,412.05284112,15.4661616
2602,4510,416.84774136,17.60695488
2602,4511,421.77626592,18.02611584
2602,4512,426.8216508,18.1819296
2602,4513,431.87221728,18.1819296
2602,4514,436.83929904,16.28034336
2602,4515,441.00786576,15.68890944
2602,4516,445.56529632,16.3165536
2602,4517,449.58469392,12.4321824
2602,4518,452.94078576,11.9768112
2602,4519,455.91383544,9.29725344
2602,4520,458.42916696,8.96148576
2602,4521,460.93017288,8.7124032
2602,4522,463.25585784,8.24276736
2602,4523,465.20331648,5.61478176
2602,4524,466.66916064,5.66964576
2602,4525,468.75316968,9.59790816
2602,4526,471.58512744,10.17946656
2602,4527,474.41269608,10.1827584
2602,4528,477.24184968,10.02475008
2602,4529,479.46317112,5.62246272
2602,4530,481.00070424,5.952744
2602,4531,483.59284536,12.63408192
2602,4532,487.26400896,15.76023264
2602,4533,492.19588632,16.65561312
2602,4534,496.10948784,12.58689888
2602,4535,498.9552632,13.743432
2609,4503,335.3118008,25.7604768
2609,4504,341.13529944,26.5486896
2609,4505,348.514416,26.39945952
2609,4506,355.54834656,23.66064864
2609,4507,361.74063288,21.70639296
2609,4508,367.72538088,21.38927904
2609,4509,373.5593748,20.02755456
2609,4510,378.80611056,17.58062016
2609,4511,383.5424892,17.2327824
2609,4512,388.36482144,17.3864016
2609,4513,393.14969376,16.2287712
2609,4514,396.5726892,8.58182688
2609,4515,399.0219096,10.88062848
2609,4516,402.40174536,12.37951296
2609,4517,406.30123464,16.27485696
2609,4518,411.00957168,17.01113184
2609,4519,415.79782728,17.50819968
2609,4520,420.54816576,16.10587584
2609,4521,424.60267632,14.08029696
2609,4522,427.84766856,7.02368928
2609,4523,429.17991888,4.3836336
2609,4524,430.82955744,8.49953088
2609,4525,433.71528192,11.73102048
2609,4526,437.12413464,12.34549728
2609,4527,440.39372424,10.85978016
2609,4528,443.3029488,10.41977088
2609,4529,446.54196696,13.71819456
2609,4530,450.40094832,12.39158304
2609,4531,453.40725168,11.6366544
2609,4532,457.3016508,13.57006176
2609,4533,460.39031112,10.13557536
2609,4534,463.26817176,10.42416
2609,4535,466.16450328,10.42416
2609,4536,469.0705884,10.51413696
2609,4537,471.98170272,10.42745184
2609,4538,474.91454928,11.62458432
2609,4539,478.51173792,13.25294784
2609,4540,481.79699424,9.67471776
2609,4541,484.43247792,11.75954976
2609,4542,488.55148416,16.07405472
2609,4543,493.11964368,16.93212768
2609,4544,497.75016528,16.45261632
2609,4545,502.21109616,15.07552992
2609,4546,506.16502272,13.98702816
2609,4547,510.54987552,20.18336832
2609,4548,515.46575088,25.23744
2618,4380,19.9619616,5.8265568
2618,4381,21.13016856,5.5796688
2618,4382,22.55050608,5.4534816
2618,4383,24.43450536,7.40883456
2618,4384,26.4918444,7.40664
2618,4385,28.5492444,7.40664
2618,4386,30.66504408,8.35249536
2618,4387,33.21478752,9.47940192
2618,4388,35.85203904,9.5134176
2618,4389,38.4938016,9.5134176
2618,4390,41.1356556,9.5134176
2618,4391,43.77769248,9.5243904
2618,4392,46.42646544,9.55072512
2618,4393,49.24266504,11.11325184
2618,4394,52.80480168,14.25037536
2618,4395,56.39056032,10.50426144
2618,4396,58.99909968,9.2281248
2618,4397,61.56249816,9.23031936
2618,4398,64.12708536,9.23031936
2618,4399,66.69883536,9.64618848
2618,4400,69.736716,11.89012608
2618,4401,73.04541144,11.90768256
2618,4402,76.3431036,11.45670048
2618,4403,79.1388816,8.92527552
2618,4404,81.5806344,8.77824
2618,4405,84.02866608,9.26323776
2618,4406,87.01799208,11.86818048
2618,4407,90.32144496,11.88793152
2618,4408,93.58509096,11.09240352
2618,4409,96.03370176,6.73949376
2618,4410,97.83186936,6.53101056
2618,4411,99.34355544,4.58224128
2618,4412,100.61670504,3.69344448
2618,4413,101.48989608,3.06799488
2618,4414,102.41091024,3.75928128
2618,4415,103.39812696,3.69124992
2618,4416,104.5703268,4.33754784
2618,4417,105.88075344,5.69707776
2618,4418,107.6463684,6.46956288
2618,4419,109.44502368,6.473952
2618,4420,111.2434656,6.473952
2618,4421,113.0417856,6.473952
2618,4422,114.82736496,6.09319584
2618,4423,116.31844656,4.9816512
2618,4424,117.74192352,5.09467104
2618,4425,119.118888,4.93776
2618,4426,120.51956592,5.88251808
2618,4427,122.64143112,8.74093248
2618,4428,124.93681896,7.64365248
2618,4429,126.89198904,6.40701792
2618,4430,128.97340728,8.59279968
2618,4431,131.22109392,7.83238464
2618,4432,133.73855904,10.25627616
2618,4433,136.62931272,10.41099264
2618,4434,139.09301112,6.63744672
2618,4435,140.6188704,5.07053088
2618,4436,142.0288752,5.07492
2618,4437,143.43878856,5.07711456
2618,4438,144.84092952,4.83242112
2618,4439,146.06226312,4.17405312
2618,4440,147.23016528,4.2025824
2618,4441,148.43830104,5.4864
2618,4442,150.81324168,10.14106176
2618,4443,153.5954256,10.52072064
2618,4444,156.5021508,10.56022272
2618,4445,159.535368,10.9728
2618,4446,162.57946656,10.8959904
2618,4447,165.50222424,10.38136608
2618,4448,168.32893944,9.08218656
2618,4449,170.3469288,6.04272096
2618,4450,171.9326508,5.4864
2618,4451,173.45662032,5.4864
2618,4452,174.98058984,5.4864
2618,4453,176.5046508,5.4864
2618,4454,178.02932136,5.49847008
2618,4455,179.5564608,5.48749728
2618,4456,181.0804608,5.4864
2618,4457,182.6043084,5.48530272
2618,4458,184.31176752,6.58697184
2618,4459,185.956194,5.52699936
2618,4460,187.6071432,6.0240672
2618,4461,189.21167136,6.20841024
2618,4462,191.114934,7.1158608
2618,4463,193.09646928,7.13232
2618,4464,195.08623416,7.5602592
2618,4465,197.55316344,9.8590608
2618,4466,200.29727784,9.8645472
2618,4467,203.02444536,9.66593952
2618,4468,205.57199424,8.78482368
2618,4469,208.0103028,8.77824
2618,4470,210.49597728,10.25188704
2618,4471,214.29357192,15.9599376
2618,4472,218.50526784,13.14431712
2618,4473,221.68497192,10.90257408
2618,4474,224.69103144,10.8685584
2618,4475,228.19223856,14.78804256
2618,4476,232.45105656,15.36192
2618,4477,236.71715928,15.44092416
2618,4478,241.28708664,17.61463584
2618,4479,246.25611912,17.92077696
2618,4480,251.23450896,17.91638784
2618,4481,256.17726768,17.65852704
2618,4482,261.09110088,17.337024
2618,4483,264.71547768,8.8440768
2618,4484,267.42499728,10.9728
2618,4485,270.43626888,10.68092352
2618,4486,272.38198,11.3531904
2639,4409,19.810476,7.296912
2639,4410,21.1461096,8.98562592
2639,4411,24.11473968,11.35026432
2639,4412,27.29188344,11.52144
2639,4413,30.49170432,11.52144
2639,4414,33.68613024,11.4885216
2639,4415,36.8824764,11.52144
2639,4416,40.08223632,11.52144
2639,4417,43.28230104,11.53021824
2639,4418,46.48663296,11.53021824
2639,4419,49.68648432,11.52144
2639,4420,52.88642712,11.52144
2639,4421,56.08621752,11.52144
2639,4422,59.28600792,11.52144
2639,4423,62.4864384,11.52582912
2639,4424,65.6559012,10.25517888
2639,4425,67.00610424,0.22165056
2639,4426,67.49753328,6.13708704
2639,4427,70.27234104,11.15714304
2639,4428,73.0831152,7.187184
2639,4429,74.5626144,5.23073376
2639,4430,75.4241316,1.69968672
2639,4431,76.8635496,7.91797248
2639,4432,79.10434776,8.04086784
2639,4433,81.17086128,6.60343104
2639,4434,82.90005264,6.17329728
2639,4435,84.61452216,6.17329728
2639,4436,86.32902216,6.17110272
2639,4437,88.0434612,6.17439456
2639,4438,89.75799168,6.17000544
2639,4439,91.4724612,6.1722
2639,4440,93.1784268,6.00431616
2639,4441,95.03913936,8.63120448
2639,4442,97.54243128,7.95637728
2639,4443,99.51128688,6.16232448
2639,4444,101.08009248,5.48420544
2639,4445,102.724458,6.93810144
2639,4446,104.94651096,8.18461152
2639,4447,107.07520368,8.284464
2639,4448,109.6915764,9.60558912
2639,4449,112.26689256,9.45087264
2639,4450,114.836448,8.47758528
2639,4451,117.190266,8.72995968
2639,4452,119.451882,6.85361088
2639,4453,121.22377584,6.99186816
2639,4454,123.62593512,10.29577824
2639,4455,126.64001088,10.61508672
2639,4456,129.51525024,10.67214528
2639,4457,132.659628,11.58398496
2639,4458,135.57607632,8.63449632
2639,4459,137.51344608,5.89678272
2639,4460,139.05186312,5.4864
2639,4461,140.60457528,6.1283088
2639,4462,142.41911064,6.48602208
2639,4463,144.28177392,6.58477728
2639,4464,145.89828072,5.43592512
2639,4465,147.419568,5.4864
2639,4466,148.943568,5.4864
2639,4467,150.46768992,5.48310816
2639,4468,152.11016568,6.91505856
2639,4469,154.23571896,7.82031456
2639,4470,156.407358,7.81812
2639,4471,158.579058,7.81702272
2639,4472,160.78388976,8.1857088
2639,4473,163.09534056,8.30750688
2639,4474,165.41172912,8.3832192
2639,4475,167.74128504,8.3832192
2639,4476,170.07078,8.3832192
2639,4477,172.400214,8.3832192
2639,4478,174.729648,8.38541376
2639,4479,177.1334532,9.61436736
2639,4480,180.1403052,12.34878912
2639,4481,184.28113512,16.46029728
2639,4482,188.85929208,16.48772928
2639,4483,193.40136072,15.78327552
2639,4484,197.5472808,14.51372256
2639,4485,201.57515184,14.4731232
2639,4486,205.60058448,14.5170144
2639,4487,209.6336676,14.5170144
2639,4488,213.6666288,14.5170144
2639,4489,218.79760152,29.8240704
2639,4490,226.60042056,16.63366752
2639,4491,230.54434968,15.04700064
2639,4492,235.1347596,16.76534112
2639,4493,239.70206568,16.36812576
2639,4494,244.25702736,16.4592
2639,4495,248.8289664,16.4592
2639,4496,253.40800728,16.76314656
2639,4497,258.32787552,18.5275728
2639,4498,263.49856368,18.23569632
2639,4499,268.26889704,16.33630464
2639,4500,272.76926904,16.23206304
2639,4501,277.30588176,16.4262816
2639,4502,281.8784304,16.4592
2639,4503,286.44994272,16.45700544
2639,4504,291.35828952,20.02755456
2639,4505,297.34715232,21.9456
2639,4506,303.44324376,21.9456
2639,4507,309.52756992,21.80514816
2639,4508,315.5961684,21.9456
2639,4509,321.650106,21.57033024
2639,4510,327.54185952,20.90976768
2639,4511,333.34723272,20.903184
2639,4512,339.1537032,20.87246016
2639,4513,344.92627992,20.80003968
2639,4514,350.72836128,20.903184
2639,4515,356.511606,20.19653568
2639,4516,361.51620864,16.37361216
2639,4517,365.64374928,12.34330272
2639,4518,368.74134024,10.9728
2639,4519,371.78943168,10.9728
2639,4520,374.92682952,12.61213632
2639,4521,379.0323636,16.24303584
2639,4522,383.80345896,17.95588992
2639,4523,388.84475952,18.16437312
2639,4524,393.86670528,17.82860544
2639,4525,398.59799376,16.1958528
2639,4526,402.73601952,12.09312288
2639,4527,405.4245384,9.52000128
2639,4528,408.21129432,10.0620576
2639,4529,411.00426816,9.77566752
2639,4530,413.2624704,6.638544
2639,4531,415.0790784,6.60891744
2639,4532,417.01343064,7.3353168
2639,4533,419.07156216,7.33092768
2639,4534,420.92934864,6.27753888
2639,4535,422.6815524,5.8923936
2639,4536,424.2203352,5.4864
2639,4537,425.73924504,5.4644544
2639,4538,427.83252,10.232136
2639,4539,430.86622488,11.00791296
2639,4540,434.05202496,11.98010304
2639,4541,437.40436776,12.01741056
2639,4542,440.59446552,10.84551552
2639,4543,443.40502632,9.73836
2639,4544,446.14234368,10.14654816
2639,4545,449.23027248,12.76356096
2639,4546,453.624696,17.87688576
2639,4547,458.52722112,17.38201248
2639,4548,463.35418632,17.3809152
2639,4549,468.1881924,17.46101664
2639,4550,472.97891688,16.27705152
2639,4551,477.1177656,14.5609056
2639,4552,481.25896128,13.36816224
2639,4553,485.09230896,16.1958528
2639,4554,489.56649864,15.2960832
2639,4555,494.18089632,17.42809824
2639,4556,498.316779771429,19.3372086857143
2646,4405,20.70366192,13.98593088
2646,4406,24.57294552,13.9025376
2646,4407,28.43262792,13.98922272
2646,4408,32.64642696,16.47127008
2646,4409,37.27847256,16.07734656
2646,4410,40.5416004,8.55549216
2646,4411,43.44286968,12.26320128
2646,4412,46.68783144,10.83673728
2646,4413,49.72921728,10.5174288
2646,4414,52.59378864,10.55912544
2646,4415,55.43086704,9.56389248
2646,4416,57.99045552,8.5971888
2646,4417,60.25368696,8.59279968
2646,4418,62.98731624,10.94317344
2646,4419,66.11800848,11.2910112
2646,4420,69.25458336,11.2910112
2646,4421,72.39118872,11.2910112
2646,4422,75.52779408,11.2910112
2646,4423,78.69542808,11.3733072
2646,4424,81.55146504,9.1513152
2646,4425,84.0415896,8.9647776
2646,4426,86.52610584,8.50172544
2646,4427,88.59094296,7.61622048
2646,4428,90.98383632,8.79140736
2646,4429,93.4093128,8.63778816
2646,4430,95.82741312,8.71020864
2646,4431,97.7967564,4.55151744
2646,4432,98.95737384,5.75742816
2646,4433,100.78376592,6.43883904
2646,4434,102.81044208,8.0485488
2646,4435,104.7212028,5.7223152
2646,4436,106.282998,5.62356
2646,4437,107.84512848,5.62465728
2646,4438,109.40768568,5.7168288
2646,4439,111.14343024,6.73291008
2646,4440,113.02331472,6.7702176
2646,4441,114.90356496,6.91615584
2646,4442,117.08751792,8.73105696
2646,4443,119.50269216,8.59279968
2646,4444,121.88424696,8.10012096
2646,4445,123.81530736,7.00503552
2646,4446,126.14824656,9.13156416
2646,4447,128.5932912,9.07121376
2646,4448,131.12995872,8.19229248
2646,4449,133.2026292,6.7427856
2646,4450,135.039354,6.66378144
2646,4451,136.669272,5.68061856
2646,4452,138.50776464,7.31556576
2646,4453,140.75761536,8.82542304
2646,4454,143.42479824,10.46366208
2646,4455,146.43302184,10.89269856
2646,4456,149.24733168,9.50025024
2646,4457,151.94743296,9.63741024
2646,4458,154.44545184,8.04635424
2646,4459,156.52833312,7.13670912
2646,4460,158.31513168,6.08112576
2646,4461,160.03877568,5.99224608
2646,4462,161.69987472,6.02845632
2646,4463,163.39462368,6.50248128
2646,4464,165.1721868,6.31594368
2646,4465,166.90467,6.03174816
2646,4466,168.7122864,6.90847488
2646,4467,170.63865288,7.08733152
2646,4468,172.40502984,5.93409024
2646,4469,174.28195776,7.08952608
2646,4470,176.16909648,6.81301152
2646,4471,178.21848024,7.92016704
2646,4472,180.50582136,8.695944
2646,4473,183.00006072,8.96038848
2646,4474,185.48917944,8.9647776
2646,4475,187.99009392,9.21934656
2646,4476,190.6658112,9.87661728
2646,4477,193.40910264,9.87552
2646,4478,196.179948,10.69409088
2646,4479,199.58108928,13.16955456
2646,4480,203.2287528,13.12456608
2646,4481,206.91930168,14.20319232
2646,4482,211.4082132,17.33263488
2646,4483,216.22225488,17.3260512
2646,4484,221.03498592,17.26350624
2646,4485,225.8124516,17.19328032
2646,4486,230.60128632,17.3041056
2646,4487,235.39953936,17.02539648
2646,4488,240.22452336,18.09085536
2646,4489,245.3166036,18.3684672
2646,4490,250.26561072,17.06709312
2646,4491,254.93508576,16.6676832
2646,4492,259.57094136,16.82459424
2646,4493,264.43570176,18.42442848
2646,4494,269.60526216,18.46612512
2646,4495,274.73492424,18.53635104
2646,4496,279.90963576,18.7195968
2646,4497,285.11116968,18.66912192
2646,4498,289.98547032,16.41750336
2646,4499,294.5405844,16.49979936
2646,4500,299.2364856,16.96724064
2646,4501,304.01599344,18.26203104
2646,4502,309.40226664,20.15813088
2646,4503,315.2570784,21.53412
2646,4504,321.05074728,20.0582784
2646,4505,326.6736672,21.12593184
2646,4506,332.61784632,21.42878112
2646,4507,338.60561184,21.65811264
2646,4508,344.59505376,21.4627968
2646,4509,350.442276,20.60911296
2646,4510,356.1571236,20.56083264
2646,4511,361.81948464,20.35344672
2646,4512,367.52198784,20.58168096
2646,4513,373.24890552,20.64861504
2646,4514,378.96875184,19.96171776
2646,4515,384.05522376,17.25801984
2646,4516,388.87088088,17.06709312
2646,4517,393.13375272,13.825728
2646,4518,396.9421068,13.716
2646,4519,400.75207632,13.716
2646,4520,404.5630212,13.76866944
2646,4521,408.63502728,15.93031104
2646,4522,413.19331128,16.48553472
2646,4523,417.72925344,15.66476928
2646,4524,421.81707864,13.34621664
2646,4525,425.35559328,12.43657152
2646,4526,428.52344064,10.97060544
2646,4527,431.57247696,10.83673728
2646,4528,434.3015952,8.92308096
2646,4529,436.70274864,8.04196512
2646,4530,438.7362828,6.47724384
2646,4531,440.3233764,5.45238432
2646,4532,441.8463096,5.4864
2646,4533,443.3703096,5.4864
2646,4534,444.92789856,6.26656608
2646,4535,446.82387648,7.40554272
2646,4536,449.21198448,9.19301184
2646,4537,451.91120184,10.78955424
2646,4538,455.08121328,11.51814816
2646,4539,458.42236992,12.87877536
2646,4540,462.10935264,13.331952
2646,4541,465.81163632,13.331952
2646,4542,469.52727024,13.41095616
2646,4543,473.24016096,13.3429248
2646,4544,476.9450964,13.331952
2646,4545,480.64725816,13.32756288
2646,4546,484.47847224,14.7693888
2646,4547,488.75862624,15.53858208
2646,4548,493.07569152,15.5374848
2646,4549,497.38245456,15.42336768
2646,4550,501.645174,15.3290016
2646,4551,504.6307662,15.36192
2661,4501,271.75900944,12.79867392
2661,4502,274.4460348,12.8820672
2661,4503,278.28776448,15.50017728
2661,4504,282.80810088,16.3275264
2661,4505,287.45675808,18.37505088
2661,4506,293.19522768,21.68444736
2661,4507,299.33012016,21.67566912
2661,4508,304.96584168,19.74665088
2661,4509,310.45544208,20.18117376
2661,4510,316.3824,22.08056544
2661,4511,322.45758216,21.15336384
2661,4512,328.0172256,16.32423456
2661,4513,329.91433128,1.25199648
2661,4514,333.51331824,25.0289568
2661,4515,340.8625644,26.49492288
2661,4516,348.23357328,26.6309856
2661,4517,355.25957904,21.05021952
2661,4518,359.34322848,10.93878432
2661,4519,362.33825424,10.96072992
2661,4520,365.38662,10.9728
2661,4521,368.43733272,11.2800384
2661,4522,372.1810692,15.8776416
2661,4523,376.74054192,16.4592
2661,4524,381.35198304,17.09891424
2661,4525,386.26752312,17.97125184
2661,4526,391.25173464,17.88895584
2661,4527,395.8998432,13.935456
2661,4528,399.10411416,10.42635456
2661,4529,401.77733208,9.05256
2661,4530,404.2716324,8.59938336
2661,4531,406.64690832,8.69265216
2661,4532,408.65319336,5.75633088
2661,4533,410.19438408,6.21389664
2661,4534,412.2133488,7.68096
2661,4535,414.34734504,7.70619744
2661,4536,416.3924616,6.42567168
2661,4537,418.01347944,5.99444064
2661,4538,419.80826376,7.64145792
2661,4539,422.23849512,8.96148576
2661,4540,424.72727856,8.9592912
2661,4541,427.41582792,10.8850176
2661,4542,430.59458712,11.52144
2661,4543,433.79477376,11.52144
2661,4544,436.94088888,11.05180416
2661,4545,439.95249576,10.4296464
2661,4546,442.74751176,9.55401696
2661,4547,445.43987112,11.42597664
2661,4548,449.25337632,14.6816064
2661,4549,453.24009936,14.5334736
2661,4550,457.5785616,16.41969792
2661,4551,462.02983032,15.49798272
2661,4552,466.31516592,16.01589888
2661,4553,471.10927368,17.90431776
2661,4554,476.06998512,17.8527456
2661,4555,480.90959952,16.53271776
2661,4556,485.30792448,15.74377344
2661,4557,489.53476896,15.53090112
2661,4558,494.45207688,19.98366336
2661,4559,498.91718352,22.09702464
2670,4492,237.4674448,9.9596448
2670,4493,240.08190744,9.83821248
2670,4494,242.82858216,9.9633024
2670,4495,245.59537368,9.9633024
2670,4496,248.36225664,9.9633024
2670,4497,251.12907864,9.9633024
2670,4498,253.89590064,9.9633024
2670,4499,256.63050528,9.76688928
2670,4500,259.37696664,9.9633024
2670,4501,262.1452212,9.9633024
2670,4502,265.02021672,12.1414032
2670,4503,269.17485408,16.20902016
2670,4504,273.6858636,16.44493536
2670,4505,278.25624816,16.55905248
2670,4506,283.07666016,17.446752
2670,4507,288.00579432,19.87393536
2670,4508,293.62859232,18.8238384
2670,4509,298.81628832,20.16142272
2670,4510,304.602642,19.5919344
2670,4511,309.66265728,17.638776
2670,4512,314.58798144,18.06342336
2670,4513,320.05444752,22.31428608
2670,4514,326.4482676,21.93682176
2670,4515,332.382876,21.3311232
2670,4516,338.308188,21.342096
2670,4517,344.18546352,19.68191136
2670,4518,348.4426356,11.8615968
2670,4519,351.62651544,11.45999232
2670,4520,354.52927824,8.3612736
2670,4521,356.4457692,6.33350016
2670,4522,358.11403104,6.86129184
2670,4523,360.74189472,12.11067936
2670,4524,364.85669472,16.46139456
2670,4525,369.368832,15.76901088
2670,4526,373.7117748,15.91714368
2670,4527,378.13119192,16.04881728
2670,4528,382.5855696,15.47055072
2670,4529,386.81271888,15.22805184
2670,4530,391.03361976,14.88789504
2670,4531,394.53985608,9.84150432
2670,4532,396.66821352,5.87703168
2670,4533,398.21979792,5.6729376
2670,4534,399.79506528,5.6729376
2670,4535,401.3702412,5.67184032
2670,4536,402.94511232,5.6729376
2670,4537,404.51967864,5.66964576
2670,4538,406.14773736,6.37190496
2670,4539,408.0424656,6.9457824
2670,4540,409.972764,6.9457824
2670,4541,411.99075336,8.10780192
2670,4542,414.44838624,9.09315936
2670,4543,417.033456,9.81846144
2670,4544,419.89059024,10.42525728
2670,4545,422.7748212,10.84551552
2670,4546,426.04127136,11.56972032
2670,4547,428.93586552,9.87113088
2670,4548,431.7290832,10.92671424
2670,4549,435.13455264,12.89742912
2670,4550,438.79599312,14.566392
2670,4551,443.45025864,17.83738368
2670,4552,448.39835136,17.73533664
2670,4553,453.18694224,16.0970976
2670,4554,457.42984968,15.73280064
2670,4555,462.14129568,17.61463584
2670,4556,467.0326956,17.65194336
2670,4557,471.9465288,17.65413792
2670,4558,476.83387488,17.56416096
2670,4559,481.71088824,17.56525824
2670,4560,486.72570168,18.71301312
2670,4561,491.97670464,18.99281952
2670,4562,497.87473704,24.20380224
2670,4563,502.0473576,25.1496576
2678,4423,33.60746136,12.22040736
2678,4424,37.00750536,12.2566176
2678,4425,40.41138984,12.23138016
2678,4426,43.72392576,11.5982496
2678,4427,46.92834912,11.52253728
2678,4428,50.12844432,11.23285536
2678,4429,52.51743624,5.86935072
2678,4430,54.11909928,6.58806912
2678,4431,56.0612544,6.85690272
2678,4432,57.966102,6.858
2678,4433,59.871102,6.858
2678,4434,61.79228688,7.33641408
2678,4435,64.08231024,8.7837264
2678,4436,66.52095408,8.77824
2678,4437,68.92064448,7.77203424
2678,4438,70.75861896,7.077456
2678,4439,72.932544,7.55148096
2678,4440,74.99064504,7.40664
2678,4441,77.0491728,7.48564416
2678,4442,79.14765984,7.51965984
2678,4443,81.3441096,8.41394304
2678,4444,83.7061572,8.50392
2678,4445,86.0683572,8.50392
2678,4446,88.428576,8.16156864
2678,4447,90.684096,9.42782976
2678,4448,93.6205392,10.68860448
2678,4449,96.61212072,10.8520992
2678,4450,99.62802528,10.68860448
2678,4451,102.03289728,6.55185888
2678,4452,103.68841848,5.94396576
2678,4453,105.47000496,6.58258272
2678,4454,107.34327528,7.16853024
2678,4455,109.38869664,7.27277184
2678,4456,111.3269808,6.71974272
2678,4457,113.3266212,7.54270272
2678,4458,115.4279124,7.68315456
2678,4459,117.67846416,8.28117216
2678,4460,119.856504,7.8674976
2678,4461,122.14747224,8.14401216
2678,4462,124.31642904,7.54270272
2678,4463,126.220728,6.62866848
2678,4464,128.1225276,6.71096448
2678,4465,130.14158376,8.32396608
2678,4466,132.45775896,7.67657088
2678,4467,134.46459264,7.12793088
2678,4468,136.48998864,7.69303008
2678,4469,138.57704568,6.8470272
2678,4470,140.5946388,8.06061888
2678,4471,142.83180984,7.67437632
2678,4472,145.00317456,7.30349568
2678,4473,146.85520032,7.0006464
2678,4474,148.8670632,7.5931776
2678,4475,150.83905824,6.49260576
2678,4476,152.6418588,6.29948448
2678,4477,154.36940424,6.03942912
2678,4478,155.99904792,6.02845632
2678,4479,157.82775648,7.10049888
2678,4480,159.79402128,7.21022688
2678,4481,162.17222328,10.04669568
2678,4482,165.00116352,9.82285056
2678,4483,167.7326592,9.87552
2678,4484,170.50609536,10.36819872
2678,4485,173.50825344,10.9728
2678,4486,176.661318,12.98301696
2678,4487,180.92839608,16.47456192
2678,4488,185.50085328,16.47346464
2678,4489,190.08041232,16.47346464
2678,4490,194.6525952,16.4592
2678,4491,199.22465616,16.4482272
2678,4492,203.78464704,16.42298976
2678,4493,208.35539736,16.4592
2678,4494,212.92724496,16.4592
2678,4495,217.49930592,16.4592
2678,4496,222.06374688,16.32204
2678,4497,226.7577888,18.16985952
2678,4498,232.01912448,19.09706112
2678,4499,237.19981008,17.55318816
2678,4500,241.81420776,16.37032032
2678,4501,246.35237496,15.8172912
2678,4502,250.66288704,15.96432672
2678,4503,255.08724192,15.78108096
2678,4504,259.58950368,16.44932448
2678,4505,264.1614732,16.4592
2678,4506,268.72591416,16.24413312
2678,4507,273.34317696,17.92845792
2678,4508,278.61304704,19.25068032
2678,4509,283.81640976,17.54770176
2678,4510,288.44772384,16.46029728
2678,4511,292.99533984,16.33191552
2678,4512,297.5570376,16.4592
2678,4513,302.1290376,16.4592
2678,4514,306.7010376,16.4592
2678,4515,311.24786112,16.30777536
2678,4516,315.8029752,16.4592
2678,4517,320.37659064,16.78180032
2678,4518,325.5552036,20.34027936
2678,4519,331.24539288,20.34686304
2678,4520,336.42900456,16.59526272
2678,4521,340.31121168,11.43256032
2678,4522,343.33184064,10.83783456
2678,4523,346.39181928,11.55655296
2678,4524,349.99687176,15.01847136
2678,4525,354.630228,17.28325728
2678,4526,359.33128032,15.99066144
2678,4527,363.60588696,15.36301728
2678,4528,367.75881744,13.85206272
2678,4529,371.340126,12.61872
2678,4530,374.82466056,12.34549728
2678,4531,378.2060508,12.124944
2678,4532,381.57375552,12.13152768
2678,4533,384.64488984,8.89784352
2678,4534,386.74483992,7.34299776
2678,4535,388.78175736,7.27277184
2678,4536,390.80081352,7.26728544
2678,4537,392.82005256,7.26948
2678,4538,394.83926112,7.26948
2678,4539,396.85846968,7.26838272
2678,4540,398.87770872,7.26838272
2678,4541,400.89691728,7.26838272
2678,4542,402.91609536,7.26728544
2678,4543,404.9353344,7.26838272
2678,4544,406.95460392,7.26728544
2678,4545,409.07476224,8.6026752
2678,4546,411.70000464,9.69117696
2678,4547,414.39394896,9.73397088
2678,4548,417.06344832,9.51561216
2678,4549,419.61776376,9.0909648
2678,4550,422.41793088,10.34625312
2678,4551,424.78884816,7.39237536
2678,4552,427.01571696,9.65825856
2678,4553,430.28384352,13.4307072
2678,4554,434.25599712,14.62783968
2678,4555,438.3177924,14.54225184
2678,4556,442.40427648,15.03163872
2678,4557,446.76742752,15.90178176
2678,4558,450.97479528,14.23940256
2678,4559,454.94621736,14.50165248
2678,4560,459.1304508,15.80412384
2678,4561,463.55114808,16.14537792
2678,4562,468.50103912,20.21299488
2678,4563,474.40623432,21.4353648
2678,4564,480.3661716,21.70639296
2678,4565,486.37268232,21.69103104
2678,4566,492.75940056,23.09993856
2678,4567,498.1849701,21.006054
2695,4430,24.9143858666667,4.4793408
2695,4431,26.3091168,5.48749728
2695,4432,27.78398304,4.66563456
2695,4433,28.92128328,3.61773216
2695,4434,29.9830236,4.70513664
2695,4435,31.72864368,7.54709184
2695,4436,33.81676752,7.5108816
2695,4437,35.9104692,7.54270272
2695,4438,38.0238,7.90919424
2695,4439,40.34997264,8.59938336
2695,4440,42.7376844,8.59279968
2695,4441,45.18160128,9.72848448
2695,4442,48.27349248,11.80014912
2695,4443,51.46767456,9.93806496
2695,4444,53.43305544,5.48201088
2695,4445,54.96586416,5.95054944
2695,4446,57.01625376,8.44027776
2695,4447,59.36662752,8.4600288
2695,4448,61.7160564,8.46222336
2695,4449,64.0668264,8.46332064
2695,4450,66.35489904,7.7742288
2695,4451,68.42976408,7.40664
2695,4452,70.48719456,7.40664
2695,4453,72.5448384,7.41102912
2695,4454,74.36742048,6.17329728
2695,4455,76.40671536,8.04415968
2695,4456,78.67134888,8.20436256
2695,4457,80.76968352,7.71497568
2695,4458,83.34652368,10.0840032
2695,4459,86.14723944,10.0785168
2695,4460,89.1597912,12.44973888
2695,4461,92.8957248,13.56018624
2695,4462,96.326706,9.68459328
2695,4463,98.3220792,5.89458816
2695,4464,99.93882984,5.3931312
2695,4465,101.34030024,6.08661216
2695,4466,103.5007836,8.7343488
2695,4467,105.93357528,8.77824
2695,4468,108.29732976,7.48454688
2695,4469,110.12747088,6.68024064
2695,4470,111.8253288,5.0639472
2695,4471,113.281206,5.7168288
2695,4472,114.94934592,6.72852096
2695,4473,116.98912848,7.51965984
2695,4474,119.05488,7.31446848
2695,4475,121.03162992,6.8525136
2695,4476,122.91294696,6.7702176
2695,4477,124.79164272,6.7866768
2695,4478,126.94072656,8.65424736
2695,4479,129.42030504,9.31261536
2695,4480,131.576064,6.3697104
2695,4481,133.7430396,8.64766368
2695,4482,136.29351456,10.15093728
2695,4483,139.08258696,10.00609632
2695,4484,142.0243032,10.97938368
2695,4485,145.06632912,10.917936
2695,4486,148.10527656,10.9728
2695,4487,151.15330704,10.9728
2695,4488,154.20088032,11.10886272
2695,4489,157.51116072,13.20686208
2695,4490,161.60407608,15.94457568
2695,4491,166.14148128,16.44054624
2695,4492,170.71366416,16.4592
2695,4493,175.28557272,16.46029728
2695,4494,179.86062072,16.47127008
2695,4495,184.4334132,16.4592
2695,4496,189.011052,16.48772928
2695,4497,193.5854904,16.4592
2695,4498,198.1574904,16.4592
2695,4499,202.72144368,16.41091968
2695,4500,207.28801824,16.4592
2695,4501,211.91863128,17.40944448
2695,4502,216.9900156,18.57585312
2695,4503,222.07334808,16.88933376
2695,4504,225.96146832,12.65054112
2695,4505,229.56533208,13.34621664
2695,4506,233.7575208,16.4262816
2695,4507,238.33000848,16.4098224
2695,4508,242.87625288,16.41201696
2695,4509,247.44764328,16.4592
2695,4510,252.01970424,16.4592
2695,4511,256.56485136,16.36922304
2695,4512,261.49742976,19.28250144
2695,4513,266.9218944,19.34285184
2695,4514,271.85709408,16.36483392
2695,4515,276.40038192,16.32862368
2695,4516,280.95058872,16.35605568
2695,4517,285.69251472,18.58902048
2695,4518,291.07711152,19.45806624
2695,4519,296.1811704,16.83666432
2695,4520,301.07418576,19.71153792
2695,4521,306.44476176,17.59707936
2695,4522,310.99423704,15.45738336
2695,4523,315.13433544,14.45337216
2695,4524,319.27263552,14.74854048
2695,4525,322.87259784,12.6571248
2695,4526,326.68777944,14.045184
2695,4527,330.58976808,14.045184
2695,4528,334.55917848,14.99652576
2695,4529,338.8639908,15.54187392
2695,4530,342.93715512,12.71089152
2695,4531,346.07885064,10.9728
2695,4532,349.12697256,10.9728
2695,4533,352.17509448,10.9728
2695,4534,355.22324688,10.9728
2695,4535,358.271826,10.96621632
2695,4536,361.0586124,8.59060512
2695,4537,363.2845668,7.95528
2695,4538,365.55133392,8.71130592
2695,4539,368.10415584,9.32797728
2695,4540,370.637562,8.56865952
2695,4541,372.88451712,7.95528
2695,4542,375.11620176,8.2460592
2695,4543,377.43472392,8.10780192
2695,4544,379.59301272,7.64145792
2695,4545,381.6551676,6.35434848
2695,4546,383.57903472,8.95051296
2695,4547,386.2472844,9.70873344
2695,4548,388.9473552,9.6615504
2695,4549,391.62484032,9.63741024
2695,4550,394.30247784,9.63741024
2695,4551,396.9800544,9.6396048
2695,4552,399.65763096,9.63850752
2695,4553,402.33529896,9.6396048
2695,4554,405.01287552,9.64070208
2695,4555,407.69048256,9.6396048
2695,4556,410.37183864,9.98415072
2695,4557,413.43830952,11.79795456
2695,4558,416.83225752,12.94022304
2695,4559,420.75774624,14.3414496
2695,4560,424.81189104,16.40653056
2695,4561,429.65281608,17.55648
2695,4562,434.58408384,18.0173376
2695,4563,439.60484088,18.07110432
2695,4564,444.7659888,19.26165312
2695,4565,450.17149488,19.48440096
2695,4566,455.70242616,20.48731488
2695,4567,461.44211496,20.67385248
2695,4568,467.18765592,20.73530016
2695,4569,472.95242976,20.70238176
2695,4570,478.69614192,20.6947008
2695,4571,484.73285832,23.1361488
2695,4572,491.27606088,23.61566016
2695,4573,497.5202013,27.7049484
2717,4445,28.8412645714286,8.668512
2717,4446,30.88794432,8.668512
2717,4447,33.29159712,8.63888544
2717,4448,35.69524992,8.668512
2717,4449,38.10323088,8.6739984
2717,4450,39.98546232,3.72197376
2717,4451,41.71715304,9.84589344
2717,4452,44.5611504,10.25627616
2717,4453,47.40783,10.06096032
2717,4454,49.91916864,8.11219104
2717,4455,52.1534136,8.04415968
2717,4456,54.38842056,8.00136576
2717,4457,56.54027808,7.51307616
2717,4458,58.62288504,7.49551968
2717,4459,60.70628448,7.62280416
2717,4460,63.0260868,9.00976608
2717,4461,65.54123544,8.90662176
2717,4462,67.78992792,7.34409504
2717,4463,69.79023888,7.13341728
2717,4464,71.78027808,7.571232
2717,4465,74.26083192,9.93477312
2717,4466,77.02978752,10.06534944
2717,4467,79.83166152,9.98634528
2717,4468,82.59586224,9.9523296
2717,4469,85.36024584,9.9523296
2717,4470,88.12459896,9.9523296
2717,4471,90.88901304,9.9523296
2717,4472,93.61102944,8.99330688
2717,4473,95.32403592,4.46373504
2717,4474,96.49294392,4.39789824
2717,4475,98.22923712,7.27167456
2717,4476,100.22899944,6.58587456
2717,4477,102.10062384,7.65681984
2717,4478,104.43709872,9.57815712
2717,4479,107.60448888,12.58799616
2717,4480,110.75816304,9.49915296
2717,4481,113.09479032,7.62280416
2717,4482,114.751104,4.16088576
2717,4483,115.99685208,5.23073376
2717,4484,117.62253336,6.61440384
2717,4485,119.54905224,6.9512688
2717,4486,121.663968,9.00537696
2717,4487,124.55624568,11.2580928
2717,4488,127.62454536,10.0894896
2717,4489,130.41953088,10.22555232
2717,4490,133.3727076,11.50168896
2717,4491,136.66308456,13.27050432
2717,4492,140.73341424,14.9998176
2717,4493,144.89347704,14.94824544
2717,4494,149.07362616,15.29827776
2717,4495,153.3764268,15.54626304
2717,4496,157.69443696,15.5484576
2717,4497,161.90372496,14.07590784
2717,4498,165.56214792,12.96326592
2717,4499,169.1688768,12.98191968
2717,4500,172.81126728,13.88498112
2717,4501,177.0863616,15.965424
2717,4502,181.49212368,15.86776608
2717,4503,185.95835808,16.48224288
2717,4504,190.53800856,16.46578368
2717,4505,195.10988664,16.4592
2717,4506,199.68167328,16.43615712
2717,4507,204.24132888,16.43615712
2717,4508,208.81305456,16.45151904
2717,4509,213.70402776,19.58315616
2717,4510,218.71643328,15.17977152
2717,4511,223.32921552,18.626328
2717,4512,228.54413016,18.71301312
2717,4513,233.49344208,17.56306368
2717,4514,238.69265952,19.65996576
2717,4515,244.42466736,20.43574272
2717,4516,249.32054784,15.90726816
2717,4517,253.84649256,16.41969792
2717,4518,258.51148704,17.37981792
2717,4519,263.24826192,16.4976048
2717,4520,267.93297696,17.85932928
2717,4521,273.13140192,19.11681216
2717,4522,278.32879056,17.5235616
2717,4523,282.95714808,16.46139456
2717,4524,287.50878744,16.3330128
2717,4525,292.06698,16.4592
2717,4526,296.63910192,16.4592
2717,4527,301.21107144,16.4592
2717,4528,305.78316288,16.4592
2717,4529,310.33903896,16.31326176
2717,4530,314.88650256,16.4592
2717,4531,319.45902072,16.44493536
2717,4532,323.85310896,14.98226112
2717,4533,327.94706064,14.72220576
2717,4534,331.74343608,11.90329344
2717,4535,334.7865288,10.02475008
2717,4536,337.18618872,7.94650176
2717,4537,339.43491168,8.87918976
2717,4538,342.22392312,10.49328864
2717,4539,345.76347408,15.5978352
2717,4540,349.02925368,7.2749664
2717,4541,351.02517552,7.18828128
2717,4542,353.02295664,7.19157312
2717,4543,355.02076824,7.19157312
2717,4544,357.01854936,7.19157312
2717,4545,359.01678768,7.17840576
2717,4546,360.95936952,6.82617888
2717,4547,362.68481184,5.54016672
2717,4548,364.20838512,5.48749728
2717,4549,365.73293376,5.48969184
2717,4550,367.2571776,5.4864
2717,4551,368.7811776,5.4864
2717,4552,370.33401168,6.12172512
2717,4553,372.44225232,9.37735488
2717,4554,375.16637184,10.01158272
2717,4555,378.04670136,10.42416
2717,4556,381.05538216,11.14617024
2717,4557,384.24569328,11.69590752
2717,4558,387.5085468,11.78149536
2717,4559,390.76615776,11.6970048
2717,4560,394.00801056,11.51375904
2717,4561,397.11209376,10.97170272
2717,4562,400.23300192,12.07227456
2717,4563,404.05287744,15.2192736
2717,4564,408.4847304,17.01442368
2717,4565,413.60177376,19.93318848
2717,4566,419.48444424,21.40025184
2717,4567,425.5329564,22.50192096
2717,4568,431.82866136,22.49643456
2717,4569,437.80859352,21.08204064
2717,4570,443.76017928,21.11495904
2717,4571,449.43287304,20.29638816
2717,4572,455.33026536,22.08276
2717,4573,461.59674,23.17126176
2717,4574,468.75688824,29.35882368
2717,4575,477.32341416,30.78089856
2717,4576,485.40570432,26.88994368
2717,4577,492.84507984,28.7816544
2717,4578,498.7151316,30.3836832
2725,4499,189.0715548,11.5269264
2725,4500,191.32137504,11.79576
2725,4501,194.74141392,12.62091456
2725,4502,198.25164312,12.75478272
2725,4503,201.87995184,13.6666224
2725,4504,205.944978,14.68270368
2725,4505,209.64567672,12.06898272
2725,4506,212.73147192,11.26248192
2725,4507,216.56033904,15.61209984
2725,4508,220.75813608,14.76829152
2725,4509,225.00354288,15.75803808
2725,4510,229.49708736,16.46139456
2725,4511,234.06905688,16.45151904
2725,4512,238.95826224,19.93977216
2725,4513,244.93807248,21.94121088
2725,4514,251.03477352,21.93133536
2725,4515,256.8833064,19.94635584
2725,4516,262.36882248,19.74774816
2725,4517,267.50461104,16.8322752
2725,4518,272.01549864,16.57331712
2725,4519,277.03451832,18.8348112
2725,4520,281.991054,17.5345344
2725,4521,287.27061672,19.33626816
2725,4522,292.123368,16.38129312
2725,4523,296.7858936,17.01661824
2725,4524,301.39776144,16.33081824
2725,4525,305.95543584,16.4592
2725,4526,310.5121044,16.11465408
2725,4527,314.36803776,11.39964192
2725,4528,317.5028448,12.36305376
2725,4529,321.04727256,12.78002016
2725,4530,324.72313008,13.3538976
2725,4531,328.4338872,13.16516544
2725,4532,331.68418296,11.06936064
2725,4533,335.01104448,12.2566176
2725,4534,338.41322208,12.2950224
2725,4535,341.9974872,13.31329824
2725,4536,345.39716544,10.69957728
2725,4537,348.06014208,8.7837264
2725,4538,349.87912752,5.8539888
2725,4539,352.5182688,11.60044416
2725,4540,355.56776232,9.87332544
2725,4541,358.18913376,8.66192832
2725,4542,360.02110368,5.24170656
2725,4543,361.57924128,6.96004704
2725,4544,363.84887352,8.50501728
2725,4545,366.13066728,7.61073408
2725,4546,368.1346968,7.13232
2725,4547,370.0998948,6.95346336
2725,4548,372.00943632,6.86129184
2725,4549,373.82494704,5.90556096
2725,4550,375.36918576,5.7991248
2725,4551,377.35742664,9.02183616
2725,4552,380.17341288,10.4680512
2725,4553,383.0811744,10.4680512
2725,4554,385.99116096,10.53169344
2725,4555,388.94930592,10.8136944
2725,4556,391.98831432,10.96950816
2725,4557,395.13180816,12.04374528
2725,4558,398.60911896,12.6132336
2725,4559,402.37010712,15.47603712
2725,4560,406.6882392,15.7435296
2755,4450,21.127974,7.0006464
2755,4451,22.14307992,6.25120416
2755,4452,23.85474528,6.58697184
2755,4453,25.8514596,8.23728096
2755,4454,28.22938728,8.13742848
2755,4455,30.40998744,7.6315824
2755,4456,32.24933352,5.15611872
2755,4457,33.04135632,2.00911968
2755,4458,34.25354592,6.00980256
2755,4459,36.19396368,7.97283648
2755,4460,38.51333928,8.3832192
2755,4461,40.84295616,8.3832192
2755,4462,43.1724816,8.38431648
2755,4463,45.50596944,8.3996784
2755,4464,47.83647024,8.3832192
2755,4465,50.16605664,8.3832192
2755,4466,52.49567352,8.3832192
2755,4467,54.82525992,8.3832192
2755,4468,57.15484632,8.3832192
2755,4469,59.48443272,8.3832192
2755,4470,61.81423248,8.38980288
2755,4471,64.14509904,8.38541376
2755,4472,66.47468544,8.3832192
2755,4473,68.75318736,7.49881152
2755,4474,71.1032868,10.43842464
2755,4475,74.1493056,10.9947456
2755,4476,77.21199696,11.09240352
2755,4477,80.14734288,9.95342688
2755,4478,82.89837624,9.86674176
2755,4479,85.48530528,8.7014304
2755,4480,87.8736876,8.59279968
2755,4481,90.26185656,8.55549216
2755,4482,92.48906064,7.3846944
2755,4483,94.48132488,7.19596224
2755,4484,96.50918976,7.29910656
2755,4485,98.48365368,6.89530752
2755,4486,100.38810504,7.0939152
2755,4487,103.0822932,12.56275872
2755,4488,106.72611624,12.97204416
2755,4489,109.77618888,9.31151808
2755,4490,112.57458816,11.10886272
2755,4491,115.960398,12.57921792
2755,4492,119.39637792,12.04155072
2755,4493,122.52972192,10.69848
2755,4494,125.43291144,10.87514208
2755,4495,128.92174368,15.0546816
2755,4496,133.1681868,13.42960992
2755,4497,136.8105468,14.7145248
2755,4498,141.40162728,17.28216
2755,4499,146.12307072,16.32204
2755,4500,150.50786256,15.63733728
2755,4501,154.67966016,13.37255136
2755,4502,157.9947564,11.52144
2755,4503,161.40351768,14.32060128
2755,4504,166.05129096,17.47308672
2755,4505,170.71415184,16.41969792
2755,4506,175.16218968,15.95115936
2755,4507,179.59553616,15.64831008
2755,4508,183.97990128,16.18488
2755,4509,188.42882304,14.53018176
2755,4510,191.83145784,10.94646528
2755,4511,194.85614064,10.94975712
2755,4512,197.90362248,11.2087152
2755,4513,201.66028248,15.9873696
2755,4514,206.1906468,16.04552544
2755,4515,210.9697584,18.83151936
2755,4516,216.27519864,19.06304544
2755,4517,221.2934868,16.71047712
2755,4518,225.83616504,16.4262816
2755,4519,230.40843936,16.5030912
2755,4520,235.0576452,16.88604192
2755,4521,239.72370648,16.72913088
2755,4522,244.38181248,16.81691328
2755,4523,248.93585976,15.8227776
2755,4524,253.2831612,15.62636448
2755,4525,257.58699816,15.46835616
2755,4526,261.91131768,15.4661616
2755,4527,266.2644408,16.29351072
2755,4528,270.8122092,16.19365824
2755,4529,275.35467408,16.4592
2755,4530,279.9266436,16.4592
2755,4531,284.49861312,16.4592
2755,4532,289.07073504,16.46029728
2755,4533,293.54309592,15.22695456
2755,4534,297.47934408,12.97204416
2755,4535,300.75189024,11.24492544
2755,4536,303.87377376,11.17799136
2755,4537,306.94307928,10.9728
2755,4538,309.97288272,10.54705536
2755,4539,312.76539936,9.86564448
2755,4540,315.50497224,9.75701376
2755,4541,318.15286128,9.39600864
2755,4542,321.15544608,13.47130656
2755,4543,324.04943064,5.81668128
2755,4544,325.58016672,5.5083456
2755,4545,327.10956168,5.5083456
2755,4546,328.63895664,5.5083456
2755,4547,330.16841256,5.5083456
2755,4548,331.69786848,5.5083456
2755,4549,333.22720248,5.5083456
2755,4550,334.75662792,5.5083456
2755,4551,336.28608384,5.5083456
2755,4552,337.8154788,5.5083456
2755,4553,339.34487376,5.50395648
2755,4554,340.87076352,5.4864
2755,4555,342.37769472,5.38435296
2755,4556,344.10956832,7.91248608
2755,4557,346.81924032,10.4680512
2755,4558,349.60114992,9.8426016
2755,4559,352.33541928,9.8426016
2755,4560,355.06920096,9.78334848
2755,4561,357.83986344,10.54156896
2755,4562,360.8274216,10.7423712
2755,4563,363.8562192,10.9728
2755,4564,366.90321336,11.0166912
2755,4565,370.22605152,13.16845728
2755,4566,374.34185736,17.38859616
2755,4567,379.73962152,19.51402752
2755,4568,384.19637664,15.84143136
2755,4569,389.65211376,20.83844448
2755,4570,395.42517816,20.7715104
2755,4571,401.19607848,20.77260768
2755,4572,406.96707024,20.7715104
2755,4573,412.69374408,19.8497952
2755,4574,418.1203728,20.21957856
2755,4575,423.99728256,21.8248992
2755,4576,430.09331304,21.9456
2755,4577,436.1758104,21.7590624
2755,4578,442.53963816,24.41886912
2755,4579,449.39769912,24.74476128
2755,4580,456.41952912,26.92286208
2755,4581,464.71481352,31.68615456
2755,4582,473.48442768,30.44074176
2755,4583,481.2714276,26.6035536
2755,4584,488.65511616,26.40384864
2755,4585,495.88222896,25.77620448
2755,4586,502.3198869,25.7504184
2773,4455,19.848576,5.6948832
2773,4456,21.00462144,6.36312672
2773,4457,23.21052,8.86163328
2773,4458,25.35811032,7.3078848
2773,4459,27.81851688,9.9194112
2773,4460,30.60094464,10.01268
2773,4461,33.37715448,9.98085888
2773,4462,36.14842656,9.51780672
2773,4463,38.28208752,6.09868224
2773,4464,39.87817272,5.89678272
2773,4465,41.78951256,8.04086784
2773,4466,44.20922832,8.90332992
2773,4467,46.68039432,8.88687072
2773,4468,49.14817704,8.887968
2773,4469,51.61602072,8.88687072
2773,4470,54.08377296,8.88577344
2773,4471,56.55164712,8.88687072
2773,4472,59.01942984,8.887968
2773,4473,61.48718208,8.88906528
2773,4474,63.9564888,8.89016256
2773,4475,66.29451816,6.09209856
2773,4476,66.8996376,0
2773,4477,66.99226632,2.48424192
2773,4478,69.52911672,13.68637344
2773,4479,73.34054928,13.716
2773,4480,76.90305168,10.63483776
2773,4481,79.42024248,8.70581952
2773,4482,81.81490368,8.613648
2773,4483,84.18670488,8.16266592
2773,4484,86.29448832,7.31556576
2773,4485,88.32634608,7.3188576
2773,4486,90.40115016,8.20655712
2773,4487,92.98582368,9.72080352
2773,4488,95.62392864,8.55768672
2773,4489,97.71610632,7.67986272
2773,4490,100.03097088,9.08986752
2773,4491,102.82037856,10.55144448
2773,4492,105.7787064,10.46914848
2773,4493,108.89150688,12.76575552
2773,4494,112.68187776,14.09126976
2773,4495,116.5808184,13.8202416
2773,4496,120.36622104,13.4361936
2773,4497,124.28756448,15.67683936
2773,4498,128.97813168,17.3864016
2773,4499,133.8312792,16.74888192
2773,4500,138.20308656,15.63733728
2773,4501,142.61854128,15.85789056
2773,4502,146.81844144,14.34583872
2773,4503,150.778464,14.26464
2773,4504,154.7399496,14.35351968
2773,4505,159.00050496,16.34727744
2773,4506,163.5622332,16.37361216
2773,4507,168.1224984,16.4592
2773,4508,172.6944984,16.4592
2773,4509,177.267108,16.47127008
2773,4510,181.84218648,16.46029728
2773,4511,186.38361504,15.5319984
2773,4512,190.00945488,11.38318272
2773,4513,193.19994888,11.24602272
2773,4514,196.25236848,10.9728
2773,4515,199.30042944,10.9728
2773,4516,202.34321736,11.2306608
2773,4517,205.97320248,15.5758896
2773,4518,211.31451768,22.43279232
2773,4519,217.67179224,22.56775776
2773,4520,223.732344,20.39514336
2773,4521,228.7328928,16.4921184
2773,4522,233.30495376,16.41860064
2773,4523,237.75262584,15.9270192
2773,4524,242.26796352,16.42957344
2773,4525,247.39262688,21.0732624
2773,4526,253.43034912,21.25870272
2773,4527,259.1654964,20.53449792
2773,4528,264.7619292,18.62742528
2773,4529,269.46234144,15.90068448
2773,4530,273.61963056,14.26902912
2773,4531,277.2456228,11.5159536
2773,4532,280.35162624,11.65421088
2773,4533,283.82936376,12.4870464
2773,4534,287.01303024,10.97060544
2773,4535,290.12195976,11.52912096
2773,4536,293.26182648,10.96072992
2773,4537,296.28105336,10.85100192
2773,4538,299.3221344,10.9728
2773,4539,302.34992616,10.09936512
2773,4540,304.42927176,5.5357776
2773,4541,305.95156488,5.4864
2773,4542,307.52533872,6.85580544
2773,4543,310.12909272,10.8191808
2773,4544,313.1474052,10.9728
2773,4545,316.19534424,10.9728
2773,4546,319.24014384,10.65897792
2773,4547,321.85224936,7.66120896
2773,4548,323.46845136,4.73366592
2773,4549,324.7778112,4.718304
2773,4550,326.08744536,4.718304
2773,4551,327.39711,4.718304
2773,4552,328.70674416,4.718304
2773,4553,330.01570776,4.77536256
2773,4554,331.56131808,6.39933696
2773,4555,333.25173888,5.57637696
2773,4556,334.7761656,5.4864
2773,4557,336.30022656,5.47981632
2773,4558,338.14761936,9.05914368
2773,4559,341.10003408,10.90037952
2773,4560,344.1097512,10.9014768
2773,4561,347.15692824,10.9728
2773,4562,350.20508064,10.9728
2773,4563,353.25323304,10.9728
2773,4564,356.30135496,10.9728
2773,4565,359.3361876,10.74017664
2773,4566,362.3491356,11.83526208
2773,4567,366.36713112,16.41091968
2773,4568,371.01822672,17.95808448
2773,4569,376.52596272,20.10655872
2773,4570,382.05226104,20.73091104
2773,4571,387.97461648,21.48913152
2773,4572,393.75731256,19.75433184
2773,4573,398.81028696,16.31435904
2773,4574,403.18480704,16.42408704
2773,4575,408.40697592,21.5944704
2773,4576,414.80710536,23.81317056
2773,4577,421.40684832,23.06592288
2773,4578,427.68243648,22.49314272
2773,4579,434.05900488,23.920704
2773,4580,440.66636784,23.01215616
2773,4581,447.47157648,27.678888
2773,4582,455.87283984,31.84196832
2773,4583,464.9093064,31.90670784
2773,4584,471.06754656,17.1834048
2773,4585,478.09775856,29.407104
2773,4586,486.26670336,29.40929856
2773,4587,494.11835136,25.2868176
2773,4588,498.69845904,18.86443776
2783,4460,20.1968862,5.9362848
2783,4461,21.37108248,6.12721152
2783,4462,23.09359872,6.54308064
2783,4463,25.08955104,7.58439936
2783,4464,27.16892712,7.50100608
2783,4465,29.25918456,7.86859488
2783,4466,31.56810552,8.41174848
2783,4467,33.89766144,8.3832192
2783,4468,36.20609472,8.11548288
2783,4469,38.42351472,7.95528
2783,4470,40.63322328,7.95528
2783,4471,42.8428404,7.95418272
2783,4472,45.10357248,8.5094064
2783,4473,47.5302072,8.77824
2783,4474,49.9686072,8.77933728
2783,4475,52.34306016,8.06391072
2783,4476,54.4948872,7.68096
2783,4477,56.6284872,7.68096
2783,4478,58.7834232,7.91906976
2783,4479,61.01254752,8.04415968
2783,4480,63.24886512,8.06061888
2783,4481,65.46832728,9.12717504
2783,4482,68.60615184,12.2566176
2783,4483,72.00988392,12.26320128
2783,4484,75.26481264,11.9274336
2783,4485,79.04418024,14.46434496
2783,4486,82.48235472,8.79250464
2783,4487,84.34727352,5.8923936
2783,4488,85.88599536,5.4864
2783,4489,87.41002584,5.47981632
2783,4490,89.1139188,7.14439008
2783,4491,91.31698272,8.59389696
2783,4492,93.81000288,8.74093248
2783,4493,95.99151744,8.5478112
2783,4494,99.0551232,12.90072096
2783,4495,102.84064776,14.21087328
2783,4496,107.0957472,15.49688544
2783,4497,111.27486,14.90325696
2783,4498,115.20080592,14.04298944
2783,4499,119.34678696,15.51883104
2783,4500,123.75072024,16.48992384
2783,4501,128.39858496,16.8377616
2783,4502,133.3935864,18.45405504
2783,4503,137.96805528,14.20538688
2783,4504,141.74105256,13.5294624
2783,4505,145.49274432,13.46143104
2783,4506,149.435058,15.57698688
2783,4507,153.77406888,15.36192
2783,4508,158.239968,16.4592
2783,4509,162.75835368,15.69000672
2783,4510,167.07042024,16.04991456
2783,4511,171.562776,15.83484768
2783,4512,175.91279016,15.64611552
2783,4513,179.96467944,12.371832
2783,4514,182.9970432,10.6106976
2783,4515,185.94345336,10.61398944
2783,4516,188.9171736,10.95963264
2783,4517,191.98577808,10.96950816
2783,4518,195.26512128,13.99032
2783,4519,200.01198504,19.71592704
2783,4520,205.87877544,22.10360832
2783,4521,212.17155432,22.7466144
2783,4522,218.35341648,20.41160256
2783,4523,223.26862128,16.32204
2783,4524,227.8215408,16.4592
2783,4525,232.3935408,16.4592
2783,4526,236.96511408,16.45151904
2783,4527,241.84261512,18.87541056
2783,4528,247.18024224,19.51951392
2783,4529,252.30252816,16.4262816
2783,4530,256.53821184,14.83742016
2783,4531,260.68483296,15.01737408
2783,4532,264.77521848,13.54921344
2783,4533,268.58939424,15.37399008
2783,4534,273.07227072,16.39665504
2783,4535,277.64149704,16.14866976
2783,4536,281.70176832,12.65602752
2783,4537,284.88369744,10.97060544
2783,4538,287.9465412,11.38537728
2783,4539,291.13267656,11.10886272
2783,4540,294.15687168,10.79833248
2783,4541,296.79357456,7.4560176
2783,4542,298.67089872,6.71096448
2783,4543,300.69809304,8.91869184
2783,4544,303.59341872,10.97499456
2783,4545,306.63879744,10.66665888
2783,4546,308.9911524,6.06686112
2783,4547,310.51542672,5.33936448
2783,4548,312.0106536,5.4864
2783,4549,313.5346536,5.4864
2783,4550,315.0586536,5.4864
2783,4551,316.5826536,5.4864
2783,4552,318.1071108,5.35253184
2783,4553,319.4930364,5.07382272
2783,4554,321.0022536,5.4864
2783,4555,322.53555,5.68281312
2783,4556,324.1672968,5.92311744
2783,4557,326.04327984,7.65023616
2783,4558,328.18584096,7.94540448
2783,4559,330.61186608,9.31700448
2783,4560,333.2044644,9.3707712
2783,4561,335.8440324,9.59900544
2783,4562,338.51688456,9.8919792
2783,4563,341.50648488,11.1319056
2783,4564,344.29418568,9.1183968
2783,4565,346.89175224,10.4954832
2783,4566,350.75506176,17.29532736
2783,4567,355.81013928,18.2806848
2783,4568,360.8505864,18.05464512
2783,4569,365.9034084,18.2806848
2783,4570,370.9815288,18.2806848
2783,4571,376.0594968,18.2806848
2783,4572,381.13706856,18.2806848
2783,4573,386.22226032,18.36627264
2783,4574,391.31696184,18.2806848
2783,4575,396.3951432,18.2806848
2783,4576,401.4732636,18.2806848
2783,4577,406.55141448,18.2751984
2783,4578,411.78223968,20.1241152
2783,4579,417.8654076,23.3610912
2783,4580,424.27324848,22.22321184
2783,4581,430.72546824,25.51505184
2783,4582,438.0360048,25.28462304
2783,4583,445.14701928,28.92868992
2783,4584,454.68917952,36.48675456
2783,4585,464.13109104,32.22382176
2783,4586,470.4171948,15.47493984
2783,4587,477.17366592,30.9652416
2783,4588,485.7748476,30.9652416
2783,4589,494.27416512,28.37346624
2783,4590,499.1215824,20.4971904
2786,4466,20.6363485333333,9.6975168
2786,4467,22.64743248,6.0240672
2786,4468,24.43386528,6.82069248
2786,4469,25.54038072,1.31454144
2786,4470,27.41468736,12.88535904
2786,4471,30.25956864,6.21279936
2786,4472,31.79755896,5.44031424
2786,4473,33.041844,3.48715584
2786,4474,34.21264176,4.90593888
2786,4475,35.48627904,4.38802272
2786,4476,36.79670568,5.596128
2786,4477,38.5645152,6.58368
2786,4478,40.39337616,6.58148544
2786,4479,42.495978,10.10704608
2786,4480,45.92174712,12.99947616
2786,4481,49.529238,12.98301696
2786,4482,52.93937088,10.49109408
2786,4483,55.94689344,11.53899648
2786,4484,58.69112976,8.94722112
2786,4485,61.18536912,8.97684768
2786,4486,63.68158968,8.78153184
2786,4487,65.71606872,6.78448224
2786,4488,67.88301384,8.07268896
2786,4489,69.97625832,8.01672768
2786,4490,72.63512016,10.14984
2786,4491,75.45372768,10.14984
2786,4492,78.29934048,10.31004288
2786,4493,81.13657128,10.14984
2786,4494,83.95572744,10.14984
2786,4495,86.7748836,10.14984
2786,4496,89.59547232,10.11582432
2786,4497,92.30118192,9.57157344
2786,4498,95.47628352,12.88316448
2786,4499,99.37787592,15.77998368
2786,4500,103.88967792,15.85240416
2786,4501,108.11475456,15.08321088
2786,4502,112.45086984,17.8308
2786,4503,118.30516344,22.32196704
2786,4504,123.90504048,18.24666912
2786,4505,128.85935112,17.06599584
2786,4506,133.61154888,17.81214624
2786,4507,138.41297184,15.98627232
2786,4508,142.07075472,10.94646528
2786,4509,145.69397328,15.4058112
2786,4510,149.910546,13.71380544
2786,4511,153.5969496,15.36192
2786,4512,158.43897192,17.55538272
2786,4513,163.10741064,16.36702848
2786,4514,167.6652984,16.4592
2786,4515,172.14729096,14.98665024
2786,4516,176.33612688,15.74925984
2786,4517,180.28206768,11.31734592
2786,4518,183.18227016,11.51485632
2786,4519,186.42744528,11.52582912
2786,4520,189.67972224,12.76575552
2786,4521,193.8902904,17.19876672
2786,4522,199.05290136,19.4163696
2786,4523,204.47724408,20.0363328
2786,4524,210.98006064,26.03516256
2786,4525,217.43993088,19.00269504
2786,4526,221.6347104,14.15052288
2786,4527,225.98652288,15.82606944
2786,4528,230.23211256,15.25109472
2786,4529,234.7071252,17.27777088
2786,4530,239.81316528,18.297144
2786,4531,244.5538416,16.45261632
2786,4532,249.1258416,16.4592
2786,4533,253.69903032,16.33081824
2786,4534,257.9475156,14.45446944
2786,4535,261.98891976,14.57407296
2786,4536,266.01605928,13.90144032
2786,4537,269.5037028,12.0810528
2786,4538,272.83300272,11.10666816
2786,4539,275.74506192,10.70616096
2786,4540,278.85042528,11.25041184
2786,4541,282.02973312,11.70907488
2786,4542,285.30462624,11.8012464
2786,4543,288.51078696,11.0770416
2786,4544,291.546534,10.97718912
2786,4545,294.59502168,10.83673728
2786,4546,297.48903672,9.90624384
2786,4547,299.92652232,7.91358336
2786,4548,302.13458496,7.8016608
2786,4549,304.05250848,6.09319584
2786,4550,305.72823792,5.8539888
2786,4551,306.97319352,2.90669472
2786,4552,307.90146192,4.51091808
2786,4553,309.31128384,5.35143456
2786,4554,310.80352368,5.33058624
2786,4555,312.276744,5.07821184
2786,4556,313.78239504,5.39971488
2786,4557,315.01604256,4.334256
2786,4558,316.5163596,7.25631264
2786,4559,318.92272512,9.0470736
2786,4560,321.4586916,9.162288
2786,4561,324.00349728,9.162288
2786,4562,326.5483944,9.16119072
2786,4563,329.09249904,9.15899616
2786,4564,331.68969984,9.85686624
2786,4565,334.5496992,10.42416
2786,4566,337.39906104,9.81955872
2786,4567,340.08056952,10.16739648
2786,4568,343.04688312,10.8411264
2786,4569,346.1519112,12.76575552
2786,4570,350.73781008,18.99062496
2786,4571,356.02471848,19.0268352
2786,4572,361.26548016,18.7964064
2786,4573,366.53080872,19.0268352
2786,4574,371.93375448,21.42329472
2786,4575,378.15426528,20.3325984
2786,4576,383.38637064,18.92698272
2786,4577,388.6990956,19.16618976
2786,4578,394.0032252,19.0816992
2786,4579,399.3023256,19.07840736
2786,4580,404.60139552,19.07950464
2786,4581,409.90720152,18.79530912
2786,4582,415.52695152,22.74990624
2786,4583,422.06710608,23.67601056
2786,4584,428.9637852,26.19756
2786,4585,436.61493576,28.2878784
2786,4586,443.91526152,25.42836672
2786,4587,451.21409376,26.05601088
2786,4588,458.52164328,27.08964864
2786,4589,466.15310376,27.30471552
2786,4590,471.07672104,8.860536
2786,4591,475.93946976,25.63575264
2786,4592,483.08535336,25.7202432
2786,4593,490.22913384,25.71914592
2786,4594,497.01200064,19.82675232
2786,4595,499.7651168,10.7643168
2794,4583,497.0085056,33.8766912
2794,4584,499.763288,33.1817472
2822,4470,19.96232736,5.7168288
2822,4471,21.19798656,6.21499392
2822,4472,22.9645464,6.364224
2822,4473,24.7323864,6.364224
2822,4474,26.5002264,6.364224
2822,4475,28.26809688,6.364224
2822,4476,30.0861984,7.0280784
2822,4477,32.15557704,7.55367552
2822,4478,34.24967496,7.55367552
2822,4479,36.3525816,7.571232
2822,4480,38.45573208,7.57013472
2822,4481,40.7005536,9.44319168
2822,4482,43.65455328,10.98596736
2822,4483,46.7066376,10.8740448
2822,4484,49.56008376,9.72958176
2822,4485,52.25192496,9.6889824
2822,4486,54.94373568,9.57267072
2822,4487,57.41377392,8.27568576
2822,4488,59.69913384,8.2296
2822,4489,61.9694976,7.60195584
2822,4490,64.13674752,9.26982144
2822,4491,66.94435176,10.18495296
2822,4492,69.77414544,10.18385568
2822,4493,72.60400008,10.18495296
2822,4494,75.4337328,10.1827584
2822,4495,78.28815432,10.36271232
2822,4496,81.14285016,10.18495296
2822,4497,83.9728572,10.18714752
2822,4498,86.7983532,10.0730304
2822,4499,90.11110248,14.7693888
2822,4500,94.46367696,15.73060608
2822,4501,98.8666044,15.96322944
2822,4502,103.5856704,17.45333568
2822,4503,108.22707336,16.46029728
2822,4504,112.79898192,16.45700544
2822,4505,117.4065216,16.67426688
2822,4506,121.98760464,16.04881728
2822,4507,126.35295024,15.30047232
2822,4508,130.52346768,15.36192
2822,4509,134.87381712,15.52760928
2822,4510,138.88077888,12.75368544
2822,4511,142.47208488,13.8751056
2822,4512,146.29494744,13.661136
2822,4513,150.01652496,13.07299392
2822,4514,153.66565152,13.89266208
2822,4515,157.827726,14.39960544
2822,4516,161.51406864,14.00568192
2822,4517,165.626034,14.9010624
2822,4518,169.8060612,14.13077184
2822,4519,173.11963344,11.5104672
2822,4520,177.11199528,16.42847616
2822,4521,181.69012176,16.2781488
2822,4522,185.95079904,14.19002496
2822,4523,189.41457672,11.86049952
2822,4524,193.48091352,17.22400416
2822,4525,198.48176712,18.26642016
2822,4526,203.54291016,18.21155616
2824,4473,20.2421066666667,4.6414944
2824,4474,21.58404624,5.44580064
2824,4475,23.10960072,5.35801824
2824,4476,24.28442184,2.90998656
2824,4477,25.25536224,4.89606336
2824,4478,27.13628304,9.04926816
2824,4479,29.60997888,6.55405344
2824,4480,30.49450848,0.70116192
2824,4481,30.95954184,3.54750624
2824,4482,32.256984,5.75742816
2824,4483,34.17374928,7.30678752
2824,4484,36.460176,9.409176
2824,4485,39.08188272,9.436608
2824,4486,41.70230928,9.43441344
2824,4487,44.32404648,9.45416448
2824,4488,46.94810016,9.436608
2824,4489,49.56849624,9.436608
2824,4490,52.18873992,9.436608
2824,4491,54.80916648,9.436608
2824,4492,57.42959304,9.43551072
2824,4493,60.04980624,9.436608
2824,4494,62.67081192,9.44099712
2824,4495,65.2941036,9.33895008
2824,4496,66.99692976,3.70551456
2824,4497,69.55145856,12.31806528
2824,4498,71.88278232,7.5328272
2824,4499,74.81861592,11.91316896
2824,4500,78.15004944,12.07885824
2824,4501,81.65503608,15.12819936
2824,4502,86.96590176,21.13141824
2824,4503,92.69452632,18.93795552
2824,4504,98.1858336,22.91559552
2824,4505,104.64597816,22.19687712
2824,4506,110.7402408,21.9456
2824,4507,116.86836672,22.04106336
2824,4508,122.50923936,18.78323904
2824,4509,127.77328776,18.14571936
2824,4510,132.65478168,17.25582528
2824,4511,136.54149984,11.16592128
2824,4512,139.58794536,10.9728
2824,4513,142.63600632,10.9728
2824,4514,145.68742008,11.36452896
2824,4515,148.9863924,11.1483648
2824,4516,151.23121392,5.67184032
2824,4517,153.12841104,10.05986304
2824,4518,157.01967072,16.28253792
2824,4519,161.5906344,16.38677952
2824,4520,166.1390124,16.43835168
2824,4521,170.7111648,16.4592
2824,4522,175.28313432,16.46029728
2824,4523,179.85854808,16.47346464
2824,4524,184.431432,16.4592
2824,4525,189.0098328,16.4921184
2824,4526,193.53480216,15.08979456
2824,4527,197.16987744,13.4361936
2824,4528,201.73483656,19.42075872
2824,4529,207.9295308,24.87314304
2824,4530,215.19392064,26.02309248
2824,4531,221.66220336,20.83624992
2824,4532,227.58818592,21.9401136
2824,4533,233.65120656,21.16982304
2824,4534,239.27305968,20.4313536
2824,4535,244.808502,17.82860544
2824,4536,249.430032,16.4592
2824,4537,253.99995936,16.20572832
2824,4538,258.22146984,14.44459392
2824,4539,262.2554064,14.73756768
2824,4540,266.4075444,15.00420672
2824,4541,270.28502712,12.3059952
2824,4542,273.54894744,11.79576
2824,4543,276.82548648,11.79576
2824,4544,280.1023608,11.79905184
2824,4545,283.17578112,9.8371152
2824,4546,285.75039624,9.18972
2824,4547,288.30312672,9.18972
2824,4548,290.85543048,9.18752544
2824,4549,293.80446192,12.12384672
2824,4550,296.5493688,7.0335648
2824,4551,298.21241856,5.47981632
2824,4552,299.73596136,5.42495232
2824,4553,301.22609808,5.41836864
2824,4554,302.74954944,5.4864
2824,4555,304.273458,5.4864
2824,4556,305.8404348,6.281928
2824,4557,307.31527056,3.4454592
2824,4558,308.15636616,3.06031392
2824,4559,309.1668696,4.27719744
2824,4560,310.38155856,4.2684192
2824,4561,311.55936672,4.52957184
2824,4562,313.43565456,9.16338528
2824,4563,316.10268504,9.89856288
2824,4564,319.00407624,10.54047168
2824,4565,321.87599328,10.3254048
2824,4566,324.7436736,10.3254048
2824,4567,327.616566,10.5942384
2824,4568,330.79383168,12.06130176
2824,4569,334.14632688,12.16554336
2824,4570,337.80368304,14.77377792
2824,4571,342.22550808,16.31435904
2824,4572,346.81308336,17.10220608
2824,4573,351.72322848,17.89444224
2824,4574,356.69207808,18.10402272
2824,4575,361.98715512,19.73348352
2824,4576,367.46282616,19.75323456
2824,4577,372.97336632,20.2612752
2824,4578,378.780294,21.21371424
2824,4579,384.60581448,20.574
2824,4580,390.29475408,19.74994272
2824,4581,395.36437056,17.55209088
2824,4582,400.23248376,17.36555328
2824,4583,405.03997224,18.21155616
2824,4584,410.73564792,22.47668352
2824,4585,417.47623896,25.539192
2824,4586,424.57545768,25.98139584
2824,4587,432.19658544,28.51062624
2824,4588,440.11141848,28.309824
2824,4589,447.835782,27.43638912
2824,4590,455.459592,27.69973632
2824,4591,463.38765336,29.16899424
2824,4592,471.48326328,28.1836368
2824,4593,478.417128,22.56885504
2824,4594,484.60880472,20.9141568
2824,4595,489.72758544,17.3589696
2824,4596,494.6183148,17.16036192
2824,4597,498.6246441,14.964156
2828,4486,20.267676,5.4864
2828,4487,21.12748632,5.62026816
2828,4488,22.86585216,6.44871456
2828,4489,24.49491672,6.19304832
2828,4490,26.99235648,11.439144
2828,4491,30.24216456,11.70688032
2828,4492,33.48941232,11.56423392
2828,4493,36.2998512,8.51050368
2828,4494,38.58713136,8.2296
2828,4495,40.87419816,8.15388768
2828,4496,42.84978984,5.96152224
2828,4497,44.45078232,5.89788
2828,4498,46.53765648,9.28957248
2828,4499,49.203102,9.59242176
2828,4500,51.83553768,9.34992288
2828,4501,54.426612,9.31810176
2828,4502,56.9829696,9.0745056
2828,4503,59.49601512,9.19410912
2828,4504,62.56358328,13.085064
2828,4505,66.2853132,12.84585696
2828,4506,70.14798264,17.55209088
2828,4507,75.7316748,20.16690912
2828,4508,80.28748992,13.56018624
2828,4509,84.51399912,16.41421152
2828,4510,89.16155904,17.062704
2828,4511,94.1547012,19.25616672
2828,4512,99.93605616,21.918168
2828,4513,106.01864496,21.918168
2828,4514,112.11434016,21.9456
2828,4515,118.2512748,22.10031648
2828,4516,124.11139008,20.01109536
2828,4517,129.1143468,16.39665504
2828,4518,133.83194976,16.7993568
2828,4519,137.98832448,13.12566336
2828,4520,141.33841176,11.60263872
2828,4521,144.67155216,12.01960512
2828,4522,148.15285584,14.49945792
2828,4523,152.601168,16.4592
2828,4524,157.173168,16.4592
2828,4525,161.7430344,16.39665504
2828,4526,166.29418608,16.44054624
2828,4527,170.866308,16.4592
2828,4528,175.438308,16.46029728
2828,4529,180.01326456,16.47127008
2828,4530,184.58590464,16.46029728
2828,4531,189.16457976,16.48004832
2828,4532,193.98194376,19.48001184
2828,4533,199.90908456,21.90938976
2828,4534,205.9913076,21.96644832
2828,4535,212.55249336,25.83326304
2828,4536,219.83312904,25.34936256
2828,4537,226.36831536,22.14420768
2828,4538,232.46727192,21.9456
2828,4539,238.55784648,21.85452576
2828,4540,244.61912976,21.49132608
2828,4541,250.02414816,17.1834048
2828,4542,254.51190144,15.03163872
2828,4543,258.42861192,13.94203968
2828,4544,262.3249008,14.03640576
2828,4545,266.01932064,11.91316896
2828,4546,269.1004524,10.75773312
2828,4547,272.07734256,10.9069632
2828,4548,275.1257388,10.9728
2828,4549,278.15350008,10.09826784
2828,4550,280.23290664,5.5357776
2828,4551,281.75523024,5.4864
2828,4552,283.27926072,5.48749728
2828,4553,284.77854144,5.35582368
2828,4554,286.29187344,5.4864
2828,4555,287.81587344,5.4864
2828,4556,289.33990392,5.4864
2828,4557,290.8639344,5.4864
2828,4558,292.38954984,5.43482784
2828,4559,293.36600712,0.88989408
2828,4560,293.48106912,0.74505312
2828,4561,293.96810904,2.4304752
2828,4562,294.6911556,3.55957632
2828,4563,296.04559536,5.48859456
2828,4564,297.5695344,5.4864
2828,4565,299.09359536,5.48530272
2828,4566,300.84942624,8.50501728
2828,4567,303.7417344,10.9728
2828,4568,306.78979536,10.9728
2828,4569,309.82953528,10.82795904
2828,4570,312.83023032,10.79284608
2828,4571,316.15687848,13.50861408
2828,4572,320.0374092,14.1713712
2828,4573,323.58549456,8.49404448
2828,4574,326.6424252,17.15268096
2828,4575,331.75916376,18.53415648
2828,4576,336.9080892,18.53415648
2828,4577,342.04186608,18.39699648
2828,4578,347.16741336,18.5330592
2828,4579,352.31606448,18.5330592
2828,4580,357.46523376,18.47709792
2828,4581,362.55347352,18.27849024
2828,4582,367.56975,17.7704496
2828,4583,372.435882,16.9694352
2828,4584,377.15321064,18.51001632
2828,4585,382.30951224,17.33921856
2828,4586,387.61166064,20.88343296
2828,4587,393.39755712,20.793456
2828,4588,399.1732428,20.793456
2828,4589,404.94908088,20.793456
2828,4590,410.75689248,21.31137216
2828,4591,416.85993336,22.54471488
2828,4592,423.29666928,24.56371008
2828,4593,430.69267176,27.71400096
2828,4594,438.34363944,26.80216128
2828,4595,445.48955352,25.23414816
2828,4596,452.5104996,25.45031232
2828,4597,459.65534688,25.8519168
2828,4598,466.84039728,25.93092096
2828,4599,473.97579576,24.496776
2828,4600,480.29920704,21.93901632
2828,4601,486.40819152,22.2308928
2828,4602,492.68484648,22.76965728
2828,4603,498.061096114286,22.76856
2829,4578,405.1520472,22.5161856
2829,4579,410.15543064,22.5161856
2829,4580,416.4211128,22.57324416
2829,4581,422.67917496,22.62701088
2829,4582,429.10911384,23.68588608
2829,4583,436.017162,25.9396992
2829,4584,442.96678488,24.58236384
2829,4585,450.02723304,26.4773664
2829,4586,457.96891896,29.97439776
2829,4587,466.29776184,30.04023456
2829,4588,474.6325788,29.3412672
2829,4589,482.21307672,25.63904448
2829,4590,489.1794636,24.69538368
2829,4591,496.03063608,24.59333664
2829,4592,499.821708,24.41448
2841,4490,20.3725272,7.4176128
2841,4491,22.13491128,8.82103392
2841,4492,24.4652292,7.66779264
2841,4493,26.40214176,6.22267488
2841,4494,28.1382216,6.31374912
2841,4495,29.81132976,5.52809664
2841,4496,31.56682536,7.66669536
2841,4497,33.79186536,8.0156304
2841,4498,36.02358048,8.12426112
2841,4499,38.58085248,10.40111712
2841,4500,41.52622632,10.6106976
2841,4501,44.47461768,10.61837856
2841,4502,47.4008196,10.43842464
2841,4503,50.29648056,10.42416
2841,4504,53.1911052,10.49219136
2841,4505,56.36273208,12.44205792
2841,4506,59.86707864,12.61872
2841,4507,63.3712728,12.51008928
2841,4508,67.45184376,18.3849264
2841,4509,72.99679584,19.24190208
2841,4510,77.23531416,13.61943936
2841,4511,81.8645556,19.02354336
2841,4512,87.34876104,19.62924192
2841,4513,92.66675904,19.1146176
2841,4514,98.41269624,21.90829248
2841,4515,104.4962604,21.5780112
2841,4516,109.98439776,17.70241824
2841,4517,114.19524024,11.67067008
2841,4518,116.96904216,9.82285056
2841,4519,120.46662216,16.73352
2841,4520,125.34454992,16.53381504
2841,4521,129.7759152,16.3110672
2841,4522,132.3566568,18.10512
2851,4482,20.577302,1.2838176
2851,4483,21.1381848,5.00798592
2851,4484,23.20384488,8.23069728
2851,4485,25.67760168,11.67944832
2851,4486,30.10747344,18.10402272
2851,4487,34.9793052,15.4277568
2851,4488,38.6606796,12.57592608
2851,4489,41.8412676,10.15203456
2851,4490,44.34821712,7.14439008
2851,4491,45.95021544,5.07272544
2851,4492,47.3360496,5.35033728
2851,4493,48.86047632,5.4864
2851,4494,50.38447632,5.4864
2851,4495,51.893724,5.07382272
2851,4496,53.34856488,7.3462896
2851,4497,56.97056424,17.29971648
2851,4498,61.83130128,17.4961296
2851,4499,66.04540512,8.70472224
2851,4500,66.6935928,0
2851,4501,67.51896072,9.0306144
2851,4502,71.7732372,18.33115968
2851,4503,76.50961584,12.8491488
2851,4504,78.99056592,8.72666784
2851,4505,82.08090264,14.00019552
2851,4506,86.5772208,17.474184
2851,4507,91.945206,21.31905312
2851,4508,98.1518484,23.07689568
2851,4509,104.62189896,22.94083296
2851,4510,111.0857316,24.2389152
2851,4511,117.63560928,22.33184256
2851,4512,123.55324032,19.89149184
2851,4513,128.40504672,14.93288352
2851,4514,131.99315232,11.75077152
2851,4515,135.16657752,10.9728
2851,4516,138.214608,10.9728
2851,4517,141.2962884,11.75296608
2851,4518,144.60919008,11.23724448
2851,4519,147.65219136,11.37769632
2851,4520,151.40912568,15.7788864
2851,4521,155.953968,16.4592
2851,4522,160.5261204,16.43944896
2851,4523,165.07757688,16.39775232
2851,4524,169.4311572,14.02762752
2851,4525,172.98491184,12.07446912
2851,4526,176.24560128,11.67615648
2851,4527,180.01780608,16.0038288
2851,4528,184.58447208,16.49870208
2851,4529,189.5168676,20.0143872
2851,4530,195.49058184,21.9456
2851,4531,201.67646736,23.80878144
2851,4532,209.03619864,28.38773088
2851,4533,217.06792248,28.66863456
2851,4534,224.78564136,27.0973296
2851,4535,231.70201056,22.41304128
2851,4536,237.80020512,21.87756864
2851,4537,243.54787968,18.34871616
2851,4538,248.21811672,16.40104416
2851,4539,252.49613712,14.37217344
2851,4540,256.4317452,14.08029696
2851,4541,260.36643888,14.01336288
2851,4542,263.92930704,11.84404032
2851,4543,267.21142392,11.8177056
2851,4544,270.45659904,11.45670048
2851,4545,273.5317872,10.73359296
2851,4546,276.5020632,10.47244032
2851,4547,279.04872816,7.98600384
2851,4548,281.2421604,7.900416
2851,4549,283.43668992,7.900416
2851,4550,285.63121944,7.900416
2851,4551,287.824926,7.7193648
2851,4552,289.680396,5.73987168
2851,4553,291.2543832,5.6729376
2851,4554,292.82855328,5.56650144
2851,4555,294.20899248,4.42971936
2851,4556,295.42758288,4.38912
2851,4557,296.6467524,4.38912
2851,4558,297.86598288,4.38912
2851,4559,299.08311024,4.23659808
2851,4560,300.04941768,2.8364688
2851,4561,301.09207752,5.04090432
2851,4562,302.60187384,5.48420544
2851,4563,304.5572268,9.60229728
2851,4564,307.55557488,10.9728
2851,4565,310.58690232,10.82247264
2851,4566,313.60975632,10.9728
2851,4567,316.65891456,10.93000608
2851,4568,319.7243796,11.83197024
2851,4569,323.02755816,11.42049024
2851,4570,326.47472424,13.28476896
2851,4571,330.16426728,13.2825744
2851,4572,333.8539932,13.27928256
2851,4573,337.72888512,15.34984992
2851,4574,342.23166504,16.31326176
2851,4575,347.14275504,19.68849504
2851,4576,352.78759008,20.32052832
2851,4577,358.46894016,20.94049152
2851,4578,364.46920248,21.93243264
2851,4579,370.53243648,21.16543392
2851,4580,376.0840332,18.65705184
2851,4581,381.23033736,20.36332224
2851,4582,387.41582664,22.8947472
2851,4583,393.73338576,22.09044096
2851,4584,399.74139,21.80953728
2851,4585,405.83781672,21.93901632
2851,4586,412.08386976,23.66064864
2851,4587,418.99371624,25.46457696
2851,4588,425.89298616,24.21477504
2851,4589,432.91771176,26.66609856
2851,4590,440.04701424,24.27732
2851,4591,446.78791008,24.36949152
2851,4592,453.77029896,26.0384544
2851,4593,460.95647712,25.50956544
2851,4594,468.04201032,25.566624
2851,4595,475.13693136,25.24621824
2851,4596,481.76175936,22.58641152
2851,4597,488.01003744,22.76197632
2851,4598,494.74843392,25.05309696
2851,4599,499.2991284,20.8154016
2862,3659,21.4128096,26.2469376
2862,3660,27.13366176,29.0120832
2862,3661,35.49499632,30.6360576
2862,3662,44.2124592,32.52447648
2862,3663,53.44838688,33.357312
2862,3664,63.3849888,38.45308032
2862,3665,75.07190472,45.96396192
2862,3666,87.98100768,46.38092832
2862,3667,100.93144152,46.06491168
2862,3668,113.11073136,42.78404448
2862,3669,125.04828432,43.33487904
2862,3670,137.48845248,45.15965568
2862,3671,149.78469408,43.89229728
2862,3672,161.8422468,41.8447728
2862,3673,172.4942448,34.88033664
2862,3674,181.7650416,32.93266464
2862,3675,190.91641776,32.94912384
2862,3676,200.04715896,32.77465632
2862,3677,209.22688152,34.17149376
2862,3678,218.1229953,36.1238292
