VehID,Time,Position,Speed
294,3631,22.7126292,31.4151264
294,3632,29.84406528,32.18651424
294,3633,38.88665832,33.10932672
294,3634,48.08104176,32.94254016
294,3635,57.207912,32.14262304
294,3636,65.48304912,28.04318496
294,3637,73.25956392,28.03111488
294,3638,81.00559872,26.35008192
294,3639,87.33742248,20.30736096
294,3640,92.89215864,20.50048224
294,3641,98.73441264,21.02827392
294,3642,104.65600608,21.77771616
294,3643,110.90781984,23.31829728
294,3644,117.31654464,22.3406208
294,3645,123.7704408,25.41629664
294,3646,131.22328848,27.9422352
294,3647,139.47654096,31.17701664
294,3648,147.83693064,28.05306048
294,3649,155.47079904,27.39578976
294,3650,163.31933808,30.531816
294,3651,172.31599776,32.35549536
294,3652,180.188616,28.08049248
294,3653,189.62437056,36.96955776
294,3654,200.13939144,38.37627072
294,3655,210.84613152,38.81298816
294,3656,221.164404,34.28670816
294,3657,230.3452848,32.9184
294,3658,239.42088768,31.4590176
294,3659,247.47571536,27.4649184
294,3660,255.12116616,28.06951968
294,3661,263.17709112,29.12839488
294,3662,270.971772,27.68656896
294,3663,278.711406,27.56806272
294,3664,286.3309488,27.432
294,3665,293.95088784,27.43419456
294,3666,301.48127664,26.61672096
294,3667,308.55973848,24.19392672
294,3668,315.22684224,25.23085632
294,3669,322.97577264,31.03437024
294,3670,332.19612504,33.50654208
294,3671,341.37548184,32.84488224
294,3672,350.61710928,33.83792064
294,3673,359.94667152,33.40449504
294,3674,369.76650456,37.68388704
294,3675,380.57940648,41.46950304
294,3676,393.1497852,46.68048576
294,3677,405.65621688,43.50056832
294,3678,417.51787464,42.0367968
294,3679,429.05287824,40.42818432
294,3680,439.82524176,37.10781504
294,3681,449.55290328,33.6426048
294,3682,458.73555192,31.68286272
294,3683,467.26041168,31.49083872
294,3684,476.42553432,33.28159968
294,3685,484.79134944,26.10648576
294,3686,491.38075968,22.81025664
294,3687,497.575602933333,23.8890048
305,3634,22.8385116,31.3163712
305,3635,30.8576472,32.32696608
305,3636,39.66447744,31.1846976
305,3637,48.3703884,31.9198752
305,3638,57.73930032,35.19306144
305,3639,67.43373864,32.91181632
305,3640,75.41907192,25.6873248
305,3641,82.12390992,23.12846784
305,3642,88.38648312,21.94230816
305,3643,94.31264856,20.73420288
305,3644,100.25865648,22.34830176
305,3645,106.69959864,24.3980208
305,3646,113.89254336,27.102816
305,3647,121.67210616,28.77945984
305,3648,129.67911072,29.02963968
305,3649,137.94693264,30.25530144
305,3650,146.39571432,30.4001424
305,3651,154.57419936,28.1342592
305,3652,162.27299016,27.71070912
305,3653,170.507406,32.16786048
305,3654,179.8347432,34.93849248
305,3655,189.62906448,35.6286816
305,3656,199.97233056,37.79142048
305,3657,210.28216008,37.11439872
305,3658,220.38725544,34.34157216
305,3659,229.583742,32.91620544
305,3660,238.2935544,28.748736
305,3661,245.9504352,27.42870816
305,3662,253.54297272,26.83178784
305,3663,260.81181264,25.92104544
305,3664,267.67578672,22.70052864
305,3665,273.75767448,21.90829248
305,3666,279.85870368,22.41084672
305,3667,286.78659432,27.24107328
305,3668,294.4084536,27.432
305,3669,302.01037896,27.30142368
305,3670,309.6048672,27.54282528
305,3671,317.90399208,32.8690224
305,3672,327.79859256,37.33056288
305,3673,337.57496112,33.0500736
305,3674,346.727526,33.3737712
305,3675,356.09902872,33.45826176
305,3676,365.25455016,32.85366048
305,3677,374.4905388,34.90776864
305,3678,385.53271128,44.16222816
305,3679,398.01311304,44.4837312
305,3680,410.24278632,43.78256928
305,3681,422.06033952,40.46329728
305,3682,432.8810748,38.3993136
305,3683,443.39441928,36.73583712
305,3684,453.18316272,33.3408528
305,3685,462.23721624,32.38512192
305,3686,471.2361924,33.54714144
305,3687,480.51396912,30.36941856
305,3688,487.90079712,24.6503952
305,3689,494.57222904,23.87900736
305,3690,499.2980616,25.1716032
313,3636,18.9030864,34.2461088
313,3637,24.499062,33.94106496
313,3638,33.8890356,33.6974688
313,3639,42.54066168,28.41626016
313,3640,51.99074184,41.77564416
313,3641,62.29499352,20.7824832
313,3642,66.74870064,23.29635168
313,3643,74.09919648,27.13902624
313,3644,81.65305488,27.13792896
313,3645,88.47713064,20.3106528
313,3646,93.74124,19.9101456
313,3647,99.55496472,20.47853664
313,3648,105.12957384,21.2213952
313,3649,111.51318312,24.92361792
313,3650,118.92918048,27.57025728
313,3651,126.93584976,31.2011568
313,3652,136.23191448,34.45349472
313,3653,145.7489592,33.84779616
313,3654,154.99214112,33.42534336
313,3655,164.25086784,32.90084352
313,3656,173.38697352,32.92059456
313,3657,182.58288096,34.16820192
313,3658,192.68812872,38.01416832
313,3659,203.23283712,37.13414976
313,3660,212.7065088,31.16384928
313,3661,220.89310152,29.46855168
313,3662,229.68853224,31.54350816
313,3663,237.73659336,27.37494144
313,3664,245.30691096,26.56075968
313,3665,252.33968328,24.65697888
313,3666,259.15205472,24.32779488
313,3667,265.8788688,24.1840512
313,3668,272.56118208,24.03482112
313,3669,279.15406704,21.87756864
313,3670,284.42646696,17.54989632
313,3671,289.37523024,19.07401824
313,3672,295.54029792,25.53260832
313,3673,303.22141032,29.90088
313,3674,312.11934528,32.83500672
313,3675,321.36335016,35.07565248
313,3676,331.67979384,36.32984352
313,3677,341.0815632,32.84488224
313,3678,350.32136184,33.83901792
313,3679,359.64162768,32.95461024
313,3680,368.7665472,32.9184
313,3681,377.91423528,33.3463392
313,3682,387.84708816,37.94613696
313,3683,398.2513752,36.594288
313,3684,408.43577952,37.389816
313,3685,419.17714488,39.76103808
313,3686,430.45221504,40.32723456
313,3687,441.40596504,39.97829952
313,3688,452.31850608,38.14913376
313,3689,462.7350156,35.25780096
313,3690,472.26620304,34.91654688
313,3691,481.10037384,27.02052
313,3692,488.12138088,25.14856032
313,3693,494.88471,23.5531152
313,3694,501.4490352,23.6299248
313,3695,508.017018,23.646384
313,3696,512.2873168,23.646384
314,3635,21.35056944,31.8869568
314,3636,28.16510496,31.82331456
314,3637,36.6185196,27.04904928
314,3638,45.01670448,37.39749696
314,3639,56.13309576,40.42598976
314,3640,64.21803768,13.9244832
314,3641,69.63137712,29.90965824
314,3642,78.49837488,32.77904544
314,3643,86.85102264,24.93459072
314,3644,92.681298,19.504152
314,3645,96.94109136,8.0759808
314,3646,100.40520432,20.3764896
314,3647,106.55036856,24.12589536
314,3648,113.7321576,27.10391328
314,3649,121.37553576,27.5856192
314,3650,129.38159544,30.6854352
314,3651,138.21253536,32.52557376
314,3652,147.3468732,32.84488224
314,3653,156.30457944,31.31307936
314,3654,164.91795312,31.77283968
314,3655,173.99879856,32.9019408
314,3656,183.17690568,33.32329632
314,3657,192.47382384,33.47581824
314,3658,201.76580424,33.43192704
314,3659,211.39882536,36.69743232
314,3660,221.3568852,33.57237888
314,3661,230.48003688,32.0460624
314,3662,238.65053616,27.42212448
314,3663,246.25724688,27.432
314,3664,253.82360208,26.52893856
314,3665,260.98673736,25.53809472
314,3666,267.70297488,22.3077024
314,3667,273.76340472,21.90500064
314,3668,279.85974,21.94121088
314,3669,286.13986968,24.00738912
314,3670,293.34665232,27.29922912
314,3671,300.94190256,27.30252096
314,3672,308.68671816,29.4016176
314,3673,317.44048272,32.92278912
314,3674,327.13156824,36.56027232
314,3675,336.82305,33.04348992
314,3676,345.95427888,33.04897632
314,3677,355.20806784,33.24538944
314,3678,364.34972088,32.81306112
314,3679,373.49027664,32.91181632
314,3680,383.13378288,38.34225504
314,3681,394.41330312,40.51267488
314,3682,405.29893032,38.40041088
314,3683,415.97162424,38.43332928
314,3684,426.6428856,38.4048
314,3685,437.219598,37.18352736
314,3686,447.25358352,34.94507616
314,3687,456.58320672,32.78453184
314,3688,465.3370932,30.7677312
314,3689,474.6013368,35.19964512
314,3690,483.24229488,26.85263616
314,3691,490.34626848,24.63283872
314,3692,496.9213836,23.56737984
315,3688,425.5424052,31.4480448
315,3689,431.04294792,33.07311648
315,3690,440.23047336,33.05994912
315,3691,449.31936552,31.711392
315,3692,457.89201792,30.67226784
315,3693,466.41437832,30.72054816
315,3694,474.94624848,30.394656
315,3695,482.76391128,25.87057056
315,3696,489.86437968,25.5556512
315,3697,496.96347648,25.54577568
315,3698,504.05669064,25.5446784
315,3699,508.3160268,25.5556512
326,3638,23.2500569142857,30.1046605714286
326,3639,30.19522536,28.97148384
326,3640,38.26486632,27.87969024
326,3641,45.79903464,27.87310656
326,3642,54.38951784,33.4834992
326,3643,63.35545368,25.43824224
326,3644,68.04303384,19.30005792
326,3645,75.28721544,25.6105152
326,3646,80.67455544,15.06894624
326,3647,85.17020304,17.82860544
326,3648,90.3253464,18.64717632
326,3649,95.67553128,20.19324384
326,3650,101.37961944,20.5246224
326,3651,107.61280992,26.65622304
326,3652,115.82134824,30.3288192
326,3653,124.7875584,34.893504
326,3654,134.91691584,37.8726192
326,3655,145.59445608,38.37078432
326,3656,156.21463296,37.80349056
326,3657,166.26772944,34.70367456
326,3658,175.88962536,35.16014304
326,3659,186.0160872,37.3294656
326,3660,196.4137296,38.2018032
326,3661,207.50028096,40.9504896
326,3662,218.63733768,36.16415424
326,3663,226.37316168,22.5381312
326,3664,232.65118824,23.3665776
326,3665,239.57661,25.17818688
326,3666,246.24328704,23.04288
326,3667,252.42813624,21.93901632
326,3668,258.57628752,22.58421696
326,3669,264.91396344,22.56666048
326,3670,271.03468272,21.77771616
326,3671,277.1125776,21.9456
326,3672,283.20693168,21.99278304
326,3673,289.83883104,26.42908608
326,3674,297.77429904,31.00145184
326,3675,306.79305672,32.85475776
326,3676,315.9143796,32.90852448
326,3677,325.64899056,38.35871424
326,3678,336.02282808,34.38765792
326,3679,345.45181608,34.36790688
326,3680,355.07861928,34.39094976
326,3681,364.34475264,32.8141584
326,3682,373.48521696,32.9129136
326,3683,382.88479176,35.7932736
326,3684,393.13969632,36.33423264
326,3685,403.0326204,36.06649632
326,3686,413.37536832,38.16230112
326,3687,424.16519688,39.50427456
326,3688,435.138576,39.48123168
326,3689,446.19583608,39.99695328
326,3690,457.06274856,37.45784736
326,3691,466.62432456,31.66311168
326,3692,475.08813288,28.06074144
326,3693,481.86459888,22.27039488
326,3694,488.3142888,23.90753664
326,3695,494.97770448,24.68770272
326,3696,499.5459656,25.621488
339,3641,22.7932107,35.5299264
339,3642,31.69487184,35.5134672
339,3643,41.30265552,33.37706304
339,3644,50.6534928,34.23074688
339,3645,60.1452696,33.38145216
339,3646,66.7830516,19.22544288
339,3647,73.91973024,24.43532832
339,3648,78.82679688,14.56529472
339,3649,83.31976224,17.56855008
339,3650,87.88014936,15.04041696
339,3651,91.98083712,16.52284224
339,3652,97.8031572,23.92509312
339,3653,104.22931656,22.2912432
339,3654,111.52318056,30.2520096
339,3655,120.05715384,32.29185312
339,3656,129.84882336,37.74972384
339,3657,140.42907144,37.93955328
339,3658,150.95360208,37.88578656
339,3659,161.49620736,37.79471232
339,3660,171.98788056,37.27350432
339,3661,182.22431424,36.63049824
339,3662,192.2667732,36.27388224
339,3663,202.20669744,34.53249888
339,3664,212.05310904,36.99589248
339,3665,221.9442348,32.616648
339,3666,230.11756872,27.4813776
339,3667,237.73281384,27.37274688
339,3668,245.3385492,27.42980544
339,3669,252.72873,24.51213792
339,3670,258.46101216,16.45481088
339,3671,262.50034368,14.17576032
339,3672,266.69966472,17.69802912
339,3673,272.39677296,21.79088352
339,3674,278.4829584,22.13872128
339,3675,285.27091536,26.965656
339,3676,292.86049632,27.3003264
339,3677,300.80644944,31.00035456
339,3678,309.83349768,32.83281216
339,3679,318.98776944,33.89936832
339,3680,329.211432,39.14875584
339,3681,339.75678048,35.0361504
339,3682,349.01767128,33.27282144
339,3683,358.26155424,32.97655584
339,3684,367.2882672,32.2271136
339,3685,376.29940488,32.6221344
339,3686,385.3644312,32.67041472
339,3687,394.4354316,32.6221344
339,3688,403.49628216,32.6221344
339,3689,412.55890056,32.65176096
339,3690,421.62752352,32.62871808
339,3691,430.45087392,30.00731616
339,3692,438.47174688,28.62913248
339,3693,446.42672208,28.65875904
339,3694,454.38690936,28.6609536
339,3695,462.3471576,28.65985632
339,3696,470.31670224,28.71691488
339,3697,478.28414376,28.65875904
339,3698,486.24436152,28.6609536
339,3699,494.20177512,28.40199552
339,3700,501.86740368,27.1137888
339,3701,509.42836392,27.2344896
339,3702,516.61568,27.2344896
343,3643,22.26752976,34.8496128
343,3644,29.45169624,34.0376256
343,3645,38.38578048,30.30028992
343,3646,46.4829144,28.09914624
343,3647,54.1062672,26.93602944
343,3648,61.58919864,26.94480768
343,3649,68.72743176,22.54142304
343,3650,74.0903268,17.83518912
343,3651,78.89754096,17.46979488
343,3652,83.89248144,18.55939392
343,3653,89.49924696,22.329648
343,3654,96.42006624,27.0808704
343,3655,104.43472128,30.696408
343,3656,113.34469584,32.8799952
343,3657,122.61284088,34.64003232
343,3658,132.89718912,38.596824
343,3659,143.61557256,38.36968704
343,3660,154.2769584,38.4048
343,3661,164.93633256,38.35103328
343,3662,175.59899856,38.41248096
343,3663,186.27032088,38.42564832
343,3664,196.92128256,37.5160032
343,3665,206.58210144,32.43120768
343,3666,215.43178656,31.6345824
343,3667,224.21481192,31.61922048
343,3668,232.86180504,28.87053408
343,3669,239.89719864,23.53226688
343,3670,246.41854704,23.11200864
343,3671,252.67087896,22.19577984
343,3672,258.75956376,20.8867248
343,3673,264.12724416,18.60109056
343,3674,269.3025348,18.53196192
343,3675,274.4626464,18.6866784
343,3676,279.78012624,21.32892864
343,3677,286.79019096,27.4649184
343,3678,294.7108152,28.913328
343,3679,302.83925208,31.00145184
343,3680,311.81140584,32.83171488
343,3681,321.06860856,35.28742752
343,3682,331.49572512,36.66670848
343,3683,341.03288664,33.39681408
343,3684,350.372934,34.29877824
343,3685,359.78875464,33.04129536
343,3686,368.9155944,32.9184
343,3687,378.07370664,33.60200544
343,3688,387.99762888,37.30093632
343,3689,398.01893472,34.00360992
343,3690,407.20027272,32.9184
343,3691,416.34927144,32.94802656
343,3692,425.49656328,32.9184
343,3693,434.64044136,32.9074272
343,3694,443.83988448,33.32219904
343,3695,452.78582544,30.99047904
343,3696,461.25569928,29.17009152
343,3697,468.97110168,27.95759712
343,3698,476.8943472,27.19279296
343,3699,483.3782052,20.84173632
343,3700,489.4484496,23.3281728
343,3701,496.44997992,26.88994368
353,3662,145.8730128,50.6614176
353,3663,153.55897152,50.45951808
353,3664,167.52027456,49.6025424
353,3665,180.93808872,45.22658976
353,3666,192.62207856,40.8846528
353,3667,203.76584088,37.12537152
353,3668,212.80489824,30.16751904
353,3669,221.18427696,30.15435168
353,3670,229.44298536,27.82372896
353,3671,236.33335512,23.29744896
353,3672,242.74253712,22.15737504
353,3673,248.51535768,20.10875328
353,3674,254.09996424,20.01877632
353,3675,259.55103792,18.26751744
353,3676,264.17613408,16.08173568
353,3677,269.0097744,19.86954624
353,3678,274.9995516,22.81903488
353,3679,282.06423648,27.3826224
353,3680,289.72434816,27.85555008
353,3681,297.42198072,27.42541632
353,3682,305.47357752,31.52924352
353,3683,314.54555328,32.8470768
353,3684,324.169278,38.13486912
353,3685,335.19471696,39.0302496
353,3686,345.84552624,37.90444032
353,3687,356.27221608,37.62902304
353,3688,366.85520736,38.37627072
353,3689,377.32709904,36.47687904
353,3690,387.83446944,39.8806416
353,3691,398.86521192,38.96770464
353,3692,409.45280568,37.86493824
353,3693,419.87004672,36.77972832
353,3694,429.88074552,34.97799456
353,3695,439.40464824,33.85328256
353,3696,448.55605488,31.00145184
353,3697,456.53236608,27.37603872
353,3698,463.76517864,24.43971744
353,3699,470.43773832,24.44849568
353,3700,477.31865928,24.58236384
353,3701,483.6834624,21.46938048
353,3702,489.56911992,20.61021024
353,3703,495.7056888,24.85997568
353,3704,499.8512736,26.7626592
361,3685,324.33499776,32.0296032
361,3686,331.00737456,32.02740864
361,3687,339.89616552,32.25125376
361,3688,349.37736576,35.81851104
361,3689,359.33307864,35.74499328
361,3690,369.27089976,35.76803616
361,3691,379.22886816,36.01053504
361,3692,389.24578488,36.07746912
361,3693,399.25654464,36.0237024
361,3694,409.2627324,36.03138336
361,3695,419.27745456,36.04784256
361,3696,429.28449576,36.0237024
361,3697,439.26565944,35.02298304
361,3698,447.703956,26.12843136
361,3699,454.83920208,25.676352
361,3700,461.97045528,25.676352
361,3701,469.1089932,25.7257296
361,3702,476.24859792,25.67964384
361,3703,483.2888988,24.65478432
361,3704,490.01223816,24.1072416
361,3705,496.70942568,24.0962688
361,3706,503.40070008,24.09736608
361,3707,507.4190004,24.1072416
369,3691,367.2684171,29.6731944
369,3692,374.32658688,27.48576672
369,3693,382.34453376,32.45973696
369,3694,392.23252008,36.51528384
369,3695,402.28549464,35.17660224
369,3696,412.0158384,37.41066432
369,3697,419.2480312,43.4449728
374,3647,19.9708008,40.05072
374,3648,26.35764096,40.04633088
374,3649,37.4954292,39.82468032
374,3650,47.29218888,29.3138352
374,3651,54.91194504,27.16536096
374,3652,62.5666008,28.08707616
374,3653,70.40599584,27.73704384
374,3654,76.75071264,17.76606048
374,3655,81.20637048,15.49688544
374,3656,85.93448904,18.38273184
374,3657,91.08301824,18.59450688
374,3658,96.63065256,21.7645488
374,3659,102.93480048,23.28537888
374,3660,109.92173088,27.42870816
374,3661,118.1645592,32.1996816
374,3662,127.70226936,35.66050272
374,3663,137.74530744,36.74571264
374,3664,148.57981968,40.43586528
374,3665,159.45669912,38.35432512
374,3666,170.21760216,38.94136992
374,3667,180.93302904,38.41467552
374,3668,191.60651544,38.42455104
374,3669,202.13549616,35.24134176
374,3670,210.8867004,31.03327296
374,3671,219.8334948,31.69383552
374,3672,227.2991136,22.29343776
374,3673,232.96501032,17.82860544
374,3674,237.58681464,16.44493536
374,3675,242.14381848,16.41421152
374,3676,246.714264,16.4592
374,3677,251.28650784,16.46029728
374,3678,255.94577208,17.65962432
374,3679,261.09417936,18.8402976
374,3680,266.30363808,19.3176144
374,3681,272.25110904,24.27293088
374,3682,279.95459376,31.00693824
374,3683,288.89526168,31.4590176
374,3684,297.1074576,27.93784608
374,3685,304.7417832,27.432
374,3686,312.34565928,27.34860672
374,3687,319.98690384,28.48758336
374,3688,328.75898688,33.82255872
374,3689,338.03871432,32.9129136
374,3690,347.13172128,32.38731648
374,3691,356.046024,32.25015648
374,3692,365.11089792,32.81196384
374,3693,374.0702196,31.65872256
374,3694,382.82151528,32.6879712
374,3695,392.40387864,34.56651456
374,3696,401.71661592,32.91510816
374,3697,410.86070736,32.93266464
374,3698,420.01055952,32.9787504
374,3699,429.52623264,35.92714176
374,3700,439.73913576,36.42750144
374,3701,449.20503504,31.5138816
374,3702,457.10060472,25.00042752
374,3703,463.60543296,23.481792
374,3704,470.51939424,26.46419904
374,3705,478.0257648,26.65073664
374,3706,484.76879424,22.11458112
374,3707,490.86220344,21.94669728
374,3708,496.95853872,21.94669728
374,3709,500.3115216,21.9456
387,3649,21.9321888,33.2146656
387,3650,28.80366096,32.09544
387,3651,37.1883432,28.53257184
387,3652,44.58955776,24.78865248
387,3653,51.16625784,23.36548032
387,3654,57.8233032,24.195024
387,3655,64.54585008,24.1346736
387,3656,70.887336,21.43426752
387,3657,76.92597264,22.17932064
387,3658,83.23374768,23.72648544
387,3659,89.92816152,23.9371632
387,3660,96.7301088,25.89361344
387,3661,104.30548608,28.22313888
387,3662,112.66547952,32.29075584
387,3663,122.2124556,36.2157264
387,3664,132.5997348,38.46295584
387,3665,143.70518376,41.4552384
387,3666,154.88780808,38.58255936
387,3667,165.54949872,38.76909696
387,3668,176.6936268,41.1644592
387,3669,187.67301048,36.59099616
387,3670,197.17179768,32.95022112
387,3671,206.08677096,30.64812768
387,3672,214.39628952,29.48720544
387,3673,221.66775072,22.55678496
387,3674,227.7392448,21.21920064
387,3675,233.1090588,17.59269024
387,3676,238.05773064,18.56926944
387,3677,243.04572168,16.89920928
387,3678,247.63058424,16.4592
387,3679,252.2024928,16.4592
387,3680,256.8653232,18.10512
387,3681,262.34321928,20.35344672
387,3682,268.16688048,21.6383616
387,3683,274.54652736,25.43824224
387,3684,282.10340328,28.9846512
387,3685,290.5995204,30.71945088
387,3686,299.04732672,30.41989344
387,3687,307.4237184,29.61339264
387,3688,315.49049424,28.22533344
387,3689,323.44074504,31.03217568
387,3690,332.64613176,32.95570752
387,3691,341.30854776,30.5098704
387,3692,349.8584316,30.44952
387,3693,358.45251144,32.11299648
387,3694,367.5494808,32.9184
387,3695,376.66382376,32.47839072
387,3696,385.9398936,34.76292768
387,3697,395.4569688,32.31379872
387,3698,403.62265224,27.56257632
387,3699,411.19732848,26.52454944
387,3700,418.56221088,27.27179712
387,3701,426.33643968,28.88918784
387,3702,434.58694896,31.18908672
387,3703,443.3700048,30.56363712
387,3704,451.64556864,29.35553184
387,3705,459.6851868,28.15291296
387,3706,467.61925272,30.60423648
387,3707,476.639382,32.65176096
387,3708,484.81646496,26.5157712
387,3709,492.1748856,27.01722816
387,3710,498.2553916,27.432
396,3652,21.8130882,30.943296
396,3653,27.78422688,29.50147008
396,3654,35.23314264,24.441912
396,3655,41.85400824,23.80439232
396,3656,48.47033232,23.81426784
396,3657,55.08488856,23.810976
396,3658,61.69978008,23.81536512
396,3659,67.30276608,15.84691776
396,3660,73.63718064,30.53291328
396,3661,81.46895568,25.4678688
396,3662,88.70481624,26.83727424
396,3663,96.25556568,27.94113792
396,3664,104.48245296,31.46340672
396,3665,113.60008776,34.6521024
396,3666,123.8080836,37.83092256
396,3667,134.70264144,41.72078016
396,3668,146.73641976,43.99434432
396,3669,159.06128208,44.26646976
396,3670,171.25654344,43.6882032
396,3671,182.73863376,38.0152656
396,3672,192.39716664,31.65323616
396,3673,200.53358928,27.94333248
396,3674,208.23262392,26.28314784
396,3675,214.65777744,21.15226656
396,3676,220.42870824,18.68448384
396,3677,224.334324,11.20432608
396,3678,227.49598392,12.46400352
396,3679,231.6387036,16.4537136
396,3680,236.2114656,16.4592
396,3681,240.80538072,17.3534832
396,3682,246.32902728,21.81721824
396,3683,252.42402144,22.04654976
396,3684,259.16558784,26.85263616
396,3685,266.73371088,27.1521936
396,3686,274.30820424,28.0684224
396,3687,282.76018632,32.47180704
396,3688,291.88065576,32.78562912
396,3689,300.99981456,32.9238864
396,3690,310.13393904,32.82732576
396,3691,319.2685512,33.21576288
396,3692,328.6777272,32.96448576
396,3693,336.88897824,27.43968096
396,3694,344.48593536,27.20815488
396,3695,351.9391488,26.554176
396,3696,359.40406656,27.21473856
396,3697,367.01446536,27.84457728
396,3698,374.77269216,27.56806272
396,3699,382.47943824,28.59731136
396,3700,390.63920856,29.51024832
396,3701,398.57998008,27.60098112
396,3702,406.19912664,27.47808576
396,3703,414.118044,29.75055264
396,3704,422.40519024,29.5881552
396,3705,430.5007392,29.11193568
396,3706,439.0547988,32.44986144
396,3707,447.79045824,29.37857472
396,3708,455.84062248,30.45061728
396,3709,464.64224064,32.27210208
396,3710,474.13429176,35.26548192
396,3711,483.15576216,29.83065408
396,3712,491.203488,28.00916928
396,3713,497.891932114286,29.5842363428571
397,3651,23.5845096,30.5811936
397,3652,31.31091528,25.76193984
397,3653,38.46908232,25.78498272
397,3654,45.63368064,25.7970528
397,3655,52.70287656,23.87352096
397,3656,58.66482552,20.29199904
397,3657,64.41591384,23.05165824
397,3658,72.40624584,32.63530176
397,3659,81.26873256,28.82335104
397,3660,88.0888764,22.75539264
397,3661,94.66697856,25.00371936
397,3662,101.9181096,26.71108704
397,3663,109.62519096,29.7143424
397,3664,118.22106912,31.61153952
397,3665,127.63143384,36.7753392
397,3666,138.4831368,41.1041088
397,3667,150.3141012,43.26904224
397,3668,162.4382832,44.29609632
397,3669,174.88610184,44.50787136
397,3670,186.66159264,39.3594336
397,3671,196.56396552,32.91071904
397,3672,204.99391056,27.71619552
397,3673,212.55749208,27.185112
397,3674,219.91512024,23.64528672
397,3675,225.24357288,16.94419776
397,3676,229.88134872,15.27084576
397,3677,233.51267496,12.00863232
397,3678,236.8954368,13.33414656
397,3679,241.22265192,16.2177984
397,3680,244.58800968,8.73325152
397,3681,248.38752456,22.32086976
397,3682,256.4416512,28.97258112
397,3683,263.50551312,24.58016928
397,3684,270.20343216,25.12661472
397,3685,277.89125016,29.35224
397,3686,286.48444608,32.23589184
397,3687,295.55334336,32.92059456
397,3688,304.6867668,32.78014272
397,3689,313.78660128,32.8415904
397,3690,323.08199544,34.98018912
397,3691,332.9008836,33.13346688
397,3692,341.14871064,27.61634304
397,3693,348.78367632,27.73046016
397,3694,356.50974672,27.61634304
397,3695,364.11609168,27.6734016
397,3696,372.18756144,30.14557344
397,3697,380.54246472,29.82187584
397,3698,388.89587448,30.43415808
397,3699,397.1659824,28.4579568
397,3700,404.8350552,27.432
397,3701,412.4558172,27.45504288
397,3702,420.13744776,27.57684096
397,3703,427.44429624,26.99089344
397,3704,435.70623552,30.77760672
397,3705,444.25310184,30.77760672
397,3706,452.80636896,30.79077408
397,3707,461.35987992,30.7896768
397,3708,469.92192528,30.84783264
397,3709,478.48238568,30.79296864
397,3710,487.03611,30.79077408
397,3711,495.58983432,30.79187136
397,3712,500.2944528,30.7896768
402,3654,21.051012,26.9491968
402,3655,25.42562352,25.63465536
402,3656,32.25289968,23.9810544
402,3657,38.6248656,21.81502368
402,3658,44.65423632,21.53631456
402,3659,50.76480576,23.97885984
402,3660,58.20387648,28.38334176
402,3661,66.0823164,28.01026656
402,3662,73.73444232,27.1412208
402,3663,81.36992616,28.69826112
402,3664,89.39107344,28.33615872
402,3665,97.44632784,30.98938176
402,3666,106.48474512,33.02922528
402,3667,115.88639256,35.36862624
402,3668,126.25824888,39.0412224
402,3669,137.58897552,41.71748832
402,3670,149.1208092,41.87001024
402,3671,160.92229944,42.74783424
402,3672,172.55182152,38.38395168
402,3673,181.7098728,30.17629728
402,3674,190.0589544,29.1437568
402,3675,197.51460624,25.4898144
402,3676,204.11986608,20.2009248
402,3677,207.47611032,7.84774656
402,3678,211.27129704,17.53233984
402,3679,216.20625288,17.7320448
402,3680,221.1119784,18.05683968
402,3681,226.68649608,21.79966176
402,3682,232.73921448,21.03156576
402,3683,238.56888024,21.7480896
402,3684,245.13274824,25.93750464
402,3685,252.52957368,26.636472
402,3686,259.91624928,26.63537472
402,3687,267.43725024,28.82993472
402,3688,276.19430664,32.890968
402,3689,285.31721448,32.78892096
402,3690,294.60191016,34.93410336
402,3691,304.3354848,33.64370208
402,3692,313.47418128,32.37195456
402,3693,321.87986424,29.21837184
402,3694,330.27771384,29.74616352
402,3695,338.10497784,27.40895712
402,3696,345.70132536,27.25972704
402,3697,353.22833088,27.01064448
402,3698,360.7689,27.28496448
402,3699,368.37451344,27.432
402,3700,375.96318,26.47517184
402,3701,382.96596,25.8464304
402,3702,390.5772732,27.75898944
402,3703,398.32638648,28.52269632
402,3704,406.49264904,30.54717792
402,3705,415.27113288,31.93194528
402,3706,424.27056624,33.1543152
402,3707,433.52822616,33.32768544
402,3708,442.87171776,33.27172416
402,3709,451.55229984,28.8804096
402,3710,459.22999848,27.07099488
402,3711,467.172294,32.43779136
402,3712,476.71012608,32.34891168
402,3713,484.98532416,29.0120832
402,3714,493.04521152,29.0120832
402,3715,501.10153272,28.99233216
402,3716,506.3380272,29.0120832
419,3660,20.8370859428571,19.8294171428571
419,3661,25.96359552,23.08896576
419,3662,32.36753496,23.12627328
419,3663,39.17920536,26.06808096
419,3664,46.49501496,26.61233184
419,3665,54.67758432,32.58592416
419,3666,63.88705536,32.96887488
419,3667,73.40699568,37.1923056
419,3668,84.18722304,39.00172032
419,3669,94.85641176,37.30971456
419,3670,105.03822528,36.54600768
419,3671,114.77615856,32.64188544
419,3672,124.51488432,37.91321856
419,3673,135.16017672,40.45012992
419,3674,146.9460612,41.94133344
419,3675,157.85686488,36.50870016
419,3676,167.07782688,31.23517248
419,3677,175.75191672,31.26918816
419,3678,184.42100784,29.1218112
419,3679,190.72686264,18.22252896
419,3680,196.07293272,20.52681696
419,3681,201.69234744,20.4423264
419,3682,207.77566776,22.67090208
419,3683,214.09148952,22.67309664
419,3684,220.1869104,21.47486688
419,3685,226.2147876,21.42219744
419,3686,231.96465672,20.29638816
419,3687,237.73061928,22.74222528
419,3688,244.90911648,27.42431904
419,3689,252.60382296,28.93307904
419,3690,261.1585836,31.73772672
419,3691,269.99766168,32.09324544
419,3692,279.0599448,32.91949728
419,3693,287.85369912,27.41773536
419,3694,295.45806288,31.025592
419,3695,303.98560488,29.0724336
419,3696,311.73657744,27.33982848
419,3697,319.34828688,27.63719136
419,3698,327.35812608,29.8350432
419,3699,335.36897112,27.6404832
419,3700,342.97784592,27.29922912
419,3701,350.35973616,25.75645344
419,3702,357.186738,22.7905056
419,3703,363.27932424,21.88086048
419,3704,369.37453176,21.9456
419,3705,375.62634552,24.40789632
419,3706,383.27770944,30.38697504
419,3707,392.08012008,31.63129056
419,3708,400.43032944,28.19899872
419,3709,408.60250512,32.1118992
419,3710,417.85918968,33.35621472
419,3711,426.98645616,32.12616384
419,3712,435.6436296,30.778704
419,3713,444.19549464,30.79406592
419,3714,452.74269624,30.74798016
419,3715,461.43754296,31.87378944
419,3716,470.30697912,31.9473072
419,3717,479.1739464,31.89902688
419,3718,488.0352444,31.8979296
419,3719,496.4533632,31.8979296
432,3661,20.5385416,18.8073792
432,3662,23.81253048,17.54440992
432,3663,28.70252832,18.96538752
432,3664,34.54758648,22.39219296
432,3665,41.7169092,31.2944256
432,3666,51.1458972,34.45239744
432,3667,60.71399592,34.1199216
432,3668,69.592698,33.9827616
432,3669,80.41404288,38.96112096
432,3670,90.55388544,35.2830384
432,3671,100.59768552,36.9070128
432,3672,110.85243768,36.97175232
432,3673,121.14742344,37.060632
432,3674,131.39626248,37.11330144
432,3675,141.74992224,37.09684224
432,3676,152.02320624,36.20804544
432,3677,161.60066232,33.412176
432,3678,170.8870344,33.46704
432,3679,180.05063304,30.46817376
432,3680,187.00854648,21.63506976
432,3681,193.00490736,21.5834976
432,3682,198.94043016,20.01767904
432,3683,203.691744,15.34216896
432,3684,207.99067368,16.48224288
432,3685,213.34402848,21.2213952
432,3686,219.2702244,21.58020576
432,3687,225.32434488,21.87537408
432,3688,231.41610816,21.94340544
432,3689,237.7426284,24.92142336
432,3690,245.22461496,28.36907712
432,3691,253.83573312,33.49776384
432,3692,263.43729888,34.54676352
432,3693,272.70611448,32.76148896
432,3694,281.9784048,34.02445824
432,3695,291.29001432,32.91071904
432,3696,300.42721728,32.7922128
432,3697,309.51217752,31.95718272
432,3698,317.6742948,27.33982848
432,3699,325.0812396,26.40714048
432,3700,332.3540724,24.56919648
432,3701,338.65020408,21.92584896
432,3702,344.72608728,21.973032
432,3703,350.98698408,23.0099616
432,3704,357.34185072,22.37024736
432,3705,363.43144992,21.87537408
432,3706,369.526566,21.9456
432,3707,375.71748072,23.85376992
432,3708,383.21690184,29.72750976
432,3709,391.75636152,30.65141952
432,3710,399.81378,27.53953344
432,3711,407.57084856,29.38845024
432,3712,416.3516184,32.9129136
432,3713,425.50028184,32.9184
432,3714,434.64409896,32.90632992
432,3715,443.78136288,32.90632992
432,3716,452.92615536,32.90413536
432,3717,461.6057316,29.7308016
432,3718,470.55307464,35.81412192
432,3719,480.76049136,34.70148
432,3720,489.58384176,30.54498336
432,3721,497.0832705,29.1519864
439,3664,20.0462388,18.8951616
439,3665,23.04885408,18.214848
439,3666,28.0723848,18.78214176
439,3667,34.08276648,25.48103616
439,3668,42.8055024,36.57343968
439,3669,53.1790656,37.3953024
439,3670,63.31034328,32.82952032
439,3671,73.03078104,41.9215824
439,3672,84.64396584,39.09279456
439,3673,95.4276984,39.08840544
439,3674,106.2484032,38.37517344
439,3675,116.79277632,38.25447264
439,3676,127.4257548,38.16669024
439,3677,138.12935544,38.60560224
439,3678,148.7923872,38.37297888
439,3679,159.40698624,36.9947952
439,3680,168.96688584,32.59799424
439,3681,177.3658632,26.64963936
439,3682,183.75145368,19.47781728
439,3683,188.55912504,16.43505984
439,3684,193.00877832,15.95115936
439,3685,197.55148704,16.46139456
439,3686,202.07651736,16.52174496
439,3687,206.94313704,18.10731456
439,3688,212.30200872,22.79928384
439,3689,219.55204248,25.90897536
439,3690,226.6236768,26.76375648
439,3691,234.2323992,27.432
439,3692,241.83895752,27.40347072
439,3693,249.89686368,31.6894464
439,3694,259.6246776,37.45894464
439,3695,269.84078112,36.14659776
439,3696,280.23827112,38.40809184
439,3697,290.90493,38.26983456
439,3698,301.09509504,34.29658368
439,3699,310.05965928,29.80651392
439,3700,317.38964208,23.31390816
439,3701,323.58842064,22.54142304
439,3702,329.8097544,20.62996128
439,3703,334.76312016,16.45042176
439,3704,339.5665548,19.43502336
439,3705,345.47787648,21.59885952
439,3706,351.22631304,19.99902528
439,3707,356.83112784,20.87465472
439,3708,362.80517736,21.1555584
439,3709,368.23019064,18.38931552
439,3710,374.04117216,25.8354576
439,3711,382.10407704,29.83723776
439,3712,390.40131216,29.8899072
439,3713,399.0568092,32.92498368
439,3714,408.3503136,33.4999584
439,3715,417.66201456,33.53177952
439,3716,426.97036272,33.48459648
439,3717,436.20607704,33.05117088
439,3718,445.40402664,33.15870432
439,3719,454.78793472,35.42897664
439,3720,464.64644688,33.88729824
439,3721,473.90575272,33.39242496
439,3722,483.17392824,33.35950656
439,3723,492.44131128,33.35840928
439,3724,501.6608712,32.96997216
444,3663,4.23711624,16.4592
444,3664,8.8090248,16.4592
444,3665,13.38751704,16.54369056
444,3666,18.06205176,17.15707008
444,3667,22.85076456,17.21851776
444,3668,27.6269196,17.49393504
444,3669,33.34731456,23.99092992
444,3670,40.19120232,24.98945472
444,3671,47.98865688,31.43597472
444,3672,56.89582728,32.49704448
444,3673,67.00116648,40.61911104
444,3674,78.5265384,41.79429792
444,3675,90.2896848,42.68858112
444,3676,101.99686992,39.50317728
444,3677,112.55008224,40.05072
444,3678,124.08715848,41.33782944
444,3679,135.4959444,40.65641856
444,3680,146.699478,40.43037888
444,3681,157.41621552,35.97213024
444,3682,167.17886808,34.920936
444,3683,175.88800992,26.64086112
444,3684,182.88018288,24.78426336
444,3685,188.67321168,15.55065216
444,3686,192.78106224,15.61868352
444,3687,197.1531744,16.45481088
444,3688,202.1496084,18.89735616
444,3689,207.49238664,21.095208
444,3690,214.44469176,27.4649184
444,3691,222.10407192,28.19680416
444,3692,230.34120048,30.56802624
444,3693,238.73243592,29.70995328
444,3694,246.95051448,29.70446688
444,3695,255.62359848,32.96119392
444,3696,265.45522728,37.8671328
444,3697,275.88112464,36.77972832
444,3698,286.05044136,36.38470752
444,3699,295.6128708,32.77136448
444,3700,305.05322784,33.34414464
444,3701,313.21123032,26.03077344
444,3702,319.73187768,21.88415232
444,3703,325.71702192,21.25102176
444,3704,331.3329924,18.12048192
444,3705,335.98619112,16.4592
444,3706,340.55611848,16.39665504
444,3707,345.10589856,16.53820416
444,3708,350.07791808,19.38125664
444,3709,355.53200928,19.82455776
444,3710,361.31071248,21.73601952
444,3711,367.4458488,23.31500544
444,3712,374.63480064,27.42980544
444,3713,382.50501096,30.68872704
444,3714,391.60359576,33.12029952
444,3715,400.11440424,27.9367488
444,3716,407.87479512,29.9612304
444,3717,417.0566208,34.56761184
444,3718,426.6512676,34.5314016
444,3719,436.24268352,34.51165056
444,3720,445.82803392,34.5259152
444,3721,455.3725716,34.04969568
444,3722,464.84426208,34.30755648
444,3723,474.37977768,34.30755648
444,3724,483.90206496,34.2790272
444,3725,493.42374264,34.27792992
444,3726,500.0854362,34.235136
456,3671,20.8435448,24.8314464
456,3672,25.2362208,24.11163072
456,3673,32.04350208,25.7915664
456,3674,39.17576112,27.76228128
456,3675,49.4707164,43.97020416
456,3676,61.23773376,32.78124
456,3677,67.62167832,30.1642272
456,3678,79.41067176,44.19734112
456,3679,90.05425728,33.21686016
456,3680,99.40512504,34.47873216
456,3681,108.87977208,33.50434752
456,3682,118.11749808,32.54422752
456,3683,125.51813352,26.35776288
456,3684,134.64155952,33.90156288
456,3685,143.843502,32.88657888
456,3686,152.88664368,31.00584096
456,3687,160.82744568,27.37823328
456,3688,168.43790544,27.39140064
456,3689,175.85752992,26.2743696
456,3690,183.10820376,25.62587712
456,3691,190.19742504,25.60393152
456,3692,197.59565256,27.77435136
456,3693,205.35948768,27.95211072
456,3694,213.10445568,27.75240576
456,3695,220.80650784,27.68327712
456,3696,228.54562368,28.9023552
456,3697,237.068868,32.1887088
456,3698,246.17906568,32.90523264
456,3699,255.47503896,35.42458752
456,3700,265.95037488,38.38504896
456,3701,276.52739208,36.99808704
456,3702,286.08844992,32.78562912
456,3703,295.20623712,32.45644512
456,3704,303.51883416,27.62621856
456,3705,310.69342992,23.22832032
456,3706,316.82774328,21.94450272
456,3707,323.1021732,24.29816832
456,3708,330.23019552,25.15953312
456,3709,336.66065256,21.94121088
456,3710,342.74513112,21.86659584
456,3711,348.8301888,21.9456
456,3712,354.92594496,21.94450272
456,3713,361.29068712,24.82925184
456,3714,368.6810508,27.43309728
456,3715,376.30138608,27.42761088
456,3716,384.16611,29.81529216
456,3717,392.6529612,30.10716864
456,3718,400.56438048,27.41992992
456,3719,408.4278852,30.4550064
456,3720,417.41046312,32.8196448
456,3721,426.23936088,30.70957536
456,3722,434.67460944,30.5482752
456,3723,443.11811808,29.09767104
456,3724,450.88594608,27.96308352
456,3725,458.8716756,29.43782784
456,3726,466.93192872,28.46673504
456,3727,474.90116856,28.80689184
456,3728,482.9013456,28.8036
456,3729,490.90118736,28.8036
456,3730,498.1003119,28.7912556
467,3675,23.6957616,30.4651954285714
467,3676,31.04381904,31.79697984
467,3677,40.0822668,32.47070976
467,3678,48.95679312,33.15760704
467,3679,59.48976672,41.45084928
467,3680,70.70601048,37.49186304
467,3681,80.8251876,37.21754304
467,3682,91.04183976,36.53503488
467,3683,101.2528836,36.75449088
467,3684,111.86309352,38.39053536
467,3685,121.87979688,34.50726144
467,3686,131.27333664,33.4560672
467,3687,140.494512,32.8690224
467,3688,149.1855792,28.82115648
467,3689,156.86751456,27.43419456
467,3690,164.37611016,26.14598784
467,3691,171.17531424,22.90791456
467,3692,177.35059272,22.1321376
467,3693,184.18689096,27.41444352
467,3694,191.95566384,27.98941824
467,3695,199.72556448,28.0300176
467,3696,207.80751936,30.28931712
467,3697,216.26446968,30.41550432
467,3698,224.71114824,30.4166016
467,3699,233.17690728,30.33320832
467,3700,241.39181592,29.2315392
467,3701,249.6010248,29.62656
467,3702,257.82172464,30.2136048
467,3703,267.63366336,39.45379968
467,3704,278.4041676,38.3554224
467,3705,288.4994484,33.46923456
467,3706,296.95697784,27.85664736
467,3707,304.12066176,23.35999392
467,3708,310.28618664,21.86440128
467,3709,316.3685316,21.9456
467,3710,322.64850888,24.8095008
467,3711,330.23988816,28.18583136
467,3712,337.51826832,23.32049184
467,3713,343.64907648,21.8687904
467,3714,349.69953936,21.61422144
467,3715,355.69876536,21.85452576
467,3716,362.010198,23.74294464
467,3717,369.13319112,27.30361824
467,3718,376.75419696,27.69863904
467,3719,385.39670952,35.12722464
467,3720,395.32005264,34.66636704
467,3721,404.59636632,32.91730272
467,3722,413.73896424,32.52118464
467,3723,422.12251872,28.03769856
467,3724,429.86090304,27.8599392
467,3725,437.599074,27.83689632
467,3726,445.33267296,27.85884192
467,3727,453.07200216,27.8654256
467,3728,460.89551712,28.56549024
467,3729,468.87021288,28.74983328
467,3730,476.85201048,28.7048448
467,3731,484.82390208,28.6993584
467,3732,492.79573272,28.69826112
467,3733,499.568854628572,28.6578185142857
472,3677,22.7248381333333,35.7688896
472,3678,32.02673808,36.51308928
472,3679,42.6611796,38.96331552
472,3680,53.38440936,37.56428352
472,3681,63.56430264,37.32507648
472,3682,74.71556304,42.09824448
472,3683,86.3816916,41.60007936
472,3684,97.82107944,41.0547312
472,3685,109.13360952,39.40442208
472,3686,119.68020768,37.42931808
472,3687,129.80282904,34.29109728
472,3688,138.67086312,30.74359104
472,3689,147.00744792,27.7282656
472,3690,153.99221424,24.13796544
472,3691,160.67376552,23.72868
472,3692,167.17109568,23.30403264
472,3693,173.59749888,23.2513632
472,3694,180.40252464,25.43824224
472,3695,187.46538072,25.5282192
472,3696,194.80615344,27.33763392
472,3697,202.50076848,28.88918784
472,3698,211.03160232,31.52704896
472,3699,219.87116808,32.28417216
472,3700,228.58588776,30.38148864
472,3701,237.17359728,31.44585024
472,3702,245.9219364,31.90231872
472,3703,255.35071104,35.70988032
472,3704,265.3127028,35.65940544
472,3705,274.84093368,33.18942816
472,3706,284.03431128,32.10751008
472,3707,291.76562424,25.49200896
472,3708,298.82488368,22.76636544
472,3709,304.80158496,21.75138144
472,3710,310.80864432,21.5670384
472,3711,316.8100344,21.6493344
472,3712,322.82264112,21.6493344
472,3713,328.83497352,21.64494528
472,3714,334.847184,21.6493344
472,3715,340.85552352,21.57142752
472,3716,346.94753064,22.52606112
472,3717,353.5106976,25.10466912
472,3718,360.63728736,25.64782272
472,3719,367.77936096,25.80583104
472,3720,375.28810896,29.18874528
472,3721,383.8767024,31.7059056
472,3722,392.68426416,31.67408448
472,3723,401.47929864,31.66311168
472,3724,410.27433312,31.66969536
472,3725,419.07707904,31.66091712
472,3726,427.95209304,32.5014336
472,3727,437.0472336,32.74612704
472,3728,446.14423344,32.77136448
472,3729,455.24940192,32.64078816
472,3730,463.85253432,29.59254432
472,3731,472.16058984,30.05669376
472,3732,480.49808904,30.00182976
472,3733,488.58537792,26.8065504
472,3734,495.47239488,24.19392672
472,3735,501.180854742857,24.1495652571429
484,3679,24.18889752,32.83720128
484,3680,33.58252872,35.30278944
484,3681,43.69423824,36.5229648
484,3682,53.866542,37.73984832
484,3683,65.35573416,44.10078048
484,3684,77.608938,43.02325152
484,3685,88.75309656,37.89127296
484,3686,99.21566136,37.87920288
484,3687,109.64238168,36.6601248
484,3688,119.46398256,34.22745504
484,3689,128.70198288,32.36646816
484,3690,137.17423416,28.26373824
484,3691,144.78957072,26.62879104
484,3692,151.61584104,22.61055168
484,3693,157.78971744,22.30441056
484,3694,164.29844712,24.68770272
484,3695,171.2242956,25.06626432
484,3696,178.57360272,27.99490464
484,3697,186.422538,28.3043376
484,3698,194.64015936,31.4535312
484,3699,203.15709432,29.25129024
484,3700,211.72928952,33.11700768
484,3701,221.05296912,33.1159104
484,3702,230.0403324,30.91805856
484,3703,238.71917712,32.66383104
484,3704,247.78139928,32.83171488
484,3705,257.61296712,37.63780128
484,3706,267.78383832,34.12431072
484,3707,276.21774576,26.52016032
484,3708,282.5927292,19.47452544
484,3709,287.39780976,16.43286528
484,3710,291.9354588,16.4098224
484,3711,297.05923824,21.07106784
484,3712,303.38417352,23.8768128
484,3713,309.92454144,23.89656384
484,3714,316.82371992,24.5132352
484,3715,323.55507552,25.59186144
484,3716,331.04364576,26.10319392
484,3717,337.85187192,23.59042272
484,3718,344.00477808,20.85490368
484,3719,350.24074224,24.46495488
484,3720,357.1660116,26.3731248
484,3721,365.36958168,31.63677696
484,3722,374.25642192,32.51130912
484,3723,383.85320232,37.39091328
484,3724,394.55741256,37.76728032
484,3725,404.4036108,33.275016
484,3726,413.4308724,32.85585504
484,3727,422.5101024,31.33502496
484,3728,431.04886104,29.70227232
484,3729,438.85232016,27.91699776
484,3730,446.80153464,30.66458688
484,3731,456.03331704,34.15942368
484,3732,465.52405752,34.19563392
484,3733,475.02604512,34.1747856
484,3734,484.55522088,35.28742752
484,3735,493.331993485714,38.6712822857143
494,3708,254.3991864,34.1034624
494,3709,259.9907424,36.44834976
494,3710,268.98014784,29.35662912
494,3711,277.04165064,27.62731584
494,3712,284.66762472,27.98502912
494,3713,292.78578984,28.95063552
494,3714,300.1706976,24.72281568
494,3715,307.65701232,31.162752
494,3716,316.3239927,39.0947148
501,3696,127.7913624,18.2258208
501,3697,132.69175392,17.5345344
501,3698,137.35269456,18.44966592
501,3699,143.23566984,21.92036256
501,3700,149.3236536,21.93791904
501,3701,155.41971456,21.9456
501,3702,161.51330664,21.89293056
501,3703,167.95147512,26.0219952
501,3704,175.6009188,27.47808576
501,3705,183.22158936,27.43858368
501,3706,190.84585656,27.44516736
501,3707,198.47399472,28.00148832
501,3708,207.15774672,34.32730752
501,3709,216.77906352,35.13600288
501,3710,227.04646488,38.21497056
501,3711,237.63844776,38.03282208
501,3712,248.13411384,37.59720192
501,3713,258.5944536,39.01159584
501,3714,271.2249084,49.19545152
501,3715,283.48832304,39.82797216
501,3716,294.2408136,38.26654272
501,3717,305.16006024,39.93989472
501,3718,315.71674728,34.58516832
501,3719,324.39735984,30.64593312
501,3720,333.0462732,29.78237376
501,3721,340.83784512,27.35080128
501,3722,348.8742324,31.54899456
501,3723,357.96166152,32.78782368
501,3724,367.30719528,35.93153088
501,3725,377.8143828,38.0317248
501,3726,388.21729824,37.63560672
501,3727,398.8036728,38.1524256
501,3728,409.40184312,38.16010656
501,3729,420.00818208,38.17766304
501,3730,430.41755928,35.20293696
501,3731,439.47142992,31.5687456
501,3732,448.24454928,31.59727488
501,3733,457.0213872,31.59837216
501,3734,465.80051112,31.63238784
501,3735,474.1205148,27.97625088
501,3736,481.9613424,28.74654144
501,3737,489.94554792,28.7432496
501,3738,497.92871712,28.72459584
501,3739,505.109607,28.741878
504,3683,36.7431997333333,9.4926912
504,3684,43.76580528,37.24936416
504,3685,54.18972144,37.49296032
504,3686,64.60339632,37.56867264
504,3687,75.32458392,39.78627552
504,3688,86.4261924,39.886128
504,3689,97.48259904,39.49000992
504,3690,107.64463104,33.36060384
504,3691,116.76513096,32.85914688
504,3692,125.83991088,32.28526944
504,3693,134.75464032,31.76186688
504,3694,143.44887744,30.50767584
504,3695,150.57702168,20.76273216
504,3696,155.96801928,18.61425792
504,3697,161.25663456,20.1570336
504,3698,166.65375864,17.81104896
504,3699,171.55811256,17.4248064
504,3700,176.31192576,17.09123328
504,3701,181.59932184,21.96535104
504,3702,187.96869696,23.04178272
504,3703,194.3665404,23.0209344
504,3704,200.75795256,22.97923776
504,3705,205.8658824,23.0209344
515,3695,9.7013268,46.9745568
515,3701,86.420706,50.39477856
515,3702,100.46610336,50.69104416
515,3703,113.863661866667,50.9881632
515,3708,185.5879194,47.4738192
515,3709,197.50070736,48.41089632
515,3710,205.7073864,50.2663968
515,3720,357.682038,47.6164656
515,3721,365.609124,47.83153248
515,3722,379.98041352,56.3837328
515,3723,395.95080576,57.58415712
515,3724,408.7438612,57.5724528
517,3709,208.4676552,33.8181696
517,3710,213.68296608,34.07164128
517,3711,223.16380056,34.75414944
517,3712,233.21080104,37.03429728
517,3713,243.44141304,35.7493824
517,3714,252.73766064,32.00875488
517,3715,261.75760704,35.16892128
517,3716,272.98549416,43.11871488
517,3717,284.77759656,41.9380416
517,3718,296.34945048,40.59497088
517,3719,306.7350228,33.73697088
517,3720,315.27298896,29.01866688
517,3721,323.30498712,28.99123488
517,3722,331.23533448,27.50442048
517,3723,338.66520024,26.54649504
517,3724,346.02703464,26.59587264
517,3725,353.97560904,31.2560208
517,3726,362.8505316,32.00436576
517,3727,371.7715704,32.14591488
517,3728,380.73890832,33.49666656
517,3729,390.96705144,39.06426528
517,3730,401.81421288,39.03793056
517,3731,412.2796428,34.91106048
517,3732,421.47122208,32.65724736
517,3733,430.54179576,32.6550528
517,3734,439.608468,32.62652352
517,3735,448.67468304,32.64408
517,3736,457.74028848,32.42901312
517,3737,466.65693816,32.53325472
517,3738,475.8647328,33.19930368
517,3739,485.08471944,33.19272
517,3740,494.30464512,33.19272
517,3741,499.8363384,33.19272
522,3707,104.823985714286,50.20056
522,3708,117.04679664,53.053488
522,3710,151.072596,50.20056
522,3711,158.76489456,51.133248
522,3712,173.76513888,56.1752496
522,3713,189.40092168,56.72718144
522,3714,205.55928408,59.21690976
522,3715,216.252044,59.25312
527,3686,20.8939384,40.9943808
527,3687,28.37343576,36.22889376
527,3688,37.87450896,31.711392
527,3689,46.8204804,37.46333376
527,3690,57.9220584,40.13630784
527,3691,69.14253888,41.6088576
527,3692,80.97048576,42.74015328
527,3693,92.79251952,41.60446848
527,3694,102.2402832,25.7696208
527,3695,108.94362768,23.9536224
527,3696,115.60984752,23.83511616
527,3697,121.44780384,17.87359392
527,3698,126.24285648,16.56673344
527,3699,130.0258512,11.439144
527,3700,133.83042576,15.75474624
527,3701,138.17004624,15.54736032
527,3702,142.49305512,16.01589888
527,3703,147.64835088,20.8976976
527,3704,153.51773208,21.43317024
527,3705,159.96845832,24.81608448
527,3706,166.88921664,24.88960224
527,3707,173.73962712,24.43313376
527,3708,180.52072608,24.43752288
527,3709,187.64484696,27.130248
527,3710,195.26512128,27.432
527,3711,202.87923864,27.40237344
527,3712,210.9686916,31.92426432
527,3713,220.15015152,32.94912384
527,3714,229.33651872,34.00360992
527,3715,239.28717192,37.3843296
527,3716,248.95265424,31.59288576
527,3717,258.60868776,38.41796736
527,3718,269.29589016,38.20838688
527,3719,279.93158136,38.4048
527,3720,290.58510336,38.27751552
527,3721,300.96397008,34.91106048
527,3722,309.73910112,30.30248448
527,3723,318.33546696,30.83027616
527,3724,326.61755352,29.16241056
527,3725,334.74160128,29.27872224
527,3726,343.09397472,31.17262752
527,3727,351.8627964,31.62690144
527,3728,360.62820432,31.48315776
527,3729,369.4543284,32.61774528
527,3730,378.76100016,33.83682336
527,3731,388.16865216,33.89059008
527,3732,397.5735,33.8401152
527,3733,406.97225184,33.83901792
527,3734,416.29291392,32.7592944
527,3735,425.1909708,31.82002272
527,3736,434.0292564,31.81343904
527,3737,442.86028776,31.79807712
527,3738,451.69826856,31.87708128
527,3739,460.64481912,32.50911456
527,3740,469.68832656,32.5837296
527,3741,478.73277888,32.53106016
527,3742,487.76875776,32.53215744
527,3743,496.80427944,32.51350368
527,3744,505.83468048,32.52776832
527,3745,510.8045664,32.534352
535,3719,260.6768472,33.46704
535,3720,265.77417,33.33975552
535,3721,275.03451216,33.44180256
535,3722,284.39397528,33.37816032
535,3723,293.00509344,28.32189408
535,3724,300.75954072,28.88479872
535,3725,309.04049952,30.11046048
535,3726,317.41286784,30.2190912
535,3727,325.80562728,30.2136048
535,3728,334.2404796,30.778704
535,3729,342.87802392,31.15397376
535,3730,351.54418896,31.2395616
535,3731,360.20087472,31.23736704
535,3732,369.40839504,35.24792544
535,3733,379.29702144,35.606736
535,3734,389.19777888,35.65282176
535,3735,399.03751536,35.14368384
535,3736,408.7773384,35.06029056
535,3737,418.5227088,35.08772256
535,3738,428.26277568,35.06248512
535,3739,437.71468464,32.29514496
535,3740,446.46665088,31.4151264
535,3741,455.1933492,31.4151264
535,3742,463.91980368,31.42829376
535,3743,472.64988528,31.1517792
535,3744,481.2115344,31.0694832
535,3745,489.9518268,31.5468
535,3746,498.71311992,31.52595168
535,3747,505.7192832,31.5468
537,3688,20.9955384,30.8225952
537,3689,26.90792688,33.24977856
537,3690,37.78114872,42.985944
537,3691,49.73735544,43.0353216
537,3692,61.63982592,41.3016192
537,3693,72.62524464,40.49402112
537,3694,83.58801672,36.78960384
537,3695,92.98795728,30.9817008
537,3696,101.17244688,26.97004512
537,3697,107.7455808,21.588984
537,3698,113.6733312,19.99134432
537,3699,118.70698128,17.1834048
537,3700,123.36164304,16.45810272
537,3701,127.8649716,15.96871584
537,3702,132.2507388,15.21598176
537,3703,136.37840136,15.41239488
537,3704,140.87639592,16.46578368
537,3705,145.33705248,15.31034784
537,3706,149.5716084,16.38348768
537,3707,154.96083816,21.75028416
537,3708,161.39178288,25.46457696
537,3709,168.89297184,27.42980544
537,3710,176.51345952,27.43858368
537,3711,184.12971048,26.938224
537,3712,190.87545264,21.85891488
537,3713,196.88400552,21.6383616
537,3714,202.88893128,21.60763776
537,3715,208.89553344,21.6383616
537,3716,215.05474896,26.62440192
537,3717,228.39069384,54.74000736
537,3718,238.91470632,31.83099552
537,3719,248.01868608,33.83792064
537,3720,257.45623896,34.44800832
537,3721,267.5948928,35.41142016
537,3722,275.9715588,27.47479392
537,3723,283.5901872,27.432
537,3724,291.19192968,27.30142368
537,3725,298.780962,27.22461408
537,3726,306.29547072,26.97333696
537,3727,313.77154416,26.92615392
537,3728,321.2662104,26.98869888
537,3729,328.76209584,26.98101792
537,3730,336.51834144,29.48610816
537,3731,344.8944588,30.2410368
537,3732,353.3122728,30.3178464
537,3733,361.70652576,30.29919264
537,3734,370.57836984,33.53068224
537,3735,380.1517416,35.4476304
537,3736,390.05719296,35.66379456
537,3737,399.95343936,35.6177088
537,3738,409.84864944,35.48713248
537,3739,419.21530584,31.74321312
537,3740,427.93170192,31.3712352
537,3741,436.64392224,31.34709504
537,3742,445.351662,31.34709504
537,3743,454.02715392,31.12763904
537,3744,462.67109904,31.1188608
537,3745,471.32485872,31.17153024
537,3746,479.9740464,31.1188608
537,3747,488.6181744,31.1188608
537,3748,497.26172328,31.10349888
537,3749,505.9003344,31.1133744
537,3750,510.6546048,31.1188608
544,3745,420.3697968,24.1291872
544,3746,425.39631456,24.12808992
544,3747,432.09886656,24.12479808
544,3748,438.8681088,25.28352576
544,3749,446.14545264,26.4554208
544,3750,453.49235184,26.46858816
544,3751,461.0826948,28.36029888
544,3752,468.9311424,28.81786464
544,3753,477.24584256,30.17739456
544,3754,485.62826928,30.1752
544,3755,494.01072648,30.1752
544,3756,502.38879456,30.1532544
544,3757,506.9973096,30.1752
545,3692,24.29755872,33.54275232
545,3693,33.82603344,36.22450464
545,3694,43.99090008,36.44505792
545,3695,55.74828576,47.95223328
545,3696,68.73364968,42.48887616
545,3697,79.10879784,34.30975104
545,3698,88.33859904,31.88476224
545,3699,96.6077316,27.88627392
545,3700,103.59959976,21.63068064
545,3701,109.00416096,18.60218784
545,3702,114.18472464,18.66802464
545,3703,119.3706528,18.57585312
545,3704,124.50610608,18.44856864
545,3705,129.52655832,17.68156992
545,3706,133.76114472,12.0261888
545,3707,137.61250608,18.6153552
545,3708,143.43555768,21.14787744
545,3709,149.29338696,21.15116928
545,3710,155.60311272,24.82266816
545,3711,162.67032744,25.4349504
545,3712,169.656252,25.0234704
545,3713,176.38916208,23.7725712
545,3714,183.5286144,27.69315264
545,3715,191.668146,30.43964448
545,3716,200.10936864,29.66386752
545,3717,207.71574408,25.70268672
545,3718,214.83672552,25.6160016
545,3719,221.98230432,26.68146048
545,3720,230.34464472,32.80538016
545,3721,239.4831888,32.85475776
545,3722,248.61649032,32.91949728
545,3723,257.62403136,31.68066816
545,3724,266.1694956,29.03622336
545,3725,273.84094584,27.3332448
545,3726,281.43013056,27.30910464
545,3727,289.04363832,27.432
545,3728,296.66363832,27.432
545,3729,304.3217688,28.54135008
545,3730,312.81569136,31.82112
545,3731,321.6728136,31.91219424
545,3732,330.53709864,31.9089024
545,3733,339.39961584,31.84526016
545,3734,348.24204672,31.88915136
545,3735,357.10212552,31.81234176
545,3736,366.18964608,34.06725216
545,3737,375.76740696,34.509456
545,3738,385.35735984,34.56322272
545,3739,394.95316488,34.509456
545,3740,404.54010024,34.36242048
545,3741,413.56288128,30.42099072
545,3742,421.9099512,30.0215808
545,3743,430.24842576,30.0215808
545,3744,438.58379136,29.99195424
545,3745,446.91760248,30.02048352
545,3746,455.30197992,30.53071872
545,3747,463.84592016,30.81601152
545,3748,472.41662184,30.85112448
545,3749,480.97604592,30.80394144
545,3750,489.533184,30.80723328
545,3751,498.08913336,30.77980128
545,3752,503.2182468,30.7457856
552,3694,21.9654882,34.1363808
552,3695,28.63147944,33.8565744
552,3696,38.21707368,34.79365152
552,3697,47.57141616,32.79550464
552,3698,56.48206128,31.54460544
552,3699,65.20558968,31.21871328
552,3700,74.47419192,35.84045664
552,3701,84.36327552,33.09286752
552,3702,91.98440328,23.88668832
552,3703,98.65418928,23.72868
552,3704,104.85534528,20.01548448
552,3705,109.79277,16.84983168
552,3706,114.51186648,17.04405024
552,3707,119.37930912,18.03269952
552,3708,124.40936256,18.08756352
552,3709,129.44325648,18.68997024
552,3710,134.8575408,19.5260976
552,3711,140.14700952,18.73825056
552,3712,145.32516528,18.6043824
552,3713,150.87487224,23.06372832
552,3714,158.0865012,27.29703456
552,3715,166.03108272,30.9487824
552,3716,175.06517184,32.9238864
552,3717,184.21282944,32.79879648
552,3718,193.11561072,31.9637664
552,3719,202.17838152,32.04386784
552,3720,209.9498976,24.25976352
552,3721,217.23181344,35.59137408
552,3722,228.38133648,34.10126784
552,3723,236.70460152,29.68800768
552,3724,245.90712312,36.46700352
552,3725,255.63402264,33.30354528
552,3726,264.9224064,33.31232352
552,3727,273.84560928,30.96633888
552,3728,282.24559248,29.03841792
552,3729,289.96693848,27.30252096
552,3730,297.56980872,27.43309728
552,3731,305.18996112,27.42761088
552,3732,312.7923132,27.35738496
552,3733,320.47455336,29.132784
552,3734,329.44234848,34.17917472
552,3735,338.78419416,32.96887488
552,3736,347.85644424,32.30611776
552,3737,356.78412768,32.31709056
552,3738,365.85823704,32.88987072
552,3739,375.00205416,32.91401088
552,3740,384.48788736,36.22889376
552,3741,394.74026208,35.75377152
552,3742,404.13825192,32.9129136
552,3743,413.28478176,32.94692928
552,3744,422.39055984,31.86720576
552,3745,430.78158192,28.81896192
552,3746,439.42561848,32.83281216
552,3747,447.54320448,26.88336
552,3748,454.93286712,27.0973296
552,3749,463.03207368,29.8844208
552,3750,471.40316184,30.69201888
552,3751,479.91662208,30.63166848
552,3752,488.42532744,30.63276576
552,3753,496.93345368,30.61630656
552,3754,503.30977824,30.60972288
562,3698,21.5696945142857,34.83864
562,3699,29.79880248,34.82437536
562,3700,39.4391388,34.47873216
562,3701,48.97599552,34.30316736
562,3702,58.35719088,32.68467936
562,3703,67.23875808,31.82112
562,3704,75.65702928,28.68399648
562,3705,83.70746784,29.39722848
562,3706,91.6859736,28.11560544
562,3707,99.112578,23.44009536
562,3708,104.21514336,12.18639168
562,3709,106.00825128,5.55113952
562,3710,110.1458808,23.4653328
562,3711,117.18417,27.39469248
562,3712,125.0111292,27.28715904
562,3713,132.3491892,24.62515776
562,3714,138.1822992,20.46317472
562,3715,144.91310616,26.2633968
562,3716,152.23873032,27.02490912
562,3717,160.32934152,30.65032224
562,3718,168.87197112,31.58301024
562,3719,178.37639712,36.16854336
562,3720,188.32595304,33.2859888
562,3721,196.40071464,28.42723296
562,3722,204.573378,29.54645856
562,3723,213.37816608,33.32549088
562,3724,222.58891728,32.87341152
562,3725,231.79223136,34.14845088
562,3726,241.74157392,36.01931328
562,3727,251.21292912,32.77355904
562,3728,259.75196208,28.47112416
562,3729,267.56301072,28.08158976
562,3730,275.3595204,28.0574496
562,3731,283.10988336,26.2359648
562,3732,290.12781192,26.59477536
562,3733,297.73095648,27.432
562,3734,305.35098696,27.42761088
562,3735,312.95056536,27.34641216
562,3736,320.6066232,28.60279776
562,3737,329.16863808,31.9966848
562,3738,337.5330816,28.4853888
562,3739,345.74991048,31.03217568
562,3740,354.56954232,32.11080192
562,3741,363.5841852,32.79989376
562,3742,372.67953912,32.36976
562,3743,381.79967328,34.03872288
562,3744,391.42739088,33.76001376
562,3745,399.80887272,27.33543936
562,3746,408.17081688,32.10312096
562,3747,416.1504504,24.71513472
562,3748,422.3269176,21.4134192
562,3749,428.27512008,21.41451648
562,3750,434.2235664,21.41671104
562,3751,440.16719688,21.38818176
562,3752,446.11268664,21.41780832
562,3753,452.16476496,23.509224
562,3754,459.36953592,27.04356288
562,3755,467.09600256,28.58304672
562,3756,475.0329336,28.53696096
562,3757,482.957886,28.52928
562,3758,490.8825336,28.52928
562,3759,498.80544384,28.50513984
562,3760,505.537230514286,28.52928
569,3699,19.6638672,31.4699904
569,3700,24.70900824,30.80174688
569,3701,33.56515512,33.62395104
569,3702,42.78785448,31.87378944
569,3703,52.1584428,37.55331072
569,3704,63.27824784,40.2207984
569,3705,73.08866256,29.12949216
569,3706,80.412336,25.28901216
569,3707,86.98614048,21.39915456
569,3708,92.65791984,20.18885472
569,3709,98.36127648,21.12373728
569,3710,104.28829536,21.36294432
569,3711,110.27243376,21.32673408
569,3712,116.05083216,20.71116
569,3713,121.74970824,20.16142272
569,3714,127.264668,19.559016
569,3715,133.03550736,22.50631008
569,3716,139.38272352,22.76856
569,3717,145.55339952,22.13104032
569,3718,152.4466344,27.23778144
569,3719,160.09876032,28.3482288
569,3720,168.39160632,30.48024384
569,3721,177.06194712,32.47839072
569,3722,186.19704696,32.88767616
569,3723,195.04789032,31.00474368
569,3724,203.3345184,28.60938144
569,3725,212.1734136,35.38069632
569,3726,221.82015072,33.26733504
569,3727,230.86082352,30.3233328
569,3728,239.19247056,32.16786048
569,3729,248.3158356,32.91949728
569,3730,257.35748376,31.68834912
569,3731,266.07656208,32.01643584
569,3732,275.13485232,32.83720128
569,3733,284.25958896,32.19529248
569,3734,292.68730896,28.92210624
569,3735,300.59568024,27.9093168
569,3736,308.24036904,27.35080128
569,3737,315.84083136,27.42322176
569,3738,323.66120688,29.67264576
569,3739,332.12254632,29.6759376
569,3740,339.938868,27.34860672
569,3741,347.65475808,28.93746816
569,3742,355.96854384,30.53291328
569,3743,364.80085536,32.78562912
569,3744,373.5881784,30.03584544
569,3745,382.33331712,35.5079808
569,3746,392.97047136,37.66523328
569,3747,402.19390224,28.72020672
569,3748,409.23182568,23.18991552
569,3749,415.66944552,23.1964992
569,3750,422.10843696,23.1635808
569,3751,428.54355744,23.16796992
569,3752,434.75693592,21.204936
569,3753,440.53746792,20.78906688
569,3754,446.31739032,20.8154016
569,3755,452.19628128,22.83768864
569,3756,459.26489808,26.2633968
569,3757,466.75590672,28.55012832
569,3758,474.79345224,28.90674432
569,3759,482.82112224,28.9023552
569,3760,490.84857888,28.9023552
569,3761,498.87411528,28.87602048
569,3762,505.291344,28.9023552
576,3702,22.21803024,33.7194144
576,3703,29.2694868,33.4834992
576,3704,38.5604004,33.50763936
576,3705,47.94278448,34.00909632
576,3706,57.39329136,34.17368832
576,3707,67.13939328,35.908488
576,3708,77.14542864,36.18500256
576,3709,86.068662,25.04212416
576,3710,91.99491888,20.47085568
576,3711,97.6422228,20.15593632
576,3712,103.20521904,19.99463616
576,3713,108.5493384,17.96357088
576,3714,113.37359088,17.2766736
576,3715,118.47289488,20.45000736
576,3716,124.50144264,21.85013664
576,3717,130.51273872,21.9894912
576,3718,136.68362808,21.96644832
576,3719,143.20976184,26.03077344
576,3720,150.77169744,27.42980544
576,3721,158.39181936,27.42980544
576,3722,166.00014552,27.37933056
576,3723,173.80131864,29.90746368
576,3724,182.64204264,32.2435728
576,3725,191.54543352,32.52008736
576,3726,200.67321816,32.88109248
576,3727,209.98598592,34.8715584
576,3728,219.77408928,34.13199168
576,3729,228.97264848,32.89864896
576,3730,238.11427104,32.79331008
576,3731,246.81076368,29.6046144
576,3732,254.9306052,29.17557792
576,3733,263.38462944,31.31966304
576,3734,272.09855664,32.30721504
576,3735,281.13331632,32.30172864
576,3736,290.18252352,32.85475776
576,3737,299.12517264,30.99377088
576,3738,307.63869384,31.09033152
576,3739,316.39233648,31.656528
576,3740,325.19099808,31.6729872
576,3741,333.98895864,31.67737632
576,3742,342.7764036,31.5961776
576,3743,351.56366568,31.6784736
576,3744,360.34251528,31.53363264
576,3745,369.1208772,31.6675008
576,3746,377.91841104,31.6675008
576,3747,386.72194944,31.72346208
576,3748,395.31468816,28.419552
576,3749,402.45962688,24.73927488
576,3750,409.3331412,24.743664
576,3751,416.2118676,24.77548512
576,3752,423.08858232,24.74476128
576,3753,429.8275884,22.90791456
576,3754,435.84092664,21.25102176
576,3755,441.73895904,21.23675712
576,3756,447.64357512,21.25870272
576,3757,453.54806928,21.28064832
576,3758,460.11090096,26.71437888
576,3759,467.74095936,27.48247488
576,3760,475.3732428,27.43638912
576,3761,482.9935476,27.432
576,3762,490.61315136,27.432
576,3763,498.23165784,27.40895712
576,3764,505.0838514,27.4306284
583,3705,42.4065192,25.10028
583,3706,46.59169752,25.1057664
583,3707,53.5620468,25.0947936
583,3708,60.53184744,25.0947936
583,3709,71.013066,56.89616256
583,3710,83.01322488,21.52753632
583,3711,88.54504008,19.69946784
583,3712,93.80933232,18.132552
583,3713,98.82341424,18.11499552
583,3714,104.10684792,19.7949312
583,3715,109.44450552,19.56230784
583,3716,115.17422736,20.55644352
583,3717,120.72652512,19.75104
583,3718,126.27431184,20.19873024
583,3719,132.0649632,21.87866592
583,3720,138.21195624,22.41962496
583,3721,144.98385024,25.95835296
583,3722,152.25457992,26.33581728
583,3723,159.3863208,23.90863392
583,3724,165.59335944,21.91158432
583,3725,171.63108168,21.19176864
583,3726,177.38527896,20.58058368
583,3727,182.893445066667,21.8139264
584,3705,22.26740784,37.142928
584,3706,29.78115456,35.77571712
584,3707,39.92486808,37.59171552
584,3708,50.39026752,37.66523328
584,3709,60.79019592,35.36313984
584,3710,67.40094216,18.12816288
584,3711,73.72115304,23.7780576
584,3712,80.54007768,24.64051968
584,3713,86.46167112,17.41054176
584,3714,90.99185256,15.8886144
584,3715,95.44662648,16.38458496
584,3716,100.01591376,16.45810272
584,3717,104.5980636,16.82898336
584,3718,109.41445224,17.55757728
584,3719,114.29094744,17.58610656
584,3720,119.25735864,18.75690432
584,3721,124.95663096,21.588984
584,3722,130.96698216,22.12884576
584,3723,137.401554,24.96641184
584,3724,144.83404104,27.40017888
584,3725,152.4481584,27.432
584,3726,160.06672584,27.39030336
584,3727,167.67243072,27.41773536
584,3728,175.72387512,31.68505728
584,3729,185.27886744,37.05185376
584,3730,196.60112064,46.22950368
584,3731,212.40408624,61.69347072
584,3732,226.54400208,39.65240736
584,3733,236.73944016,39.4417296
584,3734,248.18928264,39.77420544
584,3735,258.92458248,38.53757088
584,3736,269.24547624,35.09540352
584,3737,278.63721768,33.05226816
584,3738,287.77774296,32.81854752
584,3739,296.88909888,32.76148896
584,3740,305.77206816,31.11556896
584,3741,314.25943752,30.4934112
584,3742,322.86589224,31.1517792
584,3743,331.51956048,31.15397376
584,3744,340.16987592,31.08484512
584,3745,348.80690208,31.14848736
584,3746,357.45426096,31.02778656
584,3747,366.07808928,31.14519552
584,3748,374.73157464,31.15397376
584,3749,383.1698712,28.8036
584,3750,390.92919528,27.83140992
584,3751,398.65297968,27.8050752
584,3752,406.37648976,27.8050752
584,3753,414.08332728,26.93054304
584,3754,420.34245624,18.49136256
584,3755,425.3653164,18.0722016
584,3756,430.38366552,18.12816288
584,3757,435.74256768,20.63873952
584,3758,441.53824824,20.99974464
584,3759,447.94325448,25.40422656
584,3760,455.12739048,25.8848352
584,3761,462.31817112,25.87276512
584,3762,469.3557288,25.45799328
584,3763,476.7068952,26.8230096
584,3764,484.1574264,26.81862048
584,3765,491.6078052,26.81862048
584,3766,498.684262133333,26.8016736
595,3727,163.9639088,24.0596928
595,3728,168.64395024,26.67268224
595,3729,176.49678696,30.45720096
595,3730,185.46037584,33.93557856
595,3731,195.78709128,39.32870976
595,3732,207.08986776,44.42008896
595,3733,220.0409112,45.68086368
595,3734,232.17280464,41.41793088
595,3735,243.06029112,38.3554224
595,3736,253.58055456,36.65354112
595,3737,263.51648592,35.6122224
595,3738,273.13182864,32.67041472
595,3739,281.88470928,31.27686912
595,3740,290.39554824,29.3083488
595,3741,298.29440976,28.25057088
595,3742,306.65187336,32.87780064
595,3743,315.910722,32.62542624
595,3744,325.11205488,34.56212544
595,3745,334.79000352,33.7523328
595,3746,344.39879304,34.08261408
595,3747,352.83727248,28.68619104
595,3748,360.78709656,28.556712
595,3749,368.74252896,28.693872
595,3750,376.757946,29.62436544
595,3751,385.31852832,31.41951552
595,3752,393.88606008,28.21874976
595,3753,400.4031108,20.7166464
595,3754,406.15389432,20.7056736
595,3755,411.90547032,20.71335456
595,3756,417.66524544,20.73091104
595,3757,423.4176444,20.7056736
595,3758,429.20110248,21.5505792
595,3759,435.56682,23.64309216
595,3760,442.12465296,23.61236832
595,3761,448.68870384,23.6354112
595,3762,455.2844844,24.54834816
595,3763,462.58456632,27.3167856
595,3764,470.18094432,27.36945504
595,3765,477.77509728,27.31239648
595,3766,485.36211792,27.3112992
595,3767,492.94926048,27.3112992
595,3768,500.53305024,27.27508896
600,3707,22.7229416,30.2861472
600,3708,30.90501312,31.82770368
600,3709,39.99969648,32.35220352
600,3710,48.83081928,31.738824
600,3711,57.6457572,31.73443488
600,3712,66.24373848,29.71324512
600,3713,73.68841752,21.51546624
600,3714,77.86143432,11.20652064
600,3715,81.02013768,12.32025984
600,3716,84.90176568,15.65928288
600,3717,90.06239544,21.33331776
600,3718,96.36005112,24.05566944
600,3719,103.02480792,22.73454432
600,3720,109.09313208,22.12555392
600,3721,115.22497656,21.15336384
600,3722,120.95128464,20.8154016
600,3723,126.8748288,20.91525408
600,3724,132.25939512,17.72326656
600,3725,137.34845784,20.98767456
600,3726,144.02430936,26.16025248
600,3727,151.53388032,27.43309728
600,3728,159.15397176,27.41883264
600,3729,166.79107104,28.33945056
600,3730,175.36786872,32.54422752
600,3731,183.56238624,28.71801216
600,3732,193.13039352,38.22155424
600,3733,203.61932352,36.88067808
600,3734,214.83946872,43.12968768
600,3735,226.008438,38.3279904
600,3736,236.65010328,37.67840064
600,3737,246.59398992,34.14515904
600,3738,256.67457936,39.29140224
600,3739,266.73563112,30.45390912
600,3740,274.42049256,26.71108704
600,3741,281.34859656,22.85414784
600,3742,287.62339224,23.74075008
600,3743,294.88266144,28.79372448
600,3744,303.79181304,34.94068704
600,3745,313.4366604,33.6371184
600,3746,324.4059552,46.963584
600,3747,335.70449496,30.6854352
600,3748,343.44403752,27.89395488
600,3749,352.00397976,33.47362368
600,3750,360.9520848,29.14704864
600,3751,368.68263576,28.23191712
600,3752,376.57131696,28.35700704
600,3753,383.96347896,24.22903968
600,3754,390.48379104,23.37316128
600,3755,396.9687768,23.344632
600,3756,403.45327488,23.34134016
600,3757,409.934664,22.9550976
600,3758,415.71251376,18.83810304
600,3759,420.89597304,18.65376
600,3760,426.10332864,19.73787264
600,3761,432.67387176,26.8504416
600,3762,440.17381104,26.97772608
600,3763,447.87126072,29.26884672
600,3764,456.296268,30.40453152
600,3765,464.05787808,25.18915968
600,3766,470.9452608,24.82705728
600,3767,477.83105856,24.76780416
600,3768,484.71133944,24.7656096
600,3769,491.59168128,24.76670688
600,3770,498.47080392,24.74585856
600,3771,505.34578128,24.76451232
600,3772,509.1299952,24.7656096
607,3710,21.009483,35.5847904
607,3711,28.19070816,37.3459248
607,3712,38.64534816,36.93773664
607,3713,48.14014248,30.57899904
607,3714,56.15888184,28.41845472
607,3715,63.91037256,24.74805312
607,3716,69.16149744,17.26240896
607,3717,73.97075376,13.5678672
607,3718,77.42627136,13.61834208
607,3719,81.54290016,16.56453888
607,3720,86.55917664,19.89149184
607,3721,92.5058856,22.42072224
607,3722,99.39503616,26.65951488
607,3723,106.5411636,24.47702496
607,3724,113.46695112,26.49492288
607,3725,121.05708072,27.08196768
607,3726,128.32854192,24.99494112
607,3727,134.84608032,22.28795136
607,3728,140.95128528,21.94340544
607,3729,147.03975672,21.91377888
607,3730,153.21049368,23.5531152
607,3731,160.80391512,29.3412672
607,3732,168.5885376,27.42870816
607,3733,176.33286552,29.4016176
607,3734,185.1259188,32.8964544
607,3735,194.27528328,32.91949728
607,3736,203.41599144,33.2146656
607,3737,213.16422696,36.62610912
607,3738,222.8885052,33.1323696
607,3739,232.02205056,32.91730272
607,3740,241.26419616,33.40888416
607,3741,250.44690576,32.91510816
607,3742,259.60468272,33.10603488
607,3743,268.56366912,30.20921568
607,3744,276.50529408,28.9736784
607,3745,285.1661556,32.74064064
607,3746,295.39731624,39.419784
607,3747,305.27134272,32.89755168
607,3748,314.39229984,32.8415904
607,3749,323.8937388,36.868608
607,3750,334.4530776,37.56099168
607,3751,344.90875392,37.36677312
607,3752,354.92225688,34.6685616
607,3753,364.18887792,32.80099104
607,3754,373.29779544,31.96596096
607,3755,381.56092344,28.81786464
607,3756,389.85319032,30.16751904
607,3757,397.40558568,23.10213312
607,3758,402.8505024,16.92883584
607,3759,407.0910324,12.89194272
607,3760,410.2461696,10.9728
607,3761,413.29423056,10.97499456
607,3762,416.36374944,11.54448288
607,3763,420.01031568,15.0930864
607,3764,424.73898288,19.78725024
607,3765,431.4684792,28.446984
607,3766,440.31490296,34.81340256
607,3767,450.22346328,35.71207488
607,3768,459.99358344,33.87632544
607,3769,469.02581328,32.41804032
607,3770,478.2778344,33.18503904
607,3771,486.98898792,29.13497856
607,3772,494.71109592,26.47297728
607,3773,499.2383208,23.701248
613,3713,33.9850095,34.7302836
613,3714,42.77584536,33.84121248
613,3715,51.27921672,27.80288064
613,3716,57.69297072,18.30482496
613,3717,62.52892752,17.33263488
613,3718,67.3434264,17.32934304
613,3719,72.15734616,17.32824576
613,3720,76.97970888,17.43139008
613,3721,81.81313584,17.3260512
613,3722,86.62519632,17.5071024
613,3723,92.084652,21.96315648
613,3724,98.30629056,22.4887536
613,3725,104.54786304,22.37683104
613,3726,110.95168056,24.579072
613,3727,117.89673144,24.21806688
613,3728,124.8343452,25.60612608
613,3729,131.42695584,22.44705696
613,3730,137.59656504,22.12335936
613,3731,144.43615512,25.6160016
613,3732,151.15385568,24.935688
613,3733,158.55884976,27.41115168
613,3734,166.26349272,28.2110688
613,3735,174.49985928,31.83319008
613,3736,183.60304656,32.92827552
613,3737,192.76484688,33.38035488
613,3738,202.16615904,33.67662048
613,3739,211.90119672,36.98821152
613,3740,221.81466432,33.49886112
613,3741,230.9567136,32.9184
613,3742,240.14244072,33.8181696
613,3743,249.75857592,34.23952512
613,3744,259.31436072,35.36313984
613,3745,268.9081236,33.1159104
613,3746,278.02795296,32.91181632
613,3747,287.1424788,32.79660192
613,3748,296.27995608,32.9184
613,3749,305.42410848,32.89974624
613,3750,314.54729064,32.85036864
613,3751,323.95521696,35.88544512
613,3752,334.0961568,34.96592448
613,3753,343.35372528,32.77136448
613,3754,352.408236,32.479488
613,3755,361.46143608,32.75600256
613,3756,370.46821512,30.99925728
613,3757,378.44062488,27.45833472
613,3758,386.0996088,26.90201376
613,3759,392.5094004,19.7400672
613,3760,397.90844472,18.80847648
613,3761,402.19161624,12.32574624
613,3762,405.53341296,12.0261888
613,3763,408.91233432,12.63847104
613,3764,412.574232,13.386816
613,3765,416.3173284,14.33486592
613,3766,421.746426,24.55164
613,3767,428.730918,25.26158016
613,3768,436.30065648,29.62656
613,3769,444.67412208,30.19056192
613,3770,453.06215712,30.1971456
613,3771,461.45003976,30.20043744
613,3772,469.68561384,29.00988864
613,3773,477.8566008,29.90197728
613,3774,485.80672968,25.66757376
613,3775,492.29686656,22.73344704
613,3776,498.08614632,15.21049536
613,3777,500.5085748,5.98456512
613,3778,501.9251328,6.0130944
619,3713,21.3195408,31.5797184
619,3714,27.7838916,29.05816896
619,3715,36.18634368,31.43048832
619,3716,44.16494088,26.84166336
619,3717,51.3004308,22.28356224
619,3718,56.805576,19.2024
619,3719,62.140338,19.20459456
619,3720,67.00790256,15.55174944
619,3721,71.36474424,16.11575136
619,3722,75.84152472,16.17610176
619,3723,80.11939272,14.04408672
619,3724,84.20121336,16.14537792
619,3725,88.9537464,18.51989184
619,3726,94.61336424,21.69542016
619,3727,100.82838864,22.74990624
619,3728,107.08727376,22.2034608
619,3729,113.23338288,22.52386656
619,3730,119.47044432,22.27258944
619,3731,126.47368152,26.20085184
619,3732,132.98015568,22.3680528
619,3733,139.12178424,21.98510208
619,3734,145.34171592,22.6917504
619,3735,151.6508016,22.76746272
619,3736,158.04751728,23.87022912
619,3737,164.97748056,26.27875872
619,3738,172.54996224,27.432
619,3739,180.17160816,27.43968096
619,3740,187.7936808,27.6295104
619,3741,195.92257488,31.3657488
619,3742,204.85976808,32.38512192
619,3743,214.00840104,33.23002752
619,3744,222.96510144,31.8704976
619,3745,232.02138,32.9184
619,3746,241.155474,32.85695232
619,3747,250.29145776,33.00837696
619,3748,259.80493632,35.53980192
619,3749,269.35840464,32.80428288
619,3750,278.46811464,33.51751488
619,3751,288.09275376,35.3269296
619,3752,297.9055764,35.32473504
619,3753,307.71303456,35.23695264
619,3754,317.50503936,35.1349056
619,3755,326.7622116,31.4809632
619,3756,335.44815816,31.2834528
619,3757,344.120724,31.19676768
619,3758,352.80258624,31.2834528
619,3759,361.46798928,31.14300096
619,3760,370.14101232,31.28235552
619,3761,378.82942776,31.28125824
619,3762,387.27433848,26.98979616
619,3763,393.37893384,19.50634656
619,3764,398.79800352,19.51293024
619,3765,404.09445216,18.13913568
619,3766,408.96424176,17.4028608
619,3767,413.79940608,17.37762336
619,3768,419.0426976,21.30478848
619,3769,425.24595672,22.4613216
619,3770,431.48469456,22.45364064
619,3771,438.06279672,26.19646272
619,3772,445.80166872,28.2439872
619,3773,453.64597104,28.32738048
619,3774,461.44010328,26.9272512
619,3775,468.67910328,25.97371488
619,3776,475.88981784,25.92653184
619,3777,483.09126648,25.9287264
619,3778,489.55942728,18.27849024
619,3779,493.7225076,12.93363936
619,3780,496.28596704,6.55953984
619,3781,498.08599392,6.46736832
619,3782,499.8157644,5.94616032
619,3783,501.45683808,5.92421472
619,3784,502.7734928,5.925312
627,3716,22.0417644,33.8401152
627,3717,27.8344884,33.69088512
627,3718,36.94685016,30.60094464
627,3719,43.3773072,15.84801504
627,3720,47.32772856,13.99361184
627,3721,51.21514776,13.99032
627,3722,55.10256696,13.99032
627,3723,58.98998616,13.99251456
627,3724,62.87816736,13.99909824
627,3725,66.7807656,14.84180928
627,3726,73.71813552,30.83685984
627,3727,80.27438352,19.84101696
627,3728,86.30759472,25.07175072
627,3729,93.75577896,27.54940896
627,3730,101.30216976,26.1262368
627,3731,108.77827368,27.94004064
627,3732,116.48002104,27.54282528
627,3733,124.11599256,27.24326784
627,3734,131.5681392,26.59367808
627,3735,138.53806176,23.58274176
627,3736,144.91054584,22.0992192
627,3737,151.00017552,21.9456
627,3738,157.09623648,21.93901632
627,3739,163.28940672,23.03410176
627,3740,170.27429496,27.66352608
627,3741,178.90866936,34.00251264
627,3742,188.42153832,33.51422304
627,3743,196.91890512,27.9751536
627,3744,204.5704824,27.82482624
627,3745,212.45434776,28.63791072
627,3746,220.39877688,28.611576
627,3747,228.82695408,32.43669408
627,3748,237.962694,32.86682784
627,3749,247.1831988,34.01348544
627,3750,256.87650936,36.05003712
627,3751,267.1666488,37.17694368
627,3752,277.59800208,37.84738176
627,3753,288.03154992,37.04197824
627,3754,298.34390928,37.5214896
627,3755,308.42398056,34.9538544
627,3756,317.89579296,33.66235584
627,3757,327.88603968,38.06683776
627,3758,337.87250688,33.35840928
627,3759,346.92497544,31.87488672
627,3760,355.55090688,29.78676288
627,3761,363.35119608,27.3277584
627,3762,370.9685748,27.432
627,3763,378.15777048,23.29196256
627,3764,384.20808096,21.27406464
627,3765,390.10888704,21.177504
627,3766,395.56291728,17.75728224
627,3767,400.32840432,17.92845792
627,3768,405.73735464,20.0473056
627,3769,411.30477048,20.04840288
627,3770,416.87931864,20.0747376
627,3771,422.44862424,20.04072192
627,3772,428.5794324,26.10099936
627,3773,436.5569628,29.32590528
627,3774,444.82213296,30.67555968
627,3775,453.50926824,31.39756992
627,3776,461.74828656,25.5337056
627,3777,467.895432,21.13251552
627,3778,473.7617652,21.08313792
627,3779,479.61779616,21.0842352
627,3780,484.61227944,11.98558944
627,3781,486.862374,7.0994016
627,3782,488.8345824,7.0994016
627,3783,490.80179208,6.95456064
627,3784,492.65823744,6.5123568
627,3785,494.70039744,9.0854784
627,3786,497.55987864,10.75553856
627,3787,499.9866556,10.9417104
636,3721,20.1296016,29.90088
636,3722,25.30349016,29.90088
636,3723,33.60721752,29.8021248
636,3724,41.59962216,27.6404832
636,3725,49.22462088,27.349704
636,3726,56.4995568,24.91264512
636,3727,63.09628224,22.67309664
636,3728,69.5649612,24.02275104
636,3729,76.24255008,24.12150624
636,3730,82.93842696,24.0249456
636,3731,89.5801104,23.6079792
636,3732,96.0497952,23.23709856
636,3733,102.52060776,23.2842816
636,3734,108.99245664,23.3172
636,3735,115.52904504,24.0907824
636,3736,122.3267556,24.50884608
636,3737,129.05289912,24.27293088
636,3738,135.81138192,23.14602432
636,3739,141.91265496,21.66250176
636,3740,148.05129648,23.53775328
636,3741,154.84370352,23.7231936
636,3742,161.29887984,23.36438304
636,3743,167.60290584,22.25503296
636,3744,173.90062248,23.17674816
636,3745,180.67922208,26.20963008
636,3746,188.25868368,27.7666704
636,3747,196.19223144,29.07792
636,3748,204.3415776,31.00254912
636,3749,213.94966608,36.77643648
636,3750,224.17116456,37.07599392
636,3751,234.6886848,38.3718816
636,3752,245.34187152,38.37517344
636,3753,256.0879308,39.5349984
636,3754,267.13976544,38.9150352
636,3755,277.79840808,38.39602176
636,3756,288.46601184,38.34115776
636,3757,299.09956944,38.34115776
636,3758,309.75745008,38.32030944
636,3759,320.22626328,36.36056736
636,3760,330.07800888,35.28084384
636,3761,339.87479904,35.20952064
636,3762,349.38330936,30.8171088
636,3763,356.63514144,23.94923328
636,3764,363.30632952,24.0962688
636,3765,370.02561504,24.20819136
636,3766,376.47314088,20.74298112
636,3767,381.6626352,18.0941472
636,3768,386.69378592,18.14462208
636,3769,391.72786272,18.0941472
636,3770,396.77260752,18.40467744
636,3771,401.9617056,18.7854336
636,3772,407.18009496,18.7854336
636,3773,412.4117736,19.4547744
636,3774,418.43489592,23.78464128
636,3775,425.21453184,24.58894752
636,3776,432.04022304,24.53956992
636,3777,439.17644448,27.22461408
636,3778,446.8465536,27.6404832
636,3779,454.47045504,26.49053376
636,3780,461.4188892,24.30036288
636,3781,468.1756956,24.36181056
636,3782,474.87974112,22.3899984
636,3783,478.9422984,7.70619744
636,3784,480.88896456,6.967728
636,3785,482.68658352,4.70513664
636,3786,483.22937136,0.89867232
636,3787,484.50163704,7.77532608
636,3788,486.71369256,8.42930496
636,3789,489.49307232,11.56423392
636,3790,493.28173632,15.73389792
636,3791,497.97596112,18.43320672
642,3723,21.96242496,33.9278976
642,3724,28.93234752,32.48607168
642,3725,37.70190072,29.47513536
642,3726,44.98567584,23.74294464
642,3727,51.29939448,22.9441248
642,3728,57.85222872,23.77366848
642,3729,64.45724472,23.7177072
642,3730,70.90873296,22.61384352
642,3731,76.86047112,20.98877184
642,3732,83.00962824,22.49204544
642,3733,89.10666456,21.60873504
642,3734,95.546418,25.14087936
642,3735,102.58781616,25.11015552
642,3736,109.62171624,25.978104
642,3737,116.7691848,23.948136
642,3738,122.99871768,22.62920544
642,3739,129.2864064,22.11238656
642,3740,135.46262976,22.15737504
642,3741,141.56158632,21.93682176
642,3742,147.64856424,21.91707072
642,3743,153.74361936,21.9401136
642,3744,160.0379832,24.3925344
642,3745,167.3682708,27.40676256
642,3746,174.98845368,27.4374864
642,3747,182.60942904,27.47150208
642,3748,190.60219944,30.97511712
642,3749,199.86275496,35.74718784
642,3750,210.14813952,37.23509952
642,3751,220.01963616,34.53579072
642,3752,230.03295624,37.43809632
642,3753,240.63176664,38.61986688
642,3754,251.44320552,39.0686544
642,3755,262.5588348,40.36015296
642,3756,273.39124392,38.18095488
642,3757,284.01544416,38.33786592
642,3758,294.6830784,38.4048
642,3759,305.35052976,38.36200608
642,3760,315.99390192,38.46624768
642,3761,327.08368416,41.13044352
642,3762,337.56185472,33.25526496
642,3763,345.86350944,27.42541632
642,3764,353.39417256,27.05782752
642,3765,360.60802656,23.6902752
642,3766,366.77958648,21.47815872
642,3767,372.04363488,16.65232128
642,3768,376.6142328,16.4592
642,3769,381.22747224,17.32166208
642,3770,386.3472588,18.99062496
642,3771,391.6175556,18.9390528
642,3772,396.877794,18.9390528
642,3773,402.13809336,18.9390528
642,3774,407.481024,20.42367264
642,3775,413.88401856,25.28023392
642,3776,421.07583552,26.18987904
642,3777,428.47814736,27.0260064
642,3778,435.6558216,24.63503328
642,3779,443.0484408,28.76629248
642,3780,451.11286968,29.04061248
642,3781,458.88758616,25.81131744
642,3782,465.62540352,22.58531424
642,3783,469.01048184,2.13640416
642,3784,470.0304036,6.09758496
642,3785,471.7590768,6.2106048
642,3786,473.48512872,6.2106048
642,3787,475.21118064,6.2106048
642,3788,476.93720208,6.2106048
642,3789,478.66322352,6.2106048
642,3790,480.37933896,6.29399808
642,3791,482.94133536,13.7324592
642,3792,488.15948088,21.86769312
642,3793,494.39578032,24.03482112
642,3794,498.9891976,26.389584
652,3728,40.783764,33.74136
652,3729,46.410372,33.66564768
652,3730,55.08427896,27.99271008
652,3731,62.5844316,26.75388096
652,3732,69.94897872,27.56147904
652,3733,78.04227216,29.5607232
652,3734,86.24123976,29.21946912
652,3735,93.4122084,22.21114176
652,3736,99.4826052,21.93682176
652,3737,105.57031464,21.92145984
652,3738,111.66570504,21.94669728
652,3739,117.78215712,22.06849536
652,3740,123.89245224,21.92255712
652,3741,129.90222432,21.84245568
652,3742,136.07494248,22.03667424
652,3743,142.17005856,21.9291408
652,3744,148.25724984,21.92804352
652,3745,154.35312792,21.94340544
652,3746,160.52499264,22.4722944
652,3747,166.68369,21.91926528
652,3748,172.77810504,21.98839392
652,3749,178.99946928,22.46022432
652,3750,185.23378752,22.5106992
652,3751,191.40812112,22.45364064
652,3752,197.95211616,24.90386688
652,3753,205.28273904,28.65327264
652,3754,213.7777284,30.88952928
652,3755,222.10373664,29.91624192
652,3756,230.63905104,31.44475296
652,3757,239.63668608,32.86682784
652,3758,248.77138968,32.9129136
652,3759,258.19345872,35.69122656
652,3760,268.09665456,33.9663024
652,3761,277.26348408,32.88987072
652,3762,286.37474856,32.81854752
652,3763,295.515792,32.9184
652,3764,304.6754892,33.25197312
652,3765,314.01919416,33.83792064
652,3766,323.52532704,35.48274336
652,3767,333.7322256,37.09574496
652,3768,343.94775,34.88911488
652,3769,351.93360144,23.93277408
652,3770,358.527096,23.71112352
652,3771,365.11830456,23.83621344
652,3772,371.74087704,23.8438944
652,3773,378.36326664,23.8438944
652,3774,384.98833848,23.88998016
652,3775,391.61057568,23.96020608
652,3776,398.52209856,25.60283424
652,3777,405.63448464,25.5995424
652,3778,412.74653544,25.6928112
652,3779,420.1360152,27.58342464
652,3780,427.83011208,27.33105024
652,3781,435.20072472,26.05052448
652,3782,442.43280576,25.83984672
652,3783,449.11143096,22.16725056
652,3784,455.19490368,21.9017088
652,3785,461.27798016,21.90609792
652,3786,466.53532296,12.91718016
652,3787,468.96564576,7.626096
652,3788,471.06864384,7.39347264
652,3789,473.07483744,7.1542656
652,3790,475.0626516,7.1542656
652,3791,477.0504048,7.1542656
652,3792,479.0380056,7.1542656
652,3793,481.02420432,7.19705952
652,3794,484.01121384,16.80594048
652,3795,489.693966,21.53192544
652,3796,495.8545836,23.82085152
652,3797,499.9972728,25.78608
654,3747,98.1049854,41.6664648
654,3748,107.91069096,38.38175712
654,3755,188.9971836,40.9861512
654,3756,197.04737832,42.68309472
654,3757,206.32174128,45.93872448
658,3749,87.27670632,58.79665152
658,3750,96.5196444,52.8559776
658,3754,160.37625024,48.7960416
658,3755,169.707119733333,46.341792
658,3769,364.4872314,61.9291116
660,3728,21.3789090666667,31.2871104
660,3729,29.63561256,31.24614528
660,3730,38.12441448,29.64631104
660,3731,46.28769,29.20300992
660,3732,53.49416784,21.88195776
660,3733,59.26875624,20.67385248
660,3734,65.01335232,20.56741632
660,3735,70.42108344,17.99210016
660,3736,75.17337264,16.38348768
660,3737,79.89512088,18.91271808
660,3738,85.44540696,20.74846752
660,3739,91.80496752,25.0234704
660,3740,98.82938832,24.71952384
660,3741,105.60247104,23.70563712
660,3742,112.07965392,22.85963424
660,3743,118.2454836,22.46351616
660,3744,124.96946304,24.99274656
660,3745,131.88662472,25.03554048
660,3746,138.55723368,23.55640704
660,3747,144.986502,22.50192096
660,3748,151.31957544,23.46862464
660,3749,157.61083032,20.92842144
660,3750,163.20921384,19.97488512
660,3751,169.0144956,23.22832032
660,3752,175.999902,26.20633824
660,3753,183.41394864,26.62111008
660,3754,190.62566904,25.02127584
660,3755,197.85470208,27.37274688
660,3756,205.49686104,27.99929376
660,3757,213.48454128,28.9352736
660,3758,221.29504128,27.5197824
660,3759,229.40083152,31.40744544
660,3760,238.41721176,32.86573056
660,3761,247.54950744,32.91401088
660,3762,256.88028888,34.7453712
660,3763,266.47115616,33.31451808
660,3764,275.67724392,33.9663024
660,3765,285.0349392,32.8525632
660,3766,294.14492352,32.87011968
660,3767,303.2884968,32.9184
660,3768,312.41460504,32.82732576
660,3769,321.67857432,34.97250816
660,3770,331.82268408,35.89641792
660,3771,341.22530688,32.8251312
660,3772,350.25540312,32.0789808
660,3773,359.04958416,30.5702208
660,3774,367.08203952,28.02014208
660,3775,374.6180976,25.31754144
660,3776,381.12246864,22.42730592
660,3777,387.45944352,23.60907648
660,3778,394.12532808,24.0194592
660,3779,400.7973696,24.0194592
660,3780,407.43932736,23.61566016
660,3781,413.99737368,23.80219776
660,3782,420.60437088,23.66613504
660,3783,427.08993576,23.11310592
660,3784,433.5088104,23.1087168
660,3785,439.9227168,23.1635808
660,3786,446.73435672,23.8987584
660,3787,452.20652256,16.3439856
660,3788,455.55752424,8.12865024
660,3789,457.60696896,7.23217248
660,3790,459.117192,4.10492448
660,3791,460.52161896,5.6400192
660,3792,462.0952404,6.15244896
660,3793,464.36100168,9.43551072
660,3794,467.0500692,10.19153664
660,3795,469.8901956,10.23871968
660,3796,472.8764736,13.4636256
660,3797,477.81840936,19.92879936
660,3798,483.56836992,23.01325344
660,3799,490.77475632,27.43419456
660,3800,497.7668226,28.3496004
664,3729,22.11482496,30.559248
664,3730,28.29744912,27.77983776
664,3731,36.65924088,31.40634816
664,3732,43.72200552,19.08938016
664,3733,48.6974388,20.80223424
664,3734,54.9397428,21.9620592
664,3735,60.98700528,20.80772064
664,3736,66.73160136,21.77442432
664,3737,72.90331368,22.2308928
664,3738,79.09992816,22.34281536
664,3739,85.28633184,22.27588128
664,3740,91.50483096,22.40316576
664,3741,97.72704864,22.47448896
664,3742,103.97477808,22.90242816
664,3743,110.93098464,26.27766144
664,3744,117.52170552,20.82198528
664,3745,123.05602008,20.62118304
664,3746,128.8593816,20.0911968
664,3747,134.83004784,23.07909024
664,3748,141.1923516,22.85524512
664,3749,147.50585688,22.03557696
664,3750,153.54275616,22.24406016
664,3751,159.79115616,22.48216992
664,3752,166.04196408,22.77624096
664,3753,172.489368,23.40607968
664,3754,178.99276368,23.4159552
664,3755,185.55791184,24.70087008
664,3756,192.86744256,27.075384
664,3757,200.38317048,27.03588192
664,3758,207.85083144,26.13282048
664,3759,214.7721384,24.31791936
664,3760,221.53263288,24.30694656
664,3761,228.43851696,27.27179712
664,3762,236.95337928,31.09362336
664,3763,245.53840656,33.39242496
664,3764,255.02396544,33.13456416
664,3765,264.1550724,32.87341152
664,3766,273.23030952,32.78343456
664,3767,282.990798,35.6835456
664,3768,292.31709888,32.9184
664,3769,301.4612208,32.9184
664,3770,310.59171816,32.9129136
664,3771,320.07389376,35.49481344
664,3772,329.99790744,35.61990336
664,3773,339.49529256,32.56068672
664,3774,348.46942752,32.314896
664,3775,357.25022784,30.73920192
664,3776,365.74817376,30.58448544
664,3777,373.80635424,27.57574368
664,3778,381.56135016,28.20338784
664,3779,389.40659736,28.25166816
664,3780,397.07353656,25.96603392
664,3781,403.892004,24.14016
664,3782,410.59742112,24.14235456
664,3783,417.27254112,23.66942688
664,3784,423.75069936,23.22502848
664,3785,430.20163896,23.22173664
664,3786,436.64471472,23.1087168
664,3787,442.90555056,21.22029792
664,3788,448.12482384,15.22476
664,3789,451.19827464,6.83934624
664,3790,452.2886052,3.01752
664,3791,453.1268052,3.01752
664,3792,453.96503568,3.01642272
664,3793,454.95185616,4.9816512
664,3794,456.6819924,6.58258272
664,3795,458.6758416,8.76616992
664,3796,461.81948784,13.08067488
664,3797,465.5100672,13.28367168
664,3798,469.19695848,13.469112
664,3799,474.0627552,22.01911776
664,3800,480.38061912,23.26672512
664,3801,487.5788064,28.32189408
664,3802,495.50839176,28.93637088
664,3803,504.1786716,33.2969616
670,3732,24.1235653333333,29.7131232
670,3733,32.00875488,29.0614608
670,3734,39.81867576,27.10939968
670,3735,46.78213656,22.82561856
670,3736,53.09140512,23.7945168
670,3737,59.85016224,24.40679904
670,3738,66.6228792,24.02165376
670,3739,72.93053232,20.83076352
670,3740,77.85360096,15.62416992
670,3741,82.67696952,20.17568736
670,3742,88.59581976,21.11825088
670,3743,94.48796952,23.4379008
670,3744,101.84446992,27.404568
670,3745,109.33227816,26.92615392
670,3746,116.71864896,24.7491504
670,3747,123.11286528,22.49424
670,3748,129.27759768,22.25393568
670,3749,135.5585808,22.192488
670,3750,141.58088016,21.57581664
670,3751,147.56706072,21.55277376
670,3752,153.81296136,24.6997728
670,3753,160.6550508,22.96716768
670,3754,166.95956448,22.42950048
670,3755,173.23713384,23.05495008
670,3756,179.48708832,21.94779456
670,3757,185.58421608,21.95876736
670,3758,191.70481344,22.82232672
670,3759,198.76867536,27.35957952
670,3760,206.08588704,24.89618592
670,3761,213.5895144,29.58596064
670,3762,221.59337952,27.66572064
670,3763,229.2044184,27.432
670,3764,236.95834752,28.99342944
670,3765,244.97647728,28.5183072
670,3766,253.14685464,31.08374784
670,3767,262.29996816,33.56798976
670,3768,271.4923704,32.75051616
670,3769,280.6177776,32.9184
670,3770,289.75120104,32.78562912
670,3771,298.80912552,32.36756544
670,3772,307.85723544,32.8470768
670,3773,316.75696872,30.76334208
670,3774,325.518018,32.91949728
670,3775,334.68112896,32.94473472
670,3776,343.80979752,32.69565216
670,3777,352.78271328,32.040576
670,3778,361.71329232,31.85184384
670,3779,370.0422876,28.01465568
670,3780,377.6743272,27.51758784
670,3781,385.6486572,30.04133184
670,3782,394.00477968,29.2479984
670,3783,401.69314632,25.96383936
670,3784,408.57278712,24.5077488
670,3785,415.35513576,23.3062272
670,3786,421.4085552,21.43755936
670,3787,427.47733656,21.89731968
670,3788,433.2957552,20.33918208
670,3789,439.0520556,20.01328992
670,3790,443.6748048,12.41682048
670,3791,445.8407136,3.68905536
670,3792,446.58067656,2.81562048
670,3793,447.36718248,2.8309824
670,3794,448.15164624,2.84963616
670,3795,449.25511368,5.48969184
670,3796,450.94181592,6.60123648
670,3797,453.63341328,13.23209952
670,3798,458.06459568,18.40906656
670,3799,463.34437176,19.04548896
670,3800,468.38241096,16.95078144
670,3801,474.33329568,26.44773984
670,3802,481.75797984,26.73632448
670,3803,489.09725904,25.53480288
670,3804,496.35698544,28.25825184
686,3736,20.2746864,30.1532544
686,3737,24.90389736,29.36211552
686,3738,32.76715824,28.36688256
686,3739,40.40331264,24.7217184
686,3740,46.73659944,22.18590432
686,3741,52.88392776,22.1321376
686,3742,59.03113416,22.20565536
686,3743,65.32074312,23.0373936
686,3744,71.72770008,23.0648256
686,3745,78.13825368,22.56995232
686,3746,84.15905952,21.99278304
686,3747,90.50911032,22.99021056
686,3748,96.8820516,22.99021056
686,3749,103.30031664,23.31061632
686,3750,109.83373512,23.59152
686,3751,116.4009864,23.71990176
686,3752,123.0015828,24.47373312
686,3753,129.732786,24.6229632
686,3754,137.14924056,27.34092576
686,3755,144.71394984,27.21473856
686,3756,152.1441204,24.94446624
686,3757,158.4063888,21.38269536
686,3758,164.40217056,21.89951424
686,3759,170.061636,17.82092448
686,3760,174.94337376,19.48110912
686,3761,180.9167832,22.95948672
686,3762,187.46595984,23.42912256
686,3763,193.92738456,23.2568496
686,3764,200.37676968,23.19869376
686,3765,206.82197904,23.22722304
686,3766,213.51428976,27.12037248
686,3767,221.70859392,28.93307904
686,3768,229.9306044,31.82770368
686,3769,239.02586688,32.86134144
686,3770,248.1603876,32.9184
686,3771,257.32483968,33.32219904
686,3772,266.6242572,33.08079744
686,3773,275.738844,32.88109248
686,3774,284.88320976,32.91949728
686,3775,294.09255888,33.43631616
686,3776,303.2901732,32.62652352
686,3777,311.94594456,30.29260896
686,3778,320.50616112,31.77503424
686,3779,329.89458024,34.33498848
686,3780,338.62764888,28.97258112
686,3781,346.50142536,28.0519632
686,3782,354.397818,28.5128208
686,3783,362.139738,27.3332448
686,3784,369.7481556,27.432
686,3785,377.36711928,27.52197696
686,3786,385.36098696,30.18397824
686,3787,393.78355584,29.59583616
686,3788,401.37005832,26.28205056
686,3789,408.71494584,25.6105152
686,3790,415.43670024,22.6917504
686,3791,421.068246,18.16656768
686,3792,425.94211992,15.581376
686,3793,429.31640832,10.16849376
686,3794,432.11294832,9.20947104
686,3795,433.89569304,4.32767232
686,3796,435.07917048,4.2684192
686,3797,436.26447672,4.2684192
686,3798,437.44969152,4.26183552
686,3799,439.0669908,8.9647776
686,3800,442.13044416,11.51485632
686,3801,445.63738152,14.91642432
686,3802,450.19621416,16.72693632
686,3803,455.4033564,22.74551712
686,3804,462.44566896,25.96274208
686,3805,469.58365824,26.35227648
686,3806,477.27912672,28.14742656
686,3807,485.0872188,27.92467872
686,3808,492.95346672,29.3138352
686,3809,498.882162,32.36976
690,3733,20.330668,28.7816544
690,3734,25.29766848,26.47078272
690,3735,32.39911224,27.55708992
690,3736,39.9412968,23.35670208
690,3737,45.90574512,21.22249248
690,3738,51.79944936,21.21151968
690,3739,57.83406264,23.59481184
690,3740,64.68060216,23.4763056
690,3741,70.9234548,22.329648
690,3742,77.1358884,22.44047328
690,3743,83.11582056,19.9814688
690,3744,88.4761248,19.2024
690,3745,93.79436664,19.09706112
690,3746,99.58971192,23.70783168
690,3747,106.53329976,25.21878624
690,3748,113.54360832,25.30986048
690,3749,120.78349224,27.01722816
690,3750,127.87344504,22.85524512
690,3751,134.06951088,22.39767936
690,3752,140.191236,21.9456
690,3753,146.28065232,21.90609792
690,3754,152.37214128,21.9456
690,3755,158.46808032,21.9456
690,3756,164.55280272,21.88415232
690,3757,170.44205688,19.48330368
690,3758,175.32571488,17.65194336
690,3759,181.33570032,25.69720032
690,3760,188.85767664,27.18182016
690,3761,196.15087008,24.716232
690,3762,202.84747848,24.14674368
690,3763,209.92804344,28.74215232
690,3764,218.19805992,27.3442176
690,3765,225.97692168,30.74907744
690,3766,234.56054688,30.14886528
690,3767,242.91194496,31.13970912
690,3768,251.73544776,31.7717424
690,3769,260.59601424,32.177736
690,3770,269.56941768,32.28088032
690,3771,278.49204144,31.91877792
690,3772,287.33367984,31.8046608
690,3773,296.0967408,32.11848288
690,3774,305.27618904,32.80538016
690,3775,313.78053576,28.49306976
690,3776,321.9123864,30.63276576
690,3777,330.49939488,30.91915584
690,3778,339.08646432,30.861
690,3779,347.65573344,30.90269664
690,3780,356.2436868,30.85331904
690,3781,364.79625288,30.8500272
690,3782,373.37393448,30.45829824
690,3783,381.44982384,28.0519632
690,3784,389.24663832,28.0848816
690,3785,397.03900272,28.035504
690,3786,404.828502,27.99051552
690,3787,411.95338488,22.2363792
690,3788,417.76997472,20.75175936
690,3789,423.5281344,20.7331056
690,3790,429.07692696,18.55171296
690,3791,434.01901512,17.63987328
690,3792,437.9294772,8.25264288
690,3793,439.15315776,2.32294176
690,3794,439.63763736,1.79844192
690,3795,440.33056968,3.11517792
690,3796,441.4232472,4.80718368
690,3797,442.74397608,5.34046176
690,3798,444.78299664,9.46733184
690,3799,447.93417144,14.4127728
690,3800,452.96230464,19.75542912
690,3801,458.6014704,22.17493152
690,3802,465.34696872,24.56480736
690,3803,471.95896464,23.9536224
690,3804,478.73408952,24.74805312
690,3805,486.53831064,31.75638048
690,3806,495.55124664,32.48277984
690,3807,503.217571885714,32.4763529142857
699,3738,20.6625444,28.6060896
699,3739,25.36588272,27.78532416
699,3740,33.1076808,29.33139168
699,3741,41.42046072,27.60427296
699,3742,47.80669128,20.13179616
699,3743,53.04285048,16.76204928
699,3744,57.4650108,15.8337504
699,3745,61.86303096,15.83813952
699,3746,66.844164,26.38190304
699,3747,75.2807232,24.88521312
699,3748,81.17896896,20.64971232
699,3749,86.99818008,21.70200384
699,3750,93.12804336,22.01582592
699,3751,99.25626072,22.12335936
699,3752,105.55489176,24.5626128
699,3753,112.72909128,26.67816864
699,3754,120.77910312,30.28712256
699,3755,128.90040768,26.59696992
699,3756,135.38603352,21.59776224
699,3757,141.40933872,21.9456
699,3758,147.49704816,21.91048704
699,3759,153.5911584,21.94779456
699,3760,159.44023992,18.51550272
699,3761,164.03921472,16.9913808
699,3762,169.43850288,21.49900704
699,3763,175.53459432,22.4009712
699,3764,182.10928272,24.25098528
699,3765,188.70859896,23.95033056
699,3766,195.52148856,24.88740768
699,3767,202.59379344,26.63427744
699,3768,210.28981056,28.01246112
699,3769,218.06083896,27.97844544
699,3770,225.8251008,27.94662432
699,3771,233.62468896,28.56439296
699,3772,241.82798472,30.11704416
699,3773,250.20108456,30.04791552
699,3774,258.45732408,29.48610816
699,3775,266.66473464,29.56291776
699,3776,274.87080408,30.02267808
699,3777,283.5595548,30.97182528
699,3778,291.5863104,27.85884192
699,3779,299.25239616,27.4210272
699,3780,307.0795992,29.3961312
699,3781,315.39893232,30.07425024
699,3782,323.76383304,30.11704416
699,3783,332.12845944,30.1148496
699,3784,340.4870508,30.03584544
699,3785,348.83625432,30.1093632
699,3786,357.15653232,28.99781856
699,3787,364.87367208,27.39688704
699,3788,372.49464744,27.43638912
699,3789,380.1325392,27.78642144
699,3790,387.98275464,28.50294528
699,3791,395.61244728,25.67854656
699,3792,402.21097104,22.30550784
699,3793,408.34476624,22.1431104
699,3794,414.49819056,21.92475168
699,3795,419.15175504,10.02584736
699,3796,421.35073464,7.5931776
699,3797,423.4238928,6.46956288
699,3798,424.76489088,3.53982528
699,3799,425.45800608,2.97692064
699,3800,426.94427184,7.13890368
699,3801,429.37453368,10.93878432
699,3802,432.6581136,11.28771936
699,3803,435.75695424,11.97022752
699,3804,439.82048688,17.75289312
699,3805,445.4932416,22.83000768
699,3806,452.15620008,24.2828064
699,3807,458.90776392,25.13210112
699,3808,467.29113552,34.77719232
699,3809,477.13510872,36.99040608
699,3810,487.8989988,37.47101472
699,3811,496.9887952,32.814768
703,3740,21.0854544,28.3756608
703,3741,26.26364064,20.39404608
703,3742,30.787086,20.5685136
703,3743,38.41476696,28.69606656
703,3744,45.44302824,22.26161664
703,3745,51.03208488,19.07401824
703,3746,56.91384096,22.92876288
703,3747,63.28416096,22.93534656
703,3748,69.52317312,22.04325792
703,3749,76.06088928,24.24549888
703,3750,82.09852008,20.41269984
703,3751,87.86448264,20.51035776
703,3752,93.3268644,20.90647584
703,3753,100.36311144,27.86652288
703,3754,108.12822672,27.84567456
703,3755,115.51420128,25.64562816
703,3756,122.94528624,27.9093168
703,3757,130.5581844,26.06149728
703,3758,137.15576328,22.49094816
703,3759,143.52724152,22.41852768
703,3760,149.29509384,19.24848576
703,3761,154.39726296,18.5604912
703,3762,159.86891064,20.37978144
703,3763,164.87704896,11.57849856
703,3764,169.10270472,24.31243296
703,3765,175.82924448,22.0937328
703,3766,182.0154348,23.00886432
703,3767,188.54553096,24.05347488
703,3768,195.72192504,27.30142368
703,3769,203.3363472,27.41444352
703,3770,211.16626296,29.21508
703,3771,219.26787744,28.28348928
703,3772,226.93884,28.26373824
703,3773,235.453428,31.7168784
703,3774,243.74072664,28.25166816
703,3775,251.4366828,27.51319872
703,3776,259.47133272,30.57351264
703,3777,267.75564432,28.04757408
703,3778,275.35497888,27.29813184
703,3779,282.97360728,28.08817344
703,3780,291.1230144,30.12911424
703,3781,299.48818944,30.09729312
703,3782,307.84559208,30.02596992
703,3783,316.164468,29.70556416
703,3784,324.292722,29.03841792
703,3785,332.35867488,29.03732064
703,3786,340.4157276,28.8529776
703,3787,348.10138152,27.5911056
703,3788,356.43263232,31.32844128
703,3789,365.0880684,30.54169152
703,3790,373.10375976,27.56477088
703,3791,380.69571816,26.8504416
703,3792,387.95983368,25.80692832
703,3793,394.56972648,21.25650816
703,3794,400.43554152,21.26418912
703,3795,406.04117928,18.5220864
703,3796,410.68770288,14.54334912
703,3797,413.95180608,9.0470736
703,3798,415.77472344,4.77426528
703,3799,416.643312,2.19126816
703,3800,417.39991704,4.58772768
703,3801,419.51702736,9.05036544
703,3802,422.02989,9.04378176
703,3803,424.54223448,9.04378176
703,3804,427.5196428,13.59749376
703,3805,431.77882656,15.41568672
703,3806,435.81617688,14.06603232
703,3807,440.51149896,21.918168
703,3808,447.41692584,25.66099008
703,3809,454.54443,25.65221184
703,3810,462.34694424,32.33793888
703,3811,470.25537648,20.68701984
703,3812,478.36330032,40.05949824
703,3813,489.56296296,40.33272096
703,3814,497.92640064,40.0068288
708,3743,22.300692,29.8240704
708,3744,28.4914848,28.26264096
708,3745,35.91909504,24.222456
708,3746,42.29215824,22.70711232
708,3747,47.79815688,16.53271776
708,3748,52.48576752,18.04147776
708,3749,57.91087224,20.75834304
708,3750,64.06112664,24.29816832
708,3751,71.08838208,25.44153408
708,3752,78.171294,25.55784576
708,3753,85.05614688,23.49386208
708,3754,91.34218968,22.21992
708,3755,97.51088448,22.28246496
708,3756,103.8191472,24.60540672
708,3757,111.5432364,29.18984256
708,3758,119.33075448,27.00844992
708,3759,126.77339136,25.58418048
708,3760,133.23030504,21.06667872
708,3761,138.8354856,20.80333152
708,3762,144.33800952,16.14976704
708,3763,148.2030564,16.91786304
708,3764,154.3699224,24.41886912
708,3765,160.94869512,21.7645488
708,3766,166.83295056,21.87647136
708,3767,173.04264096,22.77075456
708,3768,179.37382464,22.77514368
708,3769,185.58363696,21.9620592
708,3770,191.68222776,21.99936672
708,3771,198.33570696,26.73851904
708,3772,206.14032432,28.57975488
708,3773,214.07692008,28.52818272
708,3774,222.00617016,28.70045568
708,3775,230.0849856,29.35333728
708,3776,238.2539304,29.84162688
708,3777,246.8325264,31.5468
708,3778,255.57391608,31.12105536
708,3779,264.0369624,30.1258224
708,3780,272.37485784,29.38735296
708,3781,280.24275168,28.10902176
708,3782,288.22000776,28.94734368
708,3783,296.26111944,28.9462464
708,3784,304.30220064,28.9462464
708,3785,312.32225064,28.86285312
708,3786,320.7674052,32.2819776
708,3787,329.85315792,32.6660256
708,3788,338.44830456,29.03073696
708,3789,346.358718,28.364688
708,3790,354.35182368,28.8749232
708,3791,362.1539112,27.79629696
708,3792,369.90174432,27.51758784
708,3793,377.28851136,24.40679904
708,3794,383.43830856,21.09740256
708,3795,389.26965072,20.98986912
708,3796,394.738098,17.5729392
708,3797,399.42476376,17.01113184
708,3798,403.93897368,14.34474144
708,3799,407.41643688,11.83855392
708,3800,410.42566632,7.6370688
708,3801,411.52776216,2.48972832
708,3802,412.26671928,3.78671328
708,3803,413.97045984,7.1378064
708,3804,416.12152488,9.5792544
708,3805,419.029134,9.7438464
708,3806,421.6882092,10.55802816
708,3807,424.794426,12.37622112
708,3808,428.93632272,16.93432224
708,3809,434.48822424,24.22465056
708,3810,441.78315504,26.67816864
708,3811,449.19811608,26.71437888
708,3812,457.267818,32.81635296
708,3813,466.87352904,34.9264224
708,3814,476.57738568,35.26328736
708,3815,486.96820056,39.35614176
708,3816,497.94182352,39.47245344
716,3746,20.1770488,28.474416
716,3747,25.20775248,25.25060736
716,3748,30.6195984,16.34837472
716,3749,36.10170072,22.29014592
716,3750,42.01756392,21.11605632
716,3751,48.42891,24.43313376
716,3752,55.36917552,26.05930272
716,3753,62.79477408,26.79338304
716,3754,69.84193296,23.125176
716,3755,76.07795808,22.89694176
716,3756,82.87704024,25.82558208
716,3757,89.52774576,21.41451648
716,3758,95.75295048,24.41448
716,3759,102.33016872,22.36476096
716,3760,108.620052,23.8768128
716,3761,115.41309912,23.02422624
716,3762,121.26099192,21.22358976
716,3763,127.34806128,21.51656352
716,3764,133.99483488,28.60170048
716,3765,141.25276296,20.24591328
716,3766,146.53866552,20.12630976
716,3767,152.52426696,21.9456
716,3768,158.68034304,22.90133088
716,3769,165.14774184,23.72538816
716,3770,171.95392584,24.69209184
716,3771,178.8104628,24.62954688
716,3772,185.61579336,24.4309392
716,3773,192.40396368,24.48360864
716,3774,199.23995712,24.66795168
716,3775,206.10938712,25.47664704
716,3776,213.83204376,29.40600672
716,3777,221.75178408,27.88078752
716,3778,230.08678392,31.75418592
716,3779,239.08932624,33.38035488
716,3780,248.26962792,31.9089024
716,3781,256.634742,29.4784272
716,3782,264.9286548,28.96928928
716,3783,272.6187588,27.17743104
716,3784,280.31629992,28.40528736
716,3785,288.25740672,28.5951168
716,3786,296.2012872,28.5951168
716,3787,304.1451372,28.5951168
716,3788,312.0682608,28.33615872
716,3789,319.82444544,28.39870368
716,3790,328.4985048,33.29037792
716,3791,337.30048872,29.92721472
716,3792,345.70138632,30.33211104
716,3793,353.94528144,29.33358624
716,3794,361.83609624,27.44955648
716,3795,369.28961448,24.96531456
716,3796,375.56782392,20.574
716,3797,380.59809072,17.25033888
716,3798,385.80992688,19.70495424
716,3799,391.28157456,19.63363104
716,3800,396.1922988,14.66953632
716,3801,399.91485168,13.222224
716,3802,403.2167196,8.54890848
716,3803,404.7844584,4.7402496
716,3804,406.13947728,5.58844704
716,3805,408.2046192,8.9208864
716,3806,410.75161944,9.66813408
716,3807,414.08338824,14.81547456
716,3808,418.43855352,14.94605088
716,3809,422.67387144,16.32972096
716,3810,427.24681632,16.4592
716,3811,431.81756664,16.6347648
716,3812,436.9701192,20.98328544
716,3813,443.56992312,26.86031712
716,3814,451.7940672,32.6111616
716,3815,461.77050648,37.96917984
716,3816,472.81228272,41.74930944
716,3817,484.05199608,37.72558368
716,3818,494.22204432,36.58112064
716,3819,500.2284636,35.4860352
721,3748,20.64922464,28.200096
721,3749,26.34886272,25.73999424
721,3750,32.910018,21.36513888
721,3751,38.34344376,18.48258432
721,3752,43.67610264,20.40282432
721,3753,49.57072128,23.06153376
721,3754,56.62897488,26.25900768
721,3755,63.75599136,22.17712608
721,3756,69.03387768,21.48583968
721,3757,75.94448616,25.5501648
721,3758,82.9408044,23.77037664
721,3759,89.13138384,21.58459488
721,3760,95.06419392,21.63397248
721,3761,101.1513852,21.6328752
721,3762,107.0501796,21.1281264
721,3763,113.03483616,21.95437824
721,3764,119.11684584,21.65811264
721,3765,124.88122344,19.60400448
721,3766,129.79383744,16.37251488
721,3767,134.46962184,17.26789536
721,3768,139.88314416,21.74479776
721,3769,146.23545048,24.92690976
721,3770,153.66760224,27.432
721,3771,161.23926096,26.83178784
721,3772,168.71125008,26.88336
721,3773,175.97768208,25.82887392
721,3774,183.37182528,27.26301888
721,3775,190.85990784,27.03588192
721,3776,198.46539936,27.4155408
721,3777,206.0955492,28.20887424
721,3778,214.5971832,32.19638976
721,3779,223.39227864,31.8869568
721,3780,232.480104,32.9184
721,3781,241.6102356,32.59141056
721,3782,250.17502416,28.53366912
721,3783,257.97253968,28.639008
721,3784,265.92943512,27.98283456
721,3785,273.81308712,30.31565184
721,3786,282.56767464,31.51607616
721,3787,290.95177776,28.748736
721,3788,299.06680344,29.4509952
721,3789,307.14702096,28.89467424
721,3790,315.0560628,28.84090752
721,3791,323.26197984,29.681424
721,3792,331.5068808,29.681424
721,3793,339.74794128,29.6046144
721,3794,347.88381528,28.20667968
721,3795,355.32465384,25.80583104
721,3796,362.03692896,22.49424
721,3797,368.1531372,21.9456
721,3798,374.2492896,21.9456
721,3799,380.35037976,22.09812192
721,3800,386.57506632,22.60835712
721,3801,392.20502712,16.53820416
721,3802,395.64527424,9.2829888
721,3803,397.92423336,6.6824352
721,3804,399.5053224,5.4864
721,3805,401.02877376,5.4864
721,3806,402.98245032,9.64728576
721,3807,406.44189984,15.0437088
721,3808,410.93541384,16.4592
721,3809,415.51186392,16.49102112
721,3810,420.0881616,16.4592
721,3811,424.6601616,16.4592
721,3812,429.29485896,17.72765568
721,3813,434.813202,21.96425376
721,3814,441.8168964,28.99233216
721,3815,450.62482392,34.96921632
721,3816,461.22799296,39.5185392
721,3817,472.21484424,39.56352768
721,3818,483.1934964,39.5130528
721,3819,494.1688872,39.5075664
721,3820,501.8462658,39.447216
727,3751,22.0499286857143,24.7671771428571
727,3752,27.53587584,22.06191168
727,3753,33.531048,21.70090656
727,3754,39.50296392,20.79455328
727,3755,45.04331352,19.11571488
727,3756,50.50609152,21.54728736
727,3757,57.05450616,24.40679904
727,3758,63.83584896,24.38375616
727,3759,70.16590488,20.8263744
727,3760,76.02409992,22.14640224
727,3761,82.28399088,22.66651296
727,3762,88.61599752,22.6368864
727,3763,94.76640432,21.84355296
727,3764,100.80857664,21.38269536
727,3765,106.61974104,20.82417984
727,3766,112.55986632,21.26748096
727,3767,118.25776704,19.72689984
727,3768,123.48017976,18.11170368
727,3769,128.17827552,16.06198464
727,3770,132.7692036,17.4028608
727,3771,138.20857296,21.8194128
727,3772,144.88125456,26.39726496
727,3773,152.45248656,27.70632
727,3774,160.21467576,27.66901248
727,3775,167.82705576,27.4210272
727,3776,175.44733008,27.4374864
727,3777,183.03608808,26.52454944
727,3778,190.16237304,26.16573888
727,3779,197.70449664,27.42322176
727,3780,205.42901256,29.0120832
727,3781,213.96740544,31.53143808
727,3782,222.55651704,31.19237856
727,3783,231.5650944,32.9184
727,3784,240.69824352,32.55520032
727,3785,249.24666432,28.56110112
727,3786,256.99711872,28.33506144
727,3787,264.96998568,28.30324032
727,3788,272.61302856,27.14890176
727,3789,280.1994396,27.4374864
727,3790,287.86799424,28.29446208
727,3791,295.99908288,29.8624752
727,3792,304.39031832,30.54608064
727,3793,312.78191952,29.49159456
727,3794,321.18684048,32.14372032
727,3795,330.42633432,32.34013344
727,3796,338.56492104,27.39798432
727,3797,346.09847976,26.33691456
727,3798,353.16362184,25.03334592
727,3799,359.78064696,22.2583248
727,3800,365.8633272,21.9456
727,3801,371.95951008,21.95218368
727,3802,377.96568552,21.34538784
727,3803,383.4765,17.58281472
727,3804,388.1628,16.73790912
727,3805,392.13821496,10.99145376
727,3806,394.63778832,7.64694432
727,3807,396.44982432,5.62026816
727,3808,398.00488344,6.43774176
727,3809,400.48577256,11.03753952
727,3810,404.2266744,15.992856
727,3811,408.79391952,16.4592
727,3812,413.39542416,16.98479712
727,3813,418.36412136,18.56817216
727,3814,423.64697592,20.34466848
727,3815,430.1813088,25.83436032
727,3816,437.38278792,25.89909984
727,3817,444.578232,25.92324
727,3818,451.80985584,27.0424656
727,3819,460.22584104,32.74941888
727,3820,469.32018912,32.63091264
727,3821,478.9739976,37.07050752
727,3822,489.32628576,37.11110688
727,3823,497.5708616,37.5836688
737,3754,21.508212,25.6105152
737,3755,26.24965032,24.0139728
737,3756,32.48735184,23.74623648
737,3757,39.37052832,21.89183328
737,3758,43.97916528,13.70612448
737,3759,48.11533176,15.64062912
737,3760,52.55517048,17.67827808
737,3761,58.2667872,22.09263552
737,3762,64.40253312,22.09263552
737,3763,70.35646584,19.93538304
737,3764,75.581256,20.29858272
737,3765,81.08862624,18.59121504
737,3766,86.70855912,20.30297184
737,3767,92.23955136,21.03376032
737,3768,98.8083876,24.90496416
737,3769,105.12817176,20.49499584
737,3770,110.67047208,20.87465472
737,3771,116.455698,20.07693216
737,3772,122.07831312,20.44122912
737,3773,127.90038936,20.95585344
737,3774,133.90653432,22.3515936
737,3775,140.13222672,23.85925632
737,3776,147.30011688,26.40384864
737,3777,154.61092776,26.6529312
737,3778,162.05981304,26.965656
737,3779,169.63997568,27.0260064
737,3780,177.03125376,26.74949184
737,3781,184.59285408,27.44626464
737,3782,192.21763944,27.42870816
737,3783,199.83657264,27.5252688
737,3784,207.51677064,27.77435136
737,3785,216.5547612,38.0920752
737,3786,226.30573992,30.52413504
737,3787,234.36785232,27.88078752
737,3788,241.98992496,27.37494144
737,3789,249.60501768,27.43090272
737,3790,257.2966152,28.51172352
737,3791,265.3936272,28.65436992
737,3792,273.072606,27.30252096
737,3793,280.48845096,26.27107776
737,3794,287.96839536,27.36726048
737,3795,295.62570288,28.39102272
737,3796,303.89114736,30.4056288
737,3797,312.31280184,30.29151168
737,3798,320.74494144,30.3836832
737,3799,329.1841524,30.38148864
737,3800,337.59580944,30.05230464
737,3801,345.88905168,29.84382144
737,3802,353.96869008,27.3990816
737,3803,361.24877712,25.92653184
737,3804,368.02320096,21.18189312
737,3805,373.2655476,17.35787232
737,3806,377.3733372,12.2401584
737,3807,380.48360784,10.88282304
737,3808,383.36701584,9.92599488
737,3809,386.11603752,9.93696768
737,3810,388.87758648,9.902952
737,3811,391.62621192,10.06864128
737,3812,394.65875856,11.39635008
737,3813,397.98659544,13.44277728
737,3814,402.23529408,16.27924608
737,3815,406.55004288,15.8172912
737,3816,411.51227832,19.75762368
737,3817,417.38507328,22.15079136
737,3818,423.75990432,24.04579392
737,3819,430.664874,25.56772128
737,3820,438.12838968,27.7666704
737,3821,446.11695384,31.0146192
737,3822,456.00506208,38.9314944
737,3823,466.40688024,32.84488224
737,3824,476.10436656,41.06680128
737,3825,487.54155984,38.91613248
737,3826,496.6768578,35.8618536
740,3792,253.8543056,28.9913568
740,3793,262.2822288,33.63382656
740,3794,271.49325432,32.71979232
740,3795,280.58488968,32.81745024
740,3796,289.62318504,31.27577184
740,3797,297.72751224,27.9751536
740,3798,305.591718,28.52928
740,3799,313.57555776,29.14595136
740,3800,321.695064,29.242512
740,3801,329.81810592,29.24141472
740,3802,337.93133328,28.69826112
740,3803,345.43651512,25.82887392
740,3804,352.30082448,22.79379744
740,3805,358.37170896,21.61531872
740,3806,364.38303552,21.6932256
740,3807,369.83322528,15.90178176
740,3808,373.3300128,10.97060544
740,3809,376.37484288,10.65788064
740,3810,379.04784744,9.64289664
740,3811,382.08542328,11.88573696
740,3812,385.54965816,12.66590304
740,3813,389.074152,12.66480576
740,3814,392.584686,12.62310912
740,3815,396.33552432,15.15124224
740,3816,400.79170032,16.18158816
740,3817,405.71857896,20.30187456
740,3818,411.68778216,21.67457184
740,3819,418.07486616,25.14746304
740,3820,425.33264184,26.2688832
740,3821,432.62940144,26.2688832
740,3822,439.94883816,26.8504416
740,3823,447.85504536,31.0146192
740,3824,458.0371332,41.57923104
740,3825,469.7876304,42.33635424
740,3826,481.07266752,38.3279904
740,3827,491.5279476,37.58513184
740,3828,498.8552634,37.8232416
748,3760,22.42267296,31.5138816
748,3761,28.72666848,28.309824
748,3762,36.3592872,27.11049696
748,3763,43.32969744,23.1306624
748,3764,49.43484144,20.71225728
748,3765,55.0837608,20.29968
748,3766,60.72399336,20.11753152
748,3767,65.98222008,18.73495872
748,3768,71.49806376,20.1789792
748,3769,77.11107768,20.272248
748,3770,82.73265648,20.20970304
748,3771,88.81807992,23.34792384
748,3772,94.83967824,19.96939872
748,3773,100.2333276,19.01476512
748,3774,105.59530824,19.49208192
748,3775,111.10502544,20.98877184
748,3776,117.06093936,21.48145056
748,3777,123.12859296,22.06959264
748,3778,129.19076016,21.88634688
748,3779,135.40886304,22.34281536
748,3780,141.5812764,22.28685408
748,3781,147.77005752,22.28356224
748,3782,153.96655008,22.1870016
748,3783,160.2507336,24.11492256
748,3784,167.44535472,26.82081504
748,3785,174.98988624,27.43638912
748,3786,182.61095304,27.432
748,3787,190.66617696,31.56435648
748,3788,199.76000688,32.88877344
748,3789,209.06375256,35.11515456
748,3790,219.08274192,34.9812864
748,3791,228.3627132,32.89864896
748,3792,237.5042748,32.86682784
748,3793,246.298974,29.34565632
748,3794,254.01230376,27.16426368
748,3795,261.5060556,26.88006816
748,3796,268.44324264,22.38012288
748,3797,274.48120872,21.90609792
748,3798,280.57824504,21.9456
748,3799,286.67433648,21.9456
748,3800,292.77042792,21.9456
748,3801,298.8650868,22.14201312
748,3802,305.56084176,26.40933504
748,3803,313.09555872,27.34531488
748,3804,320.73573648,28.17924768
748,3805,328.95927096,30.36064032
748,3806,337.03848264,27.67230432
748,3807,344.59130472,25.98249312
748,3808,351.11554872,21.91487616
748,3809,356.7598656,17.8253136
748,3810,360.93035256,12.23686656
748,3811,364.03032096,10.77967872
748,3812,366.386364,5.952744
748,3813,367.9152408,5.4864
748,3814,369.4392408,5.4864
748,3815,370.96177776,5.67952128
748,3816,373.17773472,10.50865056
748,3817,376.2521304,11.51485632
748,3818,379.67095008,14.46105312
748,3819,384.91107168,21.8194128
748,3820,391.02819432,21.98071296
748,3821,397.18009464,23.3336592
748,3822,404.37066192,27.432
748,3823,412.11340488,28.55451744
748,3824,419.98273128,28.56549024
748,3825,428.64386712,33.75123552
748,3826,438.45690312,36.55478592
748,3827,448.97844672,39.46148064
748,3828,459.97014432,39.86089056
748,3829,471.71936136,44.1600336
748,3830,483.5493504,40.17910176
748,3831,494.4997476,38.22594336
748,3832,500.448072,36.4626144
750,3785,54.2161476,46.5905088
750,3786,61.1343837,54.9037764
750,3788,107.0055264,64.355472
750,3789,113.45119296,67.427856
754,3762,22.8639624,28.4140656
754,3763,29.7480228,23.97885984
754,3764,34.84126128,19.5699888
754,3765,42.94247952,29.4180768
754,3766,49.09252056,20.29968
754,3767,54.82541232,19.94525856
754,3768,60.36158616,19.9375776
754,3769,65.79056184,18.07988256
754,3770,70.65742536,18.22252896
754,3771,75.76943952,18.44308224
754,3772,80.90653872,18.4452768
754,3773,86.03897448,19.38564576
754,3774,92.08056768,21.83696928
754,3775,97.48369632,17.96027904
754,3776,102.38936088,18.1215792
754,3777,107.63045784,20.2612752
754,3778,113.80037184,23.234904
754,3779,120.0031128,21.6383616
754,3780,126.26291232,22.47339168
754,3781,132.25183608,20.8099152
754,3782,138.13935288,22.878288
754,3783,144.624552,23.68259424
754,3784,151.3746528,24.41448
754,3785,158.1776364,24.62076864
754,3786,165.02368824,24.64051968
754,3787,171.86745408,24.24879072
754,3788,178.46277744,23.59042272
754,3789,185.33321328,27.42870816
754,3790,193.71496944,31.96705824
754,3791,202.83964512,33.38584128
754,3792,212.20407648,33.76001376
754,3793,221.65659504,34.59614112
754,3794,231.37614888,35.11954368
754,3795,240.76203816,31.12324992
754,3796,248.93979168,29.08121184
754,3797,256.97654472,29.05816896
754,3798,265.11171768,28.6280352
754,3799,272.7787788,27.27069984
754,3800,280.36043496,27.31568832
754,3801,287.8339176,25.64782272
754,3802,294.4368,22.35269088
754,3803,300.54709512,21.9456
754,3804,306.643278,21.94121088
754,3805,312.74665416,22.68516672
754,3806,319.50617328,25.30766592
754,3807,326.53431264,25.29888768
754,3808,333.5619948,25.3032768
754,3809,340.40076192,22.33623168
754,3810,345.89563536,18.79750368
754,3811,350.61476232,14.53018176
754,3812,354.44466576,13.63041216
754,3813,357.5271996,7.73911584
754,3814,359.387394,6.5068704
754,3815,361.06879272,5.58734976
754,3816,362.5952616,5.4864
754,3817,364.14681552,6.46517376
754,3818,366.54842616,10.24091424
754,3819,369.52175016,10.9728
754,3820,372.67725312,12.4760736
754,3821,376.75974432,16.3275264
754,3822,381.69857112,21.37172256
754,3823,388.62661416,26.21292192
754,3824,395.91779592,26.60245632
754,3825,403.67769912,28.9462464
754,3826,411.75505152,29.92611744
754,3827,420.4697712,32.5124064
754,3828,429.66851328,33.87413088
754,3829,439.42287528,36.59319072
754,3830,450.08874168,39.83016672
754,3831,461.3852088,41.54192352
754,3832,473.42980752,45.1859904
754,3833,485.71592976,40.983408
754,3834,495.654109866667,36.1529376
769,3765,22.117812,33.6645504
769,3766,27.05133528,30.4714656
769,3767,34.62275016,25.26048288
769,3768,41.0791152,19.90795104
769,3769,45.67232928,17.16365376
769,3770,51.47815968,23.01325344
769,3771,57.8803008,23.04288
769,3772,64.21989696,21.5396064
769,3773,69.89445,20.77260768
769,3774,75.77958936,21.26199456
769,3775,81.68978328,21.21151968
769,3776,87.57562368,21.1884768
769,3777,93.48197712,22.00156128
769,3778,99.40936176,19.14314688
769,3779,104.45639256,18.07439616
769,3780,109.48358088,18.36736992
769,3781,115.59393696,26.36983296
769,3782,123.13060464,26.84385792
769,3783,130.32031848,24.85558656
769,3784,137.11638312,24.1621056
769,3785,143.81930088,24.1072416
769,3786,150.2571036,22.03557696
769,3787,156.33429744,21.9456
769,3788,162.36272328,20.50377408
769,3789,168.09271944,24.03921024
769,3790,176.2836708,32.64188544
769,3791,184.9712328,29.03512608
769,3792,192.73695768,27.71070912
769,3793,200.41486968,27.49893408
769,3794,208.03413816,27.42761088
769,3795,215.88112272,29.89210176
769,3796,224.21054472,29.17886976
769,3797,232.0980372,27.56147904
769,3798,239.71160592,27.377136
769,3799,247.32258384,27.432
769,3800,254.93407992,27.39140064
769,3801,262.65015288,28.13096736
769,3802,270.3361116,26.84714976
769,3803,277.57931784,26.23815936
769,3804,284.9271924,26.19536544
769,3805,292.38951936,27.4374864
769,3806,300.00967176,27.432
769,3807,307.62726384,27.36835776
769,3808,315.2369616,27.56147904
769,3809,323.43873336,31.8320928
769,3810,332.01068472,26.53113312
769,3811,337.99366488,19.47233088
769,3812,343.19562552,16.09819488
769,3813,346.63761,9.80858592
769,3814,348.95588832,7.64365248
769,3815,351.0803748,7.6480416
769,3816,353.20431264,7.53611904
769,3817,355.11934056,6.31155456
769,3818,356.98243056,8.22521088
769,3819,359.78848032,10.84222368
769,3820,362.80981032,10.9728
769,3821,365.96104608,12.61762272
769,3822,369.9450564,15.63733728
769,3823,374.7433704,19.4712336
769,3824,380.9183136,25.8189984
769,3825,388.92263592,29.92502016
769,3826,397.2635184,30.65141952
769,3827,406.06007688,33.04129536
769,3828,415.86793128,36.71828064
769,3829,426.06083952,36.6820704
769,3830,436.248048,36.62501184
769,3831,446.63618064,38.0975616
769,3832,457.19366016,38.02843296
769,3833,468.10403712,41.8502592
769,3834,480.06262128,41.97973824
769,3835,490.80712608,34.81559712
769,3836,498.0130248,37.20657024
773,3769,23.80512384,30.99816
773,3770,32.42788536,30.89282112
773,3771,40.3076664,25.02237312
773,3772,46.97111256,23.88888288
773,3773,53.79439584,25.48761984
773,3774,60.9513132,25.54358112
773,3775,67.48171416,21.23346528
773,3776,72.80943528,16.35386112
773,3777,77.19889056,17.12744352
773,3778,82.37043216,19.92770208
773,3779,88.01346888,20.1405744
773,3780,93.70189032,21.2707728
773,3781,99.92782656,22.79708928
773,3782,106.12852536,22.29234048
773,3783,112.32538368,22.30550784
773,3784,118.94877912,26.27656416
773,3785,126.49849224,27.0260064
773,3786,134.11297536,27.78642144
773,3787,141.23782776,22.8728016
773,3788,147.45373608,23.24697408
773,3789,153.98383224,22.94851392
773,3790,160.28157936,22.33184256
773,3791,166.52126208,23.61566016
773,3792,173.32546488,24.68111904
773,3793,180.5080464,28.26922464
773,3794,188.79912456,30.19275648
773,3795,197.18325816,30.16861632
773,3796,205.56330744,30.2136048
773,3797,213.96316872,30.19824288
773,3798,222.39768576,30.76663392
773,3799,230.93443272,29.30944608
773,3800,238.64562888,27.37384416
773,3801,246.2543208,27.432
773,3802,253.88855496,27.925776
773,3803,261.9647796,29.70007776
773,3804,269.8994856,27.39688704
773,3805,277.49171832,27.43638912
773,3806,284.8825392,25.03005408
773,3807,291.58201272,23.95142784
773,3808,298.2344556,23.9536224
773,3809,304.88705088,23.9536224
773,3810,311.52452808,23.86145088
773,3811,318.2666736,25.39435104
773,3812,325.2220572,23.63211936
773,3813,331.69442424,23.2952544
773,3814,337.84958592,18.30372768
773,3815,341.53221,10.89269856
773,3816,344.46786072,9.05694912
773,3817,346.23850488,4.93995456
773,3818,347.90399304,7.31227392
773,3819,350.02162152,7.6480416
773,3820,352.146108,7.6480416
773,3821,354.2704116,7.6480416
773,3822,356.39492856,7.6480416
773,3823,358.5193236,7.6480416
773,3824,360.7151028,9.73836
773,3825,364.6738452,18.36078624
773,3826,370.43468712,21.94121088
773,3827,376.77355176,25.01140032
773,3828,384.75352056,31.85513568
773,3829,393.81117072,32.67809568
773,3830,402.92612328,32.91071904
773,3831,412.27205328,35.0526096
773,3832,422.51586312,38.22594336
773,3833,433.26201384,38.94575904
773,3834,444.04538064,39.06755712
773,3835,455.13738792,40.61143008
773,3836,466.60783488,42.37256448
773,3837,478.81729992,44.29060992
773,3838,490.77469536,41.49583776
773,3839,498.4724346,37.5708672
784,3772,24.30194784,29.22495552
784,3773,31.96586952,26.49711744
784,3774,39.32794776,26.5212576
784,3775,46.66539816,25.61709888
784,3776,53.30135136,22.85414784
784,3777,59.65121928,22.86073152
784,3778,66.02156976,23.08238208
784,3779,71.99616792,19.93099392
784,3780,77.39256048,19.46684448
784,3781,83.1245988,21.43646208
784,3782,89.35952664,23.35341024
784,3783,95.89641984,23.35231296
784,3784,102.47750904,23.92838496
784,3785,109.18414536,25.2429264
784,3786,116.49431616,27.14231808
784,3787,124.0889568,27.01283904
784,3788,131.58651864,27.41773536
784,3789,139.21453488,27.25314336
784,3790,146.03541024,16.9639488
784,3791,150.15962856,19.92879936
784,3792,156.46615392,22.62920544
784,3793,162.5777292,21.90829248
784,3794,168.57549216,21.39586272
784,3795,174.5188788,21.3914736
784,3796,180.5554428,21.95328096
784,3797,186.65232672,21.95986464
784,3798,193.18266672,26.06259456
784,3799,200.75091168,27.40566528
784,3800,208.56025344,29.98427328
784,3801,217.30798296,31.24833984
784,3802,225.39679584,27.49673952
784,3803,233.0122848,27.432
784,3804,240.68428368,28.47112416
784,3805,249.04622784,30.83247072
784,3806,257.28872088,28.94953824
784,3807,265.39030488,28.63132704
784,3808,273.01359672,26.32045536
784,3809,280.06544952,24.58894752
784,3810,286.65726768,23.38084224
784,3811,293.06251776,22.30331328
784,3812,299.60090448,26.06259456
784,3813,307.17082584,27.39249792
784,3814,314.77125768,27.39469248
784,3815,321.97932048,23.6354112
784,3816,328.29511176,22.59080064
784,3817,333.80952288,15.53309568
784,3818,337.26412608,10.7862624
784,3819,339.61949856,5.95384128
784,3820,341.14560168,5.17806432
784,3821,341.98023552,0.61337952
784,3822,342.30935856,3.40485984
784,3823,343.71814416,5.48420544
784,3824,345.67435056,9.77347296
784,3825,348.99164136,13.00496256
784,3826,352.82953056,16.28034336
784,3827,358.14676656,20.20421664
784,3828,363.9261708,22.97923776
784,3829,371.04328128,27.29593728
784,3830,378.86295576,28.474416
784,3831,386.78757288,28.82444832
784,3832,394.99406904,30.41330976
784,3833,403.83695712,33.15760704
784,3834,413.37518544,35.78449536
784,3835,423.71381856,38.81957184
784,3836,434.84313336,41.44316832
784,3837,446.7679152,44.25220512
784,3838,459.49230936,46.48297536
784,3839,472.7149296,49.13510112
784,3840,485.65661568,43.3370736
784,3841,496.2735693,41.7473892
786,3774,17.42303856,34.07273856
786,3775,26.87967192,33.52848768
786,3776,34.82068728,22.54032576
786,3777,40.81933416,22.22101728
786,3778,47.11061952,24.62625504
786,3779,54.39000552,25.63684992
786,3780,61.32953952,24.44959296
786,3781,67.70836344,22.67748576
786,3782,74.2565952,23.76927936
786,3783,80.87895432,23.82633792
786,3784,87.4757712,23.90095296
786,3785,94.3474872,24.441912
786,3786,100.75654728,22.65224832
786,3787,107.04716208,22.67199936
786,3788,113.31970224,22.40974944
786,3789,119.5308252,22.30879968
786,3790,125.91461736,24.77767968
786,3791,133.02764352,24.249888
786,3792,139.39747584,22.45364064
786,3793,145.51779888,21.91487616
786,3794,151.60544736,21.6767664
786,3795,157.40259096,19.81797408
786,3796,163.09537104,22.0333824
786,3797,169.33889424,23.03300448
786,3798,176.52952248,28.4908752
786,3799,184.50830256,28.72898496
786,3800,192.48906384,28.65985632
786,3801,200.29145616,27.48905856
786,3802,207.83790792,27.18950112
786,3803,215.08361352,24.4748304
786,3804,222.63744144,31.32405216
786,3805,231.58219368,30.96194976
786,3806,239.56499712,27.41773536
786,3807,247.16360016,26.72205984
786,3808,253.70753424,23.15041344
786,3809,261.06040752,27.54392256
786,3810,268.15980912,24.5955312
786,3811,275.42371128,26.73303264
786,3812,282.5809944,24.41448
786,3813,289.16647272,23.0757984
786,3814,295.38387456,21.89951424
786,3815,301.96478088,25.2868176
786,3816,308.73076176,23.92289856
786,3817,315.15789648,22.04654976
786,3818,321.20704872,21.67237728
786,3819,326.69680152,15.65379648
786,3820,330.18033024,10.94207616
786,3821,332.52954576,6.42128256
786,3822,333.85189008,2.9132784
786,3823,334.53256944,2.414016
786,3824,335.0847756,0.96341184
786,3825,335.87789568,5.70256416
786,3826,337.76235216,8.69704128
786,3827,340.73320728,11.49291072
786,3828,344.51806128,16.68743424
786,3829,349.82359296,20.43245088
786,3830,355.51052088,20.80223424
786,3831,361.46058264,21.80734272
786,3832,367.5577104,22.5271584
786,3833,374.48212632,27.12366432
786,3834,382.22197368,29.06475264
786,3835,390.67718664,32.2435728
786,3836,400.31224992,35.94250368
786,3837,410.34943584,37.10123136
786,3838,421.06257672,39.24751104
786,3839,431.97258792,39.50976096
786,3840,442.96209096,38.23362432
786,3841,453.20004864,37.59061824
786,3842,464.17111128,40.50828576
786,3843,475.42804584,40.41501696
786,3844,486.50170416,39.39125472
786,3845,497.43213696,39.33639072
786,3846,504.5327984,39.3155424
798,3777,21.9626688,27.7172928
798,3778,27.61222824,23.74404192
798,3779,34.01665536,24.6558816
798,3780,41.08664376,25.5172464
798,3781,48.17613936,25.5172464
798,3782,55.26292224,25.51285728
798,3783,62.24393952,24.49458144
798,3784,68.9658768,24.15552192
798,3785,75.6784872,24.23233152
798,3786,82.4144148,24.1785648
798,3787,89.12330664,24.13906272
798,3788,95.80589424,24.03811296
798,3789,102.39445104,23.81426784
798,3790,109.22130048,24.8753376
798,3791,116.14461912,25.00371936
798,3792,122.97893616,23.8000032
798,3793,129.37290864,22.98143232
798,3794,135.89669544,23.4379008
798,3795,142.244064,22.0169232
798,3796,148.20893904,21.37830624
798,3797,154.1522952,21.39696
798,3798,160.09595616,21.38818176
798,3799,165.92528664,21.01071744
798,3800,172.65691656,27.40895712
798,3801,180.33915672,27.84457728
798,3802,187.69379784,22.84098048
798,3803,194.87369712,31.41073728
798,3804,203.74703472,31.34051136
798,3805,212.36220672,31.43378016
798,3806,220.57626192,25.72792416
798,3807,227.62104336,25.77181536
798,3808,234.0226968,21.2982048
798,3809,239.9300256,21.22797888
798,3810,245.83348344,21.287232
798,3811,251.74690824,21.287232
798,3812,259.20719304,43.29537696
798,3813,271.1593764,28.1287728
798,3814,277.56435216,21.7426032
798,3815,283.62999408,21.94121088
798,3816,289.7267256,21.9456
798,3817,295.8227256,21.9456
798,3818,301.91909136,21.94669728
798,3819,308.01606672,21.85672032
798,3820,313.53642144,17.28874368
798,3821,317.95891704,13.99470912
798,3822,321.24773952,10.57339008
798,3823,323.57641152,6.39494784
798,3824,325.3081632,6.2435232
798,3825,327.04159128,6.2435232
798,3826,328.77492792,6.2435232
798,3827,330.50741112,6.2599824
798,3828,332.60931192,9.69007968
798,3829,335.92078104,14.54773824
798,3830,340.40192016,16.88823648
798,3831,345.80477448,22.13323488
798,3832,352.1694252,23.16796992
798,3833,358.54617648,22.35049632
798,3834,364.69679664,23.6244384
798,3835,374.51254536,34.10785152
798,3836,379.37273376,19.72689984
798,3837,388.36927152,37.6476768
798,3838,398.73049032,37.11769056
798,3839,409.2250896,39.0960864
798,3840,420.71489136,42.15530304
798,3841,432.61029048,44.110656
798,3842,444.97718472,44.08432128
798,3843,457.05348264,44.11175328
798,3844,469.439244,45.63148608
798,3845,481.85832,41.72846112
798,3846,492.69469152,35.9962704
798,3847,498.9340288,34.2790272
801,3807,205.2955,32.068008
801,3808,212.42466024,32.11628832
801,3809,221.40467784,32.51679552
801,3810,230.4969228,32.72198688
801,3811,239.08240728,28.9572192
801,3812,246.86480472,27.4265136
801,3813,254.47779432,27.29484
801,3814,262.04347896,27.15658272
801,3815,269.12703096,23.44448448
801,3816,275.39896152,22.08714912
801,3817,281.49496152,21.9456
801,3818,287.59093104,21.94779456
801,3819,293.68702248,21.94340544
801,3820,299.782992,21.9456
801,3821,305.87893104,21.94779456
801,3822,311.72679336,18.83700576
801,3823,316.01072688,11.88025056
801,3824,318.20745096,4.56907392
801,3825,319.15217856,3.04824384
801,3826,319.99848624,3.0504384
801,3827,320.84485488,3.0504384
801,3828,321.74517312,4.06432512
801,3829,324.08847552,14.17466304
801,3830,328.71274872,17.117568
801,3831,333.467964,17.117568
801,3832,338.22317928,17.117568
801,3833,343.18541472,20.56412448
801,3834,349.927926,25.95396384
801,3835,357.14830272,25.9726176
801,3836,364.1657436,24.87753216
801,3837,371.42172096,27.30471552
801,3838,379.08841632,28.91991168
801,3839,388.3080372,36.4351824
801,3840,398.39072976,35.80753824
801,3841,408.50207352,37.72229184
801,3842,419.38279344,40.30089984
801,3843,430.99143672,43.4413152
801,3844,443.16420384,43.86705984
801,3845,455.35492368,43.8966864
801,3846,467.55234912,44.83156896
801,3847,480.24031968,44.52323328
801,3848,492.28802736,42.0313104
801,3849,499.5892472,38.3609088
808,3781,22.84695456,40.32504
808,3782,29.8275756,20.43684
808,3783,36.09081936,30.41330976
808,3784,44.28893352,27.5362416
808,3785,51.77655888,26.88336
808,3786,59.24556096,26.83288512
808,3787,66.27979632,24.27293088
808,3788,73.25188296,25.53151104
808,3789,80.36649408,25.62587712
808,3790,87.46400592,25.52053824
808,3791,94.32160968,24.48470592
808,3792,101.10560424,22.59738432
808,3793,106.83761208,20.83515264
808,3794,113.16084048,23.34902112
808,3795,119.31048528,20.45549376
808,3796,124.96126392,21.23017344
808,3797,130.73030496,20.12082336
808,3798,136.398,21.23675712
808,3799,142.44532344,21.42219744
808,3800,148.4084916,21.88854144
808,3801,154.5067776,21.7645488
808,3802,160.1112876,18.00965664
808,3803,165.04087896,19.83991968
808,3804,171.19177344,22.8563424
808,3805,177.54246432,22.86402336
808,3806,184.18503168,26.5925808
808,3807,192.22230288,29.63533824
808,3808,200.44934256,29.59473888
808,3809,208.6540404,29.37308832
808,3810,216.75574632,29.105352
808,3811,224.6630508,27.17194464
808,3812,232.03378536,26.52235488
808,3813,239.39193168,26.13391776
808,3814,246.13733856,22.62262176
808,3815,252.37952064,22.02460416
808,3816,257.76945144,17.0846496
808,3817,262.62336096,21.06558144
808,3818,270.09184488,26.0494272
808,3819,275.76481296,18.7195968
808,3820,281.133804,20.02206816
808,3821,286.84173264,20.6617824
808,3822,292.58212248,20.66617152
808,3823,298.07989152,18.32896512
808,3824,302.98275192,17.5619664
808,3825,307.44852912,13.17065184
808,3826,310.53325752,9.47830464
808,3827,312.48669024,5.5193184
808,3828,313.8688668,3.43119456
808,3829,314.24694072,0.16239744
808,3830,314.25517032,0.3950208
808,3831,315.30727896,8.29433952
808,3832,318.9064488,17.46979488
808,3833,322.63951728,11.26577376
808,3834,327.0970344,17.54989632
808,3835,332.3197824,20.96572896
808,3836,338.44150752,22.1870016
808,3837,344.89924416,25.69390848
808,3838,352.57764384,28.20667968
808,3839,360.66947424,30.98499264
808,3840,369.4459464,30.8225952
808,3841,377.82797688,29.72970432
808,3842,386.44802568,32.81525568
808,3843,395.59943232,32.49923904
808,3844,404.28205656,30.38258592
808,3845,413.22424848,34.8715584
808,3846,423.28783008,36.98601696
808,3847,433.7701764,37.94613696
808,3848,444.5986536,40.88904192
808,3849,456.1655088,42.25844736
808,3850,468.13567536,45.18269856
808,3851,481.31202696,47.24229312
808,3852,493.64179656,40.78260576
808,3853,499.8488352,38.6132832
815,3783,25.1410361142857,51.188112
815,3784,36.47788488,40.38977952
815,3785,44.09989656,19.86405984
815,3786,49.84632144,18.01843488
815,3787,55.24475616,25.6928112
815,3788,63.16803216,29.10206016
815,3789,71.25138912,29.105352
815,3790,78.95822664,24.96312
815,3791,85.38155136,22.7027232
815,3792,91.68167592,22.60835712
815,3793,97.88840976,21.84574752
815,3794,103.84822512,21.3640416
815,3795,109.78807608,21.39257088
815,3796,115.77907248,21.98290752
815,3797,122.09376648,23.0373936
815,3798,128.25048264,21.40573824
815,3799,134.14753968,21.3530688
815,3800,140.1891024,21.9456
815,3801,146.27955504,21.9126816
815,3802,152.3719584,21.9456
815,3803,158.34859872,20.2612752
815,3804,163.47560904,17.7430176
815,3805,168.69756456,19.9540368
815,3806,174.85101936,25.56991584
815,3807,182.75097816,29.17996704
815,3808,190.60427208,28.80689184
815,3809,198.84045576,28.81786464
815,3810,206.64025728,28.14084288
815,3811,214.45654848,28.1013408
815,3812,222.26052576,28.0848816
815,3813,230.04798288,27.2290032
815,3814,236.83926216,22.35598272
815,3815,243.02155104,22.26820032
815,3816,249.22066488,22.46571072
815,3817,255.58473648,23.20308288
815,3818,261.97703256,21.5670384
815,3819,266.95764744,16.48553472
815,3820,271.78799592,17.30630016
815,3821,276.64992168,18.19619424
815,3822,282.13650456,21.30808032
815,3823,288.17236752,21.13251552
815,3824,293.3634468,15.89519808
815,3825,297.44986992,14.4621504
815,3826,301.3370148,11.9822976
815,3827,303.76633176,6.48053568
815,3828,305.38844688,5.2998624
815,3829,306.52937424,3.39169248
815,3830,307.47364464,3.072384
815,3831,307.88131464,0.25895808
815,3832,308.1334452,2.23406208
815,3833,309.85992384,10.01487456
815,3834,313.00542936,13.44168
815,3835,317.839344,20.56522176
815,3836,324.08457408,24.31133568
815,3837,331.03120992,25.18477056
815,3838,338.27277024,27.12366432
815,3839,345.9318456,28.71691488
815,3840,354.58944576,33.21027648
815,3841,363.970824,33.89607648
815,3842,373.63380696,36.12026304
815,3843,383.83973016,36.87080256
815,3844,393.7084836,33.27062688
815,3845,402.66414768,32.09982912
815,3846,411.54181344,32.12177472
815,3847,420.80386248,34.44032736
815,3848,430.65103608,37.44687456
815,3849,441.5323656,40.70140704
815,3850,453.37863096,43.76062368
815,3851,465.61549752,45.69732288
815,3852,478.91056872,46.78472736
815,3853,491.6402664,48.42077184
815,3854,500.1515016,52.998624
822,3785,21.3557104,26.6968224
822,3786,26.29774776,27.82921536
822,3787,34.117788,27.79739424
822,3788,41.75430816,27.43309728
822,3789,49.58449824,29.75713632
822,3790,58.13569272,31.00474368
822,3791,66.2197812,25.8519168
822,3792,72.91794408,22.58421696
822,3793,78.59615472,20.31943104
822,3794,84.61555848,22.07946816
822,3795,90.45897072,19.3615056
822,3796,95.80385208,20.820888
822,3797,101.97413184,22.32306432
822,3798,108.0221868,21.67018272
822,3799,114.09749088,22.4229168
822,3800,120.18925416,20.3490576
822,3801,125.81125968,20.25469152
822,3802,131.00645376,17.4138336
822,3803,135.63795072,16.20463104
822,3804,140.35378584,18.20826432
822,3805,145.7291472,20.29858272
822,3806,151.78037208,22.98582144
822,3807,158.1829704,23.04288
822,3808,164.57480928,22.99679424
822,3809,171.00746088,24.27293088
822,3810,178.73368368,30.4934112
822,3811,187.23461664,30.60094464
822,3812,195.7337208,30.58338816
822,3813,204.21481128,30.12472512
822,3814,212.2122756,27.76008672
822,3815,219.90966432,27.61195392
822,3816,227.20541808,23.8274352
822,3817,233.3966376,21.9456
822,3818,239.48693784,21.90061152
822,3819,245.31331176,18.9225936
822,3820,250.06895376,16.45042176
822,3821,254.75781408,18.23898816
822,3822,260.4031368,21.46060224
822,3823,266.36170248,21.59227584
822,3824,272.39375544,21.70639296
822,3825,278.44824168,21.91597344
822,3826,284.54646672,21.75247872
822,3827,289.85617416,15.0162768
822,3828,293.06422464,8.4984336
822,3829,294.8319732,5.4809136
822,3830,296.22487872,3.77135136
822,3831,296.97291888,2.3810976
822,3832,297.61589448,1.80612288
822,3833,297.8100216,0
822,3834,297.85994784,1.29588768
822,3835,298.94454816,5.68281312
822,3836,301.15940784,10.55473632
822,3837,304.75809,15.58795968
822,3838,309.39940152,18.28946304
822,3839,315.15259296,21.94669728
822,3840,321.2947092,23.23819584
822,3841,328.4252004,27.14012352
822,3842,335.93626488,26.77802112
822,3843,343.43108352,27.51539328
822,3844,351.3412836,29.32590528
822,3845,359.69771088,31.5577728
822,3846,368.7609084,32.9184
822,3847,377.92310496,33.73367904
822,3848,387.98747904,38.08768608
822,3849,398.51140008,37.05404832
822,3850,408.80150904,38.00209824
822,3851,419.47697664,38.69228736
822,3852,430.49955048,40.709088
822,3853,441.91540776,41.28625728
822,3854,453.68370528,43.63114464
822,3855,465.93422688,45.61173504
822,3856,478.96357344,44.74927296
822,3857,490.4282292,39.79944288
822,3858,498.0814524,37.8781056
829,3788,21.8044268,31.656528
829,3789,29.08855752,34.08919776
829,3790,38.55701712,32.41145664
829,3791,46.412658,30.55705344
829,3792,56.94045,40.26249504
829,3793,64.67974872,9.56060064
829,3794,68.20771728,23.94484416
829,3795,75.59701416,27.00735264
829,3796,83.09524656,26.91518112
829,3797,90.0728196,20.79016416
829,3798,95.27417064,20.6178912
829,3799,101.07865992,18.92588544
829,3800,105.49652256,12.21711552
829,3801,108.62367912,14.89228416
829,3802,114.15915192,20.85161184
829,3803,119.44795008,18.58902048
829,3804,124.70413464,18.56707488
829,3805,129.49997976,16.157448
829,3806,134.37714552,20.32601472
829,3807,140.34692784,21.67347456
829,3808,146.43137592,21.90829248
829,3809,152.52441936,21.9456
829,3810,158.6177676,21.63177792
829,3811,164.43551568,22.90133088
829,3812,172.1454012,28.8365184
829,3813,180.08598984,29.36431008
829,3814,187.69193856,25.83216576
829,3815,194.82483768,26.38848672
829,3816,202.544172,28.41735744
829,3817,210.48095064,28.57207392
829,3818,218.40251976,28.10463264
829,3819,225.09970728,19.7674992
829,3820,230.37503328,18.84468672
829,3821,235.29907728,16.48882656
829,3822,239.81539032,16.22438208
829,3823,244.32716184,16.33411008
829,3824,249.07853664,17.9569872
829,3825,254.10471912,18.08207712
829,3826,259.5807864,22.0608144
829,3827,265.74375096,20.69908992
829,3828,270.96390816,17.80556256
829,3829,276.00243504,18.46063872
829,3830,280.67703072,13.28696352
829,3831,283.6427652,9.9742752
829,3832,286.34003184,8.36895456
829,3833,287.66975232,1.43963136
829,3834,287.7568032,0
829,3835,287.7568032,0
829,3836,287.75747376,0.08010144
829,3837,288.15185448,4.29475392
829,3838,290.50683072,11.78807904
829,3839,294.53835936,16.85751264
829,3840,299.80149336,21.25760544
829,3841,306.36493464,25.98797952
829,3842,313.76392416,26.7077952
829,3843,321.1996116,26.773632
829,3844,328.63578672,26.8065504
829,3845,336.53099064,30.59655552
829,3846,345.19538784,31.23517248
829,3847,353.8892592,31.30869024
829,3848,362.55575952,31.17482208
829,3849,371.4743904,33.95862144
829,3850,381.50267616,38.50026336
829,3851,392.70432,40.30199712
829,3852,403.64904792,38.28629376
829,3853,414.32226,38.706552
829,3854,425.0236356,39.69081216
829,3855,436.38959712,42.9530256
829,3856,448.88670192,45.47238048
829,3857,461.3690544,44.45300736
829,3858,473.72296416,44.47605024
829,3859,486.01161624,42.76319616
829,3860,496.0487031,39.3361164
835,3790,19.694652,35.9139744
835,3791,25.5090168,34.92422784
835,3792,33.58932576,25.62368256
835,3793,41.42341728,29.27104128
835,3794,49.53569976,28.8200592
835,3795,57.38170896,27.54063072
835,3796,64.5836148,24.7326912
835,3797,71.4464916,24.7107456
835,3798,78.31046568,24.14125728
835,3799,84.43176408,20.46756384
835,3800,90.10744488,20.41160256
835,3801,95.758254,20.35673856
835,3802,101.42360208,20.04291648
835,3803,106.67996952,18.11719008
835,3804,111.70846848,18.10512
835,3805,116.75171976,18.2313072
835,3806,121.79948208,17.99100288
835,3807,126.67542864,16.96175424
835,3808,131.43573408,17.75289312
835,3809,136.36404528,18.30921408
835,3810,142.2218136,23.15041344
835,3811,148.66613904,23.21076384
835,3812,155.13353784,23.97447072
835,3813,162.4203,27.8928576
835,3814,170.1856896,27.98064
835,3815,177.96202152,28.13096736
835,3816,185.89883064,28.90564704
835,3817,193.92954864,28.89247968
835,3818,201.96182112,29.37857472
835,3819,210.56693472,32.14262304
835,3820,219.34081608,27.96088896
835,3821,224.52080064,14.01007104
835,3822,228.77163288,14.99323392
835,3823,232.93702968,14.9998176
835,3824,237.12787728,15.73280064
835,3825,241.87477152,17.91638784
835,3826,246.86309784,17.97015456
835,3827,251.85438072,17.97015456
835,3828,256.87501584,19.15192512
835,3829,262.86101352,23.01654528
835,3830,269.22020832,21.59117856
835,3831,274.22898672,15.51444192
835,3832,278.15218944,10.86197472
835,3833,280.3791192,7.13451456
835,3834,282.05737848,3.24575424
835,3835,282.2774136,0
835,3836,282.2774136,0
835,3837,282.2774136,0
835,3838,282.27759648,0.14703552
835,3839,283.18766832,7.1542656
835,3840,285.56891832,10.44171648
835,3841,289.8364536,20.0143872
835,3842,295.82641368,21.94450272
835,3843,302.07825792,24.41448
835,3844,309.46060536,27.3606768
835,3845,317.06554824,27.43419456
835,3846,325.15527552,31.89354048
835,3847,334.36035744,33.1762608
835,3848,343.51216032,32.8470768
835,3849,352.6484184,32.9129136
835,3850,361.91019312,34.71903648
835,3851,372.08539248,37.44577728
835,3852,382.58334456,39.39015744
835,3853,393.51841032,38.11731264
835,3854,404.07241512,37.9988064
835,3855,414.67860168,38.80311264
835,3856,425.67413976,40.80564864
835,3857,437.44899048,44.110656
835,3858,450.10739544,45.9870048
835,3859,462.65308536,44.75475936
835,3860,475.28061408,45.74450592
835,3861,487.83349728,42.85536768
835,3862,497.209746171429,37.8201065142857
846,3793,20.2735107428571,30.3852507428571
846,3794,27.43690728,30.3068736
846,3795,35.65882632,27.1412208
846,3796,42.125646,20.56412448
846,3797,47.76755496,21.9126816
846,3798,54.12495144,22.54800672
846,3799,60.33125856,21.58569216
846,3800,66.47005248,23.67820512
846,3801,73.1759268,24.167592
846,3802,79.89396264,23.47740288
846,3803,85.734906,19.24190208
846,3804,91.06018872,19.63692288
846,3805,96.97553376,21.55496832
846,3806,102.68443776,20.4532992
846,3807,108.36901872,20.48512032
846,3808,114.14342424,21.64823712
846,3809,120.36686112,22.55239584
846,3810,126.5820684,22.08495456
846,3811,132.88204056,23.77586304
846,3812,139.58410488,24.14125728
846,3813,146.09402328,21.76015968
846,3814,152.15945184,23.92838496
846,3815,159.43185792,27.38591424
846,3816,167.03905632,27.40676256
846,3817,174.66326256,27.80068608
846,3818,182.59580448,28.77507072
846,3819,190.5298704,28.5457392
846,3820,198.4481172,27.96747264
846,3821,205.4164548,22.4832672
846,3822,211.5994752,22.23308736
846,3823,217.76850528,22.23528192
846,3824,223.9260444,21.46608864
846,3825,228.98118288,15.31034784
846,3826,233.171238,15.0876
846,3827,237.36235992,15.08321088
846,3828,241.66665408,16.69621248
846,3829,246.60907752,18.10621728
846,3830,251.55689592,17.21303136
846,3831,256.55052576,19.29127968
846,3832,261.99455856,19.49976288
846,3833,267.02403288,16.65561312
846,3834,271.32954624,13.2990336
846,3835,274.20088416,7.4011536
846,3836,275.59098552,2.6773632
846,3837,275.90925768,0.76919328
846,3838,276.1225872,0.768096
846,3839,276.3359472,0.768096
846,3840,276.5493072,0.768096
846,3841,276.83493528,2.3372064
846,3842,278.3019072,8.51379552
846,3843,281.28824616,12.88645632
846,3844,285.53731056,16.46797824
846,3845,290.1388152,16.96504608
846,3846,295.06724832,19.51951392
846,3847,301.01935224,22.52606112
846,3848,307.94145168,27.06550848
846,3849,315.5390184,27.41115168
846,3850,323.41377024,30.62727936
846,3851,332.12254632,30.41221248
846,3852,340.48330176,30.5427888
846,3853,349.70987208,34.43484096
846,3854,358.94439768,32.99191776
846,3855,368.11768896,33.11261856
846,3856,377.75259984,38.09646432
846,3857,389.52104976,44.69001984
846,3858,401.67927792,42.38134272
846,3859,413.32288176,41.90402592
846,3860,425.04835488,42.83122752
846,3861,436.86523752,42.35720256
846,3862,448.79800512,43.08360192
846,3863,460.72007424,42.76429344
846,3864,472.94020728,45.94530816
846,3865,485.280462,41.31588384
846,3866,495.7677664,39.3143232
860,3795,19.9096122,26.3566656
860,3796,25.04066112,26.33910912
860,3797,32.3534532,26.31496896
860,3798,39.60424896,25.05968064
860,3799,46.1189832,22.68406944
860,3800,52.41922968,22.67968032
860,3801,58.77053016,23.76927936
860,3802,65.75736912,25.81460928
860,3803,72.92571648,25.813512
860,3804,80.00231904,23.65845408
860,3805,85.77434712,19.38125664
860,3806,91.15839528,19.33736544
860,3807,96.51632208,19.33736544
860,3808,101.89774896,19.35382464
860,3809,107.27594496,19.38674304
860,3810,112.63877904,19.27482048
860,3811,118.20640824,20.65190688
860,3812,123.900438,20.72871648
860,3813,129.7820112,21.58020576
860,3814,135.67739184,20.51145504
860,3815,141.650466,22.49533728
860,3816,147.79937928,21.9620592
860,3817,154.09947336,23.41924704
860,3818,160.8585048,25.10357184
860,3819,168.14438304,27.78422688
860,3820,176.19092016,29.50476192
860,3821,184.17506472,28.26264096
860,3822,191.8726668,25.79595552
860,3823,198.42918912,22.75978176
860,3824,204.67124928,21.52753632
860,3825,210.35439768,20.05718112
860,3826,215.9137668,19.98585792
860,3827,221.40784776,18.6592464
860,3828,226.15492488,16.43835168
860,3829,230.72207856,15.99175872
860,3830,234.46212696,11.16372672
860,3831,237.74076912,13.9793472
860,3832,242.14308696,16.41750336
860,3833,246.7138068,16.47675648
860,3834,251.2242372,15.82936128
860,3835,255.56544264,15.39044928
860,3836,258.92567976,7.81153632
860,3837,260.7161664,6.27314976
860,3838,262.43703672,6.144768
860,3839,264.16470408,6.26985792
860,3840,265.9066056,6.2709552
860,3841,267.64832424,6.26876064
860,3842,269.39043912,6.23474496
860,3843,271.04468016,5.68610496
860,3844,273.138138,10.57009824
860,3845,277.01799816,17.13841632
860,3846,282.56008512,21.89402784
860,3847,288.65785296,21.94340544
860,3848,295.07724576,25.51505184
860,3849,302.60251392,27.432
860,3850,310.21291272,27.34641216
860,3851,317.82632904,28.00478016
860,3852,326.53754352,34.5698064
860,3853,336.04404216,33.2311248
860,3854,345.19188264,33.16419072
860,3855,354.5301012,33.66125856
860,3856,363.732318,32.82074208
860,3857,372.94562952,34.04750112
860,3858,383.2567392,40.85392896
860,3859,395.0133324,42.574464
860,3860,406.78193472,42.33415968
860,3861,418.66873848,43.10445024
860,3862,430.89771072,44.93690784
860,3863,443.26631184,43.5949344
860,3864,455.2472988,43.21308096
860,3865,467.12727504,43.37986752
860,3866,479.50956168,42.85865952
860,3867,490.59605208,37.31629824
860,3868,497.98547088,34.46995392
866,3857,341.091012,32.7867264
866,3858,346.6118544,33.85986624
866,3859,356.31528432,35.8700832
866,3860,366.69079824,38.36968704
866,3861,377.375166,39.145464
866,3862,388.88889456,43.1121312
866,3863,400.39987992,39.14656128
866,3864,411.06763608,39.12790752
866,3865,422.36937624,41.5539936
866,3866,434.0661372,42.10153632
866,3867,445.73884944,42.22991808
866,3868,457.49327856,42.44937408
866,3869,469.26099696,42.3714672
866,3870,480.87018888,40.14179424
866,3871,491.56784592,37.4940576
866,3872,498.6134046,34.4875104
871,3798,19.9447404,26.9162784
871,3799,24.44331408,26.910792
871,3800,31.9153032,26.68914144
871,3801,38.8912608,21.84574752
871,3802,43.89147432,20.70128448
871,3803,52.18913616,29.83065408
871,3804,58.74855408,21.94998912
871,3805,64.75716792,22.01472864
871,3806,71.39735784,25.07723712
871,3807,78.37712544,25.17928416
871,3808,85.226652,23.35231296
871,3809,91.40656344,21.86769312
871,3810,97.26177144,19.67752224
871,3811,102.37186536,17.3864016
871,3812,106.98214824,15.94567296
871,3813,111.79064256,19.31871168
871,3814,116.98205712,16.97711616
871,3815,121.6049892,18.37505088
871,3816,127.44093384,22.08166272
871,3817,133.53214848,22.26161664
871,3818,140.2944108,26.16683616
871,3819,147.85976016,28.49416704
871,3820,155.8338768,28.7158176
871,3821,163.80244608,28.61925696
871,3822,171.60922752,27.5362416
871,3823,179.23130016,27.44077824
871,3824,186.85172688,27.0424656
871,3825,193.2709368,18.8073792
871,3826,198.26749272,17.9185824
871,3827,203.24173728,18.22472352
871,3828,208.50721824,19.257264
871,3829,213.85395888,19.33736544
871,3830,219.09392808,17.68376448
871,3831,223.72423632,16.37580672
871,3832,228.23722704,15.08979456
871,3833,231.71654952,10.97060544
871,3834,234.76314744,10.97060544
871,3835,238.24216512,15.0656544
871,3836,242.65551672,15.27194304
871,3837,246.73325304,14.53896
871,3838,250.70144424,13.23539136
871,3839,253.92001032,10.01268
871,3840,256.00286112,5.49956736
871,3841,257.48293944,5.36460192
871,3842,258.97432584,5.3656992
871,3843,260.46555984,5.3656992
871,3844,261.95691576,5.3656992
871,3845,263.44827168,5.3656992
871,3846,265.006836,7.37152704
871,3847,268.19501352,13.3538976
871,3848,271.85971536,15.7734
871,3849,277.39957728,22.81574304
871,3850,284.46532896,27.3826224
871,3851,292.31880576,30.45171456
871,3852,301.3072968,32.9184
871,3853,310.4397144,32.83500672
871,3854,319.58987136,33.71721984
871,3855,329.62224144,37.50173856
871,3856,339.40034736,33.01276608
871,3857,348.79327752,35.24902272
871,3858,358.74201048,36.11038752
871,3859,368.93750952,37.39969152
871,3860,379.57237776,39.90368448
871,3861,391.18175256,42.2397936
871,3862,402.46422936,39.54706848
871,3863,413.51649072,39.8532096
871,3864,424.85526408,42.84000576
871,3865,436.8574956,43.04409984
871,3866,449.09280768,44.22257856
871,3867,460.89731544,40.90220928
871,3868,472.19262432,40.66629408
871,3869,483.45635592,39.64911552
871,3870,493.57989168,33.15212064
871,3871,499.3315896,30.44952
883,3800,14.9030436,26.0604
883,3801,19.25074128,26.11306944
883,3802,26.51171736,26.66061216
883,3803,34.42734288,29.85479424
883,3804,42.59476368,26.50809024
883,3805,48.4505508,20.2064112
883,3806,54.90822648,24.14016
883,3807,61.8679992,27.98173728
883,3808,70.57259952,32.67919296
883,3809,79.23254664,26.40933504
883,3810,84.86793288,17.54660448
883,3811,89.73744816,16.45810272
883,3812,93.97724664,15.80522112
883,3813,98.92729008,18.92478816
883,3814,103.85599752,16.05210912
883,3815,108.3887088,17.51478336
883,3816,113.39014152,18.28507392
883,3817,118.90257144,22.3954848
883,3818,125.77535424,26.01321696
883,3819,133.37414016,28.68619104
883,3820,141.25678632,28.03769856
883,3821,149.19575952,29.08779552
883,3822,157.21571808,28.7158176
883,3823,165.18090408,28.66205088
883,3824,172.9689708,26.29741248
883,3825,179.8493736,24.33328128
883,3826,186.60788688,24.34425408
883,3827,193.04017272,20.08790496
883,3828,197.85610416,16.4592
883,3829,202.36339512,15.46396704
883,3830,206.58496656,15.65599104
883,3831,211.05562056,16.34069376
883,3832,215.58098616,16.27046784
883,3833,220.07757864,15.27523488
883,3834,223.74801072,11.98339488
883,3835,227.11157016,12.61542816
883,3836,230.90325168,14.26793184
883,3837,234.8330076,13.35609216
883,3838,238.54647744,15.03383328
883,3839,242.55590808,11.53351008
883,3840,245.30831304,9.60778368
883,3841,247.6800228,6.32472192
883,3842,249.0357732,4.5756576
883,3843,250.30578336,4.5756576
883,3844,251.55439656,4.33315872
883,3845,252.7288824,4.2025824
883,3846,253.89730272,4.197096
883,3847,255.33260592,7.12793088
883,3848,257.66423448,8.72227872
883,3849,260.0994036,8.83200672
883,3850,264.86394576,27.84128544
883,3851,272.09599632,22.27697856
883,3852,278.84844408,26.0165088
883,3853,286.2943728,27.47808576
883,3854,294.2065236,30.4056288
883,3855,303.13557864,32.92717824
883,3856,312.2631804,32.82732576
883,3857,321.53754336,35.55296928
883,3858,332.30951064,39.968424
883,3859,343.05569184,37.334952
883,3860,353.1475284,35.9304336
883,3861,363.12369336,35.72414496
883,3862,373.0148496,35.48164608
883,3863,383.27158296,39.26506752
883,3864,394.34548512,38.91832704
883,3865,404.75602056,36.74132352
883,3866,415.4306652,39.831264
883,3867,426.55171992,41.5155888
883,3868,438.19303776,40.4512272
883,3869,449.3305212,41.06241216
883,3870,460.89384072,41.49583776
883,3871,472.37184672,41.40805536
883,3872,483.48390984,37.60488288
883,3873,492.79216656,31.41293184
883,3874,498.729,31.766256
886,3806,21.4884508,35.38728
886,3807,29.37958056,35.3708208
886,3808,38.9796528,32.20187616
886,3809,47.13911832,27.93345696
886,3810,54.4285932,21.91377888
886,3811,59.35824552,18.36956448
886,3812,65.57095344,24.37936704
886,3813,72.3410796,24.3705888
886,3814,79.12726872,24.469344
886,3815,85.90827624,24.3705888
886,3816,92.6018976,22.85195328
886,3817,98.458782,20.2941936
886,3818,104.09154696,20.2667616
886,3819,109.7795112,21.38269536
886,3820,116.11069488,23.5311696
886,3821,122.63606664,23.4049824
886,3822,129.08286096,23.63431392
886,3823,135.93080256,24.87643488
886,3824,142.75655472,24.63613056
886,3825,150.00783816,27.45175104
886,3826,157.58498328,26.70121152
886,3827,164.96739168,26.97772608
886,3828,172.18468992,24.5461536
886,3829,178.72143072,22.3735392
886,3830,184.8019164,21.067776
886,3831,190.25792784,20.10326688
886,3832,196.14998616,21.38818176
886,3833,202.19660856,21.92475168
886,3834,208.07190288,19.73019168
886,3835,213.35180088,18.92917728
886,3836,218.49539232,17.36335872
886,3837,222.84205368,13.92119136
886,3838,226.23286224,11.10996
886,3839,229.280466,10.9728
886,3840,232.32834408,10.96950816
886,3841,235.37576496,10.97060544
886,3842,238.42419168,10.9618272
886,3843,241.18342416,7.91906976
886,3844,242.90435544,5.47871904
886,3845,244.3968696,4.67221824
886,3846,245.10684024,0.5705856
886,3847,245.33309328,2.43815616
886,3848,246.5600352,5.4479952
886,3849,248.1922392,7.40444544
886,3850,250.90867776,11.44243584
886,3851,254.84078064,17.69473728
886,3852,260.60372568,22.54252032
886,3853,266.88812256,23.81317056
886,3854,274.12578144,27.22680864
886,3855,281.723592,27.43638912
886,3856,289.34331768,27.43090272
886,3857,297.17990856,29.4455088
886,3858,305.75542608,32.26222656
886,3859,314.85059712,32.84817408
886,3860,324.28888152,36.20914272
886,3861,334.53592224,35.1897696
886,3862,343.8140952,33.05556
886,3863,353.19330936,34.2406224
886,3864,362.51991504,33.02483616
886,3865,372.00547392,35.70219936
886,3866,382.39433808,39.78627552
886,3867,393.82196064,40.5390096
886,3868,404.66052672,38.569392
886,3869,415.4902536,39.310056
886,3870,426.47094792,39.51415008
886,3871,437.34596808,38.96112096
886,3872,448.17984024,38.70874656
886,3873,458.81821368,37.5214896
886,3874,469.10359824,37.9494288
886,3875,479.8355148,37.5105168
886,3876,489.38950128,31.86940032
886,3877,496.997257028571,34.0109773714286
893,3807,12.99258768,27.1905984
893,3808,18.66439752,27.20925216
893,3809,26.32457016,28.88370144
893,3810,34.77118776,30.97950624
893,3811,43.20771648,27.87200928
893,3812,50.55613968,27.51539328
893,3813,57.94952088,24.90606144
893,3814,64.79215896,24.08749056
893,3815,71.57091096,25.98797952
893,3816,79.03214064,26.41591872
893,3817,85.49725344,20.42806176
893,3818,91.09807536,20.1186288
893,3819,96.67335504,20.11643424
893,3820,102.30145656,20.7550512
893,3821,108.2873628,21.94779456
893,3822,114.38647176,22.03996608
893,3823,120.70159248,25.42178304
893,3824,128.67448992,28.12438368
893,3825,135.56610936,23.3830368
893,3826,142.15180104,24.44081472
893,3827,148.91266128,23.67491328
893,3828,155.48783736,24.30255744
893,3829,162.11617056,22.3680528
893,3830,168.45326736,24.01287552
893,3831,175.06489752,23.59371456
893,3832,181.46935512,22.08495456
893,3833,187.56626952,21.96644832
893,3834,193.54550064,20.79126144
893,3835,198.99227664,18.1709568
893,3836,203.87419728,17.51588064
893,3837,208.4807616,15.2960832
893,3838,212.62220112,14.8736304
893,3839,216.7406892,14.8187664
893,3840,220.85539776,14.19221952
893,3841,224.2552284,10.89708768
893,3842,227.2975896,10.9728
893,3843,230.3455896,10.9728
893,3844,233.34524832,9.9687888
893,3845,235.45217832,5.6674512
893,3846,236.93076312,4.80279456
893,3847,238.01127912,3.46521024
893,3848,239.26044096,5.4479952
893,3849,240.77282808,5.43263328
893,3850,242.29204272,5.5357776
893,3851,244.37074824,10.09607328
893,3852,247.73464296,14.53896
893,3853,252.43164144,19.4657472
893,3854,258.60673704,24.72610752
893,3855,265.86536616,26.69462784
893,3856,273.365214,27.1796256
893,3857,280.96247592,27.42761088
893,3858,289.01388984,31.55009184
893,3859,298.10832936,32.91620544
893,3860,307.25022624,32.85146592
893,3861,316.36993368,32.9842368
893,3862,326.23435896,38.82505824
893,3863,336.77592792,35.31156768
893,3864,346.50581448,35.64294624
893,3865,356.39285592,35.1458784
893,3866,365.85774936,33.29037792
893,3867,375.2603112,35.00103744
893,3868,385.7850552,40.93073856
893,3869,397.22928936,40.67507232
893,3870,408.47013048,40.39307136
893,3871,419.71289184,40.2921216
893,3872,430.8056916,39.62497536
893,3873,441.73344216,39.31883424
893,3874,452.62885344,38.99952576
893,3875,463.11930744,36.237672
893,3876,473.29996272,37.49734944
893,3877,483.56739456,34.96592448
893,3878,492.43622112,31.24943712
893,3879,498.7041588,33.028128
899,3811,21.4749888,27.7392384
899,3812,27.26033664,27.1137888
899,3813,34.73339256,27.68108256
899,3814,42.59497704,28.39650912
899,3815,50.48780352,29.83943232
899,3816,59.54612424,34.09907328
899,3817,68.66842248,29.1547296
899,3818,75.68379072,23.23709856
899,3819,81.93438528,21.61751328
899,3820,87.70190232,20.47085568
899,3821,93.5716188,21.55826016
899,3822,99.49223688,21.1939632
899,3823,105.09845376,20.04401376
899,3824,110.72201376,19.8827136
899,3825,116.51053152,22.10690016
899,3826,122.96336088,24.76231776
899,3827,130.23969888,27.54392256
899,3828,137.98375248,27.72497376
899,3829,145.7427108,27.6734016
899,3830,153.33107256,26.47517184
899,3831,160.0987908,23.01435072
899,3832,166.37956056,22.055328
899,3833,172.47540816,21.7864944
899,3834,178.4111748,21.47157504
899,3835,184.49260536,21.91926528
899,3836,190.15072968,18.25764192
899,3837,195.04283064,17.55867456
899,3838,199.52753592,13.92338592
899,3839,203.10506496,12.36415104
899,3840,206.51108304,13.15858176
899,3841,210.39325968,14.0781024
899,3842,214.30506288,14.08029696
899,3843,218.15807016,12.93473664
899,3844,221.37697152,10.9508544
899,3845,224.3849208,10.04120928
899,3846,226.46225472,5.5357776
899,3847,227.9846088,5.4864
899,3848,229.44990432,4.48348608
899,3849,230.6036028,4.84229664
899,3850,232.0994088,5.4864
899,3851,233.6234088,5.4864
899,3852,235.1521332,5.95384128
899,3853,237.5128092,11.24712
899,3854,241.38181848,16.25949504
899,3855,246.50590272,21.06667872
899,3856,252.77999736,24.49348416
899,3857,260.33263656,28.87711776
899,3858,268.22625552,27.58891104
899,3859,276.18147456,30.8171088
899,3860,285.15414648,32.92608096
899,3861,294.40558848,34.84522368
899,3862,304.50699576,36.018216
899,3863,314.21292504,34.3887552
899,3864,324.14087064,38.86785216
899,3865,335.32105656,39.38576832
899,3866,346.04840112,38.8217664
899,3867,356.93311392,38.87553312
899,3868,367.61461656,38.39602176
899,3869,378.21772464,38.4267456
899,3870,389.48023704,41.97754368
899,3871,400.6553328,38.7778752
899,3872,411.57906,40.21750656
899,3873,422.82791736,40.60704096
899,3874,434.04839784,39.43185408
899,3875,444.5440944,35.80534368
899,3876,454.17080616,34.28231904
899,3877,463.23375984,31.00254912
899,3878,472.62190464,36.55917504
899,3879,481.96076328,30.47366016
899,3880,490.06021368,28.86504768
899,3881,497.3641818,28.5800292
905,3813,21.1236306,31.2505344
905,3814,27.02762184,30.33759744
905,3815,35.26523808,29.379672
905,3816,43.29345672,28.54244736
905,3817,51.22029888,28.53037728
905,3818,58.92003456,25.59734784
905,3819,65.5149312,23.19869376
905,3820,71.95815936,23.1964992
905,3821,78.41632272,23.3062272
905,3822,84.7729572,22.13542944
905,3823,90.7708116,21.35087424
905,3824,96.5784708,21.51985536
905,3825,102.67428792,21.0019392
905,3826,108.62282568,23.00008608
905,3827,115.46198904,26.26120224
905,3828,122.74963512,26.07905376
905,3829,130.35841848,28.70045568
905,3830,138.93625248,31.77613152
905,3831,147.06819456,26.62330464
905,3832,153.86755104,22.59080064
905,3833,160.09876032,22.47448896
905,3834,166.10703888,20.82527712
905,3835,171.68277576,19.74445632
905,3836,177.39856824,21.41012736
905,3837,183.35576232,20.16361728
905,3838,188.22189432,15.78547008
905,3839,192.57940656,15.03383328
905,3840,196.23965832,11.7079776
905,3841,199.51753848,12.49033824
905,3842,202.727052,10.38904704
905,3843,205.69583448,11.05290144
905,3844,209.07759048,13.41315072
905,3845,212.8622616,13.6282176
905,3846,216.64946256,13.57554816
905,3847,219.75717288,7.79178528
905,3848,221.45368968,5.48749728
905,3849,222.97025256,5.40520128
905,3850,224.4781896,5.4864
905,3851,226.0021896,5.4864
905,3852,227.5261896,5.4864
905,3853,229.04854368,5.5357776
905,3854,231.14002032,10.69738272
905,3855,235.25488128,18.49136256
905,3856,240.63027312,19.41527232
905,3857,246.31046496,22.1540832
905,3858,252.67962672,23.05056096
905,3859,260.09839776,32.6495664
905,3860,269.10008664,28.68948288
905,3861,276.71194848,27.35189856
905,3862,284.86982904,32.04386784
905,3863,293.99295024,32.92278912
905,3864,303.13728552,32.91730272
905,3865,312.26263176,32.82293664
905,3866,321.49508472,34.8605856
905,3867,331.85459664,38.06793504
905,3868,341.96658048,34.948368
905,3869,351.62666784,34.64551872
905,3870,361.08872664,34.0870032
905,3871,370.81330968,36.38799936
905,3872,381.44564808,39.8148048
905,3873,392.51537448,39.30895872
905,3874,403.42590384,39.282624
905,3875,414.34036512,39.31225056
905,3876,425.2565028,39.27933216
905,3877,436.15398672,38.66924448
905,3878,446.39721744,35.56942848
905,3879,456.26981136,35.5463856
905,3880,466.1464896,35.59356864
905,3881,475.97696016,34.10126784
905,3882,484.91604312,31.54460544
905,3883,493.3465368,28.45905408
905,3884,498.947313,30.230064
908,3815,23.6277912,21.98290752
908,3816,30.86209728,28.85736672
908,3817,39.11961696,29.81200032
908,3818,47.398686,29.38954752
908,3819,54.90258768,24.85997568
908,3820,61.73157072,23.68039968
908,3821,67.97549016,22.76965728
908,3822,74.51052408,23.63102208
908,3823,81.09444792,23.67710784
908,3824,87.61783848,23.34024288
908,3825,94.0775868,23.09884128
908,3826,100.36615944,23.234904
908,3827,106.91387304,23.426928
908,3828,113.90068152,26.65073664
908,3829,121.55670888,27.22022496
908,3830,129.07240632,28.91223072
908,3831,137.64335184,31.92097248
908,3832,146.14190736,27.7556976
908,3833,153.05925192,22.95838944
908,3834,159.10386264,20.56741632
908,3835,164.78999808,20.62228032
908,3836,170.18785368,17.74082304
908,3837,174.89826336,17.19876672
908,3838,179.82434952,17.37103968
908,3839,184.27650216,14.30633664
908,3840,187.89508776,12.50679744
908,3841,191.30561688,12.2566176
908,3842,194.70910512,12.2566176
908,3843,198.10189488,12.13372224
908,3844,201.4551216,12.0371616
908,3845,204.80142936,12.07666368
908,3846,207.79913736,8.5971888
908,3847,209.90960304,7.49881152
908,3848,211.99300248,7.49881152
908,3849,214.0761276,7.49771424
908,3850,216.15925272,7.4999088
908,3851,218.17794312,6.52991328
908,3852,219.7769544,5.4864
908,3853,221.3009544,5.4864
908,3854,222.82035192,5.40520128
908,3855,224.32966056,5.9417712
908,3856,227.05478592,15.44641056
908,3857,232.48260336,21.6767664
908,3858,238.92168624,25.45031232
908,3859,246.40638552,27.43090272
908,3860,254.0785368,28.55451744
908,3861,262.4321904,30.31455456
908,3862,270.35644176,27.25972704
908,3863,278.10369576,29.79554112
908,3864,286.981392,32.89206528
908,3865,296.45058312,36.49333824
908,3866,307.02141288,38.33676864
908,3867,317.4624588,36.07527456
908,3868,327.65137416,38.45198304
908,3869,337.98324072,35.8207056
908,3870,348.29919672,38.31592032
908,3871,358.87752456,37.72119456
908,3872,369.38629704,37.85396544
908,3873,380.05917384,40.35356928
908,3874,391.93796136,43.3919376
908,3875,403.26292728,38.0372112
908,3876,413.57022696,37.05404832
908,3877,423.7325028,36.27717408
908,3878,433.7314668,35.05480416
908,3879,443.03234736,32.23589184
908,3880,452.1994512,33.70514976
908,3881,461.5592496,33.69527424
908,3882,471.0141456,34.56432
908,3883,480.3119172,31.02120288
908,3884,488.64356424,29.37747744
908,3885,496.79806152,29.16460512
916,3818,24.13089408,33.01386336
916,3819,33.4460088,32.80647744
916,3820,41.91067056,28.66534272
916,3821,49.67511528,26.64086112
916,3822,56.34477936,21.85123392
916,3823,62.22534672,21.177504
916,3824,69.13238904,30.13789248
916,3825,78.04660032,31.6729872
916,3826,84.25498008,8.9099136
916,3827,87.08294496,18.31689504
916,3828,92.83089384,20.93829696
916,3829,98.7038412,22.67858304
916,3830,107.07657528,37.02332448
916,3831,117.43026552,33.37706304
916,3832,124.22873808,24.0414048
916,3833,133.1454792,34.68831264
916,3834,142.06593888,27.96527808
916,3835,148.85417016,22.41633312
916,3836,154.40826624,17.33482944
916,3837,159.001206,16.58977632
916,3838,163.59579168,16.27924608
916,3839,168.1316424,16.45261632
916,3840,172.83748008,17.14829184
916,3841,177.54886512,17.43248736
916,3842,182.24824104,15.89848992
916,3843,186.30942672,12.91937472
916,3844,189.64735248,11.38428
916,3845,192.74604072,11.11215456
916,3846,195.75453864,10.42416
916,3847,198.58722792,10.42525728
916,3848,201.588624,10.81808352
916,3849,204.2492232,7.95528
916,3850,206.0793948,5.61587904
916,3851,207.60260232,5.48310816
916,3852,209.14321392,5.84191872
916,3853,210.89008368,6.50467584
916,3854,212.69635896,6.5068704
916,3855,214.50266472,6.5068704
916,3856,216.30900096,6.50357856
916,3857,218.22799128,9.4859856
916,3858,222.07615224,14.70464928
916,3859,226.58707032,20.33918208
916,3860,232.73836104,23.86474272
916,3861,240.01305312,27.5033232
916,3862,248.08330368,31.4151264
916,3863,257.19405,33.62834016
916,3864,266.60990112,33.33097728
916,3865,275.73805152,32.81745024
916,3866,284.8479444,32.85366048
916,3867,294.05375784,34.3229184
916,3868,304.27769472,38.35103328
916,3869,314.92307856,38.35651968
916,3870,325.92955896,41.16775104
916,3871,336.96337992,37.19340288
916,3872,347.14549824,36.7204752
916,3873,357.3420336,37.280088
916,3874,367.91627712,38.39711904
916,3875,378.6345996,39.79176192
916,3876,390.41566824,43.73428896
916,3877,402.04708008,39.49878816
916,3878,412.79350512,39.40113024
916,3879,423.69610968,37.98563904
916,3880,434.1688548,37.22961312
916,3881,444.014352,34.5533472
916,3882,453.729852,35.058096
916,3883,463.46641368,34.73878752
916,3884,472.61718024,31.58301024
916,3885,481.44077448,31.82112
916,3886,490.28030976,31.81892544
916,3887,499.08924312,31.56545376
916,3888,507.84882936,31.5468
916,3889,513.106416,31.5468
921,3836,102.0122166,27.1000728
921,3837,107.45940408,29.11193568
921,3838,115.802664,30.3013872
921,3839,124.19402136,30.147768
921,3840,132.37787088,26.64634752
921,3841,138.45155952,18.30482496
921,3842,142.831566,13.9464288
921,3843,146.30832816,11.0166912
921,3844,149.511258,11.88463968
921,3845,152.6092452,10.59643296
921,3846,155.65117968,11.07813888
921,3847,158.64907056,10.83344544
921,3848,161.65711128,10.8685584
921,3849,164.82279456,11.57191488
921,3850,167.96397192,11.5269264
921,3851,171.10289376,10.96511904
921,3852,174.25815288,11.65969728
921,3853,177.48696024,11.07594432
921,3854,179.94657432,6.665976
921,3855,181.53135144,4.94544096
921,3856,182.8385472,5.2011072
921,3857,184.47556704,6.2215776
921,3858,186.20283816,6.21718848
921,3859,188.8252764,17.00454816
921,3860,195.0122592,25.78608
924,3835,61.7163612,17.2917612
924,3836,66.03299976,17.33482944
924,3837,71.80216272,25.1222256
924,3838,79.10827968,26.34240096
924,3839,86.45752584,26.75058912
924,3840,94.18893024,29.02086144
924,3841,102.3658608,30.30797088
924,3842,109.9965288,22.80038112
924,3843,115.93683696,21.24992448
924,3844,121.5502776,18.44417952
924,3845,126.43521576,17.10988704
924,3846,130.45930728,10.84880736
924,3847,133.15605576,9.40478688
924,3848,135.67833672,9.64838304
924,3849,138.55357608,10.65239424
924,3850,141.62077848,11.52473184
924,3851,145.03106376,12.58689888
924,3852,148.36380792,11.65750272
924,3853,151.59490128,11.5159536
924,3854,154.7605236,11.16262944
924,3855,157.76908248,10.7862624
924,3856,160.76602848,10.7862624
924,3857,163.98462504,12.94351488
924,3858,167.1940776,13.7269728
929,3821,21.0481672,29.9228256
929,3822,27.4326096,27.49125312
929,3823,35.26929192,28.68070464
929,3824,43.40714712,31.1188608
929,3825,51.84730296,24.01287552
929,3826,56.00157456,15.34216896
929,3827,61.48200048,20.46646656
929,3828,67.3830504,21.39696
929,3829,73.32829632,21.3091776
929,3830,79.47105264,24.46605216
929,3831,86.78165016,26.718768
929,3832,94.1850288,26.68255776
929,3833,102.22190376,31.88805408
929,3834,111.33441792,32.94802656
929,3835,120.51316512,33.000696
929,3836,129.17311224,29.04609888
929,3837,137.06380512,28.06732512
929,3838,143.98383192,19.97378784
929,3839,148.93247328,17.55757728
929,3840,153.59637048,15.16331232
929,3841,157.54081776,14.08029696
929,3842,161.45182848,14.04957312
929,3843,165.5202684,15.7020768
929,3844,170.02256064,16.27375968
929,3845,174.54411624,16.28034336
929,3846,178.76730312,13.39888608
929,3847,182.2550076,12.4321824
929,3848,185.7094584,12.43986336
929,3849,189.01193592,10.9398816
929,3850,191.92494,10.42416
929,3851,194.82102768,10.42854912
929,3852,197.32983648,6.71645088
929,3853,198.89724,5.4864
929,3854,200.42099616,5.48310816
929,3855,202.1328444,7.30898208
929,3856,204.31850424,7.9333344
929,3857,206.0816808,4.32986688
929,3858,208.00198176,11.78039808
929,3859,211.85919528,13.02690816
929,3860,214.12590144,8.48855808
929,3861,218.64349464,19.84650336
929,3862,223.79028648,16.11245952
929,3863,228.82033992,23.21954208
929,3864,235.9648824,26.1865872
929,3865,243.22594992,26.14598784
929,3866,250.50061152,26.19097632
929,3867,258.13429704,29.69129952
929,3868,266.68808232,30.90598848
929,3869,275.1859368,30.15764352
929,3870,283.50060648,29.92940928
929,3871,292.3934208,35.15575392
929,3872,302.66981376,37.85286816
929,3873,313.25960208,38.30494752
929,3874,324.149466,40.97462976
929,3875,335.61671256,39.76323264
929,3876,346.32845136,38.33676864
929,3877,356.98758168,38.22813792
929,3878,367.95672408,42.15310848
929,3879,380.10529008,44.04701376
929,3880,392.35081296,44.07554304
929,3881,404.58457056,44.03494368
929,3882,416.71369032,41.53972896
929,3883,426.97170384,34.03872288
929,3884,436.41724248,33.988248
929,3885,445.85906256,34.01458272
929,3886,455.36300088,35.28962208
929,3887,465.53813928,35.0471232
929,3888,472.51769352,23.29196256
929,3889,481.53703032,35.55955296
929,3890,490.5166212,27.59549472
929,3891,497.199285,27.5705316
935,3823,17.7417984,35.442144
935,3824,23.13435048,34.19453664
935,3825,31.1834784,27.4265136
935,3826,39.90962808,31.9802256
935,3827,48.428148,30.12143328
935,3828,56.79408504,30.120336
935,3829,64.11852048,15.60222432
935,3830,66.16132056,11.84842944
935,3831,72.06913704,24.89618592
935,3832,78.95216112,23.85047808
935,3833,85.2485976,22.64676192
935,3834,92.09870328,28.27580832
935,3835,101.08311,33.6261456
935,3836,109.59184584,30.01828896
935,3837,118.60978056,33.32219904
935,3838,127.48452024,29.54755584
935,3839,135.42373728,28.4634432
935,3840,143.0720532,24.75134496
935,3841,148.78284696,18.4562496
935,3842,153.91369776,18.46831968
935,3843,158.978346,17.44894656
935,3844,163.39690968,15.02286048
935,3845,167.75911584,16.05430368
935,3846,171.95791872,13.661136
935,3847,175.08858048,9.29725344
935,3848,177.96308832,11.6531136
935,3849,181.28062296,11.75625792
935,3850,184.42292808,11.5269264
935,3851,187.48500984,9.57157344
935,3852,189.5822472,6.08002848
935,3853,191.15038224,5.48969184
935,3854,192.49067928,4.38473088
935,3855,193.75608696,4.43959488
935,3856,194.87323992,2.84085792
935,3857,195.50353584,2.66748768
935,3858,196.61020368,5.32839168
935,3859,198.15285744,6.3532512
935,3860,201.08396664,14.37875712
935,3861,205.1895312,14.81328
935,3862,209.30542848,14.86046304
935,3863,213.38959608,14.39411904
935,3864,217.42941528,16.15086432
935,3865,222.89255904,21.84574752
935,3866,229.328472,25.51505184
935,3867,236.85160656,27.9422352
935,3868,245.01341904,30.8829456
935,3869,253.82165136,32.72527872
935,3870,263.19940248,33.91473024
935,3871,272.4061608,32.75271072
935,3872,281.51709,32.82622848
935,3873,290.87545584,34.93410336
935,3874,301.08317736,38.27093184
935,3875,311.73874152,38.32579584
935,3876,322.5841656,40.86051264
935,3877,334.17955008,40.41391968
935,3878,344.91722736,38.09865888
935,3879,355.48577112,38.020752
935,3880,366.3001056,39.32761248
935,3881,377.18820168,40.0726656
935,3882,388.52045232,40.89672288
935,3883,399.87297216,40.8517344
935,3884,411.22098096,40.87477728
935,3885,422.57633544,40.86380448
935,3886,433.36698696,34.9758
935,3887,442.47377088,32.4575424
935,3888,451.49225424,32.6385936
935,3889,461.49048672,38.7120384
935,3890,471.24140448,32.33903616
935,3891,480.30371808,31.48425504
935,3892,487.93795224,24.83583552
935,3893,494.88428328,26.04613536
935,3894,499.5457116,27.6734016
941,3892,409.2657804,24.5571264
941,3893,414.28495248,28.2878784
941,3894,423.06084552,32.9238864
941,3895,432.27662592,33.19272
941,3896,441.336684,31.95828
941,3897,449.59139952,27.49893408
941,3898,457.11651528,26.31716352
941,3899,463.85079696,22.62371904
941,3900,470.66633832,27.48028032
941,3901,478.55468424,28.36797984
941,3902,485.70181752,23.0319072
941,3903,492.26842872,23.6683296
941,3904,497.66811312,14.58504576
941,3905,499.7733972,12.4980192
942,3826,21.50540784,27.2564352
942,3827,26.97147768,26.02528704
942,3828,33.61370976,22.84866144
942,3829,39.72562032,20.62447488
942,3830,45.05008008,17.84067552
942,3831,50.26362312,19.57218336
942,3832,55.90754376,21.73053312
942,3833,62.1249456,22.50631008
942,3834,68.28044256,22.75648992
942,3835,75.10890744,25.52053824
942,3836,82.20142056,25.46347968
942,3837,89.30429688,25.82119296
942,3838,96.50702568,25.98029856
942,3839,103.83609408,27.32007744
942,3840,112.1664,31.59837216
942,3841,120.51301272,28.73337408
942,3842,127.59680856,21.18189312
942,3843,133.16827824,20.17568736
942,3844,138.32528088,15.6417264
942,3845,142.17042432,13.44826368
942,3846,145.68735912,11.36891808
942,3847,148.75797528,11.7793008
942,3848,152.29435632,12.65493024
942,3849,155.76700368,12.72076704
942,3850,159.13876224,11.65969728
942,3851,162.27661728,10.93549248
942,3852,165.31266912,11.09679264
942,3853,168.49901784,11.38647456
942,3854,171.45249936,9.64399392
942,3855,173.69869248,6.18646464
942,3856,175.07760768,3.5003232
942,3857,175.70936664,2.8364688
942,3858,176.66430504,3.83938272
942,3859,178.02276816,6.49370304
942,3860,180.54959064,11.52912096
942,3861,184.33950432,14.98994208
942,3862,188.58747144,15.47493984
942,3863,193.03861824,17.00784
942,3864,197.99219736,18.15669216
942,3865,203.41312632,21.17530944
942,3866,209.50059192,23.95033056
942,3867,216.78497664,27.01942272
942,3868,224.34721704,27.92358144
942,3869,232.78667184,32.6111616
942,3870,241.91646816,32.85914688
942,3871,251.05434168,32.9897232
942,3872,260.56404072,35.55626112
942,3873,270.12537288,32.94254016
942,3874,279.24654336,32.91181632
942,3875,288.36109968,32.79660192
942,3876,297.498516,32.9184
942,3877,306.64202832,32.87341152
942,3878,315.76103472,32.88877344
942,3879,325.54740072,38.94905088
942,3880,336.69683232,39.2606784
942,3881,347.294454,37.15609536
942,3882,357.48306456,36.74351808
942,3883,367.6578372,36.38690208
942,3884,377.76585864,37.70034624
942,3885,389.02227504,42.02801856
942,3886,400.24693128,38.29287744
942,3887,410.67224952,37.55221344
942,3888,420.99856872,36.41213952
942,3889,430.91807136,35.52114816
942,3890,440.74579872,34.6850208
942,3891,450.18359544,33.7303872
942,3892,459.71197872,34.21099584
942,3893,469.36322688,36.84337056
942,3894,479.70128088,34.12321344
942,3895,487.94145744,27.33543936
942,3896,495.41082528,27.0589248
942,3897,500.0745396,28.474416
948,3873,241.95819528,44.39265696
948,3874,254.24928576,43.6936896
948,3875,266.0509284,40.65641856
948,3876,277.02826992,38.82615552
948,3877,287.69925696,38.07781056
948,3878,297.92441304,35.5847904
948,3879,307.58977344,33.9443568
948,3880,316.83566808,32.9568048
948,3881,326.49020808,37.16816544
948,3882,336.62697216,34.43484096
948,3883,345.97912008,33.75452736
948,3884,355.43755176,33.88729824
948,3885,364.6551,32.8525632
948,3886,373.79867328,32.91401088
948,3887,383.27042472,36.5558832
948,3888,393.65700288,36.67987584
948,3889,403.77355872,36.43847424
948,3890,413.89715544,36.46480896
948,3891,424.01712504,35.90190432
948,3892,433.23610584,30.79955232
948,3893,441.82021872,31.19347584
948,3894,450.48482928,31.46669856
948,3895,459.7769316,35.2391472
948,3896,469.39212192,33.29586432
948,3897,476.47424136,15.67683936
948,3898,485.43938472,47.56818528
948,3899,495.14982504,25.44921504
948,3900,499.3940736,24.0523776
951,3831,21.3126828,26.2908288
951,3832,27.17450496,25.8848352
951,3833,33.39001704,19.5260976
951,3834,38.97090504,21.09301344
951,3835,44.50119624,18.79092
951,3836,49.8495828,19.3724784
951,3837,55.10360328,18.50452992
951,3838,60.20674776,18.21704256
951,3839,65.71491048,22.9112064
951,3840,72.51210288,24.7107456
951,3841,79.39457832,24.87643488
951,3842,86.53985232,26.70560064
951,3843,93.98818896,26.3402064
951,3844,100.92193176,24.02275104
951,3845,107.19959256,20.18227104
951,3846,112.11101784,15.31473696
951,3847,116.2463004,15.14685312
951,3848,120.16535784,12.70869696
951,3849,123.56726112,12.29173056
951,3850,126.95831352,11.89670976
951,3851,130.27804272,12.35647008
951,3852,133.78885104,12.58250976
951,3853,137.15250192,11.50717536
951,3854,140.33958216,11.4226848
951,3855,143.61798048,12.65383296
951,3856,146.98498416,10.94975712
951,3857,149.83949712,10.34515584
951,3858,152.79041832,11.15494848
951,3859,156.10100352,11.88463968
951,3860,159.3003672,11.30088672
951,3861,162.38762544,11.59605504
951,3862,165.8787132,13.54262976
951,3863,169.89951288,15.45738336
951,3864,174.51692808,16.9474896
951,3865,179.30436072,17.52685344
951,3866,184.07356632,17.51917248
951,3867,188.9595408,18.42552576
951,3868,194.65512504,20.44452096
951,3869,199.91566824,19.07731008
951,3870,205.74582168,23.04617184
951,3871,213.16136184,29.955744
951,3872,221.83868256,32.41035936
951,3873,230.95848144,32.91071904
951,3874,240.33580584,35.0635824
951,3875,250.04021112,34.12431072
951,3876,259.72389,36.0072432
951,3877,269.46130512,34.06176576
951,3878,278.79135504,32.85475776
951,3879,287.90057736,32.88877344
951,3880,297.0452784,32.9184
951,3881,306.1888212,32.87560608
951,3882,315.3088944,32.87341152
951,3883,324.8898252,37.09793952
951,3884,335.37345168,37.19559744
951,3885,345.50210808,35.4750624
951,3886,355.1439684,33.9553296
951,3887,364.34871504,32.80647744
951,3888,373.61274528,34.83644544
951,3889,384.25672704,41.58910656
951,3890,395.88609672,40.28444064
951,3891,406.67080464,38.40809184
951,3892,417.08121816,35.96444928
951,3893,426.88678656,35.2062288
951,3894,436.67086656,34.72123104
951,3895,445.89646152,32.32696608
951,3896,454.91165304,32.49814176
951,3897,463.93662864,32.13274752
951,3898,472.10200728,26.76375648
951,3899,479.47374768,26.554176
951,3900,486.80238936,25.65879552
951,3901,493.93925088,26.04064896
951,3902,498.8592258,24.2279424
959,3833,22.4780094,21.0417156
959,3834,27.50201256,19.1639952
959,3835,32.8873104,20.31394464
959,3836,38.70588144,19.8827136
959,3837,43.91119488,18.75470976
959,3838,49.33788456,19.8991728
959,3839,54.99320472,22.3515936
959,3840,62.09443512,27.32556384
959,3841,69.88920744,28.41296832
959,3842,76.8973824,18.76677984
959,3843,81.550002,23.85815904
959,3844,90.07705632,31.99997664
959,3845,97.34589624,13.60846656
959,3846,99.80474832,12.70869696
959,3847,103.69262472,13.10042592
959,3848,107.33297304,13.39120512
959,3849,111.05168544,13.386816
959,3850,114.77042832,13.414248
959,3851,118.51910256,13.47789024
959,3852,122.146314,11.8341648
959,3853,125.24713584,11.36452896
959,3854,128.29757424,10.46475936
959,3855,131.41717176,12.4870464
959,3856,134.99183568,12.12165216
959,3857,138.17720904,11.38866912
959,3858,141.30640776,11.69261568
959,3859,144.47995488,10.35612864
959,3860,147.44571984,12.07337184
959,3861,150.96344712,12.17102976
959,3862,154.21581552,11.7079776
959,3863,157.4669952,11.70688032
959,3864,160.92638376,14.88679776
959,3865,165.83750424,18.81506016
959,3866,171.0696096,18.83920032
959,3867,176.3173512,19.08938016
959,3868,181.68149592,19.39003488
959,3869,187.06786056,19.40649408
959,3870,192.476628,20.08241856
959,3871,198.25353288,20.84612544
959,3872,204.17329752,21.92255712
959,3873,210.91742424,28.32299136
959,3874,219.45593904,31.89573504
959,3875,228.51502176,32.94802656
959,3876,238.20967344,37.4775984
959,3877,248.84682768,38.39821632
959,3878,259.47523416,38.13048
959,3879,270.0528,38.12279904
959,3880,280.68760728,37.88798112
959,3881,290.49174312,33.03580896
959,3882,299.6324208,32.9184
959,3883,308.76907512,32.83281216
959,3884,317.83144968,31.7497968
959,3885,326.75562792,33.70185792
959,3886,336.18409776,33.37816032
959,3887,345.33971064,33.00179328
959,3888,354.57877776,33.27391872
959,3889,363.73454304,32.81745024
959,3890,372.8749464,32.91730272
959,3891,382.10270544,34.04640384
959,3892,391.7271312,33.73367904
959,3893,400.29548592,28.75531968
959,3894,408.60195648,31.92865344
959,3895,417.37900776,30.10277952
959,3896,425.83108128,30.95646336
959,3897,433.94507064,27.2509488
959,3898,441.51273648,27.03917376
959,3899,448.61131512,24.51762432
959,3900,455.55572592,25.39325376
959,3901,462.42917928,24.4858032
959,3902,469.47115656,26.74510272
959,3903,476.99776584,25.3087632
959,3904,482.4449076,15.25109472
959,3905,486.62642832,15.0546816
959,3906,490.80919872,15.0546816
959,3907,494.99196912,15.0546816
959,3908,499.17352032,15.03383328
959,3909,502.0959732,15.0437088
963,3871,162.8306116,23.0739696
963,3872,168.17272944,25.06297248
963,3873,175.14762024,24.77987424
963,3874,182.01378888,24.68770272
963,3875,189.31917432,29.53109664
963,3876,195.87350208,32.09544
964,3835,18.0767736,23.1745536
964,3836,22.24847976,23.09335488
964,3837,28.51973976,20.19104928
964,3838,32.7944988,13.29025536
964,3839,36.9880896,16.82569152
964,3840,41.45267808,12.50679744
964,3841,44.96979576,17.45553024
964,3842,50.01454056,17.32824576
964,3843,55.6365156,21.73492224
964,3844,61.53415176,21.13580736
964,3845,67.4833296,23.23161216
964,3846,74.66328984,26.97443424
964,3847,81.63400488,21.34429056
964,3848,86.91442104,18.49355712
964,3849,92.03332368,17.7814224
964,3850,96.46060464,14.648688
964,3851,100.5236496,14.62783968
964,3852,104.59123608,15.169896
964,3853,109.30146288,18.26861472
964,3854,114.38339328,18.35420256
964,3855,119.4896772,17.8692048
964,3856,123.86925696,14.24159712
964,3857,127.88301576,14.62564512
964,3858,131.75019624,12.72076704
964,3859,134.84089872,9.56060064
964,3860,137.67386232,11.57191488
964,3861,140.94509784,11.27016288
964,3862,143.95374816,10.56241728
964,3863,146.92064088,11.5049808
964,3864,149.8669596,7.10379072
964,3865,151.79872104,10.8959904
964,3866,155.83195656,16.59855456
964,3867,160.94345256,20.73639744
964,3868,167.03006472,22.11787296
964,3869,173.17717968,22.12445664
964,3870,179.21496288,21.21261696
964,3871,185.06142312,21.04363584
964,3872,190.90821864,21.05570592
964,3873,196.8178944,21.33770688
964,3874,202.87042992,23.59590912
964,3875,210.90325104,33.65796672
964,3876,220.43428608,34.32730752
964,3877,229.98293856,34.45239744
964,3878,239.5604556,34.4929968
964,3879,249.15208488,34.53249888
964,3880,258.60118968,33.42534336
964,3881,267.87171216,33.2366112
964,3882,276.67201968,30.35295936
964,3883,285.34653624,32.3368416
964,3884,294.44713272,32.91949728
964,3885,303.37935768,31.0749696
964,3886,311.72450736,28.91442528
964,3887,319.50909936,28.23959808
964,3888,328.03706808,32.47839072
964,3889,336.57140712,28.93307904
964,3890,345.02707728,32.0625216
964,3891,353.95750392,32.15359584
964,3892,362.8630284,31.97144736
964,3893,371.79177864,32.05264608
964,3894,380.33535312,30.7402992
964,3895,389.29180968,32.70552768
964,3896,398.3668944,32.6550528
964,3897,407.4377424,32.6550528
964,3898,416.39831376,30.55046976
964,3899,424.43406096,28.8420048
964,3900,432.54006456,28.65217536
964,3901,440.22108552,28.008072
964,3902,447.8635188,25.26706656
964,3903,454.507854,23.80439232
964,3904,461.18239488,24.0523776
964,3905,467.55036792,20.65300416
964,3906,473.76432552,25.4404368
964,3907,480.85775304,24.64271424
964,3908,486.71360112,17.05063392
964,3909,490.5228696,10.26944352
964,3910,492.8833932,7.37591616
964,3911,494.30647392,3.88217664
964,3912,495.67255704,5.66306208
964,3913,497.17897008,5.35692096
964,3914,498.60226416,5.17148064
964,3915,499.687596,6.8360544
968,3895,362.6874636,26.7900912
968,3896,370.34349096,28.16278848
968,3897,378.17179128,28.17924768
968,3898,386.00457216,28.30543488
968,3899,393.979146,29.050488
968,3900,402.05646792,29.06584992
968,3901,410.11010688,29.06365536
968,3902,418.23854376,28.67412096
968,3903,425.97845208,27.7118064
968,3904,433.43517072,25.03773504
968,3905,440.05777368,23.58383904
968,3906,446.61350352,23.6134656
968,3907,453.17225088,23.6134656
968,3908,459.56375448,21.19615776
968,3909,464.9646276,18.88748064
968,3910,469.13663856,11.33051328
968,3911,473.46772464,19.69727328
968,3912,478.86865872,17.66291616
968,3913,482.35541832,8.79689376
968,3914,484.79192856,8.95270752
968,3915,486.94204872,7.24314528
968,3916,489.51224424,10.47573216
968,3917,492.44317056,11.38647456
968,3918,496.3661904,16.16403168
968,3919,500.86979328,16.19804736
968,3920,503.5705956,16.2177984
979,3838,19.9014588,22.21992
979,3839,24.29999712,17.8308
979,3840,28.35654984,15.91933824
979,3841,33.56421024,19.17387072
979,3842,38.8958328,19.2024
979,3843,43.96813152,14.7254976
979,3844,47.4793056,15.1644096
979,3845,52.7910552,20.85819552
979,3846,58.44043176,20.03413824
979,3847,63.91573704,20.34796032
979,3848,70.079616,23.0648256
979,3849,76.49148024,23.1635808
979,3850,82.64609328,20.01877632
979,3851,87.83092416,18.37944
979,3852,92.94095712,18.45515232
979,3853,98.10085536,18.65814912
979,3854,102.7893804,13.56128352
979,3855,106.26269832,13.42851264
979,3856,110.4621108,16.13221056
979,3857,114.68834568,14.52030624
979,3858,118.5670476,13.16297088
979,3859,122.0349096,11.44243584
979,3860,125.03743344,10.78845696
979,3861,127.97451672,10.35612864
979,3862,130.93418568,11.31624864
979,3863,134.2098408,11.72333952
979,3864,137.31304008,10.04779296
979,3865,140.24902608,12.91059648
979,3866,144.2718984,14.96580192
979,3867,148.42970568,14.99762304
979,3868,152.76274248,17.62670592
979,3869,158.30531712,20.85051456
979,3870,164.08746456,20.793456
979,3871,169.96559352,22.76746272
979,3872,176.85812736,25.566624
979,3873,183.89736144,24.82596
979,3874,190.6077468,23.57944992
979,3875,197.08816056,23.25465504
979,3876,203.44330152,22.274784
979,3877,209.60010912,24.02055648
979,3878,217.46788104,31.00803552
979,3879,226.07997456,30.95317152
979,3880,233.91839424,26.3182608
979,3881,242.48741952,34.66965888
979,3882,252.15594984,34.82986176
979,3883,262.1106264,37.05185376
979,3884,272.44721736,36.93334752
979,3885,282.3558996,35.47396512
979,3886,292.61071272,37.79471232
979,3887,302.87976,34.77938688
979,3888,311.79086232,29.25019296
979,3889,319.43625216,26.89104096
979,3890,327.5964492,32.27429664
979,3891,336.47216424,31.72675392
979,3892,345.48766056,32.83720128
979,3893,354.6326664,33.16309344
979,3894,363.88331592,33.08628384
979,3895,372.79761864,29.90088
979,3896,380.6394216,28.79701632
979,3897,389.12767488,31.40634816
979,3898,397.74077424,31.29771744
979,3899,406.96359552,34.4381328
979,3900,416.53276104,34.46227296
979,3901,425.86774872,30.88404288
979,3902,433.5836388,26.54100864
979,3903,440.95236168,26.51906304
979,3904,448.23464328,24.72610752
979,3905,454.465182,21.31576128
979,3906,460.3886652,21.32124768
979,3907,466.3124532,21.34867968
979,3908,471.21351528,8.97684768
979,3909,473.13503544,13.7818368
979,3910,478.55395272,20.78358048
979,3911,484.31598336,20.05937568
979,3912,488.10004488,5.70366144
979,3913,489.16708872,4.64917536
979,3914,490.69428912,5.82765408
979,3915,493.27411632,13.02690816
979,3916,496.93055808,12.53532672
979,3917,499.4324784,14.758416
980,3838,9.0382344,19.47672
980,3839,12.01680096,19.53487584
980,3840,17.43901008,19.24738848
980,3841,22.40389728,16.59306816
980,3842,26.97635448,16.52723136
980,3843,31.67228616,17.23717152
980,3844,36.46950288,17.4796704
980,3845,41.6452812,19.67861952
980,3846,47.13408912,19.67752224
980,3847,52.4562324,19.25945856
980,3848,58.0264524,20.27553984
980,3849,63.537084,20.47853664
980,3850,69.67886496,22.69833408
980,3851,75.9902976,22.77624096
980,3852,81.62126424,16.1903664
980,3853,85.5986604,13.99032
980,3854,89.50647072,14.19551136
980,3855,93.58033608,15.3948384
980,3856,97.972626,15.8447232
980,3857,101.7716532,11.38428
980,3858,105.04410792,12.69333504
980,3859,108.71807568,13.44277728
980,3860,112.4518452,13.44168
980,3861,116.1921984,13.55469984
980,3862,119.91362352,12.6242064
980,3863,123.12941592,11.07923616
980,3864,126.20859696,10.98706464
980,3865,129.18204288,10.76541408
980,3866,132.29182584,11.46438144
980,3867,135.46887816,11.80892736
980,3868,139.00483248,13.16955456
980,3869,142.66243248,13.16736
980,3870,146.26321776,12.80854944
980,3871,150.54913248,19.67642496
980,3872,156.67500288,23.51909952
980,3873,163.81223016,26.2195056
980,3874,170.5811676,22.90352544
980,3875,176.87739072,23.57396352
980,3876,183.63404472,24.4199664
980,3877,190.43166384,24.76780416
980,3878,197.48802768,25.77949632
980,3879,204.65009616,25.97152032
980,3880,211.97541552,26.5706352
980,3881,219.36977208,26.84934432
980,3882,227.01446088,29.30505696
980,3883,235.83406224,32.8964544
980,3884,244.96230408,32.88877344
980,3885,254.13087096,33.62834016
980,3886,264.0454968,37.28118528
980,3887,273.92263224,34.28341632
980,3888,284.018736,38.13925824
980,3889,294.68423664,38.21058144
980,3890,304.73657112,33.93448128
980,3891,313.94226264,32.77685088
980,3892,322.85626056,32.52447648
980,3893,332.33468712,33.34195008
980,3894,340.7459784,28.71801216
980,3895,348.68156832,28.60389504
980,3896,356.81622312,29.39174208
980,3897,364.72517352,27.57354912
980,3898,372.34636224,27.43309728
980,3899,379.99053288,28.12767552
980,3900,388.17599784,30.27834432
980,3901,396.40898112,28.13096736
980,3902,403.87161288,26.60245632
980,3903,411.2587152,26.3950704
980,3904,418.56434448,26.307288
980,3905,425.98951632,26.86799808
980,3906,433.035456,23.60578464
980,3907,439.4550012,23.11859232
980,3908,445.81276344,21.74370048
980,3909,451.36039776,19.120104
980,3910,456.67546968,19.01695968
980,3911,461.51624232,16.01809344
980,3912,466.01274336,16.30228896
980,3913,470.5529832,16.35386112
980,3914,474.99129792,14.05944864
980,3915,477.70398744,7.06209408
980,3916,479.74017336,7.5767184
980,3917,481.8884952,8.42601312
980,3918,484.62249024,11.04851232
980,3919,488.32260984,15.73828704
980,3920,492.42988128,14.18673312
980,3921,496.77453096,17.04514752
980,3922,499.7749212,20.244816
988,3844,24.40451304,13.52178144
988,3845,27.62121984,5.7771792
988,3846,31.35099648,23.41814976
988,3847,38.66897016,26.76924288
988,3848,44.68624032,13.72477824
988,3849,48.11447832,16.60294368
988,3850,53.95529976,22.62920544
988,3851,60.15895512,20.97889632
988,3852,64.94306544,15.005304
988,3853,69.22645032,15.4826208
988,3854,73.52757456,15.4826208
988,3855,77.8399764,15.58576512
988,3856,82.1570112,15.26535936
988,3857,86.05058736,12.88535904
988,3858,89.60574408,12.80306304
988,3859,93.15791376,13.17174912
988,3860,97.53910896,18.1819296
988,3861,102.6243312,17.48296224
988,3862,106.27455504,8.39638656
988,3863,108.52071768,10.26834624
988,3864,111.84922512,12.34330272
988,3865,115.27910904,12.40804224
988,3866,118.74178944,12.40804224
988,3867,122.23022544,13.29135264
988,3868,126.15373296,14.20867872
988,3869,130.03502568,14.29426656
988,3870,133.92802272,11.69481024
988,3871,137.04274344,14.1219936
988,3872,141.80265264,19.07182368
988,3873,147.44986512,19.81029312
988,3874,153.00749688,22.70711232
988,3875,159.77594664,24.66465984
988,3876,166.6099284,24.38924256
988,3877,173.24822856,23.59042272
988,3878,179.78408544,23.3281728
988,3879,186.35194632,24.48799776
988,3880,193.72923408,28.38773088
988,3881,201.65162616,28.50075072
988,3882,209.58075432,28.584144
988,3883,217.50927288,28.52928
988,3884,225.42837312,28.37127168
988,3885,233.4803052,31.14300096
988,3886,243.04029624,36.35617824
988,3887,253.17776136,36.868608
988,3888,263.8149156,39.4033248
988,3889,274.77031152,39.36053088
988,3890,285.53871264,38.18753856
988,3891,295.93385568,36.31118976
988,3892,305.57504544,33.2091792
988,3893,314.67238056,32.16456864
988,3894,323.2532016,31.12763904
988,3895,332.36175336,33.2914752
988,3896,341.36703888,30.36612672
988,3897,349.13846352,26.76595104
988,3898,356.47749888,25.34058432
988,3899,363.07818672,22.6478592
988,3900,369.44079528,24.83803008
988,3901,377.23227576,30.20153472
988,3902,385.6936152,30.4988976
988,3903,393.92754336,27.84567456
988,3904,401.34210816,26.4554208
988,3905,408.68979984,26.4554208
988,3906,416.04313032,26.48614464
988,3907,423.39454056,26.45651808
988,3908,430.60306056,24.6888
988,3909,437.17710888,23.38632864
988,3910,443.67218352,23.399496
988,3911,449.81173944,18.64717632
988,3912,454.33049088,16.46358912
988,3913,459.10582296,17.4906432
988,3914,463.96390824,17.49283776
988,3915,468.4808004,13.1509008
988,3916,471.36728688,9.5024448
988,3917,474.00706824,9.5024448
988,3918,476.64709344,9.4969584
988,3919,479.20204896,8.3228688
988,3920,481.34424432,8.5971888
988,3921,484.55232528,13.9848336
988,3922,489.05522712,17.80665984
988,3923,493.77459792,17.1669456
988,3924,498.1739592,16.7828976
991,3845,16.0817898666667,17.9636928
991,3846,20.83103784,18.01514304
991,3847,25.82741088,17.96686272
991,3848,30.81820608,17.95918176
991,3849,35.83180032,18.19180512
991,3850,40.8982164,18.24008544
991,3851,45.9674976,18.24996096
991,3852,51.0363216,18.22691808
991,3853,55.86895608,16.27485696
991,3854,60.29581032,15.91056
991,3855,64.71592848,15.65160192
991,3856,68.40093,11.50388352
991,3857,71.7648552,12.3553728
991,3858,75.19672032,12.3553728
991,3859,78.64425216,12.4486416
991,3860,82.08657192,12.3553728
991,3861,85.51932096,12.3498864
991,3862,88.81820184,11.19445056
991,3863,92.29075776,13.47569568
991,3864,95.69662344,11.10557088
991,3865,99.0479604,14.0067792
991,3866,103.07479512,14.54115456
991,3867,107.55550752,17.87688576
991,3868,112.45940424,16.42518432
991,3869,116.12828184,10.05218208
991,3870,119.09849688,12.32464896
991,3871,122.40109632,11.88025056
991,3872,126.27565296,15.937992
991,3873,131.62672176,22.40974944
991,3874,137.90227944,22.35927456
991,3875,144.10962288,22.32086976
991,3876,150.31580808,22.7191824
991,3877,157.19294952,26.6035536
991,3878,164.61412848,26.6968224
991,3879,172.03945272,26.74400544
991,3880,179.47078152,26.85483072
991,3881,187.09084248,27.96088896
991,3882,194.86680864,27.98064
991,3883,202.63445376,27.99051552
991,3884,210.4738488,28.40199552
991,3885,218.3943816,29.4290496
991,3886,227.14628688,32.90303808
991,3887,236.84099952,37.4775984
991,3888,247.47544104,38.39821632
991,3889,258.29791368,39.94318656
991,3890,269.26086864,37.9988064
991,3891,279.77406072,38.240208
991,3892,290.39329272,37.52807328
991,3893,300.09330888,32.96997216
991,3894,309.07311312,30.86429184
991,3895,317.0630184,27.43419456
991,3896,324.66753456,27.99380736
991,3897,332.63756688,28.6335216
991,3898,340.54444464,28.96380288
991,3899,348.39587928,26.88665184
991,3900,355.72406376,25.00262208
991,3901,362.06356848,21.80405088
991,3902,368.15200944,21.9456
991,3903,374.27949528,22.89694176
991,3904,381.43339512,28.91991168
991,3905,389.91457704,31.07935872
991,3906,398.25634344,28.28568384
991,3907,405.7226328,25.82777664
991,3908,412.8694308,26.3566656
991,3909,420.23504472,25.92653184
991,3910,427.319694,25.13210112
991,3911,433.5318228,19.75433184
991,3912,438.96634584,19.55243232
991,3913,444.40108224,19.57876704
991,3914,449.83996392,19.5754752
991,3915,455.27887608,19.57986432
991,3916,460.69017336,18.43210944
991,3917,464.20314576,7.18828128
991,3918,466.01530368,6.4794384
991,3919,467.89921152,8.30970144
991,3920,470.7302244,10.83454272
991,3921,473.73210816,10.808208
991,3922,476.73365664,10.80601344
991,3923,480.028758,14.37656256
991,3924,484.3654524,15.58466784
991,3925,488.74320336,15.745968
991,3926,493.11683952,15.745968
991,3927,497.39492088,13.86632736
991,3928,499.5958512,10.1937312
993,3846,12.95781,18.00746208
993,3847,17.94150336,17.92187424
993,3848,22.92669024,17.92187424
993,3849,27.89907552,17.8966368
993,3850,32.86883952,17.87688576
993,3851,37.83762816,17.8966368
993,3852,42.81001344,17.90651232
993,3853,47.78626968,17.71997472
993,3854,52.09251456,13.06531296
993,3855,55.6019208,12.61872
993,3856,59.10705984,12.61872
993,3857,62.60750496,12.14908416
993,3858,65.66562432,11.10886272
993,3859,69.0231792,12.26649312
993,3860,72.42965448,12.26320128
993,3861,75.83594688,12.27197952
993,3862,79.26406296,12.35098368
993,3863,82.67465304,12.32903808
993,3864,86.3501448,14.22952704
993,3865,90.34994376,14.40399456
993,3866,94.33136328,14.3030448
993,3867,98.32399944,14.37217344
993,3868,102.20891928,13.53824064
993,3869,105.95116224,13.49434944
993,3870,109.7002632,13.496544
993,3871,113.44924224,13.496544
993,3872,117.21471096,13.4636256
993,3873,121.10987208,15.56052768
993,3874,125.69458224,16.43067072
993,3875,130.22744592,17.49503232
993,3876,136.3716348,25.85850048
993,3877,143.61100056,26.27327232
993,3878,151.3010436,28.98245664
993,3879,159.37857888,28.9352736
993,3880,167.22007704,27.6349968
993,3881,174.89003376,27.62182944
993,3882,182.56258128,27.54831168
993,3883,190.098426,26.74400544
993,3884,197.51594736,26.69023872
993,3885,204.92981112,27.15109632
993,3886,213.18355128,32.00985216
993,3887,222.49324056,36.18061344
993,3888,233.0392596,38.40041088
993,3889,243.77422416,39.24312192
993,3890,254.78509368,39.63594816
993,3891,265.8765828,39.53170656
993,3892,276.45652608,37.225224
993,3893,286.60725,35.96993568
993,3894,296.58649344,35.99956224
993,3895,306.10390392,31.06728864
993,3896,314.01617664,27.35299584
993,3897,321.49106136,26.22170016
993,3898,328.8804192,27.15329088
993,3899,336.44269008,27.35409312
993,3900,344.03739168,26.98869888
993,3901,351.23499984,25.10137728
993,3902,357.9531576,22.61603808
993,3903,364.0406232,21.87208224
993,3904,370.01247816,21.43865664
993,3905,376.23417768,24.4199664
993,3906,384.19281048,32.83500672
993,3907,393.71393952,33.58444896
993,3908,402.11605632,27.57354912
993,3909,409.73413608,27.43309728
993,3910,417.35630016,27.15768
993,3911,424.38535392,23.36877216
993,3912,430.76567136,22.9496112
993,3913,436.8876708,20.13399072
993,3914,442.09103352,17.84506464
993,3915,446.83515408,16.74668736
993,3916,451.23357048,14.8516848
993,3917,455.34001896,14.80450176
993,3918,458.86457376,9.25884864
993,3919,460.99357128,7.3956672
993,3920,463.04828904,7.3956672
993,3921,465.1030068,7.40444544
993,3922,467.2623624,9.17545536
993,3923,470.70907128,15.09967008
993,3924,475.04799072,15.6472128
993,3925,479.39343288,15.65379648
993,3926,483.39155544,12.6406656
993,3927,487.1091096,14.78145888
993,3928,491.30181648,15.2412192
993,3929,495.53673816,15.2083008
993,3930,498.962544533333,9.6670368
999,3851,21.4707651428571,11.3960365714286
999,3852,24.680418,15.61539168
999,3853,29.5242996,19.6577712
999,3854,35.40187992,21.86220672
999,3855,41.37955656,21.10398624
999,3856,46.56761832,14.32828224
999,3857,50.13917328,13.6227312
999,3858,53.65522416,11.25699552
999,3859,56.69651856,10.9398816
999,3860,59.7351612,10.9398816
999,3861,62.77423056,10.94317344
999,3862,65.81336088,10.93549248
999,3863,69.21066168,14.94714816
999,3864,73.81484856,16.05210912
999,3865,78.20918064,15.01956864
999,3866,81.96462144,14.13516096
999,3867,85.7931228,13.24307232
999,3868,90.0740388,17.23387968
999,3869,94.81242912,16.6073328
999,3870,99.41698176,14.80340448
999,3871,102.35315064,8.03538144
999,3872,104.58011088,8.037576
999,3873,106.77378696,7.40993184
999,3874,109.1461368,10.83234816
999,3875,112.9412016,17.09781696
999,3876,118.2096696,19.30993344
999,3877,124.02805776,23.74404192
999,3878,131.85928416,32.60896704
999,3879,141.02772912,32.2106544
999,3880,149.9498652,32.45534784
999,3881,158.71070112,29.37747744
999,3882,166.45591296,27.39140064
999,3883,174.07515096,27.43419456
999,3884,181.58950728,26.89104096
999,3885,189.16805448,27.45175104
999,3886,196.7897004,27.42870816
999,3887,204.63574008,30.58338816
999,3888,213.92604408,34.75853856
999,3889,223.39663728,34.33608576
999,3890,233.62170192,38.39272992
999,3891,244.27528488,38.35981152
999,3892,254.94639384,38.65388256
999,3893,265.77441384,38.73069216
999,3894,276.40248504,37.41615072
999,3895,286.01938224,32.41145664
999,3896,294.97970976,32.2490592
999,3897,303.93845232,32.2490592
999,3898,312.70715208,29.4564816
999,3899,320.24583144,26.24913216
999,3900,327.47535216,25.10137728
999,3901,334.10234424,23.31500544
999,3902,340.5205788,22.73125248
999,3903,346.7779704,22.5106992
999,3904,352.95327936,21.93023808
999,3905,359.03312496,21.78868896
999,3906,365.1194628,22.98911328
999,3907,372.33343872,28.08158976
999,3908,380.14186608,28.10024352
999,3909,388.5099672,34.1089488
999,3910,398.43708984,34.42825728
999,3911,407.65381512,32.9184
999,3912,416.74042128,31.5413136
999,3913,424.70082192,25.54687296
999,3914,431.04959256,20.72103552
999,3915,436.4387004,17.9515008
999,3916,441.20004216,16.85860992
999,3917,445.53006144,14.39521632
999,3918,449.25444312,12.20504544
999,3919,452.18600952,8.10121824
999,3920,453.8660976,4.52298816
999,3921,454.62404376,1.70736768
999,3922,455.49561936,5.12210304
999,3923,457.3857756,8.05184064
999,3924,459.9590496,10.42745184
999,3925,462.94666872,11.22956352
999,3926,466.3068144,13.99361184
999,3927,470.98363512,18.15120576
999,3928,476.01874824,18.11499552
999,3929,481.08226872,18.03489408
999,3930,485.97985608,16.486632
999,3931,490.334046,14.9065488
999,3932,493.81858056,11.29320576
999,3933,497.11429152,12.90181824
999,3934,499.5450512,13.8586464
1004,3898,303.4969038,34.29
1004,3899,310.0916328,32.33354976
1004,3900,317.63183616,23.06043648
1004,3901,324.00383256,23.53885056
1004,3902,330.66176184,23.72429088
1004,3903,336.97032936,21.918168
1004,3904,342.83388888,19.88710272
1004,3905,348.26856432,20.01109536
1004,3906,353.91263736,20.22506496
1004,3907,359.11103184,17.25801984
1004,3908,364.49090424,21.74589504
1004,3909,370.58669088,21.99607488
1004,3910,377.15970288,26.21731104
1004,3911,385.426458,32.83281216
1004,3912,394.67390712,33.14992608
1004,3913,403.68769656,31.30100928
1004,3914,411.60594336,25.53480288
1004,3915,418.0713,20.04950016
1004,3916,422.80292376,15.53967936
1004,3917,427.10788848,16.01370432
1004,3918,431.57671368,15.82387488
1004,3919,435.96104832,17.07587136
1004,3920,441.28093608,19.9540368
1004,3921,445.1806692,20.080224
1005,3856,24.6009033,36.5270796
1005,3857,33.10896096,26.67707136
1005,3858,37.81946208,10.06315488
1005,3859,40.68412488,10.79284608
1005,3860,43.70194968,10.86965568
1005,3861,46.72154232,10.86526656
1005,3862,49.73842224,10.863072
1005,3863,52.83162408,11.51156448
1005,3864,55.67357928,9.1458288
1005,3865,58.85206416,13.716
1005,3866,62.7481092,14.9998176
1005,3867,67.91968128,21.3640416
1005,3868,73.87059648,21.424392
1005,3869,79.76484936,19.90685376
1005,3870,84.71248488,16.815816
1005,3871,89.38628808,16.8213024
1005,3872,93.87227352,13.66333056
1005,3873,96.77564592,8.14510944
1005,3874,99.09392424,8.45125056
1005,3875,100.7659656,5.51054016
1005,3876,102.64755696,7.09830432
1005,3877,105.57061944,17.11866528
1005,3878,111.510318,22.48765632
1005,3879,118.3274748,28.50843168
1005,3880,126.88516152,31.20554592
1005,3881,135.91178304,34.75195488
1005,3882,145.91528856,35.63745984
1005,3883,155.52438288,33.68869056
1005,3884,164.3736108,30.1697136
1005,3885,172.59266472,28.8090864
1005,3886,180.32495304,27.43968096
1005,3887,187.94815344,27.4484592
1005,3888,195.80257512,30.45061728
1005,3889,204.78500064,33.05226816
1005,3890,214.230966,34.75963584
1005,3891,223.67193264,33.84121248
1005,3892,233.77364472,38.34225504
1005,3893,244.47380112,38.90845152
1005,3894,255.25027944,38.48599872
1005,3895,265.80361368,35.8920288
1005,3896,274.67308032,28.53696096
1005,3897,281.62078296,21.55277376
1005,3898,287.32682184,20.50487136
1005,3899,292.67798208,17.27996544
1005,3900,297.43731216,18.9225936
1005,3901,303.37362744,22.76965728
1005,3902,309.75784632,22.95290304
1005,3903,316.14139464,23.04397728
1005,3904,322.54307856,23.04507456
1005,3905,328.94430528,23.04397728
1005,3906,335.34556248,23.04288
1005,3907,341.72703816,22.33842624
1005,3908,347.61577416,21.0787488
1005,3909,353.61262272,21.64055616
1005,3910,359.69030424,23.13285696
1005,3911,366.98947176,29.74945536
1005,3912,375.83568216,32.6001888
1005,3913,384.89311896,32.64627456
1005,3914,393.59579904,27.2564352
1005,3915,399.87858048,20.71225728
1005,3916,405.63338736,20.7166464
1005,3917,411.38804184,20.71774368
1005,3918,417.150042,20.74846752
1005,3919,422.9066472,20.7166464
1005,3920,428.66185032,20.72103552
1005,3921,434.02901256,17.00345088
1005,3922,438.45153864,15.74377344
1005,3923,442.7404404,14.0506704
1005,3924,446.16910512,11.37989088
1005,3925,449.04861168,10.00060992
1005,3926,452.27470632,14.46434496
1005,3927,456.87246192,17.19657216
1005,3928,461.3213532,13.71819456
1005,3929,465.14573976,16.40872512
1005,3930,470.64795888,21.43646208
1005,3931,476.4392808,19.52170848
1005,3932,481.22302536,15.45628608
1005,3933,485.24425176,13.87620288
1005,3934,489.0800988,13.7818368
1005,3935,492.90881352,13.7818368
1005,3936,496.73844264,13.7763504
1005,3937,499.3654986,13.1783328
1008,3858,22.7810187,24.8177304
1008,3859,28.5329376,21.76125696
1008,3860,34.50994368,20.16361728
1008,3861,38.22350496,7.12354176
1008,3862,40.01344296,6.3971424
1008,3863,41.81752368,7.32873312
1008,3864,44.02494624,5.78705472
1008,3865,45.73502664,10.13008896
1008,3866,48.667416,10.46914848
1008,3867,52.55541432,18.68997024
1008,3868,58.64586696,22.93424928
1008,3869,65.01542496,22.92986016
1008,3870,71.33731224,22.9496112
1008,3871,77.45571504,18.67131648
1008,3872,82.16774016,17.93065248
1008,3873,87.31675704,18.5330592
1008,3874,91.558872,10.21677408
1008,3875,93.37999104,4.38912
1008,3876,94.28448504,2.6444448
1008,3877,95.17041672,5.157216
1008,3878,97.36183728,9.41685696
1008,3879,100.95545976,18.41016384
1008,3880,107.00348424,22.7575872
1008,3881,113.83627728,29.02634784
1008,3882,123.21439416,36.36824832
1008,3883,133.67305752,38.57597568
1008,3884,144.33520536,37.18791648
1008,3885,154.20036216,34.74646848
1008,3886,163.84542288,34.69489632
1008,3887,173.43589392,33.97946976
1008,3888,182.51567256,31.053024
1008,3889,190.58921496,28.44040032
1008,3890,199.01373456,31.20774048
1008,3891,207.75052176,32.71869504
1008,3892,217.3446504,35.26877376
1008,3893,227.19749328,36.3803184
1008,3894,237.58297416,38.22045696
1008,3895,248.23875168,38.4048
1008,3896,258.743958,36.91579104
1008,3897,268.2518892,29.91514464
1008,3898,275.70278616,24.37497792
1008,3899,281.90595384,20.57619456
1008,3900,286.90759992,16.5085776
1008,3901,292.03433592,21.0732624
1008,3902,298.1102496,21.9456
1008,3903,304.2062496,21.9456
1008,3904,310.29261792,21.86001216
1008,3905,316.37413992,21.9456
1008,3906,322.5186336,22.7356416
1008,3907,329.03184384,23.70234528
1008,3908,335.44081248,22.22211456
1008,3909,341.53559328,21.86440128
1008,3910,347.61623136,21.9456
1008,3911,353.71204848,21.94450272
1008,3912,360.01500768,23.99861088
1008,3913,367.16628624,27.16536096
1008,3914,374.78336016,27.432
1008,3915,382.87113672,32.51899008
1008,3916,392.5220496,34.92532512
1008,3917,401.10433368,25.76852352
1008,3918,407.535888,21.5670384
1008,3919,413.32989216,19.7345808
1008,3920,418.27021248,16.14208608
1008,3921,422.63055936,16.2232848
1008,3922,427.43722488,18.30043584
1008,3923,432.56380848,18.41674752
1008,3924,437.77841832,17.93174976
1008,3925,441.81150144,11.7847872
1008,3926,444.71670264,9.44428896
1008,3927,447.27918672,8.76507264
1008,3928,450.35050392,14.53896
1008,3929,454.39504752,13.43838816
1008,3930,458.6535912,18.23459904
1008,3931,463.97811192,19.2901824
1008,3932,468.82251168,12.14359776
1008,3933,473.01046368,22.82122944
1008,3934,479.192082,17.08794144
1008,3935,482.57987304,10.46914848
1008,3936,485.75463936,12.69114048
1008,3937,488.96835912,9.81297504
1008,3938,491.5779348,9.381744
1008,3939,494.18354808,9.36418752
1008,3940,496.45263168,7.0390512
1008,3941,498.47781432,7.13451456
1008,3942,499.6949112,6.9567552
1013,3886,153.886335428571,26.88336
1013,3887,160.23820632,27.06002208
1013,3888,167.89837896,27.96527808
1013,3889,175.67556432,28.15839936
1013,3890,183.64980288,29.33797536
1013,3891,192.02713944,30.8939184
1013,3892,200.76782808,32.48716896
1013,3893,210.39499704,36.237672
1013,3894,220.44912984,35.59795776
1013,3895,230.2244316,36.4790736
1013,3896,240.77526648,38.34006048
1013,3897,251.37843552,36.84885696
1013,3898,260.81876208,32.09763456
1013,3899,268.83125304,24.45946848
1013,3900,274.97376552,19.52390304
1013,3901,279.7452876,16.42737888
1013,3902,284.36776248,17.82860544
1013,3903,290.03253144,21.94669728
1013,3904,296.12917152,21.9456
1013,3905,302.22523248,21.9456
1013,3906,308.31897696,21.8797632
1013,3907,314.39303136,21.92584896
1013,3908,320.49448728,22.21882272
1013,3909,326.90238912,23.69795616
1013,3910,333.40133472,22.19139072
1013,3911,339.27001488,21.3585552
1013,3912,345.28737648,21.45950496
1013,3913,351.39002112,22.58860608
1013,3914,357.80374464,25.13978208
1013,3915,366.0070404,32.16017952
1013,3916,374.74730232,31.04534304
1013,3917,383.39264952,31.14409824
1013,3918,391.82125344,27.03478464
1013,3919,397.91768016,19.3505328
1013,3920,403.29340728,19.3560192
1013,3921,408.66322128,19.16180064
1013,3922,413.94467376,19.07840736
1013,3923,419.25691104,19.10254752
1013,3924,424.51824672,18.17754048
1013,3925,429.24657864,16.33520736
1013,3926,433.32468072,12.85902432
1013,3927,436.55812104,10.341864
1013,3928,439.5903324,11.86927776
1013,3929,442.88924376,11.88463968
1013,3930,446.19147744,11.8945152
1013,3931,449.5124868,13.5130032
1013,3932,454.33100904,19.89697824
1013,3933,459.92027904,20.12192064
1013,3934,465.40981848,18.19180512
1013,3935,470.03799312,16.42847616
1013,3936,474.34429896,13.83231168
1013,3937,477.89095176,11.68274016
1013,3938,480.9417864,10.97170272
1013,3939,483.98939016,10.63044864
1013,3940,486.45918456,7.7303376
1013,3941,488.26832496,5.0365152
1013,3942,489.89738952,7.4560176
1013,3943,492.02845968,9.05914368
1013,3944,495.67572696,15.38167104
1013,3945,499.1909244,16.3202112
1018,3889,121.8797664,40.6009275428571
1018,3890,131.45685672,41.16775104
1018,3891,142.89487296,39.59644608
1018,3892,152.84701968,32.6001888
1018,3893,161.76440088,32.05593792
1018,3894,170.68306224,32.17993056
1018,3895,176.9426484,32.2024248
1022,3861,20.895183,25.51176
1022,3862,25.28081304,17.47198944
1022,3863,28.86788232,9.92050848
1022,3864,32.34449208,16.87506912
1022,3865,37.02347688,12.95558496
1022,3866,39.15853992,4.83022656
1022,3867,40.58006616,6.3477648
1022,3868,42.83180664,11.08581984
1022,3869,46.29710832,12.9040128
1022,3870,50.44305888,16.46578368
1022,3871,55.01505888,16.4592
1022,3872,59.72019552,19.44489888
1022,3873,66.61596024,28.2220416
1022,3874,74.1970068,23.27111424
1022,3875,79.0157424,13.8586464
1022,3876,82.45751352,11.42487936
1022,3877,85.48783512,9.70324704
1022,3878,87.76066776,7.21790784
1022,3879,89.76366096,8.2680048
1022,3880,92.07434976,8.02440864
1022,3881,95.08324392,14.5883376
1022,3882,100.17148368,22.20675264
1022,3883,107.0894988,26.636472
1022,3884,115.13768184,31.03437024
1022,3885,124.26159552,34.125408
1022,3886,134.09261472,37.23400224
1022,3887,143.87724336,31.8704976
1022,3888,152.43624072,30.7622448
1022,3889,161.5517724,34.8002352
1022,3890,170.62682664,29.33907264
1022,3891,178.34344824,27.44187552
1022,3892,185.73707328,25.70597856
1022,3893,192.88694976,25.73889696
1022,3894,200.15487528,26.99528256
1022,3895,207.84772248,28.95063552
1022,3896,216.2513328,30.22018848
1022,3897,224.18259456,27.36726048
1022,3898,231.8546544,28.8365184
1022,3899,240.54620928,32.82732576
1022,3900,249.68143104,32.58043776
1022,3901,258.17666424,28.81567008
1022,3902,265.8489984,24.8863104
1022,3903,272.085054,21.61751328
1022,3904,277.97534448,20.73530016
1022,3905,283.70869344,20.63325312
1022,3906,289.44054888,20.63764224
1022,3907,295.1724348,20.63654496
1022,3908,300.9041988,20.63544768
1022,3909,306.6361152,20.62996128
1022,3910,312.35870472,20.88343296
1022,3911,318.34921344,21.95986464
1022,3912,324.65723232,23.72758272
1022,3913,331.31567976,23.53555872
1022,3914,337.57654608,21.94230816
1022,3915,343.65444096,21.96974016
1022,3916,350.19029784,25.21110528
1022,3917,357.28378632,25.86618144
1022,3918,364.7943936,28.81896192
1022,3919,373.46570976,32.4301104
1022,3920,381.93655896,28.35590976
1022,3921,389.67817416,27.74911392
1022,3922,396.66391584,21.726144
1022,3923,402.2393784,18.46941696
1022,3924,406.96554624,16.45810272
1022,3925,411.58265664,16.86629088
1022,3926,416.1498408,16.17061536
1022,3927,420.70364424,16.42189248
1022,3928,425.27637576,16.46358912
1022,3929,429.5098344,13.20357024
1022,3930,432.9159744,12.10958208
1022,3931,436.24938912,11.65969728
1022,3932,439.44299208,11.53680192
1022,3933,443.28807456,16.94639232
1022,3934,448.22220744,17.8308
1022,3935,453.17563416,17.83189728
1022,3936,457.8053328,15.6472128
1022,3937,462.55832304,18.43540128
1022,3938,467.45853168,14.27341824
1022,3939,471.37819872,18.04367232
1022,3940,476.82582816,18.50891904
1022,3941,480.48812208,7.61622048
1022,3942,482.2710192,7.15646016
1022,3943,484.4350992,7.86859488
1022,3944,486.59149824,7.6480416
1022,3945,488.5866276,7.88615136
1022,3946,491.98395888,15.50785824
1022,3947,496.35988104,16.60404096
1022,3948,501.1041032,18.7220352
1029,3863,19.3599816,12.3663456
1029,3864,22.1255844,13.03897824
1029,3865,25.87191168,13.71161088
1029,3866,29.16018552,8.78262912
1029,3867,31.20521064,7.13232
1029,3868,33.18360648,7.10817984
1029,3869,35.397186,9.59132448
1029,3870,38.50328088,13.02361632
1029,3871,42.59241672,17.58830112
1029,3872,48.38599416,21.94998912
1029,3873,54.40201464,20.89001664
1029,3874,60.0177108,20.02865184
1029,3875,65.20763184,16.62488928
1029,3876,69.75921024,16.84763712
1029,3877,74.43828648,16.84653984
1029,3878,78.65772432,10.9947456
1029,3879,80.67092832,6.03504
1029,3880,82.34711496,6.03504
1029,3881,84.05615904,6.56063712
1029,3882,86.34429264,10.54705536
1029,3883,89.94669336,14.5718784
1029,3884,95.26484376,25.12003104
1029,3885,102.5226804,24.54286176
1029,3886,109.71056544,29.97000864
1029,3887,118.85224896,35.08772256
1029,3888,129.15034368,39.27384576
1029,3889,140.54306664,42.05654784
1029,3890,152.3553468,41.38610976
1029,3891,163.01920152,35.13271104
1029,3892,171.63321528,27.76337856
1029,3893,178.60801464,22.20236352
1029,3894,184.50973512,21.12154272
1029,3895,190.78995624,25.41519936
1029,3896,198.545196,30.43086624
1029,3897,207.60939936,34.25488704
1029,3898,217.40314152,34.79584608
1029,3899,226.64412888,31.4864496
1029,3900,234.84910104,29.8844208
1029,3901,243.74694456,32.88438432
1029,3902,252.41149416,27.45504288
1029,3903,259.26495264,23.96349792
1029,3904,265.5952524,19.76530464
1029,3905,270.51356616,18.77116896
1029,3906,276.34435968,21.81502368
1029,3907,282.41481744,21.9510864
1029,3908,288.51112224,21.9456
1029,3909,294.6071832,21.9456
1029,3910,300.67404432,21.43865664
1029,3911,306.62535576,21.03156576
1029,3912,311.73791856,16.41750336
1029,3913,316.62468552,20.03194368
1029,3914,322.75601184,23.66723232
1029,3915,329.6364756,24.98396832
1029,3916,336.2087256,22.20565536
1029,3917,342.29448432,21.9126816
1029,3918,348.9348876,26.5596624
1029,3919,356.53352112,27.36506592
1029,3920,364.45054872,30.66678144
1029,3921,373.01984832,29.07023904
1029,3922,380.5002804,23.72209632
1029,3923,386.06458728,18.43320672
1029,3924,391.18220976,18.39151008
1029,3925,396.13984272,16.93761408
1029,3926,400.73177664,17.08684416
1029,3927,405.7127268,18.1819296
1029,3928,410.7634152,18.1819296
1029,3929,415.8069408,17.59707936
1029,3930,420.16286808,14.26683456
1029,3931,424.11725184,14.2426944
1029,3932,428.07291576,14.2426944
1029,3933,432.02861016,14.2426944
1029,3934,435.88375104,12.44754432
1029,3935,439.0099932,12.0920256
1029,3936,443.2631724,18.20606976
1029,3937,448.66761168,20.10546144
1029,3938,454.31092272,20.48950944
1029,3939,459.97986744,19.64570112
1029,3940,464.45689176,13.222224
1029,3941,467.99659512,11.61690336
1029,3942,470.87067624,9.75591648
1029,3943,473.57794032,9.7438464
1029,3944,476.28529584,9.7438464
1029,3945,478.99268184,9.74604096
1029,3946,481.81607472,10.84222368
1029,3947,485.17085592,13.7544048
1029,3948,489.54403488,17.95808448
1029,3949,495.05454456,20.04840288
1029,3950,499.04544336,18.37066176
1040,3868,21.10471776,8.08475904
1040,3869,23.03681448,6.37629408
1040,3870,24.92096616,7.30678752
1040,3871,27.07303704,7.43846112
1040,3872,29.09724432,9.63631296
1040,3873,32.64215976,14.71781664
1040,3874,36.93727944,15.14465856
1040,3875,40.88032464,14.3304768
1040,3876,45.63230904,19.14314688
1040,3877,50.97286224,19.35931104
1040,3878,56.39068224,19.5809616
1040,3879,61.75357728,18.34432704
1040,3880,66.54244248,16.82020512
1040,3881,71.21609328,16.8213024
1040,3882,75.58713864,13.4800848
1040,3883,79.13086536,13.14431712
1040,3884,82.76017992,13.0466592
1040,3885,86.38376424,13.0466592
1040,3886,90.39398736,18.5934096
1040,3887,96.86964624,26.16354432
1040,3888,104.2124916,25.51505184
1040,3889,111.50242368,27.81495072
1040,3890,119.45224776,29.36211552
1040,3891,128.11576104,33.05665728
1040,3892,137.44382976,33.25416768
1040,3893,146.53985424,32.33903616
1040,3894,155.22004008,29.34894816
1040,3895,162.95799768,27.38042784
1040,3896,170.5694328,27.432
1040,3897,178.22195496,28.39321728
1040,3898,186.8033856,32.808672
1040,3899,195.95146992,32.91510816
1040,3900,205.22193144,35.10857088
1040,3901,215.8365,39.65460192
1040,3902,226.1731824,34.24281696
1040,3903,235.3721988,32.59689696
1040,3904,243.80552712,27.96856992
1040,3905,251.27931456,24.90715872
1040,3906,257.52238056,21.479256
1040,3907,263.4857316,20.66946336
1040,3908,268.54202832,16.26498144
1040,3909,273.11021832,17.35128864
1040,3910,278.1214656,18.214848
1040,3911,283.18120656,18.30153312
1040,3912,288.4026744,19.2462912
1040,3913,293.75855904,19.2792096
1040,3914,299.11413888,19.27811232
1040,3915,304.58194608,20.75724576
1040,3916,310.59308976,21.85891488
1040,3917,316.67686728,21.94450272
1040,3918,322.93175952,24.04469664
1040,3919,329.984862,25.65001728
1040,3920,336.893916,25.27474752
1040,3921,344.34402048,27.35080128
1040,3922,351.95755872,27.432
1040,3923,359.56225776,27.29154816
1040,3924,367.15424664,26.965656
1040,3925,373.94323992,22.01253408
1040,3926,379.53382056,18.15340032
1040,3927,384.57268272,18.66583008
1040,3928,389.78720112,18.7470288
1040,3929,394.99355088,18.84688128
1040,3930,400.06542288,17.73862848
1040,3931,405.11111256,18.10073088
1040,3932,409.92698304,16.51077216
1040,3933,414.03404112,12.68126496
1040,3934,417.05137824,9.91721664
1040,3935,419.8420356,10.0840032
1040,3936,422.64369624,10.07961408
1040,3937,425.756832,13.08286944
1040,3938,429.63233352,14.0781024
1040,3939,433.5435576,14.4950688
1040,3940,437.55234816,14.81218272
1040,3941,442.38647616,19.71482976
1040,3942,448.30002288,22.5106992
1040,3943,454.62501912,22.8014784
1040,3944,460.95364248,22.27039488
1040,3945,465.70090248,11.29540032
1040,3946,468.5001552,9.87442272
1040,3947,470.89304856,6.92603136
1040,3948,471.90422256,2.46888
1040,3949,474.94219464,17.83518912
1040,3950,479.91671352,16.82898336
1040,3951,484.22314128,16.14976704
1040,3952,489.29074608,19.1530224
1040,3953,494.96023944,21.88634688
1040,3954,501.053862,21.92145984
1040,3955,505.0135696,21.9456
1042,3892,124.223915466667,32.9927712
1042,3893,132.91806792,33.36499296
1042,3894,142.21452888,33.48240192
1042,3895,151.45289496,32.44218048
1042,3896,159.76835712,28.02233664
1042,3897,167.85400008,29.18655072
1042,3898,175.59912048,27.43638912
1042,3899,183.55808856,31.01023008
1042,3900,192.56873856,33.4780128
1042,3901,202.10410176,34.1308944
1042,3902,211.90095288,36.98601696
1042,3903,221.81643216,33.50654208
1042,3904,230.95967016,32.69126304
1042,3905,238.9356156,23.43460896
1042,3906,244.94889288,21.39586272
1042,3907,250.89255384,21.0458304
1042,3908,256.54037592,20.40501888
1042,3909,262.35940416,21.06997056
1042,3910,268.31257488,21.61422144
1042,3911,274.12108752,20.38636512
1042,3912,279.6099564,19.11681216
1042,3913,284.91335448,18.37834272
1042,3914,289.65445752,16.45261632
1042,3915,294.226488,16.4592
1042,3916,298.798488,16.4592
1042,3917,303.52630176,18.92588544
1042,3918,309.38382624,21.86659584
1042,3919,315.46422048,21.9456
1042,3920,321.61788864,23.15370528
1042,3921,328.47631536,25.42617216
1042,3922,335.52618696,25.6873248
1042,3923,342.84400824,26.92834848
1042,3924,350.3404728,26.71218432
1042,3925,357.76939368,26.97004512
1042,3926,365.01634896,23.8548672
1042,3927,371.17998408,21.2543136
1042,3928,376.58256408,17.93394432
1042,3929,381.40901112,17.56855008
1042,3930,386.54498256,18.87650784
1042,3931,391.78364112,18.82493568
1042,3932,397.10758272,19.41417504
1042,3933,402.25775784,16.68194784
1042,3934,406.30111272,13.7928096
1042,3935,409.75059528,10.47682944
1042,3936,412.3866276,8.22630816
1042,3937,414.48596808,7.83896832
1042,3938,416.75432016,9.1952064
1042,3939,419.90960976,13.23648864
1042,3940,423.86381064,15.37618464
1042,3941,428.52036216,17.87908032
1042,3942,434.02858584,21.12922368
1042,3943,439.89906432,21.11934816
1042,3944,445.7693904,21.12373728
1042,3945,451.30861224,18.34871616
1042,3946,456.20860752,16.19146368
1042,3947,459.86245848,11.29320576
1042,3948,462.99787512,11.2910112
1042,3949,465.99905784,9.6176592
1042,3950,468.8415312,11.30088672
1042,3951,472.78186368,17.38201248
1042,3952,477.62562336,17.4357792
1042,3953,482.4680724,17.4357792
1042,3954,487.31305128,17.80556256
1042,3955,492.73193808,19.7016624
1042,3956,497.6604728,19.3328544
1054,3873,20.57000712,6.14805984
1054,3874,22.71421416,10.232136
1054,3875,25.55574264,10.21457952
1054,3876,29.01979464,15.307056
1054,3877,34.05920544,19.89478368
1054,3878,39.15500424,16.9035984
1054,3879,43.95862176,17.51697792
1054,3880,49.09712304,19.70934336
1054,3881,54.23096088,16.89482016
1054,3882,58.87553376,16.72693632
1054,3883,63.52263648,16.73132544
1054,3884,68.04397872,15.56381952
1054,3885,71.94797904,11.30088672
1054,3886,74.58065856,9.15570432
1054,3887,77.28408216,11.10666816
1054,3888,80.61575952,13.13883072
1054,3889,84.5524344,14.21087328
1054,3890,88.77979704,16.72693632
1054,3891,93.90955056,20.51694144
1054,3892,100.26392952,25.53260832
1054,3893,107.8987428,29.0724336
1054,3894,116.34255624,30.98060352
1054,3895,125.01426864,30.82478976
1054,3896,133.44095232,31.28016096
1054,3897,142.27448304,30.83795712
1054,3898,150.31492416,27.55489536
1054,3899,158.041848,27.97844544
1054,3900,165.69574176,27.38481696
1054,3901,173.31251088,27.42980544
1054,3902,181.22146128,30.19275648
1054,3903,189.67746672,30.45281184
1054,3904,198.49822632,31.94291808
1054,3905,207.26503632,32.57495136
1054,3906,216.58841112,33.56250336
1054,3907,225.42608712,29.31493248
1054,3908,233.16608688,27.43419456
1054,3909,240.4416324,23.80658688
1054,3910,246.6368448,21.9456
1054,3911,252.73250952,21.9510864
1054,3912,258.92494824,22.76856
1054,3913,265.24781088,22.37683104
1054,3914,271.2241464,20.3490576
1054,3915,276.36164184,16.925544
1054,3916,280.96314648,16.4592
1054,3917,285.53517696,16.4592
1054,3918,290.10729888,16.4592
1054,3919,294.67929888,16.4592
1054,3920,299.2514208,16.4592
1054,3921,303.97914312,18.92698272
1054,3922,309.83569224,21.85672032
1054,3923,315.9139224,21.9456
1054,3924,322.178172,24.58894752
1054,3925,329.6582688,27.82811808
1054,3926,337.32054456,26.99089344
1054,3927,344.77781184,26.72096256
1054,3928,351.92613384,25.0618752
1054,3929,358.67330856,23.40278784
1054,3930,364.9518228,21.94779456
1054,3931,370.9359612,20.7056736
1054,3932,376.26139632,17.41493088
1054,3933,380.89292376,16.80703776
1054,3934,385.68764112,17.51368608
1054,3935,390.5498412,17.46430848
1054,3936,395.12263368,13.89814848
1054,3937,398.26868784,10.37149056
1054,3938,400.92742776,8.05732704
1054,3939,403.11817776,8.98782048
1054,3940,406.05245688,12.02948064
1054,3941,409.7185608,14.5883376
1054,3942,414.10167624,16.44164352
1054,3943,418.71238584,16.54588512
1054,3944,423.50368944,18.34432704
1054,3945,428.87777064,19.73787264
1054,3946,434.45442192,21.20713056
1054,3947,440.06508888,17.48735136
1054,3948,444.57475728,16.15305888
1054,3949,449.04839832,15.24451104
1054,3950,452.50406832,10.34515584
1054,3951,455.34648072,10.31004288
1054,3952,458.41286016,11.96913024
1054,3953,461.761332,11.88683424
1054,3954,465.83358192,18.0447696
1054,3955,470.88631248,19.33297632
1054,3956,476.84865768,21.9126816
1054,3957,482.9362452,21.91926528
1054,3958,488.82997992,20.27883168
1054,3959,494.83557624,23.91850944
1054,3960,499.389908,26.3676384
1057,3876,21.4573104,18.3026304
1057,3877,24.56029632,16.40872512
1057,3878,28.72438248,14.43910752
1057,3879,32.70205296,15.4387296
1057,3880,37.98009168,22.5052128
1057,3881,44.0720988,19.0158624
1057,3882,48.68149776,14.36449248
1057,3883,52.16523984,11.80234368
1057,3884,55.35155808,11.0496096
1057,3885,58.4219304,11.05619328
1057,3886,61.49300376,11.05948512
1057,3887,64.56343704,11.21529888
1057,3888,68.70240768,18.60657696
1057,3889,73.80149832,17.64755424
1057,3890,78.18936864,15.0162768
1057,3891,82.91483544,19.22544288
1057,3892,89.22590232,26.47297728
1057,3893,97.0492344,28.63132704
1057,3894,105.01542624,28.67412096
1057,3895,113.12761728,30.32552736
1057,3896,121.75946184,31.12873632
1057,3897,130.32815184,31.08374784
1057,3898,138.7972332,28.58633856
1057,3899,146.42463984,27.21364128
1057,3900,153.98992824,27.2509488
1057,3901,161.48895312,26.9053056
1057,3902,169.49275728,30.94110144
1057,3903,178.01895816,29.72312064
1057,3904,186.49718352,31.79697984
1057,3905,195.49238016,32.87780064
1057,3906,204.47745744,31.37562432
1057,3907,213.37130808,33.24100032
1057,3908,222.26323848,29.31164064
1057,3909,229.72114584,24.4089936
1057,3910,235.98472488,21.9401136
1057,3911,242.06694792,21.88744416
1057,3912,248.15944272,21.9456
1057,3913,254.25266904,21.93682176
1057,3914,260.47055856,22.88596896
1057,3915,266.7848868,22.24076832
1057,3916,272.74461072,19.88381088
1057,3917,277.61881992,16.33411008
1057,3918,282.18359616,16.4592
1057,3919,286.75571808,16.4592
1057,3920,291.32780952,16.4592
1057,3921,295.89984,16.4592
1057,3922,300.56657184,18.37175904
1057,3923,306.33951432,21.94669728
1057,3924,312.41396496,21.85562304
1057,3925,318.59838744,23.95142784
1057,3926,326.27550696,30.22567488
1057,3927,334.56000144,28.49197248
1057,3928,342.12007776,25.79376096
1057,3929,348.94217232,24.17746752
1057,3930,355.6599948,24.17637024
1057,3931,362.22474672,21.63506976
1057,3932,367.31240736,16.45700544
1057,3933,371.8840416,16.4592
1057,3934,376.4560416,16.4592
1057,3935,380.9978664,15.83045856
1057,3936,385.17487608,14.68489824
1057,3937,389.26096392,14.6925792
1057,3938,392.99970168,10.38685248
1057,3939,395.20715472,7.44614208
1057,3940,397.09593936,6.1776864
1057,3941,398.87112504,6.94907424
1057,3942,401.49691608,12.55946688
1057,3943,405.67779672,17.2876464
1057,3944,411.01877664,21.39476544
1057,3945,417.33725016,22.79708928
1057,3946,423.40843944,21.11386176
1057,3947,429.05199432,19.96939872
1057,3948,434.72669976,20.52133056
1057,3949,440.07286128,16.075152
1057,3950,443.77816248,12.50240832
1057,3951,446.91729768,8.7946992
1057,3952,448.84311552,6.38946144
1057,3953,450.87024888,9.32797728
1057,3954,454.51154208,17.1504864
1057,3955,459.97944072,20.574
1057,3956,465.5592924,20.58058368
1057,3957,471.78455808,23.57176896
1057,3958,478.35592416,24.03152928
1057,3959,485.17207512,24.6888
1057,3960,492.02922168,24.6888
1057,3961,498.88438704,24.66465984
1057,3962,503.6798664,24.6888
1064,3881,22.2144844,16.9310304
1064,3882,25.38773688,11.02876128
1064,3883,28.94097336,17.66291616
1064,3884,34.17070128,18.94124736
1064,3885,39.43615176,18.9609984
1064,3886,44.70492456,18.97306848
1064,3887,49.97354496,18.9609984
1064,3888,54.64826256,11.7902736
1064,3889,57.06386352,10.23433056
1064,3890,60.78355128,14.81547456
1064,3891,64.89917424,14.81547456
1064,3892,69.328284,19.81358496
1064,3893,76.20332232,26.99637984
1064,3894,83.69801904,26.91188928
1064,3895,91.15812096,27.08416224
1064,3896,98.88144816,28.227528
1064,3897,107.23430928,33.77098656
1064,3898,117.30383448,36.89165088
1064,3899,127.13820648,32.66273376
1064,3900,135.882126,31.31417664
1064,3901,144.4055532,30.15105984
1064,3902,152.7656076,30.17849184
1064,3903,160.93101672,28.06622784
1064,3904,168.56113608,27.5856192
1064,3905,177.0212868,32.17663872
1064,3906,185.294016,28.12987008
1064,3907,193.24993608,29.83394592
1064,3908,201.6668052,30.3288192
1064,3909,210.09556152,30.35515392
1064,3910,218.51712456,30.16203264
1064,3911,226.02696984,22.95619488
1064,3912,232.06295472,21.5834976
1064,3913,238.05602376,21.53741184
1064,3914,244.03562064,21.56923296
1064,3915,250.03009176,21.5834976
1064,3916,256.0140168,21.35416608
1064,3917,261.36511608,16.96504608
1064,3918,265.93763424,15.96213216
1064,3919,270.34001304,16.11794592
1064,3920,274.92956952,17.02100736
1064,3921,279.59276568,16.44932448
1064,3922,284.47599696,19.4547744
1064,3923,290.12397144,20.45659104
1064,3924,295.8064188,20.45439648
1064,3925,301.4888052,20.4532992
1064,3926,307.171344,20.4478128
1064,3927,312.83263824,20.70677088
1064,3928,319.36361832,26.24364576
1064,3929,326.74179,26.5596624
1064,3930,334.02303528,26.11965312
1064,3931,341.38749096,26.62111008
1064,3932,348.7884312,26.7077952
1064,3933,355.84534368,22.59628704
1064,3934,361.54117176,19.96830144
1064,3935,366.66507312,15.58576512
1064,3936,370.5502368,13.59200736
1064,3937,374.29558872,13.44168
1064,3938,378.0295716,13.44168
1064,3939,381.76437744,13.42302624
1064,3940,385.18569648,10.82576448
1064,3941,388.07965056,10.38794976
1064,3942,390.9383088,9.573768
1064,3943,392.93682144,5.20220448
1064,3944,394.33996824,6.05479104
1064,3945,396.7694376,10.55473632
1064,3946,400.07526792,14.2426944
1064,3947,404.63909928,17.96576544
1064,3948,409.7359344,18.3629808
1064,3949,415.06609392,20.9086704
1064,3950,421.17910176,22.22211456
1064,3951,427.133004,19.5535296
1064,3952,431.78906784,14.93836992
1064,3953,435.9094152,14.8461984
1064,3954,440.02872624,14.81986368
1064,3955,444.0490992,14.55871104
1064,3956,448.60960824,17.8362864
1064,3957,453.56248632,17.83189728
1064,3958,458.49180336,18.12377376
1064,3959,463.94449248,20.67494976
1064,3960,468.90870912,14.29536384
1064,3961,474.12712896,24.17637024
1064,3962,480.86808576,23.7780576
1064,3963,487.06162176,21.27187008
1064,3964,492.90954504,21.4134192
1064,3965,498.0154124,24.7784112
1068,3884,22.1550846857143,17.4483195428571
1068,3885,26.75132064,21.0897216
1068,3886,32.2133976,18.2258208
1068,3887,37.54849488,18.32347872
1068,3888,42.09495264,16.22767392
1068,3889,46.39138296,14.4182592
1068,3890,50.7444756,17.63219232
1068,3891,55.83024648,18.37944
1068,3892,60.93595128,18.38273184
1068,3893,65.93665248,15.76681632
1068,3894,70.45967112,21.15116928
1068,3895,76.42975824,19.78615296
1068,3896,82.38731808,24.06005856
1068,3897,90.20028696,31.27467456
1068,3898,99.17728704,32.87780064
1068,3899,108.29784792,32.9074272
1068,3900,117.48869568,33.45387264
1068,3901,126.73547424,32.39499744
1068,3902,135.4441284,30.80174688
1068,3903,144.02238912,30.92464224
1068,3904,152.531064,29.94147936
1068,3905,160.70070984,28.93637088
1068,3906,168.89626368,30.78089856
1068,3907,177.3801888,29.2589712
1068,3908,185.20275888,27.58452192
1068,3909,192.82711752,27.43638912
1068,3910,200.44452672,27.3990816
1068,3911,208.14054384,28.76080608
1068,3912,216.44616096,29.87235072
1068,3913,224.16826896,24.89838048
1068,3914,230.4979896,21.93901632
1068,3915,236.59408104,21.93133536
1068,3916,242.67651744,21.70749024
1068,3917,248.07891456,16.92664128
1068,3918,252.65569992,16.45700544
1068,3919,257.28113136,17.19108576
1068,3920,262.1816448,17.75508768
1068,3921,267.01464504,16.7828976
1068,3922,271.55604312,16.19475552
1068,3923,276.08515776,16.42847616
1068,3924,280.71016248,17.87908032
1068,3925,286.41257424,22.14201312
1068,3926,292.56438312,22.1431104
1068,3927,298.71549096,22.1431104
1068,3928,304.86653784,22.1431104
1068,3929,311.0048136,22.055328
1068,3930,317.56066536,26.13391776
1068,3931,325.30965672,28.90564704
1068,3932,333.33891168,28.18034496
1068,3933,340.75533576,24.88850496
1068,3934,347.0324784,21.03046848
1068,3935,352.74711264,20.21518944
1068,3936,358.14219456,17.70132096
1068,3937,362.58386208,14.42155104
1068,3938,366.41513712,13.9683744
1068,3939,370.29088248,13.43838816
1068,3940,373.55132808,10.479024
1068,3941,376.45546248,10.4570784
1068,3942,379.28415888,8.62571808
1068,3943,381.22988016,7.08513696
1068,3944,383.35552488,8.11109376
1068,3945,385.74945456,8.82432576
1068,3946,388.2597264,10.24091424
1068,3947,391.75748928,13.93106688
1068,3948,395.6253708,13.9244832
1068,3949,399.4934352,13.9244832
1068,3950,403.48655904,15.69220128
1068,3951,408.30700152,18.38053728
1068,3952,413.68074744,20.19873024
1068,3953,419.25020544,19.83223872
1068,3954,424.77452256,19.89697824
1068,3955,430.0915452,17.6058576
1068,3956,434.65229808,16.25839776
1068,3957,439.02971376,15.24999744
1068,3958,443.68239432,18.47051424
1068,3959,448.71229536,17.9295552
1068,3960,454.28739216,21.98729664
1068,3961,461.57659272,30.90159936
1068,3962,468.76734288,14.88131136
1068,3963,473.4053016,25.20561888
1068,3964,480.73857624,25.04322144
1068,3965,487.16159616,22.2144336
1068,3966,493.46836536,23.73636096
1068,3967,498.63018384,25.89361344
1073,3905,147.038949,28.433268
1073,3906,154.0334232,27.79519968
1073,3907,161.75013624,27.73814112
1073,3908,169.44587904,27.48247488
1073,3909,176.96773344,26.89104096
1073,3910,184.43734512,26.89323552
1073,3911,191.85126984,26.17780896
1073,3912,199.17823512,26.8614144
1073,3913,206.645256,26.94590496
1073,3914,214.13437488,26.9327376
1073,3915,221.30555688,22.9386384
1073,3916,226.98724224,19.74665088
1073,3917,232.47394704,19.75213728
1073,3918,237.86863272,18.51550272
1073,3919,242.7917928,17.52795072
1073,3920,247.66045464,17.45333568
1073,3921,252.49031544,17.3699424
1073,3922,257.29423776,17.26240896
1073,3923,262.09169832,17.25801984
1073,3924,266.90427696,17.36006688
1073,3925,271.6555908,16.71596352
1073,3926,276.44119464,18.15230304
1073,3927,281.56424256,18.4672224
1073,3928,286.69353888,18.4672224
1073,3929,291.82170744,18.48477888
1073,3930,297.67048416,25.17818688
1073,3931,305.19712392,27.42870816
1073,3932,312.57063216,24.4473984
1073,3933,319.38358272,26.23486752
1073,3934,326.78693088,26.46529632
1073,3935,333.81028488,24.2169696
1073,3936,340.508844,23.77476576
1073,3937,346.65446544,20.68153344
1073,3938,352.3643448,20.13837984
1073,3939,357.28908984,15.5319984
1073,3940,361.51983576,14.84729568
1073,3941,365.08489848,10.93878432
1073,3942,368.08041192,10.7862624
1073,3943,371.07339552,10.341864
1073,3944,373.26597432,5.66854848
1073,3945,374.788176,5.4864
1073,3946,376.31193216,5.4864
1073,3947,377.84038224,5.94506304
1073,3948,380.42273928,14.63003424
1073,3949,385.53502776,19.79712576
1073,3950,390.95223816,18.69545664
1073,3951,395.95830384,17.8308
1073,3952,400.96845384,18.58463136
1073,3953,406.26392712,19.2024
1073,3954,411.55190232,18.598896
1073,3955,416.61737352,18.13584384
1073,3956,421.64885952,18.10512
1073,3957,426.60926616,17.19876672
1073,3958,431.22689472,16.4592
1073,3959,435.79880328,16.45810272
1073,3960,440.51777784,18.44308224
1073,3961,446.0019528,20.1131424
1073,3962,451.58994264,20.1131424
1073,3963,457.30482072,21.79307808
1073,3964,463.65414,23.1635808
1073,3965,470.09706336,23.21954208
1073,3966,476.57122872,23.60139552
1073,3967,483.20382912,23.9536224
1073,3968,489.85831416,23.9536224
1073,3969,496.52048016,24.05018304
1073,3970,501.53919504,24.0743232
1083,3889,21.813012,19.1255904
1083,3890,24.9381264,18.6482736
1083,3891,29.96159616,17.36884512
1083,3892,34.7209872,17.1230544
1083,3893,39.36120144,15.92043552
1083,3894,43.6310532,15.18745248
1083,3895,47.84988144,15.17428512
1083,3896,52.18889232,16.54917696
1083,3897,56.95440984,17.2766736
1083,3898,62.26935984,22.83329952
1083,3899,69.279516,25.8080256
1083,3900,76.45685496,25.91665632
1083,3901,83.69497104,26.90969472
1083,3902,91.4299416,28.10353536
1083,3903,99.4437432,29.8240704
1083,3904,107.87018304,30.61630656
1083,3905,116.70764568,32.69016576
1083,3906,125.3485428,28.85956128
1083,3907,133.19656368,28.20448512
1083,3908,140.87465856,27.42431904
1083,3909,148.4865204,27.40676256
1083,3910,156.10569744,27.432
1083,3911,163.7189004,27.38371968
1083,3912,171.28775496,26.74839456
1083,3913,178.37685432,24.78865248
1083,3914,185.53255248,26.6693904
1083,3915,192.74146872,22.57324416
1083,3916,198.80147184,24.908256
1083,3917,206.13642288,25.758648
1083,3918,213.1120452,25.484328
1083,3919,220.0630092,23.49166752
1083,3920,226.2327708,21.90500064
1083,3921,232.32995952,21.8962224
1083,3922,237.8701872,17.30300832
1083,3923,242.44715544,16.43067072
1083,3924,247.0048908,15.90946272
1083,3925,251.07394032,14.21416512
1083,3926,255.27597408,16.09819488
1083,3927,260.07011232,18.00307296
1083,3928,265.06547952,17.67279168
1083,3929,269.88893952,18.19070784
1083,3930,275.55364752,21.84245568
1083,3931,281.65044,21.9456
1083,3932,287.74644,21.9456
1083,3933,293.90135784,23.0538528
1083,3934,300.60003888,24.33986496
1083,3935,307.31136912,24.09517152
1083,3936,313.920378,23.33036736
1083,3937,320.35290768,23.17894272
1083,3938,326.7911676,23.1745536
1083,3939,333.22912272,23.17784544
1083,3940,339.54479208,20.7879696
1083,3941,344.49340296,16.37251488
1083,3942,348.97362768,15.80302656
1083,3943,353.34729432,15.74706528
1083,3944,357.53235072,13.19150016
1083,3945,360.46879392,7.82689824
1083,3946,362.17607016,6.64073856
1083,3947,364.4047068,8.5478112
1083,3948,366.77845872,8.5478112
1083,3949,369.1519668,8.5478112
1083,3950,371.52568824,8.54671392
1083,3951,373.93744872,9.51012576
1083,3952,377.03848392,12.78660384
1083,3953,381.2014728,16.85860992
1083,3954,386.05035312,17.75728224
1083,3955,390.9794568,17.70680736
1083,3956,395.86796112,17.4906432
1083,3957,401.12246928,21.25760544
1083,3958,407.46045,22.72357152
1083,3959,413.3557392,21.01071744
1083,3960,419.2620012,20.84612544
1083,3961,425.20462584,22.50192096
1083,3962,431.57543352,22.53483936
1083,3963,437.80865448,22.56775776
1083,3964,444.11405208,23.01983712
1083,3965,450.23312544,21.72394944
1083,3966,456.5893332,23.41485792
1083,3967,463.04252832,23.09445216
1083,3968,469.95743448,27.11488608
1083,3969,477.60343392,27.16206912
1083,3970,485.18411472,27.65365056
1083,3971,492.86653776,27.6624288
1083,3972,498.56788272,26.76046464
1090,3891,20.1299064,21.8139264
1090,3892,24.30389856,21.9456
1090,3893,29.97290424,16.87945824
1090,3894,34.247328,14.77158336
1090,3895,37.37536848,8.47758528
1090,3896,41.1028896,18.4178448
1090,3897,45.47253288,12.83598144
1090,3898,49.56026664,17.41712544
1090,3899,54.76716504,19.66216032
1090,3900,60.26554368,19.80151488
1090,3901,66.29500584,29.68471584
1090,3902,76.4328672,34.9593408
1090,3903,86.09088192,37.48747392
1090,3904,96.12773256,32.85585504
1090,3905,104.47474152,28.55780928
1090,3906,112.70303088,30.40453152
1090,3907,120.97987488,29.82845952
1090,3908,129.32118408,29.54206944
1090,3909,137.36525232,28.73337408
1090,3910,145.37631072,29.61339264
1090,3911,154.13897544,31.1408064
1090,3912,161.79847752,24.37717248
1090,3913,168.63727512,26.22938112
1090,3914,175.95442584,26.3402064
1090,3915,183.20549592,24.82157088
1090,3916,189.54807912,21.96644832
1090,3917,195.76944336,22.7191824
1090,3918,202.48705248,25.8464304
1090,3919,209.71620744,26.02418976
1090,3920,216.91530912,25.06626432
1090,3921,222.65377872,16.57880352
1090,3922,227.153724,16.239744
1090,3923,231.66473352,16.239744
1090,3924,236.1756516,16.239744
1090,3925,240.67553592,15.91056
1090,3926,244.67146392,12.9972816
1090,3927,248.25249816,13.14102528
1090,3928,252.1994448,14.82096096
1090,3929,256.2249384,14.374368
1090,3930,260.23281456,14.484096
1090,3931,264.84949824,25.28901216
1090,3932,273.38621472,27.01722816
1090,3933,280.0546596,23.6244384
1090,3934,286.61679024,23.6244384
1090,3935,293.17901232,23.6244384
1090,3936,299.74083816,23.618952
1090,3937,306.60191664,26.47297728
1090,3938,314.14919136,26.63976384
1090,3939,320.95147392,22.91779008
1090,3940,327.48281976,24.07322592
1090,3941,333.72564192,19.52280576
1090,3942,338.574126,16.60074912
1090,3943,343.133172,16.38019584
1090,3944,347.40149976,13.19698656
1090,3945,350.6675232,11.45340864
1090,3946,353.74347336,9.3707712
1090,3947,355.62058416,5.47871904
1090,3948,357.1446756,5.4864
1090,3949,358.6692852,5.4809136
1090,3950,360.33239592,7.66011168
1090,3951,362.92155,9.8316288
1090,3952,365.65978176,10.08619776
1090,3953,368.75264832,13.02690816
1090,3954,372.80344032,15.09198912
1090,3955,376.94945184,14.25805632
1090,3956,380.86381536,16.22767392
1090,3957,386.36774136,21.6219024
1090,3958,392.36910096,21.56374656
1090,3959,398.37503256,21.78210528
1090,3960,404.39437536,21.54838464
1090,3961,410.711904,23.84060256
1090,3962,417.33862176,23.8603536
1090,3963,423.95323896,23.49934848
1090,3964,430.11041232,21.88854144
1090,3965,436.51712544,23.29964352
1090,3966,442.94075496,23.13505152
1090,3967,449.37093768,23.15151072
1090,3968,455.83467888,23.9371632
1090,3969,462.79280568,25.61161248
1090,3970,469.07019216,16.83556704
1090,3971,475.27729176,31.24395072
1090,3972,483.86350776,28.49745888
1090,3973,491.25826056,26.39726496
1090,3974,497.675045142857,28.2659328
1096,3895,20.898612,18.65376
1096,3896,24.0287556,18.2861712
1096,3897,28.82856312,16.22218752
1096,3898,33.28117296,15.98846688
1096,3899,37.80531936,16.69401792
1096,3900,42.41846736,16.45700544
1096,3901,47.0970864,17.73972576
1096,3902,52.37411928,20.42147808
1096,3903,58.58304768,24.8588784
1096,3904,65.9140668,26.72205984
1096,3905,73.336404,26.74181088
1096,3906,80.84201256,27.44187552
1096,3907,88.52541096,27.69863904
1096,3908,96.32085384,29.30395968
1096,3909,104.78057784,30.8280816
1096,3910,113.64952632,33.01496064
1096,3911,122.82699336,32.84488224
1096,3912,131.88186984,32.3039232
1096,3913,140.451078,29.3467536
1096,3914,148.33469952,27.53733888
1096,3915,155.8018728,25.24182912
1096,3916,162.107118,20.46536928
1096,3917,167.54511576,19.47672
1096,3918,173.09963856,21.31246944
1096,3919,179.36903928,23.74075008
1096,3920,186.56177064,26.85702528
1096,3921,193.78571352,26.37641664
1096,3922,201.23453784,25.49310624
1096,3923,207.86192616,23.48837568
1096,3924,214.46112048,23.76269568
1096,3925,220.5336204,18.7744608
1096,3926,225.24241464,16.38897408
1096,3927,229.8121896,16.4592
1096,3928,234.37973952,16.18488
1096,3929,238.80506976,16.12891872
1096,3930,243.35923896,16.45590816
1096,3931,247.93139136,16.45700544
1096,3932,252.73491744,19.45806624
1096,3933,258.740148,22.64347008
1096,3934,265.0706916,22.52496384
1096,3935,271.18763136,21.7755216
1096,3936,277.26412416,21.88305504
1096,3937,283.3250112,21.88086048
1096,3938,289.85175456,26.06917824
1096,3939,297.26863584,25.47225792
1096,3940,303.80019504,22.83329952
1096,3941,310.33660056,23.7725712
1096,3942,316.89778632,23.01105888
1096,3943,323.0774844,21.97632384
1096,3944,329.18951688,21.80514816
1096,3945,334.60276488,16.93761408
1096,3946,339.13044696,15.08979456
1096,3947,342.59724216,10.88392032
1096,3948,345.51558024,9.29066976
1096,3949,347.55121752,6.56283168
1096,3950,349.51284936,7.1981568
1096,3951,351.51309936,7.1981568
1096,3952,353.60280816,8.38102464
1096,3953,356.13984144,9.3488256
1096,3954,358.73493912,9.37186848
1096,3955,361.89918984,14.24159712
1096,3956,366.12201096,15.33668256
1096,3957,370.52631,16.75766016
1096,3958,375.2351652,16.59526272
1096,3959,379.88360904,17.81324352
1096,3960,385.45666368,21.5944704
1096,3961,391.46494224,21.58569216
1096,3962,397.46532648,21.70858752
1096,3963,403.54060008,21.94669728
1096,3964,409.48474872,21.11495904
1096,3965,415.4010996,21.15885024
1096,3966,421.39368096,22.21772544
1096,3967,427.49001624,21.67566912
1096,3968,433.520088,22.34171808
1096,3969,440.35297248,26.08673472
1096,3970,447.60224424,26.1042912
1096,3971,454.7820216,25.43056128
1096,3972,461.49155352,23.19320736
1096,3973,468.30453456,25.90897536
1096,3974,475.90097352,28.58524128
1096,3975,483.81553224,27.88846848
1096,3976,491.26746552,26.22938112
1096,3977,497.8664541,26.499312
1101,3898,20.4925168,19.7839584
1101,3899,24.7968516,18.54293472
1101,3900,29.73448968,17.55538272
1101,3901,34.60632144,17.5345344
1101,3902,39.49540488,16.97382432
1101,3903,43.38642072,11.576304
1101,3904,46.80673392,13.6446768
1101,3905,51.4247892,22.30111872
1101,3906,59.38003872,31.83977376
1101,3907,68.14319112,30.42099072
1101,3908,76.48340304,30.559248
1101,3909,85.07858016,31.3986672
1101,3910,94.0240944,33.03690624
1101,3911,103.28516808,33.43302432
1101,3912,112.57794096,33.53068224
1101,3913,121.87601736,33.1488288
1101,3914,130.96503144,32.90632992
1101,3915,140.1639564,32.91730272
1101,3916,148.7811096,27.29922912
1101,3917,155.69665584,24.32340576
1101,3918,162.4472748,24.27293088
1101,3919,169.19518104,24.32450304
1101,3920,175.95137784,24.32998944
1101,3921,182.7099216,24.32998944
1101,3922,189.34203432,22.91340096
1101,3923,195.526914,22.1321376
1101,3924,201.67021896,22.10580288
1101,3925,207.68413632,21.13471008
1101,3926,213.58375368,21.39805728
1101,3927,219.1300164,17.64316512
1101,3928,223.72886928,16.37800128
1101,3929,228.26307408,15.82387488
1101,3930,232.25193072,12.4321824
1101,3931,235.40670216,11.60812512
1101,3932,239.14187376,15.4935936
1101,3933,243.6706836,16.76204928
1101,3934,248.93829816,21.36294432
1101,3935,255.0377424,22.24625472
1101,3936,261.3285096,22.83110496
1101,3937,267.5624316,21.93682176
1101,3938,273.56046888,20.7715104
1101,3939,279.04705176,20.16581184
1101,3940,285.03500016,22.62152448
1101,3941,291.8395992,26.43457248
1101,3942,299.00977536,24.32450304
1101,3943,305.43029592,22.08934368
1101,3944,311.3579244,20.74846752
1101,3945,317.0596656,18.93137184
1101,3946,321.82707288,17.2931328
1101,3947,326.9245176,18.8567568
1101,3948,332.0817336,16.87177728
1101,3949,335.75905416,10.98487008
1101,3950,338.59113384,8.8769952
1101,3951,340.63942032,6.38836416
1101,3952,342.43795368,7.01052192
1101,3953,344.49358584,7.22888064
1101,3954,346.40766888,6.82069248
1101,3955,348.58049664,10.10265696
1101,3956,351.93878304,12.673584
1101,3957,355.45404144,12.80635488
1101,3958,359.60877024,17.1888912
1101,3959,364.47987048,17.6332896
1101,3960,369.41238792,18.63839808
1101,3961,375.11714664,21.67566912
1101,3962,381.13703808,21.4408512
1101,3963,385.10007816,9.32468544
1101,3964,390.4308168,26.78021568
1101,3965,397.86315144,26.75278368
1101,3966,405.0927636,23.96898432
1101,3967,411.16928688,21.83148288
1101,3968,417.6752124,24.26744448
1101,3969,424.40742144,24.2279424
1101,3970,431.13892944,24.22684512
1101,3971,437.49373512,21.24772992
1101,3972,443.60604192,23.66613504
1101,3973,450.37348584,24.44630112
1101,3974,457.15540776,24.31243296
1101,3975,464.51803464,28.1781504
1101,3976,472.02032088,29.60790624
1101,3977,480.88719672,28.29665664
1101,3978,487.99299912,25.75206432
1101,3979,495.35382768,27.51210144
1101,3980,500.0775876,28.4305248
1104,3914,118.54074336,32.79331008
1104,3915,125.30233512,32.09544
1104,3916,134.0059296,29.50915104
1104,3917,141.70551288,27.23010048
1104,3918,149.26552824,27.23778144
1104,3919,156.45387048,23.0812848
1104,3920,162.354768,20.7989424
1104,3921,168.13624488,20.84502816
1104,3922,174.06618984,22.39767936
1104,3923,180.48009624,23.23600128
1104,3924,186.93359616,23.24477952
1104,3925,193.42138608,23.77915488
1104,3926,200.05203576,22.68187488
1104,3927,205.93135344,20.61569664
1104,3928,211.65949032,20.61459936
1104,3929,217.37186904,20.55644352
1104,3930,222.8368416,16.77521664
1104,3931,226.59301392,12.25332576
1104,3932,229.99677648,12.25552032
1104,3933,233.5124616,14.06274048
1104,3934,237.8660724,16.26059232
1104,3935,242.37205272,16.2287712
1104,3936,247.02765936,18.4562496
1104,3937,252.69212352,21.09849984
1104,3938,258.5363892,21.09301344
1104,3939,264.40598376,21.14678016
1104,3940,270.2839908,21.10727808
1104,3941,276.1885764,21.5725248
1104,3942,282.25787592,21.92694624
1104,3943,288.06590088,19.54365408
1104,3944,293.38240536,19.10474208
1104,3945,298.69046688,19.06085088
1104,3946,303.82055568,17.8143408
1104,3947,308.73457176,17.62670592
1104,3948,313.62844056,17.59269024
1104,3949,317.836296,11.98997856
1104,3950,321.94478664,16.18926912
1104,3951,324.86995224,7.0555104
1104,3952,326.83073064,7.0555104
1104,3953,328.79150904,7.0555104
1104,3954,330.82050168,7.69522464
1104,3955,332.78064,6.69999168
1104,3956,335.07118152,9.36638208
1104,3957,337.75966992,10.37807424
1104,3958,340.86920904,12.81732768
1104,3959,345.0977604,16.74888192
1104,3960,350.2385172,20.08461312
1104,3961,355.85083008,20.21080032
1104,3962,361.60853256,21.52204992
1104,3963,367.6866408,21.94669728
1104,3964,373.5541932,19.2353184
1104,3965,378.86295576,20.26895616
1104,3966,384.63224064,22.5271584
1104,3967,391.39828248,24.6997728
1104,3968,398.12719968,23.45106816
1104,3969,404.44637424,22.12445664
1104,3970,410.708094,24.09517152
1104,3971,417.71736624,25.4514096
1104,3972,424.78064904,25.42617216
1104,3973,431.65462056,23.61127104
1104,3974,438.06645432,22.99130784
1104,3975,444.45378216,23.01435072
1104,3976,450.84702312,23.015448
1104,3977,457.25209032,22.76746272
1104,3978,464.05306224,28.32518592
1104,3979,472.0990812,26.6803632
1104,3980,479.15312856,25.23524544
1104,3981,486.3321744,26.71986528
1104,3982,493.78023672,27.34860672
1104,3983,499.3221408,29.297376
1107,3989,500.912892,22.9807008
1107,3990,503.4692496,23.0099616
1112,3902,19.8732648,26.389584
1112,3903,24.95943192,25.23634272
1112,3904,32.13143688,27.9641808
1112,3905,40.21677504,29.32151616
1112,3906,48.35984232,28.9023552
1112,3907,53.231796,3.67369344
1112,3908,54.73967208,16.39775232
1112,3909,61.83151464,28.2659328
1112,3910,69.68432088,29.77579008
1112,3911,78.72286008,33.77757024
1112,3912,87.88319736,31.3876944
1112,3913,96.30031032,30.07863936
1112,3914,104.67072792,30.1422816
1112,3915,113.051082,30.2355504
1112,3916,121.36788528,29.160216
1112,3917,129.25144584,28.40967648
1112,3918,137.23748016,28.62364608
1112,3919,144.7658268,24.2114832
1112,3920,150.9746028,21.9456
1112,3921,157.0707552,21.95218368
1112,3922,162.75652488,17.86701024
1112,3923,167.36418648,16.48992384
1112,3924,171.98806344,16.73352
1112,3925,176.75928072,18.71520768
1112,3926,182.44495896,21.12483456
1112,3927,188.29952688,21.232368
1112,3928,194.37653784,22.31428608
1112,3929,200.572116,22.27039488
1112,3930,206.20387512,17.0407584
1112,3931,210.51566736,15.2741376
1112,3932,214.74705336,15.20610624
1112,3933,218.98224936,15.279624
1112,3934,222.90584832,12.20724
1112,3935,226.06552704,11.301984
1112,3936,229.20514992,11.301984
1112,3937,232.34480328,11.301984
1112,3938,235.48305456,11.329416
1112,3939,239.5645704,20.24042688
1112,3940,245.97914736,23.7231936
1112,3941,252.5681004,23.47740288
1112,3942,256.7898852,7.0335648
1112,3943,258.67937088,4.92459264
1112,3944,262.2174588,27.64926144
1112,3945,271.82938776,31.94072352
1112,3946,278.75295024,21.94121088
1112,3947,284.84812728,21.9456
1112,3948,290.94507216,21.95218368
1112,3949,297.04180368,21.9456
1112,3950,303.11756496,21.0732624
1112,3951,308.18294472,15.09967008
1112,3952,311.65425096,10.79504064
1112,3953,314.31107064,8.08366176
1112,3954,316.26816096,6.03504
1112,3955,318.15581784,9.05475456
1112,3956,321.09649776,10.9837728
1112,3957,324.1918332,11.32283232
1112,3958,327.3459036,11.356848
1112,3959,330.50021784,11.35355616
1112,3960,333.66565728,12.40255584
1112,3961,337.80673104,16.58977632
1112,3962,342.93176016,20.903184
1112,3963,348.8891676,21.13032096
1112,3964,354.72239952,21.13141824
1112,3965,360.69693672,21.79966176
1112,3966,366.65205816,20.61021024
1112,3967,372.41951424,21.63068064
1112,3968,378.51072888,22.06959264
1112,3969,385.0968168,25.55126208
1112,3970,392.28162336,25.70158944
1112,3971,399.0107844,23.17784544
1112,3972,405.3850668,22.62701088
1112,3973,411.75499056,23.18991552
1112,3974,418.48454784,25.1770896
1112,3975,425.17585272,22.48655904
1112,3976,431.32680816,21.47706144
1112,3977,436.8079656,19.15192512
1112,3978,442.73211936,24.387048
1112,3979,449.98718232,26.5651488
1112,3980,457.3639824,26.663904
1112,3981,464.82240792,26.55637056
1112,3982,472.5677112,29.69129952
1112,3983,480.65387232,27.41115168
1112,3984,488.38527672,29.5058592
1112,3985,496.64819136,29.73189888
1112,3986,503.252994,29.736288
1114,3905,21.10910688,23.0538528
1114,3906,25.72673544,21.27955104
1114,3907,31.48337112,20.64312864
1114,3908,37.2185184,20.65849056
1114,3909,43.33954248,24.3157248
1114,3910,50.38548216,25.50737088
1114,3911,57.72884568,27.9861264
1114,3912,65.70460824,28.74654144
1114,3913,73.77967464,30.58668
1114,3914,82.1660028,28.96709472
1114,3915,90.3704568,28.93307904
1114,3916,98.50294752,30.0819312
1114,3917,107.04457128,32.56507584
1114,3918,116.14440576,32.49484992
1114,3919,125.02069992,30.16203264
1114,3920,133.21195608,29.32371072
1114,3921,141.02900928,27.39140064
1114,3922,148.24639896,24.50445696
1114,3923,154.80545112,22.41413856
1114,3924,160.86008976,21.23017344
1114,3925,166.48304016,19.04768352
1114,3926,171.33201192,16.45590816
1114,3927,175.9034328,16.46029728
1114,3928,180.55580856,17.82970272
1114,3929,185.854086,18.95441472
1114,3930,190.6937004,16.45590816
1114,3931,195.25082616,16.0532064
1114,3932,199.53338808,15.07772448
1114,3933,203.43824184,13.0302
1114,3934,207.29268168,14.8077936
1114,3935,211.42400184,14.868144
1114,3936,215.5541028,14.868144
1114,3937,219.38272608,12.30380064
1114,3938,222.64213536,12.39816672
1114,3939,226.76574408,16.46139456
1114,3940,231.3383232,16.4592
1114,3941,235.91510856,16.92664128
1114,3942,241.30759968,21.6932256
1114,3943,247.400064,21.9456
1114,3944,253.41440808,20.92074048
1114,3945,259.12980432,20.71006272
1114,3946,264.83102736,19.8827136
1114,3947,270.44748552,21.32453952
1114,3948,276.48517728,21.8139264
1114,3949,282.5669736,21.9456
1114,3950,288.66300408,21.9456
1114,3951,294.73202928,21.2652864
1114,3952,300.01287216,16.86738816
1114,3953,304.49419416,14.5444464
1114,3954,307.86561744,10.9673136
1114,3955,310.9010292,10.88172576
1114,3956,313.93638,10.9728
1114,3957,316.98438,10.9728
1114,3958,319.97236488,10.01926368
1114,3959,322.57429008,9.0854784
1114,3960,325.1272644,9.45965088
1114,3961,327.75771888,9.46733184
1114,3962,330.38768568,9.4695264
1114,3963,333.15697656,12.62091456
1114,3964,338.31751488,22.439376
1114,3965,344.54765736,22.40865216
1114,3966,350.791272,22.49424
1114,3967,357.03863568,22.41852768
1114,3968,363.24847848,22.45912704
1114,3969,369.5286996,22.658832
1114,3970,375.82306344,22.658832
1114,3971,382.11727488,22.658832
1114,3972,388.43428536,23.07909024
1114,3973,395.02845048,24.14125728
1114,3974,401.7337152,24.14016
1114,3975,408.42121008,24.00738912
1114,3976,415.44813024,26.44335072
1114,3977,422.61513648,24.9740928
1114,3978,429.57957264,24.94995264
1114,3979,436.11375312,22.76417088
1114,3980,442.60385952,24.03152928
1114,3981,449.22896184,23.27550336
1114,3982,455.70879648,23.2458768
1114,3983,462.47587464,26.48614464
1114,3984,469.4829828,24.57687744
1114,3985,477.18777816,29.55962592
1114,3986,484.98645192,25.73450784
1114,3987,491.95686216,26.01431424
1114,3988,497.9432256,27.432
1121,3957,292.162774285714,9.491472
1121,3958,294.38242368,8.87589792
1121,3959,296.525442,7.01930016
1121,3960,298.47591816,7.02368928
1121,3961,300.30761376,5.8649616
1121,3962,302.16826536,9.06024096
1121,3963,305.121564,10.9728
1121,3964,308.169564,10.9728
1121,3965,311.19964176,10.86636384
1121,3966,314.23484016,10.97938368
1121,3967,317.84653728,16.294608
1121,3968,322.7998116,18.0831744
1121,3969,327.830688,18.65814912
1121,3970,334.45121832,29.47074624
1121,3971,342.9428244,30.78857952
1121,3972,351.5415372,31.0201056
1121,3973,360.12504048,30.28383072
1121,3974,368.02707192,26.07466464
1121,3975,374.55253512,21.94340544
1121,3976,380.705106,23.14273248
1121,3977,387.56344128,25.44482592
1121,3978,394.59325704,24.52749984
1121,3979,400.95720672,21.9401136
1121,3980,407.14906632,22.56446592
1121,3981,413.42166744,22.41084672
1121,3982,419.23743432,19.93099392
1121,3983,425.04643464,21.77113248
1121,3984,431.07964584,21.99278304
1121,3985,437.34511464,22.43059776
1121,3986,443.58226752,23.54982336
1121,3987,450.39527904,24.7107456
1121,3988,457.25998464,24.7107456
1121,3989,464.1233796,24.74476128
1121,3990,471.43440384,28.39650912
1121,3991,479.49980808,29.03622336
1121,3992,487.66040136,29.40052032
1121,3993,495.56880312,28.15730208
1121,3994,499.8515784,28.3537152
1122,3907,22.201378,31.1737248
1122,3908,28.36718736,22.70711232
1122,3909,34.7668596,24.8095008
1122,3910,41.68356408,24.90386688
1122,3911,48.60322512,24.90386688
1122,3912,54.84092664,19.1804544
1122,3913,61.11706344,26.855928
1122,3914,69.278754,32.3917056
1122,3915,78.43592136,33.04787904
1122,3916,87.44961936,31.2505344
1122,3917,95.90154048,30.25969056
1122,3918,104.32307304,30.3233328
1122,3919,112.78496112,30.77980128
1122,3920,121.39486008,30.97182528
1122,3921,129.91685472,30.85661088
1122,3922,138.07723464,26.2085328
1122,3923,144.92612112,24.3815616
1122,3924,151.64144424,23.42802528
1122,3925,157.9051452,22.21882272
1122,3926,163.71451128,18.01624032
1122,3927,168.27008256,16.37361216
1122,3928,172.82949432,16.4592
1122,3929,177.4021344,16.46578368
1122,3930,181.99108128,16.706088
1122,3931,186.69362712,17.02649376
1122,3932,191.42235528,17.00893728
1122,3933,196.08585624,16.02138528
1122,3934,200.29121232,14.78694528
1122,3935,204.39802656,14.80559904
1122,3936,208.45695672,14.09785344
1122,3937,212.28378168,13.76428032
1122,3938,216.09814032,13.71819456
1122,3939,219.92816568,14.29646112
1122,3940,224.34051144,17.07696864
1122,3941,229.109016,17.1888912
1122,3942,233.89934424,17.7869088
1122,3943,238.2260412,14.26902912
1122,3944,243.37676496,21.05021952
1122,3945,248.98709664,19.83662784
1122,3946,254.60837064,20.36661408
1122,3947,260.29054368,20.72103552
1122,3948,265.95333144,19.72031616
1122,3949,271.58454192,20.27553984
1122,3950,277.10504904,21.06667872
1122,3951,283.17956064,21.94889184
1122,3952,289.27766376,21.8962224
1122,3953,294.81898872,17.33373216
1122,3954,298.98002688,12.34220544
1122,3955,302.07770928,10.9728
1122,3956,305.08108656,10.42416
1122,3957,307.91365392,10.42416
1122,3958,310.90398576,10.87843392
1122,3959,313.94052528,10.92122784
1122,3960,316.43586192,6.67255968
1122,3961,318.5367264,8.83968768
1122,3962,320.64728352,7.15316832
1122,3963,323.56522536,14.54664096
1122,3964,328.09869864,16.6567104
1122,3965,332.72626368,16.6567104
1122,3966,337.44292176,18.53635104
1122,3967,343.62825864,25.34387616
1122,3968,350.87323272,26.25352128
1122,3969,358.2008076,26.2030464
1122,3970,365.1566484,24.1237008
1122,3971,371.65784952,22.35598272
1122,3972,377.75781192,21.95218368
1122,3973,383.9632656,22.88816352
1122,3974,390.37375824,23.02312896
1122,3975,396.6071316,22.0663008
1122,3976,402.79521168,22.3515936
1122,3977,409.00511544,22.63030272
1122,3978,415.7208348,24.79523616
1122,3979,421.85091144,21.53192544
1122,3980,428.44400976,24.4199664
1122,3981,434.97465456,21.61531872
1122,3982,440.62945656,20.08680768
1122,3983,446.18212008,19.38784032
1122,3984,451.52239896,20.34466848
1122,3985,457.87485768,25.74986976
1122,3986,465.48327528,27.90163584
1122,3987,473.15192136,27.06002208
1122,3988,481.63758384,34.47763488
1122,3989,489.9481692,23.838408
1122,3990,496.82357328,27.48796128
1128,3909,21.8520264,30.6580032
1128,3910,28.21417776,24.86326752
1128,3911,34.10654088,20.11204512
1128,3912,39.82452792,20.80333152
1128,3913,45.6035664,20.80881792
1128,3914,51.38202576,20.79674784
1128,3915,57.15926592,20.79784512
1128,3916,62.9347992,20.8812384
1128,3917,74.5610904,64.91727936
1128,3918,88.26956184,31.48206048
1128,3919,97.06974744,33.6480912
1128,3920,107.03024568,34.7618304
1128,3921,115.863624,30.15544896
1128,3922,123.91729344,27.60427296
1128,3923,131.28534576,26.33581728
1128,3924,138.62163792,26.1481824
1128,3925,145.87715808,25.70597856
1128,3926,152.38853952,21.37830624
1128,3927,158.27965296,21.21151968
1128,3928,164.1535452,20.519136
1128,3929,169.17515568,15.90617088
1128,3930,173.61310464,16.14428064
1128,3931,178.04364696,16.1903664
1128,3932,182.66292144,17.638776
1128,3933,187.51460592,15.02395776
1128,3934,191.10911232,12.93912576
1128,3935,195.05331576,14.22952704
1128,3936,198.82801992,13.24636416
1128,3937,202.197462,11.26577376
1128,3938,205.3783548,11.3787936
1128,3939,208.61737296,13.24526688
1128,3940,212.77313808,15.67683936
1128,3941,217.12620024,15.61100256
1128,3942,221.496636,16.52284224
1128,3943,226.60349904,20.56412448
1128,3944,232.6361616,21.9456
1128,3945,238.72917456,21.89951424
1128,3946,244.6617408,20.65739328
1128,3947,250.02274608,17.46211392
1128,3948,254.71782432,17.67388896
1128,3949,259.9552332,19.37357568
1128,3950,265.24406184,17.97454368
1128,3951,269.90948304,16.60513824
1128,3952,275.13207864,21.23127072
1128,3953,281.19753768,21.94669728
1128,3954,287.28875232,21.479256
1128,3955,292.54801536,16.18378272
1128,3956,296.27404296,10.5777792
1128,3957,298.62892776,6.8909184
1128,3958,300.4203288,6.30936
1128,3959,302.24361192,6.58806912
1128,3960,304.13196984,7.30898208
1128,3961,306.6472404,10.7972352
1128,3962,309.69435648,10.9069632
1128,3963,312.72028896,10.95304896
1128,3964,315.7683804,10.9728
1128,3965,318.92360904,12.88426176
1128,3966,323.53398336,20.56741632
1128,3967,329.7475752,22.76746272
1128,3968,336.26828352,25.33729248
1128,3969,343.74265008,27.41663808
1128,3970,351.47533464,28.1946096
1128,3971,359.25291624,27.57025728
1128,3972,366.78668832,25.93092096
1128,3973,373.34138184,22.07288448
1128,3974,379.44192336,22.19577984
1128,3975,385.82534976,23.58493632
1128,3976,392.37571512,23.41705248
1128,3977,398.67303552,21.9949776
1128,3978,404.76415872,21.67128
1128,3979,410.68261272,21.13471008
1128,3980,416.54025912,21.46060224
1128,3981,422.6210496,21.9456
1128,3982,428.71839072,21.72833856
1128,3983,434.3236932,20.17129824
1128,3984,440.54210088,23.29305984
1128,3985,447.00044712,23.11091136
1128,3986,453.35272296,22.26820032
1128,3987,459.23639928,20.57729184
1128,3988,465.92480856,26.20085184
1128,3989,472.39705368,26.05162176
1128,3990,481.21043712,33.10274304
1128,3991,490.12406928,29.0834064
1128,3992,497.311409066667,27.8258016
1131,3929,23.2673652,30.44952
1131,3930,30.06535008,30.12143328
1131,3931,38.57603664,30.6634896
1131,3932,47.12473176,31.04095392
1131,3933,55.74770664,31.61592864
1131,3934,65.05873704,34.92751968
1131,3935,74.77432848,35.04602592
1131,3936,84.451698,33.29037792
1131,3937,92.38725744,24.92032608
1131,3938,99.27430488,24.86765664
1131,3939,106.19390496,25.65879552
1131,3940,114.0105924,30.0215808
1136,3914,22.2645078857143,28.52928
1136,3915,29.00275632,28.51720992
1136,3916,36.92094216,28.51720992
1136,3917,44.84790624,28.54244736
1136,3918,52.77423024,28.5237936
1136,3919,61.33667184,35.33351328
1136,3920,71.9649564,39.01598496
1136,3921,82.2618624,33.1543152
1136,3922,90.6104868,29.70007776
1136,3923,99.50991528,33.7578192
1136,3924,108.58326264,30.58338816
1136,3925,116.75098824,28.98355392
1136,3926,124.6275384,27.63170496
1136,3927,132.28252944,27.73594656
1136,3928,139.94852376,26.84824704
1136,3929,146.8082916,22.80367296
1136,3930,153.19635096,23.00886432
1136,3931,159.3831204,21.8139264
1136,3932,164.93438184,18.14133024
1136,3933,169.80283032,16.77302208
1136,3934,174.37784784,16.4592
1136,3935,178.95134136,16.46688096
1136,3936,183.5248044,16.32313728
1136,3937,187.83592608,14.28548832
1136,3938,191.48761296,11.93292
1136,3939,194.60818584,11.48193792
1136,3940,197.77944696,11.055096
1136,3941,201.0245916,12.41462592
1136,3942,204.33831624,11.50717536
1136,3943,207.87036912,15.24999744
1136,3944,212.74390776,18.30592224
1136,3945,217.8250152,18.33884064
1136,3946,222.97869552,19.61607456
1136,3947,228.91101792,22.2254064
1136,3948,235.07056872,22.0333824
1136,3949,240.95711016,19.64460384
1136,3950,245.94522312,16.77411936
1136,3951,250.52033208,16.45810272
1136,3952,255.19404384,17.81214624
1136,3953,260.41109208,19.12778496
1136,3954,265.59217392,17.53343712
1136,3955,270.20059752,16.28253792
1136,3956,274.71950136,16.33740192
1136,3957,279.28537488,16.46139456
1136,3958,283.52111952,12.89194272
1136,3959,286.6762872,10.9782864
1136,3960,289.48279416,8.28556128
1136,3961,291.4561608,6.858
1136,3962,293.36113032,6.858
1136,3963,295.2660084,6.858
1136,3964,297.17094744,6.858
1136,3965,299.1910704,8.71569504
1136,3966,302.06841288,10.97389728
1136,3967,305.1163824,10.9728
1136,3968,308.16447384,10.9728
1136,3969,311.22713472,11.82428928
1136,3970,315.22214832,16.33081824
1136,3971,319.79292912,16.47236736
1136,3972,325.13643888,23.26014144
1136,3973,332.0123916,24.98835744
1136,3974,339.29369784,27.81714528
1136,3975,347.0234868,26.98101792
1136,3976,354.3592608,26.44335072
1136,3977,361.696254,25.63355808
1136,3978,368.58863544,24.13906272
1136,3979,374.99501328,22.20126624
1136,3980,381.18275808,23.37425856
1136,3981,388.03947792,25.19025696
1136,3982,394.97221488,24.01726464
1136,3983,401.29364496,22.3461072
1136,3984,407.58377208,22.64017824
1136,3985,413.7356724,21.96096192
1136,3986,420.21184944,24.62406048
1136,3987,427.06445448,24.36619968
1136,3988,433.55733456,22.64017824
1136,3989,439.84868088,22.72357152
1136,3990,446.03889456,21.85672032
1136,3991,452.83989696,28.02343392
1136,3992,460.96927872,29.52890208
1136,3993,469.04937432,28.31969952
1136,3994,476.97899016,29.08999008
1136,3995,485.048052,28.86724224
1136,3996,492.6563172,26.36434656
1136,3997,498.2858208,27.35738496
1139,3918,23.4173268,29.9365416
1139,3919,30.62404848,27.94442976
1139,3920,38.50800528,28.98794304
1139,3921,46.41412104,28.62693792
1139,3922,55.69080048,38.40370272
1139,3923,66.53735232,37.95162336
1139,3924,76.27997952,32.67041472
1139,3925,84.79304352,28.20119328
1139,3926,92.2338516,25.66976832
1139,3927,99.47029128,26.92066752
1139,3928,106.68697992,25.2154944
1139,3929,113.69795904,25.30108224
1139,3930,120.78160248,26.48065824
1139,3931,128.6547084,28.86065856
1139,3932,136.2088716,24.60760128
1139,3933,142.47458424,21.83806656
1139,3934,148.36524048,20.62118304
1139,3935,154.07871648,20.6672688
1139,3936,160.17294864,23.31939456
1139,3937,166.71078672,23.564088
1139,3938,173.2602072,23.16687264
1139,3939,178.8011664,16.7938704
1139,3940,183.3731664,16.46139456
1139,3941,187.59272616,13.32975744
1139,3942,190.93702224,11.51705088
1139,3943,194.12263944,11.10776544
1139,3944,197.17012128,10.9728
1139,3945,200.21674968,11.15824032
1139,3946,203.94820272,15.96761856
1139,3947,208.58777688,17.82970272
1139,3948,213.64230576,17.02759104
1139,3949,218.17108512,17.00454816
1139,3950,223.64855448,21.7919808
1139,3951,229.736904,21.9456
1139,3952,235.83299544,21.94230816
1139,3953,241.91540136,21.88744416
1139,3954,248.00814,21.9456
1139,3955,254.10115296,21.84355296
1139,3956,260.11278432,21.51546624
1139,3957,266.05492128,20.86697376
1139,3958,271.23868536,16.56783072
1139,3959,275.45946432,12.88645632
1139,3960,278.44635192,8.50830912
1139,3961,280.03496952,3.07567584
1139,3962,280.47077256,1.39574016
1139,3963,280.89663912,1.536192
1139,3964,281.32759584,2.16603072
1139,3965,282.44618136,5.28998688
1139,3966,283.9161708,5.2888896
1139,3967,285.54813096,7.85213568
1139,3968,288.35610096,10.9673136
1139,3969,291.7274328,14.54664096
1139,3970,296.20467048,16.4592
1139,3971,300.77673144,16.4592
1139,3972,305.34885336,16.4592
1139,3973,309.91308096,16.36702848
1139,3974,314.47962504,17.04185568
1139,3975,319.8973536,22.4997264
1139,3976,327.39814632,30.861
1139,3977,335.97293232,29.53987488
1139,3978,343.75289136,28.04537952
1139,3979,352.03833072,31.08484512
1139,3980,360.73015992,31.40634816
1139,3981,369.4509756,30.89501568
1139,3982,377.69090832,28.92759264
1139,3983,385.73089224,28.98026208
1139,3984,393.74722368,28.05635232
1139,3985,401.08183944,25.41739392
1139,3986,408.14268384,25.4239776
1139,3987,415.19752368,25.13649024
1139,3988,422.00754816,24.13906272
1139,3989,428.70473568,23.72099904
1139,3990,434.62099512,19.21776192
1139,3991,440.71132584,25.703784
1139,3992,448.19876832,27.1631664
1139,3993,455.52841584,25.03773504
1139,3994,462.50766528,27.47698848
1139,3995,469.59310704,20.0857104
1139,3996,476.77099464,33.53726592
1139,3997,486.14079048,33.576768
1139,3998,494.66949072,27.18950112
1139,3999,499.3910256,25.5995424
1148,3919,20.2056492,31.1188608
1148,3920,25.20458256,29.63533824
1148,3921,32.88987072,27.30910464
1148,3922,40.82381472,29.12510304
1148,3923,48.81902352,29.41917408
1148,3924,57.32077944,31.07826144
1148,3925,66.13586976,32.3478144
1148,3926,75.13935696,32.4849744
1148,3927,84.1592424,32.69565216
1148,3928,93.53165952,33.55591968
1148,3929,102.11671728,27.7118064
1148,3930,109.33590528,26.47846368
1148,3931,116.81999496,25.90019712
1148,3932,123.7219776,23.85267264
1148,3933,129.71102328,19.2682368
1148,3934,134.73107928,17.20205856
1148,3935,139.53427008,17.56525824
1148,3936,144.2537628,16.92773856
1148,3937,149.2799148,20.0637648
1148,3938,155.26746696,21.9456
1148,3939,161.36078472,21.90061152
1148,3940,167.40213408,21.03046848
1148,3941,172.80565896,17.6497488
1148,3942,177.42877392,16.46578368
1148,3943,181.98208968,15.5868624
1148,3944,185.58549624,11.0221776
1148,3945,188.63514216,10.99035648
1148,3946,191.68326408,11.0057184
1148,3947,195.17572344,15.0546816
1148,3948,199.84010832,18.90174528
1148,3949,206.01773376,25.05309696
1148,3950,213.16535472,25.59844512
1148,3951,219.73705608,19.77518016
1148,3952,224.48355408,16.38458496
1148,3953,229.0514088,16.4592
1148,3954,233.61920256,16.05101184
1148,3955,237.54453888,13.05653472
1148,3956,241.68680136,16.37361216
1148,3957,246.25697256,16.45151904
1148,3958,251.16772728,20.48841216
1148,3959,257.51421192,23.67491328
1148,3960,264.02815368,21.83258016
1148,3961,268.83545928,12.75478272
1148,3962,271.33597752,5.28669504
1148,3963,271.909032,0.05925312
1148,3964,271.909032,0
1148,3965,271.909032,0
1148,3966,271.909032,0
1148,3967,272.21090592,3.32805024
1148,3968,273.5743068,5.2559712
1148,3969,275.13043272,7.5492864
1148,3970,278.38636728,14.4072864
1148,3971,283.07498376,20.39514336
1148,3972,289.11624168,21.95328096
1148,3973,294.9796488,19.35711648
1148,3974,300.04127952,17.97454368
1148,3975,304.883058,16.75327104
1148,3976,310.00485624,20.97560448
1148,3977,316.22021592,24.40570176
1148,3978,324.015354,31.87378944
1148,3979,333.3865824,33.7907376
1148,3980,342.59699832,32.94473472
1148,3981,351.93844776,34.2406224
1148,3982,361.20909216,31.0749696
1148,3983,369.18628728,28.5457392
1148,3984,377.42112984,29.95793856
1148,3985,385.55453496,28.52598816
1148,3986,393.46741728,28.5347664
1148,3987,401.13548424,25.6708656
1148,3988,407.9142972,24.1456464
1148,3989,414.3490824,21.13251552
1148,3990,419.84395584,19.47233088
1148,3991,425.4137796,21.26418912
1148,3992,431.53986336,22.22101728
1148,3993,437.7807348,24.01068096
1148,3994,445.42109544,29.4948864
1148,3995,453.54563088,28.90564704
1148,3996,461.4579036,29.78127648
1148,3997,469.67034336,29.1163248
1148,3998,478.82970528,33.275016
1148,3999,487.01419488,27.29703456
1148,4000,493.92715032,23.06702016
1148,4001,498.54630288,20.24920512
1162,3924,18.90314736,40.1385024
1162,3925,27.25792872,40.05181728
1162,3926,38.09570232,36.00065952
1162,3927,47.38301928,33.5657952
1162,3928,57.00412272,36.0237024
1162,3929,67.4485824,38.16669024
1162,3930,77.81702496,34.54347168
1162,3931,86.49620496,29.89868544
1162,3932,94.50732432,25.60832064
1162,3933,100.61832048,20.54547072
1162,3934,106.42497384,22.64676192
1162,3935,113.42226744,25.70488128
1162,3936,119.89176936,20.59704288
1162,3937,125.39148912,20.92403232
1162,3938,131.53915272,21.9675456
1162,3939,136.89960936,17.94820896
1162,3940,142.26073656,20.35893312
1162,3941,147.69519864,17.7100992
1162,3942,152.90362104,20.67385248
1162,3943,158.63032536,19.60949088
1162,3944,163.65964728,17.2766736
1162,3945,168.73728,18.89186976
1162,3946,173.75578152,17.0023536
1162,3947,178.34317392,16.46578368
1162,3948,182.90319528,15.8776416
1162,3949,186.834018,13.26501792
1162,3950,190.94997624,16.41860064
1162,3951,195.89712408,18.37285632
1162,3952,200.866248,17.79678432
1162,3953,205.72869192,17.25582528
1162,3954,210.78221496,19.2353184
1162,3955,216.15513792,19.21447008
1162,3956,221.14815816,16.62269472
1162,3957,225.69946224,16.41860064
1162,3958,230.2709136,16.4592
1162,3959,234.84270024,16.4592
1162,3960,239.40982344,16.40104416
1162,3961,243.9704544,16.4592
1162,3962,248.5424544,16.4592
1162,3963,253.11509448,16.41860064
1162,3964,257.21407536,10.7204256
1162,3965,259.0719228,5.07711456
1162,3966,260.48293344,5.0804064
1162,3967,261.89385264,5.0804064
1162,3968,263.30464992,5.0804064
1162,3969,264.71569104,5.07930912
1162,3970,266.12901816,5.23512288
1162,3971,267.80480856,7.95089088
1162,3972,270.64194792,12.15127872
1162,3973,274.71559992,16.35825024
1162,3974,279.28909344,16.61501376
1162,3975,284.15793816,18.32018688
1162,3976,289.230054,18.25544736
1162,3977,294.32789496,18.36627264
1162,3978,299.70959616,21.96096192
1162,3979,306.43711128,24.87643488
1162,3980,313.3302852,24.82705728
1162,3981,320.31813,26.85263616
1162,3982,329.03193528,34.56541728
1162,3983,338.48762376,33.13017504
1162,3984,347.59550496,32.62652352
1162,3985,356.62547928,32.53544928
1162,3986,365.6537772,31.79039616
1162,3987,374.077992,28.80140544
1162,3988,382.01013768,30.31016544
1162,3989,390.94480104,32.63639904
1162,3990,399.54708,28.81018368
1162,3991,407.21270856,26.73303264
1162,3992,414.63260736,26.9162784
1162,3993,422.06094912,25.96274208
1162,3994,428.9493072,24.24330432
1162,3995,435.6840156,24.23781792
1162,3996,442.42280832,24.43313376
1162,3997,449.2648368,25.03883232
1162,3998,456.2151912,24.87862944
1162,3999,462.9780936,23.45436
1162,4000,469.98678672,28.13864832
1162,4001,478.14277752,29.58376608
1162,4002,486.42282192,29.91295008
1162,4003,494.67589152,29.62217088
1162,4004,500.432451,29.5826688
1172,3927,21.619083,30.9323232
1172,3928,27.82062,30.81271968
1172,3929,37.35708048,36.74461536
1172,3930,47.5698312,36.77095008
1172,3931,57.65922936,34.7947488
1172,3932,66.83971392,32.3917056
1172,3933,75.84301824,32.49265536
1172,3934,84.92334552,33.49118016
1172,3935,94.02741672,30.51316224
1172,3936,101.6255016,24.36400512
1172,3937,108.18668736,23.73526368
1172,3938,114.94270128,23.6134656
1172,3939,120.607836,18.6098688
1172,3940,126.59099904,22.86950976
1172,3941,132.2562252,18.90503712
1172,3942,137.35199352,18.09524448
1172,3943,142.62067488,20.1680064
1172,3944,147.96796416,18.78104448
1172,3945,153.45543096,19.2956688
1172,3946,158.70789696,18.84688128
1172,3947,163.59615744,17.08574688
1172,3948,168.421812,16.84105344
1172,3949,172.87954248,15.65599104
1172,3950,177.22224144,15.69549312
1172,3951,181.77458184,17.14829184
1172,3952,186.57536472,17.33482944
1172,3953,191.51794056,18.2916576
1172,3954,196.62279192,18.39699648
1172,3955,201.79305336,18.85346496
1172,3956,207.04564128,18.97416576
1172,3957,212.486748,20.24152416
1172,3958,218.1360636,20.21409216
1172,3959,223.2722484,16.63586208
1172,3960,227.8344948,16.4262816
1172,3961,232.11806256,14.23281888
1172,3962,236.00502456,14.0671296
1172,3963,240.19410432,16.20353376
1172,3964,244.75878912,16.3165536
1172,3965,248.7782172,12.4321824
1172,3966,252.12998088,11.64104352
1172,3967,254.23206456,3.11737248
1172,3968,254.86053168,2.1451824
1172,3969,255.58808928,3.63528864
1172,3970,256.8702,4.89716064
1172,3971,258.23107104,6.17329728
1172,3972,260.51710152,9.21276288
1172,3973,263.0745564,9.20727648
1172,3974,265.66575264,10.02036096
1172,3975,269.07494064,14.8077936
1172,3976,273.51865032,16.31545632
1172,3977,278.18861304,17.79897888
1172,3978,283.2972744,18.5111136
1172,3979,288.44056104,18.51440544
1172,3980,293.54239488,18.00746208
1172,3981,298.57116816,19.61278272
1172,3982,304.50992184,21.96315648
1172,3983,310.9286136,24.68002176
1172,3984,317.9321556,25.21110528
1172,3985,325.26256512,28.51391808
1172,3986,333.45933816,29.58596064
1172,3987,341.16254856,25.21110528
1172,3988,348.02143248,25.22975904
1172,3989,355.16832192,26.08563744
1172,3990,362.39726352,26.18768448
1172,3991,369.90418272,27.432
1172,3992,377.523756,27.47369664
1172,3993,385.3156632,28.70923392
1172,3994,393.30450168,28.43930304
1172,3995,400.89417408,25.91555904
1172,3996,407.9578836,24.86875392
1172,3997,414.58076088,23.53555872
1172,3998,421.1234148,23.63870304
1172,3999,427.77168192,24.2663472
1172,4000,434.53302984,24.33328128
1172,4001,441.52956144,27.26521344
1172,4002,449.44591848,26.51247936
1172,4003,456.4125492,25.96822848
1172,4004,463.6216788,26.24803488
1172,4005,471.78623448,32.13494208
1172,4006,480.7301028,30.74139648
1172,4007,488.67822,27.5581872
1172,4008,496.29261168,27.5088096
1172,4009,500.3066448,27.6295104
1181,3932,22.9201762285714,27.6138349714286
1181,3933,29.30828784,26.4554208
1181,3934,36.78247152,26.81313408
1181,3935,44.42283216,29.5497504
1181,3936,53.62593288,36.18500256
1181,3937,63.78644088,36.59867712
1181,3938,73.95688536,36.52735392
1181,3939,83.14892184,28.50404256
1181,3940,90.66586896,26.80764768
1181,3941,98.109024,26.84385792
1181,3942,105.33022368,24.84571104
1181,3943,112.14280848,24.50994336
1181,3944,118.97627208,24.66465984
1181,3945,126.25605432,28.13206464
1181,3946,134.0877684,27.13463712
1181,3947,141.2927832,25.3691136
1181,3948,148.11783432,23.43131712
1181,3949,154.35306696,21.8413584
1181,3950,160.21787616,20.37539232
1181,3951,165.84536808,20.14935264
1181,3952,171.02279232,16.93980864
1181,3953,175.64703504,16.64683488
1181,3954,180.27255792,16.59965184
1181,3955,184.70014368,15.21488448
1181,3956,188.89528896,15.03383328
1181,3957,193.14532872,16.00602336
1181,3958,197.70443568,16.4592
1181,3959,202.2729,16.43067072
1181,3960,206.86032288,17.04295296
1181,3961,211.90165392,18.81067104
1181,3962,217.1163552,18.38821824
1181,3963,221.90762832,16.39555776
1181,3964,226.46170608,16.45481088
1181,3965,231.033828,16.4592
1181,3966,235.605828,16.4592
1181,3967,240.12073896,15.03493056
1181,3968,243.58735128,10.50316416
1181,3969,245.8027596,5.67952128
1181,3970,247.325388,5.4864
1181,3971,248.849388,5.4864
1181,3972,250.373388,5.4864
1181,3973,251.89711368,5.4864
1181,3974,253.41943728,5.5357776
1181,3975,255.49192488,10.17507744
1181,3976,259.1408076,15.6526992
1181,3977,263.60472552,16.04662272
1181,3978,268.08763248,16.18926912
1181,3979,272.7671964,18.818352
1181,3980,278.6030496,21.95328096
1181,3981,284.6211732,20.44671552
1181,3982,289.88287464,19.09706112
1181,3983,295.67075232,21.9071952
1181,3984,301.76812392,21.9456
1181,3985,307.86360576,21.90280608
1181,3986,313.95110184,22.44925152
1181,3987,320.62271664,25.77839904
1181,3988,328.25685936,28.51062624
1181,3989,336.11429856,27.80726976
1181,3990,343.7360664,27.20376576
1181,3991,351.0715356,25.66318464
1181,3992,358.02731544,23.4872784
1181,3993,364.19098104,21.91377888
1181,3994,370.2871944,21.9456
1181,3995,376.41029112,22.63908096
1181,3996,383.47796304,28.51501536
1181,3997,391.61847,29.04280704
1181,3998,399.53872848,28.24618176
1181,3999,407.30552016,27.63938592
1181,4000,414.97447104,27.63280224
1181,4001,422.64698808,27.60427296
1181,4002,430.25653344,26.55088416
1181,4003,437.45843928,26.11416672
1181,4004,444.92238168,27.3003264
1181,4005,452.3257908,26.97992064
1181,4006,460.11660072,28.5676848
1181,4007,468.24226392,30.78748224
1181,4008,477.01623672,30.50218944
1181,4009,485.21099808,29.2534848
1181,4010,493.33818528,29.26006848
1181,4011,498.958362,28.584144
1189,3934,23.5085466666667,31.7991744
1189,3935,32.05487112,33.25197312
1189,3936,41.53597992,33.45826176
1189,3937,51.11459424,37.63450944
1189,3938,62.02137456,39.41210304
1189,3939,72.0507576,31.50729792
1189,3940,80.04236976,27.61963488
1189,3941,87.79431768,27.3003264
1189,3942,94.98494592,26.38300032
1189,3943,102.57507552,26.10538848
1189,3944,109.45422864,25.06297248
1189,3945,116.49757752,24.43971744
1189,3946,123.2498424,24.94336896
1189,3947,129.95282112,23.07470112
1189,3948,136.28741856,22.5875088
1189,3949,142.58190432,22.47448896
1189,3950,148.6383108,21.3750144
1189,3951,154.61549976,20.85709824
1189,3952,159.75942648,16.72474176
1189,3953,164.32551336,16.40872512
1189,3954,168.8933376,16.4592
1189,3955,173.4653376,16.4592
1189,3956,178.04261064,16.74120096
1189,3957,182.81922288,17.32166208
1189,3958,187.84375944,19.49208192
1189,3959,193.65702696,21.36733344
1189,3960,198.83027544,16.1135568
1189,3961,203.2423164,15.83265312
1189,3962,207.45904152,14.43910752
1189,3963,211.43445648,14.30962848
1189,3964,215.39953872,14.25037536
1189,3965,219.36824808,14.3140176
1189,3966,223.45656096,15.63843456
1189,3967,227.90959752,15.90617088
1189,3968,232.27732056,15.03931968
1189,3969,235.83546432,11.0221776
1189,3970,238.72609608,8.50611456
1189,3971,240.47263056,5.42714688
1189,3972,241.9904736,5.4864
1189,3973,243.5144736,5.4864
1189,3974,245.0384736,5.4864
1189,3975,246.56219928,5.4864
1189,3976,248.08452288,5.5357776
1189,3977,250.16331984,10.09826784
1189,3978,253.62252552,15.06455712
1189,3979,258.2495724,18.12048192
1189,3980,263.60996808,19.73787264
1189,3981,269.35910568,21.54619008
1189,3982,275.4023448,21.94998912
1189,3983,281.4983448,21.9456
1189,3984,287.5943448,21.9456
1189,3985,293.69046672,21.9456
1189,3986,299.78655816,21.9456
1189,3987,305.88261912,21.9456
1189,3988,311.9606664,21.85013664
1189,3989,318.43864176,25.68951936
1189,3990,325.8785964,26.94480768
1189,3991,333.36292992,26.95358592
1189,3992,340.65051504,24.76231776
1189,3993,347.47495656,25.2209808
1189,3994,354.46389864,24.63283872
1189,3995,361.07988744,23.42034432
1189,3996,367.69477896,24.1456464
1189,3997,374.43015792,25.5172464
1189,3998,382.15924584,28.97806752
1189,3999,390.21703008,28.99891584
1189,4000,398.26176888,28.80798912
1189,4001,405.96885024,26.67158496
1189,4002,413.60759544,28.50404256
1189,4003,421.51739928,28.1397456
1189,4004,429.04748328,26.34679008
1189,4005,436.34457816,25.59515328
1189,4006,443.05154976,24.17417568
1189,4007,450.46654128,28.38004992
1189,4008,458.32504728,27.5252688
1189,4009,466.19126472,30.71725632
1189,4010,475.01592576,31.7168784
1189,4011,483.37198728,28.29117024
1189,4012,491.14719144,27.9367488
1189,4013,497.8508712,25.0413012
1192,3936,23.58079104,31.85513568
1192,3937,32.61987888,32.89206528
1192,3938,41.41780896,29.7746928
1192,3939,49.66938504,33.05775456
1192,3940,60.43150728,41.49254592
1192,3941,70.9568304,33.0775056
1192,3942,79.48723752,28.90016064
1192,3943,87.46379256,28.9352736
1192,3944,95.07586776,26.50589568
1192,3945,102.49927176,26.252424
1192,3946,109.71324768,26.89652736
1192,3947,117.29292264,27.00296352
1192,3948,124.6628952,26.02857888
1192,3949,131.85593136,26.04832992
1192,3950,138.7958616,22.8179376
1192,3951,144.86165592,20.9141568
1192,3952,150.11634696,17.69473728
1192,3953,154.8844248,16.29680256
1192,3954,159.18186096,14.84180928
1192,3955,163.2892848,14.76499968
1192,3956,167.39740968,14.85826848
1192,3957,171.59545056,15.3454608
1192,3958,175.8631992,15.36411456
1192,3959,180.13722672,15.84691776
1192,3960,185.74719264,23.61017376
1192,3961,191.11816488,15.57369504
1192,3962,195.57086616,16.46249184
1192,3963,200.127108,16.02796896
1192,3964,204.36925344,13.8421872
1192,3965,208.12819944,15.471648
1192,3966,212.89039464,17.55757728
1192,3967,217.74171336,17.10988704
1192,3968,222.36086592,16.38568224
1192,3969,226.6863132,13.43838816
1192,3970,229.89162048,10.9234224
1192,3971,232.38430536,6.3587376
1192,3972,233.9285136,5.4864
1192,3973,235.4525136,5.4864
1192,3974,236.9765136,5.4864
1192,3975,238.5005136,5.4864
1192,3976,240.02003304,5.431536
1192,3977,241.53839424,5.95384128
1192,3978,243.89346192,10.90806048
1192,3979,247.50717072,15.70097952
1192,3980,252.69684792,20.3764896
1192,3981,258.1736772,20.10655872
1192,3982,263.98831632,21.1829904
1192,3983,269.965932,21.65372352
1192,3984,276.01014648,21.9510864
1192,3985,282.1055064,21.76015968
1192,3986,287.86610448,19.81907136
1192,3987,293.35381512,20.1131424
1192,3988,299.50647744,23.9975136
1192,3989,306.21482064,24.40460448
1192,3990,313.40758248,27.28715904
1192,3991,320.89200744,26.15696064
1192,3992,328.0618788,25.68074112
1192,3993,335.36811768,27.2070576
1192,3994,342.97470648,27.29374272
1192,3995,350.33995464,25.63136352
1192,3996,357.49101984,26.18439264
1192,3997,364.63281912,25.20013248
1192,3998,371.78080584,26.20633824
1192,3999,378.88959528,25.85081952
1192,4000,386.60874672,28.80030816
1192,4001,394.56795864,28.15839936
1192,4002,402.34051104,27.08964864
1192,4003,409.55851032,25.99346592
1192,4004,416.6925372,25.67525472
1192,4005,423.89380296,25.74986976
1192,4006,430.98274992,25.55345664
1192,4007,438.13515624,26.03516256
1192,4008,445.41021408,26.60684544
1192,4009,452.99488776,27.43309728
1192,4010,460.3533084,25.6818384
1192,4011,467.93679336,29.82077856
1192,4012,476.59902648,31.37781888
1192,4013,484.85624136,27.16645824
1192,4014,491.70957792,22.37573376
1192,4015,497.14675272,17.25911712
1192,4016,499.8512736,17.3041056
1199,3937,20.319873,31.2066432
1199,3938,26.10941184,28.72898496
1199,3939,34.02942648,29.90856096
1199,3940,42.59561712,31.00584096
1199,3941,51.1768344,30.32991648
1199,3942,59.36598744,29.07792
1199,3943,67.36875528,28.54464192
1199,3944,75.78803232,32.18431968
1199,3945,84.56154792,28.86065856
1199,3946,91.44905256,22.67968032
1199,3947,97.90179048,25.84313856
1199,3948,105.98237376,30.00182976
1199,3949,114.0273564,27.90712224
1199,3950,121.37849232,25.3087632
1199,3951,128.16849144,22.68406944
1199,3952,133.72511736,17.79897888
1199,3953,139.12096128,21.88415232
1199,3954,145.3531764,22.28685408
1199,3955,151.22435592,20.15483904
1199,3956,156.39742152,16.91127936
1199,3957,160.981644,16.431768
1199,3958,165.7389624,17.529048
1199,3959,170.4164232,16.4592
1199,3960,174.98756976,16.4207952
1199,3961,179.57194464,16.67426688
1199,3962,184.22090664,16.69182336
1199,3963,188.70009504,15.49030176
1199,3964,192.96851424,15.41239488
1199,3965,197.44279536,16.87506912
1199,3966,202.14287232,16.02138528
1199,3967,205.55096304,11.4501168
1199,3968,209.61345936,15.6801312
1199,3969,213.963504,15.62416992
1199,3970,218.31019584,15.68781216
1199,3971,222.05880912,9.14912064
1199,3972,223.80287472,5.6071008
1199,3973,225.37549032,5.6729376
1199,3974,226.95027,5.6729376
1199,3975,228.52504968,5.6729376
1199,3976,230.09995128,5.66525664
1199,3977,231.92853792,8.50172544
1199,3978,234.63696024,10.01597184
1199,3979,237.4181688,10.01048544
1199,3980,240.19294608,9.95013504
1199,3981,243.52017336,15.99175872
1199,3982,248.6814432,19.2024
1199,3983,254.01419352,19.13436864
1199,3984,259.5106824,21.25102176
1199,3985,265.69931112,22.55788224
1199,3986,271.86114792,21.726144
1199,3987,278.06788176,23.04397728
1199,3988,284.46904752,23.04288
1199,3989,290.90837424,24.07871232
1199,3990,297.94285344,25.66867104
1199,3991,304.9997964,25.17050592
1199,3992,311.93244192,24.8972832
1199,3993,319.060068,27.0095472
1199,3994,326.99169552,29.55084768
1199,3995,335.04893112,27.97625088
1199,3996,342.67679496,27.2619216
1199,3997,349.94008752,24.90935328
1199,3998,356.78967504,24.16539744
1199,3999,363.12396768,21.91158432
1199,4000,369.2178036,21.9456
1199,4001,375.313956,21.9456
1199,4002,381.519684,23.72209632
1199,4003,388.5601068,25.95835296
1199,4004,395.7849336,26.43457248
1199,4005,403.29965568,27.3990816
1199,4006,410.84946024,27.20596032
1199,4007,418.45403736,26.87128992
1199,4008,426.0178932,27.98173728
1199,4009,433.96247472,29.46525984
1199,4010,442.22660856,29.55084768
1199,4011,450.14695848,29.48501088
1199,4012,459.07455048,32.27429664
1199,4013,467.16811824,26.65951488
1199,4014,474.35243712,25.1222256
1199,4015,481.33159512,25.12661472
1199,4016,488.08419528,21.01071744
1199,4017,492.2521524,10.177272
1199,4018,494.11213344,4.23220896
1199,4019,495.21410736,3.99300192
1199,4020,496.26246696,3.0394656
1199,4021,496.79022816,0.70116192
1199,4022,496.8160752,0
1199,4023,496.8160752,0
1199,4024,496.8160752,0
1199,4025,496.8160752,0
1199,4026,497.50166184,5.94286848
1199,4027,499.21466832,10.0840032
1208,3939,21.1617306,22.658832
1208,3940,25.72734504,21.95437824
1208,3941,33.40327584,34.2186768
1208,3942,42.81702384,30.24323136
1208,3943,50.8799592,28.8913824
1208,3944,58.90071024,28.40089824
1208,3945,66.4291788,27.02052
1208,3946,74.19664104,28.1836368
1208,3947,82.03759056,28.1836368
1208,3948,89.85296736,28.12438368
1208,3949,97.391982,25.6653792
1208,3950,104.3609292,25.02237312
1208,3951,111.31801968,25.0509024
1208,3952,118.30043904,25.17050592
1208,3953,125.25899256,24.75134496
1208,3954,132.1708812,25.1386848
1208,3955,138.5119404,20.19873024
1208,3956,144.00227232,19.5151248
1208,3957,148.6625424,13.633704
1208,3958,152.33010936,15.15453408
1208,3959,158.017464,22.01472864
1208,3960,163.11164736,16.54478784
1208,3961,167.6741376,16.4592
1208,3962,172.2461376,16.4592
1208,3963,176.81835096,16.4646864
1208,3964,181.39260648,16.46139456
1208,3965,185.9251044,16.13769696
1208,3966,190.39874544,16.10587584
1208,3967,194.86924704,16.09051392
1208,3968,199.42052064,16.52284224
1208,3969,203.89693536,15.89629536
1208,3970,207.81544416,10.73798208
1208,3971,210.25878192,8.41284576
1208,3972,212.59537872,8.41504032
1208,3973,214.92481272,8.34700896
1208,3974,217.25080248,8.41394304
1208,3975,219.58730784,8.41394304
1208,3976,221.92387416,8.39748384
1208,3977,224.14162944,7.04234304
1208,3978,225.8820984,6.03504
1208,3979,227.55855936,6.03504
1208,3980,229.28083176,6.64073856
1208,3981,232.29789456,16.2616896
1208,3982,236.37371064,13.60407744
1208,3983,241.46298672,21.1336128
1208,3984,247.42335072,21.82928832
1208,3985,253.51986888,22.07507904
1208,3986,259.92271104,23.96020608
1208,3987,266.61614952,24.14125728
1208,3988,273.29050752,23.67271872
1208,3989,279.4738632,20.64422592
1208,3990,285.41575632,23.34902112
1208,3991,292.54469304,27.26960256
1208,3992,299.9120748,25.60941792
1208,3993,307.18134144,27.08745408
1208,3994,314.77241592,27.38920608
1208,3995,322.47507768,28.7871408
1208,3996,330.79797696,29.97878688
1208,3997,338.72094816,27.4100544
1208,3998,346.25435448,26.33472
1208,3999,353.31708864,24.82815456
1208,4000,359.791254,21.89402784
1208,4001,365.861346,21.9456
1208,4002,371.9866068,22.45254336
1208,4003,378.2058984,22.08276
1208,4004,384.70075968,24.90057504
1208,4005,391.69210968,25.01359488
1208,4006,398.80598928,27.95979168
1208,4007,407.15787504,30.56144256
1208,4008,415.71004488,30.47475744
1208,4009,424.12929144,31.12654176
1208,4010,432.90701328,31.47218496
1208,4011,441.01319976,26.3018016
1208,4012,448.13332776,26.77582656
1208,4013,455.95284984,28.37127168
1208,4014,464.14895232,32.45534784
1208,4015,473.32196928,30.5702208
1208,4016,480.25973544,18.1270656
1208,4017,484.23710112,13.06531296
1208,4018,487.70609088,9.84589344
1208,4019,489.14886168,1.98497952
1208,4020,489.4373244,0.75053952
1208,4021,489.72944472,0.99194112
1208,4022,490.00778808,1.2289536
1208,4023,490.35410184,1.21029984
1208,4024,490.58084256,0.6199632
1208,4025,490.82760864,0.55083456
1208,4026,490.8599784,0
1208,4027,491.22171504,4.10272992
1208,4028,493.7613696,13.4855712
1208,4029,497.738467733333,17.3528736
1212,3941,19.2734946,29.3741856
1212,3942,24.99110064,29.35662912
1212,3943,33.07290312,27.89724672
1212,3944,40.33043496,25.75096704
1212,3945,47.85936072,27.99051552
1212,3946,55.87703328,31.14958464
1212,3947,65.08543752,33.7468464
1212,3948,74.05628064,28.95941376
1212,3949,80.57915304,22.33842624
1212,3950,87.4847628,24.35083776
1212,3951,94.23733248,24.86546208
1212,3952,101.11608936,23.84169984
1212,3953,107.17097184,21.52095264
1212,3954,113.70850512,24.60430944
1212,3955,120.5477904,24.56371008
1212,3956,127.30279848,23.55421248
1212,3957,133.17589824,18.9884304
1212,3958,138.32153184,18.40248288
1212,3959,143.33610144,18.06342336
1212,3960,148.99794432,22.11458112
1212,3961,154.812492,19.70605152
1212,3962,159.91109496,16.86738816
1212,3963,164.47837056,16.41091968
1212,3964,169.0463472,16.4592
1212,3965,173.61828624,16.4592
1212,3966,178.19113968,16.46797824
1212,3967,182.68227624,15.6526992
1212,3968,186.96151584,15.37947648
1212,3969,191.24291952,15.48152352
1212,3970,195.55794264,15.54736032
1212,3971,199.87592232,15.53967936
1212,3972,203.83938912,12.097512
1212,3973,206.91924072,10.95195168
1212,3974,209.60733288,7.95418272
1212,3975,211.6049616,6.74498016
1212,3976,213.42571488,6.51455136
1212,3977,215.2256808,6.48711936
1212,3978,217.03768632,6.528816
1212,3979,218.8511244,6.528816
1212,3980,220.66456248,6.528816
1212,3981,222.4753488,6.47724384
1212,3982,224.79667512,11.48522976
1212,3983,228.38947464,13.16406816
1212,3984,232.4356032,17.4138336
1212,3985,237.89009064,20.32820928
1212,3986,243.51831408,20.62557216
1212,3987,249.78189312,24.28170912
1212,3988,256.54592328,24.09297696
1212,3989,263.2051632,23.84499168
1212,3990,269.62068504,22.21114176
1212,3991,275.75417544,22.68845856
1212,3992,282.2385516,23.59261728
1212,3993,288.89867544,25.32302784
1212,3994,296.35966128,27.43309728
1212,3995,303.9797832,27.432
1212,3996,311.58509184,27.34312032
1212,3997,319.27742088,28.78055712
1212,3998,327.61034808,30.45720096
1212,3999,336.06909672,30.20043744
1212,4000,344.04379248,27.30800736
1212,4001,351.51687888,26.65402848
1212,4002,358.95445608,26.54649504
1212,4003,366.15758112,26.28973152
1212,4004,373.5665376,26.35995744
1212,4005,380.67590616,25.44921504
1212,4006,387.9995796,26.72315712
1212,4007,395.41426632,26.6803632
1212,4008,402.53134632,23.61456288
1212,4009,409.08948408,25.0070112
1212,4010,416.51090688,27.52087968
1212,4011,424.45679904,30.29919264
1212,4012,432.91085376,30.10716864
1212,4013,440.97485592,28.2385008
1212,4014,448.79200056,27.20815488
1212,4015,455.9692176,27.11049696
1212,4016,464.39227416,31.75089408
1212,4017,472.86376344,25.65769824
1212,4018,477.91198296,14.26464
1212,4019,481.61926536,9.7548192
1212,4020,482.79155664,1.36501632
1212,4021,483.15216552,0.92500704
1212,4022,483.33830688,0.62874144
1212,4023,483.47952072,0.3621024
1212,4024,483.58123248,0.3621024
1212,4025,483.68273088,0.3621024
1212,4026,483.78441216,0.3621024
1212,4027,483.88591056,0.3621024
1212,4028,484.2051276,3.33243936
1212,4029,485.768142,7.02039744
1212,4030,489.07269216,16.50748032
1212,4031,493.58601816,17.23387968
1212,4032,498.4187136,19.7249796
1222,3944,24.5703005333333,33.7681824
1222,3945,33.07695696,30.71506176
1222,3946,40.97554416,26.7846048
1222,3947,48.45015456,26.94590496
1222,3948,56.29939464,29.95354944
1222,3949,64.7286996,30.3617376
1222,3950,73.14398376,29.47184352
1222,3951,80.10835896,21.479256
1222,3952,86.11276656,21.7426032
1222,3953,92.61415056,25.99346592
1222,3954,100.06056696,26.71767072
1222,3955,107.36677536,25.49749536
1222,3956,114.48876264,25.703784
1222,3957,121.31174112,23.85047808
1222,3958,127.73719944,21.65591808
1222,3959,133.51568928,19.16180064
1222,3960,138.1748316,15.9050736
1222,3961,142.59296856,15.68671488
1222,3962,146.588226,13.222224
1222,3963,150.24085776,13.20466752
1222,3964,154.27961016,16.13221056
1222,3965,158.84853168,16.45590816
1222,3966,163.38496152,15.91056
1222,3967,167.7195528,15.45738336
1222,3968,171.8655948,14.66404992
1222,3969,176.10213192,15.92263008
1222,3970,180.63106368,16.46249184
1222,3971,185.19010968,16.01699616
1222,3972,189.17031,13.62163392
1222,3973,193.43726616,16.46907552
1222,3974,198.01085112,16.26607872
1222,3975,201.88809,11.41610112
1222,3976,204.600048,7.40334816
1222,3977,206.18811696,4.3946064
1222,3978,206.89177824,1.63055808
1222,3979,207.90572592,5.43482784
1222,3980,209.43134136,5.48530272
1222,3981,211.06452072,7.00723008
1222,3982,213.44226552,9.38393856
1222,3983,216.04790928,9.381744
1222,3984,218.65474176,9.56937888
1222,3985,221.53019448,11.23175808
1222,3986,225.25533816,15.84143136
1222,3987,229.81435368,16.45151904
1222,3988,234.70947216,20.03304096
1222,3989,240.75185784,23.262336
1222,3990,247.93462224,27.43419456
1222,3991,255.49597872,26.69901696
1222,3992,262.81163592,26.0823456
1222,3993,269.5145232,21.98619936
1222,3994,275.55645168,22.32635616
1222,3995,282.36190416,26.75058912
1222,3996,289.93621464,26.8998192
1222,3997,297.1371756,25.34058432
1222,3998,304.18281048,25.67306016
1222,3999,311.5796664,27.32885568
1222,4000,319.19119296,27.64158048
1222,4001,327.02095632,27.41334624
1222,4002,334.17016224,25.17270048
1222,4003,341.15642208,25.09040448
1222,4004,348.13359888,25.32631968
1222,4005,355.41435648,27.00296352
1222,4006,362.90030544,26.92395936
1222,4007,370.4107908,27.18950112
1222,4008,378.7237536,34.42606272
1222,4009,387.23075208,24.5132352
1222,4010,394.0056636,25.4075184
1222,4011,401.34536952,26.88445728
1222,4012,408.8125428,27.01942272
1222,4013,416.42312448,27.4649184
1222,4014,424.0746408,27.97405632
1222,4015,432.03443184,28.53805824
1222,4016,439.83133776,27.85664736
1222,4017,447.53415192,27.75679488
1222,4018,455.1186732,27.624024
1222,4019,462.88570872,26.53113312
1222,4020,468.49808256,12.64724928
1222,4021,471.21979416,9.20947104
1222,4022,473.77798056,9.20837376
1222,4023,476.33634984,9.21495744
1222,4024,478.34147664,3.24465696
1222,4025,478.56108504,0.26554176
1222,4026,478.63502952,0.20519136
1222,4027,478.6570056,0
1222,4028,478.6570056,0
1222,4029,478.6570056,0
1222,4030,478.77700536,2.52045216
1222,4031,480.88332576,10.66995072
1222,4032,483.94409688,12.838176
1222,4033,488.59741752,19.1859408
1222,4034,493.95607584,20.04511104
1222,4035,498.772942,23.198328
1226,3993,256.6998168,55.9832256
1226,3994,259.0644552,58.0570848
1234,3947,19.9006968,35.6616
1234,3948,25.63355808,32.50801728
1234,3949,33.97447104,30.0764448
1234,3950,42.48899808,30.7018944
1234,3951,50.91098784,27.48357216
1234,3952,56.52427608,19.20898368
1234,3953,63.95773848,30.80174688
1234,3954,72.60131784,31.13422272
1234,3955,81.24968256,30.23116128
1234,3956,88.3436892,21.30149664
1234,3957,94.11998448,20.73749472
1234,3958,99.92557104,21.95547552
1234,3959,107.25771792,30.5098704
1234,3960,114.45444216,17.28106272
1234,3961,119.12882448,20.66617152
1234,3962,125.12628264,21.34977696
1234,3963,130.62725208,18.736056
1234,3964,135.83192544,18.33225696
1234,3965,140.79044232,16.89043104
1234,3966,145.7562744,21.9291408
1234,3967,152.0493276,19.52390304
1234,3968,156.9526452,17.28216
1234,3969,161.72788584,16.9749216
1234,3970,166.40805936,16.85860992
1234,3971,171.09426792,16.86738816
1234,3972,175.78035456,16.87287456
1234,3973,180.33275592,15.36082272
1234,3974,184.41058368,14.54664096
1234,3975,188.22924,12.2511312
1234,3976,191.40976704,11.33709696
1234,3977,194.30241048,8.01672768
1234,3978,195.94857432,5.2998624
1234,3979,197.4217032,5.30095968
1234,3980,198.94817208,6.00651072
1234,3981,200.74155432,6.58258272
1234,3982,202.53277248,6.19743744
1234,3983,204.2153904,6.03504
1234,3984,205.90699992,6.281928
1234,3985,207.7129704,6.58368
1234,3986,209.5417704,6.58368
1234,3987,211.41229752,7.37481888
1234,3988,213.71061144,8.68058208
1234,3989,216.11938488,8.72776512
1234,3990,222.2295276,36.5558832
1234,3991,230.50887096,23.1580944
1234,3992,237.30030264,24.32889216
1234,3993,244.06643592,24.25098528
1234,3994,250.59781224,22.81903488
1234,3995,256.90314888,22.73783616
1234,3996,263.36841408,23.80987872
1234,3997,269.99284584,23.4049824
1234,3998,276.18799728,21.66469632
1234,3999,282.3656532,23.86803456
1234,4000,289.64958072,27.43419456
1234,4001,297.269916,27.432
1234,4002,304.89009888,27.432
1234,4003,312.49196328,27.19937664
1234,4004,319.89851184,26.2140192
1234,4005,327.52265712,28.7926272
1234,4006,335.24446032,24.98287104
1234,4007,341.87840184,25.38118368
1234,4008,349.22045472,26.59367808
1234,4009,356.36353416,24.49238688
1234,4010,363.0393552,24.02714016
1234,4011,369.7419072,24.12479808
1234,4012,376.21994352,22.25722752
1234,4013,382.5515844,24.52530528
1234,4014,389.69283504,25.95506112
1234,4015,396.73024032,23.99970816
1234,4016,403.10671728,23.39620416
1234,4017,410.41255992,28.50952896
1234,4018,418.32029112,27.69315264
1234,4019,425.5414908,25.31863872
1234,4020,432.82432104,27.34312032
1234,4021,440.83114272,29.75603904
1234,4022,448.81452528,25.6598928
1234,4023,455.25497976,22.5600768
1234,4024,460.46507856,13.61943936
1234,4025,463.7109852,10.15422912
1234,4026,465.70626696,4.65685632
1234,4027,466.721952,3.37084416
1234,4028,467.43573264,2.64334752
1234,4029,468.84832824,6.63964128
1234,4030,470.71736184,6.68572704
1234,4031,472.574112,6.6824352
1234,4032,474.43089264,6.6824352
1234,4033,476.28776472,6.6824352
1234,4034,478.14457584,6.6824352
1234,4035,480.00141744,6.6824352
1234,4036,481.85819808,6.6824352
1234,4037,484.04638776,12.44205792
1234,4038,489.40788072,22.40755488
1234,4039,496.14914232,26.84824704
1234,4040,500.448072,26.6858496
1235,4010,343.812114,21.7828368
1235,4011,348.73469496,22.43718144
1235,4012,355.00427856,22.5381312
1235,4013,361.15639224,21.81831552
1235,4014,367.23578064,21.9456
1235,4015,373.33232928,21.9456
1235,4016,379.3231428,21.5231472
1235,4017,385.52228712,22.81354848
1235,4018,391.85822568,22.70162592
1235,4019,398.0758104,22.70052864
1235,4020,404.69643216,24.00738912
1235,4021,411.2610012,23.68698336
1235,4022,417.91746744,23.38084224
1235,4023,424.29528552,24.03262656
1235,4024,431.1795288,24.8753376
1235,4025,438.0835536,24.45069024
1235,4026,444.03315816,18.32347872
1235,4027,448.98539616,17.2876464
1235,4028,452.5553052,7.5053952
1235,4029,453.72427416,2.07715104
1235,4030,454.16489304,1.33758432
1235,4031,454.53571272,1.33429248
1235,4032,454.90628856,1.33977888
1235,4033,455.23833768,1.00510848
1235,4034,455.3809536,0.01975104
1235,4035,455.53826088,2.54678688
1235,4036,457.2797052,8.76397536
1235,4037,459.87974064,10.30565376
1235,4038,464.0461128,19.46355264
1235,4039,469.63267008,20.16910368
1235,4040,475.23221184,20.63544768
1235,4041,481.54349208,24.387048
1235,4042,488.33336928,24.39363168
1235,4043,495.41103864,27.25972704
1235,4044,500.0745396,28.8036
1239,3949,18.7503816,36.9015264
1239,3950,24.84650352,36.99369792
1239,3951,34.9997268,33.49118016
1239,3952,43.43403048,29.3686992
1239,3953,51.42972696,27.56477088
1239,3954,58.86702984,26.61891552
1239,3955,66.20603472,27.29484
1239,3956,74.3431584,30.26737152
1239,3957,82.41554256,26.45322624
1239,3958,89.28585648,24.3541296
1239,3959,96.0209916,23.91960672
1239,3960,102.39887064,22.19907168
1239,3961,108.58832232,23.17235904
1239,3962,115.29629976,21.43097568
1239,3963,119.4860196,12.90730464
1239,3964,123.85557144,17.28654912
1239,3965,128.61669984,17.38201248
1239,3966,133.72706808,18.86663232
1239,3967,138.89086776,18.4672224
1239,3968,144.130776,20.24591328
1239,3969,150.20504376,22.49533728
1239,3970,156.34210032,20.40501888
1239,3971,160.83741264,13.5294624
1239,3972,164.86607616,15.22366272
1239,3973,169.10499072,15.27194304
1239,3974,173.34664848,15.27304032
1239,3975,177.58891584,15.28072128
1239,3976,181.83218904,15.27633216
1239,3977,185.6669388,10.1553264
1239,3978,187.60769184,5.99992704
1239,3979,189.2727228,5.980176
1239,3980,190.93382184,5.980176
1239,3981,192.59498184,5.980176
1239,3982,194.2562028,5.980176
1239,3983,195.9173628,5.980176
1239,3984,197.5785228,5.980176
1239,3985,199.2396828,5.980176
1239,3986,200.90096472,5.97578688
1239,3987,202.9074936,10.40879808
1239,3988,206.57768184,14.08029696
1239,3989,210.48951552,14.08029696
1239,3990,214.39315008,14.0232384
1239,3991,218.29705896,14.07700512
1239,3992,222.6073272,18.7854336
1239,3993,228.53590056,22.66651296
1239,3994,235.4650104,26.97004512
1239,3995,243.05687736,27.38701152
1239,3996,250.67489616,27.3935952
1239,3997,258.20120064,26.86470624
1239,3998,265.45224024,24.09187968
1239,3999,271.64221008,21.70639296
1239,4000,277.688802,21.87866592
1239,4001,283.78428384,21.9456
1239,4002,289.987482,23.86364544
1239,4003,297.2712876,27.43419456
1239,4004,304.89180576,27.432
1239,4005,312.49348728,27.33543936
1239,4006,320.11607808,27.97076448
1239,4007,328.348848,30.8445408
1239,4008,336.58222752,27.97295904
1239,4009,344.15794008,26.40933504
1239,4010,351.16029336,24.66465984
1239,4011,357.96928152,23.61785472
1239,4012,364.18741488,21.9071952
1239,4013,370.28371968,21.9456
1239,4014,376.37987208,21.94121088
1239,4015,382.63013136,23.67271872
1239,4016,389.43073752,24.64929792
1239,4017,396.18373392,23.77476576
1239,4018,402.90219648,25.14636576
1239,4019,410.08657632,26.61123456
1239,4020,417.73696488,28.57207392
1239,4021,425.90560488,29.78347104
1239,4022,434.05312224,28.0848816
1239,4023,441.75045,27.60317568
1239,4024,448.0602672,17.04953664
1239,4025,452.32521168,14.5279872
1239,4026,455.92861824,11.97571392
1239,4027,458.95177704,8.01782496
1239,4028,460.13662608,2.1781008
1239,4029,460.70401128,1.35733536
1239,4030,460.83766608,0.63532512
1239,4031,464.77266456,22.24406016
1239,4032,467.1831144,0
1239,4033,467.1831144,0
1239,4034,467.1831144,0
1239,4035,467.1831144,0
1239,4036,467.31411744,3.36206592
1239,4037,470.50653168,17.21303136
1239,4038,475.30734504,17.2602144
1239,4039,480.17076432,18.42552576
1239,4040,486.54178536,28.16278848
1239,4041,494.38861752,27.55160352
1239,4042,499.4415208,27.6404832
1245,3954,47.2190064,17.28216
1245,3955,50.36079336,18.24228
1245,3956,56.69526888,26.98101792
1245,3957,64.28561184,26.48395008
1245,3958,71.50324536,27.11049696
1245,3959,79.31996328,27.9038304
1245,3960,86.01955872,20.06157024
1245,3961,91.4816052,19.96391232
1245,3962,97.0439004,20.09009952
1245,3963,102.6293604,20.03304096
1245,3964,108.00505704,18.60218784
1245,3965,113.136426,18.4672224
1245,3966,118.29275808,18.47051424
1245,3967,123.06138456,16.7719248
1245,3968,127.97247456,17.86042656
1245,3969,133.05839784,18.68228928
1245,3970,138.29221008,19.07182368
1245,3971,143.35036608,17.34031584
1245,3972,148.167852,17.36665056
1245,3973,152.99701176,17.43687648
1245,3974,157.86305232,17.55648
1245,3975,162.63829296,15.66586656
1245,3976,166.4290296,12.79538208
1245,3977,169.98525312,12.80635488
1245,3978,173.36563752,10.48670496
1245,3979,175.870362,8.5917024
1245,3980,178.25871384,8.60377248
1245,3981,180.88831488,10.66775616
1245,3982,183.33622464,6.50357856
1245,3983,185.11314768,6.3971424
1245,3984,186.89098512,6.37409952
1245,3985,188.61795144,6.06137472
1245,3986,190.29474768,6.03504
1245,3987,191.9711172,6.03504
1245,3988,193.66647576,6.92822592
1245,3989,196.50428568,12.79538208
1245,3990,200.066148,12.7942848
1245,3991,203.62246296,13.34402208
1245,3992,208.15602768,19.0158624
1245,3993,213.50377416,19.21117824
1245,3994,218.843352,19.59961536
1245,3995,225.03807672,25.69061664
1245,3996,232.4971728,26.87677632
1245,3997,240.01960632,27.3387312
1245,3998,247.3089288,24.95543904
1245,3999,254.16455136,24.54176448
1245,4000,260.76822624,22.94302752
1245,4001,267.11059608,22.823424
1245,4002,273.43156896,22.68955584
1245,4003,279.54399768,21.57691392
1245,4004,285.6152784,21.9456
1245,4005,291.81853752,23.86474272
1245,4006,299.10249552,27.43419456
1245,4007,306.72219072,27.38920608
1245,4008,314.32143384,27.33982848
1245,4009,321.43016232,24.19612128
1245,4010,328.61271336,27.18072288
1245,4011,336.11277456,25.84313856
1245,4012,342.44578704,19.40429952
1245,4013,347.41741032,17.7869088
1245,4014,352.3524576,17.67827808
1245,4015,357.24440616,17.62341408
1245,4016,362.66786496,21.63616704
1245,4017,368.76142656,21.9456
1245,4018,374.8282572,21.43755936
1245,4019,380.73921312,21.3585552
1245,4020,386.757672,22.03777152
1245,4021,392.8713504,21.9785184
1245,4022,398.99017992,22.42181952
1245,4023,405.03296184,20.61459936
1245,4024,411.22268784,24.71732928
1245,4025,418.38344568,26.04284352
1245,4026,425.57117832,25.80692832
1245,4027,432.17235384,21.03046848
1245,4028,437.7814968,20.07254304
1245,4029,442.66296024,13.56676992
1245,4030,445.80575304,9.2281248
1245,4031,447.45472104,3.46959936
1245,4032,448.10699304,1.68103296
1245,4033,448.441572,0.94585536
1245,4034,448.88630568,1.35294624
1245,4035,449.13368136,0.97438464
1245,4036,449.52592848,2.48753376
1245,4037,451.27642536,9.66923136
1245,4038,454.07372736,10.38136608
1245,4039,457.14114312,12.29941152
1245,4040,461.62621416,19.5151248
1245,4041,467.133432,19.22544288
1245,4042,471.5077692,8.3228688
1245,4043,475.27430472,26.17341984
1245,4044,483.645972,30.64264128
1245,4045,491.51511552,25.24621824
1245,4046,497.6297007,24.6805704
1253,3955,23.6481450666667,32.418528
1253,3956,32.32745376,32.39060832
1253,3957,41.17564536,30.833568
1253,3958,49.31916984,28.80469728
1253,3959,57.40091136,29.87235072
1253,3960,65.88797592,30.74798016
1253,3961,74.43069696,30.82917888
1253,3962,82.6149732,26.82739872
1253,3963,89.84760288,26.25681312
1253,3964,96.6874368,22.27697856
1253,3965,102.2575044,18.23459904
1253,3966,106.96194,16.80813504
1253,3967,111.87888216,17.9185824
1253,3968,116.87092704,18.04915872
1253,3969,121.80079272,17.14719456
1253,3970,126.44695056,16.32862368
1253,3971,131.01605496,17.08355232
1253,3972,135.75633504,16.75327104
1253,3973,140.52804,18.53086464
1253,3974,146.04406656,19.97927424
1253,3975,151.0782348,16.5085776
1253,3976,155.6485584,16.4592
1253,3977,160.19303496,15.78327552
1253,3978,164.15845248,13.38462144
1253,3979,167.8888692,13.93326144
1253,3980,171.55671048,11.3074704
1253,3981,174.28573728,8.13194208
1253,3982,176.18040456,5.99444064
1253,3983,177.73326912,5.48969184
1253,3984,179.25931128,5.48969184
1253,3985,180.78334176,5.4864
1253,3986,182.3072808,5.4864
1253,3987,183.83134176,5.4864
1253,3988,185.35534176,5.4864
1253,3989,186.87757392,5.53358304
1253,3990,188.7911388,9.02073888
1253,3991,191.79195576,12.89304
1253,3992,196.02763944,16.46139456
1253,3993,200.59860312,16.42518432
1253,3994,205.38134184,18.6427872
1253,3995,211.24724832,23.31061632
1253,3996,217.7960592,23.4598464
1253,3997,224.65966752,26.63208288
1253,3998,232.2551616,27.432
1253,3999,239.8690656,27.377136
1253,4000,247.47983016,27.432
1253,4001,255.03975408,26.65183392
1253,4002,262.32730872,25.78608
1253,4003,268.92226632,21.89512512
1253,4004,274.98528696,21.94669728
1253,4005,281.05565328,21.8139264
1253,4006,287.1401928,22.08056544
1253,4007,293.64959304,25.37130816
1253,4008,301.08582912,27.43858368
1253,4009,308.7012876,27.35080128
1253,4010,316.30165848,27.42431904
1253,4011,323.96301984,27.00186624
1253,4012,330.81282072,23.05165824
1253,4013,337.18472568,22.16395872
1253,4014,342.8591568,19.38564576
1253,4015,348.26533344,19.6467984
1253,4016,353.81272392,20.16032544
1253,4017,359.40138432,20.01548448
1253,4018,364.9740732,20.16252
1253,4019,370.58797104,20.57729184
1253,4020,376.50883296,21.4353648
1253,4021,382.57386528,22.95070848
1253,4022,389.10237648,23.60029824
1253,4023,395.58016896,22.66541568
1253,4024,401.80089312,22.77185184
1253,4025,408.30285624,24.09736608
1253,4026,415.01488752,24.0798096
1253,4027,421.82954496,25.1770896
1253,4028,428.6266764,22.37683104
1253,4029,434.09713536,17.7430176
1253,4030,438.31858488,11.86379136
1253,4031,440.73360672,6.47834112
1253,4032,442.17369528,2.83756608
1253,4033,442.52580024,0.61886592
1253,4034,442.5769152,0
1253,4035,442.5769152,0
1253,4036,442.5769152,0
1253,4037,442.84398096,2.15396064
1253,4038,443.54608776,3.07457856
1253,4039,444.97102776,7.01930016
1253,4040,447.16296648,9.33565824
1253,4041,450.1169052,11.38318272
1253,4042,453.52286232,13.4471664
1253,4043,457.67176944,18.12816288
1253,4044,463.85908752,24.06005856
1253,4045,470.36760384,22.54252032
1253,4046,476.66397936,23.0483664
1253,4047,483.1726176,24.78974976
1253,4048,490.45358856,25.90897536
1253,4049,496.994688,24.5839488
1260,3958,24.348948,39.2350752
1260,3959,33.9222588,34.19563392
1260,3960,42.74201256,28.3537152
1260,3961,50.77669296,29.98756512
1260,3962,59.0106516,29.44221696
1260,3963,67.19078256,29.43782784
1260,3964,74.82327936,25.00920576
1260,3965,81.7202328,25.12003104
1260,3966,88.68668064,25.07504256
1260,3967,95.1116208,19.37686752
1260,3968,99.83821536,16.45810272
1260,3969,104.40350976,16.42957344
1260,3970,109.1299824,17.96576544
1260,3971,114.42621768,19.72470528
1260,3972,119.82642024,19.73348352
1260,3973,125.45397312,20.09887776
1260,3974,131.00438112,20.35344672
1260,3975,136.66177392,20.04511104
1260,3976,142.16457216,18.78104448
1260,3977,146.9375268,16.42518432
1260,3978,151.47026856,16.00492608
1260,3979,155.87651832,15.90836544
1260,3980,160.37344608,16.32423456
1260,3981,164.5444512,12.76575552
1260,3982,167.652954,10.69848
1260,3983,170.4366924,7.77752064
1260,3984,171.88321224,4.20148512
1260,3985,173.051724,4.2025824
1260,3986,174.20502624,4.32108864
1260,3987,175.599852,5.49078912
1260,3988,177.1212612,5.41727136
1260,3989,178.62307176,5.46884352
1260,3990,180.1480776,5.4864
1260,3991,181.6720776,5.4864
1260,3992,183.22555176,6.67914336
1260,3993,186.6349836,17.4138336
1260,3994,191.6227308,17.96686272
1260,3995,196.61380032,17.96576544
1260,3996,201.6044736,18.31140864
1260,3997,207.31462728,23.40717696
1260,3998,214.22249256,25.32961152
1260,3999,221.33545776,26.49163104
1260,4000,228.89995368,27.624024
1260,4001,237.0112608,29.9392848
1260,4002,244.88890824,27.41773536
1260,4003,252.49665528,26.82520416
1260,4004,259.45929312,23.84718624
1260,4005,265.99258968,22.70601504
1260,4006,272.0780436,21.66798816
1260,4007,278.14786128,21.94669728
1260,4008,284.29299504,22.76856
1260,4009,290.75188992,23.0373936
1260,4010,297.39226272,25.7915664
1260,4011,304.89424416,27.43309728
1260,4012,312.4983336,27.349704
1260,4013,320.07014472,26.34240096
1260,4014,326.90565048,23.69466432
1260,4015,333.17831256,19.71592704
1260,4016,337.9628496,16.4592
1260,4017,342.52439496,16.38129312
1260,4018,347.21499264,18.1654704
1260,4019,352.56249528,19.56340512
1260,4020,358.01277648,20.052792
1260,4021,363.88938144,21.92255712
1260,4022,369.88891224,21.1116672
1260,4023,375.68538528,20.34247392
1260,4024,381.3264408,21.54180096
1260,4025,387.71727384,23.59590912
1260,4026,394.274802,24.07322592
1260,4027,401.20830096,25.36582176
1260,4028,408.21144672,24.27951456
1260,4029,414.75199752,23.60139552
1260,4030,420.96930792,21.1555584
1260,4031,426.81351264,20.11753152
1260,4032,431.06836824,10.91903328
1260,4033,433.97518488,10.14654816
1260,4034,435.85064976,2.44364256
1260,4035,436.13143152,0.50365152
1260,4036,436.1806872,0
1260,4037,436.35728832,1.04680512
1260,4038,436.60951032,0.90086688
1260,4039,437.35118016,3.86132832
1260,4040,437.95059984,1.6898112
1260,4041,439.29028728,8.0211168
1260,4042,442.07128248,12.01960512
1260,4043,446.13097464,15.86886336
1260,4044,450.20459616,13.9793472
1260,4045,454.56177312,18.0722016
1260,4046,460.03412184,20.50706592
1260,4047,465.7568028,21.02059296
1260,4048,472.21944672,24.93897984
1260,4049,479.13779712,24.72501024
1260,4050,485.90365608,24.98396832
1260,4051,493.00863552,24.58785024
1260,4052,498.4388304,25.6836672
1267,3960,24.51716712,25.90458624
1267,3961,31.783782,25.29669312
1267,3962,37.6409712,17.64535968
1267,3963,42.793158,20.55315168
1267,3964,48.43768824,18.46831968
1267,3965,53.3348184,17.4906432
1267,3966,58.19381808,17.4906432
1267,3967,63.05327496,17.49503232
1267,3968,70.48170816,53.18625888
1267,3969,84.55636632,25.65769824
1267,3970,90.00402624,18.85785408
1267,3971,94.99652832,16.59416544
1267,3972,99.54792384,16.69950432
1267,3973,104.22791448,16.97601888
1267,3974,108.9490836,17.00784
1267,3975,113.6699784,17.46979488
1267,3976,118.82463408,18.94124736
1267,3977,124.05363048,18.92698272
1267,3978,129.22447104,18.58463136
1267,3979,134.54865648,19.23861024
1267,3980,139.66832112,16.9639488
1267,3981,144.03266088,15.33119616
1267,3982,148.2923628,15.35862816
1267,3983,152.77731192,18.26203104
1267,3984,157.13899992,10.11362976
1267,3985,159.39281304,7.81921728
1267,3986,161.56451304,7.81921728
1267,3987,163.72862352,7.75667232
1267,3988,165.678612,6.00651072
1267,3989,167.26028016,5.6729376
1267,3990,168.83627904,5.63782464
1267,3991,170.08897656,3.32805024
1267,3992,171.13785432,4.3562016
1267,3993,172.3576944,4.38912
1267,3994,173.57863176,4.73695776
1267,3995,175.9134912,13.5184896
1267,3996,180.32556264,16.4646864
1267,3997,184.89680064,16.59855456
1267,3998,189.94626984,20.491704
1267,3999,196.30397112,25.47116064
1267,4000,203.82350904,27.90492768
1267,4001,211.76937072,29.74945536
1267,4002,220.30431936,30.65690592
1267,4003,228.9799332,32.49923904
1267,4004,237.99375312,30.94658784
1267,4005,245.9533308,27.42541632
1267,4006,253.55952336,27.04685472
1267,4007,260.90980584,26.18548992
1267,4008,267.82992408,22.74551712
1267,4009,273.85005936,21.54948192
1267,4010,279.858978,21.6657936
1267,4011,285.96253704,22.48216992
1267,4012,292.27220184,23.0483664
1267,4013,298.7035428,22.67309664
1267,4014,305.2162044,24.27732
1267,4015,311.7741288,22.63030272
1267,4016,317.86150296,21.17640672
1267,4017,323.46982296,19.89039456
1267,4018,329.11148808,20.57619456
1267,4019,334.62446664,17.92187424
1267,4020,339.1352628,15.75035712
1267,4021,343.49432952,15.66476928
1267,4022,347.92243344,16.71925536
1267,4023,352.80603048,17.90541504
1267,4024,357.7782024,17.83738368
1267,4025,362.71651104,18.16327584
1267,4026,368.22723408,20.85161184
1267,4027,374.09530464,21.81612096
1267,4028,380.24491896,23.3885232
1267,4029,387.498336,27.77983776
1267,4030,395.18551392,26.84276064
1267,4031,402.15790536,23.52129408
1267,4032,408.05462712,19.2517776
1267,4033,413.15454072,17.69802912
1267,4034,418.11942792,18.04257504
1267,4035,422.73678216,12.33781632
1267,4036,424.45545792,2.39097312
1267,4037,425.35227096,5.22634464
1267,4038,427.00236672,6.00651072
1267,4039,428.19498816,1.47803616
1267,4040,428.25927048,0.20628864
1267,4041,428.40115488,0.63422784
1267,4042,428.82945984,3.65284512
1267,4043,430.95339768,10.15313184
1267,4044,433.86417672,12.00095136
1267,4045,437.81849952,14.8791168
1267,4046,442.06034016,17.41493088
1267,4047,447.92405208,23.48398656
1267,4048,454.442322,22.95619488
1267,4049,460.52707488,22.54142304
1267,4050,467.05116648,20.57180544
1267,4051,472.96437792,26.39616768
1267,4052,480.56060352,24.94446624
1267,4053,486.85591224,21.26199456
1267,4054,492.95291808,23.60029824
1267,4055,498.2582872,23.6866176
1278,3961,19.151854,24.8424192
1278,3962,24.65194968,24.70416192
1278,3963,31.32508848,22.45802976
1278,3964,37.25140632,21.28064832
1278,3965,43.68814224,24.09517152
1278,3966,50.2750836,24.1346736
1278,3967,56.98092744,24.14016
1278,3968,63.4863348,21.42548928
1278,3969,69.18603384,20.930616
1278,3970,75.01313928,21.02059296
1278,3971,80.86581744,21.02059296
1278,3972,86.69185608,20.9690208
1278,3973,92.43864672,19.41746688
1278,3974,97.33324704,16.815816
1278,3975,102.00488616,16.78618944
1278,3976,106.8115212,19.46355264
1278,3977,112.56440784,19.17935712
1278,3978,117.34385472,16.102584
1278,3979,121.62836736,16.1519616
1278,3980,126.70892616,19.1146176
1278,3981,132.1007772,19.98585792
1278,3982,137.38963632,16.24632768
1278,3983,141.0922248,12.17761344
1278,3984,144.47364552,12.1468896
1278,3985,147.84909216,12.17761344
1278,3986,151.23243312,12.179808
1278,3987,154.44100176,9.60449184
1278,3988,156.55774632,6.94797696
1278,3989,158.48743512,6.79984416
1278,3990,160.13990832,5.1791616
1278,3991,161.5616784,5.1242976
1278,3992,162.98149776,5.16489696
1278,3993,164.57221848,6.26985792
1278,3994,166.32530616,6.30936
1278,3995,168.0778452,6.30936
1278,3996,169.82882976,6.46627104
1278,3997,172.40320104,13.61066112
1278,3998,176.8147848,16.55466336
1278,3999,181.89439872,20.27444256
1278,4000,187.634118,20.68263072
1278,4001,193.3890468,21.37720896
1278,4002,200.99789112,32.98643136
1278,4003,210.01765464,32.40926208
1278,4004,219.18741024,32.04715968
1278,4005,227.61979368,29.62985184
1278,4006,235.70683872,28.51172352
1278,4007,243.5981412,27.9367488
1278,4008,251.08262712,26.32813632
1278,4009,258.34738272,25.41519936
1278,4010,264.99040728,23.04288
1278,4011,271.48298256,24.5680992
1278,4012,278.14652016,22.21772544
1278,4013,284.2429164,21.9456
1278,4014,290.33909928,21.94340544
1278,4015,296.60383656,24.36949152
1278,4016,303.62661144,23.91192576
1278,4017,309.838344,21.84794208
1278,4018,315.91687896,21.918168
1278,4019,321.60828744,18.5769504
1278,4020,326.61145752,17.96905728
1278,4021,331.60246608,17.97234912
1278,4022,336.59134104,17.81653536
1278,4023,341.40437688,16.92773856
1278,4024,346.11247008,17.172432
1278,4025,351.14599824,18.97526304
1278,4026,356.44549488,19.49537376
1278,4027,362.12583912,21.19067136
1278,4028,368.00061528,20.80223424
1278,4029,373.69872936,20.52571968
1278,4030,379.59938304,22.59738432
1278,4031,386.5859172,26.96455872
1278,4032,394.07848032,26.53003584
1278,4033,400.875246,22.17712608
1278,4034,406.34131584,18.64388448
1278,4035,411.72835104,17.45004384
1278,4036,414.86321904,6.75595296
1278,4037,416.80153368,7.41102912
1278,4038,418.75423488,5.44141152
1278,4039,419.52949368,0.80540352
1278,4040,419.5684776,0
1278,4041,419.61005232,0.6089904
1278,4042,419.90951832,1.03363776
1278,4043,420.2167872,1.04022144
1278,4044,420.7244316,4.30243488
1278,4045,423.01783824,10.67872896
1278,4046,426.0538596,12.3389136
1278,4047,430.325022,17.23717152
1278,4048,435.11376528,17.7594768
1278,4049,440.58465096,21.12154272
1278,4050,446.55894432,22.70711232
1278,4051,453.1815168,24.13577088
1278,4052,460.05027624,25.96383936
1278,4053,467.49181584,26.99528256
1278,4054,474.03084264,19.257264
1278,4055,480.82736448,26.81971776
1278,4056,487.5532032,25.60612608
1278,4057,494.38471608,22.57214688
1278,4058,498.9627816,22.02460416
1281,3964,22.80821448,23.17674816
1281,3965,28.96721664,21.92255712
1281,3966,35.903154,27.67010976
1281,3967,43.59069768,27.63170496
1281,3968,51.2228592,26.05930272
1281,3969,56.3921148,14.27890464
1281,3970,62.15963184,25.40642112
1281,3971,69.22212216,25.42178304
1281,3972,76.02690408,21.78210528
1281,3973,81.49428456,19.39661856
1281,3974,86.8872024,19.4108832
1281,3975,92.14460616,17.2053504
1281,3976,96.85608264,18.01404576
1281,3977,101.82456648,17.57184192
1281,3978,106.60282464,17.38420704
1281,3979,111.64824,18.5166
1281,3980,116.80707144,18.65485728
1281,3981,121.97340096,18.51550272
1281,3982,127.0351536,17.3589696
1281,3983,131.77781112,17.446752
1281,3984,136.55853816,16.16512896
1281,3985,140.5010652,13.0466592
1281,3986,144.14308992,12.40694496
1281,3987,146.57457096,5.44470336
1281,3988,147.99804792,5.1242976
1281,3989,149.42051904,5.15282688
1281,3990,150.89858568,5.47432992
1281,3991,152.42264664,5.4864
1281,3992,153.94698192,5.54565312
1281,3993,155.58208152,6.19743744
1281,3994,157.30947456,6.2215776
1281,3995,159.03698952,6.27863616
1281,3996,160.87529928,6.92493408
1281,3997,162.80325072,6.89969664
1281,3998,164.72157048,7.18828128
1281,3999,167.58705624,13.85974368
1281,4000,171.63678144,14.62783968
1281,4001,175.70314872,14.99872032
1281,4002,181.07997312,24.87753216
1281,4003,188.33756592,24.98616288
1281,4004,195.84326592,31.41841824
1281,4005,205.42505016,36.09612288
1281,4006,215.4487944,36.06320448
1281,4007,225.45821304,36.03796704
1281,4008,235.39390056,34.11114336
1281,4009,244.11108912,30.08961216
1281,4010,252.44218752,28.77177888
1281,4011,259.71246,24.61418496
1281,4012,266.56789968,24.7052592
1281,4013,272.019522,24.3577872
1281,4014,279.54863064,21.96425376
1281,4015,283.248354,22.9496112
1287,3966,20.9540856,24.030432
1287,3967,26.15857608,25.25499648
1287,3968,33.3551784,26.04174624
1287,3969,40.52730528,25.4459232
1287,3970,47.5474284,25.25060736
1287,3971,54.40829352,23.79341952
1287,3972,60.89928384,23.41705248
1287,3973,68.84794968,34.97689728
1287,3974,76.3024128,15.3509472
1287,3975,79.3177992,8.76287808
1287,3976,82.94952168,17.13073536
1287,3977,87.72643872,17.19218304
1287,3978,92.49622344,17.1340272
1287,3979,97.28511912,17.36774784
1287,3980,102.10839624,17.33921856
1287,3981,106.93398984,17.55428544
1287,3982,111.90631416,18.10621728
1287,3983,116.99083536,19.21995648
1287,3984,122.22306264,18.29604672
1287,3985,127.53188616,18.42442848
1287,3986,131.98065552,12.40694496
1287,3987,134.54106696,8.11767744
1287,3988,136.78018872,8.0430624
1287,3989,139.0153176,8.0266032
1287,3990,141.5684748,10.259568
1287,3991,143.7746172,5.69927232
1287,3992,145.34394096,5.63782464
1287,3993,146.91353904,5.71353696
1287,3994,148.571712,6.20292384
1287,3995,150.29913552,6.2215776
1287,3996,152.02579704,6.11623872
1287,3997,153.55845336,4.97835936
1287,3998,154.92956568,4.93776
1287,3999,156.30317736,5.02883424
1287,4000,157.67355816,4.965192
1287,4001,159.50830176,11.09459808
1287,4002,164.22633144,20.4039216
1287,4003,170.27807448,23.76598752
1287,4004,177.52021392,27.18950112
1287,4005,185.07041472,27.1905984
1287,4006,192.62335872,27.17743104
1287,4007,200.16944472,27.14780448
1287,4008,207.71245224,27.1796256
1287,4009,215.70763056,37.2087648
1287,4010,228.53486424,41.75260128
1287,4011,237.75503376,32.32257696
1287,4012,246.8579772,30.34747296
1287,4013,254.64964056,27.7172928
1287,4014,262.492998,28.39431456
1287,4015,270.20623632,27.27399168
1287,4016,277.74058752,25.96932576
1287,4017,284.71206456,25.86508416
1287,4018,292.0870968,26.59696992
1287,4019,299.29808568,25.09808544
1287,4020,306.19799568,24.81937632
1287,4021,312.84879264,22.57982784
1287,4022,318.96515328,21.90390336
1287,4023,324.8957688,20.7440784
1287,4024,330.558648,19.18155168
1287,4025,335.26494288,14.8352256
1287,4026,339.06293376,13.32427104
1287,4027,342.7748796,13.99032
1287,4028,347.13531792,17.11866528
1287,4029,352.00614384,17.6552352
1287,4030,356.94652512,18.68777568
1287,4031,362.670852,21.84026112
1287,4032,368.76356016,21.9456
1287,4033,374.8596516,21.9456
1287,4034,381.03471672,23.58164448
1287,4035,388.1701152,26.71108704
1287,4036,395.46909984,24.27512544
1287,4037,401.16340392,17.57184192
1287,4038,405.1413792,11.1867696
1287,4039,408.13463712,10.97718912
1287,4040,411.12469464,9.34114464
1287,4041,412.44076008,0.91183968
1287,4042,412.5257688,0
1287,4043,412.53610152,0.32260032
1287,4044,412.81465824,2.04532992
1287,4045,413.6449944,3.5167824
1287,4046,414.74797416,4.75890336
1287,4047,416.59173984,9.47391552
1287,4048,420.4088112,16.43835168
1287,4049,424.56786816,10.47024576
1287,4050,428.41572432,24.68660544
1287,4051,435.46187736,21.97742112
1287,4052,441.83795808,23.56628256
1287,4053,448.40463024,23.7890304
1287,4054,455.04728904,23.95142784
1287,4055,461.56433976,21.60215136
1287,4056,467.34852936,23.08786848
1287,4057,474.36264792,25.73450784
1287,4058,481.50008856,25.96054752
1287,4059,489.35758872,30.44183904
1287,4060,497.8475184,30.54059424
1290,3985,103.9151592,10.0181664
1290,3986,106.01041536,10.0620576
1290,3987,108.80509608,10.0620576
1290,3988,111.59953296,10.0620576
1290,3989,114.39393936,10.0620576
1290,3990,117.20776152,10.19812032
1290,3991,120.02054736,10.0510848
1290,3992,122.81358216,10.0510848
1290,3993,125.60661696,10.0510848
1290,3994,128.329944,9.64289664
1290,3995,131.08250136,10.25627616
1290,3996,133.94103768,9.23800032
1290,3997,135.93354576,6.0295536
1290,3998,137.61198792,6.28960896
1290,3999,139.64006616,8.10012096
1290,4000,141.89625672,8.119872
1290,4001,144.1516548,8.11328832
1290,4002,146.39995104,8.09682912
1290,4003,148.76093184,10.22555232
1290,4004,152.33510808,14.16149568
1290,4005,156.26696712,14.154912
1290,4006,160.1989176,14.154912
1290,4007,164.12312616,14.11540992
1290,4008,168.22405776,17.35458048
1290,4009,174.1473276,23.32378368
1290,4010,180.0435693,25.360884
1291,3968,19.8736712,36.1114848
1291,3969,26.54676936,23.83072704
1291,3970,30.83484816,22.6368864
1291,3971,40.2377148,31.27357728
1291,3972,47.18142456,23.05275552
1291,3973,53.58249888,23.04288
1291,3974,59.92316184,22.2528384
1291,3975,65.96423688,21.60215136
1291,3976,71.9643468,21.60324864
1291,3977,77.80236408,19.3779648
1291,3978,82.76091144,17.37433152
1291,3979,87.58744992,17.37213696
1291,3980,92.48067864,18.269712
1291,3981,97.74228864,19.20459456
1291,3982,102.76332,15.553944
1291,3983,106.53436656,13.36925952
1291,3984,111.03830472,18.85236768
1291,3985,116.3340828,19.14973056
1291,3986,121.63504248,18.45734688
1291,3987,125.949456,12.75478272
1291,3988,129.3382224,12.26868768
1291,3989,132.88825848,12.30380064
1291,3990,135.2226912,4.90374432
1291,3991,136.4938596,4.5756576
1291,3992,137.7645708,4.72159584
1291,3993,139.31246712,6.3422784
1291,3994,141.09121896,6.39823968
1291,3995,142.86908688,6.38287776
1291,3996,144.61912656,6.20731296
1291,3997,146.33700984,6.20292384
1291,3998,148.05998328,5.9307984
1291,3999,149.55588072,5.5248048
1291,4000,151.6361712,9.18313632
1291,4001,154.22858664,9.32688
1291,4002,156.81966096,9.39491136
1291,4003,159.53548992,10.12350528
1291,4004,162.41396016,12.124944
1291,4005,168.10753272,27.4155408
1291,4006,175.62780216,26.9327376
1291,4007,183.10183344,25.92324
1291,4008,190.26155496,26.96455872
1291,4009,198.5906112,33.00398784
1291,4010,208.34277864,37.89895392
1291,4011,219.28083144,39.035736
1291,4012,229.9703808,38.295072
1291,4013,239.8106964,31.52814624
1291,4014,248.22750456,30.15215712
1291,4015,256.3325328,28.090368
1291,4016,264.10572528,27.83140992
1291,4017,271.49301048,24.25208256
1291,4018,277.75634568,22.36476096
1291,4019,284.07957408,23.10652224
1291,4020,290.55188016,23.30842176
1291,4021,296.89205544,22.16725056
1291,4022,302.99271888,21.9456
1291,4023,309.08405544,21.86440128
1291,4024,315.160152,21.94121088
1291,4025,321.2276532,21.10508352
1291,4026,326.6500452,18.57914496
1291,4027,331.44357384,14.17576032
1291,4028,334.69390008,10.96950816
1291,4029,337.97385288,13.99141728
1291,4030,342.42829152,17.6058576
1291,4031,347.83117632,20.27992896
1291,4032,353.40682176,20.07254304
1291,4033,359.19646728,21.64275072
1291,4034,365.26305408,21.94779456
1291,4035,371.35972464,21.94669728
1291,4036,377.55877752,23.59152
1291,4037,384.74120664,27.54063072
1291,4038,392.23102656,23.76818208
1291,4039,397.64387832,17.49722688
1291,4040,402.39046776,14.84180928
1291,4041,404.8687356,4.40996832
1291,4042,405.54014904,0.4224528
1291,4043,405.548592,0
1291,4044,405.55063416,0.12399264
1291,4045,405.72309,0.95792544
1291,4046,406.36451112,4.1148
1291,4047,407.77046208,6.67255968
1291,4048,410.27399784,10.42745184
1291,4049,413.36293248,12.49472736
1291,4050,417.45502488,17.07148224
1291,4051,422.77658904,20.36332224
1291,4052,428.46830232,20.09009952
1291,4053,433.75603368,19.0707264
1291,4054,439.52699496,22.73783616
1291,4055,446.72125032,28.90345248
1291,4056,454.97611824,29.50476192
1291,4057,462.87958224,28.15181568
1291,4058,470.8647936,28.84858848
1291,4059,478.6804752,27.20596032
1291,4060,486.16185216,26.91188928
1291,4061,493.31581296,24.13138176
1291,4062,498.6442656,24.4638576
1300,3970,22.1748096,24.8835672
1300,3971,28.0772616,22.16615328
1300,3972,34.12147608,21.48254784
1300,3973,39.65469336,18.461736
1300,3974,44.65277328,17.84067552
1300,3975,49.68950184,16.83446976
1300,3976,53.7973524,14.2317216
1300,3977,57.41569416,10.9673136
1300,3978,60.196476,9.87552
1300,3979,62.94092568,9.87552
1300,3980,65.73234504,11.26248192
1300,3981,69.27061584,13.18052736
1300,3982,72.93248304,13.17943008
1300,3983,76.59724584,13.26172608
1300,3984,80.43226992,14.93068896
1300,3985,84.79407984,15.77778912
1300,3986,89.23803336,16.91237664
1300,3987,94.01446272,15.30595872
1300,3988,97.70443248,12.8052576
1300,3989,101.2603512,12.78989568
1300,3990,104.79042288,12.4212096
1300,3991,107.96064768,10.15642368
1300,3992,110.49381,8.6575392
1300,3993,112.28338224,3.99848832
1300,3994,113.35697928,3.93155424
1300,3995,114.63765744,5.48530272
1300,3996,116.26144896,6.12721152
1300,3997,118.15291584,8.45015328
1300,3998,120.56626128,7.38249984
1300,3999,122.53499496,7.09720704
1300,4000,124.4931216,7.94869632
1300,4001,127.0849884,9.14143968
1300,4002,129.37988856,8.16595776
1300,4003,131.79271584,10.09936512
1300,4004,134.733792,9.4585536
1300,4005,137.44507944,10.84332096
1300,4006,140.49408528,10.96621632
1300,4007,143.69546064,12.91388832
1300,4008,148.04276208,18.873216
1300,4009,153.93945336,22.68955584
1300,4010,160.83210912,26.92066752
1300,4011,168.43580232,27.42322176
1300,4012,176.3799876,31.01352192
1300,4013,185.43580896,33.20698464
1300,4014,195.06364848,36.75997728
1300,4015,205.66492776,39.59205696
1300,4016,217.2148056,41.49035136
1300,4017,228.13902048,38.35871424
1300,4018,238.800132,38.34664416
1300,4019,249.45862224,38.39711904
1300,4020,260.08236528,38.04928128
1300,4021,270.41767608,35.743896
1300,4022,279.85967904,32.85146592
1300,4023,288.96829176,32.8525632
1300,4024,298.11180408,32.9184
1300,4025,307.20307368,31.47876864
1300,4026,315.076332,24.94336896
1300,4027,321.15093504,18.34871616
1300,4028,325.41853128,14.15162016
1300,4029,329.33451024,13.43399904
1300,4030,332.5675848,10.6655616
1300,4031,335.60275272,10.9728
1300,4032,338.8063836,13.43948544
1300,4033,343.1313432,16.3000944
1300,4034,348.0805332,20.27553984
1300,4035,353.98822776,21.369528
1300,4036,359.95298088,21.65811264
1300,4037,366.02072592,21.9346272
1300,4038,372.39680664,25.5721104
1300,4039,380.1012972,28.30104576
1300,4040,387.25717824,21.3036912
1300,4041,392.48800344,18.2916576
1300,4042,397.12084152,12.28843872
1300,4043,399.15428424,4.1312592
1300,4044,399.5976768,0
1300,4045,399.5976768,0
1300,4046,399.601944,0.2084832
1300,4047,399.77116896,1.00181664
1300,4048,400.26744432,2.78818848
1300,4049,401.34963672,5.11551936
1300,4050,403.2898716,8.45344512
1300,4051,406.15212648,13.30890912
1300,4052,410.53027368,17.28435456
1300,4053,415.52536656,19.23861024
1300,4054,421.33046544,21.80734272
1300,4055,427.60416384,23.31390816
1300,4056,434.30333256,25.01469216
1300,4057,441.69064824,27.9038304
1300,4058,449.45204496,27.94004064
1300,4059,457.21368552,27.94113792
1300,4060,464.9752956,27.95211072
1300,4061,472.75159704,27.99819648
1300,4062,480.52311312,27.98064
1300,4063,488.29520832,27.98064
1300,4064,496.07803248,28.23191712
1300,4065,500.45112,28.7816544
1306,3972,20.6911448,35.3214432
1306,3973,26.47578144,28.1562048
1306,3974,32.51670408,18.95990112
1306,3975,37.7866656,18.982944
1306,3976,43.06022376,18.99281952
1306,3977,48.33551928,18.98404128
1306,3978,53.3409144,14.94824544
1306,3979,56.51437008,10.00938816
1306,3980,59.29567008,10.01158272
1306,3981,62.07715296,10.01597184
1306,3982,64.81386072,10.36600416
1306,3983,68.35600248,14.46324768
1306,3984,72.37244352,14.4621504
1306,3985,76.39101816,14.5334736
1306,3986,80.43159936,14.48190144
1306,3987,84.44721744,14.45885856
1306,3988,88.45366104,14.30194752
1306,3989,92.38161864,14.01555744
1306,3990,96.27830376,14.1055344
1306,3991,100.19632488,13.78403136
1306,3992,103.10692104,6.86238912
1306,3993,104.82989448,6.17000544
1306,3994,106.54433352,6.17329728
1306,3995,108.25834584,6.20072928
1306,3996,110.0936076,7.05331584
1306,3997,112.0743504,7.13232
1306,3998,114.055398,7.13232
1306,3999,116.03708568,7.20474048
1306,4000,118.12085088,7.74789408
1306,4001,120.27889584,7.7687424
1306,4002,122.43767232,7.7687424
1306,4003,124.59641832,7.7687424
1306,4004,126.7559568,7.66779264
1306,4005,129.00672192,9.6505776
1306,4006,132.079746,11.5433856
1306,4007,135.24329568,11.15165664
1306,4008,138.8261892,16.3933632
1306,4009,144.00983136,19.17167616
1306,4010,149.3364552,19.19362176
1306,4011,155.121864,24.56700192
1306,4012,162.41487456,26.13282048
1306,4013,170.13838464,30.1313088
1306,4014,179.0286996,32.93156736
1306,4015,188.38660824,35.12832192
1306,4016,198.55336464,36.18390528
1306,4017,208.47003264,38.89528416
1306,4018,219.9633396,40.2537168
1306,4019,230.73043008,38.40041088
1306,4020,241.38922512,38.34774144
1306,4021,252.04695336,38.12828544
1306,4022,262.4858352,37.74533472
1306,4023,272.74436688,34.65429696
1306,4024,282.05707368,33.4231488
1306,4025,291.41354976,33.93777312
1306,4026,300.84116616,33.42205152
1306,4027,308.74911072,23.0099616
1306,4028,314.77409232,19.99024704
1306,4029,319.7423628,19.8662544
1306,4030,324.66302352,11.84074848
1306,4031,327.64503432,10.643616
1306,4032,330.58754304,10.32650208
1306,4033,333.47430384,10.82137536
1306,4034,336.67827,13.44497184
1306,4035,341.02703448,16.94090592
1306,4036,346.40178624,21.81612096
1306,4037,352.4230188,21.07106784
1306,4038,358.30675608,21.42110016
1306,4039,364.34935512,22.24844928
1306,4040,370.97244576,24.79194432
1306,4041,377.45621232,22.02021504
1306,4042,382.94465448,16.9310304
1306,4043,387.41418072,15.992856
1306,4044,390.95677968,7.90699968
1306,4045,393.17788776,8.24715648
1306,4046,394.1420616,0.05596128
1306,4047,394.1420616,0
1306,4048,394.16318424,0.61228224
1306,4049,394.95170184,5.08150368
1306,4050,396.59902392,6.03504
1306,4051,398.55117648,8.91101088
1306,4052,401.4653388,11.80014912
1306,4053,404.78381832,12.12055488
1306,4054,408.91507752,17.96027904
1306,4055,414.41601648,21.06448416
1306,4056,420.15341928,20.22945408
1306,4057,426.03801,22.4338896
1306,4058,432.37477152,22.25613024
1306,4059,438.37994112,21.90061152
1306,4060,444.95502576,25.6379472
1306,4061,452.59928784,30.861
1306,4062,461.97402144,34.454592
1306,4063,469.8296928,17.45333568
1306,4064,476.27033016,34.46775936
1306,4065,485.91578712,32.08556448
1306,4066,493.60549488,26.37202752
1306,4067,499.0445442,29.3741856
1309,3975,22.6928553,27.918918
1309,3976,29.45529288,25.47006336
1309,3977,35.54848872,17.62670592
1309,3978,39.64301952,13.52068416
1309,3979,43.14785376,10.91464416
1309,3980,46.12404288,11.98558944
1309,3981,49.39454688,9.94355136
1309,3982,51.98571264,10.06973856
1309,3983,54.98750496,11.219688
1309,3984,58.112406,11.24712
1309,3985,61.23663648,11.24931456
1309,3986,64.32913728,10.60301664
1309,3987,67.62149544,13.98373632
1309,3988,71.64223416,14.4950688
1309,3989,75.66882504,14.51920896
1309,3990,79.72208592,14.57517024
1309,3991,83.74450104,14.14503648
1309,3992,87.37378512,12.26978496
1309,3993,90.77666376,12.25552032
1309,3994,94.14656304,11.39854464
1309,3995,96.6974952,7.53172992
1309,3996,98.77870008,7.49661696
1309,3997,100.86374544,7.61073408
1309,3998,103.07141184,8.1911952
1309,3999,105.3529008,8.2296
1309,4000,107.63893128,8.2296
1309,4001,109.916976,8.05074336
1309,4002,112.24720248,8.0869536
1309,4003,114.10297728,6.08112576
1309,4004,115.82640792,6.13160064
1309,4005,117.6872424,7.95089088
1309,4006,120.26627712,9.26982144
1309,4007,122.54569344,7.95747456
1309,4008,124.86513,10.1937312
1309,4009,128.39587224,13.73026464
1309,4010,132.70894464,17.78251968
1309,4011,137.87442072,20.02755456
1309,4012,143.843502,21.96644832
1309,4013,150.48603888,26.5980672
1309,4014,158.38925904,30.12253056
1309,4015,167.14564488,32.73405696
1309,4016,176.67905736,35.6835456
1309,4017,186.7946988,36.94651488
1309,4018,197.24549832,38.35432512
1309,4019,207.98844864,40.06388736
1309,4020,219.61589808,41.53972896
1309,4021,230.57729856,38.39821632
1309,4022,241.23524016,38.34664416
1309,4023,251.89498008,38.37846528
1309,4024,262.59394776,38.5858512
1309,4025,273.2362836,38.14474464
1309,4026,283.86182496,38.377368
1309,4027,294.300402,35.33461056
1309,4028,302.99521824,26.93493216
1309,4029,309.38163168,19.3999104
1309,4030,313.84225776,12.88096992
1309,4031,316.75337208,7.95308544
1309,4032,318.43531944,5.84959968
1309,4033,320.63362848,9.79651584
1309,4034,323.34323952,8.19009792
1309,4035,325.47376104,12.24454752
1309,4036,330.34409928,18.79311456
1309,4037,335.56261056,18.81067104
1309,4038,341.09220072,21.36513888
1309,4039,347.44423272,24.80511168
1309,4040,354.63409896,26.1481824
1309,4041,361.9532004,26.5486896
1309,4042,369.22118688,24.82815456
1309,4043,375.60379032,21.20713056
1309,4044,380.57108544,13.3100064
1309,4045,382.94739768,5.89897728
1309,4046,384.5833812,5.8923936
1309,4047,386.21988288,5.89568544
1309,4048,387.86839368,5.94286848
1309,4049,389.50800432,5.8923936
1309,4050,391.14462792,5.8923936
1309,4051,392.781282,5.8923936
1309,4052,394.418058,5.8923936
1309,4053,396.05480352,5.8923936
1309,4054,397.69142712,5.8923936
1309,4055,399.48087744,9.2775024
1309,4056,403.80333768,19.48659552
1309,4057,409.46792376,22.51179648
1309,4058,416.1184464,24.13796544
1309,4059,422.79566952,24.04359936
1309,4060,429.36609072,22.51399104
1309,4061,435.2245296,20.903184
1309,4062,441.83055144,26.99199072
1309,4063,449.57859792,28.07061696
1309,4064,457.71767232,30.66129504
1309,4065,466.28904456,30.3178464
1309,4066,474.3634404,28.63461888
1309,4067,482.411532,28.99781856
1309,4068,490.2805536,27.18620928
1309,4069,497.2566636,29.7801792
1317,3977,22.2967296,18.8512704
1317,3978,26.17040232,16.37470944
1317,3979,30.50947416,14.04847584
1317,3980,33.77357736,10.95304896
1317,3981,37.42846464,13.82901984
1317,3982,40.6197816,9.7438464
1317,3983,43.35773904,9.63741024
1317,3984,45.40349568,6.10197408
1317,3985,47.34053016,7.91468064
1317,3986,49.68425928,8.16705504
1317,3987,51.98421912,8.7727536
1317,3988,54.89795472,12.58250976
1317,3989,58.5380592,13.24526688
1317,3990,62.2924332,13.71709728
1317,3991,66.07268472,13.14212256
1317,3992,70.12637232,16.87397184
1317,3993,74.9513868,17.3973744
1317,3994,79.76561136,16.25949504
1317,3995,83.40434424,10.86746112
1317,3996,86.20438944,9.29835072
1317,3997,88.71490512,10.0071936
1317,3998,91.77275016,9.46074816
1317,3999,93.74971344,5.87812896
1317,4000,95.53145232,8.24167008
1317,4001,97.88648952,7.35506784
1317,4002,99.89618832,7.47686592
1317,4003,101.97934392,7.48783872
1317,4004,104.0482044,7.18608672
1317,4005,105.80626032,5.68281312
1317,4006,107.38046088,5.67074304
1317,4007,108.94164648,5.34704544
1317,4008,110.82384744,9.64289664
1317,4009,113.66455296,9.43880256
1317,4010,116.5008084,11.5982496
1317,4011,120.01551816,14.27122368
1317,4012,124.84854888,20.75066208
1317,4013,131.28708312,24.20928864
1317,4014,137.97433416,24.95982816
1317,4015,145.2990744,27.53404704
1317,4016,153.3427464,29.22166368
1317,4017,161.47029936,30.4275744
1317,4018,170.33897352,32.88328704
1317,4019,179.48568624,32.92498368
1317,4020,188.63377056,32.93815104
1317,4021,197.7796908,32.9019408
1317,4022,206.9354256,33.77318112
1317,4023,217.02893856,37.8616464
1317,4024,227.52612864,38.20290048
1317,4025,238.18724016,38.34335232
1317,4026,248.79851688,37.84079808
1317,4027,259.21987272,37.33604928
1317,4028,269.49111456,36.73473984
1317,4029,279.45581904,34.29109728
1317,4030,288.66882576,32.59360512
1317,4031,297.09029736,27.02710368
1317,4032,303.69680688,20.62557216
1317,4033,308.60381256,14.52140352
1317,4034,311.95036416,10.89160128
1317,4035,314.9958648,10.9728
1317,4036,318.0438648,10.9728
1317,4037,321.09616248,11.56972032
1317,4038,325.10803152,16.88604192
1317,4039,329.84974416,17.74411488
1317,4040,335.40192,21.65372352
1317,4041,341.42580432,22.06959264
1317,4042,348.09388344,25.62039072
1317,4043,355.24869768,25.86947328
1317,4044,362.26766256,23.58383904
1317,4045,368.29392432,19.4822064
1317,4046,372.94209384,13.99032
1317,4047,376.06629384,8.50392
1317,4048,377.8174308,5.01895872
1317,4049,378.51978144,0.2084832
1317,4050,378.5213664,0
1317,4051,378.5213664,0
1317,4052,379.05101736,4.8774096
1317,4053,381.3721608,10.61398944
1317,4054,384.50584008,12.94900128
1317,4055,388.52042184,14.87801952
1317,4056,392.6422932,14.82644736
1317,4057,396.77562504,15.57698688
1317,4058,402.01318632,21.57581664
1317,4059,407.94282648,21.53741184
1317,4060,414.16306296,23.06592288
1317,4061,420.72424872,23.72868
1317,4062,427.34221872,24.28719552
1317,4063,434.17293912,25.21988352
1317,4064,441.4038924,26.48175552
1317,4065,448.54319232,24.45727392
1317,4066,455.40570336,25.44482592
1317,4067,462.41122656,25.00262208
1317,4068,469.92216912,29.82077856
1317,4069,478.532952,31.56435648
1317,4070,487.80792456,34.92203328
1317,4071,497.53211136,34.98567552
1317,4072,502.8751944,34.948368
1322,3981,21.5784176,12.015216
1322,3982,24.21855456,10.57119552
1322,3983,26.62851672,7.94320992
1322,3984,28.95929184,9.43770528
1322,3985,31.53122472,7.9881984
1322,3986,33.70085208,8.47868256
1322,3987,36.00925488,7.4121264
1322,3988,37.73433144,5.48530272
1322,3989,39.30801384,6.94907424
1322,3990,41.69517696,9.7438464
1322,3991,44.54402064,10.67214528
1322,3992,48.0866196,14.07371328
1322,3993,51.86988864,13.6556496
1322,3994,55.8994056,14.92520256
1322,3995,59.85409416,13.72587552
1322,3996,63.59786112,12.09422016
1322,3997,66.55862736,10.75224672
1322,3998,69.65393232,11.1593376
1322,3999,72.69117288,9.656064
1322,4000,75.0704112,8.92527552
1322,4001,77.67044664,9.44099712
1322,4002,80.28514296,9.34004736
1322,4003,82.87789368,9.2226384
1322,4004,85.34067768,8.5971888
1322,4005,87.72790176,8.5917024
1322,4006,90.11271792,8.45015328
1322,4007,92.33797128,7.66230624
1322,4008,94.44581568,7.60524768
1322,4009,96.55993896,7.30678752
1322,4010,98.86072176,9.69556608
1322,4011,101.44951008,9.5957136
1322,4012,104.55124632,12.40145856
1322,4013,108.55138056,16.86738816
1322,4014,113.83834992,21.8413584
1322,4015,120.9239136,27.89724672
1322,4016,128.84636664,28.42723296
1322,4017,136.62358248,28.36359072
1322,4018,145.07495496,32.43230496
1322,4019,154.20520848,33.19272
1322,4020,163.48524072,33.13895328
1322,4021,172.62521736,33.04897632
1322,4022,182.29274184,36.55807776
1322,4023,192.50012808,36.66122208
1322,4024,202.5301512,35.47725696
1322,4025,212.6374716,37.86932736
1322,4026,222.81334152,34.75195488
1322,4027,232.17716328,32.93047008
1322,4028,241.32238248,33.439608
1322,4029,251.28690408,38.05257312
1322,4030,261.97307016,38.6352288
1322,4031,272.51534016,36.17402976
1322,4032,281.80119408,30.44952
1322,4033,289.33152192,23.80878144
1322,4034,294.94685232,16.45810272
1322,4035,298.57043664,11.0221776
1322,4036,301.61676024,10.9728
1322,4037,304.6648212,10.9728
1322,4038,307.77496992,12.3773184
1322,4039,311.88440544,16.33191552
1322,4040,316.4497608,16.4592
1322,4041,321.12139992,18.4727088
1322,4042,326.97304176,22.35817728
1322,4043,333.15862248,22.0882464
1322,4044,339.26102328,21.9017088
1322,4045,345.3417528,22.1431104
1322,4046,351.63093504,22.91449824
1322,4047,357.9306024,21.40134912
1322,4048,362.80539072,13.32536832
1322,4049,365.45562672,6.3861696
1322,4050,366.59588352,2.70040608
1322,4051,367.21042128,0.94695264
1322,4052,367.248948,0
1322,4053,367.25973792,0.1810512
1322,4054,367.45922952,2.4195024
1322,4055,369.37596432,10.54705536
1322,4056,372.75848232,13.99361184
1322,4057,377.06753136,16.41860064
1322,4058,381.96005904,20.7276192
1322,4059,388.55733312,24.78097152
1322,4060,395.44063152,24.97299552
1322,4061,402.28820736,24.00738912
1322,4062,409.00359144,24.661368
1322,4063,415.81008024,24.33328128
1322,4064,422.7405312,25.50188448
1322,4065,429.81393336,25.2264672
1322,4066,436.94293104,25.9287264
1322,4067,444.22469448,27.4374864
1322,4068,451.95460536,27.53404704
1322,4069,459.7360884,28.28458656
1322,4070,467.85190656,32.00875488
1322,4071,477.3021696,34.29768096
1322,4072,486.7361868,33.73367904
1322,4073,496.1045196,33.71721984
1331,4073,465.554568,25.2593856
1331,4074,470.1904236,31.17701664
1331,4075,478.92029184,31.0365648
1331,4076,487.49093256,30.83466528
1331,4077,495.991896,29.79224928
1332,4023,161.87992008,46.40836032
1332,4024,174.35538408,44.631864
1332,4025,186.60395496,42.91132896
1332,4026,198.068946,40.19665824
1332,4027,209.007456,38.95124544
1332,4028,219.7914324,36.90262368
1332,4029,229.28095368,32.91181632
1332,4030,238.41934536,32.85695232
1332,4031,247.55145816,32.9184
1332,4032,256.59469128,31.00254912
1332,4033,264.2727252,26.34679008
1332,4034,272.2246524,28.4908752
1332,4035,279.06250512,22.11128928
1332,4036,285.00189888,19.47781728
1332,4037,289.80572976,16.45810272
1332,4038,294.22212936,13.99361184
1332,4039,297.50199072,10.97060544
1332,4040,300.54868008,11.16592128
1332,4041,304.288698,15.99175872
1332,4042,308.85362664,16.38348768
1332,4043,313.61822976,18.9171072
1332,4044,319.11618168,19.78725024
1332,4045,324.98166144,22.53703392
1332,4046,331.27757976,22.50631008
1332,4047,337.43194896,21.94450272
1332,4048,343.50588144,21.36843072
1332,4049,348.61131192,15.40361664
1332,4050,352.67246712,12.75697728
1332,4051,355.26918024,7.4285856
1332,4052,357.13483056,4.84778304
1332,4053,357.8952456,1.09508544
1332,4054,357.9580344,0
1332,4055,357.9580344,0
1332,4056,358.54495728,5.81229216
1332,4057,360.76344408,8.36017632
1332,4058,363.36286992,11.73760416
1332,4059,367.46688,16.56673344
1332,4060,372.25562328,18.27739296
1332,4061,377.98610712,23.426928
1332,4062,385.47924936,29.82077856
1332,4063,393.82726416,29.59144704
1332,4064,401.64727392,27.74143296
1332,4065,409.58527176,28.77177888
1332,4066,417.58343712,28.79591904
1332,4067,425.57742672,28.776168
1332,4068,433.33921968,27.65474784
1332,4069,441.49859376,30.54937248
1332,4070,449.84599896,28.70374752
1332,4071,458.72390856,36.84556512
1332,4072,469.2004332,37.46333376
1332,4073,479.0422728,33.58335168
1332,4074,488.32977264,33.165288
1332,4075,496.7029944,31.016448
1353,3993,19.3098928,11.0935008
1353,3994,21.380958,11.6640864
1353,3995,24.89252832,12.975336
1353,3996,28.24538928,11.0715552
1353,3997,31.29143856,11.52912096
1353,3998,34.82986176,13.86852192
1353,3999,38.7854952,14.2207488
1353,4000,42.29828472,10.89269856
1353,4001,45.25054704,11.75845248
1353,4002,48.75279048,11.78807904
1353,4003,51.88979208,11.17799136
1353,4004,54.74339064,9.57486528
1353,4005,57.4040508,9.5792544
1353,4006,60.07662864,9.92380032
1353,4007,63.01654656,10.9782864
1353,4008,66.06506472,10.9728
1353,4009,69.00955464,9.23251392
1353,4010,71.4780384,9.72299808
1353,4011,74.2284012,9.8974656
1353,4012,76.94880216,9.3323664
1353,4013,79.78249728,12.54520224
1353,4014,83.61447336,13.84877088
1353,4015,87.42124248,14.02982208
1353,4016,91.79368992,16.7554656
1353,4017,96.42146832,17.70241824
1353,4018,101.7646428,20.36441952
1353,4019,107.67559872,21.27406464
1353,4020,113.07814824,17.86152384
1353,4021,118.14892296,19.41746688
1353,4022,123.89751192,21.65591808
1353,4023,129.82434792,21.28394016
1353,4024,135.99913872,22.58860608
1353,4025,142.3063956,23.02751808
1353,4026,148.82768304,23.85596448
1353,4027,155.2617672,22.41084672
1353,4028,161.95740024,26.35995744
1353,4029,169.5024804,27.432
1353,4030,177.12315096,27.44077824
1353,4031,184.74571128,27.3112992
1353,4032,192.23239176,27.02929824
1353,4033,199.68493464,26.23815936
1353,4034,206.67515688,24.21587232
1353,4035,213.5226108,25.0015248
1353,4036,220.15054776,22.34171808
1353,4037,226.23173448,21.90280608
1353,4038,232.3270944,21.95218368
1353,4039,238.23798936,19.4328288
1353,4040,243.0540732,16.4372544
1353,4041,247.62619512,16.4592
1353,4042,252.19767696,16.46358912
1353,4043,256.8255468,16.97272704
1353,4044,261.59042424,17.17462656
1353,4045,266.26782408,16.49541024
1353,4046,270.79913328,16.14757248
1353,4047,275.48116608,18.434304
1353,4048,281.07046656,20.7989424
1353,4049,286.98486672,21.9510864
1353,4050,292.72924944,18.37834272
1353,4051,297.42435816,16.45700544
1353,4052,301.9964496,16.4592
1353,4053,306.5684496,16.4592
1353,4054,311.12463048,16.36373664
1353,4055,315.68605392,16.4592
1353,4056,320.25832824,16.43615712
1353,4057,324.73815672,15.73060608
1353,4058,328.86481344,13.91241312
1353,4059,332.677008,13.716
1353,4060,336.48566688,13.75221024
1353,4061,340.775544,17.67827808
1353,4062,345.88304712,18.51330816
1353,4063,351.02666904,18.51550272
1353,4064,356.16891936,18.54074016
1353,4065,361.65818448,21.50559072
1353,4066,367.81035912,22.2308928
1353,4067,373.98615576,22.2308928
1353,4068,380.16204384,22.2308928
1353,4069,386.34216864,22.2857568
1353,4070,392.52848088,22.2308928
1353,4071,398.7041556,22.2308928
1353,4072,404.88147624,22.1870016
1353,4073,410.78615328,20.3710032
1353,4074,416.6573328,21.80405088
1353,4075,422.62388424,21.94450272
1353,4076,429.01462584,23.13724608
1353,4077,435.28408752,22.49424
1353,4078,441.60179904,23.25794688
1353,4079,448.26683016,23.66503776
1353,4080,454.80369288,24.304752
1353,4081,461.88398352,27.40017888
1353,4082,469.85227848,28.885896
1353,4083,477.86732976,28.84090752
1353,4084,486.01131144,29.9667168
1353,4085,494.38779456,30.24432864
1353,4086,500.90417472,33.0610464
1361,3995,20.358354,10.8301536
1361,3996,22.51429584,11.92962816
1361,3997,25.53718032,9.01305792
1361,3998,28.09743936,9.5134176
1361,3999,30.63663672,8.87480064
1361,4000,33.4629252,12.46729536
1361,4001,37.1267736,12.16115424
1361,4002,40.11043032,10.45268928
1361,4003,43.337226,12.1304304
1361,4004,46.27647336,9.38393856
1361,4005,48.79372512,8.94612384
1361,4006,51.44499744,10.90037952
1361,4007,54.59205744,10.40550624
1361,4008,57.41788872,10.23323328
1361,4009,60.26267856,10.2376224
1361,4010,63.09103968,9.54853056
1361,4011,65.71326456,10.6381296
1361,4012,68.89187136,11.52144
1361,4013,72.0922104,11.52144
1361,4014,75.27868104,10.98487008
1361,4015,78.5274528,13.61285568
1361,4016,82.533744,14.47092864
1361,4017,86.57429472,15.45628608
1361,4018,91.66664928,19.28359872
1361,4019,96.92359584,19.59303168
1361,4020,102.338124,19.4273424
1361,4021,107.9773812,20.95585344
1361,4022,113.39175696,18.33335424
1361,4023,118.64468016,19.63802016
1361,4024,124.24236264,20.93829696
1361,4025,130.19297304,21.918168
1361,4026,136.44503064,22.86950976
1361,4027,142.88210184,22.73783616
1361,4028,149.01909744,21.93791904
1361,4029,155.10293592,21.71736576
1361,4030,161.06982264,21.35416608
1361,4031,167.04128136,22.42401408
1361,4032,173.81500416,25.84533312
1361,4033,181.23962736,27.34531488
1361,4034,188.4134916,24.2992656
1361,4035,195.05224896,23.27001696
1361,4036,201.52473792,23.97447072
1361,4037,208.1729136,23.6628432
1361,4038,214.86546816,24.32011392
1361,4039,221.36779704,22.19577984
1361,4040,227.450142,21.94121088
1361,4041,233.5467516,21.80953728
1361,4042,239.42594736,20.33589024
1361,4043,244.57529952,16.7719248
1361,4044,249.1499208,16.4592
1361,4045,253.72182936,16.45481088
1361,4046,258.35856888,17.05831488
1361,4047,263.13508968,17.13073536
1361,4048,267.79295184,16.42518432
1361,4049,272.29670712,16.18597728
1361,4050,277.0094028,18.24337728
1361,4051,282.2972256,19.20459456
1361,4052,287.53509168,18.12926016
1361,4053,292.4389884,17.55757728
1361,4054,297.25260336,16.84763712
1361,4055,301.84362288,16.4592
1361,4056,306.41568384,16.4592
1361,4057,310.974486,16.36263936
1361,4058,315.5332272,16.4592
1361,4059,320.09071872,16.02357984
1361,4060,324.4312536,15.64501824
1361,4061,328.79937288,15.7295088
1361,4062,333.24177192,16.34508288
1361,4063,337.81154688,16.46249184
1361,4064,342.3722388,16.36702848
1361,4065,346.95179784,16.78180032
1361,4066,351.691956,17.172432
1361,4067,356.46427056,17.51478336
1361,4068,361.66559112,19.9814688
1361,4069,367.54042824,21.94340544
1361,4070,373.63700736,21.9456
1361,4071,379.74623568,22.59628704
1361,4072,386.58326544,26.12404224
1361,4073,393.83028168,25.4514096
1361,4074,400.3459608,21.8303856
1361,4075,406.23363,21.92255712
1361,4076,412.79472432,24.1621056
1361,4077,419.5401312,24.5022624
1361,4078,426.38828616,24.6888
1361,4079,433.20184632,24.20160768
1361,4080,439.87498512,24.23672064
1361,4081,446.6309076,23.69466432
1361,4082,453.1993476,23.92948224
1361,4083,459.92914872,24.59882304
1361,4084,466.95158832,27.18291744
1361,4085,474.96356112,29.47732992
1361,4086,483.45010752,31.56435648
1361,4087,492.22843896,31.40964
1361,4088,498.65755488,30.1532544
1364,3999,20.8430876,16.5030912
1364,4000,24.37525224,12.85353792
1364,4001,26.8743684,7.89054048
1364,4002,30.12030552,14.68489824
1364,4003,33.86139024,11.39305824
1364,4004,36.81837696,10.93000608
1364,4005,39.5491716,8.6191344
1364,4006,42.67800456,13.10481504
1364,4007,45.54474,8.10780192
1364,4008,47.86850472,8.80896384
1364,4009,50.52733608,10.12131072
1364,4010,53.34051816,10.1169216
1364,4011,56.15053032,10.1169216
1364,4012,58.938414,9.46623456
1364,4013,61.22529792,7.49222784
1364,4014,63.30854496,7.50100608
1364,4015,65.44214496,9.18203904
1364,4016,69.57008184,19.48330368
1364,4017,74.953368,18.0173376
1364,4018,79.88588544,18.6098688
1364,4019,85.08272544,18.81506016
1364,4020,90.4911576,19.98914976
1364,4021,95.8829172,18.3355488
1364,4022,100.79687232,17.5674528
1364,4023,106.7845464,25.8189984
1364,4024,113.23158456,20.3106528
1364,4025,118.90677768,20.55534624
1364,4026,124.63403064,20.55534624
1364,4027,130.2652716,20.6343504
1364,4028,136.1026488,21.2159088
1364,4029,142.2205944,22.46571072
1364,4030,149.45947248,30.58777728
1364,4031,157.92535344,26.59148352
1364,4032,164.48010792,23.76818208
1364,4033,171.22341168,24.78097152
1364,4034,178.05050496,24.41228544
1364,4035,184.79844168,23.6957616
1364,4036,191.440308,23.88120192
1364,4037,197.90188512,22.62701088
1364,4038,204.14257368,22.49424
1364,4039,210.56876352,24.1566192
1364,4040,217.28588496,23.45655456
1364,4041,223.50106176,21.85013664
1364,4042,229.3095744,18.9335664
1364,4043,234.08460168,16.514064
1364,4044,238.64459256,16.23535488
1364,4045,243.14929272,16.25839776
1364,4046,247.6684404,16.23096576
1364,4047,252.19743312,16.431768
1364,4048,256.80808176,16.90469568
1364,4049,261.57055128,17.20973952
1364,4050,266.3028456,17.4796704
1364,4051,271.76385576,21.52424448
1364,4052,277.84367088,21.90061152
1364,4053,283.49332176,18.28836576
1364,4054,288.28206504,16.59526272
1364,4055,292.85357736,16.46578368
1364,4056,297.22105656,14.17905216
1364,4057,300.88898928,12.93473664
1364,4058,304.28982576,11.83197024
1364,4059,307.69450272,13.20247296
1364,4060,311.88410064,16.3275264
1364,4061,316.3558824,15.08869728
1364,4062,320.26134576,14.19990048
1364,4063,324.79466664,18.27958752
1364,4064,329.9607828,18.58024224
1364,4065,334.9890684,17.3534832
1364,4066,339.65101488,17.15487552
1364,4067,344.77430664,19.13546592
1364,4068,350.14628472,19.8552816
1364,4069,355.82711664,20.85600096
1364,4070,361.76294424,21.78210528
1364,4071,367.84647792,21.9456
1364,4072,373.94119776,21.98619936
1364,4073,380.20032672,23.56628256
1364,4074,387.22819176,26.49272832
1364,4075,394.5623808,25.75645344
1364,4076,401.40020304,24.33437856
1364,4077,408.2500344,24.67453536
1364,4078,414.89046816,22.86841248
1364,4079,421.14968856,22.5106992
1364,4080,427.67399352,24.8095008
1364,4081,434.67564576,25.2484128
1364,4082,441.79903512,26.26449408
1364,4083,448.89944256,24.86546208
1364,4084,456.6362724,30.88184832
1364,4085,465.29387256,31.08374784
1364,4086,473.75271264,29.71105056
1364,4087,481.10869488,23.17126176
1364,4088,487.75912608,24.73378848
1364,4089,494.52480216,24.64271424
1364,4090,499.2404544,22.4503488
1372,4002,20.4917548,11.4007392
1372,4003,22.94677656,10.92671424
1372,4004,25.99590432,12.26868768
1372,4005,29.64247056,12.42998784
1372,4006,32.7250044,10.26724896
1372,4007,35.40139224,8.94941568
1372,4008,38.12718816,11.28223296
1372,4009,41.00389056,8.64546912
1372,4010,43.6182516,10.76321952
1372,4011,46.72952808,11.29869216
1372,4012,49.6851432,9.46404
1372,4013,52.18243056,9.34224192
1372,4014,55.0502328,11.04851232
1372,4015,58.11795336,11.04522048
1372,4016,61.1857044,11.04631776
1372,4017,64.25436984,11.04302592
1372,4018,67.31983488,11.082528
1372,4019,70.77605352,13.92887232
1372,4020,74.86933464,15.5649168
1372,4021,79.75921056,20.62228032
1372,4022,85.90510632,21.84794208
1372,4023,91.929204,22.21882272
1372,4024,98.23737528,22.75100352
1372,4025,104.62464216,24.02604288
1372,4026,111.26193648,22.75539264
1372,4027,117.47232792,22.31209152
1372,4028,123.59298624,22.38670656
1372,4029,130.00341792,23.01873984
1372,4030,136.256268,22.67968032
1372,4031,142.68931584,22.92547104
1372,4032,148.86971496,22.24954656
1372,4033,155.23893768,23.14492704
1372,4034,161.67542976,22.60287072
1372,4035,167.38195632,19.2188592
1372,4036,172.89203928,23.3007408
1372,4037,180.7537152,29.05926624
1372,4038,188.3293668,26.76375648
1372,4039,195.69339576,26.4334752
1372,4040,202.98055416,26.04613536
1372,4041,210.26274432,26.5322304
1372,4042,217.60214544,25.02676224
1372,4043,223.7203044,18.40358016
1372,4044,227.87521608,13.194792
1372,4045,231.5315664,13.16736
1372,4046,235.1970912,13.61395296
1372,4047,239.41031112,16.35825024
1372,4048,243.9719784,16.4592
1372,4049,248.54370408,16.4592
1372,4050,253.11600888,16.45590816
1372,4051,257.63896656,16.89920928
1372,4052,262.71967776,18.95770656
1372,4053,268.320774,21.48583968
1372,4054,274.37647944,21.87208224
1372,4055,280.07108832,18.31470048
1372,4056,284.77835856,16.45700544
1372,4057,289.35054144,16.4592
1372,4058,293.89385976,15.9544512
1372,4059,298.04752176,13.85206272
1372,4060,301.9263456,15.18306336
1372,4061,306.41796984,16.19804736
1372,4062,310.50070488,13.32207648
1372,4063,314.1828108,13.4197344
1372,4064,318.28029816,16.21121472
1372,4065,322.97287704,18.06890976
1372,4066,328.276458,19.3889376
1372,4067,333.58107528,18.06781248
1372,4068,338.27453808,16.46688096
1372,4069,342.83093232,16.50199392
1372,4070,348.09677904,22.25613024
1372,4071,354.60392376,23.59042272
1372,4072,361.19848512,24.08419872
1372,4073,367.8132852,22.78392192
1372,4074,373.94747664,21.9456
1372,4075,380.0819424,23.06043648
1372,4076,387.07963224,26.48504736
1372,4077,394.42799448,26.12952864
1372,4078,401.15697264,22.71589056
1372,4079,407.5052556,22.35927456
1372,4080,414.00615192,25.54138656
1372,4081,421.25895936,26.13830688
1372,4082,428.40560496,24.66795168
1372,4083,435.17167728,25.53699744
1372,4084,442.6707936,27.85664736
1372,4085,450.8391288,31.62470688
1372,4086,459.9162252,32.46083424
1372,4087,468.2035848,27.41224896
1372,4088,475.77615792,27.25862976
1372,4089,483.34720704,27.26301888
1372,4090,490.71175416,25.17489504
1372,4091,497.371183733333,26.9662656
1378,4006,20.6396336,25.566624
1378,4007,24.94108296,19.120104
1378,4008,28.26968184,8.03647872
1378,4009,30.49423416,8.83529856
1378,4010,33.93853512,12.06569088
1378,4011,36.12340248,7.31227392
1378,4012,38.7457188,11.14397568
1378,4013,41.82916704,10.9728
1378,4014,44.87872152,10.99255104
1378,4015,47.58208416,7.16084928
1378,4016,49.10687664,5.1242976
1378,4017,50.52925632,5.11990848
1378,4018,52.229004,9.46074816
1378,4019,56.45435496,18.74593152
1378,4020,61.69356216,18.85565952
1378,4021,66.54994056,15.1644096
1378,4022,71.93593944,24.80511168
1378,4023,78.41351856,22.42730592
1378,4024,84.9886032,23.96020608
1378,4025,91.23337608,21.38269536
1378,4026,97.6059516,24.08858784
1378,4027,104.15265936,22.49753184
1378,4028,110.10040464,21.62629152
1378,4029,116.2662648,22.51399104
1378,4030,122.54441328,22.76636544
1378,4031,128.9207988,22.50631008
1378,4032,135.4017612,25.36472448
1378,4033,142.5331668,23.79780864
1378,4034,148.60755648,21.37172256
1378,4035,154.7786592,23.00557248
1378,4036,161.07223056,22.39658208
1378,4037,167.54965728,24.13028448
1378,4038,174.17896584,23.58493632
1378,4039,181.10578968,26.66609856
1378,4040,188.2594152,24.441912
1378,4041,195.11491584,25.41958848
1378,4042,202.24961328,24.61637952
1378,4043,208.80509928,23.2952544
1378,4044,215.2675908,23.23929312
1378,4045,221.3582568,18.55610208
1378,4046,225.70159584,14.79243168
1378,4047,229.81624344,14.81328
1378,4048,233.94232104,14.96360736
1378,4049,238.12554864,15.05687616
1378,4050,242.3522712,15.72841152
1378,4051,246.84240192,16.2726624
1378,4052,251.36319552,16.2726624
1378,4053,255.95040504,17.8746912
1378,4054,261.58115832,21.5286336
1378,4055,267.5599932,21.09411072
1378,4056,272.76512376,17.08245504
1378,4057,277.6784388,18.03050496
1378,4058,282.67270872,17.638776
1378,4059,287.36809176,16.46249184
1378,4060,291.65315304,13.70392992
1378,4061,295.23985656,12.79867392
1378,4062,298.9591176,14.1329664
1378,4063,302.80733952,13.43729088
1378,4064,306.55650144,13.76318304
1378,4065,310.48287408,14.27232096
1378,4066,314.47566264,14.89447872
1378,4067,318.88529568,16.89152832
1378,4068,324.2358768,21.30588576
1378,4069,330.17511816,21.02278752
1378,4070,335.67556944,19.30444704
1378,4071,341.06108064,18.06342336
1378,4072,345.84433752,19.09596384
1378,4073,352.18670736,24.8588784
1378,4074,358.99270848,24.3102384
1378,4075,365.97393912,25.78827456
1378,4076,373.15271064,26.05820544
1378,4077,380.45876664,26.39068128
1378,4078,387.70495992,24.9192288
1378,4079,394.23874416,22.98691872
1378,4080,400.59796944,22.2912432
1378,4081,406.53943584,20.62118304
1378,4082,412.56962952,23.98983264
1378,4083,419.48484048,24.99274656
1378,4084,426.77736336,27.97076448
1378,4085,434.69201352,28.47222144
1378,4086,442.25864304,25.8354576
1378,4087,449.43287304,26.50809024
1378,4088,457.25742432,28.54244736
1378,4089,465.00544032,28.309824
1378,4090,473.06215776,29.52890208
1378,4091,481.2366804,28.26154368
1378,4092,488.3312052,24.5077488
1378,4093,496.26106488,32.1557904
1378,4094,501.2067192,32.4026784
1381,4060,285.0826785,13.4156196
1381,4061,288.44299944,13.40217792
1381,4062,292.11157224,12.7778256
1381,4063,295.52344248,12.27966048
1381,4064,298.97353464,12.34330272
1381,4065,302.57532576,14.621256
1381,4066,307.03470216,16.46029728
1381,4067,310.0004976,16.9310304
1382,4065,301.614467466667,15.8203392
1382,4066,305.60561688,15.07991904
1382,4067,310.61963784,20.46646656
1382,4068,315.8056041,22.4750376
1384,4008,18.4507632,14.6706336
1384,4009,21.08548488,14.60260224
1384,4010,24.99552024,11.6421408
1384,4011,26.73848856,1.82806848
1384,4012,27.04234368,3.7691568
1384,4013,30.07891368,16.49650752
1384,4014,34.30664208,11.41500384
1384,4015,37.12896816,11.51814816
1384,4016,40.56500904,10.96402176
1384,4017,42.5865036,3.88107936
1384,4018,43.65019464,6.03723456
1384,4019,45.85130784,8.23618368
1384,4020,48.13724688,8.2296
1384,4021,50.44177872,9.17435808
1384,4022,54.34138992,15.94128384
1384,4023,58.8079596,20.37868416
1384,4024,64.91654784,21.59776224
1384,4025,70.91668824,21.60215136
1384,4026,77.00653128,23.399496
1384,4027,84.118704,26.64854208
1384,4028,91.2520908,22.78940832
1384,4029,97.7039448,25.4623824
1384,4030,104.31206976,22.62262176
1384,4031,110.7438984,23.31390816
1384,4032,117.62954376,27.14890176
1384,4033,125.42541336,27.80726976
1384,4034,132.53929296,21.18079584
1384,4035,137.87131176,21.50559072
1384,4036,144.33374232,23.2513632
1384,4037,150.8145828,24.00519456
1384,4038,158.18501256,25.80363648
1384,4039,164.16418272,20.62447488
1384,4040,170.07431568,21.99717216
1384,4041,176.84913576,26.03187072
1384,4042,184.14601728,26.54978688
1384,4043,189.42966432,11.67176736
1384,4044,193.07851656,16.95626784
1384,4045,198.81521832,21.35636064
1384,4046,204.81176208,22.27368672
1384,4047,211.02498816,22.35598272
1384,4048,217.22401056,22.26710304
1384,4049,223.19952312,20.64093408
1384,4050,228.9058668,20.56083264
1384,4051,234.21694584,17.13073536
1384,4052,238.87703304,16.95187872
1384,4053,243.51075504,16.4537136
1384,4054,248.42446632,20.12192064
1384,4055,254.42747184,21.84245568
1384,4056,260.26015512,19.76859648
1384,4057,265.69388568,19.9869552
1384,4058,270.66054072,14.7474432
1384,4059,274.86537864,16.41860064
1384,4060,279.29778024,14.94605088
1384,4061,282.99317544,11.66079456
1384,4062,286.0790316,11.11873824
1384,4063,289.195002,11.24712
1384,4064,292.30752816,11.2306608
1384,4065,295.896792,14.83193376
1384,4066,300.01485336,14.53786272
1384,4067,304.0520208,14.511528
1384,4068,308.09086464,14.9449536
1384,4069,312.918348,20.50706592
1384,4070,318.81961128,20.656296
1384,4071,324.88720392,23.96678976
1384,4072,331.7217648,24.04908576
1384,4073,338.03103336,21.82051008
1384,4074,344.44225752,24.9960384
1384,4075,351.55750872,25.6653792
1384,4076,358.67559456,25.48871712
1384,4077,365.6082096,24.15881376
1384,4078,372.17396736,25.22207808
1384,4079,379.92579336,28.85956128
1384,4080,387.74790624,26.25352128
1384,4081,394.56548976,24.030432
1384,4082,401.15904528,22.28246496
1384,4083,406.72131,18.6318144
1384,4084,412.16750688,22.15298592
1384,4085,418.40801256,19.26604224
1384,4086,424.43939496,29.97110592
1384,4087,433.26180048,26.77802112
1384,4088,439.50401304,23.3117136
1384,4089,446.78044248,27.47479392
1384,4090,454.65882144,28.87711776
1384,4091,462.65308536,28.71362304
1384,4092,469.46158584,18.69984576
1384,4093,476.14054632,31.17262752
1384,4094,484.83923352,30.7951632
1384,4095,492.44198184,24.83254368
1384,4096,498.2150056,27.0863568
1391,4014,21.4187532,8.69923584
1391,4015,24.57334176,14.32718496
1391,4016,28.74971136,14.95263456
1391,4017,32.04005784,7.3956672
1391,4018,33.8936076,7.67437632
1391,4019,36.02540928,6.58148544
1391,4020,37.79660208,7.94211264
1391,4021,40.32561912,8.79250464
1391,4022,42.48320688,7.80934176
1391,4023,45.04160664,11.27235744
1391,4024,48.5441244,13.5623808
1391,4025,53.23441728,20.99206368
1391,4026,59.65908312,23.69905344
1391,4027,65.88940848,18.82493568
1391,4028,71.7875628,26.90969472
1391,4029,79.44980808,26.54649504
1391,4030,86.86934112,28.71362304
1391,4031,95.11332768,29.15582688
1391,4032,102.89188464,27.02710368
1391,4033,110.33107728,26.98101792
1391,4034,117.93093,27.27618624
1391,4035,125.35168224,25.88044608
1391,4036,132.61214016,26.5980672
1391,4037,139.72492248,24.95982816
1391,4038,146.60310024,23.5586016
1391,4039,152.44194048,19.47452544
1391,4040,157.84857432,19.67093856
1391,4041,163.230306,18.62303616
1391,4042,168.77160048,21.28613472
1391,4043,174.2797632,18.38931552
1391,4044,179.15698992,17.89005312
1391,4045,184.72867296,21.40025184
1391,4046,190.76947368,21.95547552
1391,4047,196.865748,21.94450272
1391,4048,202.95684072,21.91707072
1391,4049,209.09261712,22.5106992
1391,4050,215.44577688,22.91779008
1391,4051,221.43585888,18.91600992
1391,4052,226.15562592,16.43944896
1391,4053,230.7278088,16.4592
1391,4054,235.2998088,16.4592
1391,4055,239.86552992,16.40214144
1391,4056,244.428264,16.4592
1391,4057,249.00008112,16.4592
1391,4058,253.58088984,16.85312352
1391,4059,258.59655672,19.01147328
1391,4060,263.88773232,18.58572864
1391,4061,268.69238616,16.2452304
1391,4062,273.18986256,16.3988496
1391,4063,277.43956704,12.88535904
1391,4064,280.5824208,10.9728
1391,4065,283.63185336,11.2635792
1391,4066,287.13306048,12.87548352
1391,4067,290.56794312,13.99141728
1391,4068,294.9842208,16.4592
1391,4069,299.55466632,16.50967488
1391,4070,304.68207288,21.0732624
1391,4071,310.74597744,21.8578176
1391,4072,316.90632072,22.49643456
1391,4073,323.28173088,24.60979584
1391,4074,330.58979856,26.64415296
1391,4075,337.75936512,25.88922432
1391,4076,345.24372912,27.075384
1391,4077,352.6266252,26.26449408
1391,4078,360.01906152,27.10939968
1391,4079,367.52226216,25.52383008
1391,4080,373.94168544,21.93791904
1391,4081,380.06438592,22.7301552
1391,4082,386.79857616,25.16940864
1391,4083,393.7729488,24.75683136
1391,4084,400.25613624,21.8797632
1391,4085,406.29821712,21.94779456
1391,4086,412.38870024,21.90938976
1391,4087,418.47872616,21.73272768
1391,4088,424.51038288,22.03667424
1391,4089,430.855374,24.12808992
1391,4090,438.13159008,27.65035872
1391,4091,445.80432048,27.16536096
1391,4092,453.17642664,26.91518112
1391,4093,460.845408,27.2893536
1391,4094,468.40118664,28.419552
1391,4095,476.65456104,30.02596992
1391,4096,484.89370128,29.66935392
1391,4097,492.91365984,27.74691936
1391,4098,498.74948256,28.77507072
1393,4089,423.457962666667,22.6844352
1393,4090,429.52967688,23.19759648
1393,4091,436.25899032,25.20891072
1393,4092,443.24509776,24.7656096
1393,4093,449.80320504,22.93973568
1393,4094,456.59914776,25.98468768
1393,4095,463.6550544,25.66318464
1393,4096,471.6126204,30.8829456
1393,4097,480.17875008,29.42136864
1393,4098,487.88046696,27.29484
1393,4099,495.49936968,27.47918304
1393,4100,500.1452532,27.7172928
1394,4094,404.0632,20.647152
1394,4095,408.566112,20.1131424
1394,4096,414.15455904,20.14825536
1394,4097,419.99653872,22.41084672
1394,4098,426.37920312,23.05495008
1394,4099,433.0104624,24.98067648
1394,4100,440.03817504,25.31754144
1394,4101,446.82997248,23.69137248
1394,4102,453.81845736,28.19241504
1394,4103,462.3750468,31.73662944
1394,4104,470.94553512,29.10096288
1394,4105,478.78721616,28.22094432
1394,4106,486.56888208,26.9217648
1394,4107,493.79127048,26.34130368
1394,4108,499.1644068,28.7267904
1397,4019,21.0463384,8.3722464
1397,4020,22.9337616,3.90741408
1397,4021,23.7651036,8.0979264
1397,4022,29.0136072,22.95619488
1397,4023,32.5441056,5.8649616
1397,4024,34.84507128,10.09278144
1397,4025,37.72040208,11.95596288
1397,4026,42.70046832,21.57362208
1397,4027,48.27510792,19.47672
1397,4028,54.15814416,25.36582176
1397,4029,61.937646,26.62879104
1397,4030,68.79957792,24.41009088
1397,4031,75.1825776,21.73601952
1397,4032,81.59956248,26.29960704
1397,4033,90.26435592,33.67991232
1397,4034,98.82487728,27.25424064
1397,4035,105.84390312,24.51213792
1397,4036,112.920018,26.444448
1397,4037,120.19236312,25.29120672
1397,4038,127.0656336,24.48470592
1397,4039,133.77291,22.48655904
1397,4040,139.73120136,21.89293056
1397,4041,145.79373432,21.40354368
1397,4042,151.71599832,21.35745792
1397,4043,157.6099464,20.71335456
1397,4044,163.17218064,19.47013632
1397,4045,168.2537148,17.09452512
1397,4046,172.85357352,16.4976048
1397,4047,177.71827296,19.43941248
1397,4048,183.61612248,22.36585824
1397,4049,189.92859144,23.10432768
1397,4050,196.57609656,23.68588608
1397,4051,202.80419688,21.91048704
1397,4052,208.65245544,19.7071488
1397,4053,213.96902088,19.03122432
1397,4054,219.25760568,19.0816992
1397,4055,224.18658744,15.58795968
1397,4056,228.25777056,14.5444464
1397,4057,232.24467648,13.55908896
1397,4058,235.75923384,12.88426176
1397,4059,239.8652556,16.26607872
1397,4060,244.428264,16.4592
1397,4061,249.000264,16.4592
1397,4062,253.5733308,16.64793216
1397,4063,258.52087488,18.94783104
1397,4064,263.82524832,18.82603296
1397,4065,268.697202,15.91933824
1397,4066,272.37501024,10.99584288
1397,4067,275.4040212,10.97389728
1397,4068,278.45192976,10.97060544
1397,4069,281.6556216,13.44168
1397,4070,285.99572976,16.46139456
1397,4071,290.61744264,17.82970272
1397,4072,296.28218112,21.94779456
1397,4073,302.37991848,22.18590432
1397,4074,308.92708344,24.77438784
1397,4075,315.84013032,25.00481664
1397,4076,322.86851352,25.56772128
1397,4077,329.975718,25.69061664
1397,4078,337.28796144,26.89652736
1397,4079,344.8153632,27.57684096
1397,4080,352.66503,28.60170048
1397,4081,360.46937304,27.00735264
1397,4082,367.30234896,22.57434144
1397,4083,373.52880336,22.98362688
1397,4084,380.07779712,23.63650848
1397,4085,386.53864272,22.82452128
1397,4086,392.85114216,22.69613952
1397,4087,399.1560216,22.69833408
1397,4088,405.460962,22.69943136
1397,4089,411.76599384,22.70711232
1397,4090,417.9025932,20.354544
1397,4091,422.91682752,17.55318816
1397,4092,428.38582344,21.58240032
1397,4093,434.280564,20.29748544
1397,4094,440.16302112,22.83329952
1397,4095,447.17195808,27.07099488
1397,4096,454.73011416,27.788616
1397,4097,462.9861708,31.1572656
1397,4098,471.6447768,30.47914656
1397,4099,479.46186048,26.42359968
1397,4100,486.78778944,26.03625984
1397,4101,493.6367064,24.38595072
1397,4102,498.85847904,24.6778272
1403,4026,21.660612,12.1468896
1403,4027,23.52178176,12.37951296
1403,4028,27.17517552,14.36120064
1403,4029,31.2211212,14.01446016
1403,4030,35.2946208,15.86227968
1403,4031,39.56279616,14.56858656
1403,4032,44.10754704,18.53525376
1403,4033,49.9591584,23.88120192
1403,4034,57.18517392,28.44040032
1403,4035,65.47664832,30.11814144
1403,4036,73.8330756,30.76334208
1403,4037,82.7644776,33.19601184
1403,4038,92.10803016,33.96191328
1403,4039,101.75674848,35.04822048
1403,4040,111.38681304,33.72270624
1403,4041,120.18169512,29.89649088
1403,4042,128.02374192,27.09842688
1403,4043,135.60680016,27.17743104
1403,4044,143.1144204,26.85702528
1403,4045,150.29630088,24.37168608
1403,4046,156.64031664,21.98510208
1403,4047,162.66862056,21.34099872
1403,4048,168.66485952,21.95218368
1403,4049,174.76079856,21.94669728
1403,4050,180.85835304,21.95218368
1403,4051,187.06371528,22.65005376
1403,4052,193.3504896,22.63249728
1403,4053,199.60388832,22.20016896
1403,4054,205.60884456,20.70347904
1403,4055,210.92089896,18.04586688
1403,4056,215.91873504,18.03050496
1403,4057,220.82177832,16.90140384
1403,4058,225.39524136,16.38129312
1403,4059,229.73702592,14.89777056
1403,4060,233.972862,15.45299424
1403,4061,238.34561424,16.28144064
1403,4062,242.90398968,16.44603264
1403,4063,247.4759592,16.4592
1403,4064,252.0479592,16.4592
1403,4065,256.62639048,16.79825952
1403,4066,261.46469424,17.74411488
1403,4067,266.34527376,16.59197088
1403,4068,270.12637872,11.09130624
1403,4069,273.11744208,10.87185024
1403,4070,276.16090056,11.16592128
1403,4071,279.90097944,15.98846688
1403,4072,284.65223232,18.93137184
1403,4073,290.4875064,21.94669728
1403,4074,296.59792344,22.3735392
1403,4075,303.13310976,24.62186592
1403,4076,310.04685768,24.88301856
1403,4077,317.0934984,26.03187072
1403,4078,324.37550568,26.22608928
1403,4079,331.6605,26.22718656
1403,4080,338.94625632,26.18439264
1403,4081,346.1288988,25.50846816
1403,4082,353.1934008,25.4239776
1403,4083,360.23574384,25.28023392
1403,4084,367.27808688,25.429464
1403,4085,374.06323968,22.78063008
1403,4086,380.20410624,22.47339168
1403,4087,386.73066672,24.13247904
1403,4088,393.42032568,23.74075008
1403,4089,399.73035624,21.95767008
1403,4090,405.82592952,21.9456
1403,4091,411.92235624,21.81721824
1403,4092,417.88768848,21.4682832
1403,4093,423.8035212,20.93171328
1403,4094,429.80689248,22.50192096
1403,4095,436.01039544,22.07288448
1403,4096,442.2791256,23.4324144
1403,4097,449.0836332,24.94995264
1403,4098,456.02325864,25.48213344
1403,4099,463.08657192,25.57320768
1403,4100,470.835228,30.03913728
1403,4101,479.26727616,29.65618656
1403,4102,486.8863008,25.96383936
1403,4103,494.16608304,26.2743696
1403,4104,499.2259002,25.1496576
1409,4028,20.0200768,12.8162304
1409,4029,22.28648832,12.9314448
1409,4030,26.25199728,15.18196608
1409,4031,30.46850904,15.17428512
1409,4032,34.80121056,17.4138336
1409,4033,40.11643488,19.3231008
1409,4034,45.45113592,19.257264
1409,4035,50.83503168,19.47452544
1409,4036,56.37452784,22.7905056
1409,4037,64.7413488,34.54456896
1409,4038,74.16155856,33.8291424
1409,4039,83.28839832,32.14262304
1409,4040,92.46117144,33.61297824
1409,4041,101.80615656,33.44838624
1409,4042,110.88081456,32.11299648
1409,4043,119.83970952,32.89425984
1409,4044,129.12632544,32.4301104
1409,4045,137.12385072,25.25060736
1409,4046,143.84956752,24.09846336
1409,4047,150.69168744,24.64600608
1409,4048,156.6510456,17.87908032
1409,4049,161.42759688,17.45991936
1409,4050,166.29409464,17.90651232
1409,4051,171.83749224,21.8029536
1409,4052,177.93617448,21.99936672
1409,4053,184.11669552,22.47997536
1409,4054,190.37058192,22.51179648
1409,4055,196.56024696,22.00704768
1409,4056,202.65280272,21.73382496
1409,4057,207.58836816,12.57373152
1409,4058,210.62722416,10.7094528
1409,4059,213.6029256,10.7094528
1409,4060,216.61233792,12.2730768
1409,4061,224.46733872,35.19086688
1409,4062,230.3123664,15.42117312
1409,4063,234.8450472,16.4592
1409,4064,239.41287144,16.44383808
1409,4065,243.99572232,16.50089664
1409,4066,248.5683624,16.4592
1409,4067,253.1403624,16.45261632
1409,4068,257.6881308,16.24632768
1409,4069,261.80829528,13.22112672
1409,4070,265.42145544,13.0356864
1409,4071,269.03967528,12.84037056
1409,4072,272.356326,11.09459808
1409,4073,275.63768088,13.99251456
1409,4074,280.14881232,18.37175904
1409,4075,285.92157192,21.95328096
1409,4076,292.01757192,21.9456
1409,4077,298.1136024,21.9456
1409,4078,304.21015104,21.94450272
1409,4079,310.52085216,25.91555904
1409,4080,318.81065016,31.32514944
1409,4081,325.75871856,20.56961088
1409,4082,334.15641576,35.497008
1409,4083,342.52796112,27.37055232
1409,4084,350.23528632,28.15291296
1409,4085,358.01996976,27.06660576
1409,4086,364.8015564,22.24625472
1409,4087,370.9006044,21.9456
1409,4088,376.993404,21.63068064
1409,4089,382.7756124,20.65190688
1409,4090,388.64273808,21.21810336
1409,4091,394.24883304,18.09524448
1409,4092,399.13142424,18.5111136
1409,4093,404.66107536,20.71774368
1409,4094,410.60412672,22.4997264
1409,4095,416.81092152,22.53045024
1409,4096,423.39472344,24.30694656
1409,4097,430.1744508,24.91593696
1409,4098,437.30896536,26.03406528
1409,4099,444.4965456,25.127712
1409,4100,451.40733696,26.24474304
1409,4101,459.8679144,33.08408928
1409,4102,468.61283976,30.4714656
1409,4103,477.03778608,29.26774944
1409,4104,484.57094856,26.4499344
1409,4105,492.0746064,27.42541632
1409,4106,499.90150464,28.50404256
1409,4107,506.2370876,28.52928
1412,4022,20.974812,9.3378528
1412,4023,22.66312968,9.92380032
1412,4024,25.69909008,11.38318272
1412,4025,29.02637832,11.89232064
1412,4026,32.24467008,12.32903808
1412,4027,36.00072048,14.53566816
1412,4028,39.96952128,14.12309088
1412,4029,44.16625152,16.49541024
1412,4030,49.24784664,19.8443088
1412,4031,54.87625296,20.3106528
1412,4032,60.51709512,20.31284736
1412,4033,65.5926552,20.3860908
1418,4031,20.5522068,13.7489184
1418,4032,23.17747968,13.97605536
1418,4033,26.89079712,14.17905216
1418,4034,31.55237784,19.36918656
1418,4035,37.2014496,20.06486208
1418,4036,42.72527904,19.48879008
1418,4037,48.56646624,25.03115136
1418,4038,56.72337144,31.52375712
1418,4039,65.4678396,30.8390544
1418,4040,73.27352376,26.37422208
1418,4041,80.93134944,29.42795232
1418,4042,89.69498952,32.35659264
1418,4043,98.7943668,33.9224112
1418,4044,107.84003832,30.70079712
1418,4045,116.23157856,28.98794304
1418,4046,123.96371448,26.9491968
1418,4047,131.03178264,24.71403744
1418,4048,137.91441048,24.50445696
1418,4049,144.7115724,23.96020608
1418,4050,150.62539344,18.87102144
1418,4051,155.80589616,18.65376
1418,4052,160.98630744,18.49136256
1418,4053,166.16805984,19.61497728
1418,4054,171.87891456,20.45659104
1418,4055,177.41057736,23.07689568
1418,4056,184.498488,23.93057952
1418,4057,190.76977848,21.94998912
1418,4058,196.72733832,19.98805248
1418,4059,201.66439728,16.46688096
1418,4060,206.10816792,15.35753088
1418,4061,210.5165208,16.65561312
1418,4062,215.1603012,16.72364448
1418,4063,219.77783832,16.48772928
1418,4064,224.255838,15.8172912
1418,4065,228.74423136,16.46029728
1418,4066,233.3161704,16.4592
1418,4067,237.88777416,16.42847616
1418,4068,242.44358928,16.4262816
1418,4069,247.0157112,16.46139456
1418,4070,251.58798552,16.46358912
1418,4071,255.89279784,13.8915648
1418,4072,259.56621696,13.19259744
1418,4073,263.23216848,13.15309536
1418,4074,266.73877056,13.14431712
1418,4075,270.95656248,16.39665504
1418,4076,276.16842912,21.42878112
1418,4077,282.25906464,22.14201312
1418,4078,288.7291152,24.33657312
1418,4079,295.51085424,24.2608608
1418,4080,302.00053392,22.55239584
1418,4081,308.24649552,22.67199936
1418,4082,314.94874272,25.53151104
1418,4083,322.07566776,25.6544064
1418,4084,329.20140408,25.79485824
1418,4085,336.59725416,27.36945504
1418,4086,344.19302256,27.322272
1418,4087,351.80515872,27.43968096
1418,4088,359.0897568,23.71331808
1418,4089,365.2528128,21.9456
1418,4090,371.34902616,21.9456
1418,4091,377.43088344,21.40134912
1418,4092,383.02917552,19.2627504
1418,4093,388.35668328,19.16509248
1418,4094,393.41819208,16.1464752
1418,4095,397.6777416,16.04662272
1418,4096,402.31960176,17.05941216
1418,4097,407.2042656,17.78361696
1418,4098,412.1318148,18.4727088
1418,4099,417.58907592,21.06119232
1418,4100,423.68766672,22.7740464
1418,4101,430.44599712,25.73341056
1418,4102,437.78902536,27.17852832
1418,4103,445.58974128,28.66973184
1418,4104,453.61485096,28.62474336
1418,4105,461.4243756,28.0190448
1418,4106,469.39529184,30.12691968
1418,4107,478.08160416,31.60605312
1418,4108,486.6641016,29.57389056
1418,4109,494.74200264,29.31602976
1418,4110,499.6181016,29.8130976
1422,4034,22.44614256,14.648688
1422,4035,26.84425416,17.8198272
1422,4036,32.45580504,20.96024256
1422,4037,37.8192792,17.92736064
1422,4038,43.147488,21.69980928
1422,4039,50.22345048,29.52999936
1422,4040,58.9123536,31.5906912
1422,4041,67.61625288,30.18397824
1422,4042,75.58851024,28.1781504
1422,4043,83.50587312,29.28750048
1422,4044,92.02524648,31.89573504
1422,4045,100.70899848,29.10754656
1422,4046,108.42729648,27.61195392
1422,4047,116.11154832,27.73484928
1422,4048,124.13196408,30.97292256
1422,4049,132.43861752,26.88994368
1422,4050,139.35355416,23.17235904
1422,4051,145.51840848,21.9126816
1422,4052,151.59508416,21.53521728
1422,4053,157.44757944,20.75395392
1422,4054,163.07693064,19.68849504
1422,4055,168.75629952,21.314664
1422,4056,174.63753744,21.44524032
1422,4057,180.70637976,21.95328096
1422,4058,186.80405616,21.96315648
1422,4059,192.85570776,21.0897216
1422,4060,198.14831592,17.0407584
1422,4061,202.72830168,16.42957344
1422,4062,207.26253696,16.01589888
1422,4063,211.63748376,15.6801312
1422,4064,215.98487664,15.6307536
1422,4065,220.33492128,15.67574208
1422,4066,224.51543616,13.1179824
1422,4067,227.56438104,10.14764544
1422,4068,230.55617592,12.9040128
1422,4069,234.84541296,16.46139456
1422,4070,239.41268856,16.40214144
1422,4071,243.9738072,16.4592
1422,4072,248.5456548,16.4592
1422,4073,253.11286944,16.04772
1422,4074,257.37973416,15.6197808
1422,4075,261.89973528,16.36702848
1422,4076,266.43942648,16.79277312
1422,4077,271.7906172,21.44853216
1422,4078,278.16675888,25.51395456
1422,4079,285.69275856,27.43968096
1422,4080,293.06379792,24.90935328
1422,4081,299.59398552,22.54032576
1422,4082,305.7325356,21.9620592
1422,4083,312.11873568,24.44849568
1422,4084,319.0542768,24.89947776
1422,4085,325.97189568,25.48652256
1422,4086,333.19407072,26.05601088
1422,4087,340.2362004,24.36181056
1422,4088,346.9288464,24.13686816
1422,4089,353.65672728,24.2389152
1422,4090,360.19045056,22.56117408
1422,4091,366.3298236,21.9456
1422,4092,372.42710376,21.9071952
1422,4093,378.24311448,19.63143648
1422,4094,383.653284,19.80919584
1422,4095,389.1919572,19.93977216
1422,4096,394.45192128,17.31398112
1422,4097,399.05242008,16.59526272
1422,4098,403.76249448,16.86629088
1422,4099,408.44026008,17.0133264
1422,4100,413.382714,19.4547744
1422,4101,418.98713256,21.04473312
1422,4102,425.50098288,25.51505184
1422,4103,433.0157964,28.3866336
1422,4104,441.02770824,28.92320352
1422,4105,448.92221112,28.47331872
1422,4106,457.2192024,29.99744064
1422,4107,465.31901856,29.06365536
1422,4108,473.7754812,31.82770368
1422,4109,482.4965712,30.37161312
1422,4110,490.48303224,27.76447584
1422,4111,497.328792342857,30.9574038857143
1427,4036,21.8580208,17.80032
1427,4037,26.85370296,20.52571968
1427,4038,32.65913712,19.96939872
1427,4039,38.02383048,20.7550512
1427,4040,44.350686,23.42034432
1427,4041,50.85469128,23.40607968
1427,4042,57.74247024,29.07133632
1427,4043,67.15801656,34.77719232
1427,4044,75.87349824,29.6978832
1427,4045,84.76765368,33.66235584
1427,4046,93.92098056,32.30721504
1427,4047,102.6659364,30.09948768
1427,4048,110.68635216,28.15949664
1427,4049,118.48712904,28.11121632
1427,4050,126.16028616,25.72682688
1427,4051,132.6658764,22.3790256
1427,4052,138.81792912,21.9456
1427,4053,144.9101496,21.91048704
1427,4054,151.0003584,21.9456
1427,4055,157.03670904,21.34977696
1427,4056,162.91093656,21.3914736
1427,4057,168.968928,21.9456
1427,4058,175.0941888,22.45693248
1427,4059,181.31686368,21.99168576
1427,4060,187.3703136,21.22578432
1427,4061,192.6700236,16.92334944
1427,4062,197.246748,16.4592
1427,4063,201.80052096,16.01589888
1427,4064,206.1412692,15.18745248
1427,4065,209.75750784,10.31772384
1427,4066,212.34175464,9.1842336
1427,4067,214.89363168,9.1842336
1427,4068,217.44697176,9.47720736
1427,4069,223.18333824,28.52050176
1427,4070,228.85042368,15.42336768
1427,4071,232.90359312,13.62382848
1427,4072,236.72310288,14.4018
1427,4073,240.8997468,14.93288352
1427,4074,245.08300488,15.7734
1427,4075,249.6107784,16.4592
1427,4076,254.18174208,16.39994688
1427,4077,258.97207032,18.78762816
1427,4078,264.40930608,20.10655872
1427,4079,270.43879872,24.24659616
1427,4080,277.79173296,27.29813184
1427,4081,285.38609928,27.4374864
1427,4082,293.00640408,27.432
1427,4083,300.56809584,26.3018016
1427,4084,307.361844,23.12078688
1427,4085,314.13440856,26.04723264
1427,4086,321.42619992,26.24803488
1427,4087,328.71762552,26.2469376
1427,4088,335.96010024,25.42507488
1427,4089,342.76994184,23.61566016
1427,4090,349.32515352,24.00958368
1427,4091,355.92038544,23.01764256
1427,4092,362.0655192,21.80953728
1427,4093,368.14908336,21.47815872
1427,4094,373.4130708,16.65232128
1427,4095,377.98372968,16.45590816
1427,4096,382.66396416,17.66730528
1427,4097,387.72955728,18.3684672
1427,4098,392.80456872,18.42991488
1427,4099,398.27380848,20.70347904
1427,4100,404.02635984,20.7056736
1427,4101,409.78238592,20.81979072
1427,4102,415.49324064,20.217384
1427,4103,421.2598128,22.40865216
1427,4104,428.13546072,26.69572512
1427,4105,435.83388576,28.10243808
1427,4106,443.634114,28.2439872
1427,4107,451.65931512,29.67484032
1427,4108,460.28619144,31.7717424
1427,4109,469.09774608,32.37305184
1427,4110,478.21446648,33.00837696
1427,4111,487.31634312,31.12324992
1427,4112,495.60644592,29.89868544
1427,4113,500.3075592,30.0983904
1434,4039,22.4910565333333,19.5791328
1434,4040,27.46312008,18.27849024
1434,4041,33.3783432,25.7367024
1434,4042,41.06378376,27.57354912
1434,4043,48.62745672,28.2604464
1434,4044,57.2903604,33.494472
1434,4045,66.64799472,33.05994912
1434,4046,75.35058336,30.9378096
1434,4047,84.28774608,32.11628832
1434,4048,92.80020048,29.72641248
1434,4049,101.00602608,28.98794304
1434,4050,108.70506072,26.79886944
1434,4051,116.17961016,27.29264544
1434,4052,123.6829632,25.67854656
1434,4053,130.29700128,22.94741664
1434,4054,136.67363064,22.65224832
1434,4055,142.941294,22.61055168
1434,4056,149.24571624,23.07909024
1434,4057,155.97015288,24.78865248
1434,4058,162.59668776,23.22283392
1434,4059,168.98124192,22.67419392
1434,4060,175.38731496,23.18881824
1434,4061,181.6220904,21.9456
1434,4062,187.28871864,17.84616192
1434,4063,191.91497304,16.4153088
1434,4064,196.04059344,12.7997712
1434,4065,199.30509288,11.10886272
1434,4066,202.34797224,10.94317344
1434,4067,205.39103448,11.02327488
1434,4068,208.81555392,13.76976672
1434,4069,212.79761352,14.6816064
1434,4070,216.86309688,14.64539616
1434,4071,220.93034808,14.42813472
1434,4072,224.83715256,13.92777504
1434,4073,228.67552944,13.03349184
1434,4074,231.9598104,11.24382816
1434,4075,235.1663064,12.9808224
1434,4076,239.41119504,16.41091968
1434,4077,243.972588,16.4592
1434,4078,248.544588,16.4592
1434,4079,253.21104552,18.34322976
1434,4080,259.19405616,24.1566192
1434,4081,266.1899172,26.18548992
1434,4082,273.68339472,27.18730656
1434,4083,281.18446176,26.06698368
1434,4084,288.09183936,24.41338272
1434,4085,294.80502888,23.35670208
1434,4086,301.20713952,23.4324144
1434,4087,307.75317672,23.52458592
1434,4088,314.30933328,24.49238688
1434,4089,321.72496488,29.37199104
1434,4090,330.55700208,32.52447648
1434,4091,338.87849928,27.59000832
1434,4092,346.39797624,26.1536688
1434,4093,353.36875224,24.46605216
1434,4094,359.79436296,21.88744416
1434,4095,365.86552176,21.9456
1434,4096,371.91689904,21.40025184
1434,4097,377.70834288,20.25688608
1434,4098,383.17380312,19.8443088
1434,4099,388.86237696,20.60362656
1434,4100,394.57634064,20.48731488
1434,4101,399.90290352,18.73276416
1434,4102,405.56279568,22.00375584
1434,4103,411.9024528,23.37974496
1434,4104,418.74387168,25.74877248
1434,4105,426.2617332,28.79921088
1434,4106,434.50526256,29.61887904
1434,4107,442.69511664,28.79701632
1434,4108,450.23970912,26.32264992
1434,4109,458.01668112,30.00402432
1434,4110,466.38904944,30.51425952
1434,4111,475.2336444,32.30831232
1434,4112,483.72960912,28.6609536
1434,4113,491.54343144,27.97734816
1434,4114,497.8707848,29.3778432
1437,4041,22.087332,19.3779648
1437,4042,26.33261688,21.8742768
1437,4043,33.24020784,26.3127744
1437,4044,40.55583456,27.2180304
1437,4045,48.35780016,28.41845472
1437,4046,56.12898096,27.15877728
1437,4047,63.65741904,27.18401472
1437,4048,72.40679448,38.40699456
1437,4049,83.64912912,38.5529328
1437,4050,93.14910504,29.92502016
1437,4051,101.0029476,27.08745408
1437,4052,108.1518792,25.08820992
1437,4053,115.17459312,25.04212416
1437,4054,121.86175272,23.59810368
1437,4055,128.26874016,22.63469184
1437,4056,134.59812552,22.21992
1437,4057,140.64499176,22.08385728
1437,4058,146.8730616,22.32635616
1437,4059,152.98146696,21.9456
1437,4060,159.0775584,21.94230816
1437,4061,165.16282944,21.90280608
1437,4062,171.24322368,21.49790976
1437,4063,176.72480784,17.7375312
1437,4064,181.39251504,16.46139456
1437,4065,185.84515536,15.33009888
1437,4066,190.07379816,15.3728928
1437,4067,194.27254008,14.25256992
1437,4068,197.95665768,12.89194272
1437,4069,201.44433168,11.38647456
1437,4070,204.24355392,9.60010272
1437,4071,207.01095504,11.68493472
1437,4072,211.08838656,16.25510592
1437,4073,215.5883928,16.19475552
1437,4074,220.04645856,15.7569408
1437,4075,224.48477328,16.2507168
1437,4076,228.915468,16.04881728
1437,4077,233.25828888,14.94824544
1437,4078,237.58605264,16.30887264
1437,4079,242.14311744,16.4482272
1437,4080,247.15796136,20.53888704
1437,4081,253.19571408,22.3735392
1437,4082,260.13168192,27.44077824
1437,4083,267.7838688,27.23668416
1437,4084,275.32940616,27.32446656
1437,4085,282.61019424,23.86474272
1437,4086,288.82079904,22.17493152
1437,4087,295.10626272,22.90242816
1437,4088,301.46749968,22.86402336
1437,4089,308.03084952,25.53151104
1437,4090,315.55431936,28.06513056
1437,4091,323.5121292,29.01427776
1437,4092,331.84889688,29.681424
1437,4093,339.55823376,25.94847744
1437,4094,346.22253336,22.97045952
1437,4095,352.64576664,23.24258496
1437,4096,359.0130996,22.25064384
1437,4097,365.07468768,21.26309184
1437,4098,370.55453448,17.96357088
1437,4099,375.2368416,16.4592
1437,4100,379.81359648,16.925544
1437,4101,385.22446704,21.83148288
1437,4102,391.3421688,21.9785184
1437,4103,397.4448744,22.10031648
1437,4104,403.679406,22.39767936
1437,4105,410.08221768,24.92032608
1437,4106,417.44978232,27.3277584
1437,4107,425.227242,28.43491392
1437,4108,433.22098776,28.76738976
1437,4109,441.0580968,28.75751424
1437,4110,449.55704856,33.06214368
1437,4111,459.27093312,35.58149856
1437,4112,469.05830496,33.95752416
1437,4113,477.99022512,30.20372928
1437,4114,486.79894512,33.55701696
1437,4115,494.57402736,23.79122496
1437,4116,499.1868096,27.8599392
1444,4045,21.5724486,21.4463376
1444,4046,26.2731504,17.94381984
1444,4047,31.30887312,18.8512704
1444,4048,38.36066496,31.0146192
1444,4049,46.12023288,24.93239616
1444,4050,54.30679512,36.04345344
1444,4051,65.05904184,39.50866368
1444,4052,75.83235024,37.60049376
1444,4053,86.36831088,38.71094112
1444,4054,96.75912576,34.15503456
1444,4055,104.5870908,23.13285696
1444,4056,111.1899732,25.36143264
1444,4057,118.23396216,25.37679456
1444,4058,125.24253336,25.01469216
1444,4059,133.29809256,34.55005536
1444,4060,143.18638368,30.19934016
1444,4061,148.91013144,13.43180448
1444,4062,152.97479184,19.85308704
1444,4063,158.93957544,21.31576128
1444,4064,163.45869264,9.985248
1444,4065,167.10931272,18.85236768
1444,4066,172.6445112,19.83443328
1444,4067,177.125376,10.27492992
1444,4068,179.75842128,12.5144784
1444,4069,183.6833004,14.26464
1444,4070,187.58513664,13.661136
1444,4071,191.40361008,13.99251456
1444,4072,195.40161072,15.2412192
1444,4073,199.78871904,15.89848992
1444,4074,203.82305184,12.18309984
1444,4075,206.813658,10.72262016
1444,4076,210.10772304,12.60994176
1444,4077,213.61383744,12.61872
1444,4078,217.11150888,12.1194576
1444,4079,219.83544552,8.4710016
1444,4080,223.1404224,15.50017728
1444,4081,228.05096376,20.48950944
1444,4082,234.24614568,22.76856
1444,4083,240.63908184,23.9810544
1444,4084,247.240806,22.60506528
1444,4085,254.07844536,27.92797056
1444,4086,262.32532752,29.91404736
1444,4087,270.20510856,27.27069984
1444,4088,277.78106496,27.2015712
1444,4089,285.31858608,27.15877728
1444,4090,292.86708,27.25972704
1444,4091,300.47190096,27.43090272
1444,4092,308.2120836,28.67631552
1444,4093,316.73831496,32.39060832
1444,4094,325.7219292,31.36904064
1444,4095,333.57074256,25.91555904
1444,4096,340.74055296,25.69939488
1444,4097,347.67539304,24.18514848
1444,4098,354.35371344,24.03701568
1444,4099,360.73031232,21.70200384
1444,4100,366.31888128,18.04915872
1444,4101,371.40157368,19.3450464
1444,4102,376.95283512,19.98366336
1444,4103,382.42503144,21.10398624
1444,4104,388.69248144,22.82122944
1444,4105,395.14055592,24.77548512
1444,4106,402.56908056,27.8105616
1444,4107,410.51250384,28.20119328
1444,4108,418.15149288,26.57941344
1444,4109,425.54533128,28.40089824
1444,4110,433.58589432,28.035504
1444,4111,440.72242056,24.51981888
1444,4112,447.9871152,27.51868512
1444,4113,455.88070368,29.269944
1444,4114,463.82034744,26.87458176
1444,4115,470.21352744,15.55174944
1444,4116,476.45625816,33.68978784
1444,4117,483.7963908,20.22067584
1444,4118,489.7384668,21.33222048
1444,4119,495.50196048,21.05351136
1444,4120,499.4393872,22.165056
1452,4047,20.3353416,20.2887072
1452,4048,23.83081848,16.9913808
1452,4049,27.57379296,15.52760928
1452,4050,33.3591408,22.66102656
1452,4051,39.65563824,22.67968032
1452,4052,45.98383488,23.14931616
1452,4053,52.74003168,25.26158016
1452,4054,59.765184,25.28791488
1452,4055,67.21854984,30.6470304
1452,4056,76.39799808,33.58993536
1452,4057,85.23616176,28.76409792
1452,4058,92.94644352,27.66462336
1452,4059,101.26346016,32.97106944
1452,4060,110.68251168,33.87961728
1452,4061,119.1329088,25.6598928
1452,4062,126.22807368,27.00735264
1452,4063,133.91628792,28.29226752
1452,4064,142.14814344,29.09876832
1452,4065,148.8470988,20.31394464
1452,4066,154.28552328,19.47672
1452,4067,160.3135224,26.51686848
1452,4068,167.57925336,22.1760288
1452,4069,172.85738352,16.65012672
1452,4070,177.45833952,16.9090848
1452,4071,182.23924944,17.28874368
1452,4072,186.5851488,12.73173984
1452,4073,189.70273464,11.11434912
1452,4074,192.88880904,11.38647456
1452,4075,195.95153088,10.9728
1452,4076,198.98011512,10.68860448
1452,4077,201.88891296,10.39563072
1452,4078,204.7795752,10.42416
1452,4079,207.6468288,10.1608128
1452,4080,210.59101392,11.49181344
1452,4081,214.05668136,13.06202112
1452,4082,217.69337208,13.55469984
1452,4083,222.05216448,18.81944928
1452,4084,227.9108472,21.9785184
1452,4085,234.39025512,25.4733552
1452,4086,241.84548024,27.38042784
1452,4087,249.46054248,27.42761088
1452,4088,257.21306952,29.0065968
1452,4089,265.41304296,28.73117952
1452,4090,273.08668776,27.27508896
1452,4091,280.66861824,27.32885568
1452,4092,288.2857836,27.43419456
1452,4093,295.9057836,27.432
1452,4094,303.50179584,26.56624608
1452,4095,310.57977,25.51505184
1452,4096,317.9786376,27.4978368
1452,4097,326.03233752,30.59984736
1452,4098,334.4070528,28.64339712
1452,4099,341.80476216,24.59114208
1452,4100,348.40075608,23.70234528
1452,4101,354.98614296,23.63980032
1452,4102,361.31260224,21.92145984
1452,4103,367.30509216,21.39366816
1452,4104,373.23360456,20.03194368
1452,4105,378.1396044,16.34179104
1452,4106,383.35454952,22.77843552
1452,4107,390.16542744,24.7546368
1452,4108,397.03190088,24.70855104
1452,4109,404.12337768,27.30471552
1452,4110,412.16409312,29.61339264
1452,4111,420.12644448,27.51868512
1452,4112,427.9484964,28.44478944
1452,4113,435.5183568,26.91188928
1452,4114,443.19120912,28.74105504
1452,4115,451.49560704,30.35844576
1452,4116,459.81984744,28.80798912
1452,4117,467.67832296,28.5731712
1452,4118,475.55270904,26.85373344
1452,4119,481.84237896,20.79126144
1452,4120,488.47638144,25.4459232
1452,4121,495.66216336,26.58380256
1452,4122,500.1574452,26.4115296
1456,4067,147.088729371429,24.4489659428571
1456,4068,153.15855576,26.15257152
1456,4069,160.16246352,23.57725536
1456,4070,166.22271048,20.13618528
1456,4071,171.3178692,16.86738816
1456,4072,175.905414,16.42847616
1456,4073,180.03502728,12.3828048
1456,4074,183.14541984,10.9728
1456,4075,186.1889088,10.70286912
1456,4076,189.0525048,10.16191008
1456,4077,191.98885656,10.97389728
1456,4078,195.0374052,10.9728
1456,4079,198.08534424,10.9728
1456,4080,201.1318812,10.945368
1456,4081,204.17473008,10.77748416
1456,4082,206.68664784,8.42491584
1456,4083,209.5231776,12.24125568
1456,4084,213.6363012,16.20353376
1456,4085,218.14575624,16.79057856
1456,4086,223.50441456,21.55826016
1456,4087,229.75449096,24.41009088
1456,4088,237.13415616,27.86432832
1456,4089,245.63414424,34.11553248
1456,4090,255.957324,40.08254112
1456,4091,267.61601544,43.76940192
1456,4092,275.171916,48.0498912
1464,4077,17.840706,48.8618784
1464,4078,26.0122416,51.58093824
1464,4079,38.3670048,59.445144
1464,4081,66.2283664,49.3190784
1465,4052,24.8070624,27.55050624
1465,4053,32.81897424,28.10463264
1465,4054,39.59909784,21.96425376
1465,4055,45.24280512,18.53744832
1465,4056,51.16199064,24.98835744
1465,4057,58.29053112,25.3636272
1465,4058,65.70323664,28.49306976
1465,4059,73.76909808,28.84968576
1465,4060,81.05598216,24.06225312
1465,4061,87.86064216,24.75024768
1465,4062,95.06111544,27.52856064
1465,4063,102.37076808,23.8054896
1465,4064,108.72304392,22.8453696
1465,4065,116.2094196,32.17005504
1465,4066,125.1911136,29.99853792
1465,4067,132.97698576,27.0424656
1465,4068,140.34741552,26.3402064
1465,4069,147.31755144,22.9825296
1465,4070,153.42537768,21.49461792
1465,4071,159.02961336,18.29056032
1465,4072,163.5837216,14.88789504
1465,4073,167.65688592,15.17647968
1465,4074,171.53799576,11.8451376
1465,4075,174.60702696,10.9728
1465,4076,177.58077768,9.93148128
1465,4077,180.39895848,10.93110336
1465,4078,183.373776,10.22226048
1465,4079,185.9254092,8.20875168
1465,4080,188.32125912,9.6121728
1465,4081,191.149224,10.37917152
1465,4082,194.12245656,10.9782864
1465,4083,197.139306,10.9673136
1465,4084,200.2188528,10.96841088
1465,4085,203.25825744,10.94756256
1465,4086,206.35304424,11.960352
1465,4087,210.46915488,17.6168304
1465,4088,215.54032584,18.29494944
1465,4089,220.62713304,18.30153312
1465,4090,226.30458168,24.49787328
1465,4091,234.2267604,31.62141504
1465,4092,243.31257408,32.86024416
1465,4093,252.85769088,36.65024928
1465,4094,263.19379416,36.2266992
1465,4095,272.80279704,33.46813728
1465,4096,281.96767584,32.78782368
1465,4097,291.1010688,32.9184
1465,4098,300.2453736,32.92059456
1465,4099,309.3825156,32.84049312
1465,4100,318.24875136,30.09729312
1465,4101,326.75129976,32.50253088
1465,4102,335.57995368,29.36650464
1465,4103,343.26350448,26.53552224
1465,4104,350.10855048,23.47740288
1465,4105,356.63742744,23.12956512
1465,4106,362.8266048,21.84465024
1465,4107,368.90532264,21.40573824
1465,4108,374.29756992,17.27447904
1465,4109,378.90004992,16.49102112
1465,4110,383.92461696,20.25688608
1465,4111,389.74239552,20.98877184
1465,4112,395.56697112,21.10837536
1465,4113,401.5918308,22.44376512
1465,4114,408.24384696,26.1042912
1465,4115,415.83044088,27.90602496
1465,4116,424.0376076,31.60824768
1465,4117,433.08245616,32.27539392
1465,4118,441.90821448,31.65872256
1465,4119,450.6373512,30.85990272
1465,4120,458.92919136,28.9517328
1465,4121,466.58488344,26.44115616
1465,4122,474.10048944,27.6843744
1465,4123,481.71009576,25.840944
1465,4124,488.0654196,21.26857824
1465,4125,493.92242592,20.4807312
1465,4126,498.558312,18.7211643428571
1474,4054,23.95426248,28.8529776
1474,4055,32.06627064,29.6046144
1474,4056,39.9969228,24.97848192
1474,4057,46.0258668,20.86807104
1474,4058,52.63066944,27.49893408
1474,4059,60.79300008,29.9612304
1474,4060,68.92680144,27.0698976
1474,4061,75.5745504,22.13542944
1474,4062,81.95822064,24.7656096
1474,4063,89.08346928,25.76303712
1474,4064,96.2425812,25.91555904
1474,4065,103.47207144,26.02638432
1474,4066,110.87093904,27.81385344
1474,4067,118.54994832,26.82959328
1474,4068,125.65343424,23.4872784
1474,4069,132.005832,23.32927008
1474,4070,138.47198112,22.89694176
1474,4071,144.56246424,21.10179168
1474,4072,150.26146224,20.30626368
1474,4073,155.62450968,16.9694352
1474,4074,159.84028992,14.26683456
1474,4075,163.49721936,12.19297536
1474,4076,166.78552368,10.83783456
1474,4077,169.7306232,10.97609184
1474,4078,172.6894692,9.87661728
1474,4079,175.14713256,8.53464384
1474,4080,177.62704632,9.06243552
1474,4081,180.1041864,9.2939616
1474,4082,182.93178552,10.42416
1474,4083,185.807604,10.14654816
1474,4084,188.6393484,10.72371744
1474,4085,191.52772464,9.33126912
1474,4086,193.94716608,8.5917024
1474,4087,196.33472544,8.59389696
1474,4088,198.7853784,9.54743328
1474,4089,201.6021876,10.5284016
1474,4090,204.6195552,11.11873824
1474,4091,208.6639464,18.66583008
1474,4092,214.91444952,25.60063968
1474,4093,222.54060648,30.614112
1474,4094,231.5660088,32.9184
1474,4095,240.73497192,33.77318112
1474,4096,250.70412648,37.71022176
1474,4097,261.28821504,37.95930432
1474,4098,271.56378504,35.19196416
1474,4099,280.88685504,32.92059456
1474,4100,290.03094648,32.9184
1474,4101,299.1752208,32.9184
1474,4102,308.3144964,32.836104
1474,4103,317.43691656,33.06543552
1474,4104,327.1564704,37.0661184
1474,4105,337.10642256,33.42534336
1474,4106,345.53383776,27.4265136
1474,4107,352.90057944,26.11636128
1474,4108,359.63745192,21.96644832
1474,4109,365.02034184,16.92664128
1474,4110,369.597432,16.4592
1474,4111,374.17071216,16.46358912
1474,4112,378.6458772,17.0462448
1474,4113,384.31689456,22.52386656
1474,4114,390.63811128,23.7615984
1474,4115,397.66939008,26.0658864
1474,4116,405.00050064,27.92906784
1474,4117,413.42559936,31.77613152
1474,4118,422.5436304,33.9388704
1474,4119,432.17467032,34.32401568
1474,4120,441.43751184,33.21686016
1474,4121,450.4826652,31.77393696
1474,4122,459.10091568,28.92868992
1474,4123,466.47853872,25.9835904
1474,4124,473.83631928,26.57282976
1474,4125,481.10320848,24.5900448
1474,4126,486.96530496,18.33225696
1474,4127,491.92238928,18.10182816
1474,4128,496.97545512,17.86591296
1474,4129,499.847616,16.2177984
1479,4056,19.8255636,38.0975616
1479,4057,26.40933504,32.96338848
1479,4058,32.44647816,13.92667776
1479,4059,37.59095352,24.39143712
1479,4060,44.63259552,24.72281568
1479,4061,51.49922136,24.7107456
1479,4062,58.363104,24.7107456
1479,4063,65.25886872,25.88264064
1479,4064,73.8841296,33.72819264
1479,4065,81.29790192,22.43608416
1479,4066,88.14535584,24.9740928
1479,4067,94.8302904,23.85047808
1479,4068,101.4738636,23.9261904
1479,4069,108.5167248,26.7955776
1479,4070,115.79166072,25.6324608
1479,4071,122.76286344,23.28757344
1479,4072,128.61794952,20.19763296
1479,4073,134.92310328,28.17376128
1479,4074,143.14910664,26.84385792
1479,4075,149.53512384,20.03962464
1479,4076,154.60288104,15.59015424
1479,4077,158.56040424,13.99251456
1479,4078,162.25491552,11.8286784
1479,4079,165.31120608,10.96402176
1479,4080,168.23173872,9.46733184
1479,4081,170.64663864,8.50392
1479,4082,172.97067768,7.81482816
1479,4083,175.07370624,8.49623904
1479,4084,177.95095728,11.80892736
1479,4085,181.14928464,10.78406784
1479,4086,184.1209932,10.69848
1479,4087,187.04414712,9.9907344
1479,4088,189.75305712,9.87222816
1479,4089,192.6749004,11.62787616
1479,4090,196.05555912,12.2566176
1479,4091,199.47526272,12.99618432
1479,4092,203.71304952,16.95078144
1479,4093,208.43857728,17.00784
1479,4094,213.19659672,18.22691808
1479,4095,219.50226864,26.86470624
1479,4096,227.76289728,32.41035936
1479,4097,236.83792104,31.95718272
1479,4098,245.519448,31.07277504
1479,4099,254.14891512,30.97511712
1479,4100,262.8872568,32.808672
1479,4101,272.07658056,32.64627456
1479,4102,281.11941744,32.36646816
1479,4103,290.18730888,32.92059456
1479,4104,299.3312784,32.9184
1479,4105,308.47058448,32.836104
1479,4106,317.59324848,33.0884784
1479,4107,327.37702368,37.51161408
1479,4108,337.41286848,33.70514976
1479,4109,346.41306384,30.59436096
1479,4110,354.34085088,27.00515808
1479,4111,361.14727872,22.30331328
1479,4112,367.19426688,20.94488064
1479,4113,372.44088072,17.1888912
1479,4114,377.07256056,16.4537136
1479,4115,382.12361472,21.91377888
1479,4116,388.97804856,25.41958848
1479,4117,396.08571024,26.34459552
1479,4118,403.94638032,30.39685056
1479,4119,412.93349976,34.39533888
1479,4120,422.54262456,33.8675472
1479,4121,432.28028352,36.56466144
1479,4122,442.37644824,34.67185344
1479,4123,451.37316888,30.95646336
1479,4124,459.27833976,25.52492736
1479,4125,465.94721136,23.7122208
1479,4126,472.76086296,24.94556352
1479,4127,479.66531448,24.3815616
1479,4128,486.03600024,21.3859872
1479,4129,491.45945904,18.31579776
1479,4130,496.75895568,19.98914976
1479,4131,499.8555408,20.738592
1485,4099,247.528471885714,24.9646875428571
1485,4100,253.71555048,27.88846848
1485,4101,262.04573448,31.28564736
1485,4102,270.87432744,32.11299648
1485,4103,279.66097992,31.58739936
1485,4104,288.51191472,31.28235552
1485,4105,296.7705012,28.97587296
1485,4106,305.13067752,30.81601152
1485,4107,314.01072072,33.90375744
1485,4108,323.6148468,34.3942416
1485,4109,332.46291648,29.06365536
1485,4110,340.39183128,28.19022048
1485,4111,347.36464944,21.26089728
1485,4112,352.90402368,19.67861952
1485,4113,358.47235392,20.491704
1485,4114,363.82458096,17.98003008
1485,4115,368.82555648,18.022824
1485,4116,374.13258168,20.93719968
1485,4117,380.415546,25.28023392
1485,4118,388.46903256,30.97182528
1485,4119,397.01370432,31.07167776
1485,4120,405.78368424,31.90999968
1485,4121,415.07926128,34.88362848
1485,4122,425.0705748,36.28814688
1485,4123,434.769768,33.87961728
1485,4124,444.06318096,32.44437504
1485,4125,452.5082136,29.53548576
1485,4126,460.87808256,30.36832128
1485,4127,468.70293864,23.92180128
1485,4128,474.59911176,20.57290272
1485,4129,480.3704388,21.32673408
1485,4130,486.42794256,21.9456
1485,4131,492.5237292,21.9456
1485,4132,498.0655266,22.6410012
1489,4058,17.6846484,27.7941024
1489,4059,23.85422712,27.74691936
1489,4060,31.25681328,24.04798848
1489,4061,37.35403248,21.53741184
1489,4062,43.85922648,23.6134656
1489,4063,50.19117216,24.53627808
1489,4064,57.32376648,25.78498272
1489,4065,64.48720656,25.78937184
1489,4066,71.58843696,25.59734784
1489,4067,79.06170624,27.92687328
1489,4068,86.80097448,27.81824256
1489,4069,94.28198568,24.2059968
1489,4070,100.16892336,20.00451168
1489,4071,106.29433656,28.0793952
1489,4072,115.78580856,34.73769024
1489,4073,123.67994568,23.62882752
1489,4074,129.4008588,18.18302688
1489,4075,134.86906224,20.34247392
1489,4076,140.84390424,22.2802704
1489,4077,145.85649264,14.43581568
1489,4078,149.864826,14.4511776
1489,4079,153.85551144,13.92009408
1489,4080,157.42215912,12.09312288
1489,4081,160.71805296,10.47573216
1489,4082,163.08732432,8.32725792
1489,4083,165.57900336,9.23031936
1489,4084,168.37322688,10.58984928
1489,4085,171.12389448,10.50755328
1489,4086,174.498,12.61981728
1489,4087,177.89533128,11.30856768
1489,4088,180.8404308,10.42416
1489,4089,183.73615272,10.42416
1489,4090,186.63196608,10.43293824
1489,4091,189.63296592,12.06130176
1489,4092,193.38374328,14.04628128
1489,4093,197.2851528,14.045184
1489,4094,201.18412392,14.01555744
1489,4095,205.0798032,14.045184
1489,4096,209.36958888,19.89807552
1489,4097,216.35795184,26.31387168
1489,4098,223.2001632,24.84461376
1489,4099,230.7619464,30.93342048
1489,4100,239.99043696,32.79660192
1489,4101,248.51221824,28.42064928
1489,4102,256.477008,30.11375232
1489,4103,264.91759056,29.24909568
1489,4104,272.79694488,29.34236448
1489,4105,281.50593432,32.65285824
1489,4106,290.55636072,32.31709056
1489,4107,299.084238,28.30214304
1489,4108,306.72417192,27.38591424
1489,4109,314.31972696,27.3881088
1489,4110,322.17762336,30.10058496
1489,4111,330.93870312,31.33063584
1489,4112,338.4797904,22.87719072
1489,4113,344.57493696,21.67457184
1489,4114,350.45059704,20.73530016
1489,4115,356.2282944,21.14568288
1489,4116,362.22133296,21.81282912
1489,4117,368.30974344,21.9456
1489,4118,374.40376224,22.13542944
1489,4119,381.35823144,29.60132256
1489,4120,390.36418752,33.34304736
1489,4121,399.65942928,34.06396032
1489,4122,408.96241296,32.4081648
1489,4123,418.1319552,33.91802208
1489,4124,427.65415104,33.72160896
1489,4125,436.43705448,29.67922944
1489,4126,444.44527824,27.50990688
1489,4127,451.92836208,27.34092576
1489,4128,459.38681808,25.9726176
1489,4129,466.62179472,25.71804864
1489,4130,471.20604768,12.37402656
1489,4131,477.3833988,27.8050752
1489,4132,485.07200928,26.56185696
1489,4133,491.61393168,21.87208224
1489,4134,497.5816947,26.0082792
1495,4060,19.970496,23.4927648
1495,4061,23.7030768,22.68516672
1495,4062,29.62393872,20.56412448
1495,4063,35.61581904,25.16172768
1495,4064,43.3667916,25.11344736
1495,4065,49.38302544,22.48436448
1495,4066,56.06405856,24.2828064
1495,4067,62.81254392,24.62186592
1495,4068,71.15421888,34.33828032
1495,4069,80.27657808,31.86171936
1495,4070,88.4390916,25.7915664
1495,4071,94.93629984,23.53555872
1495,4072,101.68499856,23.08786848
1495,4073,107.82930936,21.9456
1495,4074,114.85613808,30.41330976
1495,4075,122.90029776,24.4035072
1495,4076,128.48810472,17.16584832
1495,4077,133.48252704,20.3216256
1495,4078,139.48324656,18.95441472
1495,4079,143.8776396,15.060168
1495,4080,147.8443068,11.548872
1495,4081,150.02344392,6.43664448
1495,4082,152.169114,8.83639584
1495,4083,154.67417376,9.05475456
1495,4084,157.21641912,9.2829888
1495,4085,159.80819448,9.25445952
1495,4086,162.40405416,10.47244032
1495,4087,165.66617616,12.0645936
1495,4088,169.08859248,13.1234688
1495,4089,172.78112256,12.68236224
1495,4090,175.93287648,9.4585536
1495,4091,178.16605464,7.86859488
1495,4092,180.68989008,9.79212672
1495,4093,183.47749944,10.96402176
1495,4094,187.05176712,14.79243168
1495,4095,191.6518392,17.80446528
1495,4096,196.63184448,17.9185824
1495,4097,201.60535752,18.00307296
1495,4098,206.7188652,19.89258912
1495,4099,213.4566216,27.63609408
1495,4100,221.14401288,27.46601568
1495,4101,229.30296024,32.0350896
1495,4102,238.42108272,32.86024416
1495,4103,247.55340888,32.91510816
1495,4104,256.81814016,34.32950208
1495,4105,266.4375672,33.7358736
1495,4106,275.5530684,31.9363344
1495,4107,283.95500232,28.51611264
1495,4108,291.63483456,27.432
1495,4109,299.23487016,26.5596624
1495,4110,305.88453936,22.03996608
1495,4111,312.42286512,25.92433728
1495,4112,319.9650192,27.83579904
1495,4113,328.0467912,29.98098144
1495,4114,335.68745664,23.7451392
1495,4115,341.84194776,21.86220672
1495,4116,347.92407936,21.9456
1495,4117,354.0203232,21.9456
1495,4118,360.09702936,21.80514816
1495,4119,366.1736136,21.9456
1495,4120,372.28991328,22.82013216
1495,4121,379.42470216,29.1711888
1495,4122,388.47198912,34.62357312
1495,4123,398.12009784,34.7234256
1495,4124,407.5543284,33.55701696
1495,4125,417.23206368,35.97213024
1495,4126,427.20130968,35.29071936
1495,4127,436.44589368,30.4275744
1495,4128,443.93345808,23.87461824
1495,4129,449.84377392,19.00818144
1495,4130,455.06417496,19.96720416
1495,4131,460.91523768,22.88706624
1495,4132,467.79079416,21.01949568
1495,4133,472.88686728,24.28500096
1495,4134,481.04230944,28.33945056
1495,4135,488.10601896,24.40240992
1495,4136,495.39915144,28.02123936
1495,4137,500.0772828,28.3427424
1497,4060,3.1351728,26.88336
1497,4061,9.10903944,26.89652736
1497,4062,16.59096504,26.94809952
1497,4063,24.07246392,26.90859744
1497,4064,31.21493376,22.73783616
1497,4065,36.81569472,19.38784032
1497,4066,42.2006268,19.39113216
1497,4067,47.8037652,22.2089472
1497,4068,54.46647984,24.50335968
1497,4069,61.27382208,24.51104064
1497,4070,68.11469232,26.06917824
1497,4071,76.14507504,30.45939552
1497,4072,84.2374236,26.42689152
1497,4073,91.09731336,24.249888
1497,4074,97.82885184,24.304752
1497,4075,104.4324048,22.6533456
1497,4076,110.529624,21.80734272
1497,4077,116.60102664,21.93352992
1497,4078,122.67980544,21.81721824
1497,4079,128.53510488,19.5974208
1497,4080,133.29446544,14.2317216
1497,4081,136.81743528,11.58288768
1497,4082,139.42914456,7.9059024
1497,4083,141.65269104,9.03829536
1497,4084,144.33090768,9.35321472
1497,4085,147.0086976,9.96988608
1497,4086,149.74881912,9.91282752
1497,4087,152.67672792,10.97938368
1497,4088,155.72838552,11.15055936
1497,4089,158.99584152,12.79318752
1497,4090,162.60772152,12.90291552
1497,4091,166.3653264,12.88316448
1497,4092,169.40735232,10.02145824
1497,4093,172.1885304,10.01377728
1497,4094,174.96989136,10.01487456
1497,4095,177.76143264,10.64471328
1497,4096,181.60361952,16.73352
1497,4097,186.32875104,17.0242992
1497,4098,191.06259984,17.50490784
1497,4099,196.66025184,22.5600768
1497,4100,202.98271824,23.02203168
1497,4101,209.832702,26.1372096
1497,4102,217.1140692,26.19317088
1497,4103,224.38528656,26.18548992
1497,4104,231.967278,29.74506624
1497,4105,240.856008,32.87121696
1497,4106,249.9940644,32.91401088
1497,4107,259.05457968,32.16237408
1497,4108,268.01545584,32.5453248
1497,4109,277.06911312,32.39938656
1497,4110,285.64200936,28.66314816
1497,4111,293.3111736,27.432
1497,4112,300.93263664,27.3990816
1497,4113,308.17145376,24.112728
1497,4114,314.67844608,23.8438944
1497,4115,321.29830584,24.0468912
1497,4116,328.64416872,28.17046944
1497,4117,336.24167448,25.21988352
1497,4118,342.60123504,21.86549856
1497,4119,348.63517776,21.4627968
1497,4120,354.5576856,21.3530688
1497,4121,360.55368072,21.78978624
1497,4122,366.6297468,22.1211648
1497,4123,373.30895112,26.43676704
1497,4124,381.15236952,31.52375712
1497,4125,390.90877368,36.55368864
1497,4126,400.972782,36.27388224
1497,4127,411.31979712,37.68717888
1497,4128,421.50648744,36.22889376
1497,4129,431.26575672,32.50911456
1497,4130,439.36932192,26.22279744
1497,4131,446.13807648,22.90572
1497,4132,452.31469608,21.9510864
1497,4133,458.24451912,20.65519872
1497,4134,463.92635688,20.66068512
1497,4135,470.17804872,24.58126656
1497,4136,477.17013024,25.16940864
1497,4137,484.10305008,24.96202272
1497,4138,491.39926104,27.67120704
1497,4139,498.018859542857,27.8568041142857
1504,4064,21.161883,29.4948864
1504,4065,26.1629652,16.69072608
1504,4066,28.1563572,6.83824896
1504,4067,32.15164512,18.35859168
1504,4068,37.55169528,23.68369152
1504,4069,45.8318616,32.66273376
1504,4070,53.09344728,18.59779872
1504,4071,59.13647304,25.79266368
1504,4072,66.20554704,24.60869856
1504,4073,72.75511992,23.92838496
1504,4074,79.619094,24.81279264
1504,4075,86.49026136,24.50884608
1504,4076,92.96403048,22.19358528
1504,4077,99.11772912,22.17383424
1504,4078,105.19903776,21.65701536
1504,4079,111.214662,21.61861056
1504,4080,117.37616352,22.92547104
1504,4081,122.78749128,13.79610144
1504,4082,125.8988592,10.66995072
1504,4083,128.64635688,9.2390976
1504,4084,131.2733976,9.81736416
1504,4085,133.9989192,9.11729952
1504,4086,136.30433496,7.94869632
1504,4087,138.43272288,7.434072
1504,4088,140.56775544,7.86640032
1504,4089,142.77368448,8.76836448
1504,4090,145.95274848,13.44497184
1504,4091,149.70986568,13.5294624
1504,4092,153.46582464,13.6501632
1504,4093,157.30603032,12.30928704
1504,4094,160.0958952,9.32688
1504,4095,162.68386056,9.27421056
1504,4096,165.39938472,11.13410016
1504,4097,168.81341904,12.61872
1504,4098,172.31892384,12.61652544
1504,4099,176.04970632,15.27742944
1504,4100,181.40406696,23.81207328
1504,4101,188.55129168,26.0768592
1504,4102,195.9111144,27.43419456
1504,4103,203.70488088,28.35261792
1504,4104,211.89881928,30.46817376
1504,4105,220.30453272,29.43563328
1504,4106,228.22680288,28.23411168
1504,4107,236.63120568,33.6206592
1504,4108,245.343426,27.58123008
1504,4109,253.07339784,29.08450368
1504,4110,261.52757448,30.96085248
1504,4111,270.10955376,31.02998112
1504,4112,278.49451032,28.70045568
1504,4113,286.2990972,26.5761216
1504,4114,292.4801364,21.9401136
1504,4115,299.71038864,27.432
1504,4116,307.32965712,27.38591424
1504,4117,314.9248464,27.3826224
1504,4118,322.669662,29.09767104
1504,4119,331.02221832,29.71105056
1504,4120,338.87959656,27.349704
1504,4121,346.10533776,24.13357632
1504,4122,352.52683368,22.69833408
1504,4123,358.73307984,22.02679872
1504,4124,365.72473464,29.99524608
1504,4125,374.8509648,35.38398816
1504,4126,380.4827544,39.1290048
1508,4067,22.19977272,15.55065216
1508,4068,26.03516256,13.23209952
1508,4069,30.8058312,21.62629152
1508,4070,37.38551832,23.94703872
1508,4071,44.30947704,27.5472144
1508,4072,52.53962568,31.02888384
1508,4073,60.89882664,27.38481696
1508,4074,67.99201032,25.1167392
1508,4075,74.96930904,25.16721408
1508,4076,81.97248528,25.16940864
1508,4077,88.81716552,23.02312896
1508,4078,94.65704208,20.19982752
1508,4079,100.28746008,20.28431808
1508,4080,105.91775616,20.2832208
1508,4081,111.71069352,22.4284032
1508,4082,116.75284752,11.45231136
1508,4083,119.4691032,9.5134176
1508,4084,122.11208496,9.31151808
1508,4085,124.45432056,8.30311776
1508,4086,126.92819928,9.11620224
1508,4087,129.46444008,8.44137504
1508,4088,132.05143008,11.0715552
1508,4089,134.95169352,9.4036896
1508,4090,137.39932896,8.56865952
1508,4091,139.9673604,9.58912992
1508,4092,142.67559984,10.60301664
1508,4093,146.36782512,15.84143136
1508,4094,150.9192816,16.3275264
1508,4095,155.20470864,13.57664544
1508,4096,158.33274912,9.68678784
1508,4097,160.78151232,8.00575488
1508,4098,162.87295848,8.17802784
1508,4099,165.61423824,11.03095584
1508,4100,169.35885864,16.39994688
1508,4101,174.63342264,21.45950496
1508,4102,181.33152456,26.45103168
1508,4103,188.92345248,27.8215344
1508,4104,196.64714544,27.79300512
1508,4105,204.42649488,29.26116576
1508,4106,213.39160776,34.25927616
1508,4107,222.74134776,32.93047008
1508,4108,231.71981088,30.8664864
1508,4109,240.07178808,30.29151168
1508,4110,248.53093296,30.9487824
1508,4111,257.49324168,33.41327328
1508,4112,266.78985504,33.0116688
1508,4113,275.70345672,30.47914656
1508,4114,283.80403488,28.80689184
1508,4115,291.43723272,25.28352576
1508,4116,298.31205768,25.07065344
1508,4117,304.95703296,22.40974944
1508,4118,311.06492016,22.43059776
1508,4119,317.97458376,27.21912768
1508,4120,325.97314536,30.22677216
1508,4121,334.2583104,28.49197248
1508,4122,341.90549856,26.90859744
1508,4123,349.01791512,24.32230848
1508,4124,355.61494536,23.02203168
1508,4125,362.09968728,25.36252992
1508,4126,369.936522,31.00035456
1508,4127,379.19430384,36.7753392
1508,4128,390.73488528,43.96691232
1508,4129,402.64518912,40.9724352
1508,4130,414.03708912,41.6746944
1508,4131,425.10154248,37.5379488
1508,4132,434.6155392,30.53401056
1508,4133,442.6060236,27.44077824
1508,4134,449.49819168,22.6917504
1508,4135,455.81629944,23.1690672
1508,4136,462.74312328,27.95211072
1508,4137,470.99610144,30.0270672
1508,4138,479.32704744,29.9722032
1508,4139,487.6528728,29.9776896
1508,4140,495.708432,27.54063072
1508,4141,500.0018448,27.3003264
1513,4069,22.2485373333333,12.6748032
1513,4070,25.97658,16.7719248
1513,4071,31.46810064,21.51436896
1513,4072,37.77212664,23.59481184
1513,4073,44.4029592,24.8917968
1513,4074,51.93164112,28.20777696
1513,4075,59.5019892,26.50589568
1513,4076,66.2842464,22.51838016
1513,4077,72.49722864,22.3735392
1513,4078,78.72855984,22.47448896
1513,4079,84.95016792,22.329648
1513,4080,91.50291072,25.01030304
1513,4081,98.54635104,25.29340128
1513,4082,104.16643632,14.55871104
1513,4083,107.94787656,13.5294624
1513,4084,111.70313448,13.07848032
1513,4085,114.50488656,6.98857632
1513,4086,116.19122304,6.57380448
1513,4087,118.98556848,11.0935008
1513,4088,121.30753488,8.49623904
1513,4089,124.13668848,11.50388352
1513,4090,127.23760176,9.65277216
1513,4091,129.85872936,9.25445952
1513,4092,132.54544992,10.58107104
1513,4093,135.3584796,9.49037472
1513,4094,138.52468104,14.36778432
1513,4095,143.04398112,17.09671968
1513,4096,147.32636016,12.91388832
1513,4097,150.32495208,8.53464384
1513,4098,152.649936,8.93405376
1513,4099,155.14048728,9.13705056
1513,4100,157.86634416,11.11325184
1513,4101,161.526474,15.17647968
1513,4102,166.32603768,20.48950944
1513,4103,173.22049176,27.79300512
1513,4104,181.08689208,29.63094912
1513,4105,189.53981904,30.1038768
1513,4106,198.1007976,31.58081568
1513,4107,206.85361728,31.84196832
1513,4108,215.90700024,32.73954336
1513,4109,224.64244632,30.0874176
1513,4110,232.82852088,28.79921088
1513,4111,240.62789568,27.51319872
1513,4112,248.287032,28.42833024
1513,4113,256.8680664,33.0939648
1513,4114,266.16870312,33.19162272
1513,4115,275.24835984,31.83319008
1513,4116,283.66123608,29.11413024
1513,4117,291.48301368,27.44407008
1513,4118,299.08749936,27.01942272
1513,4119,306.56969928,27.27618624
1513,4120,314.1671136,27.36177408
1513,4121,321.88004712,28.98135936
1513,4122,330.29456928,30.0051216
1513,4123,337.57185216,22.58531424
1513,4124,343.6636764,21.86001216
1513,4125,349.75269648,21.9456
1513,4126,355.84909272,21.93133536
1513,4127,362.23578048,25.43165856
1513,4128,370.319808,32.62981536
1513,4129,380.39628264,40.5225504
1513,4130,392.58093696,45.15416928
1513,4131,404.62696824,40.88794464
1513,4132,415.41883896,36.65683296
1513,4133,424.9152792,31.90231872
1513,4134,432.95069112,26.24584032
1513,4135,440.20868016,26.95907232
1513,4136,447.44173656,24.36729696
1513,4137,454.3557588,26.14489056
1513,4138,461.59600848,24.82596
1513,4139,468.56068848,28.30872672
1513,4140,477.26035104,32.02301952
1513,4141,485.963976,31.42719648
1513,4142,494.5474488,29.80870848
1513,4143,499.6232832,29.9228256
1517,4098,22.21388496,15.65928288
1517,4099,26.33264736,15.22695456
1517,4100,31.94566128,25.73450784
1517,4101,36.1087416,27.7172928
1518,4077,63.9440682,23.0127048
1518,4078,69.70102392,22.53922848
1518,4079,75.5676924,20.96682624
1518,4080,81.65107368,21.96644832
1518,4081,87.6164364,20.83076352
1518,4082,93.05748216,19.99134432
1518,4083,99.04152912,18.42662304
1518,4084,102.69068616,11.07374976
1518,4085,105.77029392,11.10886272
1518,4086,108.856272,11.10886272
1518,4087,111.87251184,9.97866432
1518,4088,114.36495288,8.5917024
1518,4089,116.76336312,8.723376
1518,4090,119.13431088,8.3338416
1518,4091,121.57490544,9.19301184
1518,4092,124.12727016,9.18642816
1518,4093,126.67804992,9.22373568
1518,4094,129.5843484,11.94169824
1518,4095,133.06187256,12.646152
1518,4096,136.49901072,12.40255584
1518,4097,140.18065944,14.0232384
1518,4098,144.09209688,14.05396224
1518,4099,147.97098168,13.03239456
1518,4100,150.56623176,6.45639552
1518,4101,152.7342132,10.14654816
1518,4102,155.87432376,11.51485632
1518,4103,159.46700136,15.80741568
1518,4104,164.36775864,18.05135328
1518,4105,170.34976344,26.11855584
1518,4106,177.99048984,27.733752
1518,4107,185.68397712,27.71400096
1518,4108,193.48316904,30.010608
1518,4109,201.6514128,24.65149248
1518,4110,207.625188,20.9141568
1518,4111,213.44226552,21.50888256
1518,4112,225.36512712,57.97698336
1518,4113,237.88417752,39.60302976
1518,4114,247.477788,27.67998528
1518,4115,255.3016992,29.67703488
1518,4116,264.0526596,31.7552832
1518,4117,272.179542,27.33543936
1518,4118,279.75068256,27.3716496
1518,4119,287.3697072,27.42541632
1518,4120,295.00918392,28.00368288
1518,4121,303.09711288,29.7856656
1518,4122,311.31863568,28.4414976
1518,4123,318.89187936,28.46234592
1518,4124,327.27866472,30.51755136
1518,4125,335.34114288,26.5596624
1518,4126,342.38833224,25.155144
1518,4127,349.31027928,24.50335968
1518,4128,356.10829464,25.06406976
1518,4129,363.36085824,27.09513504
1518,4130,371.56421496,33.36170112
1518,4131,381.83874864,38.79543168
1518,4132,392.60169384,38.71971936
1518,4133,403.18459368,36.62062272
1518,4134,413.01774648,34.5972384
1518,4135,421.93893768,29.28969504
1518,4136,429.92125344,28.5183072
1518,4137,437.9477652,29.88112896
1518,4138,446.2800828,29.38186656
1518,4139,453.60744432,24.5845584
1518,4140,461.23887432,30.61740384
1518,4141,470.02936728,31.76406144
1518,4142,478.58479848,29.5113456
1518,4143,486.67632408,29.10206016
1518,4144,494.75401176,29.90746368
1518,4145,500.0026068,32.2490592
1523,4071,20.2288648,21.7480896
1523,4072,24.169878,22.55239584
1523,4073,29.89268088,19.49427648
1523,4074,36.30692256,26.05601088
1523,4075,43.13877072,20.37539232
1523,4076,47.77822296,17.4577248
1523,4077,52.78239888,15.3674064
1523,4078,56.70642456,13.99032
1523,4079,60.59280744,13.99141728
1523,4080,64.50171504,15.10076736
1523,4081,72.68852112,39.79944288
1523,4082,81.72934632,28.1123136
1523,4083,88.21027824,17.44784928
1523,4084,92.29685376,13.97056896
1523,4085,96.56509008,16.1629344
1523,4086,100.78754544,12.50679744
1523,4087,103.3486884,7.6096368
1523,4088,105.46817616,7.67986272
1523,4089,107.5454796,7.47357408
1523,4090,109.70745648,7.900416
1523,4091,111.901986,7.900416
1523,4092,114.096546,7.900416
1523,4093,116.29708008,8.3887056
1523,4094,119.24001552,12.4925328
1523,4095,122.7466176,12.61872
1523,4096,126.248922,12.399264
1523,4097,129.63625584,12.3498864
1523,4098,133.31193048,13.94972064
1523,4099,137.15384304,13.71709728
1523,4100,140.86106448,12.35647008
1523,4101,144.05347872,11.23395264
1523,4102,147.0125076,10.09826784
1523,4103,149.98043664,11.25041184
1523,4104,153.25136736,13.81256064
1523,4105,158.03355744,20.409408
1523,4106,164.24013888,22.99240512
1523,4107,170.70442872,24.19612128
1523,4108,178.12347408,28.7542224
1523,4109,185.96567328,27.49564224
1523,4110,194.1162996,32.42352672
1523,4111,203.51666688,34.06396032
1523,4112,212.98454736,33.80939136
1523,4113,221.65555872,29.13936768
1523,4114,229.6567416,27.84786912
1523,4115,237.27927144,27.39030336
1523,4116,244.88518968,27.41883264
1523,4117,252.53527344,28.29007296
1523,4118,260.85945288,30.87416736
1523,4119,268.9910292,27.50442048
1523,4120,276.57981768,27.40347072
1523,4121,284.16689928,27.33105024
1523,4122,291.78400368,27.432
1523,4123,299.4038208,27.432
1523,4124,307.02345504,27.3881088
1523,4125,314.6200464,27.38701152
1523,4126,322.27899984,28.70923392
1523,4127,330.90166992,32.3752464
1523,4128,339.88970376,32.29624224
1523,4129,348.80601816,31.15397376
1523,4130,357.0317472,28.78275168
1523,4131,365.0228412,28.85956128
1523,4132,373.21818168,32.0515488
1523,4133,382.58014416,27.40676256
1523,4134,391.74669936,46.67390208
1523,4135,403.602444,36.41213952
1523,4136,413.65486992,35.67696192
1523,4137,422.74644432,30.0270672
1523,4138,431.01774096,29.4674544
1523,4139,438.66669696,25.35484896
1523,4140,445.61692944,26.24584032
1523,4141,453.24967008,27.70522272
1523,4142,461.03642616,28.71362304
1523,4143,469.14431952,29.31164064
1523,4144,477.25312728,28.96380288
1523,4145,485.26238736,28.80579456
1523,4146,493.23449232,28.49306976
1523,4147,498.7032444,27.486864
1529,4075,21.863812,19.6083936
1529,4076,25.49441688,20.6233776
1529,4077,31.53969816,22.08385728
1529,4078,37.67431632,22.29343776
1529,4079,43.84758312,22.09263552
1529,4080,49.98393864,22.08495456
1529,4081,56.11806912,22.08605184
1529,4082,62.29505448,22.77294912
1529,4083,68.79079968,23.6134656
1529,4084,75.3521988,23.68917792
1529,4085,81.53159208,18.07878528
1529,4086,85.4063316,12.48814368
1529,4087,88.87458984,12.4870464
1529,4088,92.33967816,12.39706944
1529,4089,95.6748912,10.79065152
1529,4090,98.26794672,8.77714272
1529,4091,100.7065296,8.77824
1529,4092,103.14008328,8.74093248
1529,4093,105.57391128,8.77824
1529,4094,107.86862856,6.83715168
1529,4095,109.51948632,6.7263264
1529,4096,111.58932216,7.26070176
1529,4097,113.73685152,8.78043456
1529,4098,116.51074488,11.52034272
1529,4099,120.0770268,13.4032752
1529,4100,123.6248988,12.24674208
1529,4101,126.9290832,11.29540032
1529,4102,130.41940896,14.31511488
1529,4103,134.0909688,11.37989088
1529,4104,137.3064564,13.12456608
1529,4105,141.33670488,15.17318784
1529,4106,146.0580264,19.75872096
1529,4107,151.98827616,21.7590624
1529,4108,158.03358792,21.76015968
1529,4109,164.37766464,25.63465536
1529,4110,172.18910952,28.8913824
1529,4111,180.21708432,28.9023552
1529,4112,188.2888284,29.46635712
1529,4113,196.56939096,29.89868544
1529,4114,204.87189912,29.92502016
1529,4115,213.19833408,29.9447712
1529,4116,221.48340768,29.81638944
1529,4117,230.09544024,30.9542688
1529,4118,238.03727856,27.3661632
1529,4119,245.64371496,27.42870816
1529,4120,253.26020976,27.38152512
1529,4121,261.00843912,28.54464192
1529,4122,268.8276564,27.3277584
1529,4123,276.38818992,27.42761088
1529,4124,284.0089824,27.42541632
1529,4125,291.87273096,30.4550064
1529,4126,300.84924336,32.92059456
1529,4127,309.9829716,32.82403392
1529,4128,319.12096704,33.3957168
1529,4129,328.80720624,35.72414496
1529,4130,338.29486824,32.25235104
1529,4131,346.77925056,29.26884672
1529,4132,354.90936384,29.22715008
1529,4133,362.74299816,27.35299584
1529,4134,370.35434184,27.432
1529,4135,378.05422992,29.21398272
1529,4136,387.24376704,35.99188128
1529,4137,397.2491928,35.04822048
1529,4138,406.58396712,32.91401088
1529,4139,415.69867584,32.16895776
1529,4140,424.504866,31.46560128
1529,4141,432.83815896,28.56987936
1529,4142,440.6452452,27.67998528
1529,4143,448.27079256,27.84238272
1529,4144,456.2158008,28.70594208
1529,4145,464.07741576,28.4579568
1529,4146,472.8167328,34.31304288
1529,4147,482.2673616,32.88877344
1529,4148,490.936026,30.71067264
1529,4149,497.9005028,31.5138816
1533,4080,23.84733864,22.07398176
1533,4081,30.12926664,22.15298592
1533,4082,36.30110088,22.329648
1533,4083,42.54255144,22.13542944
1533,4084,48.58073088,21.58788672
1533,4085,54.40167936,20.44561824
1533,4086,60.09320976,20.50926048
1533,4087,66.24136104,27.17523648
1533,4088,74.78581944,30.4604928
1533,4089,81.14214912,14.5609056
1533,4090,84.4274664,10.13667264
1533,4091,87.044022,8.10670464
1533,4092,88.86590304,5.50395648
1533,4093,90.3158976,5.21208
1533,4094,91.76421576,5.21208
1533,4095,93.20506632,5.1352704
1533,4096,95.05349544,8.76946176
1533,4097,97.6615776,9.436608
1533,4098,100.28297952,9.436608
1533,4099,102.90084576,9.40478688
1533,4100,105.51694416,9.41356512
1533,4101,108.47249832,12.74051808
1533,4102,112.22001432,13.52617056
1533,4103,116.03022768,13.76757216
1533,4104,119.40649728,9.62753472
1533,4105,122.09812512,13.38242688
1533,4106,126.44137272,13.27489344
1533,4107,129.41174016,10.4625648
1533,4108,132.55861728,12.8162304
1533,4109,137.22007608,20.53230336
1533,4110,143.2371024,21.91707072
1533,4111,149.38881984,22.95619488
1533,4112,156.41028408,27.0973296
1533,4113,163.77824496,26.417016
1533,4114,171.35984016,27.94113792
1533,4115,179.10450336,27.51649056
1533,4116,186.94228296,28.5237936
1533,4117,194.65561272,27.42212448
1533,4118,202.28274504,27.75130848
1533,4119,210.16365384,28.70265024
1533,4120,218.12667576,28.65436992
1533,4121,226.07942592,28.64888352
1533,4122,234.10502328,29.79334656
1533,4123,242.75037048,31.77393696
1533,4124,251.85627048,35.27974656
1533,4125,260.60284176,25.12661472
1533,4126,267.51866232,26.33472
1533,4127,275.05886568,27.5307552
1533,4128,283.35037056,32.74393248
1533,4129,292.7888988,35.0196912
1533,4130,303.01624944,37.19120832
1533,4131,313.47488232,39.83565312
1533,4132,324.92112816,42.42523392
1533,4133,336.5529972,39.65131008
1533,4134,346.96078944,35.26767648
1533,4135,356.30839584,31.52265984
1533,4136,364.26910128,27.34860672
1533,4137,371.8881564,27.432
1533,4138,379.57057944,29.06036352
1533,4139,388.49216688,33.94874592
1533,4140,397.91515032,34.09468416
1533,4141,407.43518208,34.1857584
1533,4142,416.15176104,27.66133152
1533,4143,423.50783472,26.33472
1533,4144,430.8244368,26.25571584
1533,4145,437.41174392,21.5450928
1533,4146,444.04050384,25.7147568
1533,4147,451.70229192,32.4959472
1533,4148,461.78346048,37.20657024
1533,4149,471.73822848,34.23623328
1533,4150,481.21101624,34.22855232
1533,4151,490.47751536,32.15688768
1533,4152,497.9718768,31.0342134857143
1534,4080,19.818096,20.2228704
1534,4081,23.0197152,18.57036672
1534,4082,27.77133384,18.84468672
1534,4083,33.79466952,22.5710496
1534,4084,40.05492624,22.47558624
1534,4085,46.00181808,19.95842592
1534,4086,51.42241176,19.46794176
1534,4087,56.9082936,20.35125216
1534,4088,62.57126424,19.75542912
1534,4089,67.93248288,19.18484352
1534,4090,72.36710952,11.07484704
1534,4091,74.94916176,9.2061792
1534,4092,77.5139928,9.299448
1534,4093,80.08888224,9.21386016
1534,4094,82.496406,7.78739616
1534,4095,84.57206352,7.598664
1534,4096,86.77509696,8.53574112
1534,4097,89.271348,9.05256
1534,4098,91.78588704,9.05256
1534,4099,94.28030928,8.94502656
1534,4100,96.962214,11.01778848
1534,4101,100.26484392,12.06349632
1534,4102,103.95213144,14.90215968
1534,4103,108.1579752,15.44531328
1534,4104,112.73082864,17.55867456
1534,4105,117.9556188,18.5824368
1534,4106,121.8380088,9.79651584
1534,4107,124.52768592,9.60997824
1534,4108,127.39670736,11.34806976
1534,4109,130.63356144,13.22661312
1534,4110,135.0067404,17.94162528
1534,4111,140.72088696,22.45364064
1534,4112,146.89144104,22.2254064
1534,4113,153.38825304,24.23672064
1534,4114,160.20733008,25.6050288
1534,4115,167.67392424,27.42541632
1534,4116,175.29432048,27.4374864
1534,4117,183.01267944,29.15802144
1534,4118,191.14553592,27.9148032
1534,4119,198.86151744,27.96308352
1534,4120,206.54918304,27.84567456
1534,4121,214.50693192,29.04170976
1534,4122,222.35946384,27.45723744
1534,4123,230.19785304,30.45061728
1534,4124,239.1789984,32.86024416
1534,4125,248.42065632,33.47581824
1534,4126,257.71553232,33.85218528
1534,4127,266.82448032,30.03035904
1534,4128,274.56362664,27.32007744
1534,4129,282.61464432,31.54789728
1534,4130,291.7138692,33.38584128
1534,4131,301.69116192,38.23691616
1534,4132,312.35900952,38.27971008
1534,4133,322.73360904,36.01053504
1534,4134,332.66338344,35.95457376
1534,4135,342.49955376,33.2366112
1534,4136,350.8380588,28.4414976
1534,4137,358.72728864,28.29665664
1534,4138,366.53760576,28.062936
1534,4139,374.77729464,30.68872704
1534,4140,383.23674432,31.97803104
1534,4141,392.56886688,33.91911936
1534,4142,401.80787304,32.04167328
1534,4143,410.41941792,30.1806864
1534,4144,418.54517256,28.14852384
1534,4145,426.00384192,25.78498272
1534,4146,433.26463512,27.8105616
1534,4147,441.51112104,30.58997184
1534,4148,450.01299888,30.614112
1534,4149,458.46412752,29.77908192
1534,4150,466.69842144,31.35258144
1534,4151,476.28852672,36.29473056
1534,4152,485.95964784,32.03289504
1534,4153,494.80067664,33.56140608
1534,4154,500.3057304,34.0047072
1541,4128,259.2264564,33.8931504
1541,4129,266.70112776,33.6371184
1541,4130,275.94110928,31.41622368
1541,4131,284.05915248,28.52818272
1541,4132,292.03692672,29.12290848
1541,4133,300.20001936,29.4400224
1541,4134,308.37323136,29.35224
1541,4135,316.41726912,28.18034496
1541,4136,324.09298656,27.514296
1541,4137,331.7210028,27.13353984
1541,4138,339.10225296,26.39836224
1541,4139,344.61895008,26.5102848
1544,4101,49.3170972,4.5427392
1544,4102,50.23969632,6.45420096
1544,4103,52.11092448,5.57198784
1544,4104,53.45868912,6.33898656
1544,4105,55.97600184,10.38356064
1544,4106,59.04719712,12.18639168
1544,4107,62.57860992,12.78770112
1544,4108,66.13029192,12.783312
1544,4109,69.6815472,12.783312
1544,4110,73.23268056,12.783312
1544,4111,76.78649616,12.86231616
1544,4112,80.36320224,12.80635488
1544,4113,83.97602712,13.37913504
1544,4114,87.74091672,13.57664544
1544,4115,91.51248144,13.55031072
1544,4116,95.25987552,13.5020304
1544,4117,98.84615232,12.4431552
1544,4118,102.85783848,17.08355232
1544,4119,108.78821016,27.26301888
1544,4120,117.23592504,31.1572656
1544,4121,125.8120293,40.832532
1545,4083,20.974812,20.189952
1545,4084,24.27387576,20.46207744
1545,4085,30.12381072,21.3475824
1545,4086,35.79668736,19.57986432
1545,4087,41.43899256,20.66287968
1545,4088,47.00896872,18.7964064
1545,4089,51.37410096,12.12274944
1545,4090,53.91991248,7.54160544
1545,4091,56.01626592,7.5492864
1545,4092,58.11249744,7.5492864
1545,4093,60.20888136,7.5492864
1545,4094,62.30532624,7.5492864
1545,4095,64.4022588,7.5492864
1545,4096,66.49690536,7.60195584
1545,4097,72.42096768,35.26328736
1545,4098,78.6979884,9.70763616
1545,4099,81.31509264,9.67362048
1545,4100,84.36656736,11.76942528
1545,4101,87.43087416,9.87552
1545,4102,89.81020392,7.38908352
1545,4103,91.79561016,7.1213472
1545,4104,94.09422888,11.22297984
1545,4105,98.00551392,14.86594944
1545,4106,102.52911168,18.83920032
1545,4107,107.69480112,15.9270192
1545,4108,111.43972632,12.06130176
1545,4109,114.56069544,10.97170272
1545,4110,117.74046048,11.6476272
1545,4111,121.18049424,14.54005728
1545,4112,125.64105936,16.27485696
1545,4113,130.38481416,19.06853184
1545,4114,135.9360756,20.29968
1545,4115,141.94609152,22.89364992
1545,4116,148.68308592,25.13429568
1545,4117,155.95104192,27.37933056
1545,4118,163.99498824,31.48864416
1545,4119,173.17513752,33.47691552
1545,4120,182.37942696,32.6221344
1545,4121,190.83281112,28.0300176
1545,4122,198.4475076,26.69462784
1545,4123,205.2276312,22.65663744
1545,4124,211.85788464,25.27255296
1545,4125,218.89611288,25.66318464
1545,4126,226.3088184,27.3661632
1545,4127,234.2499252,31.00254912
1545,4128,243.28547736,32.86024416
1545,4129,252.41597472,32.48387712
1545,4130,261.13776576,30.6305712
1545,4131,269.19795792,26.30070432
1545,4132,276.06433992,24.51104064
1545,4133,283.14246648,26.66170944
1545,4134,290.72994432,27.88078752
1545,4135,298.80958272,29.7308016
1545,4136,306.71847216,27.38152512
1545,4137,314.31314328,27.38481696
1545,4138,322.21234008,31.63897152
1545,4139,332.00714904,36.36824832
1545,4140,342.22005216,37.93516416
1545,4141,352.955352,38.88540864
1545,4142,363.81638184,40.75407648
1545,4143,375.74009688,43.43692608
1545,4144,387.89881272,44.08980768
1545,4145,398.81528568,33.2969616
1545,4146,407.60702832,31.81453632
1545,4147,416.74185384,33.50763936
1545,4148,425.92032672,33.12249408
1545,4149,435.3325812,34.20112032
1545,4150,444.83002728,34.20112032
1545,4151,454.33399608,34.2131904
1545,4152,463.67663424,32.58482688
1545,4153,473.29990176,37.36567584
1545,4154,483.796086,38.55732192
1545,4155,494.43549576,37.59939648
1545,4156,500.3026824,39.282624
1546,4119,20.0386696,60.6686112
1546,4124,105.218484,70.0832736
1546,4125,117.12098496,62.96851008
1546,4126,128.1299952,61.392816
1547,4085,18.5595387,22.5929952
1547,4086,24.19499352,22.50850464
1547,4087,30.27233976,20.83515264
1547,4088,35.92491672,20.29309632
1547,4089,41.23465464,17.20315584
1547,4090,45.78641592,16.28582976
1547,4091,50.27109072,14.95482912
1547,4092,53.2330152,7.77752064
1547,4093,55.52767152,8.37334368
1547,4094,57.85183248,8.36895456
1547,4095,60.1760544,8.36895456
1547,4096,62.49823416,8.00794944
1547,4097,64.6581384,8.8715088
1547,4098,67.45099032,10.2485952
1547,4099,70.2987672,10.2485952
1547,4100,73.14623928,10.2485952
1547,4101,75.99383328,10.2540816
1547,4102,78.8633424,10.36600416
1547,4103,81.80673504,10.9124496
1547,4104,84.85351584,10.97170272
1547,4105,87.9433344,12.56824512
1547,4106,92.2030668,13.18491648
1547,4107,95.83661808,17.3041056
1547,4108,100.84274472,17.5071024
1547,4109,104.86680576,11.75845248
1547,4110,108.06519408,11.62458432
1547,4111,111.6797868,14.54773824
1547,4112,115.7997684,14.92739712
1547,4113,119.9793384,15.91275456
1547,4114,124.97101752,19.1091312
1547,4115,130.20885312,19.17606528
1547,4116,135.9412572,25.75755072
1547,4117,145.64767416,35.72963136
1547,4118,153.28001856,23.1416352
1547,4119,159.68938344,23.65406496
1547,4120,167.7075132,34.39863072
1547,4121,177.44383104,34.6630752
1547,4122,186.24883248,30.0544992
1547,4123,194.5143684,28.66205088
1547,4124,201.45935832,15.97749408
1547,4125,206.34005976,25.67964384
1547,4126,213.69899856,26.04174624
1547,4127,220.93592592,26.02967616
1547,4128,228.1693176,26.0933184
1547,4129,235.87225368,30.6854352
1547,4130,244.72763856,31.78600704
1547,4131,253.47923904,30.27285792
1547,4132,261.5661012,29.88112896
1547,4133,270.18337632,29.51024832
1547,4134,277.31277024,24.030432
1547,4135,284.69844,28.65436992
1547,4136,292.67526936,28.71362304
1547,4137,300.66078552,29.23263648
1547,4138,309.21963048,31.93852896
1547,4139,318.10516008,32.040576
1547,4140,327.03263016,33.06433824
1547,4141,337.0528692,38.29616928
1547,4142,347.11821864,32.89755168
1547,4143,358.1957784,47.99392992
1547,4144,370.81471176,41.8502592
1547,4145,382.05287064,40.7200608
1547,4146,393.49356912,39.6611856
1547,4147,403.4069148,32.56068672
1547,4148,412.35313008,32.3203824
1547,4149,421.39502208,32.95461024
1547,4150,430.70257776,34.20989856
1547,4151,440.14896984,33.43082976
1547,4152,449.29187256,33.50983392
1547,4153,458.94205392,35.02188576
1547,4154,468.58815096,35.34119424
1547,4155,478.7738964,37.1045232
1547,4156,488.694222,32.76148896
1547,4157,496.6788009,33.2036928
1553,4087,22.0011606857143,21.8938710857143
1553,4088,26.92825704,19.12339584
1553,4089,32.06462472,20.37758688
1553,4090,38.36627328,21.27187008
1553,4091,42.7922436,11.47645152
1553,4092,45.57951768,8.97904224
1553,4093,47.89121232,9.62753472
1553,4094,51.06494232,10.70725824
1553,4095,53.54854416,8.21643264
1553,4096,55.63767384,6.58038816
1553,4097,57.3871344,6.2764416
1553,4098,59.1305904,6.2764416
1553,4099,60.8740464,6.2764416
1553,4100,62.61789864,6.28083072
1553,4101,64.36196424,6.2764416
1553,4102,66.10496304,6.29399808
1553,4103,69.65234736,20.77809408
1553,4104,74.68218744,13.8641328
1553,4105,78.15215256,11.2032288
1553,4106,81.43338552,12.35976192
1553,4107,84.86656128,12.35647008
1553,4108,88.30372992,12.80964672
1553,4109,92.76292344,19.120104
1553,4110,98.15706048,19.17387072
1553,4111,102.78995952,13.50641952
1553,4112,106.2407832,12.46290624
1553,4113,109.83906912,13.49215488
1553,4114,114.01940112,17.29642464
1553,4115,119.12038152,18.47380608
1553,4116,124.37906544,20.00780352
1553,4117,130.11229248,21.82928832
1553,4118,136.89415344,25.84862496
1553,4119,144.05491128,25.75096704
1553,4120,151.20387336,25.71365952
1553,4121,158.5709808,27.47369664
1553,4122,166.22981232,27.57245184
1553,4123,174.3038424,31.54021632
1553,4124,182.71025688,26.91188928
1553,4125,189.57993072,23.60029824
1553,4126,196.1308752,23.60139552
1553,4127,202.69559664,23.17565088
1553,4128,208.9783476,23.70344256
1553,4129,216.2092704,27.20266848
1553,4130,223.83746952,28.75861152
1553,4131,232.41210312,32.1996816
1553,4132,241.51486368,33.06214368
1553,4133,250.70321208,33.07531104
1553,4134,259.85059536,32.2819776
1553,4135,268.02444744,25.85301408
1553,4136,275.00311776,26.93932128
1553,4137,282.83879424,27.23339232
1553,4138,290.12833008,26.74290816
1553,4139,297.72912768,27.432
1553,4140,305.3591556,28.06622784
1553,4141,314.04540696,34.25598432
1553,4142,323.65922568,34.57639008
1553,4143,333.22522128,35.20513152
1553,4144,343.37551848,37.03539456
1553,4145,353.67870336,37.08696672
1553,4146,363.89245992,36.3693456
1553,4147,374.36136456,39.46148064
1553,4148,385.4267628,39.72373056
1553,4149,395.89307664,35.40593376
1553,4150,405.62110392,34.98787008
1553,4151,415.0944708,32.66822016
1553,4152,424.36429224,34.53469344
1553,4153,433.77755256,33.36718752
1553,4154,443.05197648,33.74574912
1553,4155,452.83413624,36.75778272
1553,4156,463.13515704,36.33532992
1553,4157,473.07648336,36.1114848
1553,4158,483.16752744,36.19158624
1553,4159,492.5671632,31.58301024
1553,4160,498.8157918,33.2585568
1559,4090,22.5921189,22.0800168
1559,4091,27.25436256,14.28000192
1559,4092,30.6679092,11.79576
1559,4093,33.94051632,11.77600896
1559,4094,37.215318,11.79356544
1559,4095,40.56650256,11.46547872
1559,4096,42.24174432,1.59544512
1559,4097,44.90688504,16.48553472
1559,4098,48.36987024,9.22154112
1559,4099,50.92116816,9.18862272
1559,4100,53.47386816,9.19191456
1559,4101,56.02976856,9.35321472
1559,4102,58.76870136,10.23652512
1559,4103,61.61403984,10.24091424
1559,4104,64.4252712,9.5408496
1559,4105,67.381374,12.65931936
1559,4106,71.0330304,13.16736
1559,4107,74.66261928,12.67577856
1559,4108,78.2282916,12.08983104
1559,4109,81.60675576,14.51372256
1559,4110,86.18689392,17.37433152
1559,4111,91.01306664,17.34909408
1559,4112,95.79553104,16.73242272
1559,4113,100.16221776,15.0821136
1559,4114,104.35903944,15.17318784
1559,4115,108.39392088,14.20319232
1559,4116,112.87640112,17.77264416
1559,4117,117.86777544,18.69106752
1559,4118,123.66031656,22.4338896
1559,4119,129.8403804,23.12298144
1559,4120,136.9888548,27.21473856
1559,4121,144.51290376,26.59696992
1559,4122,152.05124784,28.64668896
1559,4123,160.16807184,29.22495552
1559,4124,168.28401192,29.18106432
1559,4125,176.37568992,29.35662912
1559,4126,184.52671248,27.53843616
1559,4127,191.09509152,22.14201312
1559,4128,197.50860168,23.22722304
1559,4129,203.95332336,23.18772096
1559,4130,210.58683816,24.88521312
1559,4131,217.59187368,25.25719104
1559,4132,224.62979712,25.8738624
1559,4133,232.09992696,27.48357216
1559,4134,240.26844504,31.94620992
1559,4135,249.26007552,32.39938656
1559,4136,258.20001192,31.52814624
1559,4137,266.66604528,28.64010528
1559,4138,274.35602736,28.41516288
1559,4139,282.58635888,30.09948768
1559,4140,290.94726672,30.0983904
1559,4141,299.30850984,30.09729312
1559,4142,307.71501576,30.87965376
1559,4143,316.90491864,36.40336128
1559,4144,327.57986808,38.88870048
1559,4145,338.39188608,39.18716064
1559,4146,349.51778712,40.92415488
1559,4147,360.94586688,41.148
1559,4148,372.08005848,37.20986208
1559,4149,381.75633072,34.47544032
1559,4150,391.40895048,34.75963584
1559,4151,401.05666296,34.6959936
1559,4152,410.18524008,30.87636192
1559,4153,418.60217016,30.147768
1559,4154,426.98413968,30.19056192
1559,4155,435.58141992,33.18613632
1559,4156,445.62482376,37.42931808
1559,4157,456.02191752,37.4282208
1559,4158,466.44613848,37.99002816
1559,4159,477.1198992,37.46552832
1559,4160,487.0655232,33.96191328
1559,4161,495.87875424,32.13603936
1567,4093,22.5962718,20.9594196
1567,4094,27.03844224,13.74782112
1567,4095,30.17632776,9.95452416
1567,4096,32.68230192,8.3503008
1567,4097,34.58653992,5.48420544
1567,4098,36.11572152,5.62465728
1567,4099,37.90608624,7.81592544
1567,4100,40.0411188,7.08513696
1567,4101,42.13475952,7.17840576
1567,4102,43.68122328,4.92788448
1567,4103,45.21482448,5.59173888
1567,4104,46.788324,6.73071552
1567,4105,48.8349036,7.85323296
1567,4106,51.16412424,7.6864464
1567,4107,53.24209824,8.26471296
1567,4108,55.74956592,9.75262464
1567,4109,58.55244576,10.50535872
1567,4110,62.06267496,14.56968384
1567,4111,66.15251184,14.7145248
1567,4112,70.24036752,14.7145248
1567,4113,74.3280708,14.7145248
1567,4114,78.43137984,14.64429888
1567,4115,82.211418,12.68236224
1567,4116,85.71606936,12.61872
1567,4117,89.22148272,12.61872
1567,4118,92.72131824,12.52106208
1567,4119,96.20182944,12.56495328
1567,4120,99.74558664,13.69076256
1567,4121,104.27153136,19.73348352
1567,4122,111.14879472,28.33067232
1567,4123,118.95636864,28.1068272
1567,4124,127.21614384,31.73114304
1567,4125,136.4934024,34.56212544
1567,4126,146.18403072,34.72671744
1567,4127,155.84463624,35.2391472
1567,4128,165.53212512,33.96301056
1567,4129,174.76189584,32.79550464
1567,4130,183.52599312,29.49159456
1567,4131,191.30320896,27.4429728
1567,4132,198.92290416,27.4100544
1567,4133,206.55360264,27.94881888
1567,4134,214.59508008,29.44989792
1567,4135,222.6082416,29.41149312
1567,4136,231.41577288,32.92608096
1567,4137,240.55197,32.86134144
1567,4138,249.6881976,32.9129136
1567,4139,258.79492056,32.6879712
1567,4140,267.86823744,32.6001888
1567,4141,276.96426192,32.88109248
1567,4142,286.01752296,31.68396
1567,4143,294.22261704,27.74033568
1567,4144,301.98114864,29.07901728
1567,4145,310.38802032,31.46011488
1567,4146,319.45621656,34.06176576
1567,4147,329.83986864,39.76432992
1567,4148,340.7011728,38.37407616
1567,4149,351.352866,38.4048
1567,4150,361.9474092,37.9549152
1567,4151,372.64881528,39.0137904
1567,4152,383.37201456,37.417248
1567,4153,393.4545852,35.94908736
1567,4154,403.40121504,35.2007424
1567,4155,412.92310608,33.85876896
1567,4156,422.32771008,33.83133696
1567,4157,431.74944384,34.06286304
1567,4158,441.59021664,37.23729408
1567,4159,451.89532176,36.51967296
1567,4160,461.95826328,35.34558336
1567,4161,471.9087336,36.99918432
1567,4162,482.004624,34.1418672
1567,4163,490.90332096,30.58997184
1567,4164,497.705350971429,27.0824379428571
1571,4103,33.6008472,7.6541376
1571,4104,36.20944752,15.5923488
1571,4105,41.59916496,17.20205856
1571,4106,44.77737552,7.3188576
1571,4107,46.3419444,4.79182176
1571,4108,47.76209904,5.47981632
1571,4109,49.67231112,9.05475456
1571,4110,52.7163792,11.686032
1571,4111,55.89120648,11.53570464
1571,4112,59.15043288,11.73102048
1571,4113,62.41029936,11.7354096
1571,4114,65.67034872,11.73431232
1571,4115,69.54871536,21.06009504
1571,4116,76.25574792,21.24992448
1571,4117,81.30774696,15.67683936
1571,4118,85.18431528,13.5349488
1571,4119,89.08825464,13.95410976
1571,4120,92.7815772,13.16406816
1571,4121,96.8759556,15.84801504
1571,4122,102.04783248,23.29305984
1571,4123,109.56639504,29.52999936
1571,4124,118.24709904,32.29404768
1571,4125,127.31733744,33.38254944
1571,4126,136.79238072,34.10455968
1571,4127,146.11039104,33.13895328
1571,4128,155.00692392,29.90197728
1571,4129,162.80568912,27.38371968
1571,4130,170.41749,27.432
1571,4131,178.03892256,27.43529184
1571,4132,185.64157944,26.773632
1571,4133,192.98494296,27.01942272
1571,4134,200.5981764,27.40566528
1571,4135,208.2480468,28.1671776
1571,4136,216.32750232,29.32371072
1571,4137,224.4179916,30.43196352
1571,4138,233.40956112,33.49666656
1571,4139,243.3703032,38.048184
1571,4140,254.01358392,37.97905536
1571,4141,264.3566976,35.90958528
1571,4142,273.76590408,32.59579968
1571,4143,282.7346136,32.397192
1571,4144,291.40242456,28.8474912
1571,4145,299.10030096,27.43090272
1571,4146,306.900072,29.1711888
1571,4147,315.46580544,32.47290432
1571,4148,325.0816968,37.4556528
1571,4149,335.72467272,38.02953024
1571,4150,346.39825056,39.58108416
1571,4151,357.77826336,42.26503104
1571,4152,369.58850136,40.87148544
1571,4153,380.48360784,39.38028192
1571,4154,391.63581312,39.3539472
1571,4155,401.50563336,32.73954336
1571,4156,410.65390056,33.20588736
1571,4157,419.85502008,32.93047008
1571,4158,428.85716616,31.03437024
1571,4159,437.31448224,30.70079712
1571,4160,445.99704552,31.83648192
1571,4161,454.86831048,32.70223584
1571,4162,464.41083648,35.36972352
1571,4163,474.24209952,35.37301536
1571,4164,484.02304008,34.08041952
1571,4165,492.36261192,26.71218432
1571,4166,498.2561028,26.764488
1576,4124,20.8985104,19.0597536
1576,4125,24.01147344,19.51622208
1576,4126,29.86829688,23.12846784
1576,4127,33.5731104,26.499312
1577,4102,20.898612,11.6421408
1577,4103,23.4031536,11.39305824
1577,4104,26.54722656,11.07484704
1577,4105,28.59240408,2.68504416
1577,4106,30.00286608,9.20727648
1577,4107,32.77816152,10.040112
1577,4108,35.56964184,10.40001984
1577,4109,38.87324712,11.1703104
1577,4110,42.11942808,14.34035232
1577,4111,46.1747616,14.5993104
1577,4112,50.22771768,14.58943488
1577,4113,54.24172032,13.09164768
1577,4114,56.001666,1.07643168
1577,4115,57.8706996,12.40365312
1577,4116,61.43384208,13.00496256
1577,4117,65.08970472,13.17613824
1577,4118,68.65077456,13.39339968
1577,4119,72.87262032,16.0641792
1577,4120,77.34309144,16.16512896
1577,4121,81.8246268,16.05979008
1577,4122,86.4591108,17.9899056
1577,4123,91.6908504,18.94124736
1577,4124,96.94700448,18.99501408
1577,4125,102.21858144,20.39404608
1577,4126,109.82901072,33.35402016
1577,4127,119.50058904,36.26071488
1577,4128,129.6248868,36.02589696
1577,4129,139.6915164,36.02809152
1577,4130,149.17302144,32.890968
1577,4131,158.2058304,31.574232
1577,4132,166.90107336,31.60056672
1577,4133,175.79742336,32.28965856
1577,4134,184.5469512,30.49780032
1577,4135,192.67416888,28.18253952
1577,4136,200.32745304,24.99494112
1577,4137,207.01107696,27.64377504
1577,4138,215.49341712,31.02668928
1577,4139,223.96100496,29.77249824
1577,4140,232.18405176,29.736288
1577,4141,241.28202696,36.82800864
1577,4142,251.89275504,38.30275296
1577,4143,262.49415624,37.86493824
1577,4144,272.61848448,34.28012448
1577,4145,281.57634312,30.10168224
1577,4146,289.62190488,28.94844096
1577,4147,297.6652416,28.9572192
1577,4148,305.70842592,28.9352736
1577,4149,313.67352048,28.63681344
1577,4150,322.76098008,37.55550528
1577,4151,332.3648928,30.02048352
1577,4152,343.69488792,47.06892288
1577,4153,354.85739544,38.3334768
1577,4154,365.4868992,38.4651504
1577,4155,376.61670168,41.74492032
1577,4156,388.29197424,41.58252288
1577,4157,398.570196,32.01533856
1577,4158,407.19722472,30.97182528
1577,4159,415.80681888,30.85990272
1577,4160,423.86759016,28.79372448
1577,4161,432.6081264,32.6769984
1577,4162,441.62392752,31.7443104
1577,4163,450.53003112,32.98862592
1577,4164,459.67503696,32.397192
1577,4165,468.38878128,25.26926112
1577,4166,476.44056096,41.96327904
1577,4167,487.57783104,31.16604384
1577,4168,494.8310652,24.87643488
1577,4169,499.4934384,26.938224
1584,4106,21.1905723,6.672834
1584,4107,23.07403056,8.76616992
1584,4108,25.8205224,9.78005664
1584,4109,28.64217792,10.52620704
1584,4110,31.1408064,7.8510384
1584,4111,33.50943768,8.95490208
1584,4112,35.70101064,7.73362944
1584,4113,38.398704,11.0989872
1584,4114,41.35431912,10.10375424
1584,4115,44.353734,12.63188736
1584,4116,48.43022064,16.0532064
1584,4117,52.80230232,14.95373184
1584,4118,56.927496,14.81328
1584,4119,61.04278368,14.82315552
1584,4120,65.0367,14.77268064
1584,4121,69.60943152,17.29532736
1584,4122,74.41435968,17.29532736
1584,4123,79.23791112,17.39517984
1584,4124,84.0324456,17.26131168
1584,4125,88.68954576,15.8941008
1584,4126,93.09741096,17.0572176
1584,4127,98.59179672,21.97742112
1584,4128,105.22009944,25.76193984
1584,4129,112.90130328,30.33101376
1584,4130,121.79826288,33.04678176
1584,4131,131.10569664,33.7249008
1584,4132,140.51179416,33.2585568
1584,4133,149.04442632,28.4305248
1584,4134,156.88988688,28.4140656
1584,4135,165.3191004,32.4904608
1584,4136,174.45676056,32.9238864
1584,4137,183.59813928,32.45973696
1584,4138,192.34446672,31.7497968
1584,4139,201.35871336,32.33574432
1584,4140,210.61609896,34.7947488
1584,4141,220.27005984,33.6480912
1584,4142,229.6933176,35.93482272
1584,4143,240.170208,38.35651968
1584,4144,250.82955168,38.36529792
1584,4145,261.51815616,38.41248096
1584,4146,271.48941384,33.2091792
1584,4147,280.5946128,32.7867264
1584,4148,289.7282496,32.9184
1584,4149,298.8722496,32.9184
1584,4150,307.9193232,31.33063584
1584,4151,316.03742736,28.3317696
1584,4152,324.78290136,35.47725696
1584,4153,334.76714352,34.52920704
1584,4154,344.4739872,34.66526976
1584,4155,354.0917988,37.35580032
1584,4156,364.89037512,39.12461568
1584,4157,375.89807472,40.1988528
1584,4158,387.1200792,40.31296992
1584,4159,397.46675904,33.21905472
1584,4160,406.349454,31.78381248
1584,4161,414.76403712,29.19752352
1584,4162,423.28624512,31.22529696
1584,4163,431.85536184,31.30210656
1584,4164,440.61241824,31.35697056
1584,4165,449.06720448,29.60132256
1584,4166,457.25864352,29.05377984
1584,4167,465.46931544,29.80431936
1584,4168,474.11545512,34.0760304
1584,4169,483.44605368,29.81200032
1584,4170,490.58437824,24.36729696
1584,4171,497.1976848,24.6302784
1591,4110,21.78548856,12.975336
1591,4111,24.69328056,8.40187296
1591,4112,27.3768312,11.740896
1591,4113,30.27892344,8.05622976
1591,4114,32.50871832,8.85395232
1591,4115,35.19095832,10.24749792
1591,4116,38.4494532,14.0396976
1591,4117,42.2472612,11.50936992
1591,4118,45.01786272,10.1278944
1591,4119,48.70908216,15.87654432
1591,4120,53.16181392,16.020288
1591,4121,57.61201584,16.020288
1591,4122,62.06243112,16.02467712
1591,4123,66.51083472,15.65050464
1591,4124,70.77129864,16.349472
1591,4125,75.63691248,17.76167136
1591,4126,80.58357264,17.76167136
1591,4127,85.503258,17.38310976
1591,4128,90.00689136,16.30996992
1591,4129,95.57747712,23.97666528
1591,4130,102.28963032,23.63760576
1591,4131,109.5880968,29.16789696
1591,4132,118.15093464,31.28455008
1591,4133,126.86236248,31.75418592
1591,4134,135.68559096,32.479488
1591,4135,144.906492,33.1213968
1591,4136,153.77757408,30.76443936
1591,4137,162.23546928,30.38148864
1591,4138,170.83055496,32.1118992
1591,4139,179.94511128,32.726376
1591,4140,188.5373928,29.66057568
1591,4141,196.95788904,30.52523232
1591,4142,205.28953608,30.05230464
1591,4143,214.15315056,33.32549088
1591,4144,223.35018576,32.85475776
1591,4145,232.48141464,32.9513184
1591,4146,242.058444,36.94212576
1591,4147,252.65399304,38.19302496
1591,4148,263.14990296,37.53904608
1591,4149,273.3863976,35.24573088
1591,4150,282.72053184,32.9074272
1591,4151,291.86538528,32.9184
1591,4152,301.00947672,32.9184
1591,4153,310.14354024,32.82842304
1591,4154,319.28193192,33.39681408
1591,4155,328.96935984,35.72963136
1591,4156,338.49969384,32.95022112
1591,4157,347.6839884,33.72270624
1591,4158,357.1469616,34.1418672
1591,4159,366.89635536,35.93592
1591,4160,376.84170504,35.17001856
1591,4161,386.34850848,33.79402944
1591,4162,395.73070968,33.74136
1591,4163,405.1041936,33.74136
1591,4164,414.48112176,33.77537568
1591,4165,423.85997016,33.74136
1591,4166,433.21934184,33.08079744
1591,4167,441.72868728,29.17557792
1591,4168,450.28811136,32.01424128
1591,4169,459.07394088,31.21871328
1591,4170,467.98422024,32.97216672
1591,4171,476.30041392,19.5206112
1591,4172,479.45128392,21.76235424
1591,4173,490.70434752,42.27051744
1591,4174,498.1167584,17.9515008
1596,4114,20.8983072,11.466576
1596,4115,22.60796088,11.30966496
1596,4116,25.74938208,11.61580608
1596,4117,29.50399992,15.33558528
1596,4118,33.56363112,13.47350112
1596,4119,37.19434776,12.9808224
1596,4120,40.80086328,12.97643328
1596,4121,44.78005776,15.9489648
1596,4122,49.13363808,15.67135296
1596,4123,53.7755592,17.199864
1596,4124,58.55092176,17.19108576
1596,4125,63.28979976,16.41091968
1596,4126,68.09088744,19.13217408
1596,4127,73.53790728,19.6303392
1596,4128,79.008732,19.723608
1596,4129,84.4655664,19.82565504
1596,4130,90.30260832,21.588984
1596,4131,96.26202744,21.81063456
1596,4132,102.3475728,22.02679872
1596,4133,109.55124648,31.12215264
1596,4134,118.56649896,32.88987072
1596,4135,127.79953104,33.247584
1596,4136,137.13342144,33.38035488
1596,4137,146.27921976,32.8854816
1596,4138,155.419806,32.9184
1596,4139,164.55639936,32.87121696
1596,4140,173.57375496,31.91877792
1596,4141,182.31639432,30.85222176
1596,4142,190.54489704,28.91771712
1596,4143,198.85481184,30.51974592
1596,4144,207.50671224,32.99411232
1596,4145,217.19185416,35.13600288
1596,4146,227.09209344,37.46772288
1596,4147,237.73202136,38.34774144
1596,4148,248.38892664,38.4048
1596,4149,259.065522,38.57158656
1596,4150,269.73568608,37.81336608
1596,4151,279.96983376,35.66050272
1596,4152,289.42012728,32.9238864
1596,4153,298.563792,32.9184
1596,4154,307.70312856,32.83720128
1596,4155,316.82594496,32.94912384
1596,4156,326.42991864,36.76326912
1596,4157,336.46893336,34.05079296
1596,4158,345.649296,33.1598016
1596,4159,354.98736216,33.6535776
1596,4160,364.29927648,34.2406224
1596,4161,374.40754176,37.80897696
1596,4162,385.13366712,39.6721584
1596,4163,395.81425536,35.33022144
1596,4164,404.9647476,31.69164096
1596,4165,413.66523312,31.5358272
1596,4166,422.24148216,30.25969056
1596,4167,430.51134624,29.03622336
1596,4168,438.54200328,28.67960736
1596,4169,446.40983616,27.9367488
1596,4170,454.1736408,28.79921088
1596,4171,462.91435992,33.3408528
1596,4172,471.6997932,33.15321792
1596,4173,481.02795336,27.33105024
1596,4174,487.14501504,19.89258912
1596,4175,492.09752736,15.12929664
1596,4176,495.70626792,11.83197024
1596,4177,498.6239583,12.598146
1601,4117,20.434554,14.484096
1601,4118,22.59631752,14.44130208
1601,4119,26.6460732,15.10844832
1601,4120,30.66041112,12.42889056
1601,4121,34.142934,13.70831904
1601,4122,38.36270712,17.7869088
1601,4123,43.6845456,19.39332672
1601,4124,49.07179416,19.39222944
1601,4125,54.13409544,16.10916768
1601,4126,58.25685072,14.52688992
1601,4127,62.291976,14.53018176
1601,4128,66.32825952,14.54334912
1601,4129,70.37441856,15.24780288
1601,4130,75.01838184,18.35420256
1601,4131,80.49886872,20.15483904
1601,4132,86.36474472,22.24954656
1601,4133,92.766642,24.32450304
1601,4134,99.90944712,26.1811008
1601,4135,107.03170872,25.85520864
1601,4136,114.48443448,27.46272384
1601,4137,122.11366992,27.4374864
1601,4138,129.8156916,30.53291328
1601,4139,139.65457464,36.86202432
1601,4140,149.39601312,33.78195936
1601,4141,158.49222048,32.10202368
1601,4142,167.39545896,31.99010112
1601,4143,176.03382624,30.08632032
1601,4144,184.3431924,29.85369696
1601,4145,192.79496112,31.82550912
1601,4146,201.91189488,33.78195936
1601,4147,212.24104872,40.17251808
1601,4148,223.2673716,38.62864512
1601,4149,233.92982424,38.39163264
1601,4150,244.58319384,38.3609088
1601,4151,255.26564136,38.7559296
1601,4152,266.09201544,38.6352288
1601,4153,276.72511584,38.10195072
1601,4154,286.97075448,34.97909184
1601,4155,296.28324792,32.91181632
1601,4156,305.42746128,32.89864896
1601,4157,314.54914992,32.84378496
1601,4158,323.98813536,36.21792096
1601,4159,334.23965664,35.19745056
1601,4160,343.5190488,33.12468864
1601,4161,352.97693184,34.8496128
1601,4162,362.96784912,37.4282208
1601,4163,373.53051024,38.10085344
1601,4164,384.27330816,39.32870976
1601,4165,395.16570192,38.38395168
1601,4166,405.35318472,35.6561136
1601,4167,415.18051584,34.20441216
1601,4168,424.51419288,34.02226368
1601,4169,433.9457412,33.15102336
1601,4170,442.8791244,31.38988896
1601,4171,451.39337712,30.12143328
1601,4172,459.7034748,29.2260528
1601,4173,467.5811832,27.85006368
1601,4174,475.16222976,26.86360896
1601,4175,481.51615152,17.34031584
1601,4176,485.48486088,12.83049504
1601,4177,488.94251208,12.20285088
1601,4178,492.33417408,12.2127264
1601,4179,495.72516552,11.92084992
1601,4180,498.64688688,9.72409536
1607,4120,21.2593936,10.6533696
1607,4121,24.05292624,10.30784832
1607,4122,26.7710412,9.82285056
1607,4123,29.86753488,12.3882912
1607,4124,33.3659988,12.72076704
1607,4125,37.25750232,15.87105792
1607,4126,41.80426488,16.33191552
1607,4127,46.38181224,16.87506912
1607,4128,51.33551328,18.0447696
1607,4129,56.2448964,17.62451136
1607,4130,61.14147792,17.62890048
1607,4131,65.89492536,15.0107904
1607,4132,70.63715616,22.1156784
1607,4133,77.08769952,23.82633792
1607,4134,84.72934032,30.915864
1607,4135,93.40190616,31.26479904
1607,4136,102.23394336,31.65323616
1607,4137,110.7070176,29.49269184
1607,4138,118.94527392,30.74359104
1607,4139,127.7985252,32.55849216
1607,4140,137.06039136,34.1583264
1607,4141,146.43360096,32.93266464
1607,4142,155.5723584,32.9184
1607,4143,164.64390744,32.0076576
1607,4144,173.10302184,28.5676848
1607,4145,180.78254928,27.43968096
1607,4146,188.40590208,27.44955648
1607,4147,196.04821344,28.30214304
1607,4148,204.63897096,33.4341216
1607,4149,214.79109696,39.11912928
1607,4150,225.55404216,38.3334768
1607,4151,236.21399544,38.36310336
1607,4152,246.8680356,38.39053536
1607,4153,257.5421316,38.5529328
1607,4154,268.20193248,37.28886624
1607,4155,277.87811328,33.01825248
1607,4156,286.98806712,32.81745024
1607,4157,296.1290496,32.9184
1607,4158,305.27329344,32.89864896
1607,4159,314.39531736,32.84817408
1607,4160,323.71555272,34.91325504
1607,4161,333.5325816,34.29877824
1607,4162,342.8739396,34.66417248
1607,4163,352.92825528,36.89933184
1607,4164,363.35982192,38.22704064
1607,4165,374.02059816,38.40809184
1607,4166,384.80372112,39.36162816
1607,4167,395.7689316,39.45489696
1607,4168,406.51645392,36.79070112
1607,4169,416.0463612,32.95022112
1607,4170,425.1932568,32.9184
1607,4171,434.27687592,32.35768992
1607,4172,443.15225568,30.94768512
1607,4173,451.42690512,29.24470656
1607,4174,459.55482384,27.85664736
1607,4175,466.30934424,21.61531872
1607,4176,471.92022456,19.45257984
1607,4177,477.28065072,18.19948608
1607,4178,481.28749056,11.69371296
1607,4179,484.47277248,11.11215456
1607,4180,487.6591212,11.97351936
1607,4181,490.81986672,10.7204256
1607,4182,494.1083844,12.95997408
1607,4183,497.71596672,12.97972512
1607,4184,501.137055466667,12.960096
1609,4150,219.3986976,27.0698976
1609,4151,224.77265688,31.40305632
1609,4152,234.28016136,37.02990816
1609,4153,244.88308656,38.36749248
1609,4154,255.47019264,37.389816
1609,4155,265.58516352,34.80352704
1609,4156,274.79509176,32.73076512
1609,4157,283.934916,32.9184
1609,4158,293.07909888,32.9184
1609,4159,302.2232208,32.9184
1609,4160,311.3536572,32.78233728
1609,4161,320.19672816,31.82989824
1609,4162,329.59828416,34.67843712
1609,4163,338.82640896,31.08484512
1609,4164,347.04454848,29.54645856
1609,4165,355.47062256,30.90379392
1609,4166,364.43689368,34.71025824
1609,4167,374.779794,38.43991296
1609,4168,385.78084896,41.19847488
1609,4169,397.110204,38.16778752
1609,4170,406.80500808,33.72380352
1609,4171,416.30312472,34.32401568
1609,4172,425.77006032,33.44619168
1609,4173,434.7719016,31.4535312
1609,4174,443.44617432,31.77942336
1609,4175,452.42280864,32.2106544
1609,4176,460.33322208,23.59371456
1609,4177,466.459824,21.50339616
1609,4178,471.64197264,15.87873888
1609,4179,475.98354384,15.60551616
1609,4180,479.85697272,11.70907488
1609,4181,482.91914592,11.07374976
1609,4182,486.46317744,14.75183232
1609,4183,490.40774664,12.12384672
1609,4184,493.09672272,7.7029056
1609,4185,494.95889832,7.93223712
1609,4186,497.73373656,11.78368992
1609,4187,499.8457872,15.0107904
1612,4139,118.38407616,16.6018464
1612,4140,122.009916,18.5220864
1612,4141,127.340106,19.64570112
1612,4142,133.75129968,26.17780896
1612,4143,141.0102336,25.46677152
1612,4144,147.84144168,25.18477056
1612,4145,155.15277072,26.5212576
1612,4146,162.51350784,26.4609072
1612,4147,169.87269048,26.74839456
1612,4148,177.53130864,29.36211552
1612,4149,186.1172808,30.32991648
1612,4150,194.37013704,31.13861184
1612,4151,203.42175216,33.46484544
1612,4152,213.55016472,38.6297424
1612,4153,223.70070576,35.12173824
1612,4154,233.9265324,38.26105632
1612,4155,244.57984104,38.35761696
1612,4156,255.1653012,37.39091328
1612,4157,265.28249712,34.7782896
1612,4158,274.4893164,32.75819712
1612,4159,283.7532552,34.42825728
1612,4160,293.32525536,33.60529728
1612,4161,302.5295448,32.9184
1612,4162,311.65763424,32.82293664
1612,4163,320.8594548,34.3393776
1612,4164,330.86381376,35.98968672
1612,4165,340.31947176,32.8251312
1612,4166,349.3681608,32.16895776
1612,4167,358.28938248,32.42133216
1612,4168,367.37519616,32.33025792
1612,4169,375.874026,29.708856
1612,4170,384.84267456,35.43775488
1612,4171,394.95356112,35.95896288
1612,4172,404.36371248,32.10751008
1612,4173,413.3970396,33.220152
1612,4174,422.60190816,32.41035936
1612,4175,431.4997212,32.04167328
1612,4176,440.61244872,33.7084416
1612,4177,449.89982664,31.71797568
1612,4178,457.6802124,25.71146496
1612,4179,464.63855256,22.50631008
1612,4180,469.8909576,16.4976048
1612,4181,472.39644408,2.5017984
1612,4182,475.64448432,21.12264
1612,4183,481.65087312,19.9814688
1612,4184,485.78286384,11.03973408
1612,4185,488.48351376,9.82833696
1612,4186,491.76297888,12.5419104
1612,4187,495.04226112,9.44648352
1612,4188,497.35535784,10.22006592
1612,4189,499.5953432,14.100048
1616,4127,20.5385416,30.8445408
1616,4128,26.36437704,27.3058128
1616,4129,33.34210248,26.50040928
1616,4130,40.52383056,20.21080032
1616,4131,43.43418288,6.50796768
1616,4132,47.9743008,24.16100832
1616,4133,55.04450256,24.53847264
1616,4134,60.98548128,20.02536
1616,4135,66.81267816,24.81169536
1616,4136,75.43193448,34.42057632
1616,4137,84.70901016,29.83833504
1616,4138,91.60251936,23.64418944
1616,4139,98.90705136,26.44335072
1616,4140,105.8081196,24.38814528
1616,4141,112.7490252,26.55527328
1616,4142,120.52307112,28.36139616
1616,4143,128.12517936,26.09222112
1616,4144,135.25039752,25.7147568
1616,4145,142.01436672,22.39767936
1616,4146,148.15392264,22.91779008
1616,4147,155.0820876,26.70889248
1616,4148,162.8205024,28.48099968
1616,4149,170.67507648,28.1123136
1616,4150,178.4797548,27.85116096
1616,4151,186.23712816,28.74763872
1616,4152,194.4636192,30.1038768
1616,4153,202.58026032,29.22824736
1616,4154,211.77814896,36.57343968
1616,4155,221.66253864,33.48130464
1616,4156,230.68556352,30.97950624
1616,4157,239.78070408,36.58112064
1616,4158,249.72983328,35.25450912
1616,4159,260.20282224,39.0741408
1616,4160,270.95948856,38.13486912
1616,4161,281.45058264,37.10562048
1616,4162,291.10618944,32.85146592
1616,4163,300.2423256,32.9184
1616,4164,309.37471272,32.55849216
1616,4165,318.3014208,32.42791584
1616,4166,327.96562296,36.71608608
1616,4167,337.72781832,33.21137376
1616,4168,346.87148304,33.13127232
1616,4169,356.1211572,33.15102336
1616,4170,365.25729336,32.8525632
1616,4171,374.39964744,32.91401088
1616,4172,383.91757608,36.53064576
1616,4173,394.26986424,36.0127296
1616,4174,403.71119664,33.59432448
1616,4175,413.64917016,37.89017568
1616,4176,424.15507752,36.97504416
1616,4177,433.92769704,33.55591968
1616,4178,443.12610384,31.63787424
1616,4179,451.25630856,27.84018816
1616,4180,458.37427248,21.84574752
1616,4181,463.97475912,20.27992896
1616,4182,469.52507568,18.41455296
1616,4183,473.723208,12.97204416
1616,4184,477.30302304,12.68236224
1616,4185,480.24321528,7.71168384
1616,4186,482.1644916,7.9662528
1616,4187,484.62992736,8.93954016
1616,4188,487.11234048,8.93624832
1616,4189,489.63541392,9.10522944
1616,4190,492.0712536,9.79761312
1616,4191,496.04359008,17.70351552
1616,4192,500.747859733333,17.7930048
1617,4155,209.6568832,31.784544
1617,4156,217.269822,34.35254496
1617,4157,226.88985864,36.4132368
1617,4158,237.43039128,38.1688848
1617,4159,247.59333768,34.46775936
1617,4160,256.963164,34.920936
1617,4161,267.10998648,35.85033216
1617,4162,276.47329008,32.78014272
1617,4163,285.6110112,32.9184
1617,4164,294.7550112,32.9184
1617,4165,303.89925504,32.9184
1617,4166,313.02496704,32.82403392
1617,4167,322.33550976,35.64623808
1617,4168,332.89841472,38.788848
1617,4169,343.41992784,36.61952544
1617,4170,353.2406448,34.33279392
1617,4171,362.52174384,32.78453184
1617,4172,371.64940656,32.64517728
1617,4173,380.54465928,32.79879648
1617,4174,390.34422312,36.57563424
1617,4175,400.41618672,35.27535744
1617,4176,409.79284056,33.19162272
1617,4177,419.13319272,33.7633056
1617,4178,428.58942984,34.02006912
1617,4179,437.7405012,31.5138816
1617,4180,445.958976,27.7941024
1617,4181,452.90043024,21.93682176
1617,4182,458.69379432,20.67165792
1617,4183,464.42321136,19.33736544
1617,4184,468.40380792,11.00462112
1617,4185,471.645234,11.78259264
1617,4186,474.64647768,9.48379104
1617,4187,477.16936824,9.0580464
1617,4188,479.76650808,9.74604096
1617,4189,482.50050312,9.66593952
1617,4190,485.10541536,9.28957248
1617,4191,487.70130552,9.8041968
1617,4192,491.01439008,14.55212736
1617,4193,496.11201768,21.81502368
1617,4194,499.9198536,23.7890304
1624,4144,124.69532592,19.8882
1624,4145,130.506978,21.99607488
1624,4146,136.68487776,21.9675456
1624,4147,142.77932328,21.92036256
1624,4148,148.86669744,21.93682176
1624,4149,154.96227072,21.94340544
1624,4150,161.33076192,24.908256
1624,4151,168.74038896,27.43419456
1624,4152,176.3609376,27.43858368
1624,4153,183.98288832,27.44187552
1624,4154,191.60782608,27.44187552
1624,4155,199.22715552,27.40895712
1624,4156,206.8956492,28.60499232
1624,4157,215.25411864,30.49780032
1624,4158,223.27188264,27.56696544
1624,4159,231.4446984,31.96815552
1624,4160,240.548922,32.85695232
1624,4161,249.68383896,32.92608096
1624,4162,259.03924824,34.79145696
1624,4163,268.60021464,33.22454112
1624,4164,277.70940648,32.78453184
1624,4165,286.83204,32.92278912
1624,4166,295.97616192,32.9184
1624,4167,305.1204972,32.8964544
1624,4168,314.2402656,32.83829856
1624,4169,323.77322088,37.19888928
1624,4170,334.50010824,38.0811024
1624,4171,344.69972208,35.42129568
1624,4172,354.34758696,34.12321344
1624,4173,363.57964368,32.79550464
1624,4174,372.71678568,32.6056752
1624,4175,381.4872228,32.2326
1624,4176,391.10750328,35.60234688
1624,4177,400.83991968,34.12760256
1624,4178,410.09754912,32.92059456
1624,4179,419.35578816,34.18466112
1624,4180,428.86780368,32.41804032
1624,4181,437.20731456,29.0450016
1624,4182,445.13333376,25.88044608
1624,4183,450.68441232,15.16770144
1624,4184,454.14297792,11.02108032
1624,4185,457.39930872,11.6640864
1624,4186,460.25976528,9.05694912
1624,4187,462.715356,8.85066048
1624,4188,464.95051536,7.73362944
1624,4189,467.58624288,11.56752576
1624,4190,471.08711472,12.99618432
1624,4191,474.68918016,12.9698496
1624,4192,478.29112368,12.97204416
1624,4193,481.83734976,12.97314144
1624,4194,486.17005128,19.19032992
1624,4195,492.22752456,23.50044576
1624,4196,497.897636228572,24.2718336
1631,4129,20.358354,25.5446784
1631,4130,24.56175936,23.90643936
1631,4131,30.67028664,21.84245568
1631,4132,37.00467072,22.13323488
1631,4133,42.66898248,18.63839808
1631,4134,47.43797472,17.21522592
1631,4135,52.51746672,18.51989184
1631,4136,57.6355464,18.52318368
1631,4137,62.78127144,18.52647552
1631,4138,69.46934544,33.87522816
1631,4139,78.94417536,29.72312064
1631,4140,87.15691992,31.30100928
1631,4141,95.99395584,30.84234624
1631,4142,104.00038128,24.4583712
1631,4143,109.793532,19.56230784
1631,4144,115.23585792,19.68081408
1631,4145,120.64279656,18.6702192
1631,4146,125.60036856,17.34470496
1631,4147,130.37588352,17.6442624
1631,4148,135.28093848,17.28435456
1631,4149,140.55230208,20.8154016
1631,4150,146.25407376,19.89039456
1631,4151,151.92810864,21.49790976
1631,4152,158.01008784,21.94340544
1631,4153,164.43466224,25.46677152
1631,4154,171.94149,27.42761088
1631,4155,179.5627092,27.43968096
1631,4156,187.18523904,27.44955648
1631,4157,194.808348,27.432
1631,4158,202.42328832,27.40785984
1631,4159,210.59372664,32.66822016
1631,4160,219.98412696,33.3189072
1631,4161,229.12712112,32.89864896
1631,4162,238.26615288,32.86024416
1631,4163,247.39866192,32.91510816
1631,4164,256.634742,34.01238816
1631,4165,266.150598,33.52519584
1631,4166,275.25540072,32.66712288
1631,4167,284.13605352,31.02888384
1631,4168,292.70958984,30.85661088
1631,4169,301.28166312,30.85661088
1631,4170,309.84294648,30.86868096
1631,4171,318.79266696,33.72051168
1631,4172,328.22857392,33.97508064
1631,4173,337.57502208,33.10054848
1631,4174,346.66132344,32.20626528
1631,4175,355.47577368,31.87378944
1631,4176,364.49626872,32.85146592
1631,4177,373.6377084,32.97106944
1631,4178,383.45345712,38.80091808
1631,4179,394.54476336,39.17947968
1631,4180,404.76461592,34.55663904
1631,4181,414.0599796,32.98643136
1631,4182,423.33345864,33.42973248
1631,4183,432.38007504,30.79955232
1631,4184,439.77211512,22.90791456
1631,4185,445.46529144,17.54989632
1631,4186,449.50895112,12.11287392
1631,4187,452.44700976,9.78993216
1631,4188,455.29954152,10.69957728
1631,4189,458.277468,10.79504064
1631,4190,461.29943808,10.90915776
1631,4191,464.33000352,10.9124496
1631,4192,467.1538536,8.97136128
1631,4193,469.6055124,9.11400768
1631,4194,471.61258992,3.27757536
1631,4195,473.42743008,15.8941008
1631,4196,479.31342288,22.2638112
1631,4197,485.53874952,23.28647616
1631,4198,492.1724472,23.51141856
1631,4199,497.854049828571,24.9192288
1633,4183,372.22078464,27.1247616
1633,4184,379.87367256,29.15034048
1633,4185,388.85932896,34.3064592
1633,4186,398.21534784,32.42133216
1633,4187,407.22938112,33.42973248
1633,4188,416.34936288,30.3288192
1633,4189,423.2638728,19.40210496
1633,4190,427.88710968,14.39850816
1633,4191,430.61269224,5.32619712
1633,4192,431.77803408,4.11589728
1633,4193,432.92121696,4.1148
1633,4194,434.0646132,4.1148
1633,4195,435.3040824,5.67184032
1633,4196,437.26434264,7.57452384
1633,4197,439.44552192,8.7288624
1633,4198,441.85929408,7.95747456
1633,4199,444.39516912,11.21200704
1633,4200,447.65018928,11.52582912
1633,4201,451.02533112,14.26025088
1633,4202,455.71915968,18.4178448
1633,4203,461.32830264,22.5052128
1633,4204,468.72939528,31.66859808
1633,4205,478.32221328,35.9852976
1633,4206,488.51755992,36.93554208
1633,4207,498.7765488,36.91469376
1633,4208,506.46762816,36.9344448
1636,4135,23.5532295,39.0549384
1636,4136,33.031176,37.609272
1636,4137,42.60470016,28.87821504
1636,4138,50.3325384,28.25825184
1636,4139,58.29364008,30.46927104
1636,4140,67.52749512,34.60491936
1636,4141,77.01918048,32.20736256
1636,4142,85.0870536,27.42541632
1636,4143,92.69406912,27.31568832
1636,4144,100.2331752,26.12843136
1636,4145,107.04130992,23.76379296
1636,4146,113.64638688,23.84499168
1636,4147,120.1196988,21.31795584
1636,4148,125.78294376,19.86844896
1636,4149,130.8149784,17.43248736
1636,4150,135.56357952,17.31068928
1636,4151,140.92601736,20.40611616
1636,4152,146.41068,19.34833824
1636,4153,151.79259456,19.3889376
1636,4154,157.23376224,20.56631904
1636,4155,163.35396336,22.72137696
1636,4156,169.71273144,23.9426496
1636,4157,176.97075096,27.4429728
1636,4158,184.5926712,27.44626464
1636,4159,192.32511192,27.9861264
1636,4160,200.0800164,28.9078416
1636,4161,208.85807352,34.2954864
1636,4162,218.5836624,34.783776
1636,4163,228.59530608,37.5105168
1636,4164,238.93543272,36.23986656
1636,4165,248.47000344,32.95899936
1636,4166,257.79377448,34.72781472
1636,4167,267.38583048,33.31671264
1636,4168,276.41248248,31.77613152
1636,4169,285.08358528,31.27248
1636,4170,293.87544984,32.2764912
1636,4171,302.9911644,32.92717824
1636,4172,312.122058,32.6495664
1636,4173,320.967354,32.68906848
1636,4174,330.75396384,35.60563872
1636,4175,340.04841312,31.491936
1636,4176,348.67132704,31.09033152
1636,4177,357.30432984,30.98389536
1636,4178,365.90932152,31.31417664
1636,4179,374.8820544,33.78964032
1636,4180,385.18968936,40.00463424
1636,4181,396.13594128,37.14621984
1636,4182,405.88167744,34.42716
1636,4183,415.3968324,33.6755232
1636,4184,424.71511704,33.39242496
1636,4185,433.42386264,27.9641808
1636,4186,439.9777332,19.50086016
1636,4187,444.340488,12.23576928
1636,4188,447.37550352,10.69957728
1636,4189,450.2133744,8.92966464
1636,4190,452.31932904,6.57929088
1636,4191,454.16720952,7.55148096
1636,4192,456.55239144,9.35870112
1636,4193,459.2525232,9.57815712
1636,4194,461.7082968,8.037576
1636,4195,463.76450808,7.32653856
1636,4196,466.24125192,11.21200704
1636,4197,470.59117464,19.84869792
1636,4198,476.2596012,20.42806176
1636,4199,481.9582944,20.95585344
1636,4200,488.35184016,25.51614912
1636,4201,495.76744128,26.83837152
1636,4202,500.0055024,26.389584
1641,4137,20.4366368,33.851088
1641,4138,26.63488704,32.9403456
1641,4139,35.79187152,33.1817472
1641,4140,45.0238368,33.54604416
1641,4141,54.51963696,34.56761184
1641,4142,64.1373876,34.45130016
1641,4143,72.80083992,26.0604
1641,4144,78.9831288,20.71774368
1641,4145,85.16514336,24.01068096
1641,4146,92.0142432,26.44225344
1641,4147,100.39545072,32.15798496
1641,4148,108.69710544,27.44626464
1641,4149,115.69778232,22.4832672
1641,4150,121.59639384,20.71884096
1641,4151,127.26677112,20.34137664
1641,4152,133.21719864,20.35564128
1641,4153,138.41260608,19.29457152
1641,4154,143.822928,19.51402752
1641,4155,149.35099416,20.272248
1641,4156,154.99022088,20.29968
1641,4157,160.6343244,20.77480224
1641,4158,167.13406248,25.82558208
1641,4159,174.3992448,27.16426368
1641,4160,183.11137368,33.96959424
1641,4161,192.16000176,32.36976
1641,4162,201.69640128,35.97213024
1641,4163,211.72624152,36.04125888
1641,4164,221.72139552,35.92275264
1641,4165,231.7162752,36.045648
1641,4166,241.72002456,35.98858944
1641,4167,251.7262428,35.99297856
1641,4168,262.04399712,42.08836896
1641,4169,273.8210424,35.27316288
1641,4170,282.58916304,32.03070048
1641,4171,291.14849568,28.38334176
1641,4172,298.97033424,29.6869104
1641,4173,307.61516328,31.4754768
1641,4174,316.44893784,32.77136448
1641,4175,325.7790792,33.81487776
1641,4176,335.09297472,32.77246176
1641,4177,343.7150352,28.53147456
1641,4178,351.88532112,31.7772288
1641,4179,360.755946,31.85184384
1641,4180,369.4424412,30.28821984
1641,4181,377.69599848,29.81638944
1641,4182,386.85103224,36.19158624
1641,4183,396.93055488,35.68135104
1641,4184,406.77721032,35.54419104
1641,4185,416.65242552,35.33022144
1641,4186,426.03956448,31.37452704
1641,4187,433.21187424,19.3231008
1641,4188,437.8572396,16.16732352
1641,4189,441.83225832,9.69556608
1641,4190,443.4327936,4.93776
1641,4191,444.85858704,5.30644608
1641,4192,446.4783552,6.43993632
1641,4193,448.52792184,8.86711968
1641,4194,451.41754776,10.97389728
1641,4195,454.41187248,9.69117696
1641,4196,456.77855304,8.84188224
1641,4197,459.55494576,10.80601344
1641,4198,462.44265144,10.5832656
1641,4199,466.5460824,20.54327616
1641,4200,473.46876096,26.8504416
1641,4201,481.087938,29.21617728
1641,4202,489.69232008,31.54241088
1641,4203,497.136202285714,31.3195062857143
1647,4132,23.5315614857143,38.5615542857143
1647,4167,236.6537304,35.3580192
1647,4168,243.23561208,37.45345824
1647,4169,253.84758984,38.09646432
1647,4170,264.3489252,37.74314016
1647,4171,274.4454252,34.05847392
1647,4172,283.62953688,32.91949728
1647,4173,292.77362832,32.9184
1647,4174,301.9178112,32.9184
1647,4175,311.04797328,32.8196448
1647,4176,320.21775936,34.05847392
1647,4177,330.26088888,36.786312
1647,4178,339.86346048,32.8690224
1647,4179,348.87874344,31.88256768
1647,4180,357.70279488,32.16347136
1647,4181,366.6110016,30.75566112
1647,4182,374.83459704,28.75751424
1647,4183,382.91572896,31.47986592
1647,4184,392.15717352,33.6151728
1647,4185,401.40636,32.97436128
1647,4186,410.5707816,33.61846464
1647,4187,420.03046296,33.61956192
1647,4188,428.26497024,22.8069648
1647,4189,433.16161272,15.63185088
1647,4190,437.29406064,11.81551104
1647,4191,439.26517176,4.67112096
1647,4192,440.57517168,5.08479552
1647,4193,442.10666976,5.8594752
1647,4194,444.13130376,8.86273056
1647,4195,446.58881472,8.12755296
1647,4196,448.62646368,6.86238912
1647,4197,450.4590432,6.2983872
1647,4198,452.64458112,10.15093728
1647,4199,455.83428264,12.45193344
1647,4200,459.6778716,16.28473248
1647,4201,465.87488232,25.23085632
1647,4202,471.99840576,25.03663776
1647,4203,480.58465224,32.15469312
1647,4204,489.07055856,28.70923392
1647,4205,497.007862133333,32.1649344
1648,4142,22.2594424,29.187648
1648,4143,28.49867808,25.92104544
1648,4144,36.30247248,31.92426432
1648,4145,44.97253896,29.86686432
1648,4146,53.91854088,35.59905504
1648,4147,64.09337448,36.21353184
1648,4148,73.2728532,30.11265504
1648,4149,81.7363872,30.85222176
1648,4150,90.45674568,31.95059904
1648,4151,98.73288864,26.91737568
1648,4152,105.7474644,24.1566192
1648,4153,112.53377544,25.15624128
1648,4154,119.35949712,23.37864768
1648,4155,125.68019568,22.1266512
1648,4156,131.74068648,22.23857376
1648,4157,137.9031024,21.9456
1648,4158,143.99632872,21.91158432
1648,4159,150.08589744,21.9456
1648,4160,156.18186696,21.9456
1648,4161,162.27265488,22.02350688
1648,4162,168.92464056,26.48065824
1648,4163,176.63379456,29.83943232
1648,4164,185.79608256,34.58955744
1648,4165,194.930640533333,35.1629472
1656,4144,19.8199248,34.509456
1656,4145,25.24615728,36.09283104
1656,4146,35.27743008,33.39242496
1656,4147,43.6651908,28.89906336
1656,4148,51.69319608,28.8913824
1656,4149,59.720226,28.9078416
1656,4150,67.75210224,28.91442528
1656,4151,75.78931248,29.0065968
1656,4152,83.78695968,28.5731712
1656,4153,91.75552896,28.71252576
1656,4154,99.51576744,26.77143744
1656,4155,106.74361176,25.94628288
1656,4156,114.13894368,26.89323552
1656,4157,121.400316,24.51762432
1656,4158,127.76914248,22.06849536
1656,4159,133.83368712,21.753576
1656,4160,139.9281936,22.4887536
1656,4161,146.43387528,24.93349344
1656,4162,153.81911832,27.432
1656,4163,161.43704568,27.38920608
1656,4164,168.94305048,26.32045536
1656,4165,175.90212216,24.12040896
1656,4166,182.47540848,24.167592
1656,4167,189.93334632,29.92172832
1656,4168,199.27662456,37.00247616
1656,4169,210.28840848,42.7610016
1656,4170,222.58044384,44.06018112
1656,4171,234.7664088,43.863768
1656,4172,246.9446928,43.85169792
1656,4173,258.93229392,42.1849296
1656,4174,270.19227648,38.73178944
1656,4175,280.84628616,38.34115776
1656,4176,291.4797828,38.34006048
1656,4177,301.99166424,35.93811456
1656,4178,311.36664168,33.28159968
1656,4179,321.25459752,38.98196928
1656,4180,332.44773744,37.9988064
1656,4181,341.98809936,32.78233728
1656,4182,350.88999672,31.23736704
1656,4183,359.3186616,28.7651952
1656,4184,367.0090704,27.43419456
1656,4185,374.19741264,23.31500544
1656,4186,380.84382048,27.50990688
1656,4187,389.33481696,31.6400688
1656,4188,398.21656704,32.59579968
1656,4189,406.99474608,28.3866336
1656,4190,413.53691232,19.63692288
1656,4191,418.35863496,15.05358432
1656,4192,421.358568,7.01271648
1656,4193,423.12561552,6.3148464
1656,4194,424.58612568,3.49044768
1656,4195,425.32880136,2.55885696
1656,4196,426.03910728,2.56544064
1656,4197,427.31722512,7.900416
1656,4198,429.93896232,9.6889824
1656,4199,432.63138264,9.69117696
1656,4200,435.3013392,9.4750128
1656,4201,437.91579168,9.39930048
1656,4202,440.71227072,12.32025984
1656,4203,445.3385556,20.22506496
1656,4204,451.29288456,22.38560928
1656,4205,458.16767904,27.56586816
1656,4206,466.58954688,33.30683712
1656,4207,476.42135856,35.97871392
1656,4208,485.99954616,32.96448576
1656,4209,495.25071384,35.19196416
1660,4146,21.77960592,35.5628448
1660,4147,28.82304624,31.24395072
1660,4148,37.58906376,32.04825696
1660,4149,45.58384584,25.47554976
1660,4150,53.31326904,33.23990304
1660,4151,63.19412304,35.93811456
1660,4152,72.29212872,27.10062144
1660,4153,79.1109924,26.5706352
1660,4154,87.23598504,29.9392848
1660,4155,95.27791968,27.01283904
1660,4156,102.45086952,25.57101312
1660,4157,109.5576168,25.60283424
1660,4158,116.62687368,24.89838048
1660,4159,123.04337088,20.7989424
1660,4160,128.36371584,18.16108128
1660,4161,133.25557296,17.69364
1660,4162,138.67857456,21.4024464
1660,4163,145.21979592,26.8120368
1660,4164,153.16172568,28.42942752
1660,4165,160.96600776,27.76447584
1660,4166,168.26389512,24.9027696
1660,4167,175.0411536,24.50884608
1660,4168,182.40149448,29.21069088
1660,4169,191.131698,33.2695296
1660,4170,201.05686992,37.91870496
1660,4171,212.31648672,43.96032864
1660,4172,224.71416576,43.93838304
1660,4173,236.969808,44.384976
1660,4174,249.22508448,43.77818016
1660,4175,261.05748144,41.093136
1660,4176,272.02086312,38.29068288
1660,4177,282.43578768,36.62062272
1660,4178,292.8443724,38.09975616
1660,4179,303.0013752,34.6027248
1660,4180,312.26101632,33.03800352
1660,4181,321.52842984,31.60276128
1660,4182,330.9999984,38.9424672
1660,4183,341.21418168,33.46813728
1660,4184,350.10443568,30.82040064
1660,4185,358.36530816,28.5896304
1660,4186,366.0911652,27.43309728
1660,4187,373.7108604,27.432
1660,4188,381.4872228,29.9173392
1660,4189,390.4199964,33.00727968
1660,4190,398.97942048,25.56223488
1660,4191,404.39026056,16.46907552
1660,4192,408.93010416,15.26206752
1660,4193,411.67296888,4.1806368
1660,4194,412.0853328,0
1660,4195,412.0853328,0
1660,4196,412.0853328,0
1660,4197,412.1438544,1.11703104
1660,4198,413.2018152,7.22339424
1660,4199,416.30858064,13.51190592
1660,4200,419.997636,13.06421568
1660,4201,423.58952112,11.79466272
1660,4202,425.87418,5.76401184
1660,4203,428.1088212,11.36891808
1660,4204,432.57456792,21.80185632
1660,4205,439.44262632,25.484328
1660,4206,446.91473736,30.71067264
1660,4207,456.45951888,35.6177088
1660,4208,466.14194808,30.7183536
1660,4209,474.34640208,35.84704032
1660,4210,485.15470152,34.56322272
1660,4211,493.73719896,29.84162688
1660,4212,499.3103298,27.4649184
1665,4149,22.598888,33.1488288
1665,4150,29.71522632,30.87526464
1665,4151,38.00471952,28.81237824
1665,4152,45.93454872,29.14265952
1665,4153,54.13580232,29.6375328
1665,4154,62.36997432,29.6430192
1665,4155,70.60445112,29.63533824
1665,4156,79.15275,33.60858912
1665,4157,89.16418032,36.71828064
1665,4158,97.40999568,17.81214624
1665,4159,102.50097864,23.91850944
1665,4160,109.20124464,24.14016
1665,4161,115.90425384,23.80987872
1665,4162,122.21638752,21.94779456
1665,4163,128.2823952,22.37463648
1665,4164,134.71023096,23.44997088
1665,4165,141.68512176,27.09074592
1665,4166,149.44112352,28.2385008
1665,4167,157.173168,27.43419456
1665,4168,164.78228664,27.377136
1665,4169,172.397928,27.42541632
1665,4170,180.2032464,29.9063664
1665,4171,189.21438408,34.86278016
1665,4172,199.52881608,38.38175712
1665,4173,210.83738376,44.71086816
1665,4174,223.49161296,44.30377728
1665,4175,235.67952864,43.84401696
1665,4176,247.85638008,43.87144896
1665,4177,259.95255096,43.09347744
1665,4178,271.73398536,41.00315904
1665,4179,282.64268592,38.39821632
1665,4180,293.31089928,38.4048
1665,4181,303.97929552,38.38943808
1665,4182,314.30049408,34.75524672
1665,4183,323.71579656,34.9264224
1665,4184,333.522828,33.85767168
1665,4185,342.23376816,29.21617728
1665,4186,350.17783152,28.87053408
1665,4187,358.15993392,27.99929376
1665,4188,365.79115056,27.42431904
1665,4189,373.41148584,27.432
1665,4190,381.05946648,27.88627392
1665,4191,388.92909768,28.50404256
1665,4192,396.43068288,24.06444768
1665,4193,402.00992496,15.44092416
1665,4194,404.34344328,2.39426496
1665,4195,404.6594904,0.96670368
1665,4196,404.92872024,0.9656064
1665,4197,405.1979196,0.96780096
1665,4198,405.4672104,0.96780096
1665,4199,405.68032656,0.69787008
1665,4200,406.31869968,4.18502592
1665,4201,407.78899392,6.8141088
1665,4202,410.28116064,10.4680512
1665,4203,413.30060088,10.97499456
1665,4204,416.4011484,11.54667744
1665,4205,419.74254888,13.3100064
1665,4206,423.73122264,14.0342112
1665,4207,427.45072752,13.3977888
1665,4208,431.52602544,16.04991456
1665,4209,436.14234336,17.86042656
1665,4210,442.166502,25.90568352
1665,4211,450.15625488,30.40123968
1665,4212,459.20838816,36.4790736
1665,4213,469.20284112,34.32730752
1665,4214,480.12477,43.55543232
1665,4215,491.95628304,40.17471264
1665,4216,498.9356544,37.9768608
1672,4152,21.051012,30.7128672
1672,4153,25.68299664,31.0969152
1672,4154,34.4864436,32.23698912
1672,4155,43.58292528,32.81306112
1672,4156,52.80498456,34.7179392
1672,4157,62.77898544,36.12465216
1672,4158,72.053958,29.33797536
1672,4159,79.89542568,28.95502464
1672,4160,88.16474112,28.23411168
1672,4161,94.77972408,21.30808032
1672,4162,100.71350952,21.37172256
1672,4163,106.72273296,23.27660064
1672,4164,113.85477864,26.68475232
1672,4165,121.09057824,25.21439712
1672,4166,127.89578688,24.13906272
1672,4167,134.97531552,26.90859744
1672,4168,142.64493696,29.1821616
1672,4169,151.2283488,31.95828
1672,4170,160.29404568,32.8745088
1672,4171,169.42759104,32.91620544
1672,4172,178.57274928,32.9238864
1672,4173,187.91294904,35.5573584
1672,4174,198.2794104,37.83201984
1672,4175,208.87035696,39.61619712
1672,4176,220.2695112,40.17471264
1672,4177,231.182418,40.41721152
1672,4178,242.61171696,40.16703168
1672,4179,253.4056908,38.26544544
1672,4180,264.00791496,37.6476768
1672,4181,273.73286376,32.8580496
1672,4182,282.8656776,32.9184
1672,4183,292.0096776,32.9184
1672,4184,301.15386048,32.9184
1672,4185,310.2870096,32.8196448
1672,4186,319.42402968,33.39791136
1672,4187,329.11228056,35.73402048
1672,4188,338.48926968,30.49999488
1672,4189,346.31622888,27.38591424
1672,4190,353.9358936,27.432
1672,4191,361.49880456,26.73412992
1672,4192,368.68985952,24.41886912
1672,4193,375.0018408,21.93901632
1672,4194,381.09147048,21.84245568
1672,4195,387.14199432,21.77771616
1672,4196,392.97684168,17.97234912
1672,4197,396.53989272,9.4475808
1672,4198,398.5363632,4.39899552
1672,4199,399.1640988,1.09837728
1672,4200,399.42034416,0.8284464
1672,4201,400.25958048,5.2779168
1672,4202,401.90266584,7.1268336
1672,4203,404.36572416,9.25665408
1672,4204,406.76724336,8.99001504
1672,4205,409.4954472,10.69518816
1672,4206,412.74153672,11.97790848
1672,4207,416.11664808,12.61213632
1672,4208,419.59645824,13.02581088
1672,4209,423.75807552,17.00564544
1672,4210,429.04035096,20.98986912
1672,4211,435.09349608,21.92255712
1672,4212,441.82229136,28.4305248
1672,4213,450.37546704,31.27138272
1672,4214,458.88914064,29.4948864
1672,4215,467.15775504,31.903416
1672,4216,476.62496496,34.90886592
1672,4217,486.28941096,34.83425088
1672,4218,495.7683252,34.02884736
1674,4155,19.9714104,30.6470304
1674,4156,24.6319548,31.41841824
1674,4157,33.60249312,32.89864896
1674,4158,42.7800516,33.95203776
1674,4159,52.74786504,37.03758912
1674,4160,62.951868,35.05699872
1674,4161,71.71587384,29.03841792
1674,4162,79.6376868,28.7706816
1674,4163,87.58342656,27.47150208
1674,4164,94.9820808,26.4225024
1674,4165,102.33650856,26.4938256
1674,4166,109.46239728,23.89766112
1674,4167,115.7880336,22.6149408
1674,4168,122.05993368,22.49204544
1674,4169,128.42787624,24.41448
1674,4170,135.83412,27.6843744
1674,4171,143.46238008,27.43638912
1674,4172,151.44332424,30.9597552
1674,4173,160.50746664,33.42644064
1674,4174,169.73617056,33.18394176
1674,4175,179.11977384,35.11296
1674,4176,189.4722144,38.42894016
1674,4177,200.34034608,40.85283168
1674,4178,212.49552624,45.8498448
1674,4179,225.02152608,43.98117696
1674,4180,237.24784656,44.38717056
1674,4181,249.48599328,42.52947552
1674,4182,260.6812668,39.08621088
1674,4183,271.16580768,35.0965008
1674,4184,280.4318496,32.91949728
1674,4185,289.5758496,32.9184
1674,4186,298.7198496,32.9184
1674,4187,307.81547784,32.24796192
1674,4188,316.70621952,32.43449952
1674,4189,326.2310976,36.35178912
1674,4190,336.15364824,33.05885184
1674,4191,344.337132,26.85263616
1674,4192,351.3245196,23.9316768
1674,4193,357.80752416,22.32635616
1674,4194,363.88526664,21.91377888
1674,4195,369.98148,21.9456
1674,4196,376.07897352,21.753576
1674,4197,381.35283648,14.83412832
1674,4198,384.83279904,11.8122192
1674,4199,388.1251572,11.83526208
1674,4200,390.53853312,3.72307104
1674,4201,391.4223312,6.26876064
1674,4202,393.79967976,9.0964512
1674,4203,396.32689848,9.0964512
1674,4204,398.85423912,9.0964512
1674,4205,401.38148832,9.0964512
1674,4206,403.90849368,9.0964512
1674,4207,406.43577336,9.0964512
1674,4208,408.96287016,9.09315936
1674,4209,411.71597616,11.7463824
1674,4210,415.45721328,14.70135744
1674,4211,419.81539608,16.6896288
1674,4212,424.93868784,20.61459936
1674,4213,431.05846224,22.69065312
1674,4214,437.92057704,26.93712672
1674,4215,445.492632,26.4279888
1674,4216,452.74425072,27.04136832
1674,4217,460.41146424,27.6404832
1674,4218,468.09422256,27.70741728
1674,4219,472.7144724,27.651456
1680,4174,158.966154,28.7981136
1680,4175,163.9318032,30.943296
1680,4176,172.93077936,32.92717824
1680,4177,182.23281816,35.39715552
1680,4178,192.76890072,40.33381824
1680,4179,204.69182328,45.49652064
1680,4180,218.08190064,48.58975296
1680,4181,231.48328608,48.90247776
1680,4182,244.49108328,44.42228352
1680,4183,256.45097808,41.45633568
1680,4184,267.59897712,38.9150352
1680,4185,278.22528048,37.39639968
1680,4186,288.14133888,35.15575392
1680,4187,297.93995784,35.00103744
1680,4188,307.67005776,34.99884288
1680,4189,317.33297976,34.3229184
1680,4190,323.026278,36.3912912
1682,4233,477.32768136,29.78237376
1682,4234,485.59992288,29.7801792
1682,4235,493.91160552,30.65690592
1682,4236,499.6917616,32.8964544
1685,4159,22.8798501,33.9443568
1685,4160,31.20484488,32.72966784
1685,4161,39.82294296,28.82993472
1685,4162,47.76767688,29.25567936
1685,4163,56.02501368,30.51645408
1685,4164,65.22585888,35.25450912
1685,4165,75.0499896,34.55663904
1685,4166,83.37234024,25.68842208
1685,4167,90.38466048,24.94336896
1685,4168,96.9100932,22.26271392
1685,4169,103.08125688,22.67748576
1685,4170,109.92828408,25.99675776
1685,4171,116.90762496,24.4583712
1685,4172,123.9917256,27.13902624
1685,4173,131.86763568,29.38406112
1685,4174,140.49600552,32.589216
1685,4175,149.62945944,32.90413536
1685,4176,158.53032048,30.7567584
1685,4177,166.74821616,29.03512608
1685,4178,175.7566716,35.58808224
1685,4179,185.42154432,34.02994464
1685,4180,195.16767672,37.76618304
1685,4181,206.30607456,40.81771872
1685,4182,217.63859952,40.74529824
1685,4183,229.0738116,42.3988992
1685,4184,241.15998504,43.83414144
1685,4185,253.24484784,42.52398912
1685,4186,264.7636056,40.10887584
1685,4187,275.48832888,38.1963168
1685,4188,286.04842968,36.79509024
1685,4189,295.87353576,34.83754272
1685,4190,305.51250048,34.19892576
1685,4191,314.82935256,33.15760704
1685,4192,324.14516832,34.59504384
1685,4193,333.61085424,31.05741312
1685,4194,341.46061248,27.35189856
1685,4195,348.9755784,26.55088416
1685,4196,356.20714128,24.72281568
1685,4197,362.5355208,22.28356224
1685,4198,368.74560744,21.17530944
1685,4199,373.77800784,14.59601856
1685,4200,377.12687592,10.12460256
1685,4201,379.55710728,8.44137504
1685,4202,382.02080568,8.9099136
1685,4203,384.496056,8.9099136
1685,4204,386.52459144,3.60566208
1685,4205,386.96548464,4.07858976
1685,4206,389.48371176,11.45779776
1685,4207,392.664696,11.4556032
1685,4208,395.8457412,11.4556032
1685,4209,399.0263292,11.4501168
1685,4210,402.59962152,15.21268992
1685,4211,407.12763888,16.4592
1685,4212,411.69969984,16.4592
1685,4213,416.27752152,16.48772928
1685,4214,420.8972532,17.00454816
1685,4215,425.80450272,19.21008096
1685,4216,431.53794312,21.66469632
1685,4217,438.04332,25.48761984
1685,4218,445.67264688,28.79921088
1685,4219,454.8432864,39.16631232
1685,4220,466.53078144,42.7006512
1685,4221,478.3884768,42.65456544
1685,4222,490.23596136,42.6512736
1685,4223,502.07960544,42.62713344
1685,4224,509.7777968,42.6512736
1687,4234,439.2196194,19.9622664
1687,4235,443.27167632,23.0373936
1687,4236,450.50272104,27.18182016
1687,4237,458.05398864,27.18291744
1687,4238,465.60647544,27.18072288
1687,4239,471.37079208,16.53381504
1687,4240,479.4715836,37.63780128
1687,4241,488.8437264,31.1188608
1687,4242,496.7799564,34.2227916
1690,4161,20.7392016,30.4604928
1690,4162,25.7924808,29.49159456
1690,4163,33.84974688,28.78275168
1690,4164,41.93465832,29.63863008
1690,4165,50.23326504,29.89649088
1690,4166,58.7957676,32.37634368
1690,4167,67.9908216,33.12029952
1690,4168,76.5621024,28.65217536
1690,4169,84.58004928,29.11303296
1690,4170,92.46300024,27.13792896
1690,4171,99.85586328,26.58489984
1690,4172,107.41155048,27.76776768
1690,4173,115.07592936,27.53514432
1690,4174,122.91401376,29.2041072
1690,4175,131.12977584,29.97439776
1690,4176,140.17425864,36.24754752
1690,4177,150.74633808,38.39492448
1690,4178,161.1537036,35.88325056
1690,4179,170.9251344,35.10966816
1690,4180,180.88898544,36.73035072
1690,4181,191.07497472,36.49992192
1690,4182,201.31659,38.22265152
1690,4183,212.37113736,40.36015296
1690,4184,223.5779628,40.40953056
1690,4185,234.78238032,39.9245328
1690,4186,245.8056552,39.75335712
1690,4187,256.76324568,38.77019424
1690,4188,267.42082152,38.26325088
1690,4189,278.06907048,37.83092256
1690,4190,288.41020296,37.14621984
1690,4191,298.69784304,37.0770912
1690,4192,309.1325796,37.34153568
1690,4193,318.64108992,29.4729408
1690,4194,325.92300576,26.53113312
1690,4195,333.71207832,28.2769056
1690,4196,341.48423448,26.25681312
1690,4197,347.7652176,20.48402304
1690,4198,353.48573448,20.6069184
1690,4199,359.19893616,20.47085568
1690,4200,364.89851328,20.46098016
1690,4201,369.46139976,10.65568608
1690,4202,371.7842196,7.90261056
1690,4203,373.55224248,4.40119008
1690,4204,374.63010672,3.813048
1690,4205,375.39399648,1.673352
1690,4206,376.09259808,4.2464736
1690,4207,377.9782128,9.99512352
1690,4208,381.30242256,11.43475488
1690,4209,384.59127552,13.5294624
1690,4210,388.43751624,13.85535456
1690,4211,392.27479584,13.8037824
1690,4212,396.15361968,14.72988672
1690,4213,400.5709032,16.45700544
1690,4214,405.20014464,16.23754944
1690,4215,409.16531832,12.56824512
1690,4216,413.51585064,23.08786848
1690,4217,421.55738904,30.86319456
1690,4218,430.12982808,30.85880544
1690,4219,438.69952392,30.83027616
1690,4220,447.77814432,36.45054432
1690,4221,458.8203168,42.34513248
1690,4222,471.19358136,45.53602272
1690,4223,483.83427744,45.482256
1690,4224,495.825610666667,45.4529952
1696,4163,20.122896,27.3442176
1696,4164,24.65566824,27.19169568
1696,4165,32.3130672,28.56329568
1696,4166,40.47905544,28.89028512
1696,4167,48.3124764,28.08158976
1696,4168,56.1316632,28.1232864
1696,4169,63.95124624,28.48099968
1696,4170,71.7919824,27.09074592
1696,4171,78.85486896,25.68074112
1696,4172,86.88226464,30.75456384
1696,4173,94.99695504,27.53185248
1696,4174,102.60305616,27.3935952
1696,4175,110.5122504,29.99853792
1696,4176,118.97234016,30.78309312
1696,4177,127.8020304,32.96997216
1696,4178,137.57678352,37.45894464
1696,4179,148.18254336,38.37517344
1696,4180,158.9378076,39.45050784
1696,4181,169.80874344,38.4048
1696,4182,180.47717016,38.41248096
1696,4183,191.15001648,38.4212592
1696,4184,201.81304824,38.43881568
1696,4185,213.1018344,43.48630368
1696,4186,225.2976444,43.13736864
1696,4187,236.66421552,38.75812416
1696,4188,247.32316296,38.40041088
1696,4189,258.03292056,38.95782912
1696,4190,268.8232368,38.25886176
1696,4191,279.44067048,38.40918912
1696,4192,290.10903624,38.4048
1696,4193,300.6214968,35.93701728
1696,4194,309.93828792,31.45572576
1696,4195,317.97321216,27.51100416
1696,4196,325.91901288,29.82516768
1696,4197,333.98341128,27.18291744
1696,4198,341.29504512,25.6269744
1696,4199,347.82209328,21.30588576
1696,4200,353.50377864,20.21299488
1696,4201,358.33699224,13.17613824
1696,4202,361.43817984,10.28370816
1696,4203,363.65419776,5.79473568
1696,4204,365.18094096,5.49298368
1696,4205,366.5264196,3.29293728
1696,4206,367.16165328,3.28525632
1696,4207,368.53422864,5.48749728
1696,4208,370.29124824,8.5094064
1696,4209,373.18419648,10.9728
1696,4210,376.23265368,10.9673136
1696,4211,379.44039936,13.31768736
1696,4212,383.58976368,15.37399008
1696,4213,387.86939952,15.42446496
1696,4214,392.14647504,15.38057376
1696,4215,396.4166316,15.0437088
1696,4216,398.93403576,4.25964096
1696,4217,404.11170384,27.30361824
1696,4218,409.99403904,20.56961088
1696,4219,416.24475552,24.3157248
1696,4220,423.47522112,27.8928576
1696,4221,432.05275032,33.17735808
1696,4222,441.78129576,37.2416832
1696,4223,452.65217064,41.01961824
1696,4224,464.59920288,45.6797664
1696,4225,477.89140896,47.6000064
1696,4226,490.704378,45.49103424
1696,4227,498.936264,45.6029568
1703,4179,135.92513328,27.49344768
1703,4180,141.563598,26.79338304
1703,4181,149.38769208,29.94367392
1703,4182,158.16257928,32.9074272
1703,4183,167.29444824,32.88109248
1703,4184,176.45201184,33.33646368
1703,4185,185.8438752,33.65577216
1703,4186,195.48076728,36.99260064
1703,4187,206.0871672,38.76361056
1703,4188,217.15988064,40.14508608
1703,4189,227.80407576,37.23729408
1703,4190,238.34363304,38.349936
1703,4191,249.00160512,38.3883408
1703,4192,259.47870888,36.89165088
1703,4193,269.34060432,33.59651904
1703,4194,278.45516064,32.79550464
1703,4195,287.59275984,32.9184
1703,4196,296.7368208,32.9184
1703,4197,305.88033312,32.87780064
1703,4198,315.00238752,32.87341152
1703,4199,324.2943984,34.58297376
1703,4200,333.83588808,31.60605312
1703,4201,341.73953496,26.47956096
1703,4202,348.04980936,18.84249216
1703,4203,353.00576592,17.15487552
1703,4204,356.82948192,10.21677408
1703,4205,358.96884264,5.68061856
1703,4206,360.31608912,2.89791648
1703,4207,360.78328656,3.44765376
1703,4208,362.561124,7.461504
1703,4209,364.633764,7.461504
1703,4210,366.70664784,7.461504
1703,4211,368.77937928,7.46040672
1703,4212,370.99429992,9.36857664
1703,4213,374.33923608,14.30962848
1703,4214,378.56934192,15.68122848
1703,4215,383.28359208,18.22472352
1703,4216,388.31928432,18.04367232
1703,4217,393.32272872,17.9460144
1703,4218,398.12814456,16.58319264
1703,4219,402.70075416,16.4592
1703,4220,407.2728456,16.4592
1703,4221,411.84353496,16.50089664
1703,4222,416.61941568,18.08427168
1703,4223,421.89949656,20.58277824
1703,4224,427.97611128,23.00557248
1703,4225,434.6527248,24.37497792
1703,4226,441.7274376,27.21583584
1703,4227,449.59459992,29.25019296
1703,4228,458.11369896,31.190184
1703,4229,466.80961248,33.082992
1703,4230,476.67729912,36.75888
1703,4231,486.86051472,36.47248992
1703,4232,496.4425936,36.1395264
1706,4194,271.1569888,27.4539456
1706,4195,276.7748592,32.21284896
1706,4196,285.25640688,28.91552256
1706,4197,293.70159192,31.55118912
1706,4198,302.4592884,31.39098624
1706,4199,311.06446296,30.01719168
1706,4200,319.11322512,29.09657376
1706,4201,327.34934784,29.5771824
1706,4202,334.74754488,22.7575872
1706,4203,340.72933632,21.23565984
1706,4204,345.98445408,15.73718976
1706,4205,349.1714124,6.99516
1706,4206,350.3845164,2.47656096
1706,4207,350.92940736,1.91255904
1706,4208,351.35222592,0.99523296
1706,4209,351.58347768,0.8339328
1706,4210,352.00516848,2.44364256
1706,4211,352.7590608,2.87048448
1706,4212,354.44951208,10.31114016
1706,4213,357.67859376,11.83855392
1706,4214,361.4511948,16.02687168
1706,4215,366.14493192,17.0023536
1706,4216,370.80715272,16.51625856
1706,4217,375.38326752,17.08245504
1706,4218,381.00384048,22.95180576
1706,4219,387.42582408,22.94631936
1706,4220,393.61320312,21.76893792
1706,4221,399.65796624,21.7590624
1706,4222,405.69803544,21.50339616
1706,4223,411.45140976,20.12630976
1706,4224,417.04662336,20.14825536
1706,4225,422.6725608,21.37062528
1706,4226,429.61678872,27.74253024
1706,4227,437.35072296,27.8105616
1706,4228,445.0774944,27.83689632
1706,4229,452.82081648,28.4524704
1706,4230,461.55824376,34.71025824
1706,4231,471.47875224,35.90080704
1706,4232,481.42602216,35.7054912
1706,4233,491.33342424,35.66269728
1706,4234,501.1510932,34.82547264
1706,4235,507.4013728,34.5862656
1709,4167,20.593812,30.1971456
1709,4168,25.30470936,29.4729408
1709,4169,33.07101336,27.1467072
1709,4170,40.58308368,27.37603872
1709,4171,48.93058032,33.7907376
1709,4172,58.915554,36.20804544
1709,4173,65.95987824,17.42590368
1709,4174,73.8224076,36.59648256
1709,4175,83.52879408,31.35697056
1709,4176,91.56091416,28.16827488
1709,4177,99.25360896,27.40566528
1709,4178,106.86626328,27.41663808
1709,4179,114.49086576,27.5801328
1709,4180,122.18465784,27.32446656
1709,4181,130.16249304,31.52814624
1709,4182,139.15189848,32.42901312
1709,4183,148.19775288,32.33574432
1709,4184,157.12436952,31.37452704
1709,4185,165.34842216,28.10572992
1709,4186,173.11564056,27.98173728
1709,4187,180.78254928,27.43858368
1709,4188,188.40590208,27.45614016
1709,4189,196.10106576,29.34346176
1709,4190,204.94776384,33.43741344
1709,4191,214.70517384,36.05881536
1709,4192,224.26156824,32.93376192
1709,4193,233.3954184,32.9184
1709,4194,242.52853704,32.86134144
1709,4195,251.66381976,32.7099168
1709,4196,260.60646888,31.82770368
1709,4197,268.97460048,27.76886496
1709,4198,276.5447352,27.42761088
1709,4199,284.19725736,28.56000384
1709,4200,292.50455088,29.65728384
1709,4201,300.52630776,28.81786464
1709,4202,308.76892272,30.78638496
1709,4203,317.21608896,29.47184352
1709,4204,325.31648424,28.86285312
1709,4205,331.8148812,16.30119168
1709,4206,335.72086272,13.716
1709,4207,339.5333316,13.58322912
1709,4208,342.37720704,5.84082144
1709,4209,343.63270872,4.35839616
1709,4210,344.41656288,0.70664832
1709,4211,344.4358872,0
1709,4212,344.4358872,0
1709,4213,344.83871088,3.34231488
1709,4214,345.96482496,4.2135552
1709,4215,347.89295928,10.54705536
1709,4216,351.13222128,11.82648384
1709,4217,354.85139088,15.49578816
1709,4218,359.32091712,16.04881728
1709,4219,363.8719164,16.87836096
1709,4220,368.5940304,17.00125632
1709,4221,373.34534424,17.78910336
1709,4222,379.1713524,23.88559104
1709,4223,385.89054648,23.80110048
1709,4224,391.821924,19.10693664
1709,4225,397.07902296,19.10583936
1709,4226,402.67015224,21.05351136
1709,4227,408.53895432,21.25541088
1709,4228,414.66000888,22.75100352
1709,4229,420.99305184,23.12956512
1709,4230,427.98394464,27.0150336
1709,4231,435.52868952,27.14231808
1709,4232,443.06450376,27.14341536
1709,4233,450.607938,27.15877728
1709,4234,458.0484108,26.97882336
1709,4235,465.9412068,29.31054336
1709,4236,474.13980864,30.45829824
1709,4237,483.01101264,32.64846912
1709,4238,492.05610504,32.16566592
1709,4239,499.516777371429,31.2238861714286
1713,4169,19.9711056,27.8928576
1713,4170,24.3225828,27.68327712
1713,4171,32.00451816,27.63609408
1713,4172,39.02211144,23.37974496
1713,4173,46.3864452,30.147768
1713,4174,55.58335848,35.49920256
1713,4175,65.51014584,34.05189024
1713,4176,73.65437136,26.10099936
1713,4177,80.84158584,26.22608928
1713,4178,88.6989336,30.67885152
1713,4179,97.06206648,28.20777696
1713,4180,104.7716472,28.35481248
1713,4181,112.7031528,28.145232
1713,4182,120.74813544,30.07863936
1713,4183,129.16122504,30.4166016
1713,4184,137.69882544,30.61740384
1713,4185,146.30726136,31.82221728
1713,4186,154.96422144,29.47732992
1713,4187,162.94117272,28.6609536
1713,4188,170.84475864,27.9312624
1713,4189,178.70643456,29.09767104
1713,4190,187.1292168,32.1118992
1713,4191,196.25532504,33.04568448
1713,4192,205.54364784,33.60200544
1713,4193,214.88192736,33.33207456
1713,4194,223.80637992,31.56435648
1713,4195,232.78331904,32.87780064
1713,4196,241.91729112,32.86243872
1713,4197,250.8878904,30.53620512
1713,4198,259.08222504,29.92063104
1713,4199,267.28698384,28.17156672
1713,4200,274.9027776,27.39469248
1713,4201,282.50141112,27.30252096
1713,4202,290.10732936,27.432
1713,4203,297.72735984,27.432
1713,4204,305.3475732,27.42761088
1713,4205,312.9477612,27.35080128
1713,4206,320.4036264,24.8095008
1713,4207,326.55808704,20.97670176
1713,4208,331.94250096,15.46835616
1713,4209,335.27164848,10.10155968
1713,4210,337.35270096,5.48530272
1713,4211,338.32742088,0.8887968
1713,4212,338.3532984,0
1713,4213,338.3532984,0
1713,4214,338.3532984,0
1713,4215,338.90495592,4.51311264
1713,4216,340.49211048,7.40005632
1713,4217,343.20574488,11.36672352
1713,4218,347.05917888,16.0038288
1713,4219,351.51343464,15.98627232
1713,4220,355.95696144,16.10038944
1713,4221,360.47303064,16.32642912
1713,4222,365.37893904,20.02865184
1713,4223,371.35207416,21.94779456
1713,4224,377.4472512,21.95437824
1713,4225,383.72975832,23.53775328
1713,4226,390.35068488,23.83401888
1713,4227,396.8189676,22.40865216
1713,4228,402.8256612,20.8044288
1713,4229,408.61292928,21.8523312
1713,4230,415.00930968,24.21367776
1713,4231,422.20322976,26.60794272
1713,4232,429.541686,26.71547616
1713,4233,437.1269388,28.22094432
1713,4234,445.12979808,28.66973184
1713,4235,452.96718144,27.83689632
1713,4236,460.67770704,27.94113792
1713,4237,468.67696968,31.4315856
1713,4238,478.05270912,33.62504832
1713,4239,487.47246168,35.79876
1713,4240,496.5121515,34.8770448
1718,4171,20.7017112,31.9747392
1718,4172,26.85473928,29.84711328
1718,4173,34.76387256,27.04685472
1718,4174,42.124122,26.7077952
1718,4175,49.6014756,29.01866688
1718,4176,58.0592184,29.48501088
1718,4177,66.05540256,28.7377632
1718,4178,74.03771832,28.76738976
1718,4179,81.98476872,28.3427424
1718,4180,89.83428312,28.14632928
1718,4181,97.41493344,26.44005888
1718,4182,104.72412888,26.23706208
1718,4183,112.2473244,28.25276544
1718,4184,120.18169512,28.88918784
1718,4185,128.150112,27.80836704
1718,4186,135.99173208,30.04681824
1718,4187,144.73833384,31.69603008
1718,4188,153.5166348,30.84892992
1718,4189,162.99051984,37.31629824
1718,4190,172.15905624,29.63314368
1718,4191,180.38832096,29.80431936
1718,4192,188.98230936,32.25674016
1718,4193,198.08827032,33.16748256
1718,4194,207.46480224,34.75963584
1718,4195,217.3740636,35.11296
1718,4196,226.68933072,32.84817408
1718,4197,235.83064848,32.88767616
1718,4198,244.95416592,32.62103712
1718,4199,253.54852008,29.19752352
1718,4200,261.7928724,30.15764352
1718,4201,269.74885344,27.21912768
1718,4202,277.30457112,27.40127616
1718,4203,284.92542456,27.432
1718,4204,292.54530264,27.432
1718,4205,300.00918408,25.10247456
1718,4206,306.47542464,22.35049632
1718,4207,312.57502128,22.28685408
1718,4208,318.60996984,19.61607456
1718,4209,323.07903888,13.43399904
1718,4210,326.73109152,12.65822208
1718,4211,328.95088896,2.90340288
1718,4212,329.48401464,1.83026304
1718,4213,329.99272584,1.77430176
1718,4214,330.27430008,0.15581376
1718,4215,330.276708,0
1718,4216,330.27695184,0.1207008
1718,4217,330.89276976,4.50872352
1718,4218,332.26580232,5.39752032
1718,4219,334.958436,14.38424352
1718,4220,339.20463528,15.66806112
1718,4221,344.4230856,22.26710304
1718,4222,350.80812744,23.0264208
1718,4223,357.13885392,22.466808
1718,4224,363.3496416,22.4064576
1718,4225,369.52647456,22.1815152
1718,4226,376.09747488,25.4459232
1718,4227,383.40112296,26.69023872
1718,4228,390.52341504,22.88267712
1718,4229,396.21147072,19.74994272
1718,4230,401.76608496,20.65519872
1718,4231,407.66393448,21.39586272
1718,4232,413.73478848,23.08786848
1718,4233,420.43956552,24.41557728
1718,4234,427.1633316,23.65845408
1718,4235,433.60143912,23.04178272
1718,4236,440.09983608,24.37278336
1718,4237,447.11468616,25.50956544
1718,4238,454.36737168,27.0314928
1718,4239,461.84679792,26.88006816
1718,4240,469.43775048,27.3826224
1718,4241,476.98325736,26.9217648
1718,4242,484.44936384,26.98650432
1718,4243,492.33194904,29.91624192
1718,4244,500.71166304,30.1587408
1718,4245,505.3199952,30.1752
1738,4174,22.1149817142857,32.2553293714286
1738,4175,28.9334448,25.895808
1738,4176,36.35904336,28.1397456
1738,4177,43.69304952,24.469344
1738,4178,50.83823208,27.19169568
1738,4179,58.5008736,29.04939072
1738,4180,67.07447088,31.55009184
1738,4181,75.63499224,29.63533824
1738,4182,83.96258544,30.76443936
1738,4183,92.49320592,30.6360576
1738,4184,101.00968368,30.69311616
1738,4185,109.4456028,29.24360928
1738,4186,117.21974016,27.55379808
1738,4187,125.04883296,30.34747296
1738,4188,134.38778304,35.22488256
1738,4189,144.11236608,35.16892128
1738,4190,153.79662408,33.70405248
1738,4191,162.72031464,30.9213504
1738,4192,171.1412376,30.01170528
1738,4193,179.48736264,30.9103776
1738,4194,188.48109624,32.9403456
1738,4195,197.62756512,32.77246176
1738,4196,205.7564592,24.94336896
1738,4197,213.69689544,33.2256384
1738,4198,222.50741376,29.31273792
1738,4199,230.26737792,27.47369664
1738,4200,237.90947592,27.42322176
1738,4201,245.51691816,27.42870816
1738,4202,253.13326056,27.40785984
1738,4203,260.96101224,29.10644928
1738,4204,269.1129492,29.98756512
1738,4205,278.52630096,30.4824384
1738,4206,284.46493272,20.34027936
1738,4207,290.56974144,22.76746272
1738,4208,296.91701856,22.21882272
1738,4209,302.99424288,21.35197152
1738,4210,308.24174064,16.6347648
1738,4211,312.35931432,12.2730768
1738,4212,315.19297896,7.95637728
1738,4213,316.9008648,5.48420544
1738,4214,318.42632784,5.29218144
1738,4215,319.26766728,0.48499776
1738,4216,319.2767808,0
1738,4217,319.2819624,0.33576768
1738,4218,319.869312,4.24318176
1738,4219,321.31976376,5.49627552
1738,4220,323.58707952,12.83049504
1738,4221,327.86488656,15.9544512
1738,4222,332.29750152,15.95335392
1738,4223,336.98468544,19.25287488
1738,4224,342.89515368,21.84794208
1738,4225,348.78648048,20.31175008
1738,4226,354.3472212,19.970496
1738,4227,360.02768736,21.02498208
1738,4228,366.00893016,21.95218368
1738,4229,372.07640088,21.4408512
1738,4230,377.71032408,19.15741152
1738,4231,383.30761032,22.02570144
1738,4232,389.62224336,22.64456736
1738,4233,395.75454504,21.72285216
1738,4234,401.79891192,21.7590624
1738,4235,407.84233392,21.80514816
1738,4236,414.37325304,25.5062736
1738,4237,421.31473776,23.7945168
1738,4238,427.74074472,23.04068544
1738,4239,434.25456456,23.55530976
1738,4240,441.01066992,26.17341984
1738,4241,448.9024296,29.81090304
1738,4242,457.23462528,29.9996352
1738,4243,465.56733912,30.02377536
1738,4244,473.91547584,29.8569888
1738,4245,481.777548,27.79739424
1738,4246,489.95088192,29.0450016
1738,4247,497.1083784,30.3452784
1740,4177,20.2756008,25.8080256
1740,4178,24.62518824,25.9396992
1740,4179,31.71678696,24.6723408
1740,4180,38.96407752,27.5088096
1740,4181,46.60919304,27.52197696
1740,4182,54.25244928,27.5088096
1740,4183,61.89463872,27.52636608
1740,4184,70.00256256,30.56583168
1740,4185,78.19320912,28.65217536
1740,4186,85.95792816,27.95101344
1740,4187,93.9808128,28.74544416
1740,4188,101.8277364,27.81714528
1740,4189,109.60659816,29.03073696
1740,4190,117.65880456,28.82664288
1740,4191,125.97777192,31.0146192
1740,4192,134.87503632,32.46083424
1740,4193,143.92613328,33.5987136
1740,4194,153.22488024,31.70480832
1740,4195,161.67667944,30.12691968
1740,4196,170.13335544,31.50071424
1740,4197,179.18228832,32.93047008
1740,4198,188.22500328,31.9253616
1740,4199,196.86074928,30.34637568
1740,4200,205.10226696,29.6101008
1740,4201,213.62325576,31.20554592
1740,4202,221.89449144,27.90163584
1740,4203,229.509828,27.432
1740,4204,237.12839544,27.39030336
1740,4205,244.78417896,28.78823808
1740,4206,253.46762616,32.32806336
1740,4207,262.2733896,31.08484512
1740,4208,270.35662464,27.37274688
1740,4209,277.93498896,27.30142368
1740,4210,285.53731056,27.43309728
1740,4211,293.09510088,26.02857888
1740,4212,299.6042268,21.02717664
1740,4213,304.69109496,15.21817632
1740,4214,308.0138112,8.50392
1740,4215,309.76918488,5.4809136
1740,4216,311.04647976,2.40633504
1740,4217,311.2072008,0
1740,4218,311.2072008,0
1740,4219,311.2072008,0
1740,4220,311.2072008,0
1740,4221,311.2072008,0
1740,4222,311.2072008,0.1316736
1740,4223,312.0225408,8.29653408
1740,4224,316.60691568,22.17822336
1740,4225,322.7105052,18.90393984
1740,4226,326.5845132,17.13073536
1740,4227,333.529686,27.0808704
1740,4228,341.04587112,27.03588192
1740,4229,348.39301416,25.36143264
1740,4230,355.26613224,24.2608608
1740,4231,361.61234256,21.82819104
1740,4232,367.6963944,21.9456
1740,4233,373.7923944,21.9456
1740,4234,379.919484,22.86073152
1740,4235,386.7579768,25.68842208
1740,4236,393.89276568,25.91555904
1740,4237,401.25444768,26.9053056
1740,4238,409.05784584,29.44989792
1740,4239,417.4164372,30.49121664
1740,4240,425.82309552,30.2684688
1740,4241,434.05662744,28.93307904
1740,4242,442.13242536,29.00330496
1740,4243,450.08892456,27.94004064
1740,4244,457.741782,27.41115168
1740,4245,464.97410688,25.15624128
1740,4246,472.60437864,29.71873152
1740,4247,480.92679024,29.63863008
1740,4248,488.8364112,27.40017888
1740,4249,496.68647424,30.11265504
1748,4191,19.132296,26.3456928
1748,4192,23.62038456,24.13796544
1748,4193,29.7466512,23.01983712
1748,4194,37.42331352,31.67737632
1748,4195,46.34480952,29.84382144
1748,4196,54.92730696,33.7303872
1748,4197,64.44352872,34.36790688
1748,4198,75.35119296,46.88896896
1748,4199,82.9625976,51.0344928
1759,4179,18.351627,22.055328
1759,4180,22.8008688,25.14307392
1759,4181,30.86474904,30.98499264
1759,4182,39.35385576,28.58633856
1759,4183,46.40802504,24.6010176
1759,4184,54.23858088,32.1448176
1759,4185,63.5608584,33.494472
1759,4186,71.9773008,26.53552224
1759,4187,79.09858704,25.80144192
1759,4188,86.27952264,25.72682688
1759,4189,93.08229288,23.89656384
1759,4190,100.03895664,25.48652256
1759,4191,107.1515256,25.95945024
1759,4192,114.44743176,26.43018336
1759,4193,121.77637824,26.51247936
1759,4194,129.13245192,26.47626912
1759,4195,136.79722704,29.71324512
1759,4196,145.67364312,33.19930368
1759,4197,155.50868568,37.82763072
1759,4198,165.89230728,35.47286784
1759,4199,175.35552432,33.33317184
1759,4200,184.51641024,32.93376192
1759,4201,193.61868312,32.46193152
1759,4202,202.62302376,32.25674016
1759,4203,211.5757008,32.47070976
1759,4204,220.3088304,30.06437472
1759,4205,228.28678752,27.5581872
1759,4206,235.90614744,27.41773536
1759,4207,243.5111208,27.38701152
1759,4208,251.12840808,27.50661504
1759,4209,259.05366528,29.72970432
1759,4210,267.15534072,27.82811808
1759,4211,274.7461104,27.39140064
1759,4212,282.36635424,27.43419456
1759,4213,289.7544624,24.4199664
1759,4214,295.6820604,18.31579776
1759,4215,299.99336496,12.62749824
1759,4216,302.44337784,5.95384128
1759,4217,303.95180256,4.62174336
1759,4218,304.5189744,0.05925312
1759,4219,304.5189744,0
1759,4220,304.5189744,0
1759,4221,304.5189744,0
1759,4222,304.5189744,0
1759,4223,304.5189744,0
1759,4224,304.5189744,0
1759,4225,305.0610612,4.57456032
1759,4226,307.00245432,11.9164608
1759,4227,311.46884112,16.23535488
1759,4228,315.76521048,16.08722208
1759,4229,322.70681712,30.25639872
1759,4230,329.39193456,20.87246016
1759,4231,335.35662672,23.63321664
1759,4232,342.3446544,24.53737536
1759,4233,348.9321444,23.33695104
1759,4234,355.37793288,22.93754112
1759,4235,361.14922944,19.7455536
1759,4236,368.13390432,29.99305152
1759,4237,376.5517488,30.3068736
1759,4238,384.56423976,21.78759168
1759,4239,389.07463968,26.08673472
1759,4240,400.23559272,43.3864512
1759,4241,410.81968128,32.9403456
1759,4242,420.13516176,35.28194112
1759,4243,430.03875384,35.6616
1759,4244,439.94103528,35.39605824
1759,4245,448.69931088,27.21473856
1759,4246,455.92782576,25.86179232
1759,4247,463.2204096,26.30289888
1759,4248,470.5363716,26.3566656
1759,4249,477.84727392,26.3018016
1759,4250,485.15253744,26.3018016
1759,4251,492.44902272,26.37751392
1759,4252,498.3249876,25.9707888
1765,4184,21.1554277714286,25.8926729142857
1765,4185,26.7722604,21.25541088
1765,4186,32.6504808,24.27073632
1765,4187,40.03886328,29.60571168
1765,4188,49.21919544,32.69236032
1765,4189,57.8242176,30.27285792
1765,4190,66.22301208,30.29480352
1765,4191,74.46940656,29.30505696
1765,4192,82.53642624,28.04867136
1765,4193,90.01015272,26.0219952
1765,4194,97.5091776,28.32299136
1765,4195,105.12268536,25.99785504
1765,4196,112.37406024,26.61891552
1765,4197,119.79654984,26.83727424
1765,4198,127.64804544,30.04572096
1765,4199,136.22203896,30.94439328
1765,4200,144.79304544,31.76515872
1765,4201,153.87026376,32.9184
1765,4202,163.03194216,33.82036416
1765,4203,172.93007832,35.59795776
1765,4204,182.48961216,34.30207008
1765,4205,192.03820368,34.85180736
1765,4206,201.99717792,36.45273888
1765,4207,212.09474472,35.61002784
1765,4208,221.13806928,29.41149312
1765,4209,229.02995088,27.8379936
1765,4210,236.66388024,27.39469248
1765,4211,244.26388536,27.39469248
1765,4212,251.89461432,27.91919232
1765,4213,260.06334576,30.5427888
1765,4214,268.40364912,28.79152992
1765,4215,276.00133776,24.8863104
1765,4216,282.43846992,22.1760288
1765,4217,287.34605472,12.83598144
1765,4218,289.93298376,6.3587376
1765,4219,291.45698376,4.62064608
1765,4220,292.0240032,0.05925312
1765,4221,292.0240032,0
1765,4222,292.0240032,0
1765,4223,292.0240032,0
1765,4224,292.0240032,0
1765,4225,292.0240032,0
1765,4226,292.25074392,1.49888448
1765,4227,292.4949192,0
1765,4228,293.16267504,5.2779168
1765,4229,295.37884536,10.69957728
1765,4230,299.11005456,15.87654432
1765,4231,303.70098264,17.41163904
1765,4232,309.22657992,21.73492224
1765,4233,315.30389568,21.94121088
1765,4234,321.48203928,23.63211936
1765,4235,328.63968816,26.80874496
1765,4236,335.80971192,23.69356704
1765,4237,341.98523424,21.87208224
1765,4238,348.06867648,21.9456
1765,4239,354.16482888,21.9456
1765,4240,360.24305904,21.81612096
1765,4241,366.3525312,22.89694176
1765,4242,373.40679192,27.30361824
1765,4243,381.2464308,30.78638496
1765,4244,390.62674224,34.93958976
1765,4245,400.25747736,34.04750112
1765,4246,409.63461888,34.08919776
1765,4247,419.19838944,34.55993088
1765,4248,428.7908112,33.84450432
1765,4249,436.96256016,26.25022944
1765,4250,444.88452552,30.44293632
1765,4251,453.44087112,30.88075104
1765,4252,462.01928424,30.88184832
1765,4253,469.47554568,19.1091312
1765,4254,476.77267104,37.96259616
1765,4255,487.08743832,31.83867648
1765,4256,494.4348252,26.25352128
1765,4257,499.5894504,30.0435264
1781,4196,41.487852,21.0421728
1781,4197,45.35817192,21.41671104
1781,4198,51.6154416,26.92944576
1781,4199,61.08637008,37.99551456
1781,4200,71.21310624,33.73148448
1781,4201,80.20467576,32.09544
1781,4202,89.2108452,33.14443968
1781,4203,98.4034608,32.71320864
1781,4204,107.21199792,30.02487264
1781,4205,115.3219944,29.69568864
1781,4206,123.77068464,30.97950624
1781,4207,132.7629552,32.98094496
1781,4208,141.92262192,33.47033184
1781,4209,151.28278608,34.01677728
1781,4210,157.7061616,41.69664
1785,4187,21.4985019428571,22.5726171428571
1785,4188,27.50094576,30.70628352
1785,4189,37.14573216,35.55626112
1785,4190,45.579792,24.496776
1785,4191,53.06970336,30.19275648
1785,4192,61.45234344,29.94147936
1785,4193,70.0281048,33.22454112
1785,4194,79.66993464,34.5478608
1785,4195,88.11100488,25.89800256
1785,4196,95.0433456,25.11454464
1785,4197,103.00371576,30.1093632
1785,4198,110.84561016,28.33506144
1785,4199,118.76099184,27.64706688
1785,4200,126.15467784,26.4334752
1785,4201,133.68052512,27.4704048
1785,4202,142.09087152,35.93262816
1785,4203,152.9609844,39.37808736
1785,4204,163.0035348,32.0625216
1785,4205,172.08069216,34.66197792
1785,4206,181.75897608,34.7728032
1785,4207,191.13114936,32.58482688
1785,4208,200.122536,32.26332384
1785,4209,208.80912264,30.18288096
1785,4210,217.12802904,29.77140096
1785,4211,224.96989296,27.00296352
1785,4212,232.5544752,27.432
1785,4213,240.16645896,27.37274688
1785,4214,247.85397216,27.98393184
1785,4215,255.77313336,29.55633408
1785,4216,264.1230684,29.10974112
1785,4217,271.08631584,20.33040384
1785,4218,275.81187408,13.98702816
1785,4219,278.85996552,7.95089088
1785,4220,280.5397488,5.4864
1785,4221,282.06515088,5.29327872
1785,4222,282.90655128,0.48609504
1785,4223,282.9156648,0
1785,4224,282.9156648,0
1785,4225,282.9156648,0
1785,4226,282.9156648,0
1785,4227,282.9156648,0
1785,4228,282.9156648,0
1785,4229,282.9156648,0
1785,4230,283.31041128,3.82731264
1785,4231,285.00336192,8.4984336
1785,4232,288.21906288,14.54554368
1785,4233,292.92813144,19.47781728
1785,4234,298.88883072,22.8179376
1785,4235,305.95378992,27.3606768
1785,4236,313.55266728,27.36177408
1785,4237,321.22027704,28.48209696
1785,4238,329.5008396,30.21031296
1785,4239,337.50089472,27.52197696
1785,4240,345.0680424,26.37970848
1785,4241,351.9013536,23.49934848
1785,4242,358.26737592,22.06191168
1785,4243,364.33728504,21.93791904
1785,4244,370.54206816,23.86145088
1785,4245,377.72026056,27.23558688
1785,4246,386.34698448,34.99116192
1785,4247,396.21003816,34.76073312
1785,4248,405.85290432,35.07784704
1785,4249,415.38278112,33.49556928
1785,4250,424.576494,32.8745088
1785,4251,433.53179232,31.04644032
1785,4252,441.91726704,30.28821984
1785,4253,450.40210656,29.62217088
1785,4254,458.13424248,26.48614464
1785,4255,465.462366,27.03917376
1785,4256,473.45547168,30.07973664
1785,4257,481.89239664,31.08813696
1785,4258,490.64061384,31.5358272
1785,4259,499.39873704,31.51607616
1785,4260,508.15551912,31.5358272
1785,4261,513.4116732,31.5358272
1799,4189,20.27936,28.0025856
1799,4190,25.25682528,29.81200032
1799,4191,33.75434448,30.70299168
1799,4192,42.2867328,30.73042368
1799,4193,51.02803104,32.6934576
1799,4194,60.2687136,33.34963104
1799,4195,69.53198184,33.3463392
1799,4196,78.8125932,33.4560672
1799,4197,87.77566392,30.339792
1799,4198,95.9383908,29.25019296
1799,4199,104.08039128,29.31822432
1799,4200,112.2297984,29.38296384
1799,4201,120.41602536,29.44989792
1799,4202,128.50023576,29.10754656
1799,4203,136.71328512,29.55962592
1799,4204,144.86552688,29.31712704
1799,4205,153.0665976,29.8679616
1799,4206,161.40025632,29.98756512
1799,4207,169.733976,30.03913728
1799,4208,178.07882088,30.0490128
1799,4209,186.49343448,30.71067264
1799,4210,195.07480416,30.9103776
1799,4211,203.65407072,30.87636192
1799,4212,212.098128,29.54536128
1799,4213,220.2001692,29.10315744
1799,4214,228.15685128,28.09256256
1799,4215,235.8703944,27.06221664
1799,4216,243.15255408,25.92433728
1799,4217,250.36451832,25.9726176
1799,4218,257.16862968,20.17788192
1799,4219,261.41223816,13.22551584
1799,4220,265.10348808,13.34402208
1799,4221,268.80650328,13.21454304
1799,4222,272.1562248,8.62242624
1799,4223,273.42916104,2.92534848
1799,4224,274.24203216,2.92754304
1799,4225,274.9469736,1.399032
1799,4226,275.042376,0
1799,4227,275.042376,0
1799,4228,275.042376,0
1799,4229,275.042376,0
1799,4230,275.30788728,3.1217616
1799,4231,276.71642904,6.3587376
1799,4232,279.2076204,11.11654368
1799,4233,282.948888,15.99066144
1799,4234,287.85238848,20.02755456
1799,4235,293.86161192,22.8179376
1799,4236,300.92617488,27.3826224
1799,4237,308.54334024,27.34750944
1799,4238,316.1432844,27.42761088
1799,4239,323.79156984,27.74691936
1799,4240,331.43333256,25.83436032
1799,4241,337.88369304,21.93901632
1799,4242,343.96073448,21.4847424
1799,4243,349.3558164,17.52136704
1799,4244,354.17269272,17.14390272
1799,4245,358.8084264,16.32204
1799,4246,363.51566616,18.9171072
1799,4247,369.3676128,21.94889184
1799,4248,375.79901472,25.52602464
1799,4249,383.93376096,33.30464256
1799,4250,393.65051064,35.04602592
1799,4251,403.08394872,32.9897232
1799,4252,412.2278268,32.9403456
1799,4253,421.4241,33.47142912
1799,4254,430.8745764,34.15503456
1799,4255,440.2982304,33.96301056
1799,4256,449.40510576,31.82880096
1799,4257,458.25741216,30.61082016
1799,4258,466.29053808,28.56329568
1799,4259,474.44363328,29.79883296
1799,4260,482.47496088,27.0589248
1799,4261,489.43418496,23.7780576
1799,4262,496.22604336,24.5296944
1799,4263,500.0058072,22.933152
1806,4182,19.3612008,26.0933184
1806,4183,23.76208608,26.39177856
1806,4184,31.00248816,25.319736
1806,4185,38.22216384,26.22938112
1806,4186,45.0925692,23.2403904
1806,4187,52.09202688,27.18620928
1806,4188,59.41707192,25.8519168
1806,4189,67.70540688,38.88431136
1806,4190,78.7293828,34.85071008
1806,4191,87.2625636,26.27107776
1806,4192,93.97386336,23.89436928
1806,4193,100.88630064,24.0359184
1806,4194,107.1891684,23.9371632
1806,4195,114.68325552,28.37785536
1806,4196,122.5527648,28.8036
1806,4197,130.86316728,30.8774592
1806,4198,139.97763216,34.36571232
1806,4199,149.56645728,35.08991712
1806,4200,159.25928016,34.56541728
1806,4201,168.9251892,33.960816
1806,4202,178.11426912,32.92827552
1806,4203,187.2430596,32.3917056
1806,4204,195.95162232,30.71945088
1806,4205,204.4794996,30.696408
1806,4206,213.02566488,31.47328224
1806,4207,222.87878208,36.9728496
1806,4208,232.0963608,31.26809088
1806,4209,240.766092,30.47366016
1806,4210,249.02263632,29.62765728
1806,4211,257.134614,28.52159904
1806,4212,264.9705648,28.34932608
1806,4213,273.55565304,31.4480448
1806,4214,281.2144236,25.51176
1806,4215,287.90405208,19.71373248
1806,4216,291.98517168,12.61433088
1806,4217,295.26439296,9.16448256
1806,4218,296.96868216,4.93556544
1806,4219,298.20415848,2.73551904
1806,4220,298.4226696,0
1806,4221,298.4226696,0
1806,4222,298.4226696,0
1806,4223,298.4226696,0
1806,4224,298.4226696,0
1806,4225,298.98170328,5.54236128
1806,4226,300.23522376,0.92610432
1806,4227,300.8138256,4.73805504
1806,4228,302.98607424,10.49767776
1806,4229,306.46051992,15.08869728
1806,4230,310.97064552,16.36702848
1806,4231,315.77411064,19.48001184
1806,4232,321.74310048,22.79818656
1806,4233,328.37609712,24.40131264
1806,4234,334.96120968,22.55568768
1806,4235,341.07159624,21.86549856
1806,4236,347.17859952,22.30111872
1806,4237,353.4364788,22.59738432
1806,4238,359.65250904,23.3172
1806,4239,366.72932496,26.4773664
1806,4240,374.0900316,26.68365504
1806,4241,381.84783168,30.30797088
1806,4242,390.78206832,32.68577664
1806,4243,399.85825032,32.19748704
1806,4244,408.329892,28.90454976
1806,4245,416.44574064,29.82516768
1806,4246,424.56555168,28.97806752
1806,4247,432.87842304,30.39685056
1806,4248,440.92218648,28.49965344
1806,4249,449.12450688,29.81748672
1806,4250,457.3652016,29.72202336
1806,4251,465.73552776,30.1038768
1806,4252,471.7164048,17.35128864
1806,4253,479.96654832,37.8890784
1806,4254,490.21697232,33.27721056
1806,4255,497.4590889,26.931366
1816,4250,340.321527466667,16.3872672
1816,4251,344.45015184,14.30194752
1816,4252,348.21302976,14.0287248
1816,4253,352.289364,14.7968208
1816,4254,356.39962248,14.7968208
1816,4255,360.70096008,17.8801776
1816,4256,366.53263752,23.73306912
1816,4257,374.01614808,30.0270672
1816,4258,383.1147024,35.030664
1816,4259,393.07385952,35.35875072
1816,4260,402.7285824,35.37850176
1816,4261,413.24869344,40.69701792
1816,4262,425.66313648,48.73898304
1822,4196,22.6772343,31.3534044
1822,4197,31.07926728,34.25269248
1822,4198,40.00493904,30.99157632
1822,4199,48.78836064,34.16710464
1822,4200,59.36629224,40.06059552
1822,4201,70.078092,34.25488704
1822,4202,78.89766288,32.3368416
1822,4203,87.79383,31.33392768
1822,4204,96.45231408,31.17262752
1822,4205,105.47308344,34.22526048
1822,4206,114.54234648,29.73189888
1822,4207,122.499882,28.24618176
1822,4208,130.25664576,28.21984704
1822,4209,138.12597216,27.9093168
1822,4210,146.1014604,30.22786944
1822,4211,155.11841976,35.3927664
1822,4212,165.54532296,38.35981152
1822,4213,176.20981776,38.41138368
1822,4214,186.88123152,38.42235648
1822,4215,197.55142608,38.38175712
1822,4216,208.29931416,39.37150368
1822,4217,219.04653168,35.95018464
1822,4218,228.36944928,32.90084352
1822,4219,237.51238248,32.81854752
1822,4220,246.08415096,27.8325072
1822,4221,252.68746008,18.982944
1822,4222,257.11440576,14.82205824
1822,4223,261.2517,14.923008
1822,4224,265.16508816,11.14068384
1822,4225,267.18091344,5.43043872
1822,4226,268.15749264,0.88989408
1822,4227,268.1834616,0
1822,4228,268.1834616,0
1822,4229,268.1834616,0
1822,4230,268.1834616,0
1822,4231,268.49947824,3.47618304
1822,4232,269.93554344,6.21389664
1822,4233,272.3897016,10.80930528
1822,4234,275.72948664,14.5170144
1822,4235,280.25680296,17.8308
1822,4236,285.9216024,21.94779456
1822,4237,292.01726712,22.07398176
1822,4238,298.67906736,26.48065824
1822,4239,306.26800824,27.41334624
1822,4240,313.86722088,27.36945504
1822,4241,321.499992,27.74362752
1822,4242,329.30969952,27.77105952
1822,4243,336.21280992,22.19029344
1822,4244,342.2206008,20.3655168
1822,4245,347.27092344,16.98699168
1822,4246,352.02150576,17.172432
1822,4247,356.7850116,17.03417472
1822,4248,361.84639848,20.4148944
1822,4249,367.91502744,23.0757984
1822,4250,374.9472816,27.11817792
1822,4251,382.9906488,32.09873184
1822,4252,392.4758724,34.5314016
1822,4253,402.00669408,34.15393728
1822,4254,411.42867168,33.4889856
1822,4255,420.66825696,33.83792064
1822,4256,430.0662468,33.7249008
1822,4257,439.70124912,34.74427392
1822,4258,449.24356176,33.47142912
1822,4259,458.11674696,31.26260448
1822,4260,466.86179424,31.68396
1822,4261,475.62479424,30.7896768
1822,4262,483.21769752,23.40827424
1822,4263,489.5653404,23.28208704
1822,4264,496.03087992,24.22574784
1822,4265,499.8604176,25.0399296
1830,4198,24.25723368,31.41732096
1830,4199,33.023556,32.1338448
1830,4200,42.64109328,35.96225472
1830,4201,52.5537684,36.67438944
1830,4202,63.4703328,40.86380448
1830,4203,74.66856288,37.10781504
1830,4204,83.81728728,30.63825216
1830,4205,91.79926776,28.556712
1830,4206,99.9623604,27.92248416
1830,4207,106.63022616,22.79708928
1830,4208,114.47422368,32.38841376
1830,4209,123.5223336,32.26881024
1830,4210,132.48461184,32.66273376
1830,4211,141.55905648,32.45425056
1830,4212,150.57427848,32.80208832
1830,4213,160.21043904,36.35947008
1830,4214,170.34945864,36.53613216
1830,4215,180.50091408,36.54820224
1830,4216,190.6559052,36.55807776
1830,4217,200.8025448,36.41104224
1830,4218,210.76603008,35.35216704
1830,4219,220.5682152,35.2610928
1830,4220,230.34196248,34.1857584
1830,4221,238.30175352,23.54323968
1830,4222,244.68304632,22.31757792
1830,4223,249.88049592,15.41239488
1830,4224,254.05189728,14.13516096
1830,4225,256.68674088,5.27133312
1830,4226,258.05367744,4.93776
1830,4227,259.42338768,4.60967328
1830,4228,260.1836808,1.03912416
1830,4229,260.43611616,0.9107424
1830,4230,260.69111184,1.12032288
1830,4231,261.32533968,3.28745088
1830,4232,262.27028064,3.47728032
1830,4233,263.23616136,3.64955328
1830,4234,264.5807256,6.5727072
1830,4235,267.42475344,14.47751232
1830,4236,272.09215584,19.1969136
1830,4237,278.02411248,22.89364992
1830,4238,285.07889136,27.30252096
1830,4239,292.7000496,27.432
1830,4240,300.32008008,27.432
1830,4241,307.93800744,27.36287136
1830,4242,315.4926888,26.32045536
1830,4243,322.23809568,23.46972192
1830,4244,329.00044944,24.71842656
1830,4245,335.40508992,20.42696448
1830,4246,340.47684,16.99357536
1830,4247,345.1024848,16.47785376
1830,4248,349.75056288,16.94310048
1830,4249,354.46158216,16.94968416
1830,4250,359.3086032,18.86553504
1830,4251,365.15228976,23.31390816
1830,4252,372.58590456,30.58448544
1830,4253,382.16689632,38.72630304
1830,4254,393.4748544,40.14728064
1830,4255,404.19369504,37.51271136
1830,4256,414.20942304,35.41910112
1830,4257,424.14209304,34.76512224
1830,4258,433.18925808,30.9268368
1830,4259,441.59954352,29.76481728
1830,4260,450.04869096,31.45023936
1830,4261,458.4021312,28.22862528
1830,4262,466.04962416,25.03334592
1830,4263,472.72187904,27.49454496
1830,4264,481.16700312,30.8225952
1830,4265,488.90471688,22.70052864
1830,4266,494.75157336,21.84574752
1830,4267,499.1673024,19.53816768
1839,4215,172.9941168,28.5402528
1839,4216,177.3548904,28.54354464
1839,4217,185.32455696,29.4125904
1839,4218,193.79604624,31.0036464
1839,4219,202.43602896,31.66859808
1839,4220,211.47956688,32.95461024
1839,4221,220.56422232,31.55996736
1839,4222,228.85417272,29.06914176
1839,4223,236.61861744,23.63980032
1839,4224,241.32704592,13.47789024
1839,4225,245.08263912,13.5294624
1839,4226,248.69329992,10.72371744
1839,4227,250.70107848,5.47981632
1839,4228,252.13110864,3.58152192
1839,4229,252.4667544,0
1839,4230,252.4667544,0
1839,4231,252.4667544,0
1839,4232,252.4667544,0
1839,4233,252.4667544,0
1839,4234,252.80246112,4.86753408
1839,4235,255.41612112,11.15275392
1839,4236,258.884928,16.62050016
1839,4237,264.81575688,23.36877216
1839,4238,271.35237576,24.30255744
1839,4239,278.4430296,26.53003584
1839,4240,285.99472392,27.43309728
1839,4241,293.61481536,27.432
1839,4242,301.2350592,27.432
1839,4243,308.8501824,27.35080128
1839,4244,316.40733264,26.6858496
1839,4245,323.51279976,25.56772128
1839,4246,330.86960496,26.1865872
1839,4247,337.01458632,17.65852704
1839,4248,341.61532896,16.38019584
1839,4249,346.15401432,16.12672416
1839,4250,350.51683008,15.50346912
1839,4251,354.82441608,15.5758896
1839,4252,359.507028,19.29347424
1839,4253,365.40499944,22.08056544
1839,4254,371.86886256,25.37569728
1839,4255,379.53083352,31.05082944
1839,4256,389.67771696,39.50976096
1839,4257,400.37375856,39.2990832
1839,4258,411.96216312,42.54812928
1839,4259,423.44169312,38.73288672
1839,4260,433.70607696,34.77609504
1839,4261,442.61373504,30.78638496
1839,4262,451.06172424,30.3617376
1839,4263,459.49532688,30.3617376
1839,4264,467.93301384,30.4111152
1839,4265,476.36743944,29.72970432
1839,4266,483.29139816,19.88490816
1839,4267,488.56044528,18.29604672
1839,4268,492.85614408,13.89266208
1839,4269,496.7894052,14.46434496
1839,4270,499.5486072,15.4826208
1844,4200,23.4736301333333,29.3181024
1844,4201,30.47554992,24.24549888
1844,4202,36.9563904,21.56923296
1844,4203,43.23545328,24.43862016
1844,4204,50.4236736,28.913328
1844,4205,59.41182936,34.04530656
1844,4206,68.7761388,32.34891168
1844,4207,76.46816304,23.8054896
1844,4208,83.35225392,25.4678688
1844,4209,90.19083816,23.50593216
1844,4210,96.98364144,27.81824256
1844,4211,105.37996704,32.00656032
1844,4212,114.65283648,33.8565744
1844,4213,124.23321864,35.56503936
1844,4214,134.24653872,36.08734464
1844,4215,144.25580496,35.90629344
1844,4216,154.06137336,34.28670816
1844,4217,163.44592152,33.6974688
1844,4218,172.46870256,30.44513088
1844,4219,180.661818,29.35553184
1844,4220,188.91144336,30.1697136
1844,4221,196.92384288,26.60904
1844,4222,203.67229776,23.12298144
1844,4223,210.35287368,24.81937632
1844,4224,217.24516368,23.89546656
1844,4225,223.50066552,21.863304
1844,4226,229.58596704,21.94779456
1844,4227,235.4505324,18.92917728
1844,4228,239.83596432,12.83598144
1844,4229,242.82620472,8.50611456
1844,4230,244.56182736,4.6195488
1844,4231,245.1289992,0.0603504
1844,4232,245.13247392,0.109728
1844,4233,245.26216632,0.68689728
1844,4234,245.45272728,0.68799456
1844,4235,245.6431968,0.6858
1844,4236,245.8689012,1.91255904
1844,4237,247.39067616,8.49404448
1844,4238,250.46690064,14.5005552
1844,4239,255.31002024,20.69140896
1844,4240,261.68911848,23.53885056
1844,4241,268.0109448,21.91048704
1844,4242,274.04147376,21.77771616
1844,4243,280.12726296,21.9456
1844,4244,286.22268384,21.94340544
1844,4245,292.75000632,26.06259456
1844,4246,300.32044584,27.432
1844,4247,307.79944536,25.33290336
1844,4248,314.2425516,22.04216064
1844,4249,320.30773632,21.29381568
1844,4250,326.00871552,20.18336832
1844,4251,331.45732032,18.12926016
1844,4252,335.96491608,13.99470912
1844,4253,339.25681704,10.96621632
1844,4254,342.2960388,10.89160128
1844,4255,345.32904264,11.0935008
1844,4256,348.8644788,14.53237632
1844,4257,352.98680736,14.8461984
1844,4258,357.76710768,23.2294176
1844,4259,365.82001512,31.13093088
1844,4260,374.4756036,31.16165472
1844,4261,383.13128352,31.18689216
1844,4262,391.75694064,30.73920192
1844,4263,400.5134484,33.03251712
1844,4264,410.03594904,35.96115744
1844,4265,420.34501656,36.63708192
1844,4266,430.22599248,35.44543584
1844,4267,440.00489088,34.9867728
1844,4268,449.45756184,31.48425504
1844,4269,457.86300096,29.81638944
1844,4270,465.51055488,26.09551296
1844,4271,473.09053464,28.08707616
1844,4272,480.64951368,25.06626432
1844,4273,487.34849952,23.76050112
1844,4274,493.22242224,18.98513856
1844,4275,498.23534592,15.85459872
1864,4271,438.7394832,28.4552136
1864,4272,443.64469056,24.51762432
1864,4273,450.44115144,24.469344
1864,4274,457.23892296,24.469344
1864,4275,464.036664,24.469344
1864,4276,470.84531688,24.5296944
1864,4277,477.18927168,16.13221056
1864,4278,480.48419016,15.7624272
1864,4279,484.5202908,7.52953536
1864,4280,485.704134,3.621024
1864,4281,486.70988256,3.621024
1864,4282,487.7156616,3.621024
1864,4283,488.7219588,3.62431584
1864,4284,489.41821344,0.7516368
1864,4285,489.47832,0.15581376
1864,4286,489.4963032,0
1864,4287,489.4963032,0
1864,4288,489.4963032,0
1864,4289,489.4963032,0
1864,4290,489.4963032,0
1864,4291,489.4963032,0
1864,4292,489.4963032,0
1864,4293,489.4969128,0.08558784
1864,4294,489.68945496,1.75455072
1864,4295,490.78176672,5.45457888
1864,4296,492.43494096,7.95637728
1864,4297,495.847878,15.62307264
1864,4298,499.047135,16.7774112
1866,4218,164.709086742857,28.4430651428571
1866,4219,171.48148584,28.68509376
1866,4220,179.2560804,27.432
1866,4221,186.87946368,27.45175104
1866,4222,194.39692896,25.5172464
1866,4223,200.76813288,20.82417984
1866,4224,206.2141164,20.16142272
1866,4225,212.32270464,22.6917504
1866,4226,218.623896,22.7246688
1866,4227,224.54984808,18.57365856
1866,4228,229.22825376,16.4646864
1866,4229,233.27038944,10.7478576
1866,4230,235.56845952,7.68534912
1866,4231,237.40570248,3.77683776
1866,4232,237.68846544,0.00877824
1866,4233,237.6885264,0
1866,4234,237.6885264,0
1866,4235,237.6885264,0
1866,4236,237.70099272,0.521208
1866,4237,238.3296732,3.54311712
1866,4238,239.35748928,4.80498912
1866,4239,241.68165024,11.10008448
1866,4240,244.83495864,12.36305376
1866,4241,249.54064392,21.28394016
1866,4242,256.14468456,26.17232256
1866,4243,263.58473064,26.88555456
1866,4244,271.11313824,27.2783808
1866,4245,278.54839896,26.28753696
1866,4246,285.85786872,25.69939488
1866,4247,292.513512,23.21625024
1866,4248,299.56310928,27.26411616
1866,4249,307.084476,25.5007872
1866,4250,313.48280712,21.87647136
1866,4251,319.54902816,21.32453952
1866,4252,325.05082056,18.47709792
1866,4253,330.01848144,16.18049088
1866,4254,333.50460096,9.85576896
1866,4255,336.14346792,9.54853056
1866,4256,338.79653856,9.54962784
1866,4257,341.44744512,9.48379104
1866,4258,344.07884448,9.52768224
1866,4259,347.19313848,16.44603264
1866,4260,353.5608372,25.81570656
1866,4261,361.00201104,29.20081536
1866,4262,369.69301728,31.23626976
1866,4263,377.923044,29.5826688
1866,4264,387.1482732,36.27827136
1866,4265,397.30600752,36.9344448
1866,4266,407.77235184,38.0975616
1866,4267,418.39502808,37.88798112
1866,4268,428.64914016,36.21901824
1866,4269,438.65453544,35.46299232
1866,4270,447.68511936,28.92100896
1866,4271,455.39524872,27.77105952
1866,4272,463.10891376,27.7721568
1866,4273,470.8324848,27.82263168
1866,4274,478.55127048,27.7721568
1866,4275,486.26499648,27.77544864
1866,4276,493.05353256,16.78180032
1866,4277,496.22656152,10.4186736
1866,4278,498.9843208,10.4461056
1867,4266,395.8637752,35.1032064
1867,4267,405.14951736,36.41762592
1867,4268,415.42819632,36.72486432
1867,4269,424.90223376,33.47142912
1867,4270,434.59072848,33.18064992
1867,4271,443.11921536,29.68252128
1867,4272,451.36771296,29.70227232
1867,4273,459.61724688,29.69898048
1867,4274,467.87123088,29.75384448
1867,4275,476.0325252,27.17743104
1867,4276,481.81360584,16.94090592
1867,4277,486.48475728,14.04847584
1867,4278,489.16550376,7.02917568
1867,4279,490.83687456,4.93776
1867,4280,492.13605408,4.66344
1867,4281,493.43124072,4.66344
1867,4282,494.71929504,4.1586912
1867,4283,495.2670816,0.0768096
1867,4284,495.2670816,0
1867,4285,495.2670816,0
1867,4286,495.2670816,0
1867,4287,495.2670816,0
1867,4288,495.2670816,0
1867,4289,495.2670816,0
1867,4290,495.29762256,0.35442144
1867,4291,495.45624048,0.65946528
1867,4292,495.76585632,1.00291392
1867,4293,495.8404104,0
1867,4294,496.11037176,3.97325088
1867,4295,498.4574232,14.0534136
1874,4201,15.1496098666667,23.3172
1874,4202,21.31173792,23.38962048
1874,4203,28.2083256,26.78679936
1874,4204,35.81055576,27.41334624
1874,4205,43.43086056,27.43638912
1874,4206,50.94253464,26.50699296
1874,4207,58.26300768,26.21182464
1874,4208,65.52380088,27.40566528
1874,4209,73.58003064,29.32700256
1874,4210,81.06518712,23.68808064
1874,4211,87.34492056,22.65444288
1874,4212,93.96081792,24.30584928
1874,4213,100.67333688,24.59223936
1874,4214,107.90471688,28.65766176
1874,4215,116.47081608,32.70881952
1874,4216,125.79236208,33.31122624
1874,4217,135.20156856,34.89679584
1874,4218,144.7295556,33.14773152
1874,4219,153.87017232,32.80538016
1874,4220,162.90106104,31.1572656
1874,4221,170.76706512,25.50737088
1874,4222,177.1971564,21.79417536
1874,4223,183.10411944,20.8592928
1874,4224,188.89855032,20.86697376
1874,4225,194.69075616,20.73749472
1874,4226,200.271888,19.48879008
1874,4227,205.67209056,19.35163008
1874,4228,211.05397464,19.64570112
1874,4229,216.54107568,19.75542912
1874,4230,221.65982592,14.19112224
1874,4231,224.24846184,7.36055424
1874,4232,226.30537416,7.40664
1874,4233,228.3627132,7.40664
1874,4234,230.20593024,4.1148
1874,4235,230.540052,0
1874,4236,230.5418808,0.0493776
1874,4237,230.5953732,0.27432
1874,4238,230.6715732,0.27432
1874,4239,230.7477732,0.27432
1874,4240,231.12170184,4.71391488
1874,4241,233.50593888,10.15313184
1874,4242,236.55128712,13.60298016
1874,4243,241.1609604,17.78032512
1874,4244,246.318024,21.03705216
1874,4245,252.94401024,24.91593696
1874,4246,259.95428832,26.56624608
1874,4247,267.77652312,28.71801216
1874,4248,275.67477504,27.78971328
1874,4249,283.28200392,27.33543936
1874,4250,290.86875024,27.40347072
1874,4251,298.39484136,25.51944096
1874,4252,304.81429512,21.93791904
1874,4253,310.8984384,21.86001216
1874,4254,316.82688984,19.47781728
1874,4255,321.4716456,13.85316
1874,4256,324.59907648,10.11911616
1874,4257,327.40786944,10.11472704
1874,4258,330.21526032,9.97866432
1874,4259,333.01439112,10.60301664
1874,4260,336.05150976,11.02327488
1874,4261,339.65458104,15.56052768
1874,4262,344.23731,17.89773408
1874,4263,350.34501432,25.20342432
1874,4264,357.45432192,26.27546688
1874,4265,365.12863728,28.07720064
1874,4266,372.82626984,28.25496
1874,4267,381.30516576,34.65978336
1874,4268,392.05149936,39.172896
1874,4269,401.72984424,31.59178848
1874,4270,410.51402784,31.65762528
1874,4271,419.31418296,31.67408448
1874,4272,428.10650472,31.6455552
1874,4273,436.89785112,31.59727488
1874,4274,444.87288216,23.41376064
1874,4275,450.2936892,18.21704256
1874,4276,455.2715304,16.79277312
1874,4277,459.59091216,14.99652576
1874,4278,463.7560956,14.99323392
1874,4279,467.9240832,15.04590336
1874,4280,472.10194632,15.00420672
1874,4281,475.99308408,11.46328416
1874,4282,478.43395296,7.02368928
1874,4283,479.7225864,3.32695296
1874,4284,480.69678816,3.15906912
1874,4285,481.23597936,0.4553712
1874,4286,481.2529872,0
1874,4287,481.3648488,0.51681888
1874,4288,481.44613896,0.33576768
1874,4289,481.58866344,0.54864
1874,4290,481.741734,0.54864
1874,4291,481.89465216,0.54864
1874,4292,482.0474484,0.54864
1874,4293,482.200458,0.54864
1874,4294,482.35291896,0.55522368
1874,4295,482.51662704,0.3675888
1874,4296,482.5427484,0.33796224
1874,4297,483.438708,6.67036512
1874,4298,485.85427848,11.19335328
1874,4299,489.14584416,10.37149056
1874,4300,492.00325272,11.95376832
1874,4301,495.6953256,14.53896
1874,4302,499.11298704,18.2916576
1886,4205,22.2757419428571,24.8753376
1886,4206,28.49721504,28.28348928
1886,4207,36.59050848,29.2479984
1886,4208,44.71958544,29.27213856
1886,4209,52.74759072,26.50699296
1886,4210,58.02852504,16.07405472
1886,4211,64.57059984,28.51611264
1886,4212,72.23327184,24.75134496
1886,4213,78.5158704,22.39877664
1886,4214,84.7333332,22.3406208
1886,4215,90.98237328,22.7466144
1886,4216,97.42968576,24.93788256
1886,4217,104.82507864,27.47259936
1886,4218,112.67666568,28.56329568
1886,4219,120.08821296,24.81937632
1886,4220,128.78629056,37.55331072
1886,4221,138.79534344,33.89168736
1886,4222,147.89469024,32.29075584
1886,4223,156.68689008,30.73371552
1886,4224,164.77881192,27.68547168
1886,4225,172.39771464,27.43529184
1886,4226,180.01972632,27.43968096
1886,4227,187.62280992,26.57721888
1886,4228,194.27263152,21.95218368
1886,4229,200.39313744,22.18370976
1886,4230,206.49675744,20.36332224
1886,4231,210.71049552,11.192256
1886,4232,213.76837104,10.99145376
1886,4233,216.81533472,10.99035648
1886,4234,219.81666984,9.26433504
1886,4235,221.01867912,0.55083456
1886,4236,221.12505432,0.3950208
1886,4237,221.23380696,0.3950208
1886,4238,221.34246816,0.39392352
1886,4239,221.45119032,0.3950208
1886,4240,221.55991248,0.3950208
1886,4241,221.684088,1.13897664
1886,4242,222.67173144,5.35911552
1886,4243,224.3614512,7.93443168
1886,4244,227.14979208,10.98048096
1886,4245,230.21031936,11.5543584
1886,4246,234.0867048,16.14976704
1886,4247,238.88498832,19.42624512
1886,4248,244.817646,22.40974944
1886,4249,251.74553664,27.21912768
1886,4250,259.41524952,27.98173728
1886,4251,267.17176944,27.45065376
1886,4252,274.56755856,24.82376544
1886,4253,280.89261576,21.94450272
1886,4254,286.95993408,21.0348576
1886,4255,292.53442128,20.66068512
1886,4256,298.57119864,21.9456
1886,4257,304.66896648,21.8962224
1886,4258,310.200294,17.24814432
1886,4259,314.7785424,16.4592
1886,4260,319.35048144,16.45810272
1886,4261,323.9656716,16.87726368
1886,4262,328.68918768,17.01991008
1886,4263,333.38481456,16.6567104
1886,4264,337.97104872,16.92664128
1886,4265,343.36110144,21.72943584
1886,4266,349.67987976,23.62773024
1886,4267,356.29531992,24.17746752
1886,4268,363.3743304,26.89104096
1886,4269,370.99073376,27.88407936
1886,4270,379.1273088,31.7882016
1886,4271,388.6655676,35.05699872
1886,4272,398.30630016,34.74646848
1886,4273,407.9584932,34.74646848
1886,4274,417.56292408,33.32110176
1886,4275,425.99384448,28.1068272
1886,4276,433.09388616,21.94889184
1886,4277,438.72384696,20.00012256
1886,4278,444.28138728,20.02536
1886,4279,449.8442616,19.76969376
1886,4280,454.11822816,9.86564448
1886,4281,456.40928784,8.0320896
1886,4282,458.63950944,8.0320896
1886,4283,460.869792,8.0320896
1886,4284,463.10004408,8.0320896
1886,4285,465.33029616,8.0320896
1886,4286,467.56054824,8.0320896
1886,4287,469.79988336,8.0759808
1886,4288,472.03577424,7.94759904
1886,4289,473.54142528,2.0683728
1886,4290,473.82702288,0.9107424
1886,4291,474.07927536,0.94146624
1886,4292,474.77357928,4.60199232
1886,4293,476.22771912,5.2888896
1886,4294,477.69606264,5.2888896
1886,4295,479.16437568,5.2888896
1886,4296,480.6327192,5.2888896
1886,4297,482.1010932,5.2888896
1886,4298,483.56940624,5.2888896
1886,4299,485.03771928,5.2888896
1886,4300,486.5060628,5.2888896
1886,4301,487.97440632,5.2888896
1886,4302,489.44278032,5.2888896
1886,4303,490.91106288,5.2888896
1886,4304,492.3794064,5.2888896
1886,4305,494.09107176,9.75811104
1886,4306,498.0141424,17.0419776
1899,4207,21.41152944,32.6769984
1899,4208,27.40307448,20.1844656
1899,4209,31.3329828,19.11022848
1899,4210,39.28073424,30.06656928
1899,4211,45.82658856,17.64097056
1899,4212,51.40845192,25.07943168
1899,4213,58.80805104,26.51357664
1899,4214,66.16534392,26.49053376
1899,4215,73.52285016,26.5102848
1899,4216,80.89769952,26.22170016
1899,4217,87.87420576,24.33657312
1899,4218,94.6138824,24.2279424
1899,4219,101.3693172,24.86655936
1899,4220,108.7666608,27.95540256
1899,4221,116.56030536,28.44259488
1899,4222,124.73028648,29.85259968
1899,4223,133.05970848,29.80322208
1899,4224,140.75423208,26.08563744
1899,4225,147.9817716,25.86179232
1899,4226,155.0247852,24.97080096
1899,4227,161.94721992,24.53298624
1899,4228,168.43510128,22.50850464
1899,4229,174.67572888,22.15298592
1899,4230,180.53721576,20.31943104
1899,4231,186.1761072,20.3161392
1899,4232,191.81890008,20.30077728
1899,4233,197.39963568,18.54622656
1899,4234,201.18153312,9.82723968
1899,4235,203.86557144,9.68788512
1899,4236,206.52187296,8.449056
1899,4237,207.87356952,2.15725248
1899,4238,208.4432712,2.05959456
1899,4239,209.01489312,2.0574
1899,4240,209.58142488,1.94986656
1899,4241,210.17883288,2.6444448
1899,4242,211.08037032,3.7801296
1899,4243,212.61625752,7.44943392
1899,4244,214.77725904,7.78849344
1899,4245,216.93908352,7.79178528
1899,4246,219.40802448,10.43074368
1899,4247,222.53286456,12.80854944
1899,4248,226.76665848,16.46029728
1899,4249,231.58237656,19.48110912
1899,4250,237.5105232,21.92036256
1899,4251,243.59140512,21.91707072
1899,4252,249.79460328,22.48985088
1899,4253,256.06589376,23.42583072
1899,4254,262.7660988,23.89436928
1899,4255,269.0649432,21.69980928
1899,4256,274.93380624,19.915632
1899,4257,280.58315232,21.74918688
1899,4258,286.68064584,21.9456
1899,4259,292.76661792,21.66140448
1899,4260,298.641516,20.84832
1899,4261,304.4069604,20.0966832
1899,4262,309.59041968,17.748504
1899,4263,314.52363816,17.81324352
1899,4264,319.466214,17.77703328
1899,4265,324.4048884,17.775936
1899,4266,329.37498768,18.72179136
1899,4267,335.07313224,21.58788672
1899,4268,341.06138544,21.50229888
1899,4269,347.06652456,22.35488544
1899,4270,353.68239144,24.69318912
1899,4271,360.58650768,26.20194912
1899,4272,368.729514,31.09910976
1899,4273,377.23928616,30.7622448
1899,4274,386.1607212,33.028128
1899,4275,395.26656024,31.70700288
1899,4276,403.63115616,29.34785088
1899,4277,411.73014936,28.22094432
1899,4278,419.16943344,26.0713728
1899,4279,426.32424768,24.3376704
1899,4280,432.4808724,21.11495904
1899,4281,438.35933664,21.38159808
1899,4282,444.40153944,21.94669728
1899,4283,450.38189832,19.86735168
1899,4284,454.71859272,12.01850784
1899,4285,457.85717928,11.1593376
1899,4286,460.66670376,6.92712864
1899,4287,461.63657736,2.19456
1899,4288,462.2462688,2.19456
1899,4289,462.8558688,2.19456
1899,4290,463.4654688,2.19456
1899,4291,463.97576496,0.91403424
1899,4292,464.0302632,0
1899,4293,464.0302632,0
1899,4294,464.0302632,0
1899,4295,464.0302632,0
1899,4296,464.0302632,0
1899,4297,464.0302632,0
1899,4298,464.03276256,0.2084832
1899,4299,464.7538584,4.84119936
1899,4300,466.16240016,5.0694336
1899,4301,467.57072856,5.0694336
1899,4302,468.95823912,5.76291456
1899,4303,471.27481056,10.0620576
1899,4304,474.0693084,10.05876576
1899,4305,476.91498216,11.14397568
1899,4306,480.39159192,13.17174912
1899,4307,484.04995392,13.16736
1899,4308,487.87214592,16.23864672
1899,4309,493.43983608,21.95876736
1899,4310,499.4614344,20.39953248
1899,4311,504.59173656,17.5509936
1899,4312,508.737499885714,17.55648
1902,4212,29.5848459428571,18.6741380571429
1902,4213,34.0318344,19.42953696
1902,4214,39.5209776,20.30736096
1902,4215,45.32424768,20.7221328
1902,4216,51.1887216,21.23346528
1902,4217,56.698134,18.36736992
1902,4218,61.61428368,17.56525824
1902,4219,66.30210768,16.79606496
1902,4220,71.35011384,18.9116208
1902,4221,75.86636592,12.92925024
1902,4222,79.63622376,15.22695456
1902,4223,84.27601128,19.85967072
1902,4224,90.47186376,23.35121568
1902,4225,97.34495136,25.40312928
1902,4226,104.5877004,27.12915072
1902,4227,112.38107064,29.6485056
1902,4228,121.04120064,32.18651424
1902,4229,130.07806344,32.56617312
1902,4230,138.72776928,29.12400576
1902,4231,146.50236384,26.92834848
1902,4232,153.28733376,22.14530496
1902,4233,159.22654464,19.47781728
1902,4234,164.02238976,16.40872512
1902,4235,168.5891472,16.4592
1902,4236,173.11643304,15.91275456
1902,4237,177.32316072,14.3633952
1902,4238,180.99520824,11.50936992
1902,4239,183.369204,5.95603584
1902,4240,184.66984656,2.4853392
1902,4241,184.835292,0
1902,4242,184.835292,0
1902,4243,184.835292,0
1902,4244,184.9864728,2.38000032
1902,4245,186.26974176,5.48859456
1902,4246,187.87274592,7.00393824
1902,4247,190.43587008,10.33308576
1902,4248,193.61341008,14.8242528
1902,4249,198.113120228571,23.1149869714286
1908,4210,22.0293861333333,24.280368
1908,4211,28.47831744,24.77987424
1908,4212,35.26279968,23.39181504
1908,4213,41.6625024,23.99861088
1908,4214,48.62608512,25.60612608
1908,4215,55.60259136,24.07542048
1908,4216,62.08672368,23.04397728
1908,4217,68.17284816,19.51073568
1908,4218,73.32692472,18.86334048
1908,4219,78.58222536,18.95990112
1908,4220,84.0513432,22.22101728
1908,4221,91.04037672,26.2579104
1908,4222,98.20055544,24.55383456
1908,4223,104.88939144,25.22317536
1908,4224,112.11177984,26.80545312
1908,4225,120.05617848,28.97477568
1908,4226,128.24149104,30.76334208
1908,4227,136.452864,27.788616
1908,4228,144.0719496,27.3990816
1908,4229,151.68115968,27.16645824
1908,4230,159.0167508,25.2264672
1908,4231,165.57562008,22.45693248
1908,4232,171.57408408,20.11533696
1908,4233,176.86602168,18.5275728
1908,4234,181.92804864,18.1490112
1908,4235,186.57259104,14.00239008
1908,4236,189.70032672,8.50830912
1908,4237,191.4576816,5.29108416
1908,4238,192.29896008,0.48609504
1908,4239,192.3080736,0
1908,4240,192.3080736,0
1908,4241,192.3080736,0
1908,4242,192.42246504,1.42426944
1908,4243,193.43924736,5.67074304
1908,4244,195.49183152,8.33493888
1908,4245,197.40033672,5.61368448
1908,4246,198.92339184,5.48530272
1908,4247,200.70802632,8.48526624
1908,4248,203.6252976,11.25150912
1908,4249,207.17871696,15.47274528
1908,4250,212.22230352,20.15044992
1908,4251,217.94041248,21.06448416
1908,4252,224.0878932,23.52348864
1908,4253,231.13194312,26.03406528
1908,4254,237.81047688,22.21553088
1908,4255,243.89721096,21.9346272
1908,4256,249.99308904,21.94450272
1908,4257,256.16800176,22.88048256
1908,4258,262.659114,23.3007408
1908,4259,268.88508072,21.13800192
1908,4260,274.606512,20.8538064
1908,4261,280.5807444,21.94669728
1908,4262,286.6785732,21.9126816
1908,4263,292.33014432,17.86262112
1908,4264,296.9645064,16.4592
1908,4265,301.5365064,16.4592
1908,4266,306.1085064,16.4592
1908,4267,310.6699908,16.38348768
1908,4268,315.2301036,16.65232128
1908,4269,320.5036008,21.96315648
1908,4270,327.14696064,25.04761056
1908,4271,334.13489688,25.77071808
1908,4272,341.19123024,23.83731072
1908,4273,347.63448888,24.25647168
1908,4274,354.77829984,26.14708512
1908,4275,362.14687032,27.11269152
1908,4276,369.75245328,27.42980544
1908,4277,377.80487304,31.77393696
1908,4278,387.32728224,35.65721088
1908,4279,396.97932288,31.96596096
1908,4280,405.05987568,27.98393184
1908,4281,412.75305816,27.13353984
1908,4282,420.01692984,24.743664
1908,4283,426.30571584,19.49537376
1908,4284,430.1813088,10.00060992
1908,4285,432.92280192,9.87552
1908,4286,435.66636768,9.87552
1908,4287,438.40993344,9.86344992
1908,4288,441.14706792,9.86344992
1908,4289,443.83677552,8.23069728
1908,4290,444.860172,0.17337024
1908,4291,444.8607816,0
1908,4292,444.88415976,0.34344864
1908,4293,445.16369184,2.084832
1908,4294,446.07516576,3.70441728
1908,4295,446.89309656,2.2165056
1908,4296,447.31536648,0.6528816
1908,4297,447.441066,0.06364224
1908,4298,447.4412184,0
1908,4299,447.4412184,0
1908,4300,447.4412184,0
1908,4301,447.4412184,0
1908,4302,447.44676576,0.33576768
1908,4303,447.95614752,2.9187648
1908,4304,448.87755792,4.07529792
1908,4305,451.10899872,13.11578784
1908,4306,455.22541416,15.0656544
1908,4307,459.41111064,15.0656544
1908,4308,463.59674616,15.0656544
1908,4309,467.78378376,15.1040592
1908,4310,471.77014104,10.62276768
1908,4311,473.27874864,8.0485488
1908,4312,478.47885,24.2937792
1908,4313,484.84103184,20.57070816
1908,4314,490.08185448,17.64865152
1908,4315,494.32348176,11.97461664
1908,4316,496.89346392,7.59976128
1908,4317,498.68684616,4.89716064
1908,4318,499.3840152,0.47841408
1908,4319,499.48968936,0.50255424
1908,4320,499.5543984,0
1908,4321,499.5543984,0
1908,4322,499.5543984,0
1908,4323,499.6552872,1.1192256
1912,4262,287.29018488,13.16077632
1912,4263,289.6061772,14.648688
1917,4213,20.822412,24.3925344
1917,4214,24.64320192,23.3281728
1917,4215,30.98755296,21.4134192
1917,4216,36.26364096,18.21045888
1917,4217,41.32316856,18.214848
1917,4218,46.38482976,18.22362624
1917,4219,51.44472312,18.214848
1917,4220,56.5041288,18.214848
1917,4221,61.56368688,18.21704256
1917,4222,66.44234616,15.39154656
1917,4223,70.41224424,13.51519776
1917,4224,73.67195832,11.54009376
1917,4225,76.9411212,11.32722144
1917,4226,80.44354752,15.57918144
1917,4227,85.84451208,22.7466144
1917,4228,92.8721028,27.45284832
1917,4229,100.9674384,31.07167776
1917,4230,110.02329024,33.66016128
1917,4231,119.60364192,35.17769952
1917,4232,129.05600808,31.63019328
1917,4233,137.51088576,29.51354016
1917,4234,145.13405568,24.93129888
1917,4235,151.41385008,21.34538784
1917,4236,156.92390256,17.88237216
1917,4237,161.59081728,16.41969792
1917,4238,166.12112064,15.94677024
1917,4239,170.32495272,13.39559424
1917,4240,173.38663824,8.50392
1917,4241,174.71788272,1.38696192
1917,4242,174.7747584,0
1917,4243,174.7747584,0
1917,4244,174.7747584,0
1917,4245,174.9332544,1.33209792
1917,4246,175.6885488,4.35181248
1917,4247,177.2425716,7.17511392
1917,4248,179.79545448,10.6655616
1917,4249,182.83903488,11.16811584
1917,4250,186.48587544,15.50785824
1917,4251,191.5518648,21.0732624
1917,4252,197.73543384,22.49533728
1917,4253,203.9217156,21.80844
1917,4254,210.42946992,26.71657344
1917,4255,218.21418384,27.91919232
1917,4256,225.85683048,27.22132224
1917,4257,233.33454984,27.02161728
1917,4258,240.7955052,25.72792416
1917,4259,247.64667768,24.10065792
1917,4260,254.12465304,22.878288
1917,4261,260.7573144,24.7217184
1917,4262,267.4165848,22.9660704
1917,4263,273.60536592,21.77661888
1917,4264,279.6690876,21.94450272
1917,4265,285.61021872,19.47891456
1917,4266,290.41408008,16.45700544
1917,4267,294.986202,16.4592
1917,4268,299.55826296,16.4592
1917,4269,304.13029344,16.4592
1917,4270,308.70180576,16.41640608
1917,4271,313.2514944,16.41750336
1917,4272,317.85208464,16.96724064
1917,4273,322.73025624,19.33297632
1917,4274,328.78248696,22.77075456
1917,4275,335.15753136,24.31133568
1917,4276,342.67502712,28.6335216
1917,4277,350.63746992,28.70374752
1917,4278,358.59924216,28.5731712
1917,4279,366.54641448,28.69716384
1917,4280,374.51833656,28.69716384
1917,4281,382.49010624,28.70923392
1917,4282,390.47860944,28.81896192
1917,4283,398.50463352,28.93637088
1917,4284,406.54342872,28.9352736
1917,4285,414.58557672,28.96928928
1917,4286,422.49870288,26.5870944
1917,4287,428.81098896,18.60657696
1917,4288,432.97915944,12.52874304
1917,4289,435.81581112,6.98857632
1917,4290,437.11182072,3.6594288
1917,4291,437.96215176,1.97949312
1917,4292,438.18675888,0.44110656
1917,4293,438.3110868,0.06364224
1917,4294,438.3112392,0
1917,4295,438.3112392,0
1917,4296,438.3112392,0
1917,4297,438.3112392,0
1917,4298,438.3112392,0
1917,4299,438.5185032,2.249424
1917,4300,439.41571248,3.538728
1917,4301,440.42633784,3.6045648
1917,4302,441.58354152,4.83681024
1917,4303,442.4976672,1.05009696
1917,4304,442.91317056,3.89973312
1917,4305,444.25858824,4.2684192
1917,4306,445.414908,4.15210752
1917,4307,446.79769416,6.39494784
1917,4308,449.13992976,10.2979728
1917,4309,452.16046728,10.9728
1917,4310,455.26900056,11.66298912
1917,4311,458.57565384,11.88134784
1917,4312,461.8076616,11.16153216
1917,4313,465.00726912,11.93621184
1917,4314,468.7190016,15.95884032
1917,4315,473.13223128,14.75731872
1917,4316,477.21664272,14.703552
1917,4317,481.30154184,14.703552
1917,4318,485.38647144,14.703552
1917,4319,489.4521072,13.78512864
1917,4320,491.88599616,3.4783776
1917,4321,492.43390464,1.7391888
1917,4322,492.7544628,0.12838176
1917,4323,492.7573584,0
1917,4324,492.83941056,1.00730304
1917,4325,493.099344,0.1261872
1917,4326,493.1005632,0
1917,4327,493.1005632,0
1917,4328,493.13595048,0.14154912
1917,4329,493.1523792,0
1917,4330,493.15317168,0.00219456
1917,4331,493.23129192,1.24870464
1917,4332,493.67529408,1.31783328
1917,4333,494.54613816,5.90446368
1917,4334,496.67483088,8.31847968
1917,4335,498.8772471,9.4174056
1918,4284,384.1743777,28.3619448
1918,4285,391.13859288,26.224992
1918,4286,397.88966904,23.58932544
1918,4287,404.36587656,22.35598272
1918,4288,410.27030976,20.84722272
1918,4289,415.70565576,15.57698688
1918,4290,418.74829128,9.04926816
1918,4291,421.05410328,5.843016
1918,4292,421.89443688,1.91804544
1918,4293,422.37467976,1.06216704
1918,4294,422.458896,0
1918,4295,422.458896,0
1918,4296,422.458896,0
1918,4297,422.458896,0
1918,4298,422.458896,0
1918,4299,422.458896,0
1918,4300,422.458896,0
1918,4301,422.458896,0
1918,4302,422.458896,0
1918,4303,422.5570416,1.47913344
1918,4304,423.39511968,3.56725728
1918,4305,424.40126448,3.81414528
1918,4306,425.521374,4.1148
1918,4307,426.64142256,3.74611392
1918,4308,427.59053928,3.29184
1918,4309,428.50533552,3.29184
1918,4310,429.69902376,7.48674144
1918,4311,432.79576128,12.62201184
1918,4312,436.2855384,12.371832
1918,4313,439.6567788,12.04045344
1918,4314,442.99760016,11.94718464
1918,4315,446.28590448,11.79576
1918,4316,449.69332464,13.89375936
1918,4317,454.06982592,16.46029728
1918,4318,458.65508472,16.67646144
1918,4319,463.34147616,16.9420032
1918,4320,468.0510324,16.99906176
1918,4321,472.30399824,11.1812832
1918,4322,474.43884792,6.58587456
1918,4323,476.26801368,6.58368
1918,4324,477.9091788,3.6594288
1918,4325,478.203768,0
1918,4326,478.203768,0
1918,4327,478.203768,0
1918,4328,478.203768,0
1918,4329,478.203768,0
1918,4330,478.203768,0
1918,4331,478.203768,0
1918,4332,478.203768,0
1918,4333,478.203768,0
1918,4334,478.203768,0
1918,4335,478.52204016,4.61077056
1918,4336,481.01185992,10.70177184
1918,4337,484.24472112,14.64649344
1918,4338,489.2722752,19.48001184
1918,4339,494.7131076,19.97269056
1918,4340,500.3801016,20.55315168
1918,4341,504.9498664,20.5758288
1923,4220,98.0876444571429,26.2767209142857
1923,4221,104.71477152,29.30176512
1923,4222,112.94178072,29.90307456
1923,4223,121.35194424,32.25344832
1923,4224,131.20667688,33.55153056
1923,4225,139.25873088,27.98393184
1923,4226,147.07160832,27.9422352
1923,4227,154.72919016,26.96236416
1923,4228,161.51431248,22.09263552
1923,4229,167.59312176,21.67237728
1923,4230,173.35024512,19.60949088
1923,4231,178.5836916,17.70022368
1923,4232,183.22082736,16.45700544
1923,4233,187.87146576,17.02759104
1923,4234,192.4908012,15.5045664
1923,4235,196.10624736,11.04851232
1923,4236,198.59938944,6.31374912
1923,4237,199.59639024,0.88989408
1923,4238,199.6223592,0
1923,4239,199.6223592,0
1923,4240,199.69377384,0.50365152
1923,4241,199.86552864,1.82587392
1923,4242,201.08588688,5.98675968
1923,4243,202.72671672,5.37447744
1923,4244,204.3959844,8.16047136
1923,4245,207.13732512,10.2376224
1923,4246,209.98034712,10.2376224
1923,4247,212.8233996,10.2376224
1923,4248,215.66590344,10.25517888
1923,4249,220.22766216,23.66503776
1923,4250,226.11179568,19.09596384
1923,4251,232.17472488,24.41338272
1923,4252,239.55606648,27.37823328
1923,4253,247.04597784,26.15696064
1923,4254,253.94966736,23.97117888
1923,4255,260.76880536,25.07065344
1923,4256,267.39488304,22.25503296
1923,4257,273.26670264,19.39113216
1923,4258,278.09546616,16.49650752
1923,4259,283.12872,20.5301088
1923,4260,289.14611208,21.9456
1923,4261,295.24354464,21.82270464
1923,4262,300.77316528,17.40615264
1923,4263,305.3702808,16.33630464
1923,4264,309.90573528,16.36154208
1923,4265,314.45780136,16.51186944
1923,4266,319.60517232,21.2378544
1923,4267,325.73619384,22.15079136
1923,4268,331.8887952,22.15188864
1923,4269,338.04200616,22.1485968
1923,4270,344.17546608,22.0717872
1923,4271,350.32300776,22.1705424
1923,4272,356.78629176,24.7656096
1923,4273,363.96235056,26.90311104
1923,4274,371.92134912,30.88184832
1923,4275,380.93647968,33.51970944
1923,4276,390.37363632,34.00909632
1923,4277,399.61532472,31.65981984
1923,4278,408.07864536,30.17739456
1923,4279,416.10756504,25.67854656
1923,4280,422.451276,21.94669728
1923,4281,428.35229544,19.38015936
1923,4282,433.28338032,17.28325728
1923,4283,438.00296448,16.20243648
1923,4284,442.31625024,15.35862816
1923,4285,446.25054768,11.13519744
1923,4286,448.61006544,7.68205728
1923,4287,450.53627952,4.96409472
1923,4288,451.43711592,2.7432
1923,4289,452.1991464,2.7432
1923,4290,452.96901024,2.84305248
1923,4291,453.77660832,2.9297376
1923,4292,454.58929656,2.93083488
1923,4293,455.2825032,1.32880608
1923,4294,455.369676,0
1923,4295,455.369676,0
1923,4296,455.369676,0
1923,4297,455.369676,0
1923,4298,455.369676,0
1923,4299,455.369676,0
1923,4300,455.369676,0
1923,4301,455.55033096,2.25161856
1923,4302,456.64178928,4.38912
1923,4303,457.86120264,4.38692544
1923,4304,459.38508072,8.28336672
1923,4305,462.36245856,11.46438144
1923,4306,465.54624696,11.47315968
1923,4307,468.89130504,14.56529472
1923,4308,473.82869928,19.02025152
1923,4309,479.1117672,19.0158624
1923,4310,484.40221128,19.12120128
1923,4311,489.73197456,19.20349728
1923,4312,495.06704136,19.2024
1923,4313,499.0682424,19.2024
1929,4217,22.70494824,23.948136
1929,4218,28.83593928,20.0198736
1929,4219,34.15972848,18.022824
1929,4220,38.4087624,13.47240384
1929,4221,42.14033736,13.44168
1929,4222,45.87581376,13.44826368
1929,4223,49.60952232,13.44168
1929,4224,53.34262128,13.44168
1929,4225,57.07575072,13.44168
1929,4226,60.80894112,13.44277728
1929,4227,64.54295448,13.43948544
1929,4228,68.48621304,15.73389792
1929,4229,72.89880264,16.36922304
1929,4230,78.346554,24.40570176
1929,4231,86.54838672,33.15212064
1929,4232,96.529398,38.05257312
1929,4233,107.43584304,39.46586976
1929,4234,118.1401752,37.609272
1929,4235,128.05477056,33.43741344
1929,4236,136.5289116,26.79996672
1929,4237,142.9012128,19.49976288
1929,4238,147.55953216,14.69916288
1929,4239,151.51294056,14.58943488
1929,4240,155.42648112,13.07189664
1929,4241,159.00175464,12.48156
1929,4242,162.21495624,10.22335776
1929,4243,164.42442096,5.23512288
1929,4244,165.01692168,0.15800832
1929,4245,165.0184152,0
1929,4246,165.0184152,0
1929,4247,165.0184152,0
1929,4248,165.01868952,0.13277088
1929,4249,165.69772296,5.0310288
1929,4250,167.50826544,8.45893152
1929,4251,170.34671544,11.45231136
1929,4252,174.26946096,17.35238592
1929,4253,179.79454008,21.73601952
1929,4254,186.44347776,26.57392704
1929,4255,194.15418624,27.98173728
1929,4256,201.81527328,27.40127616
1929,4257,209.59565904,29.01647232
1929,4258,217.71702456,28.52489088
1929,4259,224.96714976,23.2403904
1929,4260,231.10908312,21.94779456
1929,4261,236.84730888,18.92039904
1929,4262,241.88748168,17.55977184
1929,4263,247.11391776,21.26748096
1929,4264,253.72734624,25.09589088
1929,4265,260.4787272,23.85596448
1929,4266,266.60798088,18.75032064
1929,4267,271.14791592,14.25586176
1929,4268,274.4864208,10.9673136
1929,4269,277.53460368,10.97170272
1929,4270,280.81449552,13.99361184
1929,4271,285.23080368,16.4592
1929,4272,289.8029256,16.4592
1929,4273,294.3749256,16.4592
1929,4274,298.9469256,16.4592
1929,4275,303.5189256,16.4592
1929,4276,308.09116944,16.43944896
1929,4277,312.646314,16.86080448
1929,4278,318.04709568,21.76345152
1929,4279,324.7490076,27.62621856
1929,4280,332.88744192,30.06656928
1929,4281,341.68253736,32.81854752
1929,4282,350.81461968,32.9184
1929,4283,359.84660568,30.87416736
1929,4284,367.75077072,26.55198144
1929,4285,374.40309168,21.77332704
1929,4286,379.65763032,15.70866048
1929,4287,383.8279344,14.96251008
1929,4288,387.99327024,15.0107904
1929,4289,392.15342448,14.96251008
1929,4290,396.30940296,14.96580192
1929,4291,400.4655948,14.96360736
1929,4292,404.6215428,14.96580192
1929,4293,408.77761272,14.68489824
1929,4294,411.353508,2.35805472
1929,4295,411.4440336,0
1929,4296,411.4440336,0
1929,4297,411.4440336,0
1929,4298,411.4440336,0
1929,4299,411.4440336,0
1929,4300,411.4440336,0
1929,4301,411.4440336,0
1929,4302,411.4440336,0
1929,4303,411.4440336,0
1929,4304,411.4440336,0
1929,4305,411.4440336,0
1929,4306,411.4440336,0
1929,4307,411.68683728,2.9242512
1929,4308,413.10894264,6.0734448
1929,4309,414.85206336,5.4699408
1929,4310,415.85878728,2.46668544
1929,4311,416.7632508,4.67221824
1929,4312,418.25436288,5.62026816
1929,4313,420.1456164,8.96587488
1929,4314,423.55992504,14.63003424
1929,4315,427.61891616,14.1603984
1929,4316,431.2804176,11.75296608
1929,4317,434.1333456,8.92417824
1929,4318,436.10125632,6.03394272
1929,4319,437.76073992,5.67074304
1929,4320,439.84063416,10.5448608
1929,4321,443.7595392,17.67279168
1929,4322,449.41315248,21.91487616
1929,4323,455.23696608,18.83151936
1929,4324,458.8978884,6.80423328
1929,4325,460.15674288,4.1367456
1929,4326,461.30513784,4.1367456
1929,4327,462.45341088,4.1367456
1929,4328,463.60180584,4.1367456
1929,4329,464.75013984,4.1367456
1929,4330,465.89856528,4.1367456
1929,4331,467.04683832,4.1367456
1929,4332,468.19523328,4.1367456
1929,4333,469.35030336,4.18283136
1929,4334,470.50540392,4.1367456
1929,4335,471.65382936,4.1367456
1929,4336,472.8022548,4.1367456
1929,4337,473.9516556,4.13894016
1929,4338,475.10026392,4.1367456
1929,4339,476.24865888,4.1367456
1929,4340,477.39705384,4.1367456
1929,4341,478.54557072,4.1367456
1929,4342,479.6940876,4.1367456
1929,4343,480.84010512,4.22562528
1929,4344,483.5851644,18.74812608
1929,4345,489.92418144,23.96130336
1929,4346,496.88651448,25.12442016
1930,4255,205.374893142857,39.6400237714286
1930,4256,214.63113792,38.77129152
1930,4257,224.33423256,30.05230464
1930,4258,232.1000184,27.432
1930,4259,239.71547688,27.32446656
1930,4260,246.77059104,22.8179376
1930,4261,252.88548864,21.88854144
1930,4262,258.9347628,21.77442432
1930,4263,264.89826624,19.86515712
1930,4264,269.751048,16.28582976
1930,4265,274.35282696,17.59378752
1930,4266,279.75555936,20.57838912
1930,4267,285.58165896,20.40721344
1930,4268,290.56681536,16.45590816
1930,4269,295.13832768,16.4592
1930,4270,299.71035816,16.4592
1930,4271,304.28232768,16.4592
1930,4272,308.85469344,16.69840704
1930,4273,314.09969184,21.34319328
1930,4274,320.18755368,22.16725056
1930,4275,326.53586712,23.3665776
1930,4276,332.83333992,20.93939424
1930,4277,338.51002656,21.39586272
1930,4278,344.59755312,22.84317504
1930,4279,351.763584,27.98283456
1930,4280,359.57816832,29.0559744
1930,4281,368.30337312,32.92169184
1930,4282,377.37178272,31.84964928
1930,4283,386.1021996,31.63019328
1930,4284,394.83727992,30.19824288
1930,4285,402.42494064,24.90167232
1930,4286,409.39574712,25.80144192
1930,4287,416.24460312,23.51361312
1930,4288,422.40049632,19.4986656
1930,4289,426.79296912,12.27197952
1930,4290,429.22161552,5.48969184
1930,4291,430.03009752,0.768096
1930,4292,430.0810296,0
1930,4293,430.0810296,0
1930,4294,430.0810296,0
1930,4295,430.0810296,0
1930,4296,430.0810296,0
1930,4297,430.0810296,0
1930,4298,430.0810296,0
1930,4299,430.0810296,0
1930,4300,430.0810296,0
1930,4301,430.10620608,0.47292768
1930,4302,430.65414504,3.56616
1930,4303,431.84972304,4.93885728
1930,4304,433.3605252,5.89897728
1930,4305,435.01796664,5.15611872
1930,4306,435.71976864,0.2084832
1930,4307,435.79505424,1.41658848
1930,4308,436.89413256,5.95493856
1930,4309,439.07942664,10.07412768
1930,4310,441.93509784,9.36089568
1930,4311,444.4887732,9.1513152
1930,4312,446.87758224,8.41942944
1930,4313,449.47688616,10.33747488
1930,4314,452.35739856,10.46037024
1930,4315,455.39317608,11.8890288
1930,4316,459.0589752,13.85096544
1930,4317,463.08821784,15.72621696
1930,4318,467.99470536,19.28579328
1930,4319,473.43343464,19.58864256
1930,4320,478.870518,19.10803392
1930,4321,482.78549112,8.55549216
1930,4322,484.58999856,4.29914304
1930,4323,485.3366976,2.19346272
1930,4324,485.94635856,2.19456
1930,4325,486.47396736,1.17299232
1930,4326,486.60570192,0.06254496
1930,4327,486.6061896,0
1930,4328,486.6061896,0
1930,4329,486.6061896,0
1930,4330,486.6061896,0
1930,4331,486.60689064,0.08010144
1930,4332,486.85188888,1.5965424
1930,4333,487.30887552,1.64592
1930,4334,487.7651916,1.64592
1930,4335,488.51890104,5.50615104
1930,4336,491.1001608,12.61762272
1930,4337,495.58047696,18.66692736
1930,4338,499.3950642,21.0019392
1936,4246,20.1302112,32.4685152
1936,4247,25.25853216,32.0021712
1936,4248,35.7361236,45.95079456
1936,4249,45.1855332,49.3282224
1945,4265,257.1100776,8.8075008
1945,4266,258.7224696,8.92417824
1945,4267,261.20152992,8.92308096
1945,4268,263.68055976,8.9208864
1945,4269,267.6396984,22.32086976
1945,4270,272.74918272,11.28113568
1945,4271,275.6640156,11.24053632
1945,4272,279.33066816,14.58065664
1945,4273,283.70531016,16.4372544
1945,4274,288.27773688,16.46139456
1945,4275,292.87756512,17.14061088
1945,4276,298.06705944,20.39953248
1945,4277,303.69915384,18.42003936
1945,4278,308.414166,17.28435456
1945,4279,313.93046688,21.84903936
1945,4280,320.03073408,22.35049632
1945,4281,326.86367952,26.6419584
1945,4282,334.32920688,27.08855136
1945,4283,341.91302712,27.35299584
1945,4284,349.63678104,28.42394112
1945,4285,357.54463416,27.93565152
1945,4286,364.79375352,23.8713264
1945,4287,371.04367752,21.9401136
1945,4288,377.13952512,21.94230816
1945,4289,383.42123976,23.74843104
1945,4290,390.17338272,24.37388064
1945,4291,396.6336492,20.30955552
1945,4292,401.35829304,14.49616608
1945,4293,404.605998,8.35249536
1945,4294,405.67791864,0.4828032
1945,4295,405.6869712,0
1945,4296,405.6869712,0
1945,4297,405.6869712,0
1945,4298,405.6869712,0
1945,4299,405.6869712,0
1945,4300,405.6869712,0
1945,4301,405.6869712,0
1945,4302,405.6869712,0
1945,4303,405.6869712,0
1945,4304,405.6869712,0
1945,4305,405.6869712,0
1945,4306,405.6869712,0
1945,4307,405.6869712,0
1945,4308,405.6869712,0
1945,4309,405.74601096,0.94475808
1945,4310,406.55708376,4.23111168
1945,4311,407.88186648,5.4479952
1945,4312,409.4070552,5.4864
1945,4313,410.9310552,5.4864
1945,4314,412.547562,6.99296544
1945,4315,415.12467648,10.86416928
1945,4316,418.28505624,11.93950368
1945,4317,421.531542,11.00901024
1945,4318,424.74294528,13.00605984
1945,4319,428.5623636,13.8367008
1945,4320,432.40613544,13.8367008
1945,4321,436.24975488,13.8367008
1945,4322,440.0891376,13.81256064
1945,4323,443.92989192,13.8367008
1945,4324,447.7736028,13.8367008
1945,4325,451.6172832,13.8367008
1945,4326,455.46312768,13.7214864
1945,4327,458.36253768,5.40849312
1945,4328,458.94705264,0.56071008
1945,4329,459.0266664,0
1945,4330,459.0266664,0
1945,4331,459.0266664,0
1945,4332,459.04065672,0.31053024
1945,4333,459.15446904,0.09985248
1945,4334,459.155292,0
1945,4335,459.155292,0
1945,4336,459.155292,0
1945,4337,459.155292,0
1945,4338,459.155292,0
1945,4339,459.155292,0
1945,4340,459.16912992,0.07351776
1945,4341,459.1772376,0
1945,4342,459.26617824,0.61228224
1945,4343,459.82332216,4.3562016
1945,4344,461.98270824,11.36343168
1945,4345,466.36756104,20.98109088
1945,4346,473.30697312,26.86909536
1945,4347,480.769422,26.7900912
1945,4348,487.89683472,24.88301856
1945,4349,494.91924384,25.06626432
1945,4350,499.390416,24.2169696
1953,4220,20.6188056,23.810976
1953,4221,25.27489992,20.61350208
1953,4222,30.51328416,18.19180512
1953,4223,35.85024072,19.67861952
1953,4224,41.02419024,17.44346016
1953,4225,45.25752696,12.80964672
1953,4226,48.57606744,12.53971584
1953,4227,52.37521656,14.18014944
1953,4228,56.31451272,14.1768576
1953,4229,60.25386984,14.18124672
1953,4230,64.19404992,14.182344
1953,4231,68.1560232,15.15014496
1953,4232,73.03803528,19.75762368
1953,4233,79.05957264,23.28098976
1953,4234,86.01108528,27.15768
1953,4235,93.8739804,29.66057568
1953,4236,102.61921056,31.92645888
1953,4237,111.51345744,32.7702672
1953,4238,120.55242336,31.92206976
1953,4239,128.75389032,26.63756928
1953,4240,135.46369656,22.192488
1953,4241,141.56064144,21.93901632
1953,4242,147.4460856,19.54475136
1953,4243,152.4074676,16.22986848
1953,4244,156.17299728,10.91354688
1953,4245,158.36167464,4.73037408
1953,4246,158.93466816,0.15800832
1953,4247,158.9361312,0
1953,4248,158.9361312,0
1953,4249,158.97840696,0.4882896
1953,4250,159.1304412,0.61557408
1953,4251,159.58270344,2.87816544
1953,4252,161.15269776,9.14802336
1953,4253,164.15866584,11.19006144
1953,4254,167.37439728,12.31916256
1953,4255,170.9284872,12.89084544
1953,4256,174.76854048,16.67536416
1953,4257,180.41468616,22.50631008
1953,4258,186.83407896,23.06153376
1953,4259,193.1634948,22.49424
1953,4260,199.30387368,21.93023808
1953,4261,205.39932504,22.30660512
1953,4262,211.92070392,24.33437856
1953,4263,218.57336016,22.95729216
1953,4264,224.71264176,21.86440128
1953,4265,230.8018752,21.9456
1953,4266,236.89796664,21.93243264
1953,4267,242.9792448,21.9017088
1953,4268,249.06887448,21.47706144
1953,4269,254.20865592,14.98774752
1953,4270,258.00622008,13.39339968
1953,4271,261.74727432,13.47789024
1953,4272,265.36567704,11.97351936
1953,4273,268.46960784,10.93658976
1953,4274,271.4512224,10.71823104
1953,4275,274.484592,10.9728
1953,4276,277.532592,10.9728
1953,4277,280.580592,10.9728
1953,4278,283.67833536,12.34220544
1953,4279,287.8191348,16.46139456
1953,4280,292.40436312,17.04185568
1953,4281,297.8028588,21.29052384
1953,4282,303.33372912,19.95074496
1953,4283,309.41134968,22.39438752
1953,4284,315.78648552,23.90205024
1953,4285,322.53929904,24.3705888
1953,4286,329.30765736,24.3651024
1953,4287,336.0014616,23.646384
1953,4288,342.5004072,23.32378368
1953,4289,348.99161088,23.4104688
1953,4290,355.23748104,20.93390784
1953,4291,360.82952472,19.97269056
1953,4292,366.401604,20.11753152
1953,4293,371.91778296,18.53964288
1953,4294,375.97363464,11.48742432
1953,4295,379.10377824,11.2690656
1953,4296,382.23514104,11.2690656
1953,4297,385.32791616,9.93148128
1953,4298,386.79046848,1.37818368
1953,4299,387.09532944,1.09947456
1953,4300,387.41140704,1.14336576
1953,4301,387.7184016,1.00730304
1953,4302,387.85870104,0.0384048
1953,4303,387.8589144,0
1953,4304,387.8589144,0
1953,4305,387.8589144,0
1953,4306,387.8589144,0
1953,4307,387.8589144,0
1953,4308,387.8589144,0
1953,4309,387.8589144,0
1953,4310,387.8589144,0
1953,4311,387.8589144,0
1953,4312,387.8589144,0
1953,4313,387.86814984,0.47512224
1953,4314,388.81967448,6.0679584
1953,4315,390.57260976,6.20072928
1953,4316,392.1169704,4.97945664
1953,4317,393.48789984,4.93776
1953,4318,394.86769896,5.51712384
1953,4319,397.23633024,11.27016288
1953,4320,400.43718744,11.58947136
1953,4321,403.76258592,12.31806528
1953,4322,407.19240888,12.43437696
1953,4323,410.78807352,13.40656704
1953,4324,414.52419,13.34182752
1953,4325,418.01424144,11.8451376
1953,4326,421.29129864,12.10629024
1953,4327,425.1508896,15.51663648
1953,4328,429.49300944,15.29937504
1953,4329,433.21080744,11.65091904
1953,4330,436.4048676,11.05399872
1953,4331,438.77319408,6.21499392
1953,4332,440.4388956,5.6839104
1953,4333,441.48990696,2.0519136
1953,4334,442.02086856,1.76552352
1953,4335,442.26684216,0.06803136
1953,4336,442.2672384,0
1953,4337,442.2672384,0
1953,4338,442.2672384,0
1953,4339,442.2672384,0
1953,4340,442.2672384,0
1953,4341,442.2672384,0
1953,4342,442.2672384,0
1953,4343,442.2672384,0
1953,4344,442.2672384,0
1953,4345,442.27092648,0.31601664
1953,4346,442.93051368,4.23659808
1953,4347,444.16333824,5.08479552
1953,4348,446.54446632,11.75954976
1953,4349,449.89623,12.07008
1953,4350,453.25540032,12.59896896
1953,4351,457.71959256,20.72652192
1953,4352,464.13258456,23.79232224
1953,4353,470.59242432,23.07360384
1953,4354,477.23904552,24.41557728
1953,4355,483.97549128,23.81207328
1953,4356,490.48342848,23.3172
1953,4357,496.9376904,23.0044752
1953,4358,503.27134296,22.75648992
1953,4359,508.0144272,22.76856
1968,4221,20.746212,19.2133728
1968,4222,23.883366,18.63071712
1968,4223,29.13607584,17.67498624
1968,4224,33.40690296,14.99762304
1968,4225,37.74396312,15.828264
1968,4226,41.86428,12.56056416
1968,4227,44.28341664,5.86276704
1968,4228,46.13400984,8.06171616
1968,4229,48.22536456,7.53172992
1968,4230,50.93774928,12.48814368
1968,4231,55.22399928,17.28874368
1968,4232,60.11024808,17.60146848
1968,4233,65.00237952,17.95259808
1968,4234,71.75839344,30.3836832
1968,4235,79.97985528,29.31822432
1968,4236,88.7469396,33.39132768
1968,4237,97.95924528,32.86243872
1968,4238,107.21772816,33.85767168
1968,4239,116.52537528,32.2161408
1968,4240,124.49766312,24.43971744
1968,4241,130.4137092,19.68739776
1968,4242,135.67809288,18.23789088
1968,4243,140.71756464,17.68705632
1968,4244,145.2228744,14.24708352
1968,4245,148.48813584,9.41027328
1968,4246,150.4689396,5.53687488
1968,4247,151.76034672,3.4344864
1968,4248,152.22906816,0.15800832
1968,4249,152.2305312,0
1968,4250,152.24443008,0.33357312
1968,4251,152.58696432,2.64773664
1968,4252,153.84773904,5.95384128
1968,4253,155.66492616,7.99149024
1968,4254,158.51739696,12.21053184
1968,4255,162.51679968,16.00163424
1968,4256,167.06401944,16.45590816
1968,4257,171.98830728,20.02865184
1968,4258,177.96208248,21.95437824
1968,4259,184.12355352,22.73234976
1968,4260,190.55324856,23.23819584
1968,4261,197.00537688,23.2294176
1968,4262,203.4500376,23.16467808
1968,4263,209.87455104,23.10213312
1968,4264,216.2813556,23.03849088
1968,4265,222.63101016,21.5944704
1968,4266,227.89441848,17.37103968
1968,4267,232.7198292,17.3699424
1968,4268,237.58017,18.40358016
1968,4269,243.19013592,20.0034144
1968,4270,247.92998928,13.98702816
1968,4271,251.13362016,10.42196544
1968,4272,253.87764312,8.77055904
1968,4273,256.48313448,11.35355616
1968,4274,259.91670648,12.56166144
1968,4275,263.40538632,12.56056416
1968,4276,266.89769328,13.01703264
1968,4277,270.61506456,13.3703568
1968,4278,274.73062656,16.2781488
1968,4279,279.28665504,16.46029728
1968,4280,283.858716,16.4592
1968,4281,288.53791416,18.37834272
1968,4282,294.29768928,21.94669728
1968,4283,300.39423792,21.93901632
1968,4284,306.58189128,22.49753184
1968,4285,312.71888688,21.86220672
1968,4286,318.80946144,21.95767008
1968,4287,325.11702312,23.72099904
1968,4288,331.77452568,23.52897504
1968,4289,338.03505672,21.93791904
1968,4290,344.11252488,21.84245568
1968,4291,350.15521536,21.63616704
1968,4292,356.16331104,21.45401856
1968,4293,361.80518952,18.66253824
1968,4294,366.68741496,16.86738816
1968,4295,371.1796488,14.55103008
1968,4296,374.36743008,8.49953088
1968,4297,376.15175976,5.47981632
1968,4298,377.25099048,1.38696192
1968,4299,377.3076528,0
1968,4300,377.65353984,2.73990816
1968,4301,378.55333992,3.2589216
1968,4302,379.45932744,3.2589216
1968,4303,380.34157104,2.55337056
1968,4304,380.89216176,2.15286336
1968,4305,381.54824376,2.36902752
1968,4306,382.20545352,2.36793024
1968,4307,382.8626328,2.36902752
1968,4308,383.51987304,2.36793024
1968,4309,384.17702184,2.36902752
1968,4310,384.83420112,2.3701248
1968,4311,385.49144136,2.36902752
1968,4312,386.14865112,2.36793024
1968,4313,386.80576944,2.37122208
1968,4314,387.4737996,2.41291872
1968,4315,388.13363064,2.36793024
1968,4316,388.79087088,2.3701248
1968,4317,389.44808064,2.36902752
1968,4318,390.1052904,2.3701248
1968,4319,390.9823524,4.85765856
1968,4320,393.13994016,11.22956352
1968,4321,396.73401984,13.1783328
1968,4322,400.3957956,13.1783328
1968,4323,404.02081248,12.41133408
1968,4324,407.1992364,10.9234224
1968,4325,409.95505512,8.96148576
1968,4326,412.62214656,10.287
1968,4327,415.492692,10.44939744
1968,4328,418.58010264,11.80014912
1968,4329,421.84725384,11.66628096
1968,4330,424.95435456,10.60191936
1968,4331,427.94563128,10.9728
1968,4332,430.9931436,10.97499456
1968,4333,433.7823684,7.21571328
1968,4334,435.01720464,3.21173856
1968,4335,435.52929912,0.52449984
1968,4336,435.5634672,0
1968,4337,435.5634672,0
1968,4338,435.5634672,0
1968,4339,435.5634672,0
1968,4340,435.60543816,0.4882896
1968,4341,435.7158672,0.01426464
1968,4342,435.7158672,0
1968,4343,435.7158672,0
1968,4344,435.7158672,0
1968,4345,435.7158672,0
1968,4346,435.7158672,0
1968,4347,435.78478248,1.0643616
1968,4348,436.69604304,5.36899104
1968,4349,438.81516504,9.92818944
1968,4350,442.08310872,13.99141728
1968,4351,446.57546448,17.56086912
1968,4352,451.8664572,21.3036912
1968,4353,458.7462504,27.69424992
1968,4354,466.45192968,25.25609376
1968,4355,472.53729216,25.3307088
1968,4356,481.25829072,32.3917056
1968,4357,489.03456168,23.6134656
1968,4358,495.5817876,23.73745824
1968,4359,499.5449496,22.9989888
1969,4295,500.9241696,40.5664416
1972,4282,316.586616,34.9867728
1972,4283,323.40913728,43.0627536
1972,4284,334.5635676,34.46995392
1972,4285,343.2028188,28.81786464
1972,4286,351.05721,28.18253952
1972,4287,358.22897112,22.60177344
1972,4288,364.24380288,21.64713984
1972,4289,370.06962816,20.06595936
1972,4290,375.63375216,20.2393296
1972,4291,381.62045088,22.98472416
1972,4292,387.95806584,20.71116
1972,4293,391.8344208,8.75519712
1972,4294,394.15538136,7.14768192
1972,4295,395.05643112,0.23810976
1972,4296,395.09672568,0.164592
1972,4297,395.14153128,0.164592
1972,4298,395.18633688,0.164592
1972,4299,395.231112,0.164592
1972,4300,395.2759176,0.164592
1972,4301,395.32075368,0.164592
1972,4302,395.36558976,0.164592
1972,4303,395.41051728,0.164592
1972,4304,395.45532288,0.164592
1972,4305,395.50012848,0.164592
1972,4306,395.54493408,0.164592
1972,4307,395.58973968,0.164592
1972,4308,395.63454528,0.164592
1972,4309,395.67935088,0.164592
1972,4310,395.72415648,0.164592
1972,4311,395.80279488,1.30356864
1972,4312,397.12004904,7.3188576
1972,4313,399.17412672,7.14987648
1972,4314,400.9398636,5.76949824
1972,4315,402.54451368,6.01748352
1972,4316,404.43631584,7.39786176
1972,4317,406.52843256,8.60925888
1972,4318,409.88708472,14.72330304
1972,4319,413.99844048,14.53896
1972,4320,417.78134376,12.91279104
1972,4321,421.34908872,12.24893664
1972,4322,424.20195576,8.80457472
1972,4323,426.66236232,9.71421984
1972,4324,430.13296752,14.5718784
1972,4325,434.1984204,14.62893696
1972,4326,438.26192256,14.39960544
1972,4327,442.0822248,13.17613824
1972,4328,445.0587492,8.28117216
1972,4329,447.33341064,8.2350864
1972,4330,449.13093816,2.91547296
1972,4331,449.2947072,0
1972,4332,449.2947072,0
1972,4333,449.2947072,0
1972,4334,449.2947072,0
1972,4335,449.2947072,0
1972,4336,449.2947072,0
1972,4337,449.2947072,0
1972,4338,449.29894392,0.08558784
1972,4339,449.35121712,0.23262336
1972,4340,449.41653576,0.23701248
1972,4341,449.48182392,0.23372064
1972,4342,449.54714256,0.23481792
1972,4343,449.6124612,0.2359152
1972,4344,449.67762744,0.23481792
1972,4345,450.41567016,7.32653856
1972,4346,453.32590056,11.2416336
1972,4347,457.30765536,20.30736096
1972,4348,464.02383192,25.1716032
1972,4349,471.02758728,25.22756448
1972,4350,478.23787512,27.54392256
1972,4351,486.17983536,28.81237824
1972,4352,494.02191264,27.01722816
1972,4353,501.30300552,26.03735712
1972,4354,506.3677452,26.0604
1978,4239,106.9881528,28.3537152
1978,4240,111.31926936,28.364688
1978,4241,118.75577976,22.63908096
1978,4242,124.01287872,17.73423936
1978,4243,128.85227976,17.31727296
1978,4244,133.65272736,15.35204448
1978,4245,137.17652016,11.70468576
1978,4246,140.42763888,11.71126944
1978,4247,143.16629736,5.32290528
1978,4248,143.5431216,0
1978,4249,143.5431216,0
1978,4250,143.5431216,0
1978,4251,143.5431216,0
1978,4252,143.5431216,0
1978,4253,143.72502624,2.36354112
1978,4254,144.87640824,4.64368896
1978,4255,146.53372776,9.32688
1978,4256,149.93852664,13.16406816
1978,4257,153.97944312,17.99868384
1978,4258,159.81404664,21.93243264
1978,4259,165.8968488,21.90390336
1978,4260,172.05996576,22.850856
1978,4261,178.56869544,23.59920096
1978,4262,185.12351088,23.60688192
1978,4263,191.67003576,23.44558176
1978,4264,198.1545948,23.30951904
1978,4265,204.55359648,22.37134464
1978,4266,210.6108564,21.63945888
1978,4267,216.6108444,21.5834976
1978,4268,222.51826464,20.36771136
1978,4269,227.97497712,19.47891456
1978,4270,233.15730864,16.50748032
1978,4271,237.22196904,14.0781024
1978,4272,241.1220984,14.02433568
1978,4273,244.73970864,10.7204256
1978,4274,247.27131648,8.77385088
1978,4275,250.06697256,12.21162912
1978,4276,253.73630736,13.34731392
1978,4277,257.42140032,13.2551424
1978,4278,260.74524432,9.68459328
1978,4279,263.12131272,8.586216
1978,4280,267.4409688,23.29635168
1978,4281,273.4561968,17.87908032
1978,4282,278.16343656,18.3739536
1978,4283,282.8777172,25.1514864
1988,4224,21.26150688,24.6229632
1988,4225,25.57875504,13.44277728
1988,4226,27.43891896,7.1652384
1988,4227,31.11694056,13.44277728
1988,4228,33.36069528,6.03942912
1988,4229,35.67772392,12.23028288
1988,4230,39.48659616,12.48156
1988,4231,42.89209608,12.90620736
1988,4232,46.5359496,14.14174464
1988,4233,50.90010648,16.4646864
1988,4234,55.57842072,18.56488032
1988,4235,61.4691684,22.50411552
1988,4236,67.75960032,24.07542048
1988,4237,75.69070968,31.88037312
1988,4238,84.56194416,31.848552
1988,4239,93.31768992,31.03766208
1988,4240,102.81510552,37.25704512
1988,4241,112.15759128,27.06660576
1988,4242,117.8221164,14.94824544
1988,4243,121.06524936,10.60960032
1988,4244,124.40927112,13.08067488
1988,4245,127.89657936,12.1633488
1988,4246,131.36188104,13.00935168
1988,4247,134.60117352,7.35945696
1988,4248,135.36613008,0.87453216
1988,4249,135.610092,0.877824
1988,4250,135.853932,0.877824
1988,4251,136.097772,0.877824
1988,4252,136.36291752,1.2234672
1988,4253,136.788144,1.64592
1988,4254,137.245344,1.64592
1988,4255,137.9110272,4.85217216
1988,4256,140.04194496,8.78043456
1988,4257,142.74165,12.71857248
1988,4258,147.24945912,18.33664608
1988,4259,152.74643568,20.58168096
1988,4260,158.5682376,22.29782688
1988,4261,165.1781304,24.3651024
1988,4262,171.95676048,24.41448
1988,4263,178.73956632,24.42106368
1988,4264,185.40033024,22.4558352
1988,4265,191.15151,20.02865184
1988,4266,196.71411,20.02536
1988,4267,202.272138,19.9924416
1988,4268,207.9051468,21.22358976
1988,4269,214.08874632,22.63359456
1988,4270,220.3059348,22.00485312
1988,4271,226.37550864,21.43317024
1988,4272,231.64025808,16.4592
1988,4273,235.51929528,11.44243584
1988,4274,238.23582528,7.40225088
1988,4275,239.98613928,7.15865472
1988,4276,242.40777528,10.06096032
1988,4277,245.41036008,11.16592128
1988,4278,249.15016464,15.99175872
1988,4279,253.7184156,16.53820416
1988,4280,258.45954912,17.63658144
1988,4281,263.38822608,17.55977184
1988,4282,268.08903456,16.37470944
1988,4283,273.0457836,20.4862176
1988,4284,279.1843032,23.85815904
1988,4285,286.48130664,27.41115168
1988,4286,294.06863208,27.33434208
1988,4287,301.68582792,27.432
1988,4288,309.2977812,27.33434208
1988,4289,316.89851784,27.42870816
1988,4290,324.92131104,31.28455008
1988,4291,333.6628836,28.34383968
1988,4292,340.2211128,19.95732864
1988,4293,345.0954744,16.69401792
1988,4294,350.16054936,19.60180992
1988,4295,355.63567176,19.68191136
1988,4296,360.7356768,15.93140832
1988,4297,364.4239092,11.57740128
1988,4298,367.3179852,9.33126912
1988,4299,369.69600432,5.50066464
1988,4300,370.1363184,0
1988,4301,370.1363184,0
1988,4302,370.1363184,0
1988,4303,370.14933336,0.34125408
1988,4304,370.28451216,0.164592
1988,4305,370.2868896,0
1988,4306,370.2868896,0
1988,4307,370.2868896,0
1988,4308,370.2868896,0
1988,4309,370.2868896,0
1988,4310,370.49320872,2.40194592
1988,4311,371.48146176,2.496312
1988,4312,371.6587944,0
1988,4313,371.6587944,0
1988,4314,371.6587944,0
1988,4315,371.95713264,2.99667168
1988,4316,373.15511856,4.88947968
1988,4317,374.6193168,5.4864
1988,4318,376.14337776,5.48420544
1988,4319,377.80898784,7.05880224
1988,4320,380.33367672,10.88940672
1988,4321,383.59960872,12.3553728
1988,4322,387.05085912,12.454128
1988,4323,390.50436504,12.399264
1988,4324,393.9488184,12.399264
1988,4325,397.39314984,12.399264
1988,4326,400.83812136,12.39706944
1988,4327,403.92181344,8.7178896
1988,4328,405.83809104,6.24571776
1988,4329,408.10900344,10.92671424
1988,4330,411.42730008,12.07008
1988,4331,414.78305664,12.1029984
1988,4332,418.14234888,12.07008
1988,4333,421.49764824,11.987784
1988,4334,424.16888496,6.50577312
1988,4335,425.71864056,5.49408096
1988,4336,426.97868376,2.49192288
1988,4337,427.28954928,0.82296
1988,4338,427.51753968,0.82296
1988,4339,427.74553008,0.82405728
1988,4340,427.92079008,0.2523744
1988,4341,427.9324944,0
1988,4342,427.9329516,0.13496544
1988,4343,428.59698888,4.13345376
1988,4344,429.1590096,0.05925312
1988,4345,429.1590096,0
1988,4346,429.1590096,0
1988,4347,429.1590096,0
1988,4348,429.15904008,0.16349472
1988,4349,429.96380352,5.5302912
1988,4350,431.50816416,5.48530272
1988,4351,433.17151872,6.9896736
1988,4352,436.19068464,17.3589696
1988,4353,442.32700968,23.72648544
1988,4354,448.92312552,23.7451392
1988,4355,455.51991192,23.7451392
1988,4356,462.11660688,23.7451392
1988,4357,468.71894064,23.79561408
1988,4358,475.48138584,25.7641344
1988,4359,482.75403576,26.14159872
1988,4360,490.20228096,26.70669792
1988,4361,496.86462984,18.32347872
1988,4362,499.46814,9.4475808
1990,4226,21.1538312,13.2551424
1990,4227,24.00952272,11.49291072
1990,4228,26.96593032,10.7204256
1990,4229,29.32489944,5.37008832
1990,4230,30.49773936,3.96886176
1990,4231,32.03682696,8.49184992
1990,4232,34.87478928,10.48012128
1990,4233,38.34682704,15.2631648
1990,4234,42.5025312,14.06603232
1990,4235,47.5242636,24.2005104
1990,4236,55.06233336,27.733752
1990,4237,62.68672248,24.98396832
1990,4238,66.26217888,6.1283088
1990,4239,71.225664,28.721304
1990,4240,80.3129712,34.15064544
1990,4241,89.68020672,32.97106944
1990,4242,98.7347784,32.23698912
1990,4243,106.68429768,24.65917344
1990,4244,113.32503624,23.41924704
1990,4245,118.62620928,14.26244544
1990,4246,122.31008304,13.16736
1990,4247,125.96036784,12.59567712
1990,4248,127.98134424,1.58776416
1990,4249,128.21680224,0.86575392
1990,4250,128.45607024,0.8613648
1990,4251,128.6955516,0.8668512
1990,4252,128.93506344,0.86465664
1990,4253,129.17457528,0.86575392
1990,4254,129.41356896,0.88440768
1990,4255,129.75162264,1.58227776
1990,4256,130.209036,1.9421856
1990,4257,131.62221072,8.73105696
1990,4258,134.20615272,9.10084032
1990,4259,137.41158192,15.1863552
1990,4260,142.42322544,20.38087872
1990,4261,148.42199424,22.11677568
1990,4262,154.56871296,22.1321376
1990,4263,160.7234784,22.3625664
1990,4264,167.0765772,23.21734752
1990,4265,173.52840072,23.2294176
1990,4266,179.94017352,22.04874432
1990,4267,185.44388616,18.47380608
1990,4268,190.57903464,18.4781952
1990,4269,195.74411448,19.41856416
1990,4270,201.58685616,21.92804352
1990,4271,207.74457816,23.02532352
1990,4272,214.40842056,24.31901664
1990,4273,220.91337072,22.21553088
1990,4274,226.54314864,16.93761408
1990,4275,230.19663384,11.02437216
1990,4276,233.0590716,9.87222816
1990,4277,235.98566976,10.97499456
1990,4278,239.03705304,11.3952528
1990,4279,242.90246568,16.25181408
1990,4280,247.4756544,16.4592
1990,4281,252.04789824,16.45810272
1990,4282,256.78796496,18.14023296
1990,4283,261.98934648,18.83371392
1990,4284,267.10727376,18.8238384
1990,4285,272.85190032,21.8248992
1990,4286,278.99337648,22.49862912
1990,4287,285.52240584,24.96531456
1990,4288,292.85202288,27.29922912
1990,4289,300.47235816,27.432
1990,4290,308.09007216,27.36287136
1990,4291,315.68736456,27.40566528
1990,4292,323.60862888,30.76992576
1990,4293,332.47791264,30.77431488
1990,4294,340.37497584,26.47956096
1990,4295,346.81695432,19.47562272
1990,4296,351.7949784,17.7100992
1990,4297,356.7487404,17.44236288
1990,4298,360.60119904,8.53025472
1990,4299,362.2139568,5.21317728
1990,4300,363.512862,3.25014336
1990,4301,364.06909152,1.64592
1990,4302,364.52629152,1.64592
1990,4303,364.91625264,0.74944224
1990,4304,364.9653864,0
1990,4305,364.9653864,0
1990,4306,364.9653864,0
1990,4307,364.9653864,0
1990,4308,364.9653864,0
1990,4309,364.9653864,0
1990,4310,364.9653864,0
1990,4311,364.9653864,0
1990,4312,365.00110896,0.466344
1990,4313,365.22733152,0.91403424
1990,4314,365.48132136,0.91183968
1990,4315,365.83431024,2.221992
1990,4316,366.682782,3.29184
1990,4317,367.59715152,3.2863536
1990,4318,368.71726104,5.35582368
1990,4319,370.37845152,6.03504
1990,4320,372.05476008,6.03394272
1990,4321,373.88651664,8.0869536
1990,4322,376.495056,9.765792
1990,4323,379.20713592,9.765792
1990,4324,381.91921584,9.7712784
1990,4325,384.75839736,11.987784
1990,4326,388.67367528,14.85607392
1990,4327,392.79076128,14.81547456
1990,4328,396.648432,11.49181344
1990,4329,399.25977552,8.77824
1990,4330,401.69808408,8.77714272
1990,4331,404.2620312,10.43842464
1990,4332,407.4546588,11.79576
1990,4333,410.73098448,11.79576
1990,4334,414.00813312,11.81990016
1990,4335,416.92125912,7.12244448
1990,4336,418.08809448,3.29184
1990,4337,419.00243352,3.29184
1990,4338,419.91674208,3.29293728
1990,4339,420.70090104,1.57130496
1990,4340,420.8333976,0.164592
1990,4341,420.87908712,0.164592
1990,4342,420.92480712,0.164592
1990,4343,420.9705576,0.164592
1990,4344,421.01618616,0.164592
1990,4345,421.06196712,0.164592
1990,4346,421.1077176,0.164592
1990,4347,421.1532852,0.164592
1990,4348,421.1991576,0.16349472
1990,4349,421.46165136,2.90998656
1990,4350,422.789604,5.2998624
1990,4351,424.26303768,5.30095968
1990,4352,425.98899816,8.57304864
1990,4353,428.94284544,11.24382816
1990,4354,432.46267584,16.22657664
1990,4355,437.82956376,20.26895616
1990,4356,443.72588928,23.11530048
1990,4357,450.45328248,24.41557728
1990,4358,457.0326648,22.61713536
1990,4359,464.06168808,28.53586368
1990,4360,472.03671912,28.00368288
1990,4361,479.05870152,22.43718144
1990,4362,485.1429972,22.33293984
1990,4363,491.3790528,21.79527264
1990,4364,496.46552472,15.12819936
1990,4365,500.57870928,14.79462624
2001,4229,20.43684,6.3422784
2001,4230,21.65622288,6.83166528
2001,4231,23.50919352,6.35105664
2001,4232,25.42922016,8.06061888
2001,4233,27.6625812,7.86640032
2001,4234,30.441138,11.878056
2001,4235,33.90461088,13.32866016
2001,4236,37.80339912,14.88240864
2001,4237,42.34400472,17.90980416
2001,4238,47.63548512,20.2612752
2001,4239,54.00266568,25.81241472
2001,4240,61.48114704,27.16975008
2001,4241,69.15509664,30.14337888
2001,4242,78.52553256,35.2610928
2001,4243,87.9878352,31.91219424
2001,4244,96.26626416,28.08817344
2001,4245,103.58542656,24.00190272
2001,4246,109.3215492,18.41565024
2001,4247,114.40375392,17.48844864
2001,4248,118.522242,12.76465824
2001,4249,121.95557016,10.53717984
2001,4250,123.28163304,0.25127712
2001,4251,123.2842848,0
2001,4252,123.2842848,0
2001,4253,123.2842848,0
2001,4254,123.2842848,0
2001,4255,123.28614408,0.10533888
2001,4256,123.55211256,1.62616896
2001,4257,124.0100136,1.64592
2001,4258,124.51153152,3.08664864
2001,4259,126.50492352,10.09278144
2001,4260,129.29945184,10.77199776
2001,4261,133.16852208,17.04405024
2001,4262,138.51078216,20.9470752
2001,4263,144.45465648,21.73492224
2001,4264,150.41989728,21.4353648
2001,4265,156.4867584,21.9456
2001,4266,162.57715008,21.89731968
2001,4267,168.60374712,21.38927904
2001,4268,174.60821568,21.9510864
2001,4269,180.70634928,21.9510864
2001,4270,186.80393424,21.96315648
2001,4271,192.90356136,21.9456
2001,4272,198.99931752,21.93133536
2001,4273,205.10104776,22.21662816
2001,4274,211.3775808,22.76965728
2001,4275,217.58428416,20.50926048
2001,4276,222.34660128,13.908024
2001,4277,225.6230184,10.96621632
2001,4278,228.6710184,10.9728
2001,4279,231.7190184,10.9728
2001,4280,234.76643928,10.97060544
2001,4281,238.24527408,15.06455712
2001,4282,242.75375376,16.431768
2001,4283,247.325388,16.4592
2001,4284,251.89583352,16.63586208
2001,4285,257.04277776,20.97121536
2001,4286,263.13548592,22.08056544
2001,4287,269.23358904,22.2144336
2001,4288,275.92849056,25.95835296
2001,4289,283.26658104,26.9601696
2001,4290,290.8712496,27.432
2001,4291,298.4912496,27.432
2001,4292,306.11158488,27.41224896
2001,4293,313.70948688,27.3661632
2001,4294,321.39901176,28.92210624
2001,4295,329.9557536,31.36904064
2001,4296,338.15514792,26.73303264
2001,4297,344.29363704,17.68486176
2001,4298,348.58290456,14.04847584
2001,4299,352.42716408,13.84328448
2001,4300,355.84366728,8.91101088
2001,4301,357.07393152,1.09728
2001,4302,357.16845,0.27432
2001,4303,357.24465,0.27432
2001,4304,357.32094144,0.27432
2001,4305,357.3973548,0.27432
2001,4306,357.47352432,0.27432
2001,4307,357.5710908,0.47951136
2001,4308,357.7212048,0.54864
2001,4309,357.8736048,0.54864
2001,4310,358.0258524,0.54754272
2001,4311,358.2922476,1.64701728
2001,4312,358.83869304,2.0080224
2001,4313,359.39754384,2.01021696
2001,4314,359.91939192,1.65579552
2001,4315,360.331512,1.39793472
2001,4316,360.73854192,1.536192
2001,4317,361.16517048,1.536192
2001,4318,361.59158568,1.53180288
2001,4319,362.34803832,4.70842848
2001,4320,363.91211952,5.75962272
2001,4321,365.55508296,6.17329728
2001,4322,367.30256232,6.30606816
2001,4323,369.16184232,7.33970592
2001,4324,371.28334176,7.67657088
2001,4325,373.81421808,11.48632704
2001,4326,377.31088368,12.7503936
2001,4327,380.85244632,12.7503936
2001,4328,384.393948,12.7503936
2001,4329,387.94645296,12.80964672
2001,4330,391.26865104,10.58984928
2001,4331,394.03580832,9.87552
2001,4332,396.77861208,9.87552
2001,4333,399.52037952,9.91611936
2001,4334,402.32362512,9.76250016
2001,4335,404.87410008,9.05256
2001,4336,407.3883648,9.05256
2001,4337,409.90320864,9.05694912
2001,4338,412.00876704,5.13965952
2001,4339,413.12223192,3.8459664
2001,4340,413.91327936,1.1850624
2001,4341,414.02776224,0.3072384
2001,4342,414.11234424,0.3072384
2001,4343,414.19701768,0.3072384
2001,4344,414.28169112,0.3072384
2001,4345,414.36636456,0.3072384
2001,4346,414.451038,0.3072384
2001,4347,414.53568096,0.3072384
2001,4348,414.62017152,0.30394656
2001,4349,414.88068408,1.99814688
2001,4350,415.5791028,2.59287264
2001,4351,416.2923348,2.55995424
2001,4352,417.47974416,7.08513696
2001,4353,419.81061072,8.5917024
2001,4354,422.19710328,8.60486976
2001,4355,425.2115448,14.48190144
2001,4356,429.70329096,16.4592
2001,4357,434.27327928,16.49541024
2001,4358,439.84023792,25.65221184
2001,4359,447.69786,28.79591904
2001,4360,455.14543464,23.88998016
2001,4361,462.13620552,27.88956576
2001,4362,470.03585952,28.15839936
2001,4363,476.91318384,21.04473312
2001,4364,482.56694952,20.05059744
2001,4365,487.37404176,14.29316928
2001,4366,491.19257616,13.56018624
2001,4367,494.41443408,9.43880256
2001,4368,496.93564824,8.98891776
2001,4369,499.5137838,14.2756128
2008,4242,74.4933232,28.9352736
2008,4243,79.67246448,27.94552704
2008,4244,86.80054776,23.96678976
2008,4245,93.43896984,23.85157536
2008,4246,100.01780352,22.33842624
2008,4247,105.39310392,17.54331264
2008,4248,110.18050608,15.41458944
2008,4249,113.37517584,9.0690192
2008,4250,115.79391624,6.7976496
2008,4251,116.5378416,0.03950208
2008,4252,116.5378416,0
2008,4253,116.5378416,0
2008,4254,116.5378416,0
2008,4255,116.5378416,0
2008,4256,116.5378416,0
2008,4257,116.5773132,1.0314432
2008,4258,117.57257664,5.05626624
2008,4259,118.94722464,5.25816576
2008,4260,121.09036488,10.46695392
2008,4261,124.6458264,15.13807488
2008,4262,129.21877128,17.23497696
2008,4263,134.22602568,19.84760064
2008,4264,140.45360784,24.06444768
2008,4265,147.1417428,23.0867712
2008,4266,153.28626696,21.94121088
2008,4267,159.47385936,22.49094816
2008,4268,165.61905408,21.86440128
2008,4269,171.52495032,20.20750848
2008,4270,177.20352672,21.53741184
2008,4271,183.29714928,21.9510864
2008,4272,189.2292888,20.86039008
2008,4273,195.04892664,20.6233776
2008,4274,200.49814104,18.90174528
2008,4275,205.93885152,18.62961984
2008,4276,210.3347076,14.69038464
2008,4277,214.41540048,14.6925792
2008,4278,218.42702568,13.32975744
2008,4279,221.68079616,10.93110336
2008,4280,224.70913656,10.93549248
2008,4281,227.9122188,13.43948544
2008,4282,232.25238792,16.46139456
2008,4283,236.8241136,16.4592
2008,4284,241.38568944,16.404336
2008,4285,245.95153248,16.5085776
2008,4286,251.07893904,21.06997056
2008,4287,257.25778368,23.18772096
2008,4288,263.8670364,23.76489024
2008,4289,270.81016704,26.8175232
2008,4290,278.38304496,27.30142368
2008,4291,285.99286464,27.432
2008,4292,293.61268176,27.4265136
2008,4293,301.45948344,29.67703488
2008,4294,309.71441232,28.40419008
2008,4295,317.36345976,27.4484592
2008,4296,325.24305792,29.61339264
2008,4297,333.16215816,24.20489952
2008,4298,338.41508136,16.4592
2008,4299,342.97373112,16.38897408
2008,4300,346.92314664,9.39161952
2008,4301,348.46647096,3.6704016
2008,4302,349.01191056,0.94804992
2008,4303,349.27574544,0.95353632
2008,4304,349.54000704,0.9546336
2008,4305,349.80414672,0.9546336
2008,4306,350.06831688,0.9546336
2008,4307,350.33248704,0.9546336
2008,4308,350.59671816,0.9546336
2008,4309,350.86088832,0.9546336
2008,4310,351.12505848,0.9546336
2008,4311,351.38925912,0.9546336
2008,4312,351.65345976,0.9546336
2008,4313,351.91732512,0.877824
2008,4314,352.037904,0.0219456
2008,4315,352.037904,0
2008,4316,352.037904,0
2008,4317,352.4925132,4.20367968
2008,4318,354.06159312,5.8485024
2008,4319,355.68623808,5.8485024
2008,4320,357.3107916,5.8485024
2008,4321,358.93555848,5.8485024
2008,4322,360.53761776,5.71243968
2008,4323,362.14747992,5.8485024
2008,4324,363.79059576,6.65939232
2008,4325,366.29163216,10.42196544
2008,4326,369.21682824,10.93220064
2008,4327,372.28643856,11.84404032
2008,4328,376.30479984,16.36154208
2008,4329,380.32279536,11.77052256
2008,4330,383.25058224,10.0785168
2008,4331,386.043678,10.08839232
2008,4332,388.84835616,10.0620576
2008,4333,391.63989744,10.07961408
2008,4334,394.5479028,10.89818496
2008,4335,397.5954456,10.9728
2008,4336,400.64356752,10.9728
2008,4337,403.60223064,9.33456096
2008,4338,405.59208696,5.75303904
2008,4339,407.07134232,4.53066912
2008,4340,408.10397424,3.15248544
2008,4341,408.57229944,0.30284928
2008,4342,408.5801328,0
2008,4343,408.5801328,0
2008,4344,408.5801328,0
2008,4345,408.58476576,0.2084832
2008,4346,408.7241508,0.29407104
2008,4347,408.7325328,0
2008,4348,408.7325328,0
2008,4349,408.7325328,0
2008,4350,408.7325328,0
2008,4351,408.90407424,1.700784
2008,4352,409.76068416,4.53615552
2008,4353,411.33012984,7.40005632
2008,4354,414.05504184,10.99584288
2008,4355,417.11084472,10.98706464
2008,4356,420.15756456,11.164824
2008,4357,423.89752152,15.992856
2008,4358,428.469552,16.92444672
2008,4359,433.98128088,23.24916864
2008,4360,441.25960008,28.52269632
2008,4361,449.3030892,27.8654256
2008,4362,455.78079024,19.82455776
2008,4363,461.23689312,19.65009024
2008,4364,466.69500768,19.6742304
2008,4365,472.16635056,19.68081408
2008,4366,477.6257148,19.6522848
2008,4367,483.08389032,19.6522848
2008,4368,488.50582512,18.26642016
2008,4369,491.64203424,4.23769536
2008,4370,492.23688192,1.59325056
2008,4371,492.93167352,3.08664864
2008,4372,493.795812,3.10639968
2008,4373,494.65937136,3.1053024
2008,4374,495.52293072,3.1053024
2008,4375,496.38649008,3.10639968
2008,4376,497.24041776,2.660904
2008,4377,497.84425704,2.43486432
2008,4378,498.6335976,2.87816544
2008,4379,499.4336976,2.88474912
2008,4380,500.23199928,2.85621984
2008,4381,500.7077616,2.8419552
2021,4236,22.4573592,13.9450572
2021,4237,26.13620376,15.3180288
2021,4238,30.51648456,16.59745728
2021,4239,35.61737352,20.5520544
2021,4240,41.81633496,23.56737984
2021,4241,48.4810308,25.16282496
2021,4242,56.11669752,29.11413024
2021,4243,64.27189584,29.26006848
2021,4244,72.54008352,31.81782816
2021,4245,81.90634368,33.90924384
2021,4246,90.03295176,23.25026592
2021,4247,95.95244208,20.97670176
2021,4248,101.17555584,15.81290208
2021,4249,105.30879624,14.54115456
2021,4250,107.91120912,2.54678688
2021,4251,108.0156336,0
2021,4252,108.0156336,0
2021,4253,108.0156336,0
2021,4254,108.0156336,0
2021,4255,108.0156336,0
2021,4256,108.0156336,0
2021,4257,108.0156336,0
2021,4258,108.0156336,0
2021,4259,108.02023608,0.2798064
2021,4260,108.64845936,3.55189536
2021,4261,109.7811876,6.30497088
2021,4262,112.334802,11.11325184
2021,4263,115.93229544,16.10916768
2021,4264,121.533666,22.6807776
2021,4265,127.79529432,21.84903936
2021,4266,134.0499732,23.84169984
2021,4267,140.98868424,25.20013248
2021,4268,147.7115664,23.65955136
2021,4269,154.12556424,22.53374208
2021,4270,160.29678888,21.92036256
2021,4271,166.15336848,19.68739776
2021,4272,171.29830104,17.7320448
2021,4273,176.05229712,16.32313728
2021,4274,180.48222984,16.19146368
2021,4275,185.0457564,16.18707456
2021,4276,189.47821896,16.20024192
2021,4277,194.0466528,16.4592
2021,4278,198.6186528,16.4592
2021,4279,203.18489208,16.42957344
2021,4280,207.75494136,16.54478784
2021,4281,212.48574216,17.47089216
2021,4282,217.34852136,17.4357792
2021,4283,222.0571632,16.43835168
2021,4284,226.61197248,16.45481088
2021,4285,231.18406392,16.46029728
2021,4286,235.7563992,16.46029728
2021,4287,240.321084,16.404336
2021,4288,244.88573832,16.46029728
2021,4289,249.88939608,20.57619456
2021,4290,255.99719184,23.0209344
2021,4291,262.69526328,24.5132352
2021,4292,269.27513328,22.93534656
2021,4293,275.82589488,23.9920272
2021,4294,282.58574928,25.66647648
2021,4295,289.96928544,26.8449552
2021,4296,296.8556928,22.51728288
2021,4297,303.39941352,24.69099456
2021,4298,310.2537864,24.70306464
2021,4299,317.14939872,24.908256
2021,4300,324.06811488,24.90715872
2021,4301,330.59113968,19.13327136
2021,4302,334.5178476,12.06788544
2021,4303,337.87177536,12.07117728
2021,4304,340.96400184,8.12426112
2021,4305,342.25723776,3.21064128
2021,4306,343.06318992,1.81929024
2021,4307,343.2081528,0
2021,4308,343.2081528,0
2021,4309,343.2081528,0
2021,4310,343.2081528,0
2021,4311,343.2081528,0
2021,4312,343.2081528,0
2021,4313,343.2081528,0
2021,4314,343.2081528,0
2021,4315,343.2081528,0
2021,4316,343.25521392,0.7516368
2021,4317,343.68147672,1.8324576
2021,4318,344.18939544,1.83136032
2021,4319,344.7114264,2.05520544
2021,4320,345.33815616,2.33281728
2021,4321,345.98585616,2.33172
2021,4322,346.63355616,2.33062272
2021,4323,347.39982336,4.24208448
2021,4324,349.05092496,6.58477728
2021,4325,350.955864,7.81702272
2021,4326,353.43248592,9.32797728
2021,4327,356.06885352,10.06644672
2021,4328,359.04476832,10.86526656
2021,4329,362.11864584,11.9274336
2021,4330,365.68444008,13.16736
2021,4331,369.27717864,12.15018144
2021,4332,372.41174184,10.97170272
2021,4333,375.4604124,10.97499456
2021,4334,378.21757224,9.0635328
2021,4335,380.9381256,10.33747488
2021,4336,383.80900632,10.3363776
2021,4337,386.6842152,10.38685248
2021,4338,389.56506288,10.3363776
2021,4339,392.34185184,8.81225568
2021,4340,394.41308976,6.94468512
2021,4341,396.34341864,6.9457824
2021,4342,398.14048896,4.81376736
2021,4343,398.94961104,2.19346272
2021,4344,399.559272,2.19456
2021,4345,400.10922264,1.21688352
2021,4346,400.2057528,0
2021,4347,400.2057528,0
2021,4348,400.2057528,0
2021,4349,400.2057528,0
2021,4350,400.23370296,0.44878752
2021,4351,400.48894248,1.09728
2021,4352,400.793712,1.09728
2021,4353,401.28928632,4.05774144
2021,4354,403.14070248,7.68315456
2021,4355,405.2739672,7.68096
2021,4356,407.49376464,9.07779744
2021,4357,410.36141448,10.78735968
2021,4358,413.35826904,10.78845696
2021,4359,416.60326128,14.47970688
2021,4360,421.50892584,18.93027456
2021,4361,426.76623816,18.92808
2021,4362,432.0236724,18.92808
2021,4363,437.42765448,21.2488272
2021,4364,443.90636136,24.1346736
2021,4365,450.61147368,24.14016
2021,4366,457.25297424,23.00776704
2021,4367,463.51329192,24.1182144
2021,4368,470.7230616,26.37751392
2021,4369,476.99907648,15.26755392
2021,4370,479.84209848,8.77494816
2021,4371,482.15373216,7.11366624
2021,4372,483.8375388,5.76072
2021,4373,485.39195784,5.15611872
2021,4374,486.7177464,4.66453728
2021,4375,487.8214272,2.11555584
2021,4376,487.9613304,0
2021,4377,487.9613304,0
2021,4378,487.9613304,0
2021,4379,487.9613304,0
2021,4380,488.03454336,0.9765792
2021,4381,488.50780632,1.91804544
2021,4382,489.31034472,5.39422848
2021,4383,491.41605552,8.23837824
2021,4384,493.70342712,8.23289184
2021,4385,495.98842128,8.2296
2021,4386,498.27304968,8.22191904
2021,4387,500.88680112,12.42998784
2021,4388,505.0773744,15.91056
2021,4389,508.39183056,15.91056
2027,4271,135.49884,18.8293248
2027,4272,138.89800008,18.83042208
2027,4273,144.18987672,19.34285184
2027,4274,149.59300536,19.44709344
2027,4275,154.57468704,15.8886144
2027,4276,158.81735064,15.22695456
2027,4277,163.04136048,15.17867424
2027,4278,167.26335864,15.19513344
2027,4279,171.59145768,16.39665504
2027,4280,176.2373412,17.00784
2027,4281,181.06028304,17.01113184
2027,4282,185.61521424,15.91385184
2027,4283,190.151004,16.74229824
2027,4284,194.67444936,16.04662272
2027,4285,199.13227128,16.05101184
2027,4286,203.58329616,16.01699616
2027,4287,208.01002848,15.57150048
2027,4288,212.21767056,14.9833584
2027,4289,216.36877224,14.93836992
2027,4290,220.52941416,14.98555296
2027,4291,224.7342216,16.3933632
2027,4292,230.44016904,25.11015552
2027,4293,235.3972432,31.3712352
2028,4239,22.10943,17.2190664
2028,4240,26.5211052,19.59632352
2028,4241,33.24624288,27.9422352
2028,4242,41.49833712,32.17993056
2028,4243,50.88291576,32.27429664
2028,4244,57.66666648,19.72580256
2028,4245,65.11527744,32.60786976
2028,4246,74.21831232,32.83390944
2028,4247,83.2129908,29.83943232
2028,4248,90.021156,21.13141824
2028,4249,95.79897528,19.45696896
2028,4250,100.236528,11.10008448
2028,4251,101.4706632,0.08010144
2028,4252,101.4706632,0
2028,4253,101.4706632,0
2028,4254,101.4706632,0
2028,4255,101.4706632,0
2028,4256,101.4706632,0
2028,4257,101.4706632,0
2028,4258,101.4706632,0
2028,4259,101.47511328,0.23262336
2028,4260,101.619558,0.3895344
2028,4261,102.0266184,2.90340288
2028,4262,103.7062188,9.37845216
2028,4263,106.44280464,9.87552
2028,4264,109.21557024,11.06497152
2028,4265,113.83740504,21.80514816
2028,4266,120.0604152,22.36915008
2028,4267,126.24828192,22.53703392
2028,4268,133.57131528,28.33835328
2028,4269,140.41782432,22.4997264
2028,4270,146.55460656,21.26857824
2028,4271,152.38515624,21.49900704
2028,4272,158.22253344,19.4712336
2028,4273,163.36786224,18.09524448
2028,4274,168.33223128,17.51697792
2028,4275,173.0049372,16.18268544
2028,4276,177.43410792,16.19146368
2028,4277,182.00747952,16.72583904
2028,4278,186.93630888,18.95441472
2028,4279,192.12805872,17.55209088
2028,4280,196.82731272,16.46139456
2028,4281,201.10542456,14.593824
2028,4282,205.16344032,14.6267424
2028,4283,209.23434912,15.01847136
2028,4284,213.76215312,17.26460352
2028,4285,218.5175208,16.39226592
2028,4286,222.6634104,13.98812544
2028,4287,226.63949592,14.90764608
2028,4288,231.02520216,16.18488
2028,4289,235.45385472,16.18378272
2028,4290,240.44474136,20.52133056
2028,4291,246.48343896,21.9456
2028,4292,252.57840264,21.99717216
2028,4293,258.9556416,24.11492256
2028,4294,265.64130768,23.1580944
2028,4295,271.78845312,21.781008
2028,4296,277.85284536,21.81612096
2028,4297,283.93144128,21.94669728
2028,4298,290.02637448,22.03447968
2028,4299,296.49944256,24.71403744
2028,4300,303.43291104,24.90496416
2028,4301,310.12208232,23.15919168
2028,4302,316.51888944,22.63249728
2028,4303,322.12992216,18.01294848
2028,4304,327.07993512,17.41932
2028,4305,330.81730128,9.12498048
2028,4306,333.12052248,7.88834592
2028,4307,334.37815776,0.79443072
2028,4308,334.3979088,0
2028,4309,334.3979088,0
2028,4310,334.3979088,0
2028,4311,334.3979088,0
2028,4312,334.3979088,0
2028,4313,334.3979088,0
2028,4314,334.3979088,0
2028,4315,334.3979088,0
2028,4316,334.3979088,0
2028,4317,334.3979088,0
2028,4318,334.3979088,0
2028,4319,334.3979088,0
2028,4320,334.72422768,2.49521472
2028,4321,335.48580096,2.79148032
2028,4322,336.42126264,4.00397472
2028,4323,337.56222048,4.224528
2028,4324,339.15397752,7.39347264
2028,4325,341.28605352,7.72924032
2028,4326,343.67355192,9.62972928
2028,4327,346.41379536,9.88429824
2028,4328,349.19165112,10.1278944
2028,4329,352.0103196,10.20031488
2028,4330,355.03677024,11.66298912
2028,4331,358.31364456,11.70468576
2028,4332,361.33213992,10.08071136
2028,4333,364.12279728,10.05986304
2028,4334,366.91699032,10.04340384
2028,4335,369.64205472,9.5573088
2028,4336,372.2843964,9.5134176
2028,4337,374.92551888,9.58035168
2028,4338,377.84102232,11.50936992
2028,4339,381.08601456,11.686032
2028,4340,384.3317688,11.686032
2028,4341,387.58441152,11.35245888
2028,4342,389.68119168,3.40485984
2028,4343,390.409176,2.5566624
2028,4344,391.12137168,2.4798528
2028,4345,391.51556952,0.219456
2028,4346,391.5189528,0
2028,4347,391.5189528,0
2028,4348,391.5189528,0
2028,4349,391.5189528,0
2028,4350,391.5189528,0
2028,4351,391.5189528,0
2028,4352,391.5189528,0
2028,4353,391.7524296,1.75125888
2028,4354,392.28622584,2.2603968
2028,4355,393.86067024,9.39710592
2028,4356,396.665196,10.21787136
2028,4357,399.76062288,12.16664064
2028,4358,403.18904376,12.29392512
2028,4359,406.4107188,10.83125088
2028,4360,409.38239688,10.7478576
2028,4361,412.561278,12.2127264
2028,4362,415.99734936,12.70321056
2028,4363,420.43538976,19.57657248
2028,4364,426.06083952,20.56522176
2028,4365,432.56572872,26.54649504
2028,4366,440.09480688,27.13134528
2028,4367,447.52327056,26.22170016
2028,4368,454.36359216,24.06993408
2028,4369,461.59463688,27.07757856
2028,4370,468.51170712,19.394424
2028,4371,472.45694688,12.34330272
2028,4372,475.57038744,7.65572256
2028,4373,476.56366968,1.91694816
2028,4374,477.1351392,2.53800864
2028,4375,477.9923892,3.29184
2028,4376,478.81708656,1.82587392
2028,4377,478.9621104,0
2028,4378,478.9621104,0
2028,4379,478.9621104,0
2028,4380,478.9621104,0
2028,4381,478.9621104,0
2028,4382,479.24182536,3.66601248
2028,4383,480.98711016,7.13012544
2028,4384,483.06916848,8.52147648
2028,4385,485.67679344,9.60010272
2028,4386,488.39164704,10.13667264
2028,4387,491.27347008,10.41977088
2028,4388,494.361216,12.57043968
2028,4389,498.1174188,13.7105136
2028,4390,501.95433264,14.05835136
2028,4391,505.90697904,14.26464
2028,4392,508.6804914,14.26464
2031,4241,22.5167081142857,26.1497499428571
2031,4242,28.94011992,28.02343392
2031,4243,36.80295408,28.56658752
2031,4244,44.6275968,28.25715456
2031,4245,52.74865752,29.89100448
2031,4246,61.27403544,32.19200064
2031,4247,70.51749168,33.50434752
2031,4248,79.06624776,25.37240544
2031,4249,85.1150952,20.84832
2031,4250,90.90605136,20.78906688
2031,4251,95.3774064,7.28813376
2031,4252,95.8254624,0
2031,4253,95.8254624,0
2031,4254,95.8254624,0
2031,4255,95.8254624,0
2031,4256,95.8254624,0
2031,4257,95.8254624,0
2031,4258,95.8254624,0
2031,4259,95.8254624,0
2031,4260,95.8411596,0.35551872
2031,4261,95.97066912,0.17666208
2031,4262,96.51412752,5.34704544
2031,4263,98.6567496,8.2296
2031,4264,100.94287152,8.22630816
2031,4265,103.72612224,14.4347184
2031,4266,108.81219792,19.5645024
2031,4267,114.2487936,19.6303392
2031,4268,120.03502536,23.6573568
2031,4269,127.24000968,26.4773664
2031,4270,134.7241908,27.2509488
2031,4271,141.94020888,23.97447072
2031,4272,148.36121712,22.74990624
2031,4273,154.36449696,20.6178912
2031,4274,159.92392704,19.47781728
2031,4275,165.18657336,17.73314208
2031,4276,169.900092,17.01222912
2031,4277,174.53741064,16.72583904
2031,4278,179.40677352,17.84835648
2031,4279,184.21225032,17.00564544
2031,4280,188.86234008,16.514064
2031,4281,193.56025296,16.96833792
2031,4282,198.1614528,16.4592
2031,4283,202.72848456,16.43067072
2031,4284,207.29749752,16.52723136
2031,4285,211.99455696,17.25582528
2031,4286,216.7949436,17.13183264
2031,4287,221.12017752,13.70173536
2031,4288,224.57203752,11.94828192
2031,4289,228.45421416,16.01260704
2031,4290,233.0131992,16.4592
2031,4291,237.74055576,18.89845344
2031,4292,243.5894544,21.91926528
2031,4293,249.68359512,21.98071296
2031,4294,256.10283552,24.73159392
2031,4295,263.16480768,25.22427264
2031,4296,269.67094656,21.76674336
2031,4297,275.70464544,21.91597344
2031,4298,281.801316,21.9456
2031,4299,287.89737696,21.9456
2031,4300,293.9934684,21.9456
2031,4301,300.0896208,21.9456
2031,4302,306.1856208,21.9456
2031,4303,312.21477816,20.48841216
2031,4304,317.1645168,15.61539168
2031,4305,321.4407084,13.77964224
2031,4306,324.5025768,10.08290592
2031,4307,326.55122904,3.57384096
2031,4308,327.1627188,2.0080224
2031,4309,327.72153912,2.01131424
2031,4310,328.12567344,0.50694336
2031,4311,328.1455464,0
2031,4312,328.1455464,0
2031,4313,328.1455464,0
2031,4314,328.1455464,0
2031,4315,328.1455464,0
2031,4316,328.1455464,0
2031,4317,328.1455464,0
2031,4318,328.1455464,0
2031,4319,328.1455464,0
2031,4320,328.1455464,0
2031,4321,328.37701152,2.1561552
2031,4322,329.18729184,3.01422816
2031,4323,330.2178816,4.8719232
2031,4324,331.72078944,5.48310816
2031,4325,333.43736208,7.34299776
2031,4326,335.62652712,7.95089088
2031,4327,338.07193752,10.22335776
2031,4328,341.09433432,10.92561696
2031,4329,344.22551424,11.95925472
2031,4330,347.6428404,12.34549728
2031,4331,350.96512992,11.31515136
2031,4332,354.02477328,10.9728
2031,4333,357.09395688,11.17799136
2031,4334,360.19520544,11.09459808
2031,4335,363.16185432,9.94355136
2031,4336,365.81812536,9.5134176
2031,4337,368.45973552,9.51451488
2031,4338,371.0226768,8.75519712
2031,4339,373.39286256,8.49953088
2031,4340,375.96442968,10.52510976
2031,4341,379.05120024,11.192256
2031,4342,382.16195856,11.1703104
2031,4343,384.48956376,3.9172896
2031,4344,385.00059144,1.46157696
2031,4345,385.40820048,1.43524224
2031,4346,385.63640424,0.10753344
2031,4347,385.637532,0
2031,4348,385.637532,0
2031,4349,385.637532,0
2031,4350,385.637532,0
2031,4351,385.637532,0
2031,4352,385.637532,0
2031,4353,385.637532,0
2031,4354,385.637532,0
2031,4355,386.1057048,5.09906016
2031,4356,388.18157568,8.00356032
2031,4357,390.9370896,13.09274496
2031,4358,394.98492504,14.81766912
2031,4359,398.88578592,12.75149088
2031,4360,402.26138496,12.07117728
2031,4361,405.57120816,11.65640544
2031,4362,408.77608872,11.52144
2031,4363,411.97456848,11.55874752
2031,4364,416.18766648,20.84393088
2031,4365,422.70407712,23.95471968
2031,4366,429.3583488,23.94923328
2031,4367,436.26932304,26.41482144
2031,4368,443.80260744,27.23339232
2031,4369,451.37204112,27.24875424
2031,4370,458.43928632,20.92732416
2031,4371,463.12339176,14.74415136
2031,4372,466.42970976,9.84699072
2031,4373,469.13691288,8.6355936
2031,4374,470.78932512,4.31121312
2031,4375,471.9748752,3.3631632
2031,4376,472.39708416,0.57168288
2031,4377,472.62909792,0.877824
2031,4378,472.87293792,0.877824
2031,4379,473.11671696,0.877824
2031,4380,473.36031312,0.80979264
2031,4381,473.47369872,0.0329184
2031,4382,473.4738816,0
2031,4383,473.4936936,0.71762112
2031,4384,474.898974,8.92527552
2031,4385,477.48760992,9.41575968
2031,4386,480.24507456,10.39014432
2031,4387,483.14119272,10.4680512
2031,4388,486.12009456,10.95524352
2031,4389,489.17050248,11.3349024
2031,4390,492.88503912,15.2192736
2031,4391,497.1542508,15.4497024
2031,4392,501.58214136,16.40104416
2031,4393,506.1525564,16.4592
2044,4241,10.6487976,20.3874624
2044,4242,14.6340576,20.93390784
2044,4243,20.91683904,26.78899392
2044,4244,29.85586104,33.16199616
2044,4245,38.30875752,30.62179296
2044,4246,47.42645328,32.28417216
2044,4247,55.51148664,27.14999904
2044,4248,63.00880464,26.95358592
2044,4249,70.3571364,25.90348896
2044,4250,77.53752336,25.91116992
2044,4251,84.69587328,24.59772576
2044,4252,88.82256048,4.27171104
2044,4253,89.417652,1.865376
2044,4254,89.935812,1.865376
2044,4255,90.453972,1.865376
2044,4256,90.97286352,1.80831744
2044,4257,91.25989368,0.16020288
2044,4258,91.2623016,0
2044,4259,91.2623016,0
2044,4260,91.2623016,0
2044,4261,91.2623016,0
2044,4262,91.2623016,0
2044,4263,91.62412968,2.67626592
2044,4264,92.43553776,2.9297376
2044,4265,93.25712616,3.55079808
2044,4266,95.87624208,15.92043552
2044,4267,100.6630956,17.35458048
2044,4268,105.47890512,17.56086912
2044,4269,111.02001672,22.55788224
2044,4270,117.43337448,23.17016448
2044,4271,123.85215768,22.80586752
2044,4272,129.4136604,17.37872064
2044,4273,134.2756776,17.49832416
2044,4274,139.06152528,17.16914016
2044,4275,143.74377144,16.49321568
2044,4276,148.30769424,16.45151904
2044,4277,152.88085248,16.34837472
2044,4278,157.14726,14.96580192
2044,4279,161.60316168,16.6073328
2044,4280,166.213536,16.63366752
2044,4281,170.83332864,16.5524688
2044,4282,175.38304776,16.27375968
2044,4283,179.90597496,16.28473248
2044,4284,184.43627832,16.52723136
2044,4285,189.16226328,17.29971648
2044,4286,193.95390216,16.9858944
2044,4287,198.51688008,16.0916112
2044,4288,202.98119424,16.06308192
2044,4289,207.44873928,16.09270848
2044,4290,211.91902752,16.09051392
2044,4291,216.37590456,16.03784448
2044,4292,220.84241328,16.05430368
2044,4293,225.37396632,18.07878528
2044,4294,231.43680408,24.12589536
2044,4295,238.16197224,24.72391296
2044,4296,245.3667432,26.69901696
2044,4297,252.78304536,26.64963936
2044,4298,260.2696344,28.85517216
2044,4299,268.64288664,28.68948288
2044,4300,275.94071304,25.25499648
2044,4301,283.03816392,24.96312
2044,4302,289.75147536,24.9576336
2044,4303,297.07075968,25.9012944
2044,4304,303.5661696,21.16762848
2044,4305,308.84052024,16.78070304
2044,4306,312.81465504,12.15018144
2044,4307,316.08738408,11.31405408
2044,4308,318.00753264,2.10787488
2044,4309,318.33516216,1.09728
2044,4310,318.64038888,1.06216704
2044,4311,318.80900424,0.0932688
2044,4312,318.8104368,0
2044,4313,318.8104368,0
2044,4314,318.8104368,0
2044,4315,318.8104368,0
2044,4316,318.8104368,0
2044,4317,318.9796008,1.25309376
2044,4318,319.36026552,1.34307072
2044,4319,319.62480144,0.52230528
2044,4320,319.7487636,0.44769024
2044,4321,319.87229904,0.4498848
2044,4322,319.99376184,0.55302912
2044,4323,320.68806576,4.7676816
2044,4324,322.14013296,5.2449984
2044,4325,323.59771704,5.2449984
2044,4326,325.0498452,5.2175664
2044,4327,327.114408,10.33528032
2044,4328,330.19633224,11.1593376
2044,4329,333.2960568,11.10776544
2044,4330,336.18854784,9.64728576
2044,4331,338.83210872,9.5134176
2044,4332,341.47161576,9.52109856
2044,4333,344.41189944,11.8396512
2044,4334,347.7636936,12.07008
2044,4335,351.11752992,11.97461664
2044,4336,354.0791496,9.21495744
2044,4337,356.56963992,8.9647776
2044,4338,359.05778328,8.88028704
2044,4339,361.48338168,8.71679232
2044,4340,363.92077584,8.77824
2044,4341,366.35899296,8.7837264
2044,4342,368.82074064,8.94941568
2044,4343,371.31046896,8.9647776
2044,4344,373.80175176,8.8495632
2044,4345,375.61903032,2.74539456
2044,4346,375.7851768,0
2044,4347,375.93074928,1.14994944
2044,4348,376.28483544,1.2838176
2044,4349,376.61935344,0.8394192
2044,4350,376.6974432,0
2044,4351,376.6974432,0
2044,4352,376.78574376,1.07094528
2044,4353,377.23483608,1.64262816
2044,4354,377.6920056,1.64592
2044,4355,378.18937824,2.48643648
2044,4356,379.17625968,4.06432512
2044,4357,380.30371488,4.059936
2044,4358,381.54751224,6.69560256
2044,4359,384.55622352,13.17394368
2044,4360,388.22531448,13.21344576
2044,4361,391.86715632,12.67577856
2044,4362,394.65040704,7.8949296
2044,4363,397.30734864,11.42158752
2044,4364,401.04681792,15.73609248
2044,4365,405.62811432,17.01771552
2044,4366,411.44827032,26.80435584
2044,4367,419.6826252,30.19275648
2044,4368,427.978062,29.03293152
2044,4369,435.863238,28.23959808
2044,4370,443.4867432,24.90715872
2044,4371,449.59731264,20.84612544
2044,4372,455.11519848,16.73790912
2044,4373,458.767434,11.70907488
2044,4374,461.528922,5.58844704
2044,4375,462.02275896,0.54754272
2044,4376,462.17476272,0.54864
2044,4377,462.32664456,0.55193184
2044,4378,462.4515516,0.19860768
2044,4379,462.6659784,1.61409888
2044,4380,463.16984328,1.82477664
2044,4381,463.56221232,0.57168288
2044,4382,463.736436,1.1576304
2044,4383,464.09070504,1.28710944
2044,4384,464.56719888,3.91619232
2044,4385,466.76639184,9.87990912
2044,4386,469.51928448,9.93367584
2044,4387,472.10560392,8.60486976
2044,4388,474.61145616,9.52000128
2044,4389,477.25343208,9.5134176
2044,4390,480.04543056,11.8945152
2044,4391,483.93592824,14.81437728
2044,4392,488.05011864,14.81328
2044,4393,492.25577952,16.29131616
2044,4394,497.14766712,18.10073088
2044,4395,501.1652664,18.0539136
2045,4249,23.1091359,24.599646
2045,4250,28.55025024,19.33517088
2045,4251,35.2443288,29.023056
2045,4252,43.42162512,30.4111152
2045,4253,52.48497504,30.64044672
2045,4254,59.37205296,22.5820224
2045,4255,65.80564944,23.43021984
2045,4256,72.31370856,23.426928
2045,4257,78.48981,17.5455072
2045,4258,81.31768344,6.30936
2045,4259,82.95857424,4.13564832
2045,4260,83.3463408,0
2045,4261,83.3463408,0
2045,4262,83.3463408,0
2045,4263,83.3463408,0
2045,4264,83.41647528,1.35733536
2045,4265,84.36769512,4.3946064
2045,4266,85.5861636,4.38912
2045,4267,86.76580056,3.70770912
2045,4268,88.16641752,8.01124128
2045,4269,91.10618304,11.74418784
2045,4270,95.33165592,21.5396064
2045,4271,102.24747648,25.56881856
2045,4272,109.35480288,25.59295872
2045,4273,115.92531552,20.52571968
2045,4274,121.1997576,18.65376
2045,4275,126.35776608,18.23789088
2045,4276,131.47401696,19.037808
2045,4277,136.56375024,17.00454816
2045,4278,141.15406872,16.4592
2045,4279,145.6747404,15.82168032
2045,4280,149.96888472,15.36192
2045,4281,154.2361152,15.36082272
2045,4282,158.60609376,16.72035264
2045,4283,163.48356432,17.7814224
2045,4284,168.36106536,16.92664128
2045,4285,172.90307304,16.18378272
2045,4286,177.80572008,19.21776192
2045,4287,183.0429156,18.38931552
2045,4288,188.15432016,17.36665056
2045,4289,192.51597768,15.08540544
2045,4290,196.68387384,14.67282816
2045,4291,200.75258808,14.89118688
2045,4292,204.89984928,14.94824544
2045,4293,209.1241944,16.75217376
2045,4294,214.69493256,22.055328
2045,4295,220.82769144,22.0663008
2045,4296,226.9537752,22.11238656
2045,4297,233.15514456,23.59371456
2045,4298,240.45851832,27.92248416
2045,4299,248.12704248,25.67525472
2045,4300,254.089662,18.7799472
2045,4301,259.29515832,18.78653088
2045,4302,264.85781928,25.8793488
2045,4303,275.6198196,44.10736416
2045,4304,284.53817616,22.49533728
2045,4305,290.6406684,21.95218368
2045,4306,296.9006508,23.25026592
2045,4307,302.77865784,18.07110432
2045,4308,307.5320748,16.77631392
2045,4309,310.82400624,5.48420544
2045,4310,311.81067432,3.27099168
2045,4311,312.39915168,0.52779168
2045,4312,312.4132944,0
2045,4313,312.4132944,0
2045,4314,312.4132944,0
2045,4315,312.4132944,0
2045,4316,312.4132944,0
2045,4317,312.4132944,0
2045,4318,312.4132944,0
2045,4319,312.4132944,0
2045,4320,312.46044696,0.41367456
2045,4321,312.60967704,0.54864
2045,4322,312.76207704,0.54864
2045,4323,312.91447704,0.54864
2045,4324,313.06507872,0.61667136
2045,4325,313.8588084,5.84411328
2045,4326,315.73704696,6.86677824
2045,4327,317.77893264,8.03428416
2045,4328,320.37823656,10.89489312
2045,4329,323.53142304,11.3897664
2045,4330,326.69405832,11.38647456
2045,4331,329.87004384,11.50168896
2045,4332,333.07178496,11.50717536
2045,4333,336.02429112,9.43880256
2045,4334,338.545932,9.06243552
2045,4335,341.22378288,10.37149056
2045,4336,344.16754128,10.66995072
2045,4337,347.0198292,9.69776064
2045,4338,349.66512744,9.51232032
2045,4339,352.30682904,9.51122304
2045,4340,354.92993784,9.354312
2045,4341,357.52131696,9.32688
2045,4342,360.09553584,9.16996896
2045,4343,362.58712344,8.7069168
2045,4344,364.97718216,8.59609152
2045,4345,367.36635696,8.54671392
2045,4346,369.21743784,4.13345376
2045,4347,370.15204608,3.27208896
2045,4348,370.7408892,0.52888896
2045,4349,370.7550624,0
2045,4350,370.7550624,0
2045,4351,370.7550624,0
2045,4352,370.7550624,0
2045,4353,370.7550624,0
2045,4354,370.91185152,1.3331952
2045,4355,371.36262024,1.64592
2045,4356,371.81860104,1.67444928
2045,4357,372.42807912,2.6938224
2045,4358,373.34028456,3.94252704
2045,4359,374.45816904,4.02592032
2045,4360,375.59876112,5.04309888
2045,4361,378.3522024,14.37107616
2045,4362,382.47273264,14.84839296
2045,4363,386.59868832,14.47751232
2045,4364,389.96115048,9.92599488
2045,4365,392.64811488,9.57705984
2045,4366,395.46315624,10.84551552
2045,4367,399.47142864,20.35344672
2045,4368,405.99408768,24.14345184
2045,4369,412.52845104,22.50631008
2045,4370,418.64560416,21.82051008
2045,4371,424.63208952,21.39805728
2045,4372,430.58056632,21.53302272
2045,4373,436.6334676,21.93243264
2045,4374,442.72160376,21.93133536
2045,4375,448.66904424,18.681192
2045,4376,452.22898632,9.09535392
2045,4377,454.66546608,7.1432928
2045,4378,455.67670104,1.47145248
2045,4379,456.082146,1.4593824
2045,4380,456.47622192,1.1027664
2045,4381,456.5943624,0
2045,4382,456.5943624,0
2045,4383,456.5943624,0
2045,4384,456.5943624,0
2045,4385,456.5943624,0
2045,4386,456.66108312,1.60312608
2045,4387,457.99784448,6.7537584
2045,4388,459.89507208,8.02550592
2045,4389,463.35409488,15.8337504
2045,4390,467.77841928,15.96432672
2045,4391,472.11727776,14.75512416
2045,4392,476.26652016,15.62746176
2045,4393,480.62644032,16.11245952
2045,4394,485.35401024,17.5619664
2045,4395,490.2397104,17.7869088
2045,4396,495.3,18.47709792
2045,4397,500.42813808,18.45186048
2045,4398,505.0430844,18.4699656
2054,4251,20.6633064,36.5503968
2054,4252,26.40061776,34.5862656
2054,4253,35.22744288,29.64960288
2054,4254,42.8227236,25.53480288
2054,4255,49.91279832,25.52163552
2054,4256,57.00147096,25.52053824
2054,4257,64.11705744,26.57721888
2054,4258,71.25074904,19.7016624
2054,4259,74.32922904,4.25525184
2054,4260,74.5927896,0
2054,4261,74.5927896,0
2054,4262,74.5927896,0
2054,4263,74.5927896,0
2054,4264,74.5927896,0
2054,4265,74.65472496,0.88111584
2054,4266,75.13515072,2.01241152
2054,4267,75.55568328,0.56948832
2054,4268,75.5785128,0
2054,4269,75.5785128,0
2054,4270,75.5785128,0
2054,4271,75.5785128,0
2054,4272,78.11097408,40.47536736
2054,4273,94.6452768,34.98896736
2054,4274,101.42131608,23.01325344
2054,4275,107.81489232,23.04068544
2054,4276,114.21657624,23.10432768
2054,4277,120.64907544,22.79708928
2054,4278,126.51845664,18.54183744
2054,4279,131.04004272,16.01260704
2054,4280,135.50499696,15.28620768
2054,4281,140.011404,17.2382688
2054,4282,144.62113824,15.87325248
2054,4283,148.99242744,16.1903664
2054,4284,153.67708152,16.68523968
2054,4285,158.0412384,15.40361664
2054,4286,162.6072948,17.55209088
2054,4287,167.66490216,18.75909888
2054,4288,172.9022196,19.19801088
2054,4289,178.21631616,17.97673824
2054,4290,182.96729472,16.81801056
2054,4291,187.64286576,16.83995616
2054,4292,192.29774088,16.18817184
2054,4293,196.45966296,14.26025088
2054,4294,200.42105712,14.2426944
2054,4295,204.46389384,16.3933632
2054,4296,210.1051932,22.73673888
2054,4297,216.41156616,22.67748576
2054,4298,222.71601888,22.66651296
2054,4299,229.02223944,22.75429536
2054,4300,235.37832528,23.6957616
2054,4301,242.46266976,26.96675328
2054,4302,250.0658448,27.432
2054,4303,257.6820348,27.51319872
2054,4304,265.34748048,27.4704048
2054,4305,272.92682016,27.28057536
2054,4306,280.4783316,26.49821472
2054,4307,287.81812896,27.15329088
2054,4308,295.11461424,23.8603536
2054,4309,301.06958328,17.51149152
2054,4310,303.73140168,4.21574976
2054,4311,304.86495288,4.11918912
2054,4312,305.692302,1.04131872
2054,4313,305.7332976,0
2054,4314,305.7332976,0
2054,4315,305.7332976,0
2054,4316,305.7332976,0
2054,4317,305.7332976,0
2054,4318,305.7332976,0
2054,4319,305.7332976,0
2054,4320,305.7332976,0
2054,4321,305.7332976,0
2054,4322,305.7332976,0
2054,4323,305.7332976,0
2054,4324,305.98177056,2.34488736
2054,4325,306.86465424,3.29074272
2054,4326,307.82181768,3.70441728
2054,4327,308.88352752,3.83609088
2054,4328,310.30962576,7.2530208
2054,4329,312.6105,8.49953088
2054,4330,314.9727,8.50392
2054,4331,317.33441232,8.49953088
2054,4332,319.91673888,10.62386496
2054,4333,323.03944536,11.3239296
2054,4334,326.1861396,11.32831872
2054,4335,329.33194992,11.32612416
2054,4336,332.47867464,11.32612416
2054,4337,335.54618184,10.56570912
2054,4338,338.42001912,10.314432
2054,4339,341.28309696,10.2485952
2054,4340,344.12657616,10.29468096
2054,4341,346.99194,10.314432
2054,4342,349.83721752,10.12350528
2054,4343,352.63381848,10.0620576
2054,4344,355.42840776,10.06534944
2054,4345,358.05157752,8.40955392
2054,4346,360.23461608,7.708392
2054,4347,362.396532,7.85433024
2054,4348,363.96256392,2.02009248
2054,4349,364.0519008,0
2054,4350,364.0519008,0
2054,4351,364.0519008,0
2054,4352,364.0519008,0
2054,4353,364.0519008,0
2054,4354,364.0519008,0
2054,4355,364.0519008,0
2054,4356,364.20951288,1.54935936
2054,4357,364.7959176,2.19456
2054,4358,365.40350592,2.22638112
2054,4359,366.32948832,4.66014816
2054,4360,367.69922904,4.93776
2054,4361,369.07128624,5.2175664
2054,4362,371.34472848,11.4336576
2054,4363,374.68765296,12.10629024
2054,4364,378.18203256,13.10042592
2054,4365,381.8461248,13.1893056
2054,4366,385.51110096,13.2167376
2054,4367,389.18869584,13.26282336
2054,4368,393.03417456,14.51262528
2054,4369,397.09715856,14.6267424
2054,4370,401.16203232,14.96031552
2054,4371,406.24377984,21.94450272
2054,4372,412.5297312,22.69394496
2054,4373,418.83747576,22.67638848
2054,4374,425.06780112,22.17383424
2054,4375,431.21464176,22.1321376
2054,4376,437.15278584,19.3505328
2054,4377,442.02236208,16.99576992
2054,4378,446.31367176,10.71603648
2054,4379,447.77911968,3.01313088
2054,4380,448.5637968,2.15176608
2054,4381,448.94818008,1.09618272
2054,4382,449.25273624,1.09728
2054,4383,449.5419,0.84929472
2054,4384,449.71712952,0.54864
2054,4385,449.86956,0.54864
2054,4386,450.11833776,2.112264
2054,4387,451.09153368,4.02811488
2054,4388,452.2093572,4.0270176
2054,4389,453.61536912,8.3448144
2054,4390,456.97984296,13.63480128
2054,4391,460.81974384,15.52212288
2054,4392,466.00518432,20.3106528
2054,4393,471.29194032,16.0257744
2054,4394,475.1098956,13.17065184
2054,4395,478.7678004,13.16736
2054,4396,482.53229376,14.895576
2054,4397,487.09694808,17.00893728
2054,4398,491.8216224,17.00784
2054,4399,496.63020816,18.3684672
2054,4400,502.06387776,20.0143872
2054,4401,506.5147096,20.0363328
2057,4252,12.3181364,31.9747392
2057,4253,19.40908488,31.8814704
2057,4254,28.50068976,34.9812864
2057,4255,38.76998088,37.57745088
2057,4256,48.55838904,29.58925248
2057,4257,55.41117696,23.04726912
2057,4258,61.14556224,14.89228416
2057,4259,63.89299896,8.23398912
2057,4260,65.65279224,2.67516864
2057,4261,65.7892512,0
2057,4262,65.7892512,0
2057,4263,65.7892512,0
2057,4264,65.7892512,0
2057,4265,65.7892512,0
2057,4266,65.7892512,0
2057,4267,65.7892512,0
2057,4268,66.22051272,3.30610464
2057,4269,67.2330888,3.65613696
2057,4270,68.55125736,8.51160096
2057,4271,72.25747296,15.48700992
2057,4272,76.56124896,15.56381952
2057,4273,80.88892128,15.50676096
2057,4274,85.18971024,15.48042624
2057,4275,89.84842584,19.9814688
2057,4276,96.16171776,23.62004928
2057,4277,102.738936,23.66723232
2057,4278,109.31694672,23.701248
2057,4279,115.91129472,23.83401888
2057,4280,122.0961744,18.38602368
2057,4281,126.28086504,13.76647488
2057,4282,130.06309776,13.96508256
2057,4283,134.06941944,14.36997888
2057,4284,137.98210656,14.04408672
2057,4285,142.090902,16.760952
2057,4286,147.21705888,18.94783104
2057,4287,152.48817864,18.982944
2057,4288,157.7611272,18.982944
2057,4289,163.028376,18.93027456
2057,4290,168.22195464,18.04806144
2057,4291,173.0698596,17.28216
2057,4292,177.87128256,17.29093824
2057,4293,182.67316272,17.28435456
2057,4294,187.28067192,14.73537312
2057,4295,190.91946576,12.61762272
2057,4296,194.6443656,15.48700992
2057,4297,199.44978144,17.8143408
2057,4298,204.45417072,19.6029072
2057,4299,211.2951324,28.41735744
2057,4300,219.2135316,27.9093168
2057,4301,226.75464936,26.7242544
2057,4302,233.54099088,22.13872128
2057,4303,239.6258352,21.92145984
2057,4304,246.26489736,26.5596624
2057,4305,253.89187728,28.01026656
2057,4306,261.92125416,29.187648
2057,4307,269.74568352,27.29813184
2057,4308,277.30417488,27.03478464
2057,4309,284.77491432,27.15877728
2057,4310,291.3426228,16.35715296
2057,4311,294.53269008,10.15093728
2057,4312,297.09026688,6.20182656
2057,4313,297.8546748,1.36830816
2057,4314,298.1983368,0.76041504
2057,4315,298.2586872,0
2057,4316,298.2586872,0
2057,4317,298.2586872,0
2057,4318,298.2586872,0
2057,4319,298.2586872,0
2057,4320,298.2586872,0
2057,4321,298.2586872,0
2057,4322,298.2586872,0
2057,4323,298.2586872,0
2057,4324,298.2586872,0
2057,4325,298.2586872,0
2057,4326,298.2586872,0
2057,4327,298.37323104,1.80283104
2057,4328,299.34066624,4.11589728
2057,4329,300.56733384,5.47103808
2057,4330,302.42280384,7.13341728
2057,4331,304.5343668,9.22922208
2057,4332,307.61555952,11.79685728
2057,4333,310.90142544,12.06788544
2057,4334,314.3583756,12.61872
2057,4335,317.78807664,11.40183648
2057,4336,320.65441584,9.91721664
2057,4337,323.40837528,9.91502208
2057,4338,326.16230424,9.91611936
2057,4339,328.92982728,10.13996448
2057,4340,331.80339024,10.42416
2057,4341,334.73904096,11.08033344
2057,4342,337.98000984,11.88463968
2057,4343,341.27940888,11.81331648
2057,4344,344.51684208,11.20652064
2057,4345,347.4736764,10.42416
2057,4346,350.36921544,10.42416
2057,4347,353.11777992,8.08036992
2057,4348,354.78497496,5.20988544
2057,4349,356.08805592,2.88365184
2057,4350,356.3185152,0
2057,4351,356.3185152,0
2057,4352,356.3185152,0
2057,4353,356.3185152,0
2057,4354,356.3185152,0
2057,4355,356.3185152,0
2057,4356,356.3185152,0
2057,4357,356.3185152,0
2057,4358,356.3185152,0
2057,4359,356.3185152,0
2057,4360,356.4782304,2.49960384
2057,4361,357.82541592,5.76291456
2057,4362,359.54281152,7.60744224
2057,4363,362.14025616,10.122408
2057,4364,365.05853328,11.75516064
2057,4365,368.72040048,13.71709728
2057,4366,372.53079672,13.716
2057,4367,376.24838136,12.18639168
2057,4368,379.5028224,12.29721696
2057,4369,382.968246,12.47168448
2057,4370,386.44141152,13.0466592
2057,4371,390.82699584,18.24996096
2057,4372,395.95876104,18.4672224
2057,4373,401.10207816,19.18155168
2057,4374,407.42241096,26.0165088
2057,4375,414.73806816,26.0823456
2057,4376,421.5303228,22.96497312
2057,4377,427.87878864,22.8563424
2057,4378,433.88761584,17.18011296
2057,4379,436.85405136,7.40444544
2057,4380,438.81428112,5.4479952
2057,4381,439.6383384,1.74577248
2057,4382,440.12885304,1.78417728
2057,4383,440.62412256,1.78198272
2057,4384,441.09418512,1.2563856
2057,4385,441.25847232,0.27322272
2057,4386,441.3347028,0.27432
2057,4387,441.4109028,0.27432
2057,4388,441.4871028,0.27432
2057,4389,441.5633028,0.27432
2057,4390,441.88245888,4.51311264
2057,4391,444.62986512,12.6242064
2057,4392,448.31456184,15.93470016
2057,4393,453.8825568,22.12335936
2057,4394,459.83100312,19.60949088
2057,4395,464.91805416,18.11170368
2057,4396,469.6911612,14.37327072
2057,4397,472.8729684,10.42525728
2057,4398,475.88009472,12.62640096
2057,4399,480.15512808,16.75107648
2057,4400,484.8744684,18.17205408
2057,4401,490.42499832,20.8538064
2057,4402,496.0801356,18.26093376
2057,4403,500.25501168,13.41205344
2057,4404,503.426229257143,13.44168
2061,4255,16.80633672,31.58630208
2061,4256,25.58390616,31.70151648
2061,4257,34.89542424,35.55296928
2061,4258,44.85165528,34.84851552
2061,4259,52.04740416,16.18488
2061,4260,55.99319256,13.36925952
2061,4261,58.17543864,1.84233312
2061,4262,58.3603608,0.54864
2061,4263,58.51269984,0.54864
2061,4264,58.66513032,0.54864
2061,4265,58.81753032,0.54864
2061,4266,58.96993032,0.54864
2061,4267,59.12233032,0.54864
2061,4268,59.2747608,0.54864
2061,4269,59.42572824,0.65178432
2061,4270,59.99229048,3.57274368
2061,4271,61.06009632,4.22562528
2061,4272,63.27334056,12.05800992
2061,4273,66.83767176,12.77453376
2061,4274,70.48100712,14.2701264
2061,4275,74.94443736,18.077688
2061,4276,80.5987212,22.46571072
2061,4277,87.69830568,29.27872224
2061,4278,96.11282784,29.52999936
2061,4279,104.02494816,27.10720512
2061,4280,110.54907024,19.57437792
2061,4281,115.49682768,16.55685792
2061,4282,119.65314144,12.87548352
2061,4283,123.12079008,13.99909824
2061,4284,127.13165328,13.83450624
2061,4285,131.17305744,15.92372736
2061,4286,135.72338616,16.15086432
2061,4287,140.10826944,16.28802432
2061,4288,145.22491656,19.89039456
2061,4289,150.75868248,19.93538304
2061,4290,156.30208008,20.11643424
2061,4291,161.98279008,20.62008576
2061,4292,167.71220712,20.65958784
2061,4293,173.3385408,18.03050496
2061,4294,177.02274984,10.27273536
2061,4295,179.8682712,10.24640064
2061,4296,182.73329976,10.83234816
2061,4297,186.05339472,12.63079008
2061,4298,189.52534104,11.79576
2061,4299,192.91227864,16.5853872
2061,4300,200.31705936,31.66640352
2061,4301,208.69439592,31.00145184
2061,4302,217.56392352,31.16384928
2061,4303,225.5308164,26.48395008
2061,4304,232.22023152,23.09116032
2061,4305,239.1707688,26.55527328
2061,4306,246.7151784,27.432
2061,4307,254.35124136,27.97734816
2061,4308,262.45968336,29.71543968
2061,4309,270.34702344,27.20266848
2061,4310,277.91532936,27.42980544
2061,4311,285.05587896,21.94779456
2061,4312,289.62803136,10.9782864
2061,4313,291.31372776,1.92792096
2061,4314,291.5657364,1.02156768
2061,4315,291.7295664,0
2061,4316,291.7295664,0
2061,4317,291.7295664,0
2061,4318,291.7295664,0
2061,4319,291.7295664,0
2061,4320,291.7295664,0
2061,4321,291.7295664,0
2061,4322,291.7295664,0
2061,4323,291.7295664,0
2061,4324,291.7295664,0
2061,4325,291.7295664,0
2061,4326,291.7295664,0
2061,4327,291.7295664,0
2061,4328,291.7295664,0
2061,4329,291.87699816,2.23077024
2061,4330,293.1557256,5.48859456
2061,4331,294.6797256,5.4864
2061,4332,296.29848792,7.39676448
2061,4333,299.25510888,13.99909824
2061,4334,303.55794,14.63661792
2061,4335,307.17826296,12.43108512
2061,4336,310.62271632,12.34659456
2061,4337,313.99103064,11.29210848
2061,4338,316.84560456,9.89636832
2061,4339,319.59462624,9.8974656
2061,4340,322.34358696,9.8974656
2061,4341,325.09260864,9.8974656
2061,4342,327.8412036,9.8919792
2061,4343,330.66514512,11.1209328
2061,4344,334.05738624,12.61981728
2061,4345,337.56304344,12.61872
2061,4346,341.06638416,12.55507776
2061,4347,344.38913088,10.05218208
2061,4348,346.55997744,6.9457824
2061,4349,348.49042824,6.94687968
2061,4350,350.22117408,3.85913376
2061,4351,350.5334112,0
2061,4352,350.5334112,0
2061,4353,350.5334112,0
2061,4354,350.5334112,0
2061,4355,350.5334112,0
2061,4356,350.5334112,0
2061,4357,350.5334112,0
2061,4358,350.5334112,0
2061,4359,350.5334112,0
2061,4360,350.5334112,0
2061,4361,350.5334112,0
2061,4362,350.73561552,3.08445408
2061,4363,352.39945776,7.13451456
2061,4364,354.58908,10.33857216
2061,4365,358.24311384,14.19660864
2061,4366,362.16829776,14.19441408
2061,4367,366.06885384,13.27818528
2061,4368,369.51306336,12.05252352
2061,4369,372.80139816,11.5982496
2061,4370,376.01176512,11.5543584
2061,4371,379.21670664,11.39635008
2061,4372,382.67161464,14.08578336
2061,4373,386.73331848,14.68270368
2061,4374,390.81117672,15.1260048
2061,4375,396.28837176,24.73049664
2061,4376,403.42633056,25.78608
2061,4377,410.5883076,25.81241472
2061,4378,417.8615976,26.57173248
2061,4379,425.2365384,25.69720032
2061,4380,430.25924616,9.7987104
2061,4381,432.52351392,7.68754368
2061,4382,433.86652368,1.70846496
2061,4383,434.18022384,1.09728
2061,4384,434.4849324,1.06326432
2061,4385,434.65373064,0.09436608
2061,4386,434.6551632,0
2061,4387,434.6551632,0
2061,4388,434.6551632,0
2061,4389,434.6551632,0
2061,4390,434.6551632,0
2061,4391,434.66467296,0.52559712
2061,4392,436.25972184,11.39744736
2061,4393,439.73081472,12.591288
2061,4394,443.23305816,12.92705568
2061,4395,447.70907664,19.60510176
2061,4396,453.33516648,20.21299488
2061,4397,458.55450072,17.20425312
2061,4398,463.31370888,17.3150784
2061,4399,468.12747624,17.37652608
2061,4400,472.739466,15.89080896
2061,4401,477.28272336,16.72693632
2061,4402,482.11398624,18.5001408
2061,4403,487.3742856,18.94124736
2061,4404,492.36489792,15.45848064
2061,4405,496.05099672,12.61652544
2061,4406,498.972317485714,11.8098678857143
2101,4420,503.3997552,17.885664
2101,4421,505.1382328,17.885664
2102,4265,15.5761944,26.3333484
2102,4266,21.4714836,19.79712576
2102,4267,25.69701744,10.5668064
2102,4268,27.4336764,2.11665312
2102,4269,27.5283168,0
2102,4270,27.5283168,0
2102,4271,27.5283168,0
2102,4272,27.5283168,0
2102,4273,27.61430088,0.83832192
2102,4274,27.95397,1.2838176
2102,4275,28.30964112,1.2838176
2102,4276,28.59752472,0.62654688
2102,4277,28.71913992,0.41148
2102,4278,28.8334704,0.41477184
2102,4279,28.9465512,0.44110656
2102,4280,29.88890136,8.09682912
2102,4281,32.74448112,10.72920384
2102,4282,36.89485128,21.55167648
2102,4283,43.73541672,25.24951008
2102,4284,50.7473712,25.23744
2102,4285,58.20604056,29.50366464
2102,4286,66.74528688,30.92903136
2102,4287,75.34326816,30.96633888
2102,4288,82.77874224,20.13179616
2102,4289,87.5208816,16.4592
2102,4290,92.09056512,16.37032032
2102,4291,96.02653896,10.69079904
2102,4292,98.54281536,8.77824
2102,4293,100.98103248,8.77385088
2102,4294,103.60673208,10.60411392
2102,4295,106.70755392,11.2361472
2102,4296,110.2100412,17.42809824
2102,4297,116.73983256,26.1811008
2102,4298,124.1258376,28.38443904
2102,4299,132.8856372,33.45935904
2102,4300,142.17889776,33.2585568
2102,4301,151.1844576,29.1218112
2102,4302,157.85573712,21.3914736
2102,4303,163.79077224,21.34648512
2102,4304,169.71038448,21.012912
2102,4305,175.413162,20.29968
2102,4306,181.05403464,20.3051664
2102,4307,186.74330952,21.33880416
2102,4308,193.02773688,23.23161216
2102,4309,199.47861552,23.20418016
2102,4310,205.95311616,23.85706176
2102,4311,212.80428864,25.00920576
2102,4312,219.68880624,23.84608896
2102,4313,226.01675904,23.59261728
2102,4314,233.14801224,26.6145264
2102,4315,240.44260776,24.7326912
2102,4316,246.6843936,21.38927904
2102,4317,252.41606616,17.5619664
2102,4318,255.97097904,10.3089456
2102,4319,259.17332976,16.06856832
2102,4320,264.432026742857,26.5196900571429
2138,4261,23.9220925333333,30.6665376
2138,4262,31.50019608,25.48871712
2138,4263,37.24482264,15.03054144
2138,4264,40.30723968,8.22521088
2138,4265,41.83069104,3.09762144
2138,4266,42.23860488,0.16349472
2138,4267,42.29578536,0.64958976
2138,4268,42.5765976,1.09728
2138,4269,42.88179384,1.06216704
2138,4270,43.05065304,0.0932688
2138,4271,43.0520856,0
2138,4272,43.0520856,0
2138,4273,43.13301,0.34235136
2138,4274,43.30516104,1.32002784
2138,4275,43.61011344,0.15691104
2138,4276,43.92100944,2.13201504
2138,4277,44.79468816,4.67660736
2138,4278,46.37495424,7.0390512
2138,4279,49.271682,13.661136
2138,4280,54.43764576,24.85668384
2138,4281,62.09760504,28.13864832
2138,4282,69.91292088,28.1342592
2138,4283,77.73823416,28.23411168
2138,4284,85.00661688,22.08605184
2138,4285,90.41446992,18.81725472
2138,4286,95.62173408,18.76239072
2138,4287,100.704396,16.99467264
2138,4288,105.1220148,15.61209984
2138,4289,109.48300176,16.020288
2138,4290,114.06710232,16.74120096
2138,4291,118.7423076,16.84544256
2138,4292,123.39663408,16.73352
2138,4293,128.0928096,18.69874848
2138,4294,134.756652,27.67779072
2138,4295,142.95046848,32.01972768
2138,4296,151.83563232,29.89868544
2138,4297,159.27512976,23.86254816
2138,4298,165.23567664,18.88089696
2138,4299,169.96114344,16.33191552
2138,4300,174.15339312,13.80268512
2138,4301,177.92962128,14.30743392
2138,4302,182.46297264,18.93137184
2138,4303,188.32985448,21.96425376
2138,4304,194.4278052,21.94450272
2138,4305,200.64462792,23.83731072
2138,4306,207.98869248,28.76300064
2138,4307,216.29412672,29.873448
2138,4308,224.1861912,27.37603872
2138,4309,231.47328864,23.85815904
2138,4310,237.66164304,22.03118784
2138,4311,244.30930056,26.4663936
2138,4312,251.8972356,27.459432
2138,4313,259.70048136,28.87711776
2138,4314,267.38704968,24.18734304
2138,4315,272.6216544,13.9135104
2138,4316,275.16472272,4.86314496
2138,4317,275.7490548,0.29736288
2138,4318,275.7568272,0
2138,4319,275.7568272,0
2138,4320,275.7568272,0
2138,4321,275.7568272,0
2138,4322,275.7568272,0
2138,4323,275.7568272,0
2138,4324,275.7568272,0
2138,4325,275.7568272,0
2138,4326,275.7568272,0
2138,4327,275.7568272,0
2138,4328,275.7568272,0
2138,4329,275.7568272,0
2138,4330,275.7568272,0
2138,4331,275.7568272,0
2138,4332,275.7568272,0
2138,4333,275.7568272,0
2138,4334,275.8962732,2.25052128
2138,4335,277.38860448,8.5148928
2138,4336,280.2812784,10.9728
2138,4337,283.37889984,12.34220544
2138,4338,287.51969928,16.46139456
2138,4339,291.99760752,14.54664096
2138,4340,295.36890888,10.96511904
2138,4341,298.322238,9.06024096
2138,4342,300.16953936,5.47871904
2138,4343,301.6870776,5.15502144
2138,4344,302.9291376,4.21684704
2138,4345,304.14468,4.38912
2138,4346,305.36226456,4.50762624
2138,4347,307.06445064,7.91906976
2138,4348,309.3489876,8.2241136
2138,4349,311.61133512,8.23618368
2138,4350,314.30585856,11.25480096
2138,4351,317.50635,11.37440448
2138,4352,320.13759696,7.37481888
2138,4353,322.08542136,7.0006464
2138,4354,324.02315688,6.4520064
2138,4355,324.95608872,0.37526976
2138,4356,324.9616056,0
2138,4357,324.9616056,0
2138,4358,324.9616056,0
2138,4359,324.9616056,0
2138,4360,324.9616056,0
2138,4361,324.9616056,0
2138,4362,324.9616056,0
2138,4363,324.9616056,0
2138,4364,325.01512848,0.38295072
2138,4365,325.0710288,0
2138,4366,325.0710288,0
2138,4367,325.0710288,0
2138,4368,325.0710288,0
2138,4369,325.26079728,2.03874624
2138,4370,326.11314,3.25453248
2138,4371,327.60458736,8.1637632
2138,4372,330.077826,8.9647776
2138,4373,332.5675848,9.24897312
2138,4374,335.97003672,15.53858208
2138,4375,340.45516872,16.10587584
2138,4376,344.78982096,15.13368576
2138,4377,348.98210112,14.97567744
2138,4378,352.72455744,11.81112192
2138,4379,355.9257804,11.58617952
2138,4380,359.38059696,13.29793632
2138,4381,363.12573552,13.59859104
2138,4382,366.90531648,13.606272
2138,4383,370.68459264,13.606272
2138,4384,374.4816996,14.49836064
2138,4385,379.9167408,24.41448
2138,4386,386.84191872,24.09846336
2138,4387,392.23133136,15.0876
2138,4388,396.29967984,14.63003424
2138,4389,400.3287396,13.28476896
2138,4390,402.28436688,1.3057632
2138,4391,402.47614704,0.658368
2138,4392,402.65884416,0.658368
2138,4393,402.8416632,0.658368
2138,4394,403.02426888,0.63971424
2138,4395,403.17380376,0.44659296
2138,4396,403.29560184,0.438912
2138,4397,403.4175828,0.438912
2138,4398,403.53941136,0.438912
2138,4399,403.66745784,0.94695264
2138,4400,404.67927192,6.09429312
2138,4401,406.46091936,7.45821216
2138,4402,410.03601,17.83189728
2138,4403,415.13915448,18.63510624
2138,4404,420.66673296,21.03814944
2138,4405,426.52922568,20.62666944
2138,4406,431.52300792,15.56930592
2138,4407,435.7887144,15.36192
2138,4408,440.05070232,15.33119616
2138,4409,444.29327448,14.39741088
2138,4410,447.00593352,5.52590208
2138,4411,448.4196264,5.07382272
2138,4412,449.8293264,5.07711456
2138,4413,451.23984936,5.21976096
2138,4414,452.92042512,6.803136
2138,4415,454.83054576,7.3188576
2138,4416,458.28152184,19.17057888
2138,4417,464.32064616,22.2418656
2138,4418,470.509854,22.29782688
2138,4419,476.89943736,24.222456
2138,4420,483.7870944,24.8753376
2138,4421,490.69697136,24.87862944
2138,4422,497.42107272,23.07360384
2138,4423,503.68309728,22.48216992
2138,4424,507.7442728,22.49424
2148,4340,314.527624266667,5.9533536
2148,4341,315.97978968,5.52261024
2148,4342,317.99177448,9.56608704
2148,4343,320.8451292,10.33198848
2148,4344,323.71494312,10.33418304
2148,4345,326.5849704,10.32759936
2148,4346,329.38016928,9.71312256
2148,4347,332.0485104,9.6012
2148,4348,334.71462648,9.6012
2148,4349,337.38269328,9.50463936
2148,4350,339.27385536,3.24026784
2148,4351,339.86803248,2.0080224
2148,4352,340.4274624,1.99595232
2148,4353,340.7872788,0.3236976
2148,4354,340.7959656,0
2148,4355,340.7959656,0
2148,4356,340.7959656,0
2148,4357,340.7959656,0
2148,4358,340.7959656,0
2148,4359,340.7959656,0
2148,4360,340.7959656,0
2148,4361,340.7959656,0
2148,4362,340.7959656,0
2148,4363,340.9376976,1.18725696
2148,4364,341.33872296,1.4593824
2148,4365,341.7435888,1.4977872
2148,4366,342.62513136,5.46225984
2148,4367,344.35103088,6.3313056
2148,4368,346.46247192,9.31810176
2148,4369,349.19466864,9.87552
2148,4370,351.93753336,9.87552
2148,4371,354.67927032,9.89088192
2148,4372,357.68901792,12.11506848
2148,4373,361.13590968,12.399264
2148,4374,364.604808,12.52654848
2148,4375,368.08434384,12.52874304
2148,4376,371.56394064,12.52654848
2148,4377,375.1845684,15.42007584
2148,4378,380.60516208,21.726144
2148,4379,386.70271656,22.99459968
2148,4380,393.51581952,25.24182912
2148,4381,400.48430952,24.37497792
2148,4382,406.9525008,22.76417088
2148,4383,413.07160464,19.04439168
2148,4384,416.87605728,8.30970144
2148,4385,417.88936488,1.27613664
2148,4386,418.24476168,1.2838176
2148,4387,418.59909168,1.25528832
2148,4388,418.93866936,1.207008
2148,4389,419.27391888,1.207008
2148,4390,419.60922936,1.207008
2148,4391,419.94438744,1.207008
2148,4392,420.31435368,1.93340736
2148,4393,421.10719944,3.29513184
2148,4394,422.12385984,5.3327808
2148,4395,424.31774928,9.14802336
2148,4396,426.85783056,9.1403424
2148,4397,429.51346152,11.40732288
2148,4398,433.47022272,15.64282368
2148,4399,437.76256872,14.5718784
2148,4400,441.4366584,12.6022608
2148,4401,444.9415536,12.61872
2148,4402,448.43764008,12.42779328
2148,4403,451.82220024,12.06898272
2148,4404,455.12135544,10.6545888
2148,4405,457.85175384,11.686032
2148,4406,461.6770548,14.209776
2148,4407,465.62494632,14.1165072
2148,4408,469.591644,15.69220128
2148,4409,474.3546012,17.46211392
2148,4410,479.204274,17.4577248
2148,4411,484.053642,17.4577248
2148,4412,488.90139456,17.49283776
2148,4413,492.4732848,22.3515936
2149,4257,15.5774136,31.9089024
2149,4258,21.35468424,32.56946496
2149,4259,30.74660856,34.54895808
2149,4260,40.0455384,28.58524128
2149,4261,45.07156848,11.29320576
2149,4262,48.16973856,11.1593376
2149,4263,51.14540952,8.37114912
2149,4264,52.068984,0.054864
2149,4265,52.068984,0
2149,4266,52.068984,0
2149,4267,52.068984,0
2149,4268,52.068984,0
2149,4269,52.068984,0
2149,4270,52.068984,0
2149,4271,52.068984,0
2149,4272,52.10321304,0.94475808
2149,4273,52.99524072,4.57894944
2149,4274,54.2656776,4.5756576
2149,4275,55.66983024,7.57781568
2149,4276,59.280552,16.42518432
2149,4277,63.85471608,16.46249184
2149,4278,68.471034,18.00746208
2149,4279,74.98729224,27.99929376
2149,4280,82.84201872,28.20667968
2149,4281,90.57476424,25.88812704
2149,4282,96.63854688,19.38015936
2149,4283,102.01957752,19.35382464
2149,4284,107.29389768,16.93871136
2149,4285,110.76468576,9.71312256
2149,4286,113.45582592,9.6889824
2149,4287,116.17049664,10.26724896
2149,4288,119.25732816,11.53131552
2149,4289,122.4576672,11.52144
2149,4290,126.03062424,17.53124256
2149,4291,132.19273536,23.13175968
2149,4292,138.47661408,23.27769792
2149,4293,145.73301816,28.2494736
2149,4294,153.60386856,28.3427424
2149,4295,161.38239504,25.7696208
2149,4296,166.96026552,16.64902944
2149,4297,171.71164032,17.1943776
2149,4298,176.48718576,17.199864
2149,4299,181.2647124,17.1943776
2149,4300,186.04028832,17.2053504
2149,4301,190.81811976,17.29642464
2149,4302,196.5432696,24.00190272
2149,4303,202.82248488,20.44342368
2149,4304,208.30632456,19.6193664
2149,4305,213.75559992,19.6193664
2149,4306,221.72496168,42.86963232
2149,4307,232.87174152,33.5273904
2149,4308,241.51593048,26.45103168
2149,4309,248.26993272,23.0099616
2149,4310,254.48309784,24.0414048
2149,4311,261.74142216,25.91555904
2149,4312,268.88776296,25.04431872
2149,4313,274.26556272,13.23209952
2149,4314,277.60266552,11.88463968
2149,4315,280.89840696,11.35026432
2149,4316,282.71211936,1.18945152
2149,4317,282.74772,0
2149,4318,282.74772,0
2149,4319,282.74772,0
2149,4320,282.74772,0
2149,4321,282.74772,0
2149,4322,282.74772,0
2149,4323,282.74772,0
2149,4324,282.74772,0
2149,4325,282.79310472,0.4169664
2149,4326,282.94184712,0.54864
2149,4327,283.09418616,0.54864
2149,4328,283.24658616,0.54864
2149,4329,283.39916904,0.5321808
2149,4330,283.48372056,0.04718304
2149,4331,283.4844216,0
2149,4332,283.72606704,3.04824384
2149,4333,285.13637664,5.6729376
2149,4334,286.71124776,5.67074304
2149,4335,288.59360112,9.59461632
2149,4336,291.94100616,12.8052576
2149,4337,295.49701632,12.8052576
2149,4338,299.0241924,12.43327968
2149,4339,302.0075748,8.58731328
2149,4340,304.92993624,10.24749792
2149,4341,306.93942168,8.00026848
2149,4342,309.69152184,10.61508672
2149,4343,312.25223808,7.98380928
2149,4344,314.44908408,7.9113888
2149,4345,316.6469664,7.9113888
2149,4346,318.84494016,7.9113888
2149,4347,321.0429444,7.9113888
2149,4348,323.24094864,7.9113888
2149,4349,325.43880048,7.9113888
2149,4350,327.63649992,7.90809696
2149,4351,329.8336812,7.9113888
2149,4352,332.0318988,7.63597152
2149,4353,333.49365864,2.08263744
2149,4354,333.6377376,0
2149,4355,333.6377376,0
2149,4356,333.6377376,0
2149,4357,333.6377376,0
2149,4358,333.6377376,0
2149,4359,333.6377376,0
2149,4360,333.6377376,0
2149,4361,333.6377376,0
2149,4362,333.6377376,0
2149,4363,333.7555428,0.99194112
2149,4364,333.9443664,0
2149,4365,333.9443664,0
2149,4366,333.989172,1.17518688
2149,4367,335.06807256,5.48969184
2149,4368,336.58259328,5.49078912
2149,4369,338.64014568,9.55401696
2149,4370,341.37740208,9.80748864
2149,4371,344.09822976,9.84699072
2149,4372,346.74758184,7.98490656
2149,4373,348.937326,9.72958176
2149,4374,351.85694424,10.56900096
2149,4375,354.7936008,10.57668192
2149,4376,357.73056216,10.6052112
2149,4377,360.7756056,12.69223776
2149,4378,365.21690736,18.0941472
2149,4379,370.46150952,19.46684448
2149,4380,375.88984512,20.2777344
2149,4381,382.19518176,24.50445696
2149,4382,389.02556688,24.58894752
2149,4383,395.78551272,22.80586752
2149,4384,401.05215192,16.43396256
2149,4385,405.61543464,15.93470016
2149,4386,409.25986728,9.92160576
2149,4387,410.71086768,0.70884288
2149,4388,410.7274488,0
2149,4389,410.7274488,0
2149,4390,410.7274488,0
2149,4391,410.7274488,0
2149,4392,410.7274488,0
2149,4393,410.7274488,0
2149,4394,411.15666816,3.9666672
2149,4395,412.61559336,5.6619648
2149,4396,414.49886112,7.43846112
2149,4397,416.96755824,10.7972352
2149,4398,420.05009208,12.26978496
2149,4399,424.7695848,19.86844896
2149,4400,429.31759704,13.54482432
2149,4401,433.05078744,13.4855712
2149,4402,436.8334164,13.71270816
2149,4403,440.6274144,13.22441856
2149,4404,443.94263256,11.25370368
2149,4405,447.13333992,11.24602272
2149,4406,450.18579,10.97499456
2149,4407,453.15771192,10.41977088
2149,4408,456.1295424,10.98267552
2149,4409,458.95202088,8.71459776
2149,4410,461.35905696,11.18567232
2149,4411,465.24141648,14.81328
2149,4412,469.36468992,14.8571712
2149,4413,473.53929168,16.57880352
2149,4414,478.69790976,19.20130272
2149,4415,484.0798548,19.73896992
2149,4416,489.63004944,20.00560896
2149,4417,494.69006472,15.48042624
2149,4418,498.67684872,14.182344
2149,4419,502.61556576,14.19441408
2149,4420,506.56016544,14.1988032
2149,4421,510.50473464,14.1988032
2149,4422,513.2659026,14.1988032
2165,4309,16.7641016,11.8835424
2165,4310,19.30533096,10.28041632
2165,4311,21.75638016,8.23947552
2165,4312,24.0423192,8.2296
2165,4313,26.44283256,10.07961408
2165,4314,29.70019968,12.34549728
2165,4315,33.41485824,16.64354304
2165,4316,39.0864852,21.94889184
2165,4317,45.17666352,21.83367744
2165,4318,51.2089908,21.67128
2165,4319,57.27432792,22.41084672
2165,4320,63.68332704,23.32049184
2165,4321,70.14840936,24.1511328
2165,4322,77.64709896,28.93637088
2165,4323,85.60378104,28.14084288
2165,4324,93.43604376,28.43491392
2165,4325,101.34414072,28.4963616
2165,4326,109.22440944,27.91260864
2165,4327,116.84276352,27.28167264
2165,4328,124.4585268,27.88517664
2165,4329,132.46519608,29.571696
2165,4330,140.78202984,31.18360032
2165,4331,146.18208,33.4176624
2185,4263,20.0537064,24.2279424
2185,4264,24.22324848,23.42912256
2185,4265,29.90307456,14.9614128
2185,4266,32.52130656,6.11623872
2185,4267,33.55247544,1.8159984
2185,4268,34.22041416,1.9696176
2185,4269,34.47635472,0.88550496
2185,4270,34.84985664,1.48791168
2185,4271,35.2560636,1.4593824
2185,4272,35.66324592,1.37598912
2185,4273,35.87044896,0.41367456
2185,4274,36.19670688,1.12142016
2185,4275,36.3859572,1.30686048
2185,4276,36.89820408,1.03473504
2185,4277,37.23790368,1.47474432
2185,4278,37.85323392,4.22123616
2185,4279,39.24860832,5.6125872
2185,4280,42.63764904,20.84063904
2185,4281,49.38564672,24.99494112
2185,4282,56.32777152,24.99384384
2185,4283,63.27410256,25.38886464
2185,4284,71.00245896,29.93050656
2185,4285,79.32456576,29.93270112
2185,4286,87.12583032,24.36949152
2185,4287,92.77566408,16.9145712
2185,4288,96.77494488,13.16077632
2185,4289,100.4325144,13.16736
2185,4290,104.0748744,12.94461216
2185,4291,107.60976192,12.61872
2185,4292,111.1151448,12.61872
2185,4293,114.8647944,16.98699168
2185,4294,121.04988744,24.90496416
2185,4295,127.9038336,24.50006784
2185,4296,134.84861016,25.40312928
2185,4297,141.89714064,25.4075184
2185,4298,148.95036504,25.4075184
2185,4299,155.85076272,22.38231744
2185,4300,161.07479088,16.56673344
2185,4301,165.54096432,16.3000944
2185,4302,170.11229376,16.46578368
2185,4303,175.26131064,21.8029536
2185,4304,181.6065456,22.3625664
2185,4305,187.72028496,21.95986464
2185,4306,193.81847952,21.81502368
2185,4307,199.59459192,19.90356192
2185,4308,205.47229416,23.56737984
2185,4309,212.62201824,26.75278368
2185,4310,219.6637212,23.07250656
2185,4311,225.77895408,21.88305504
2185,4312,232.04353896,24.69318912
2185,4313,239.85129576,30.06327744
2185,4314,248.22018936,29.70666144
2185,4315,255.731772,23.64748128
2185,4316,260.77386504,13.28915808
2185,4317,264.33115536,12.85353792
2185,4318,267.861288,11.39635008
2185,4319,269.41076928,0.4608576
2185,4320,269.4179016,0
2185,4321,269.4179016,0
2185,4322,269.4179016,0
2185,4323,269.4179016,0
2185,4324,269.4179016,0
2185,4325,269.4179016,0
2185,4326,269.4179016,0
2185,4327,269.4179016,0
2185,4328,269.4179016,0
2185,4329,269.4179016,0
2185,4330,269.4179016,0
2185,4331,269.4179016,0
2185,4332,269.4179016,0
2185,4333,269.89588896,2.99118528
2185,4334,270.2899344,0
2185,4335,270.2899344,0
2185,4336,270.2899344,0
2185,4337,270.2899344,0
2185,4338,270.2899344,0
2185,4339,270.862044,7.30459296
2185,4340,274.60145232,16.32423456
2185,4341,279.17497632,16.4592
2185,4342,283.63983912,15.90836544
2185,4343,288.02734368,14.95702368
2185,4344,291.59646024,11.10337632
2185,4345,294.30729048,7.40334816
2185,4346,295.93848864,5.4864
2185,4347,297.45928824,5.38654752
2185,4348,298.9700904,6.3313056
2185,4349,301.46356776,10.92232512
2185,4350,304.5131832,10.9728
2185,4351,307.56121368,10.9728
2185,4352,310.59747888,10.4954832
2185,4353,312.4765404,2.70918432
2185,4354,313.01341512,1.8763488
2185,4355,313.53386112,1.8763488
2185,4356,314.05427664,1.8763488
2185,4357,314.57466168,1.8763488
2185,4358,315.09504672,1.8763488
2185,4359,315.61549272,1.8763488
2185,4360,316.1359692,1.8763488
2185,4361,316.65635424,1.8763488
2185,4362,317.17673928,1.8763488
2185,4363,317.6971548,1.8763488
2185,4364,318.2183628,1.81929024
2185,4365,318.50902008,0.16568928
2185,4366,318.5117328,0
2185,4367,318.5117328,0
2185,4368,318.5117328,0
2185,4369,318.5117328,0
2185,4370,318.60737904,1.84672224
2185,4371,319.75476816,4.67112096
2185,4372,320.8429956,4.1093136
2185,4373,322.72873224,10.4899968
2185,4374,326.19229656,12.94900128
2185,4375,329.7896376,12.947904
2185,4376,333.35308488,12.39158304
2185,4377,336.97785792,14.31292032
2185,4378,340.87207416,12.90291552
2185,4379,344.116152,10.97170272
2185,4380,347.20277016,11.50607808
2185,4381,350.49293376,11.9384064
2185,4382,353.8100112,11.9384064
2185,4383,357.12407112,11.78917632
2185,4384,360.24955128,10.83893184
2185,4385,363.70912272,15.0821136
2185,4386,368.39612376,18.1709568
2185,4387,373.88874168,20.88891936
2185,4388,379.59938304,18.97306848
2185,4389,384.194304,15.35753088
2185,4390,388.38536496,13.28915808
2185,4391,390.99052104,6.9622416
2185,4392,392.9198136,6.9457824
2185,4393,394.79351064,5.43921696
2185,4394,395.52381144,0.91513152
2185,4395,395.77713072,0.9107424
2185,4396,396.03026712,0.88989408
2185,4397,396.2660604,0.82296
2185,4398,396.47756112,0.79113888
2185,4399,397.027146,2.99667168
2185,4400,397.93124376,4.690872
2185,4401,400.09453128,9.68569056
2185,4402,402.37428288,4.361688
2185,4403,402.6685368,0
2185,4404,403.6170744,15.6033216
2185,4405,412.43103696,36.182808
2185,4406,419.4765804,16.9420032
2185,4407,423.97408728,15.5978352
2185,4408,427.96273056,13.07079936
2185,4409,431.5044456,12.9863088
2185,4410,435.0523176,12.43108512
2185,4411,438.4272156,11.41390656
2185,4412,441.27993024,9.1842336
2185,4413,443.73308256,8.78153184
2185,4414,446.10735264,7.43846112
2185,4415,447.70270632,4.9322736
2185,4416,449.34899208,9.77457024
2185,4417,453.711564,18.77775264
2185,4418,459.07415424,21.13141824
2185,4419,465.51442584,23.54323968
2185,4420,472.10636592,24.87862944
2185,4421,479.184462,25.41958848
2185,4422,486.01707216,23.85815904
2185,4423,492.64281456,23.85376992
2185,4424,499.07683776,22.22101728
2185,4425,505.17372168,21.9456
2185,4426,508.830834,21.9456
2220,4267,8.8949784,25.8189984
2220,4268,13.5517128,19.60400448
2220,4269,16.87796472,7.95747456
2220,4270,18.9421008,5.21427456
2220,4271,19.4367912,0
2220,4272,19.4367912,0
2220,4273,19.4367912,0
2220,4274,19.4367912,0
2220,4275,19.4367912,0
2220,4276,19.4367912,0
2220,4277,19.4367912,0
2220,4278,19.4367912,0
2220,4279,19.4367912,0
2220,4280,19.50558456,1.35404352
2220,4281,20.46195552,4.443984
2220,4282,21.8578176,7.55148096
2220,4283,25.04431872,13.44826368
2220,4284,28.9960812,17.37213696
2220,4285,35.16316056,24.67672992
2220,4286,42.08946624,26.1317232
2220,4287,49.85284416,28.81237824
2220,4288,57.89487024,29.66386752
2220,4289,66.43841424,31.27686912
2220,4290,74.62607376,23.7067344
2220,4291,79.3633668,14.35132512
2220,4292,83.33661768,14.27671008
2220,4293,87.30319344,14.27780736
2220,4294,91.14019872,11.78259264
2220,4295,93.53781648,7.02698112
2220,4296,95.55254448,8.18351424
2220,4297,98.19607488,10.15422912
2220,4298,101.22593928,13.96069344
2220,4299,106.41598224,21.12044544
2220,4300,112.40106552,23.426928
2220,4301,119.733822,27.83360448
2220,4302,127.40795448,27.78422688
2220,4303,135.39319632,29.19532896
2220,4304,143.42809008,28.86065856
2220,4305,151.40446224,28.00148832
2220,4306,158.86904472,26.31716352
2220,4307,166.18019088,26.48504736
2220,4308,173.61426288,26.88336
2220,4309,181.06089264,26.41262688
2220,4310,188.23070304,25.53041376
2220,4311,195.28785936,24.84022464
2220,4312,201.94886712,23.56079616
2220,4313,208.53586944,24.4583712
2220,4314,215.68507536,26.2304784
2220,4315,222.60501072,23.37316128
2220,4316,228.84786336,21.96535104
2220,4317,234.9438024,21.9456
2220,4318,241.00450656,20.79674784
2220,4319,245.35406352,10.94207616
2220,4320,248.25560712,10.42416
2220,4321,251.14815912,10.02804192
2220,4322,253.32184032,5.82765408
2220,4323,254.895096,5.6729376
2220,4324,256.4547576,5.48310816
2220,4325,257.86134864,4.69196928
2220,4326,259.15245096,4.27500288
2220,4327,259.74937128,0.17117568
2220,4328,259.75056,0
2220,4329,259.75056,0
2220,4330,259.75056,0
2220,4331,259.75056,0
2220,4332,259.75056,0
2220,4333,259.75056,0
2220,4334,259.75214496,0.13935456
2220,4335,260.19803688,2.9132784
2220,4336,261.03724272,2.7761184
2220,4337,261.4242168,0.10533888
2220,4338,261.4248264,0
2220,4339,261.4248264,0
2220,4340,261.45951264,1.2289536
2220,4341,263.47966608,12.85024608
2220,4342,267.23574696,13.5843264
2220,4343,270.97805088,13.69515168
2220,4344,275.25768672,16.90140384
2220,4345,279.9673344,16.18597728
2220,4346,283.343604,8.46880704
2220,4347,285.5936376,8.09244
2220,4348,287.84150712,8.09353728
2220,4349,290.08910232,8.01782496
2220,4350,292.1910336,7.16304384
2220,4351,294.17183736,7.13232
2220,4352,296.15395176,7.324344
2220,4353,298.49646168,9.43770528
2220,4354,301.13898624,9.51122304
2220,4355,303.78123648,9.62972928
2220,4356,306.64766712,10.73798208
2220,4357,309.00450264,5.96261952
2220,4358,310.21501584,1.92901824
2220,4359,310.3180992,0
2220,4360,310.3180992,0
2220,4361,310.3180992,0
2220,4362,310.3180992,0
2220,4363,310.3180992,0
2220,4364,310.33785024,0.7845552
2220,4365,311.27687808,5.36240736
2220,4366,312.800238,5.43482784
2220,4367,313.77663432,0.8887968
2220,4368,313.8025728,0
2220,4369,313.8025728,0
2220,4370,313.8025728,0
2220,4371,313.8025728,0
2220,4372,313.8025728,0
2220,4373,313.8025728,0
2220,4374,314.22408072,4.02811488
2220,4375,315.69275952,5.67952128
2220,4376,317.90874696,10.50535872
2220,4377,320.95110816,11.03753952
2220,4378,324.26769792,12.93802848
2220,4379,327.9097836,13.112496
2220,4380,331.5533628,13.09932864
2220,4381,334.98077784,11.30856768
2220,4382,338.0355444,10.9728
2220,4383,341.20293456,12.56714784
2220,4384,344.84343528,12.99069792
2220,4385,348.51313584,13.53604608
2220,4386,352.33587648,13.8037824
2220,4387,356.16913272,13.80268512
2220,4388,360.10019928,15.14685312
2220,4389,364.57899144,16.4592
2220,4390,368.9974332,14.00897376
2220,4391,372.32563584,11.92414176
2220,4392,375.93916176,12.9808224
2220,4393,379.18683624,12.98960064
2220,4394,382.54917648,7.30459296
2220,4395,384.0018228,4.9706784
2220,4396,385.3827192,4.9706784
2220,4397,386.76459096,5.00579136
2220,4398,388.15691736,4.9816512
2220,4399,389.53787472,4.9706784
2220,4400,390.9186492,4.9706784
2220,4401,392.29948464,4.9706784
2220,4402,393.680442,4.9706784
2220,4403,395.061186,4.9706784
2220,4404,396.44220432,4.96848384
2220,4405,398.07980328,8.2350864
2220,4406,400.8359268,10.93110336
2220,4407,404.68683096,16.26498144
2220,4408,409.26026352,16.4592
2220,4409,413.83311696,16.48004832
2220,4410,418.48911984,16.8816528
2220,4411,422.93874264,15.49249632
2220,4412,427.18744128,14.5883376
2220,4413,431.09836056,13.81146336
2220,4414,434.88275736,13.0302
2220,4415,437.99217456,8.586216
2220,4416,439.29613944,1.4045184
2220,4417,439.64099016,1.91146176
2220,4418,440.75875272,6.44871456
2220,4419,443.1729516,10.7972352
2220,4420,446.80680768,17.01222912
2220,4421,452.3913228,21.12373728
2220,4422,458.34379248,22.96168128
2220,4423,465.35154072,26.28643968
2220,4424,472.52330184,25.45909056
2220,4425,479.81317296,26.89213824
2220,4426,487.17671424,25.20013248
2220,4427,493.51122024,19.2517776
2220,4428,497.36191104,8.75739168
2220,4429,498.85494336,3.61114848
2220,4430,499.624731,5.1352704
2254,4283,15.6427932,13.44168
2254,4284,17.88304272,13.44387456
2254,4285,21.69240264,15.3838656
2254,4286,27.426666,24.69318912
2254,4287,34.33306824,24.853392
2254,4288,41.24913264,25.32193056
2254,4289,48.66287448,27.69424992
2254,4290,56.33691552,26.76595104
2254,4291,62.9962164,21.88634688
2254,4292,69.0571644,21.8248992
2254,4293,75.12003264,21.87537408
2254,4294,81.13742472,19.82016864
2254,4295,85.04160792,9.66374496
2254,4296,87.6693192,9.46184544
2254,4297,90.2980668,9.46513728
2254,4298,92.9303196,9.8151696
2254,4299,96.04592424,12.32135712
2254,4300,99.53905416,14.20538688
2254,4301,104.92654656,23.3830368
2254,4302,111.49276152,24.23781792
2254,4303,118.7993052,27.80617248
2254,4304,126.48090528,27.75460032
2254,4305,134.71541256,31.09362336
2254,4306,143.26429056,30.34857024
2254,4307,151.40211528,28.5402528
2254,4308,159.31920384,28.15949664
2254,4309,166.8409668,26.32045536
2254,4310,174.16015968,26.59148352
2254,4311,181.7691564,27.97734816
2254,4312,189.53570424,27.48466944
2254,4313,196.72663728,24.70964832
2254,4314,203.5547364,23.98983264
2254,4315,210.19962024,24.68221632
2254,4316,217.09297704,23.9042448
2254,4317,223.20446088,20.53888704
2254,4318,228.86636472,20.5301088
2254,4319,234.58243152,20.44561824
2254,4320,239.36577984,12.9533904
2254,4321,242.600988,11.47315968
2254,4322,245.26512288,7.05989952
2254,4323,247.01138304,6.21938304
2254,4324,248.73901992,6.21279936
2254,4325,250.3374216,5.13856224
2254,4326,251.714508,4.90154976
2254,4327,252.60400584,0.8833104
2254,4328,252.66328944,0.1536192
2254,4329,252.70684536,0.1536192
2254,4330,252.75030984,0.15471648
2254,4331,252.79392672,0.15471648
2254,4332,252.83748264,0.15471648
2254,4333,252.88048992,0.16568928
2254,4334,253.07394648,1.41219936
2254,4335,253.5266964,1.64153088
2254,4336,253.92869712,1.18286784
2254,4337,254.23553928,1.09069632
2254,4338,254.43167808,0.1755648
2254,4339,254.436372,0
2254,4340,254.436372,0
2254,4341,254.436372,0
2254,4342,255.38618976,7.69303008
2254,4343,257.8989,9.45416448
2254,4344,261.52224048,17.73862848
2254,4345,266.88159984,19.531584
2254,4346,272.5161936,21.28832928
2254,4347,277.50006984,13.01593536
2254,4348,280.684986,11.14946208
2254,4349,283.02420408,4.81596192
2254,4350,284.0493684,3.60895392
2254,4351,285.5668152,7.95418272
2254,4352,287.98650048,8.7837264
2254,4353,290.5076232,9.47281824
2254,4354,293.17224576,9.59900544
2254,4355,295.81156992,9.3707712
2254,4356,298.4043816,9.30603168
2254,4357,300.66380304,6.54856704
2254,4358,302.35221216,5.97249504
2254,4359,303.42416328,0.99962208
2254,4360,303.4540032,0
2254,4361,303.4797588,0.24579072
2254,4362,303.57723384,0.3621024
2254,4363,303.67830552,0.37417248
2254,4364,303.94573704,1.75345344
2254,4365,304.49937576,2.0080224
2254,4366,305.05804368,2.00582784
2254,4367,305.76106488,3.40924896
2254,4368,306.34862784,0.21177504
2254,4369,306.3502128,0
2254,4370,306.57655728,1.49888448
2254,4371,306.8205192,0
2254,4372,306.8205192,0
2254,4373,306.8205192,0
2254,4374,306.8205192,0
2254,4375,306.83542392,0.50365152
2254,4376,307.64411928,5.03212608
2254,4377,309.58423224,9.53316864
2254,4378,312.55984224,10.95195168
2254,4379,315.60796416,10.9728
2254,4380,318.65596416,10.9728
2254,4381,321.71377872,11.47315968
2254,4382,325.33023072,14.16698208
2254,4383,329.27163,14.1878304
2254,4384,333.21074328,13.92667776
2254,4385,336.6628776,11.07265248
2254,4386,339.7096584,10.9728
2254,4387,342.74397288,10.890504
2254,4388,345.78407856,11.21529888
2254,4389,349.28702304,13.8751056
2254,4390,353.16767568,13.9683744
2254,4391,357.04692624,13.96398528
2254,4392,361.09363392,15.69768768
2254,4393,365.51207568,15.46177248
2254,4394,369.34801416,11.70029664
2254,4395,372.17037072,7.95308544
2254,4396,373.79428416,5.03541792
2254,4397,375.28643256,5.66306208
2254,4398,376.85804232,5.6619648
2254,4399,378.429774,5.6619648
2254,4400,380.00138376,5.6619648
2254,4401,381.57308496,5.6619648
2254,4402,383.14469472,5.66306208
2254,4403,384.48404688,2.58080256
2254,4404,385.16655504,6.86019456
2254,4405,388.46235744,13.60298016
2254,4406,392.22962448,13.551408
2254,4407,395.99408736,13.551408
2254,4408,399.7584588,13.551408
2254,4409,403.5227388,13.551408
2254,4410,407.28723216,13.551408
2254,4411,411.10445592,14.83961472
2254,4412,415.65694872,16.71047712
2254,4413,419.74212216,13.2661152
2254,4414,423.62539608,14.4511776
2254,4415,427.6383624,14.4511776
2254,4416,431.01140112,7.23985344
2254,4417,432.057048,2.87816544
2254,4418,432.85641648,2.8748736
2254,4419,433.65593736,2.8748736
2254,4420,434.78427648,7.75008864
2254,4421,438.11406408,13.70063808
2254,4422,441.83454432,12.62859552
2254,4423,446.11561272,19.64899296
2254,4424,451.87703376,21.15336384
2254,4425,458.63006064,27.76886496
2254,4426,466.5092016,27.74582208
2254,4427,473.53206792,23.48837568
2254,4428,480.07984248,23.40717696
2254,4429,485.89271376,17.4686976
2254,4430,490.0585068,11.80014912
2254,4431,493.33090056,14.85497664
2254,4432,497.29128888,11.83087296
2254,4433,499.4072562,10.3254048
2262,4287,20.7635856,22.1713261714286
2262,4288,25.93857144,19.32748992
2262,4289,29.98756512,14.81766912
2262,4290,35.95134288,25.39544832
2262,4291,43.00191552,25.3855728
2262,4292,50.05276248,25.3746
2262,4293,57.0917832,24.76122048
2262,4294,63.09545928,18.7415424
2262,4295,68.22652344,18.4672224
2262,4296,73.31854272,17.1230544
2262,4297,77.25021888,12.72405888
2262,4298,80.91440256,13.1893056
2262,4299,84.57867768,13.39449696
2262,4300,88.62818952,15.65050464
2262,4301,92.98984704,15.62636448
2262,4302,97.34452464,16.23206304
2262,4303,102.5967468,21.33222048
2262,4304,108.58646304,21.58240032
2262,4305,114.5848356,21.79966176
2262,4306,120.83433288,23.02312896
2262,4307,127.60698888,28.02123936
2262,4308,136.442196,33.04897632
2262,4309,145.54120752,32.70223584
2262,4310,154.51540344,31.22419968
2262,4311,162.917124,29.94038208
2262,4312,171.23990136,29.98537056
2262,4313,179.83513944,31.13861184
2262,4314,187.4655636,24.53956992
2262,4315,194.27473464,24.50445696
2262,4316,201.04297104,23.44228992
2262,4317,207.01747776,20.35893312
2262,4318,212.66816496,20.29858272
2262,4319,218.28123984,19.4602608
2262,4320,223.20123,16.64683488
2262,4321,227.83031904,16.57880352
2262,4322,232.34142,15.89848992
2262,4323,236.59027104,13.44497184
2262,4324,239.73925128,9.54194688
2262,4325,241.6826256,5.48420544
2262,4326,243.206016,5.4864
2262,4327,244.7152332,5.0804064
2262,4328,245.94668616,3.79549152
2262,4329,246.86242728,2.48314464
2262,4330,247.1281824,0
2262,4331,247.1281824,0
2262,4332,247.1281824,0
2262,4333,247.1281824,0
2262,4334,247.1281824,0
2262,4335,247.1281824,0
2262,4336,247.1281824,0
2262,4337,247.1281824,0
2262,4338,247.1281824,0
2262,4339,247.1281824,0
2262,4340,247.1281824,0
2262,4341,247.1281824,0
2262,4342,247.1281824,0
2262,4343,247.94059632,8.56865952
2262,4344,251.36837712,13.30342272
2262,4345,255.06078528,13.21015392
2262,4346,258.72527376,13.2386832
2262,4347,262.90459992,18.06452064
2262,4348,267.9371832,16.63805664
2262,4349,272.44529712,15.49688544
2262,4350,276.0427296,10.5558336
2262,4351,278.25704064,5.68061856
2262,4352,279.7795776,5.4864
2262,4353,281.30363856,5.48420544
2262,4354,282.909264,6.51016224
2262,4355,285.34104984,10.77309504
2262,4356,288.39039096,10.9728
2262,4357,291.43842144,10.9728
2262,4358,294.48642144,10.9728
2262,4359,297.37866864,8.51160096
2262,4360,298.816776,1.93011552
2262,4361,298.9201032,0
2262,4362,298.9201032,0
2262,4363,298.9201032,0
2262,4364,298.9201032,0
2262,4365,298.9201032,0
2262,4366,298.9201032,0
2262,4367,299.005752,0.62325504
2262,4368,299.5649076,2.935224
2262,4369,299.98266648,0.164592
2262,4370,299.98416,0
2262,4371,299.98416,0
2262,4372,299.98416,0
2262,4373,299.98416,0
2262,4374,299.98416,0
2262,4375,299.98416,0
2262,4376,299.98416,0
2262,4377,300.12052752,2.1835872
2262,4378,301.54098696,7.95637728
2262,4379,304.35718656,10.96841088
2262,4380,307.64902656,13.98922272
2262,4381,312.0330564,16.37580672
2262,4382,316.60008816,16.46688096
2262,4383,320.84784192,12.9533904
2262,4384,324.26093136,12.94900128
2262,4385,327.90621744,13.1234688
2262,4386,331.55308848,13.11139872
2262,4387,334.98257616,11.30966496
2262,4388,338.03725128,10.9728
2262,4389,341.08482456,10.93000608
2262,4390,344.10524016,10.72371744
2262,4391,347.164914,11.55545568
2262,4392,350.40563904,11.65969728
2262,4393,353.64432192,11.65969728
2262,4394,356.87163576,11.41939296
2262,4395,359.9433492,10.82576448
2262,4396,362.9668128,10.9728
2262,4397,366.0102408,10.56570912
2262,4398,368.49027648,7.49881152
2262,4399,370.3550124,5.80790304
2262,4400,371.70427056,3.7526976
2262,4401,372.62147472,3.29184
2262,4402,373.535448,3.29074272
2262,4403,374.55003576,4.6195488
2262,4404,376.06836648,5.705856
2262,4405,377.65387512,5.7113424
2262,4406,379.31899752,7.34519232
2262,4407,381.8345424,9.6889824
2262,4408,384.52702368,9.6999552
2262,4409,387.25909848,11.30417856
2262,4410,391.0353876,14.53786272
2262,4411,395.16423888,15.73170336
2262,4412,399.74440752,16.70389344
2262,4413,404.4066588,17.66949984
2262,4414,409.75516728,20.02755456
2262,4415,415.29301752,19.23422112
2262,4416,419.31296376,8.79140736
2262,4417,421.25499696,6.72084
2262,4418,423.1219884,6.72193728
2262,4419,424.98882744,6.7263264
2262,4420,426.54400848,2.86499808
2262,4421,426.78653784,1.25199648
2262,4422,427.9957404,7.41871008
2262,4423,430.84488888,12.03386976
2262,4424,434.23328952,14.08797792
2262,4425,438.85664832,17.53124256
2262,4426,443.84357256,18.5220864
2262,4427,448.32519936,14.03750304
2262,4428,454.19729328,27.404568
2262,4429,461.04538728,22.20565536
2262,4430,467.12026464,20.73639744
2262,4431,472.56640056,19.42953696
2262,4432,477.9588612,18.59231232
2262,4433,482.46054384,13.85096544
2262,4434,486.23238288,13.139928
2262,4435,488.84055648,4.4769024
2262,4436,489.38114976,1.85879232
2262,4437,490.39994376,5.650992
2262,4438,492.32085432,8.08914816
2262,4439,494.74380096,8.81554752
2262,4440,497.68103664,12.93802848
2262,4441,501.46997496,13.69624896
2262,4442,503.7554568,13.716
2263,4289,20.4095096,21.232368
2263,4290,25.0464828,20.62666944
2263,4291,29.89374768,14.5499328
2263,4292,35.40111792,26.55527328
2263,4293,42.74009232,24.853392
2263,4294,49.58952744,24.50335968
2263,4295,56.39662584,24.50445696
2263,4296,62.4897912,17.0242992
2263,4297,66.4611828,13.90473216
2263,4298,70.32174912,13.90582944
2263,4299,73.98011112,12.55946688
2263,4300,77.7637764,14.57407296
2263,4301,81.7996332,14.46983136
2263,4302,86.11672896,18.28178208
2263,4303,91.8526992,21.29930208
2263,4304,97.77279912,21.3914736
2263,4305,103.7109432,21.3640416
2263,4306,109.65061128,21.39696
2263,4307,115.6013436,21.51985536
2263,4308,121.8570588,25.02676224
2263,4309,129.35961936,27.84457728
2263,4310,137.20072128,28.07829792
2263,4311,145.09793688,29.65728384
2263,4312,153.64181616,31.08703968
2263,4313,162.27326448,31.0091328
2263,4314,170.49542736,27.69973632
2263,4315,178.02816312,27.07648128
2263,4316,185.55013944,27.06550848
2263,4317,192.77795328,24.59662848
2263,4318,199.49214864,24.12150624
2263,4319,206.19393864,23.98215168
2263,4320,211.94551464,16.59197088
2263,4321,216.24441384,15.46945344
2263,4322,220.69010472,16.42737888
2263,4323,225.24116496,16.3933632
2263,4324,229.761288,15.08979456
2263,4325,233.0848272,8.50392
2263,4326,234.84010944,5.48420544
2263,4327,236.36429232,5.48201088
2263,4328,238.08622944,6.4081152
2263,4329,239.2102404,2.19346272
2263,4330,239.8193832,2.19456
2263,4331,240.41167056,1.90597536
2263,4332,240.83134968,1.28162304
2263,4333,241.18662456,1.2838176
2263,4334,241.52723856,0.89757504
2263,4335,241.616484,0
2263,4336,241.616484,0
2263,4337,241.616484,0
2263,4338,241.616484,0
2263,4339,241.65790632,0.4828032
2263,4340,241.76736,0.01426464
2263,4341,241.76736,0
2263,4342,241.76736,0
2263,4343,241.76736,0
2263,4344,241.7731512,0.39172896
2263,4345,242.64231888,6.65061408
2263,4346,245.35494744,12.8875536
2263,4347,249.60413376,16.46578368
2263,4348,254.2960116,17.99210016
2263,4349,259.576062,19.38674304
2263,4350,264.824718,17.66181888
2263,4351,269.29848096,13.82133888
2263,4352,272.10757872,6.84812448
2263,4353,273.47984928,2.98240704
2263,4354,273.77218296,0.31382208
2263,4355,274.45606272,4.89496608
2263,4356,275.97238176,5.95384128
2263,4357,278.3284248,10.77967872
2263,4358,281.37788784,10.9728
2263,4359,284.42585736,10.9728
2263,4360,287.47550328,10.9234224
2263,4361,289.91759136,5.0694336
2263,4362,290.5054896,0.8174736
2263,4363,290.73381528,0.82296
2263,4364,290.96250672,0.82296
2263,4365,291.17900616,0.53656992
2263,4366,291.30211488,1.98717408
2263,4367,292.41637224,2.44912896
2263,4368,292.51799256,0.13496544
2263,4369,293.07224088,4.27171104
2263,4370,294.50440464,4.61845152
2263,4371,295.0720032,0.05925312
2263,4372,295.0720032,0
2263,4373,295.0720032,0
2263,4374,295.0720032,0
2263,4375,295.0720032,0
2263,4376,295.0720032,0
2263,4377,295.0720032,0
2263,4378,295.0720032,0
2263,4379,295.61296224,4.76987616
2263,4380,297.80694312,10.50426144
2263,4381,300.85021872,10.9728
2263,4382,303.89815776,10.9728
2263,4383,306.94481664,11.16592128
2263,4384,310.67279496,15.90617088
2263,4385,315.22800048,16.4592
2263,4386,319.69280232,14.53676544
2263,4387,323.18132976,12.13811136
2263,4388,326.69707584,12.77014464
2263,4389,330.24357624,12.77014464
2263,4390,333.71543112,11.78039808
2263,4391,336.8132964,10.97499456
2263,4392,339.83490072,11.18786688
2263,4393,343.13509224,11.7738144
2263,4394,346.2509712,11.29320576
2263,4395,349.55704536,12.26868768
2263,4396,352.9638864,12.2675904
2263,4397,356.37106272,12.25881216
2263,4398,359.6364156,11.03534496
2263,4399,362.5669152,9.06024096
2263,4400,364.41427752,5.47871904
2263,4401,365.938308,5.4918864
2263,4402,367.350294,4.24537632
2263,4403,368.40868152,3.52665792
2263,4404,369.04644504,1.40232384
2263,4405,369.68695176,3.16236096
2263,4406,370.7984964,5.03980704
2263,4407,372.53939208,7.351776
2263,4408,374.60846592,7.94540448
2263,4409,377.29101072,10.94427072
2263,4410,380.36638176,12.00314592
2263,4411,384.62913168,18.01075392
2263,4412,389.67482136,18.132552
2263,4413,394.68073464,17.8472592
2263,4414,399.95447568,20.61350208
2263,4415,405.39555192,18.30482496
2263,4416,410.49811728,18.24557184
2263,4417,415.25741688,15.197328
2263,4418,418.43099448,6.59136096
2263,4419,419.14386072,0.86575392
2263,4420,419.6984748,2.56544064
2263,4421,420.41039616,2.5676352
2263,4422,421.01228472,1.12910112
2263,4423,421.36472496,2.93851584
2263,4424,422.90472696,8.51269824
2263,4425,426.0488304,15.16879872
2263,4426,431.46308424,21.42329472
2263,4427,437.36995584,20.5246224
2263,4428,442.76750664,18.92369088
2263,4429,447.93511632,17.34031584
2263,4430,452.52445944,18.2587392
2263,4431,459.40132656,29.80102752
2263,4432,466.5366336,20.903184
2263,4433,472.19564184,20.02974912
2263,4434,476.89882776,13.5623808
2263,4435,480.48693336,12.40365312
2263,4436,482.7228852,3.127248
2263,4437,483.33068688,2.5566624
2263,4438,484.1217648,2.94290496
2263,4439,485.62695864,8.40077568
2263,4440,488.60909136,13.52617056
2263,4441,492.36145368,12.28075776
2263,4442,496.42373664,19.02464064
2263,4443,499.9980348,22.3515936
2278,4301,21.5977851,22.3077024
2278,4302,27.17925984,22.3077024
2278,4303,33.37474656,22.26820032
2278,4304,38.68893456,13.34731392
2278,4305,41.39040744,8.2789776
2278,4306,43.17363984,4.334256
2278,4307,44.30088168,4.95202464
2278,4308,46.09615368,9.22702752
2278,4309,49.837086,18.461736
2278,4310,56.22072576,25.045416
2278,4311,63.17690184,25.04431872
2278,4312,69.94766808,22.93754112
2278,4313,75.83107008,19.59851808
2278,4314,78.94725384,1.87195968
2278,4315,79.0035504,0
2278,4316,79.0665424,3.035808
2289,4291,17.8042485333333,22.5198432
2289,4292,23.75224104,22.52276928
2289,4293,30.09287352,23.2568496
2289,4294,36.58733856,23.39730144
2289,4295,43.091862,23.36218848
2289,4296,49.02211176,18.64498176
2289,4297,53.97133224,17.7430176
2289,4298,58.9009236,17.63548416
2289,4299,63.00597,11.0057184
2289,4300,65.73737424,9.6889824
2289,4301,68.42952024,9.67910688
2289,4302,71.90984856,17.55757728
2289,4303,77.55922512,20.96792352
2289,4304,83.3710296,20.89111392
2289,4305,89.52500256,23.83731072
2289,4306,96.27050088,24.34425408
2289,4307,103.12819608,25.07613984
2289,4308,110.13158568,25.23744
2289,4309,117.15771336,25.37898912
2289,4310,124.5074472,27.72716832
2289,4311,132.36860496,28.78055712
2289,4312,140.3454648,28.52708544
2289,4313,148.33597968,29.12400576
2289,4314,156.46094184,29.2644576
2289,4315,164.5825512,29.17557792
2289,4316,172.20642216,25.10357184
2289,4317,178.98118128,24.33108672
2289,4318,185.7411576,24.26195808
2289,4319,191.81213352,18.64937088
2289,4320,196.7185296,17.55648
2289,4321,201.59295216,17.51478336
2289,4322,206.26245768,15.85789056
2289,4323,210.58598472,15.54187392
2289,4324,214.89378408,15.47603712
2289,4325,219.2033208,15.4771344
2289,4326,222.94836792,10.588752
2289,4327,225.35634888,7.6974192
2289,4328,227.48266416,7.33970592
2289,4329,229.22767464,5.49956736
2289,4330,230.7340572,4.70842848
2289,4331,231.38501856,0.5870448
2289,4332,231.5358336,0.54864
2289,4333,231.68905656,0.5925312
2289,4334,231.89010264,0.82076544
2289,4335,232.1178492,0.7790688
2289,4336,232.29792504,0.55083456
2289,4337,232.4485572,0.46414944
2289,4338,232.5050976,0.0054864
2289,4339,232.50808464,0.11082528
2289,4340,232.66825704,0.90745056
2289,4341,232.92255168,0.91183968
2289,4342,233.17696824,0.94146624
2289,4343,233.46332784,1.09618272
2289,4344,233.7681888,1.09728
2289,4345,234.10913808,2.34708192
2289,4346,235.76243424,8.68058208
2289,4347,238.248444,10.25188704
2289,4348,242.26003872,17.6607216
2289,4349,247.21377024,17.8308
2289,4350,252.16677024,17.8308
2289,4351,257.04198528,15.91714368
2289,4352,260.07462336,7.08623424
2289,4353,261.97352736,6.7921632
2289,4354,263.88102672,6.91505856
2289,4355,265.80254688,6.91396128
2289,4356,267.72403656,6.912864
2289,4357,269.6416248,6.80203872
2289,4358,271.5353472,7.40334816
2289,4359,274.04592384,10.21787136
2289,4360,276.89184144,10.2376224
2289,4361,279.71916624,9.44538624
2289,4362,281.6749764,5.25267936
2289,4363,283.10826792,4.56687936
2289,4364,283.82741304,1.124712
2289,4365,284.13084144,1.09728
2289,4366,284.43564144,1.09728
2289,4367,284.74044144,1.09728
2289,4368,285.0434736,1.01059488
2289,4369,285.25113384,0.55193184
2289,4370,285.41188536,0.9765792
2289,4371,286.050228,3.2753808
2289,4372,286.96033032,3.0339792
2289,4373,287.58325008,1.65579552
2289,4374,288.0399624,1.64592
2289,4375,288.49368768,1.47474432
2289,4376,288.75651672,0.55632096
2289,4377,288.90858144,0.54864
2289,4378,289.05759816,0.41257728
2289,4379,289.11688176,0.3401568
2289,4380,290.04716184,8.04525696
2289,4381,292.4249676,8.21752992
2289,4382,295.59141288,13.57993728
2289,4383,299.389038,13.17065184
2289,4384,302.67999408,10.97060544
2289,4385,305.7275064,10.96621632
2289,4386,308.88197304,11.92414176
2289,4387,312.11050608,11.05290144
2289,4388,315.1561896,10.9728
2289,4389,318.2040372,10.9728
2289,4390,321.25252488,11.05838784
2289,4391,324.46341,12.01411872
2289,4392,327.81127224,12.0481344
2289,4393,331.15919544,12.01631328
2289,4394,334.37099496,11.0605824
2289,4395,337.41914736,10.96950816
2289,4396,340.46690352,10.96950816
2289,4397,343.49960256,10.9069632
2289,4398,346.5440364,10.9728
2289,4399,349.59209736,10.9728
2289,4400,352.6401888,10.9728
2289,4401,355.68892032,10.97499456
2289,4402,358.45857696,8.45673696
2289,4403,360.22687416,3.48496128
2289,4404,360.8510436,2.67626592
2289,4405,361.82195352,3.56616
2289,4406,362.8127364,3.56616
2289,4407,363.80351928,3.47947488
2289,4408,364.94865288,6.82288704
2289,4409,367.6941084,10.97499456
2289,4410,370.74125496,10.96841088
2289,4411,373.78654224,11.082528
2289,4412,377.66643288,17.74960128
2289,4413,382.42119096,14.9888448
2289,4414,387.43597392,21.65372352
2289,4415,393.46168704,21.66250176
2289,4416,399.47996304,21.66469632
2289,4417,405.0756948,17.21522592
2289,4418,408.83089176,9.92928672
2289,4419,411.1351188,7.95637728
2289,4420,413.13951408,4.78852992
2289,4421,413.69687136,0.90854784
2289,4422,413.95073928,0.9107424
2289,4423,414.38373816,3.71209824
2289,4424,416.10576672,7.159752
2289,4425,418.32333912,10.7094528
2289,4426,422.16890928,15.08979456
2289,4427,426.57710976,18.4178448
2289,4428,432.5054088,22.49643456
2289,4429,438.70223664,21.67566912
2289,4430,444.54369816,20.16032544
2289,4431,449.84389584,18.80408736
2289,4432,455.36973696,20.42257536
2289,4433,460.75966776,17.65084608
2289,4434,465.3803748,16.8322752
2289,4435,469.45457544,12.0481344
2289,4436,472.68054816,11.576304
2289,4437,475.77777336,9.25884864
2289,4438,477.546162,4.97506752
2289,4439,478.94674848,5.10125472
2289,4440,480.34123896,5.88361536
2289,4441,483.0555744,13.93655328
2289,4442,487.79618976,20.03523552
2289,4443,493.77694488,22.0388688
2289,4444,498.50241168,23.78683584
2292,4294,23.1246341333333,21.8992704
2292,4295,29.15917968,23.7780576
2292,4296,36.5298228,27.3551904
2292,4297,42.6136308,15.23902464
2292,4298,46.31490864,15.9818832
2292,4299,50.74246392,12.81403584
2292,4300,54.0291528,11.740896
2292,4301,57.2905128,11.740896
2292,4302,60.5518728,11.740896
2292,4303,63.81149544,11.72772864
2292,4304,67.92257688,19.42953696
2292,4305,73.82996664,21.5560656
2292,4306,79.83848904,21.643848
2292,4307,85.88063088,23.40278784
2292,4308,94.46968152,33.36609024
2292,4309,101.98833552,23.975568
2292,4310,108.58832232,24.68660544
2292,4311,115.87014672,27.47369664
2292,4312,124.1898456,32.12506656
2292,4313,133.28654064,33.21137376
2292,4314,142.4732736,32.88657888
2292,4315,151.60974504,32.9238864
2292,4316,160.48987968,30.2684688
2292,4317,168.4375092,27.55708992
2292,4318,175.62527232,23.31939456
2292,4319,181.77375888,21.94889184
2292,4320,187.44053952,17.8472592
2292,4321,192.065148,16.4592
2292,4322,196.69813848,17.01442368
2292,4323,201.36054216,16.37251488
2292,4324,205.3838412,12.47497632
2292,4325,209.1650376,14.97458016
2292,4326,213.332568,14.9998176
2292,4327,217.46468064,13.76866944
2292,4328,220.07834064,5.76072
2292,4329,221.6024016,5.4864
2292,4330,223.11713568,5.40300672
2292,4331,224.62781592,5.48859456
2292,4332,225.72692472,1.3880592
2292,4333,225.783648,0
2292,4334,225.783648,0
2292,4335,225.783648,0
2292,4336,225.783648,0
2292,4337,225.783648,0
2292,4338,225.783648,0
2292,4339,225.783648,0
2292,4340,225.783648,0
2292,4341,225.783648,0
2292,4342,226.0636068,2.08154016
2292,4343,226.39074864,0.05925312
2292,4344,226.3908096,0
2292,4345,226.3908096,0
2292,4346,226.3908096,0
2292,4347,226.84822296,5.81887584
2292,4348,229.70142528,12.14250048
2292,4349,233.07132456,12.1359168
2292,4350,236.44122384,12.1359168
2292,4351,239.8062768,12.0755664
2292,4352,243.16514232,12.1359168
2292,4353,246.5350416,12.1359168
2292,4354,249.90500184,12.1359168
2292,4355,253.27514496,12.1359168
2292,4356,256.43774976,8.70362496
2292,4357,257.94257784,4.89606336
2292,4358,260.01280992,9.23470848
2292,4359,262.58937576,9.272016
2292,4360,265.16179632,9.40259232
2292,4361,268.00582416,10.95304896
2292,4362,271.0240452,10.81479168
2292,4363,274.06037136,10.77967872
2292,4364,276.3961452,5.08918464
2292,4365,276.9681024,0.05925312
2292,4366,276.9681024,0
2292,4367,276.9681024,0
2292,4368,276.9681024,0
2292,4369,276.9681024,0
2292,4370,276.9681024,0
2292,4371,276.9681024,0
2292,4372,276.9681024,0
2292,4373,277.14317952,2.38877856
2292,4374,278.40243024,5.49408096
2292,4375,279.83258232,3.58152192
2292,4376,280.1681976,0
2292,4377,280.1681976,0
2292,4378,280.1681976,0
2292,4379,280.1681976,0
2292,4380,280.1681976,0
2292,4381,280.71519168,5.04419616
2292,4382,283.04791752,10.81259712
2292,4383,286.54177896,15.0546816
2292,4384,291.03099528,15.7953456
2292,4385,294.8700732,11.7847872
2292,4386,297.95071728,10.9728
2292,4387,300.99877824,10.9728
2292,4388,304.0468392,10.9728
2292,4389,307.0948392,10.9728
2292,4390,310.1358288,10.88721216
2292,4391,313.16740008,10.96621632
2292,4392,316.57954464,14.93727264
2292,4393,320.63701176,12.04374528
2292,4394,323.70954816,10.97718912
2292,4395,326.61791928,10.0620576
2292,4396,329.47679088,10.42306272
2292,4397,332.3999448,10.753344
2292,4398,335.4357528,10.9728
2292,4399,338.48396616,10.97499456
2292,4400,341.52675408,10.8959904
2292,4401,344.55731952,10.9728
2292,4402,347.4601128,9.3488256
2292,4403,349.85702952,8.4819744
2292,4404,352.213926,8.44576416
2292,4405,354.04431096,3.9940992
2292,4406,354.90854088,3.01422816
2292,4407,355.93961832,4.87411776
2292,4408,357.44313576,5.4864
2292,4409,358.96695288,5.48420544
2292,4410,360.8882292,9.43002432
2292,4411,363.87255648,10.9728
2292,4412,366.92064792,10.9728
2292,4413,370.12430928,13.43948544
2292,4414,374.46453936,16.46139456
2292,4415,379.03486296,16.58977632
2292,4416,384.1274004,20.272248
2292,4417,389.86117608,20.6398368
2292,4418,395.57132976,19.95074496
2292,4419,400.29883872,12.21931008
2292,4420,402.4452708,5.66415936
2292,4421,404.01983712,5.67074304
2292,4422,405.49278312,3.6594288
2292,4423,405.8326656,0
2292,4424,405.8326656,0
2292,4425,406.38578616,4.97506752
2292,4426,408.80498376,12.69114048
2292,4427,413.22394368,18.818352
2292,4428,418.94564928,21.54619008
2292,4429,425.02662264,21.9456
2292,4430,431.12271408,21.9456
2292,4431,437.21816544,21.92694624
2292,4432,443.27822952,21.43317024
2292,4433,449.01807072,18.89186976
2292,4434,453.65569416,15.90726816
2292,4435,458.01844896,15.08101632
2292,4436,462.23288808,15.5649168
2292,4437,466.26325848,11.32283232
2292,4438,468.45345984,6.60891744
2292,4439,470.17326336,5.49847008
2292,4440,471.56830248,3.14699904
2292,4441,472.08844368,5.39203392
2292,4442,475.43036232,15.2631648
2292,4443,479.6701608,15.2631648
2292,4444,483.918768,15.85350144
2292,4445,489.3752976,23.66613504
2292,4446,496.18327992,24.88960224
2292,4447,499.8406056,25.4788416
2298,4384,266.9718816,48.7631232
2301,4311,72.548496,30.2154336
2301,4312,80.55272688,30.65910048
2301,4313,89.31152064,32.14591488
2301,4314,97.90243056,28.93307904
2301,4315,105.06169488,23.06043648
2301,4316,111.704628,25.07943168
2301,4317,118.93085688,27.2893536
2301,4318,126.64595448,27.50003136
2301,4319,134.33334576,28.38773088
2301,4320,142.09056672,26.97004512
2301,4321,148.52114568,19.08060192
2301,4322,153.61642632,18.2916576
2301,4323,158.69771664,18.19619424
2301,4324,163.38502248,15.42007584
2301,4325,167.60796552,15.22366272
2301,4326,171.83685216,15.22146816
2301,4327,176.09704176,16.56234432
2301,4328,182.85732288,26.4060432
2301,4329,187.41347328,10.99364832
2301,4330,190.40273832,9.5682816
2301,4331,192.3711672,5.5193184
2301,4332,193.893948,5.4864
2301,4333,195.417948,5.4864
2301,4334,196.941948,5.4864
2301,4335,198.40090368,4.24537632
2301,4336,199.18707432,2.19017088
2301,4337,199.760586,1.43633952
2301,4338,199.8942408,0
2301,4339,199.8942408,0
2301,4340,199.8942408,0
2301,4341,199.8942408,0
2301,4342,199.8942408,0
2301,4343,199.8942408,0
2301,4344,199.8942408,0
2301,4345,199.97525664,1.61190432
2301,4346,201.02166552,4.80718368
2301,4347,202.34900856,4.76987616
2301,4348,203.67994824,4.8006
2301,4349,204.90003216,2.82769056
2301,4350,205.136496,0
2301,4351,205.13975736,0.22384512
2301,4352,205.9227276,5.4425088
2301,4353,208.35643368,13.83560352
2301,4354,213.13770936,18.38163456
2301,4355,218.18196648,17.4577248
2301,4356,222.87750192,16.92883584
2301,4357,227.527104,16.45810272
2301,4358,231.52550088,9.80858592
2301,4359,233.26347048,5.21208
2301,4360,234.71026464,5.2724304
2301,4361,236.2142088,5.4864
2301,4362,237.7382088,5.4864
2301,4363,239.29323744,6.4081152
2301,4364,241.76010576,10.81479168
2301,4365,244.8086544,10.9728
2301,4366,247.8566544,10.97938368
2301,4367,250.66331376,8.03867328
2301,4368,252.41877888,5.7716928
2301,4369,254.0194056,5.9362848
2301,4370,255.94074288,7.74021312
2301,4371,257.6788344,7.9205328
2307,4296,22.37472792,21.12264
2307,4297,28.24633416,20.9909664
2307,4298,33.59280048,17.32495392
2307,4299,38.3170176,17.00784
2307,4300,43.04266728,16.80264864
2307,4301,47.0310972,11.6640864
2307,4302,50.13582048,11.15714304
2307,4303,53.23371624,11.22627168
2307,4304,56.60864472,13.1728464
2307,4305,60.31598808,13.3538976
2307,4306,64.026288,13.69185984
2307,4307,68.86913328,22.15737504
2307,4308,75.8314968,27.432
2307,4309,83.92055352,30.3727104
2307,4310,92.20562712,28.3262832
2307,4311,99.8628432,27.4100544
2307,4312,107.47516224,27.42431904
2307,4313,115.10019144,27.7392384
2307,4314,123.43583136,32.25125376
2307,4315,132.51838368,33.09286752
2307,4316,141.71194416,32.89316256
2307,4317,150.84844608,32.9129136
2307,4318,159.5608188,28.78604352
2307,4319,166.8953736,23.79890592
2307,4320,172.86997176,20.88453024
2307,4321,178.87703112,21.95218368
2307,4322,184.93166976,20.86368192
2307,4323,190.08016848,16.73461728
2307,4324,194.56149048,14.54664096
2307,4325,197.93279184,10.96511904
2307,4326,200.9800908,10.94975712
2307,4327,204.02059272,10.96841088
2307,4328,206.71136712,6.4520064
2307,4329,207.7216572,2.7651456
2307,4330,208.48862544,2.76295104
2307,4331,209.25562416,2.76404832
2307,4332,210.02262288,2.76295104
2307,4333,210.78959112,2.76404832
2307,4334,211.5566508,2.76295104
2307,4335,212.32361904,2.76295104
2307,4336,213.0905568,2.76295104
2307,4337,213.85752504,2.7651456
2307,4338,214.62452376,2.76185376
2307,4339,215.39152248,2.7651456
2307,4340,216.1585212,2.76185376
2307,4341,216.92548944,2.7651456
2307,4342,217.69248816,2.76295104
2307,4343,218.46305304,2.83207968
2307,4344,219.06259464,0.84929472
2307,4345,219.1006032,0
2307,4346,219.1006032,0
2307,4347,219.1006032,0
2307,4348,219.15961248,1.33758432
2307,4349,220.22994816,5.64660288
2307,4350,222.44142456,10.48231584
2307,4351,226.02288552,15.58247328
2307,4352,230.5744944,16.4592
2307,4353,235.1464944,16.4592
2307,4354,239.7123984,16.404336
2307,4355,244.12005024,13.99361184
2307,4356,246.96596784,6.54746976
2307,4357,247.850406,0.61337952
2307,4358,248.21199024,3.48166944
2307,4359,249.609102,5.48859456
2307,4360,251.13776544,5.95384128
2307,4361,253.49475336,10.97389728
2307,4362,256.89104832,13.1893056
2307,4363,260.59403304,13.3648704
2307,4364,264.29506704,12.82610592
2307,4365,267.00108144,6.1722
2307,4366,267.86284248,0.48499776
2307,4367,267.871956,0
2307,4368,267.871956,0
2307,4369,267.871956,0
2307,4370,267.871956,0
2307,4371,267.871956,0
2307,4372,267.871956,0
2307,4373,267.871956,0.1316736
2307,4374,268.54949592,4.992624
2307,4375,270.05496408,5.32839168
2307,4376,271.39501728,3.0339792
2307,4377,271.6380648,0
2307,4378,271.6380648,0
2307,4379,271.6380648,0
2307,4380,271.6380648,0
2307,4381,271.6380648,0
2307,4382,271.6380648,0.1316736
2307,4383,272.31447696,5.18574528
2307,4384,274.52372832,10.53717984
2307,4385,278.01137184,15.05577888
2307,4386,282.5212536,16.4592
2307,4387,287.0932536,16.4592
2307,4388,291.65117184,16.1903664
2307,4389,296.06095728,15.74487072
2307,4390,300.0303372,12.1029984
2307,4391,303.1360968,10.9728
2307,4392,306.1840968,10.9728
2307,4393,309.23154816,10.93000608
2307,4394,312.18914448,9.60339456
2307,4395,314.64650304,8.97794496
2307,4396,317.16701616,9.299448
2307,4397,319.96389144,10.63703232
2307,4398,322.92209736,10.643616
2307,4399,325.84790304,10.01268
2307,4400,328.54340184,9.84150432
2307,4401,331.29446568,10.17836928
2307,4402,334.37879784,11.78588448
2307,4403,337.64942376,11.41390656
2307,4404,340.48942824,9.3433392
2307,4405,343.0496568,8.59499424
2307,4406,344.90473056,5.24060928
2307,4407,346.34137488,4.7128176
2307,4408,347.222064,2.02777344
2307,4409,347.77990896,2.0080224
2307,4410,348.37216584,3.19637664
2307,4411,350.21644968,9.23800032
2307,4412,352.82770176,10.14984
2307,4413,356.33942448,14.49726336
2307,4414,360.37238568,15.0382224
2307,4415,365.11921896,18.626328
2307,4416,370.3286472,19.55682144
2307,4417,376.22350968,21.8194128
2307,4418,382.10587536,21.451824
2307,4419,388.2601836,22.06300896
2307,4420,393.13491096,11.69919936
2307,4421,395.87768424,9.46184544
2307,4422,397.5718236,1.62836352
2307,4423,397.6311072,0
2307,4424,397.6311072,0
2307,4425,397.6311072,0
2307,4426,398.250918,5.24060928
2307,4427,399.97401336,6.50248128
2307,4428,402.9708984,16.37470944
2307,4429,408.00524952,18.4233312
2307,4430,413.63947752,22.79708928
2307,4431,420.18194856,23.59261728
2307,4432,426.71655576,23.43460896
2307,4433,433.21824456,23.4049824
2307,4434,439.71767784,23.25465504
2307,4435,445.31603088,16.06527648
2307,4436,449.4239424,14.6267424
2307,4437,453.48930384,14.59601856
2307,4438,457.09231416,10.77858144
2307,4439,459.90004032,9.68459328
2307,4440,461.81074008,4.2080688
2307,4441,462.92255904,4.0270176
2307,4442,464.03770032,3.88217664
2307,4443,465.81236784,10.68531264
2307,4444,469.3380504,13.03788096
2307,4445,472.95066192,13.1344416
2307,4446,477.59179056,21.38488992
2307,4447,483.93836664,23.06153376
2307,4448,490.64363136,25.59515328
2307,4449,497.87345688,26.05052448
2307,4450,505.19021136,26.74510272
2307,4451,509.6662908,26.8723872
2320,4298,18.3231874666667,24.4681248
2320,4299,24.77969136,24.33328128
2320,4300,30.8050692,18.20168064
2320,4301,35.5599492,16.95955968
2320,4302,39.78560496,12.84805152
2320,4303,43.15702824,12.0371616
2320,4304,46.01404056,7.91797248
2320,4305,48.01032816,7.23546432
2320,4306,50.80516128,13.79171232
2320,4307,54.956202,15.15563136
2320,4308,59.78847072,20.38307328
2320,4309,65.70607128,21.40025184
2320,4310,72.53441424,30.06108288
2320,4311,81.7022496,33.44070528
2320,4312,90.27636504,27.96637536
2320,4313,97.91514072,27.5911056
2320,4314,105.57884904,27.58232736
2320,4315,113.35560768,28.86724224
2320,4316,121.5362568,29.50147008
2320,4317,129.65402568,29.38845024
2320,4318,137.81114424,28.63132704
2320,4319,145.65029544,28.13096736
2320,4320,153.46902504,28.172664
2320,4321,160.77108816,22.52057472
2320,4322,166.34423424,19.50744384
2320,4323,171.7694304,19.531584
2320,4324,177.19551048,19.53816768
2320,4325,182.62250496,19.53816768
2320,4326,187.57992456,14.45556672
2320,4327,190.9779264,11.7079776
2320,4328,194.22913656,11.7079776
2320,4329,197.38979064,10.69079904
2320,4330,200.23494624,10.14874272
2320,4331,202.79523576,7.32544128
2320,4332,204.49236216,5.85069696
2320,4333,206.11783008,5.8539888
2320,4334,207.51399696,3.29074272
2320,4335,208.11298992,1.92353184
2320,4336,208.53654,0.67811904
2320,4337,208.5718968,0
2320,4338,208.5718968,0
2320,4339,208.5718968,0
2320,4340,208.5718968,0
2320,4341,208.5718968,0
2320,4342,208.5718968,0
2320,4343,208.72941744,1.68542208
2320,4344,209.44267992,2.74758912
2320,4345,210.047586,0.96889824
2320,4346,210.0980304,0
2320,4347,210.17889384,0.89318592
2320,4348,210.55776024,1.4593824
2320,4349,210.96405864,1.45499328
2320,4350,211.96185192,7.80934176
2320,4351,214.88396952,11.15165664
2320,4352,217.99100928,11.2087152
2320,4353,221.39870376,14.52908448
2320,4354,225.89678976,16.65341856
2320,4355,230.52036192,16.64464032
2320,4356,235.1385696,16.1684208
2320,4357,238.40005152,6.90957216
2320,4358,240.05648712,5.843016
2320,4359,241.68387528,5.89897728
2320,4360,243.32141328,5.9637168
2320,4361,245.21851896,7.78849344
2320,4362,247.426734,8.02331136
2320,4363,249.91271328,9.97208064
2320,4364,252.7322352,10.0730304
2320,4365,255.24095256,7.84994112
2320,4366,257.34910176,7.6096368
2320,4367,259.47901368,7.36604064
2320,4368,260.65258512,0.73627488
2320,4369,260.6701416,0
2320,4370,260.6701416,0
2320,4371,260.6701416,0
2320,4372,260.6701416,0
2320,4373,260.79139104,0.93597984
2320,4374,261.0948804,1.09728
2320,4375,261.39885744,1.1576304
2320,4376,261.94743648,2.93961312
2320,4377,262.83763536,3.2589216
2320,4378,263.74255608,3.2589216
2320,4379,264.64759872,3.2589216
2320,4380,265.5525804,3.2589216
2320,4381,266.45750112,3.2589216
2320,4382,267.36254376,3.2589216
2320,4383,268.26755592,3.2589216
2320,4384,269.17250712,3.2589216
2320,4385,270.07114896,3.127248
2320,4386,270.94132248,3.5881056
2320,4387,272.91337848,11.08362528
2320,4388,276.35609448,12.88535904
2320,4389,279.92371752,12.59896896
2320,4390,283.68174912,14.67282816
2320,4391,287.63082936,13.54811616
2320,4392,291.20244528,11.83855392
2320,4393,294.29893896,10.9728
2320,4394,297.3470304,10.9728
2320,4395,300.3950304,10.9728
2320,4396,303.4430304,10.9728
2320,4397,306.4910304,10.9728
2320,4398,309.53695776,10.91025504
2320,4399,312.56465808,10.95414624
2320,4400,315.61278,10.9728
2320,4401,318.66078,10.9728
2320,4402,321.71039544,11.05619328
2320,4403,324.8553828,11.51814816
2320,4404,328.0568496,11.52144
2320,4405,331.25804208,11.47864608
2320,4406,334.37541456,10.9892592
2320,4407,337.37364072,9.60229728
2320,4408,339.32948136,5.48749728
2320,4409,340.42831584,1.3880592
2320,4410,340.4850696,0
2320,4411,340.4850696,0
2320,4412,340.64572968,2.31196896
2320,4413,341.91555696,5.48530272
2320,4414,343.97667552,10.07632224
2320,4415,347.32740288,14.54664096
2320,4416,351.80482344,16.4592
2320,4417,356.3770368,16.4592
2320,4418,360.92840184,16.33630464
2320,4419,365.54764584,17.01552096
2320,4420,370.2608292,17.27447904
2320,4421,375.0841368,16.73242272
2320,4422,379.56411768,14.566392
2320,4423,383.2820376,13.87400832
2320,4424,386.54550072,6.83934624
2320,4425,387.60160224,3.05263296
2320,4426,388.46817912,3.31707744
2320,4427,389.42567784,3.4783776
2320,4428,390.39040032,3.46959936
2320,4429,392.0127288,10.49219136
2320,4430,395.76728568,14.25695904
2320,4431,400.05307848,17.84067552
2320,4432,405.6132096,22.28356224
2320,4433,412.35977472,24.98616288
2320,4434,419.22143232,23.91082848
2320,4435,425.6746884,23.04397728
2320,4436,431.9483868,21.37720896
2320,4437,437.59395336,20.00999808
2320,4438,442.75436976,15.03712512
2320,4439,446.07245304,10.97389728
2320,4440,448.96037208,8.86163328
2320,4441,451.04889216,7.13341728
2320,4442,452.81429376,4.4384976
2320,4443,453.88968912,4.25525184
2320,4444,455.2220004,6.31155456
2320,4445,457.54710624,11.70688032
2320,4446,462.04040688,18.57365856
2320,4447,467.1747324,18.6208416
2320,4448,471.15996192,14.53786272
2320,4449,477.70261584,27.8818848
2320,4450,485.44669992,27.8818848
2320,4451,493.18746168,27.63280224
2320,4452,498.81477072,26.08015104
2343,4304,19.9701912,20.3325984
2343,4305,23.33186088,21.75467328
2343,4306,29.57818824,22.76636544
2343,4307,35.23841568,14.62893696
2343,4308,37.80306384,7.57562112
2343,4309,40.43772456,10.17288288
2343,4310,42.72369408,7.9936848
2343,4311,45.70320552,14.1384528
2343,4312,50.53123752,19.0213488
2343,4313,56.24940744,22.44266784
2343,4314,62.54904432,22.68187488
2343,4315,68.84691336,22.5381312
2343,4316,75.63547992,27.89066304
2343,4317,83.82582168,29.653992
2343,4318,92.05176408,29.59583616
2343,4319,100.48649448,31.23517248
2343,4320,109.20319536,31.41073728
2343,4321,117.94909608,31.53472992
2343,4322,126.6511056,30.668976
2343,4323,134.34770184,24.34096224
2343,4324,140.83128552,23.22722304
2343,4325,147.28527312,23.84499168
2343,4326,155.1718512,30.04572096
2343,4327,161.50974048,17.43468192
2343,4328,166.03824552,15.97968864
2343,4329,170.79797184,17.92297152
2343,4330,175.70314872,16.08283296
2343,4331,179.23315944,10.62605952
2343,4332,182.17935624,10.6106976
2343,4333,185.08038168,9.32907456
2343,4334,187.00589472,5.4864
2343,4335,188.5314492,5.43592512
2343,4336,190.01515464,5.29876512
2343,4337,191.4884664,5.2998624
2343,4338,192.8714964,3.46411296
2343,4339,193.195956,0
2343,4340,193.195956,0
2343,4341,193.195956,0
2343,4342,193.195956,0
2343,4343,193.195956,0
2343,4344,193.19677896,0.08887968
2343,4345,193.44869616,1.61080704
2343,4346,193.90662768,1.64592
2343,4347,194.36391912,1.64592
2343,4348,194.82108864,1.64592
2343,4349,195.306696,1.92024
2343,4350,195.86246832,2.0080224
2343,4351,196.42186776,2.01021696
2343,4352,196.78491504,0.30394656
2343,4353,196.914516,2.24284032
2343,4354,198.72676536,10.01597184
2343,4355,201.80174016,12.33013536
2343,4356,205.97460456,16.97272704
2343,4357,210.7460352,17.19108576
2343,4358,215.51133936,17.14061088
2343,4359,220.28344056,16.98918624
2343,4360,223.78797,6.98528448
2343,4361,225.2554296,5.047488
2343,4362,226.6575096,5.047488
2343,4363,228.0595896,5.047488
2343,4364,229.461822,5.04639072
2343,4365,230.88852984,5.33607264
2343,4366,232.4066472,5.4864
2343,4367,233.98042104,6.85580544
2343,4368,238.0222824,24.8917968
2343,4369,243.72932712,11.81880288
2343,4370,246.420894,6.82069248
2343,4371,247.78560552,4.4659296
2343,4372,249.02653776,4.4659296
2343,4373,250.26743952,4.4659296
2343,4374,251.5083108,4.4659296
2343,4375,252.74927352,4.4659296
2343,4376,253.99008384,4.471416
2343,4377,254.97440496,1.57569408
2343,4378,255.0572496,0
2343,4379,255.0572496,0
2343,4380,255.0572496,0
2343,4381,255.0572496,0
2343,4382,255.0572496,0
2343,4383,255.0572496,0
2343,4384,255.0572496,0
2343,4385,255.0572496,0
2343,4386,255.0572496,0
2343,4387,256.5492456,12.64395744
2343,4388,260.41673088,12.88865088
2343,4389,264.00002064,12.96655776
2343,4390,267.60397584,12.9698496
2343,4391,271.17769488,12.81842496
2343,4392,274.7800956,13.15858176
2343,4393,278.4814344,13.386816
2343,4394,282.1999944,13.386816
2343,4395,285.9185544,13.386816
2343,4396,289.6371144,13.386816
2343,4397,293.24204496,11.88134784
2343,4398,296.32140888,10.97609184
2343,4399,299.3693784,10.9728
2343,4400,302.41673832,10.90806048
2343,4401,305.34534816,11.07484704
2343,4402,308.75221968,10.67214528
2343,4403,311.05437408,7.8290928
2343,4404,313.1154012,6.9457824
2343,4405,315.02006592,6.70547808
2343,4406,316.99267056,8.33823072
2343,4407,319.52790552,9.2281248
2343,4408,322.09096872,9.2281248
2343,4409,324.65540352,9.07779744
2343,4410,326.84081952,6.81081696
2343,4411,328.7391444,6.84483264
2343,4412,330.40265136,4.83022656
2343,4413,331.66001232,4.68428832
2343,4414,333.09101784,5.47323264
2343,4415,334.93871544,9.06024096
2343,4416,337.94163552,12.34330272
2343,4417,342.07301664,16.37580672
2343,4418,346.6647372,16.9968672
2343,4419,351.51849432,17.65304064
2343,4420,356.41815432,17.46650304
2343,4421,361.07976552,16.05979008
2343,4422,365.34291168,14.26793184
2343,4423,369.13639152,13.12785792
2343,4424,372.43079184,11.01778848
2343,4425,375.47742024,10.9728
2343,4426,378.41755152,9.05365728
2343,4427,380.15939208,3.97325088
2343,4428,380.85165384,1.3880592
2343,4429,381.66169032,4.66014816
2343,4430,383.2544532,9.92160576
2343,4431,387.54780504,17.775936
2343,4432,392.47898136,17.7320448
2343,4433,397.40369592,17.7320448
2343,4434,402.32831904,17.7320448
2343,4435,407.25297264,17.7320448
2343,4436,412.17756528,17.73314208
2343,4437,417.11349648,17.85494016
2343,4438,421.9131516,16.76204928
2343,4439,427.04830008,20.20860576
2343,4440,432.65854032,19.19362176
2343,4441,437.09139912,13.5184896
2343,4442,440.80444224,12.77124192
2343,4443,443.80827672,9.35540928
2343,4444,446.38286136,8.73215424
2343,4445,448.40493504,6.04711008
2343,4446,450.34157328,9.3597984
2343,4447,453.40725168,11.51814816
2343,4448,456.99895392,16.45042176
2343,4449,462.420462,20.48512032
2343,4450,468.05417184,20.71225728
2343,4451,471.99078576,8.38431648
2343,4452,477.5083668,30.01389984
2343,4453,485.882442,30.1422816
2343,4454,494.04580896,27.00515808
2343,4455,498.9417504,24.3376704
2355,4307,20.530566,15.9325056
2355,4308,24.07267728,15.91494912
2355,4309,28.01681976,9.97098336
2355,4310,29.92002144,6.0295536
2355,4311,31.91021304,9.45526176
2355,4312,35.11198464,13.0740912
2355,4313,39.26988336,16.81801056
2355,4314,44.27381544,19.62704736
2355,4315,50.15541912,21.95218368
2355,4316,56.80700856,27.18182016
2355,4317,64.7815824,28.91552256
2355,4318,72.04048584,22.91230368
2355,4319,78.6577548,25.36582176
2355,4320,86.15043984,29.30395968
2355,4321,94.4934864,29.90197728
2355,4322,102.97259568,31.16165472
2355,4323,111.81682488,32.74612704
2355,4324,121.05381936,33.56140608
2355,4325,130.0714188,30.8939184
2355,4326,138.12908112,27.0314928
2355,4327,144.91109448,22.10580288
2355,4328,151.0003584,21.9456
2355,4329,157.06362288,21.03595488
2355,4330,162.36692952,17.59378752
2355,4331,167.06511672,16.45810272
2355,4332,171.63824448,16.4098224
2355,4333,175.65627048,11.65201632
2355,4334,178.03303992,5.96152224
2355,4335,179.56365408,5.4864
2355,4336,181.0876236,5.4864
2355,4337,182.6116236,5.4864
2355,4338,184.13733048,5.43592512
2355,4339,185.11381824,0.89099136
2355,4340,185.1397872,0
2355,4341,185.1397872,0
2355,4342,185.1397872,0
2355,4343,185.1397872,0
2355,4344,185.1397872,0
2355,4345,185.1397872,0
2355,4346,185.1397872,0
2355,4347,185.1397872,0
2355,4348,185.56120368,4.02592032
2355,4349,187.03119312,5.49078912
2355,4350,188.55699144,5.19123168
2355,4351,189.39211296,0.61337952
2355,4352,189.4094256,0
2355,4353,189.4094256,0
2355,4354,189.484254,1.41768576
2355,4355,190.53956304,5.55113952
2355,4356,192.75847656,10.9069632
2355,4357,196.61081328,16.239744
2355,4358,201.1814112,16.43067072
2355,4359,205.74658368,16.18488
2355,4360,209.80426416,13.17943008
2355,4361,213.43412736,13.04556192
2355,4362,217.04923824,13.04336736
2355,4363,220.67239584,12.50240832
2355,4364,223.3100436,6.75156384
2355,4365,225.1274136,6.58368
2355,4366,226.95596976,6.58368
2355,4367,228.7860804,6.90408576
2355,4368,231.26111736,10.79394336
2355,4369,234.3101232,10.9728
2355,4370,237.3581232,10.9728
2355,4371,240.34936944,9.55072512
2355,4372,242.29737672,5.48420544
2355,4373,243.82076712,5.4918864
2355,4374,245.16216144,3.03178464
2355,4375,245.43620712,0.03182112
2355,4376,245.4441624,0
2355,4377,245.4914064,1.24102368
2355,4378,246.56290032,5.47981632
2355,4379,248.0829684,5.02115328
2355,4380,248.78559336,0.20958048
2355,4381,248.7872088,0
2355,4382,248.7872088,0
2355,4383,248.7872088,0
2355,4384,248.7872088,0
2355,4385,248.7872088,0
2355,4386,248.7872088,0
2355,4387,248.7872088,0
2355,4388,248.93826768,2.37890304
2355,4389,250.27109712,6.858
2355,4390,252.9079524,11.8451376
2355,4391,256.98257976,17.13731904
2355,4392,261.87660096,17.72985024
2355,4393,266.70399288,16.78399488
2355,4394,271.20851016,14.9394672
2355,4395,274.6753968,10.97060544
2355,4396,277.7227872,10.9728
2355,4397,280.7707872,10.9728
2355,4398,283.8187872,10.9728
2355,4399,286.8667872,10.9728
2355,4400,289.9147872,10.9728
2355,4401,292.9627872,10.9728
2355,4402,296.0107872,10.9728
2355,4403,299.0587872,10.9728
2355,4404,302.10401352,10.74346848
2355,4405,304.66031016,6.95894976
2355,4406,306.26239992,5.4864
2355,4407,307.78639992,5.4864
2355,4408,309.31039992,5.4864
2355,4409,310.8233052,5.40629856
2355,4410,312.35635776,6.3587376
2355,4411,314.84901216,10.92451968
2355,4412,317.73732744,8.85724416
2355,4413,319.82977944,7.1542656
2355,4414,321.81777648,7.15536288
2355,4415,323.64130344,7.3408032
2355,4416,326.73916872,13.59420192
2355,4417,330.5149092,13.5952992
2355,4418,334.29071064,13.5952992
2355,4419,338.0664816,13.5952992
2355,4420,341.83572984,13.51629504
2355,4421,345.68111712,15.15563136
2355,4422,350.443038,18.19509696
2355,4423,355.50137688,18.15120576
2355,4424,360.31560144,16.0038288
2355,4425,364.03928208,11.13300288
2355,4426,366.64139016,6.8909184
2355,4427,368.2276608,5.4864
2355,4428,369.7516608,5.4864
2355,4429,371.2756608,5.4864
2355,4430,372.7996608,5.4864
2355,4431,374.3236608,5.4864
2355,4432,375.8462892,5.678424
2355,4433,378.06703152,10.97170272
2355,4434,382.18405656,19.40759136
2355,4435,388.18995768,22.22430912
2355,4436,394.35447672,22.17383424
2355,4437,400.49064936,21.98071296
2355,4438,406.5873504,21.9456
2355,4439,412.6836552,21.96535104
2355,4440,418.69595712,21.41012736
2355,4441,424.57484808,20.56741632
2355,4442,430.024032,18.10841184
2355,4443,434.28324624,12.34110816
2355,4444,437.12017224,7.95528
2355,4445,438.82811904,5.47103808
2355,4446,440.43728016,6.02187264
2355,4447,442.00492752,5.34814272
2355,4448,443.76118512,8.64217728
2355,4449,446.74904808,12.43108512
2355,4450,450.62909112,15.3235152
2355,4451,455.68185216,21.07435968
2355,4452,461.77175616,22.35269088
2355,4453,468.49966752,26.97882336
2355,4454,476.406972,28.49526432
2355,4455,483.85488192,25.840944
2355,4456,491.24393496,27.15658272
2355,4457,497.735918057143,27.5871867428571
2365,4336,173.4400392,6.30936
2365,4337,174.65597784,6.16012992
2365,4338,176.3408208,6.03723456
2365,4339,177.76502928,2.73112992
2365,4340,177.9480312,0
2365,4341,177.9480312,0
2365,4342,177.9480312,0
2365,4343,177.9713484,0.33028128
2365,4344,178.14776664,0.7351776
2365,4345,178.35122064,0.7351776
2365,4346,178.55598528,0.74176128
2365,4347,178.76014032,0.73408032
2365,4348,178.96332,0.73408032
2365,4349,179.25035016,1.83904128
2365,4350,179.9565108,2.7432
2365,4351,180.71848032,2.74429728
2365,4352,181.3683444,1.24651008
2365,4353,181.4498784,0
2365,4354,181.4498784,0
2365,4355,181.53802656,1.12580928
2365,4356,182.08255176,2.19126816
2365,4357,183.1521864,7.93113984
2365,4358,186.34216224,12.62859552
2365,4359,189.85242192,12.62859552
2365,4360,193.3197048,12.11616576
2365,4361,196.59627432,11.7079776
2365,4362,199.847454,11.70578304
2365,4363,202.92376992,9.45965088
2365,4364,205.16767704,7.68096
2365,4365,207.3014904,7.67986272
2365,4366,209.51135136,8.68606848
2365,4367,212.1020904,9.5134176
2365,4368,214.734648,9.45416448
2365,4369,217.3702536,9.51122304
2365,4370,219.98952192,9.19410912
2365,4371,222.70087032,10.49219136
2365,4372,225.63258912,10.6106976
2365,4373,228.56622816,9.97866432
2365,4374,230.80016832,6.61001472
2365,4375,232.6276272,6.58368
2365,4376,234.4564272,6.58368
2365,4377,236.2835508,6.49809216
2365,4378,238.0155768,6.03942912
2365,4379,239.69063568,5.98675968
2365,4380,241.33113024,5.16709152
2365,4381,242.06310744,0.73298304
2365,4382,242.25180912,0.68909184
2365,4383,242.44246152,0.68909184
2365,4384,242.63073648,0.57826656
2365,4385,242.701572,0.00658368
2365,4386,242.701572,0
2365,4387,242.70510768,0.13277088
2365,4388,242.89737552,1.08959904
2365,4389,243.2026632,1.09728
2365,4390,243.56680776,2.87706816
2365,4391,245.75222376,11.68383744
2365,4392,249.045984,11.850624
2365,4393,252.33794592,11.850624
2365,4394,255.62027616,11.73650688
2365,4395,258.89647992,12.14359776
2365,4396,262.50589104,13.66552512
2365,4397,266.32597992,13.770864
2365,4398,270.12058752,13.03239456
2365,4399,273.27554184,10.1717856
2365,4400,276.08561496,9.73945728
2365,4401,278.43851856,7.53172992
2365,4402,280.5255756,7.516368
2365,4403,282.6134556,7.516368
2365,4404,284.7013356,7.516368
2365,4405,286.7892156,7.516368
2365,4406,288.8770956,7.516368
2365,4407,290.9649756,7.516368
2365,4408,293.0528556,7.516368
2365,4409,295.1407356,7.516368
2365,4410,297.21115056,6.88104288
2365,4411,299.06323728,7.050024
2365,4412,300.79666536,5.35362912
2365,4413,302.30326128,5.48749728
2365,4414,303.83186376,5.75633088
2365,4415,306.43229544,14.21087328
2365,4416,309.98105136,9.65935584
2365,4417,312.2563224,6.49480032
2365,4418,313.92217632,6.03833184
2365,4419,315.98210616,11.4775488
2365,4420,320.3429712,17.1011088
2365,4421,324.93015024,12.65493024
2365,4422,327.11901048,11.63555712
2365,4423,332.67764808,22.9989888
2365,4424,338.94896904,20.71225728
2365,4425,343.89209352,16.3384992
2365,4426,348.00238248,12.63956832
2365,4427,351.33049368,11.92853088
2365,4428,354.51815304,10.2705408
2365,4429,357.03930624,8.1253584
2365,4430,358.95963768,5.89788
2365,4431,360.47327448,5.33936448
2365,4432,361.98084576,5.4864
2365,4433,363.50636976,5.64221376
2365,4434,365.28911448,7.22119968
2365,4435,367.52122584,8.88906528
2365,4436,370.28378064,11.07045792
2365,4437,373.77828216,14.3579088
2365,4438,378.13338648,16.45700544
2365,4439,383.12314536,20.45439648
2365,4440,389.13819048,21.83477472
2365,4441,395.19093936,21.7864944
2365,4442,401.1963528,20.52352512
2365,4443,407.05162176,23.8219488
2365,4444,413.30614824,18.94563648
2365,4445,418.564314,20.24152416
2365,4446,423.55943736,14.41387008
2365,4447,427.25196744,13.19150016
2365,4448,430.79901648,11.46877056
2365,4449,433.28118576,7.790688
2365,4450,435.57678696,10.14545088
2365,4451,439.4635356,15.89190624
2365,4452,443.9718324,17.39079072
2365,4453,449.16812376,19.20349728
2365,4454,454.51190784,19.7181216
2365,4455,460.39558416,22.64676192
2365,4456,466.81016112,22.27368672
2365,4457,470.95413048,12.70540512
2365,4458,476.90693544,25.566624
2365,4459,484.0097508,25.53260832
2365,4460,490.44807168,20.53340064
2365,4461,495.57163776,15.4661616
2365,4462,498.891306,21.4189056
2368,4334,103.8175089,23.1155748
2368,4335,109.72611024,24.25647168
2368,4336,116.4672804,24.79743072
2368,4337,123.55217352,26.3511792
2368,4338,130.8812724,25.57320768
2368,4339,137.3498904,20.06705664
2368,4340,142.01220264,13.43290176
2368,4341,145.21354752,10.94975712
2368,4342,147.94867032,7.98600384
2368,4343,149.76817392,4.39899552
2368,4344,150.38926488,1.72931328
2368,4345,151.10234448,1.60641792
2368,4346,151.29400272,1.43085312
2368,4347,152.002998,4.14332928
2368,4348,152.84540424,0.26993088
2368,4349,152.91809904,0.66604896
2368,4350,153.13661016,0.301752
2368,4351,153.1449312,0
2368,4352,153.41912928,1.5197328
2368,4353,153.89406864,2.58080256
2368,4354,154.45535784,1.1576304
2368,4355,155.21440128,5.49956736
2368,4356,156.5070276,1.72711872
2368,4357,156.7950636,0.30504384
2368,4358,156.802836,0
2368,4359,156.802836,0
2368,4360,156.8080176,0.17995392
2368,4361,156.90604128,0.15252192
2368,4362,157.27655616,1.7501616
2368,4363,157.44075192,0.17666208
2368,4364,157.5646836,0.84710016
2368,4365,157.77350208,1.13349024
2368,4366,158.8727328,6.34995936
2368,4367,161.14614456,9.33017184
2368,4368,163.73115336,9.28957248
2368,4369,166.32555,9.55511424
2368,4370,169.09895568,10.24091424
2368,4371,171.94389792,10.2376224
2368,4372,174.7706436,10.00280448
2368,4373,177.6589284,10.94865984
2368,4374,180.47083032,9.8316288
2368,4375,183.552846,12.73064256
2368,4376,187.53767928,15.01188768
2368,4377,191.70545352,14.9998176
2368,4378,195.79903944,13.78951776
2368,4379,199.1546436,11.01230208
2368,4380,202.1854224,10.85648832
2368,4381,205.21745088,10.9728
2368,4382,208.2654204,10.9728
2368,4383,211.10027376,7.69961376
2368,4384,212.44121088,3.69563904
2368,4385,213.4680516,3.6978336
2368,4386,214.49486184,3.6978336
2368,4387,215.5216416,3.6978336
2368,4388,216.54842136,3.6978336
2368,4389,217.57526208,3.6978336
2368,4390,218.59917672,3.621024
2368,4391,219.60026184,3.67259616
2368,4392,220.62716352,3.6978336
2368,4393,221.65388232,3.6978336
2368,4394,222.68069256,3.67698528
2368,4395,223.68912336,3.64735872
2368,4396,224.71419624,3.6978336
2368,4397,225.88581696,5.91763104
2368,4398,227.96790576,7.96296096
2368,4399,230.10940008,7.30459296
2368,4400,232.11839784,7.22997792
2368,4401,234.02839656,7.54050816
2368,4402,236.73919632,10.97499456
2368,4403,239.78329488,10.917936
2368,4404,242.82099264,11.08911168
2368,4405,246.16931208,13.03678368
2368,4406,249.82721688,13.16736
2368,4407,252.2049312,13.16736
2372,4315,19.5489576,8.3283552
2372,4316,21.2540088,11.0496096
2372,4317,24.9812556,15.4112976
2372,4318,29.530548,17.33044032
2372,4319,34.91310264,21.31905312
2372,4320,41.42969616,24.06115584
2372,4321,47.65767456,21.99936672
2372,4322,53.93579256,24.09846336
2372,4323,61.06451592,26.03955168
2372,4324,68.27663256,25.74438336
2372,4325,75.16090632,23.91631488
2372,4326,82.20367608,27.14451264
2372,4327,89.29582344,21.2213952
2372,4328,96.74867112,36.96626592
2372,4329,105.6026844,25.08491808
2372,4330,112.96022112,27.50661504
2372,4331,120.752616,29.09876832
2372,4332,128.78443128,29.5387776
2372,4333,137.28438888,29.49049728
2372,4334,145.36421016,28.59621408
2372,4335,152.49351264,22.89803904
2372,4336,158.1910476,17.63548416
2372,4337,162.11927952,11.39635008
2372,4338,165.06517152,9.45196992
2372,4339,167.06350128,5.62246272
2372,4340,168.58817184,5.29218144
2372,4341,169.42951128,0.48609504
2372,4342,169.4386248,0
2372,4343,169.4386248,0
2372,4344,169.4386248,0
2372,4345,169.4386248,0
2372,4346,169.4386248,0
2372,4347,169.4386248,0
2372,4348,169.4386248,0
2372,4349,169.4386248,0
2372,4350,169.4386248,0
2372,4351,169.4386248,0
2372,4352,169.4386248,0
2372,4353,169.55905128,1.44511776
2372,4354,170.189652,2.47217184
2372,4355,170.7343296,0.87124032
2372,4356,170.7797448,0
2372,4357,170.7797448,0
2372,4358,170.7797448,0
2372,4359,170.7821832,0.21506688
2372,4360,172.08242952,7.76106144
2372,4361,173.76910128,5.48749728
2372,4362,175.74527208,10.47463488
2372,4363,179.75735448,17.36226144
2372,4364,184.84440552,18.60657696
2372,4365,190.02701136,18.66912192
2372,4366,195.20477088,18.19729152
2372,4367,199.10121216,8.84078496
2372,4368,200.9808528,6.07783392
2372,4369,202.57035432,5.4918864
2372,4370,204.21627432,5.9911488
2372,4371,206.34667392,11.4171984
2372,4372,210.161124,14.27122368
2372,4373,214.12523088,14.27451552
2372,4374,217.93907136,12.37512384
2372,4375,221.07015984,10.96950816
2372,4376,224.0014824,8.96697216
2372,4377,225.84366312,5.47871904
2372,4378,227.3676936,5.4864
2372,4379,228.87139392,4.62174336
2372,4380,229.43859624,0.17885664
2372,4381,230.00659104,4.46154048
2372,4382,231.4824936,5.4864
2372,4383,232.95705504,4.13235648
2372,4384,233.4009048,0
2372,4385,233.4009048,0
2372,4386,233.4009048,0
2372,4387,233.4009048,0
2372,4388,233.4009048,0
2372,4389,233.4009048,0
2372,4390,233.4009048,0
2372,4391,233.4009048,0
2372,4392,233.72664456,3.41583264
2372,4393,235.13844768,5.5357776
2372,4394,237.21782376,10.1004624
2372,4395,240.2407692,11.18018592
2372,4396,243.66806232,13.30671456
2372,4397,247.37760024,13.3538976
2372,4398,251.08655904,13.551408
2372,4399,255.20224296,15.56711136
2372,4400,259.24328136,13.73465376
2372,4401,263.02895832,13.69185984
2372,4402,266.85111984,13.76098848
2372,4403,270.63652248,12.9917952
2372,4404,273.4197732,7.28374464
2372,4405,275.3703408,7.022592
2372,4406,277.32109128,7.022592
2372,4407,279.2717808,7.022592
2372,4408,281.22277512,7.07526144
2372,4409,283.2736524,7.66120896
2372,4410,285.4074048,7.68096
2372,4411,287.5410048,7.68096
2372,4412,289.67219688,7.61622048
2372,4413,291.93253272,8.91320544
2372,4414,294.31951296,7.07416416
2372,4415,295.93281936,5.76181728
2372,4416,297.60467784,6.03942912
2372,4417,299.353986,7.13890368
2372,4418,301.68564504,8.60596704
2372,4419,303.87743136,8.12755296
2372,4420,306.42339528,10.01158272
2372,4421,309.38032104,10.93110336
2372,4422,312.40299216,11.09679264
2372,4423,316.09750344,15.691104
2372,4424,320.5740096,16.130016
2372,4425,325.05100344,15.81070752
2372,4426,329.22069792,14.6432016
2372,4427,333.3314136,14.86704672
2372,4428,337.32426312,12.73173984
2372,4429,340.43450328,11.00242656
2372,4430,343.73737704,12.56714784
2372,4431,347.16738288,11.09130624
2372,4432,349.71054264,8.2241136
2372,4433,352.00593048,8.42052672
2372,4434,354.41257032,8.77933728
2372,4435,356.81902728,8.1088992
2372,4436,358.83576696,6.85470816
2372,4437,360.77813544,8.1143856
2372,4438,363.567726,10.97938368
2372,4439,366.615726,10.9728
2372,4440,369.663726,10.9728
2372,4441,372.78131184,12.9808224
2372,4442,377.6817948,20.85600096
2372,4443,383.4480012,20.4752448
2372,4444,389.2571844,21.44853216
2372,4445,395.21431752,21.66798816
2372,4446,401.37530088,22.4887536
2372,4447,407.66414784,22.93973568
2372,4448,413.41194432,16.88933376
2372,4449,416.97426384,10.22884416
2372,4450,420.00412824,11.52473184
2372,4451,423.15896064,10.78406784
2372,4452,425.97122832,9.87552
2372,4453,428.80632552,11.35575072
2372,4454,432.32670456,13.16845728
2372,4455,436.18321704,16.55356608
2372,4456,441.79802928,21.9291408
2372,4457,447.84547464,20.85490368
2372,4458,453.70994856,24.58565568
2372,4459,461.6003976,29.7582336
2372,4460,469.87443744,29.81090304
2372,4461,478.10696352,29.23044192
2372,4462,486.1342068,28.80579456
2372,4463,494.06379216,28.48648608
2372,4464,500.514366,29.5844976
2389,4356,20.651724,18.8402976
2389,4357,23.52921888,18.8402976
2389,4358,28.76172048,18.8402976
2389,4359,33.98760792,18.42003936
2389,4360,38.49587424,14.237208
2389,4361,42.40578768,14.08139424
2389,4362,46.28470296,12.73503168
2389,4363,48.09603792,0.71981568
2389,4364,48.11268,0
2389,4365,48.11268,0
2389,4366,48.11268,0
2389,4367,48.11268,0
2389,4368,48.11268,0
2389,4369,48.11268,0
2389,4370,48.11356392,0.05705856
2389,4371,48.19351296,0.74176128
2389,4372,49.03640688,5.14295136
2389,4373,50.51154744,5.2998624
2389,4374,51.96568728,4.46812416
2389,4375,52.513992,0.05705856
2389,4376,52.513992,0
2389,4377,52.513992,0
2389,4378,52.513992,0
2389,4379,52.513992,0
2389,4380,52.513992,0
2389,4381,52.513992,0
2389,4382,52.513992,0
2389,4383,52.55065944,1.0808208
2389,4384,53.6039568,5.44031424
2389,4385,55.0988484,5.376672
2389,4386,56.59245984,5.376672
2389,4387,58.0848216,5.39752032
2389,4388,60.33537336,12.43327968
2389,4389,64.35041232,14.81547456
2389,4390,68.46652296,14.80011264
2389,4391,72.61546056,16.48992384
2389,4392,77.78005272,19.32529536
2389,4393,83.1381624,19.20569184
2389,4394,87.75865608,12.50679744
2389,4395,90.69833016,10.23871968
2389,4396,93.5310804,10.13228352
2389,4397,96.35813088,10.23981696
2389,4398,99.20292072,10.23871968
2389,4399,102.0461256,10.21348224
2389,4400,105.3437568,14.62235328
2389,4401,109.7603088,16.0970976
2389,4402,114.22983504,16.14537792
2389,4403,119.482362,23.207472
2389,4404,123.2800176,25.4788416
2395,4318,17.0683809,13.44168
2395,4319,20.43464544,13.49215488
2395,4320,24.65149248,17.96576544
2395,4321,30.00487776,19.46903904
2395,4322,35.60256024,21.31576128
2395,4323,41.67749856,21.9510864
2395,4324,47.7760284,21.94779456
2395,4325,54.00041016,23.18223456
2395,4326,60.54080856,23.58493632
2395,4327,67.39487664,27.7392384
2395,4328,75.87337632,31.38330528
2395,4329,84.06844248,26.5157712
2395,4330,91.08567,25.0289568
2395,4331,98.03407368,25.07613984
2395,4332,105.0000948,25.14087936
2395,4333,112.10257488,25.950672
2395,4334,119.34258072,26.0768592
2395,4335,126.52702152,25.23853728
2395,4336,133.11268272,22.4448624
2395,4337,139.2483372,21.9456
2395,4338,145.34000904,21.91487616
2395,4339,151.40723592,20.89111392
2395,4340,155.81830152,11.2855248
2395,4341,158.82064248,10.7862624
2395,4342,161.79472848,9.77347296
2395,4343,163.18135512,0.53108352
2395,4344,163.191444,0
2395,4345,163.191444,0
2395,4346,163.191444,0
2395,4347,163.191444,0
2395,4348,163.191444,0
2395,4349,163.191444,0
2395,4350,163.191444,0
2395,4351,163.191444,0
2395,4352,163.41114384,1.52083008
2395,4353,163.86212592,1.80063648
2395,4354,164.61117192,3.50800416
2395,4355,165.60091848,3.27867264
2395,4356,166.05796608,0.12508992
2395,4357,166.0586976,0
2395,4358,166.0586976,0
2395,4359,166.0586976,0
2395,4360,166.0586976,0
2395,4361,166.0586976,0
2395,4362,166.0586976,0
2395,4363,166.07143824,0.57716928
2395,4364,167.22269832,7.36604064
2395,4365,169.3551096,7.68096
2395,4366,171.49489704,8.19448704
2395,4367,174.5264988,13.38901056
2395,4368,178.30781712,13.61505024
2395,4369,182.0887392,13.606272
2395,4370,185.86832016,13.61505024
2395,4371,189.65229024,13.5184896
2395,4372,193.24850352,12.43657152
2395,4373,196.6923168,12.399264
2395,4374,200.13652632,12.39158304
2395,4375,203.57278056,12.37402656
2395,4376,207.01561848,12.27636864
2395,4377,210.2293992,10.93000608
2395,4378,213.24990624,10.83564
2395,4379,216.25715448,10.8685584
2395,4380,219.27382104,10.37697696
2395,4381,221.47325784,5.72450976
2395,4382,222.99558144,5.404104
2395,4383,224.503488,5.4864
2395,4384,226.02745752,5.49408096
2395,4385,227.2331244,1.9312128
2395,4386,227.3362992,0
2395,4387,227.3362992,0
2395,4388,227.3362992,0
2395,4389,227.3362992,0
2395,4390,227.3362992,0
2395,4391,227.42386824,0.9985248
2395,4392,227.848668,1.64592
2395,4393,228.305868,1.63823904
2395,4394,229.06951392,5.0420016
2395,4395,230.885238,6.858
2395,4396,232.790238,6.858
2395,4397,234.69520752,6.85141632
2395,4398,236.94066912,10.60960032
2395,4399,240.3373908,12.56166144
2395,4400,243.8345136,12.61872
2395,4401,247.35568512,12.79647936
2395,4402,250.9325436,12.89304
2395,4403,254.51321208,12.83927328
2395,4404,258.06568656,12.84256512
2395,4405,261.49651536,11.3184432
2395,4406,264.48111696,10.6545888
2395,4407,267.44133456,10.66226976
2395,4408,270.1256472,7.62499872
2395,4409,271.90909296,6.2435232
2395,4410,273.644106,6.2435232
2395,4411,275.37908856,6.2435232
2395,4412,277.11413208,6.2435232
2395,4413,278.84914512,6.2435232
2395,4414,280.58415816,6.2435232
2395,4415,282.3191712,6.2435232
2395,4416,284.05418424,6.2435232
2395,4417,285.78922776,6.2435232
2395,4418,287.5242408,6.2435232
2395,4419,289.25925384,6.2435232
2395,4420,290.99429736,6.24132864
2395,4421,292.93669632,8.90332992
2395,4422,295.8583872,10.9728
2395,4423,298.90678344,10.96621632
2395,4424,301.92549216,10.84880736
2395,4425,305.0915412,12.3828048
2395,4426,308.77462248,13.77196128
2395,4427,312.94148232,15.97310496
2395,4428,317.08048344,13.9848336
2395,4429,320.82047088,12.49692192
2395,4430,324.44012328,14.24598624
2395,4431,328.47652872,14.53896
2395,4432,332.51555544,14.51591712
2395,4433,336.19473528,11.53021824
2395,4434,339.25395192,10.9728
2395,4435,342.2932956,10.89379584
2395,4436,345.32828064,10.95853536
2395,4437,348.31556448,10.5284016
2395,4438,351.2292696,10.4899968
2395,4439,354.14206032,10.48780224
2395,4440,357.40625496,13.57664544
2395,4441,361.32412368,14.1329664
2395,4442,365.27713584,14.26244544
2395,4443,369.21143328,14.03201664
2395,4444,373.09677984,14.045184
2395,4445,377.57228016,18.87760512
2395,4446,382.80676296,14.4182592
2395,4447,385.54438512,13.82792256
2395,4448,391.3116888,22.62152448
2395,4449,397.59233664,22.62152448
2395,4450,403.49555064,18.15120576
2395,4451,407.88482304,15.9489648
2395,4452,411.73688544,12.07446912
2395,4453,415.09242864,11.000232
2395,4454,417.72370608,7.88285952
2395,4455,420.46675368,12.74929632
2395,4456,424.2520344,13.72807008
2395,4457,428.2811856,16.16622624
2395,4458,433.00656096,16.41201696
2395,4459,437.73916008,19.37357568
2395,4460,443.52523944,21.11386176
2395,4461,449.72959584,24.84132192
2395,4462,457.08344448,26.828496
2395,4463,464.5377552,26.828496
2395,4464,470.59663056,12.52215936
2395,4465,476.45333208,35.41032288
2395,4466,486.5115492,33.71721984
2395,4467,495.2376684,30.7183536
2395,4468,501.63337824,30.668976
2401,4322,20.9334354,21.2433408
2401,4323,24.73317888,18.47709792
2401,4324,31.11255144,28.364688
2401,4325,39.13360728,28.913328
2401,4326,47.16792192,28.92539808
2401,4327,53.28394728,9.272016
2401,4328,55.43354928,16.20572832
2401,4329,61.47834288,23.02971264
2401,4330,67.88240424,23.0538528
2401,4331,74.28576456,23.0812848
2401,4332,80.7195744,23.14492704
2401,4333,87.12714096,23.0538528
2401,4334,93.51526128,22.87389888
2401,4335,99.53881032,20.48402304
2401,4336,105.33833136,20.94926976
2401,4337,111.20423784,21.81612096
2401,4338,117.32261016,22.10580288
2401,4339,123.39532344,21.39476544
2401,4340,129.19935552,20.01877632
2401,4341,134.15607408,14.5060416
2401,4342,137.291826,8.99330688
2401,4343,139.29378288,6.08551488
2401,4344,140.78541312,3.8843712
2401,4345,141.38172384,0.81088992
2401,4346,141.42625512,0.20958048
2401,4347,141.96020376,4.0544496
2401,4348,142.66505376,0.55741824
2401,4349,143.00030328,1.50985728
2401,4350,143.41940328,1.50985728
2401,4351,143.83853376,1.50656544
2401,4352,144.26525376,1.63165536
2401,4353,144.7490628,1.78527456
2401,4354,145.24414944,1.76442624
2401,4355,145.7305188,1.7666208
2401,4356,146.20728696,1.8873216
2401,4357,146.94182448,3.16345824
2401,4358,147.68922456,1.4319504
2401,4359,147.7831944,0
2401,4360,147.7831944,0
2401,4361,147.7831944,0
2401,4362,147.7831944,0
2401,4363,147.7831944,0
2401,4364,147.7831944,0
2401,4365,147.80669448,0.77248512
2401,4366,148.87794456,6.0130944
2401,4367,150.5556552,6.03504
2401,4368,152.24427768,6.3971424
2401,4369,154.21301136,7.49771424
2401,4370,156.29601456,7.49771424
2401,4371,158.28017112,5.30864064
2401,4372,158.92143984,3.01971456
2401,4373,164.00507712,26.59916448
2401,4374,168.55281504,10.60850304
2401,4375,171.49913376,10.6106976
2401,4376,174.49123344,11.5653312
2401,4377,178.040538,13.36267584
2401,4378,181.75019784,13.35280032
2401,4379,185.44635504,13.09713408
2401,4380,188.99831136,12.63408192
2401,4381,192.5043648,12.61872
2401,4382,196.30665336,15.48371808
2401,4383,199.57167096,6.99954912
2401,4384,201.4305852,6.665976
2401,4385,203.28297672,6.69231072
2401,4386,205.1422872,6.693408
2401,4387,206.97282456,5.62136544
2401,4388,207.6674028,0.1042416
2401,4389,207.669384,0.08119872
2401,4390,207.86985096,1.19493792
2401,4391,208.20564912,1.207008
2401,4392,208.5408072,1.207008
2401,4393,208.8760872,1.207008
2401,4394,209.23303848,2.11445856
2401,4395,210.5712324,6.8360544
2401,4396,212.48686992,6.8909184
2401,4397,214.3969296,6.82069248
2401,4398,216.29434008,6.88433472
2401,4399,218.20851456,6.8909184
2401,4400,220.12223184,6.87007008
2401,4401,222.01430832,6.76582848
2401,4402,223.87456368,6.6879216
2401,4403,225.75719136,6.90298848
2401,4404,227.85610512,8.49404448
2401,4405,230.49990984,10.56132
2401,4406,233.5432464,10.9728
2401,4407,236.5912464,10.9728
2401,4408,239.72852232,12.83049504
2401,4409,244.0658568,17.30739744
2401,4410,248.91150624,17.4577248
2401,4411,253.7598684,17.41163904
2401,4412,258.58000608,17.391888
2401,4413,263.41602384,16.7938704
2401,4414,267.2498592,11.17799136
2401,4415,270.27371904,10.81479168
2401,4416,273.20738856,10.41977088
2401,4417,276.11716176,9.47172096
2401,4418,278.0998248,5.61368448
2401,4419,279.6725928,6.71974272
2401,4420,281.92119384,7.54599456
2401,4421,283.58592,5.4864
2401,4422,285.10988952,5.4864
2401,4423,286.64818464,6.0295536
2401,4424,288.61813752,8.00794944
2401,4425,291.1432836,9.82285056
2401,4426,293.94628536,9.6505776
2401,4427,296.49011568,9.9797616
2401,4428,299.4763632,10.9728
2401,4429,302.52448512,10.9728
2401,4430,305.66487,12.47936544
2401,4431,309.72895128,15.47384256
2401,4432,313.67845824,13.43290176
2401,4433,317.44343928,14.41057824
2401,4434,321.95758824,17.3534832
2401,4435,326.70740856,16.09490304
2401,4436,330.85637664,14.53566816
2401,4437,334.88632032,14.26683456
2401,4438,338.70576912,13.44058272
2401,4439,342.39994512,12.53971584
2401,4440,345.46440432,10.14545088
2401,4441,348.301818,10.68092352
2401,4442,351.54833424,12.29173056
2401,4443,354.961698,12.289536
2401,4444,358.43934408,13.39339968
2401,4445,362.53997088,15.56711136
2401,4446,367.00001784,16.41969792
2401,4447,371.3552136,14.98774752
2401,4448,375.81029232,16.74010368
2401,4449,380.28320184,16.55685792
2401,4450,385.4237148,19.76969376
2401,4451,390.91980744,19.74116448
2401,4452,396.37118592,19.2243456
2401,4453,401.3269596,16.40214144
2401,4454,405.20621016,11.1812832
2401,4455,407.89015704,9.63850752
2401,4456,410.86555368,10.97609184
2401,4457,414.1518768,13.27269888
2401,4458,418.01920968,13.99361184
2401,4459,421.86090888,14.13186912
2401,4460,426.2432928,18.26203104
2401,4461,432.14470848,22.66212384
2401,4462,438.3017904,21.91597344
2401,4463,444.40574568,22.23308736
2401,4464,450.68297976,22.76526816
2401,4465,457.06628424,24.35522688
2401,4466,464.29199496,26.50370112
2401,4467,471.72795672,28.39980096
2401,4468,480.16628376,31.00035456
2401,4469,488.85832632,31.8979296
2401,4470,497.82752352,32.35549536
2401,4471,504.117483,32.3587872
2404,4325,22.38509112,20.65849056
2404,4326,28.00764528,19.15960608
2404,4327,33.29153616,19.69837056
2404,4328,40.2022056,30.00621888
2404,4329,47.96616264,25.7970528
2404,4330,55.12975512,25.78608
2404,4331,62.3291616,26.94261312
2404,4332,69.8400432,23.80219776
2404,4333,76.34206728,25.03224864
2404,4334,82.72823688,20.89001664
2404,4335,88.38309984,20.29968
2404,4336,94.0047396,20.19763296
2404,4337,99.64259472,20.45768832
2404,4338,105.35985024,20.6398368
2404,4339,111.0992952,20.66507424
2404,4340,117.10089864,22.94631936
2404,4341,122.95574088,17.68156992
2404,4342,127.09468104,12.05252352
2404,4343,129.42984528,5.58954432
2404,4344,130.88176008,5.2011072
2404,4345,132.15896352,3.96995904
2404,4346,133.16876592,3.31268832
2404,4347,134.08347072,3.27099168
2404,4348,134.67210048,0.52998624
2404,4349,134.6862432,0
2404,4350,134.6862432,0
2404,4351,135.16099968,3.89973312
2404,4352,136.47676032,4.80279456
2404,4353,137.81026032,4.80169728
2404,4354,139.14568056,4.69965024
2404,4355,139.92340824,0.52998624
2404,4356,139.93368,0
2404,4357,139.93368,0
2404,4358,139.93368,0
2404,4359,139.93368,0
2404,4360,139.93368,0
2404,4361,139.93368,0
2404,4362,139.93368,0
2404,4363,139.93368,0
2404,4364,140.08498272,0.90086688
2404,4365,140.24097936,0.51462432
2404,4366,140.5847328,2.11006944
2404,4367,141.33557712,3.56177088
2404,4368,142.48662384,4.882896
2404,4369,144.42762072,8.61693984
2404,4370,147.19011456,10.890504
2404,4371,150.10128984,9.91611936
2404,4372,152.63289768,8.22850272
2404,4373,154.81072416,7.68315456
2404,4374,156.72547776,6.16890816
2404,4375,158.80546344,9.73616544
2404,4376,161.82036216,11.08362528
2404,4377,165.1339344,12.73832352
2404,4378,168.58314264,12.28734144
2404,4379,172.19227944,14.4182592
2404,4380,176.10569808,12.8546352
2404,4381,179.94876888,13.59639648
2404,4382,183.2789832,11.52144
2404,4383,186.47950512,11.53021824
2404,4384,189.68478192,11.5324128
2404,4385,192.6858732,8.9044272
2404,4386,194.6989248,6.7702176
2404,4387,196.578474,6.77241216
2404,4388,198.17169408,3.07896768
2404,4389,198.3793848,0
2404,4390,198.45140904,0.97219008
2404,4391,198.9242148,1.92024
2404,4392,199.4576148,1.92024
2404,4393,199.9910148,1.92024
2404,4394,200.5244148,1.92024
2404,4395,201.05784528,1.91914272
2404,4396,201.7603788,4.15539936
2404,4397,203.31613896,6.03504
2404,4398,204.99244752,6.03504
2404,4399,206.66881704,6.03613728
2404,4400,208.30803144,6.14915712
2404,4401,210.41459568,9.1129104
2404,4402,213.11878128,9.87552
2404,4403,215.86243848,9.87442272
2404,4404,218.65721064,10.5229152
2404,4405,221.40586656,9.31700448
2404,4406,224.25288144,10.8959904
2404,4407,227.29612656,10.9728
2404,4408,230.36567592,11.47645152
2404,4409,233.76111744,12.62091456
2404,4410,237.266226,12.61872
2404,4411,240.774474,12.93583392
2404,4412,244.57475088,14.12967456
2404,4413,248.49920328,14.12748
2404,4414,252.42350328,14.12748
2404,4415,256.2884892,12.76356096
2404,4416,259.19594592,9.1129104
2404,4417,261.70637016,8.98891776
2404,4418,264.22423152,9.11620224
2404,4419,266.75599176,9.11729952
2404,4420,269.28360672,8.99111232
2404,4421,271.7738532,9.079992
2404,4422,274.25529096,8.44576416
2404,4423,276.4834704,7.900416
2404,4424,278.6780304,7.900416
2404,4425,280.8725904,7.900416
2404,4426,283.06718088,7.89931872
2404,4427,285.32913216,9.04048992
2404,4428,288.20086632,10.97938368
2404,4429,291.2488968,10.9728
2404,4430,294.2968968,10.9728
2404,4431,297.37744944,11.78807904
2404,4432,301.10862816,14.86485216
2404,4433,305.48369688,15.97200768
2404,4434,309.67110024,14.62783968
2404,4435,313.45461312,11.92962816
2404,4436,316.72197768,11.93511456
2404,4437,319.8760176,10.96621632
2404,4438,323.05733712,12.73722624
2404,4439,326.90781456,14.1878304
2404,4440,330.8486652,14.09236704
2404,4441,334.54692552,12.61213632
2404,4442,338.0478888,12.61872
2404,4443,341.54793768,12.55507776
2404,4444,345.25598208,14.45885856
2404,4445,348.57485784,10.02694464
2404,4446,352.75485456,19.19471904
2404,4447,358.08547128,19.0981584
2404,4448,363.27749544,17.65633248
2404,4449,367.91822784,16.31984544
2404,4450,372.34873968,15.73609248
2404,4451,376.6960716,16.9913808
2404,4452,381.72292464,16.56234432
2404,4453,386.60722272,19.98037152
2404,4454,392.19521256,20.080224
2404,4455,397.56316728,16.5360096
2404,4456,401.0995788,10.96621632
2404,4457,404.14882848,10.93220064
2404,4458,407.04327024,10.35173952
2404,4459,410.69090328,15.71634144
2404,4460,415.12702344,16.54039872
2404,4461,420.23147856,19.72689984
2404,4462,425.72525472,20.09339136
2404,4463,431.59978704,21.93243264
2404,4464,437.67332328,21.204936
2404,4465,443.3965224,20.96463168
2404,4466,449.3030892,21.39586272
2404,4467,455.7896904,26.3402064
2404,4468,463.36528104,26.28095328
2404,4469,471.4073376,33.3079344
2404,4470,480.7982256,32.03179776
2404,4471,489.49163976,31.92097248
2404,4472,497.3930616,30.751272
2410,4326,11.0720886,23.3940096
2410,4327,15.60176712,23.2952544
2410,4328,22.06852584,23.27660064
2410,4329,28.54275216,23.63980032
2410,4330,35.25024192,24.39582624
2410,4331,42.03573,24.51981888
2410,4332,48.88080648,24.69209184
2410,4333,55.73865408,24.6888
2410,4334,62.42474688,22.46571072
2410,4335,68.5796952,22.88267712
2410,4336,74.94888744,22.97484864
2410,4337,81.34432296,22.97484864
2410,4338,87.67733544,22.19907168
2410,4339,93.57414864,20.73530016
2410,4340,99.35023056,20.84612544
2410,4341,105.13350576,20.81320704
2410,4342,110.76636216,17.90870688
2410,4343,114.72757344,12.43437696
2410,4344,118.21219944,12.56056416
2410,4345,121.50976968,9.36967392
2410,4346,123.05602008,3.65174784
2410,4347,124.07237568,3.6594288
2410,4348,125.05050936,2.86280352
2410,4349,125.564646,1.36830816
2410,4350,125.9451888,1.3716
2410,4351,126.32570112,1.3716
2410,4352,126.70852992,1.41988032
2410,4353,127.11955272,1.50656544
2410,4354,127.53856128,1.51205184
2410,4355,127.92352368,1.069848
2410,4356,128.24286264,1.34636256
2410,4357,128.5719552,1.09728
2410,4358,128.87669424,1.09728
2410,4359,129.1634196,0.71762112
2410,4360,129.2303232,0
2410,4361,129.2303232,0
2410,4362,129.2303232,0
2410,4363,129.2303232,0
2410,4364,129.2303232,0
2410,4365,129.2303232,0
2410,4366,129.2303232,0
2410,4367,129.28073712,0.94695264
2410,4368,129.9395928,3.02190912
2410,4369,130.88313168,5.1462432
2410,4370,133.13502456,9.45965088
2410,4371,135.67236264,9.05256
2410,4372,138.18690168,9.05256
2410,4373,140.71521768,9.3378528
2410,4374,143.41035072,9.87661728
2410,4375,146.14675368,9.83821248
2410,4376,148.8870276,9.87552
2410,4377,151.67893464,10.89489312
2410,4378,155.06428728,12.80854944
2410,4379,158.62026696,12.80306304
2410,4380,162.17484456,12.7613664
2410,4381,165.71719968,12.79099296
2410,4382,169.2732708,12.8052576
2410,4383,172.826172,12.73832352
2410,4384,176.34204,12.61981728
2410,4385,179.84943456,12.6242064
2410,4386,183.24475416,10.44939744
2410,4387,185.39194824,6.39275328
2410,4388,187.17048672,6.41250432
2410,4389,188.85673176,4.4604432
2410,4390,189.41433288,0.81527904
2410,4391,189.64293288,0.82296
2410,4392,189.87153288,0.82296
2410,4393,190.14423744,1.74686976
2410,4394,190.95488352,3.48057216
2410,4395,191.9200632,3.4783776
2410,4396,192.90971832,3.98532096
2410,4397,194.1960048,4.93885728
2410,4398,195.5676048,4.93776
2410,4399,196.96352784,5.4479952
2410,4400,198.65617368,6.40153152
2410,4401,200.43425496,6.39823968
2410,4402,202.2283992,6.8141088
2410,4403,204.28384848,7.68205728
2410,4404,206.417418,7.68096
2410,4405,208.63572192,9.41795424
2410,4406,211.86184704,12.67029216
2410,4407,215.37079608,12.60116352
2410,4408,218.87986704,12.66480576
2410,4409,222.36952224,12.2511312
2410,4410,225.76286064,12.39487488
2410,4411,229.2074664,12.399264
2410,4412,232.6517064,12.399264
2410,4413,236.09551968,12.4321824
2410,4414,239.66597736,13.29793632
2410,4415,243.3878292,13.44168
2410,4416,247.1216292,13.44168
2410,4417,250.8571056,13.28037984
2410,4418,253.98033024,8.99659872
2410,4419,256.35581952,8.48307168
2410,4420,258.72740736,8.62900992
2410,4421,261.26029536,9.58583808
2410,4422,263.94381552,9.74494368
2410,4423,266.6599188,9.7767648
2410,4424,269.37221208,9.60229728
2410,4425,271.81963416,8.06720256
2410,4426,274.0302876,7.95528
2410,4427,276.24020952,7.95528
2410,4428,278.46326832,8.68716576
2410,4429,281.4745704,11.07594432
2410,4430,283.88236848,8.33713344
2410,4431,286.6767444,10.98157824
2410,4432,289.72483584,10.9728
2410,4433,292.7728968,10.96511904
2410,4434,296.14425912,14.54664096
2410,4435,300.6214968,16.4592
2410,4436,305.1934968,16.4592
2410,4437,309.75882168,16.37800128
2410,4438,314.3149416,16.4592
2410,4439,318.86871456,15.73609248
2410,4440,322.70620752,13.0192272
2410,4441,326.60764752,14.54005728
2410,4442,330.64493688,14.53896
2410,4443,334.62297312,13.29244992
2410,4444,337.87869432,10.96841088
2410,4445,340.9262676,10.93329792
2410,4446,343.9536936,10.93329792
2410,4447,347.1316908,13.06750752
2410,4448,351.27785472,15.62746176
2410,4449,355.61909064,15.62636448
2410,4450,359.94840888,15.62965632
2410,4451,364.31155992,15.42995136
2410,4452,368.55077928,15.36192
2410,4453,375.98899656,42.6073824
2410,4454,384.0385512,10.48012128
2410,4455,386.82247248,10.03682016
2410,4456,389.60645472,9.985248
2410,4457,392.3829084,10.32211296
2410,4458,395.5720308,11.78698176
2410,4459,398.65901472,10.9728
2410,4460,401.70759384,10.97389728
2410,4461,404.64665832,10.4625648
2410,4462,407.957274,13.95081792
2410,4463,412.45584768,18.75690432
2410,4464,418.06617936,21.04912224
2410,4465,424.1179224,21.9456
2410,4466,430.21404432,21.9456
2410,4467,436.30620384,22.32855072
2410,4468,443.1980976,27.0260064
2410,4469,450.74369592,27.16975008
2410,4470,458.38625112,28.11011904
2410,4471,466.36786584,30.37490496
2410,4472,475.57386216,34.6027248
2410,4473,485.05177056,33.13895328
2410,4474,493.50631296,28.42174656
2410,4475,499.1712648,30.5373024
2433,4328,11.792712,22.878288
2433,4329,15.60091368,22.81574304
2433,4330,21.94645344,23.207472
2433,4331,28.7126172,25.21768896
2433,4332,35.71847568,25.22207808
2433,4333,42.73149696,25.37679456
2433,4334,49.89030408,26.05601088
2433,4335,57.12604272,25.8793488
2433,4336,64.15869312,24.90386688
2433,4337,71.07302016,24.89399136
2433,4338,77.98667664,24.27402816
2433,4339,84.1031592,20.33479296
2433,4340,89.7454644,20.50926048
2433,4341,95.60274504,21.561552
2433,4342,101.60206248,20.99316096
2433,4343,106.88534376,17.58171744
2433,4344,111.70627392,15.88203072
2433,4345,114.80694336,7.5602592
2433,4346,116.8562052,6.66926784
2433,4347,117.96866424,1.9696176
2433,4348,118.49688264,1.7337024
2433,4349,118.81954392,0.74176128
2433,4350,119.02232736,0.7351776
2433,4351,119.23260888,1.08850176
2433,4352,119.84086776,3.00325536
2433,4353,120.67242312,2.65322304
2433,4354,121.0976496,0.69896736
2433,4355,121.2873876,0.68470272
2433,4356,121.47782664,0.68689728
2433,4357,121.66927152,0.72201024
2433,4358,121.90012704,0.90964512
2433,4359,122.15417784,0.9107424
2433,4360,122.40533304,0.77248512
2433,4361,122.4997296,0.00877824
2433,4362,122.4997296,0
2433,4363,122.4997296,0
2433,4364,122.4997296,0
2433,4365,122.4997296,0
2433,4366,122.50219848,0.09765792
2433,4367,122.64545448,0.8174736
2433,4368,122.8898736,1.5581376
2433,4369,123.94332336,5.45238432
2433,4370,125.4687864,5.4864
2433,4371,127.00613664,6.01638624
2433,4372,129.22157544,9.78334848
2433,4373,132.06935232,10.53279072
2433,4374,134.94663384,10.094976
2433,4375,137.7508548,10.094976
2433,4376,140.5589772,10.30126464
2433,4377,143.5964616,11.39415552
2433,4378,146.75751192,11.38318272
2433,4379,149.92648704,11.411712
2433,4380,153.09640704,11.411712
2433,4381,156.27123432,11.6586
2433,4382,159.71980248,12.97314144
2433,4383,163.31912472,12.92815296
2433,4384,166.91414928,12.77563104
2433,4385,170.28606024,11.66518368
2433,4386,173.52419448,11.65640544
2433,4387,176.76260304,11.66189184
2433,4388,179.96638632,10.39014432
2433,4389,181.83252432,3.94252704
2433,4390,182.88554736,3.24685152
2433,4391,183.2820312,0.03511296
2433,4392,183.2834028,0.06364224
2433,4393,183.43571136,0.90415872
2433,4394,183.69003648,0.9107424
2433,4395,183.96182664,1.71395136
2433,4396,185.11107504,5.93847936
2433,4397,186.77382,5.98127328
2433,4398,188.4393996,5.99882976
2433,4399,190.10165688,5.980176
2433,4400,191.762634,5.980176
2433,4401,193.423794,5.980176
2433,4402,195.08513688,5.980176
2433,4403,196.74614448,5.980176
2433,4404,198.407274,5.980176
2433,4405,200.07599304,6.36093216
2433,4406,202.16292816,8.36676
2433,4407,204.49638552,8.41394304
2433,4408,206.84666784,9.07889472
2433,4409,209.93676072,12.63737376
2433,4410,213.45345168,12.6077472
2433,4411,216.95776776,12.66041664
2433,4412,220.48412088,12.91059648
2433,4413,224.12992512,13.13334432
2433,4414,227.78036232,13.16736
2433,4415,231.43796232,13.16736
2433,4416,235.09861032,13.25843424
2433,4417,238.82774688,13.48776576
2433,4418,242.5717272,13.51629504
2433,4419,246.30016272,12.62201184
2433,4420,249.32847264,9.87113088
2433,4421,252.07130688,9.87552
2433,4422,254.80780128,9.6450912
2433,4423,257.35717896,8.96258304
2433,4424,259.87159608,9.1238832
2433,4425,262.4231988,9.26323776
2433,4426,265.01982048,9.3707712
2433,4427,267.62266008,9.3707712
2433,4428,270.19675704,8.91430272
2433,4429,272.54289408,8.22850272
2433,4430,274.8288636,8.2296
2433,4431,277.14022296,8.97904224
2433,4432,280.02917832,11.25150912
2433,4433,283.12713504,10.79504064
2433,4434,286.3434456,12.91059648
2433,4435,290.06996088,13.5020304
2433,4436,293.6030196,12.3444
2433,4437,297.30033504,14.0945616
2433,4438,301.42964352,15.86557152
2433,4439,305.95653312,16.431768
2433,4440,310.49149992,15.8227776
2433,4441,314.66594928,14.2262352
2433,4442,318.28294992,12.31477344
2433,4443,321.96642744,14.10333984
2433,4444,325.89191616,14.12967456
2433,4445,329.80865712,13.77744768
2433,4446,333.3362904,11.90329344
2433,4447,336.63785352,11.88573696
2433,4448,339.94484208,12.11177664
2433,4449,343.48549032,13.25623968
2433,4450,347.18954184,13.3538976
2433,4451,350.9171544,14.19112224
2433,4452,355.56255024,18.60877152
2433,4453,360.71955288,18.49575168
2433,4454,365.87908536,18.4397904
2433,4455,370.81833888,17.2931328
2433,4456,375.62213928,17.41822272
2433,4457,380.57520024,18.13364928
2433,4458,385.61750664,18.19180512
2433,4459,390.63811128,17.0133264
2433,4460,394.44878184,11.23943904
2433,4461,397.54573272,11.1593376
2433,4462,400.65021216,11.44243584
2433,4463,404.0729028,12.97094688
2433,4464,407.68024128,12.98191968
2433,4465,411.35390424,14.7748752
2433,4466,416.50420128,21.02827392
2433,4467,422.3502348,21.03266304
2433,4468,428.19642072,21.25760544
2433,4469,434.29696224,22.48436448
2433,4470,440.54021112,22.46241888
2433,4471,446.78187504,22.37134464
2433,4472,453.14984808,25.23414816
2433,4473,461.55479952,34.03104192
2433,4474,471.13496832,34.35473952
2433,4475,480.39616392,32.43669408
2433,4476,489.38700192,32.2380864
2433,4477,498.1274772,30.75456384
2435,4332,19.9746616,28.2659328
2435,4333,24.62735232,20.69579808
2435,4334,28.29104832,9.7273872
2435,4335,31.43320104,16.7499792
2435,4336,37.70461344,24.03701568
2435,4337,44.33373912,23.87900736
2435,4338,50.96502888,23.86584
2435,4339,57.59558712,24.09736608
2435,4340,64.65947952,26.63427744
2435,4341,72.08331024,26.718768
2435,4342,79.5576768,28.06183872
2435,4343,87.83381976,25.39764288
2435,4344,92.31075264,13.58871552
2435,4345,96.75400512,16.815816
2435,4346,101.42698536,16.80045408
2435,4347,105.480612,10.27273536
2435,4348,107.55194136,6.7702176
2435,4349,109.43146008,6.775704
2435,4350,111.04339488,3.78781056
2435,4351,111.7300788,2.19456
2435,4352,112.33949592,2.19785184
2435,4353,112.82345736,0.77467968
2435,4354,112.8637824,0
2435,4355,112.8637824,0
2435,4356,112.8637824,0
2435,4357,112.8637824,0
2435,4358,112.8637824,0
2435,4359,112.8637824,0
2435,4360,112.8637824,0
2435,4361,112.8637824,0
2435,4362,112.8637824,0
2435,4363,112.8637824,0
2435,4364,112.8637824,0
2435,4365,112.8637824,0
2435,4366,112.8637824,0
2435,4367,113.45076624,8.17254144
2435,4368,115.58729232,1.755648
2435,4369,115.73350488,1.10715552
2435,4370,116.24471544,2.0080224
2435,4371,116.80323096,2.03216256
2435,4372,117.70678008,5.56540416
2435,4373,119.65125168,7.3188576
2435,4374,121.6828656,7.32544128
2435,4375,124.4044248,12.32464896
2435,4376,127.40713152,9.05036544
2435,4377,129.95845992,9.50573664
2435,4378,132.35501088,6.22267488
2435,4379,134.43560616,10.7862624
2435,4380,137.57855136,11.3349024
2435,4381,140.70089208,10.27822176
2435,4382,143.0245044,8.85066048
2435,4383,146.15623296,12.17212704
2435,4384,149.54423736,12.20724
2435,4385,152.93510688,12.20943456
2435,4386,156.30884664,11.97900576
2435,4387,159.59687664,11.79576
2435,4388,162.86905704,11.74199328
2435,4389,166.13501952,11.79685728
2435,4390,169.23209232,9.42892704
2435,4391,171.43454664,7.4944224
2435,4392,173.5170012,7.49661696
2435,4393,175.28008632,3.41144352
2435,4394,175.5126792,0
2435,4395,175.5126792,0
2435,4396,175.5126792,0
2435,4397,175.51286208,0.00329184
2435,4398,175.512984,0
2435,4399,175.512984,0
2435,4400,175.5193848,0.38075616
2435,4401,178.81555296,22.92327648
2435,4402,183.33576744,8.558784
2435,4403,185.40478032,7.3188576
2435,4404,187.43840592,7.33641408
2435,4405,189.47413464,7.3188576
2435,4406,191.5061448,7.3188576
2435,4407,193.53650904,7.37042976
2435,4408,196.14288432,12.07995552
2435,4409,199.72839912,12.97753056
2435,4410,203.32909296,12.93473664
2435,4411,206.79579672,12.10190112
2435,4412,210.18879984,12.26649312
2435,4413,213.59521416,12.2675904
2435,4414,216.76196424,8.90113536
2435,4415,219.72708912,14.06822688
2435,4416,223.18501464,10.6929936
2435,4417,226.35466032,12.45303072
2435,4418,229.8609576,12.61872
2435,4419,233.36576136,12.51557568
2435,4420,236.67640752,11.37550176
2435,4421,239.8206024,11.27784384
2435,4422,242.96101776,11.4171984
2435,4423,246.01194384,10.28370816
2435,4424,248.80817904,10.06096032
2435,4425,251.54217408,9.16667712
2435,4426,253.9214124,8.4161376
2435,4427,256.24590864,8.30311776
2435,4428,258.60000096,8.81445024
2435,4429,261.08518776,8.91869184
2435,4430,263.57467224,9.03171168
2435,4431,266.08210944,9.02951712
2435,4432,268.5899124,9.02622528
2435,4433,270.97442376,8.48855808
2435,4434,273.62453784,10.56461184
2435,4435,276.65809032,10.9782864
2435,4436,279.55378176,9.8645472
2435,4437,282.44929032,10.97938368
2435,4438,285.49418136,10.87294752
2435,4439,288.52816056,11.63226528
2435,4440,292.19405112,14.94934272
2435,4441,296.6630592,16.4592
2435,4442,301.2350592,16.4592
2435,4443,305.8070592,16.45810272
2435,4444,310.36936656,16.376904
2435,4445,314.78741208,14.63661792
2435,4446,318.52557072,12.5199648
2435,4447,321.71880792,11.49839712
2435,4448,325.36671528,14.3414496
2435,4449,329.3575836,14.3633952
2435,4450,333.34506864,14.21965152
2435,4451,337.30923648,15.06236256
2435,4452,341.7655344,16.38019584
2435,4453,346.3690812,17.45662752
2435,4454,351.56960928,19.32748992
2435,4455,356.93415024,19.23092928
2435,4456,362.29393632,19.79712576
2435,4457,367.73653656,18.36736992
2435,4458,372.49492176,16.50089664
2435,4459,376.9143084,14.26573728
2435,4460,380.33830968,11.36672352
2435,4461,383.6171652,12.41682048
2435,4462,387.0863988,12.52215936
2435,4463,390.5580708,12.4651008
2435,4464,394.02154368,12.41243136
2435,4465,397.42701312,13.10371776
2435,4466,401.43400536,14.80559904
2435,4467,405.85497696,18.20826432
2435,4468,411.32802672,20.0198736
2435,4469,417.27156576,24.16320288
2435,4470,424.41193248,25.61380704
2435,4471,431.53145088,25.97700672
2435,4472,438.62146464,25.50846816
2435,4473,446.14776912,28.21545792
2435,4474,454.01093856,28.885896
2435,4475,462.57222192,32.2545456
2435,4476,471.55159944,32.39060832
2435,4477,480.58763928,32.64078816
2435,4478,489.68927208,33.8456016
2435,4479,499.499500533333,39.9153888
2460,4337,14.308582,27.432
2460,4338,20.41632696,27.47808576
2460,4339,28.0428192,27.43529184
2460,4340,34.85866536,17.45662752
2460,4341,38.5139184,16.55356608
2460,4342,44.53338312,23.1635808
2460,4343,50.93698728,23.05165824
2460,4344,57.33976848,23.05165824
2460,4345,63.78826968,24.83364096
2460,4346,72.76959792,33.90156288
2460,4347,80.30608272,24.36071328
2460,4348,85.97182704,16.27046784
2460,4349,90.3020292,15.54736032
2460,4350,94.51326792,13.03239456
2460,4351,96.30296208,1.34526528
2460,4352,96.6072744,1.09728
2460,4353,96.90463728,0.82515456
2460,4354,96.9928464,0
2460,4355,97.0225644,0.90306144
2460,4356,97.78267464,3.56396544
2460,4357,98.2760544,0.06144768
2460,4358,98.35185816,1.4484096
2460,4359,98.99013984,1.15324128
2460,4360,99.6133644,3.75708672
2460,4361,100.25000016,0.42903648
2460,4362,100.2584736,0
2460,4363,100.2584736,0
2460,4364,100.2584736,0
2460,4365,100.2584736,0
2460,4366,100.2584736,0
2460,4367,100.2584736,0
2460,4368,100.2584736,0
2460,4369,100.2584736,0
2460,4370,100.2584736,0
2460,4371,100.2584736,0
2460,4372,100.2584736,0
2460,4373,100.2584736,0
2460,4374,100.26170448,0.18544032
2460,4375,100.78108368,3.2314896
2460,4376,101.69737344,3.29184
2460,4377,102.64996488,4.7841408
2460,4378,106.045254,16.94529504
2460,4379,109.78929528,11.51705088
2460,4380,112.9896648,11.52144
2460,4381,116.17799472,11.24821728
2460,4382,119.16335832,10.4296464
2460,4383,122.0585316,10.42416
2460,4384,124.90515024,9.96769152
2460,4385,127.95013272,12.06349632
2460,4386,131.37251856,12.78550656
2460,4387,134.90914344,12.56714784
2460,4388,138.82311072,15.79973472
2460,4389,143.291814,16.0806384
2460,4390,147.75448224,16.04003904
2460,4391,152.06362272,14.9175216
2460,4392,156.16589544,14.05944864
2460,4393,158.46881184,2.95497504
2460,4394,160.17368016,9.44867808
2460,4395,162.80980392,8.55768672
2460,4396,164.34989736,2.40414048
2460,4397,164.64878424,0.5047488
2460,4398,164.7136152,0
2460,4399,164.7136152,0
2460,4400,164.7136152,0
2460,4401,164.7136152,0
2460,4402,164.7136152,0
2460,4403,164.7136152,0
2460,4404,164.7136152,0
2460,4405,164.97988848,4.8444912
2460,4406,167.8530552,12.60445536
2460,4407,171.3451488,12.61872
2460,4408,174.85040976,12.61981728
2460,4409,178.27078392,11.80234368
2460,4410,181.48136424,11.52144
2460,4411,184.68130704,11.52802368
2460,4412,187.59534744,8.2405728
2460,4413,189.8763792,10.10265696
2460,4414,193.12207248,13.54153248
2460,4415,197.10678384,13.75330752
2460,4416,200.52468912,11.09788992
2460,4417,203.56458144,10.95524352
2460,4418,206.60173056,11.61031968
2460,4419,210.10866792,12.9369312
2460,4420,213.69762696,12.87877536
2460,4421,217.28045952,12.9424176
2460,4422,220.6526448,10.46475936
2460,4423,223.2449688,9.0635328
2460,4424,225.7741992,9.13375872
2460,4425,228.49862352,10.80711072
2460,4426,231.56811192,10.9728
2460,4427,234.6027312,10.46366208
2460,4428,237.19173288,8.58841056
2460,4429,239.57606136,8.5423248
2460,4430,241.93752984,8.18351424
2460,4431,243.99630144,6.94468512
2460,4432,245.9265084,6.9457824
2460,4433,247.88756112,7.91029152
2460,4434,250.60131744,10.84222368
2460,4435,253.59987888,10.7862624
2460,4436,256.58015232,10.6765344
2460,4437,259.5233316,10.47134304
2460,4438,262.40381352,10.35722592
2460,4439,265.30118136,10.44830016
2460,4440,268.20391368,10.44500832
2460,4441,271.07424576,10.4077008
2460,4442,274.62105096,15.62855904
2460,4443,279.14583744,16.33630464
2460,4444,283.5110916,14.4018
2460,4445,287.07746496,12.24893664
2460,4446,290.7397284,13.99251456
2460,4447,294.8956764,15.87105792
2460,4448,299.408088,16.4592
2460,4449,303.980088,16.4592
2460,4450,308.51984016,15.6252672
2460,4451,312.4353924,12.5528832
2460,4452,315.61515744,10.99584288
2460,4453,319.06942536,14.38972992
2460,4454,323.02210224,11.22736896
2460,4455,326.58036792,18.434304
2460,4456,332.25595728,20.67933888
2460,4457,337.99976088,20.6727552
2460,4458,343.82662248,21.55826016
2460,4459,349.94593968,22.24296288
2460,4460,356.12917344,22.18041792
2460,4461,362.22206448,21.68115552
2460,4462,367.29549096,13.30232544
2460,4463,370.44212424,10.9728
2460,4464,373.4901852,10.9728
2460,4465,376.53815472,10.98157824
2460,4466,379.55796072,11.64543264
2460,4467,383.16185496,14.41606464
2460,4468,387.59995632,16.5250368
2460,4469,392.18152704,16.4701728
2460,4470,396.75736752,16.4701728
2460,4471,401.33302512,16.4701728
2460,4472,405.97689696,17.92516608
2460,4473,411.99212496,24.83364096
2460,4474,419.00791992,25.36143264
2460,4475,426.22594968,26.56075968
2460,4476,433.61689248,26.7132816
2460,4477,441.21153312,27.9148032
2460,4478,448.98984624,28.5237936
2460,4479,457.7053584,33.9717888
2460,4480,467.19420912,34.17698016
2460,4481,477.54869184,40.05840096
2460,4482,487.99205424,33.73806816
2460,4483,496.267875466667,31.7272416
2464,4340,20.593812,21.890736
2464,4341,24.07014744,21.27187008
2464,4342,30.00472536,22.59628704
2464,4343,36.9801648,26.99418528
2464,4344,44.50336032,27.07648128
2464,4345,52.02490992,26.89543008
2464,4346,58.89784512,22.37463648
2464,4347,64.99667976,22.13104032
2464,4348,71.22776712,20.49060672
2464,4349,76.09853208,16.68523968
2464,4350,80.7374052,16.63586208
2464,4351,85.35241248,16.61391648
2464,4352,88.94941824,5.87154528
2464,4353,89.3064,0
2464,4354,89.3064,0
2464,4355,89.3064,0
2464,4356,89.3064,0
2464,4357,89.3064,0
2464,4358,89.3064,0
2464,4359,89.33072304,0.7022592
2464,4360,89.95416096,3.15577728
2464,4361,90.83043048,3.15577728
2464,4362,91.70676096,3.15687456
2464,4363,92.49850944,1.76442624
2464,4364,92.65118376,0.08010144
2464,4365,92.6768784,0.09217152
2464,4366,92.7024816,0.08997696
2464,4367,92.72814576,0.09107424
2464,4368,92.75374896,0.08997696
2464,4369,92.78160768,0.13057632
2464,4370,92.82824208,0.1865376
2464,4371,92.87899128,0.18434304
2464,4372,92.92596096,0.09656064
2464,4373,92.9323008,0
2464,4374,92.9323008,0
2464,4375,92.9323008,0
2464,4376,92.9323008,0
2464,4377,93.86724432,8.2296
2464,4378,96.6758544,10.42416
2464,4379,99.5714544,10.42416
2464,4380,102.46440264,10.39233888
2464,4381,105.35357136,10.42416
2464,4382,108.2500248,10.41647904
2464,4383,110.91635424,8.64546912
2464,4384,113.326164,8.96697216
2464,4385,115.6903452,8.74202976
2464,4386,118.55601384,11.0770416
2464,4387,121.88452128,13.95081792
2464,4388,126.0227604,14.593824
2464,4389,130.3529016,18.18961056
2464,4390,135.91193544,20.6727552
2464,4391,141.53031384,18.24666912
2464,4392,145.97094504,14.100048
2464,4393,149.32383648,10.97060544
2464,4394,152.26747296,9.96659424
2464,4395,154.72053384,7.99807392
2464,4396,156.71060352,5.88910176
2464,4397,158.16416424,4.25196
2464,4398,158.77775712,0.4334256
2464,4399,158.7861696,0
2464,4400,158.7861696,0
2464,4401,158.7861696,0
2464,4402,158.7861696,0
2464,4403,158.7861696,0
2464,4404,158.7861696,0
2464,4405,158.7861696,0
2464,4406,158.87568936,1.77978816
2464,4407,160.24104096,7.3627488
2464,4408,162.88274256,10.92671424
2464,4409,165.93674712,11.38428
2464,4410,169.15186896,11.61580608
2464,4411,172.3846692,11.56642848
2464,4412,175.5989376,11.52144
2464,4413,178.72447872,10.97718912
2464,4414,181.7738808,10.83673728
2464,4415,184.63860456,10.01048544
2464,4416,187.56605616,10.99145376
2464,4417,190.67797272,11.52582912
2464,4418,194.00132904,12.06788544
2464,4419,197.1707004,10.97060544
2464,4420,200.21873088,10.96621632
2464,4421,203.25889752,11.09459808
2464,4422,206.54427576,12.41682048
2464,4423,209.99939712,12.4321824
2464,4424,213.4538784,12.41682048
2464,4425,216.88994976,12.38170752
2464,4426,220.31952888,11.4994944
2464,4427,222.73759872,6.5672208
2464,4428,224.54695248,6.57929088
2464,4429,226.38751776,7.20693504
2464,4430,228.89361384,9.41795424
2464,4431,231.30820896,9.74055456
2464,4432,234.13763688,8.9592912
2464,4433,236.26163568,7.53941088
2464,4434,238.87691112,10.90037952
2464,4435,241.91189616,10.945368
2464,4436,244.9595304,10.96621632
2464,4437,248.15980848,12.0810528
2464,4438,251.3600256,10.96621632
2464,4439,254.3949192,10.3912416
2464,4440,256.73255232,6.94139328
2464,4441,259.1709828,11.9000016
2464,4442,262.9351104,13.89924576
2464,4443,266.91994368,15.4332432
2464,4444,271.40705688,16.30119168
2464,4445,275.80333968,14.73537312
2464,4446,279.6131568,12.29392512
2464,4447,282.712668,10.9728
2464,4448,285.8103504,12.34220544
2464,4449,289.95108888,16.46139456
2464,4450,294.523668,16.4592
2464,4451,299.09575944,16.4592
2464,4452,303.66785088,16.4646864
2464,4453,307.99607184,13.4361936
2464,4454,311.1983616,10.89160128
2464,4455,314.23746144,10.9728
2464,4456,317.30570016,11.8451376
2464,4457,321.38578344,18.05135328
2464,4458,327.26119968,23.015448
2464,4459,333.65245944,22.850856
2464,4460,340.15716576,24.441912
2464,4461,346.83551664,23.3226864
2464,4462,353.26889976,22.3461072
2464,4463,358.62877728,15.81619392
2464,4464,362.20478232,10.99255104
2464,4465,365.25131928,10.9728
2464,4466,368.29947168,10.9728
2464,4467,371.3474412,10.9728
2464,4468,374.39553264,10.9673136
2464,4469,377.68740312,13.99251456
2464,4470,382.1518392,17.25143616
2464,4471,387.09103176,17.9515008
2464,4472,392.06978736,17.92845792
2464,4473,397.34166912,20.76712128
2464,4474,403.31779128,21.8468448
2464,4475,409.90299528,25.24402368
2464,4476,416.8161336,25.04870784
2464,4477,423.95040432,26.224992
2464,4478,431.37319872,27.30252096
2464,4479,439.20896664,28.74215232
2464,4480,447.0588468,27.9202896
2464,4481,455.00181288,28.62364608
2464,4482,462.86876184,29.58486336
2464,4483,472.25495592,37.1648736
2464,4484,482.59584456,36.19487808
2464,4485,492.05177688,32.3203824
2464,4486,498.8045904,33.01496064
2467,4336,22.57476816,23.536656
2467,4337,27.51926424,23.33804832
2467,4338,33.98242632,22.47339168
2467,4339,39.93785256,22.1156784
2467,4340,47.00211072,27.76337856
2467,4341,54.72580368,27.79519968
2467,4342,62.37043152,25.90568352
2467,4343,68.96072568,23.234904
2467,4344,75.51807096,23.68259424
2467,4345,82.1000136,23.88998016
2467,4346,88.99017,24.76451232
2467,4347,94.7873136,16.294608
2467,4348,98.4857568,11.1319056
2467,4349,100.7751096,5.78156832
2467,4350,102.33541128,5.60929536
2467,4351,103.8892512,5.60600352
2467,4352,105.43821432,4.92349536
2467,4353,106.14528936,1.0863072
2467,4354,106.47764328,0.47841408
2467,4355,106.4962056,0
2467,4356,106.50022896,0.20958048
2467,4357,106.74391656,0.8449056
2467,4358,106.8010056,0
2467,4359,106.97525976,1.05009696
2467,4360,107.10982896,0.2084832
2467,4361,107.249214,0.29407104
2467,4362,107.257596,0
2467,4363,107.257596,0
2467,4364,107.257596,0
2467,4365,107.257596,0
2467,4366,107.257596,0
2467,4367,107.257596,0
2467,4368,107.257596,0
2467,4369,107.257596,0
2467,4370,107.257596,0
2467,4371,107.257596,0
2467,4372,107.257596,0
2467,4373,107.257596,0
2467,4374,107.33175384,1.42317216
2467,4375,108.66662544,8.91320544
2467,4376,112.079532,14.40070272
2467,4377,116.08966368,13.66333056
2467,4378,119.47526016,10.97389728
2467,4379,122.35284648,9.8919792
2467,4380,125.13024504,9.5847408
2467,4381,127.36302696,6.8799456
2467,4382,129.32612184,7.45821216
2467,4383,131.74739208,10.21457952
2467,4384,134.61312168,10.06096032
2467,4385,137.40740616,10.3308912
2467,4386,141.07966704,16.38897408
2467,4387,145.78894896,16.9749216
2467,4388,150.50975232,17.00784
2467,4389,155.23314648,16.69292064
2467,4390,158.97225,9.92160576
2467,4391,161.54509728,9.21495744
2467,4392,164.09450544,9.17106624
2467,4393,166.6521432,9.217152
2467,4394,169.20996384,8.82322848
2467,4395,170.6177436,0.90306144
2467,4396,170.6416704,0
2467,4397,170.6416704,0
2467,4398,170.6416704,0
2467,4399,170.6416704,0
2467,4400,170.6416704,0
2467,4401,170.75953656,0.93159072
2467,4402,171.06262968,1.09728
2467,4403,171.37041672,1.50546816
2467,4404,172.87942056,9.7219008
2467,4405,175.8077256,10.6106976
2467,4406,178.7543796,10.82795904
2467,4407,182.44023456,15.9544512
2467,4408,187.00601664,16.11245952
2467,4409,190.47954792,8.50501728
2467,4410,192.40390272,6.49260576
2467,4411,194.6556432,9.87552
2467,4412,197.62710792,11.16592128
2467,4413,201.22777128,14.2207488
2467,4414,205.16368416,14.44349664
2467,4415,209.20133928,14.64100704
2467,4416,213.26660928,14.6267424
2467,4417,217.33102584,14.48299872
2467,4418,220.91806464,11.23724448
2467,4419,223.95338496,10.90476864
2467,4420,226.9955328,10.9728
2467,4421,230.04331944,10.9728
2467,4422,233.091228,10.9728
2467,4423,236.139228,10.9728
2467,4424,239.18594784,10.93549248
2467,4425,242.19197688,10.45378656
2467,4426,244.88314752,8.04196512
2467,4427,246.79311576,6.45310368
2467,4428,248.50063584,6.03613728
2467,4429,250.0698072,5.4864
2467,4430,251.5938072,5.4864
2467,4431,253.14947592,6.30058176
2467,4432,255.48729192,10.3363776
2467,4433,258.48393312,10.56351456
2467,4434,261.28723968,9.87332544
2467,4435,264.00870744,9.81297504
2467,4436,266.75635752,9.90404928
2467,4437,269.49885648,9.7548192
2467,4438,272.31996336,11.61141696
2467,4439,275.97143688,13.71709728
2467,4440,279.7814064,13.716
2467,4441,283.5837864,13.59200736
2467,4442,287.3290164,13.44168
2467,4443,291.10033728,14.37765984
2467,4444,295.47699096,16.4646864
2467,4445,300.03832296,16.32642912
2467,4446,304.58523792,16.4646864
2467,4447,309.15534816,16.39775232
2467,4448,313.62569736,15.61319712
2467,4449,317.89963344,14.7693888
2467,4450,321.40556496,11.27674656
2467,4451,324.93871512,14.08029696
2467,4452,328.8795048,14.18453856
2467,4453,332.8181304,14.25256992
2467,4454,337.04878488,16.74229824
2467,4455,342.44118456,21.67457184
2467,4456,348.42715176,20.97560448
2467,4457,354.17604552,20.75834304
2467,4458,360.09203064,21.77442432
2467,4459,365.93879568,19.43612064
2467,4460,370.81824744,16.49870208
2467,4461,375.15701448,13.43948544
2467,4462,378.36076728,10.9728
2467,4463,381.46600872,12.17322432
2467,4464,385.21709088,13.40985888
2467,4465,388.63740408,11.8286784
2467,4466,391.93832712,12.47717088
2467,4467,395.76262224,14.54225184
2467,4468,399.8332872,15.49249632
2467,4469,404.638764,18.3849264
2467,4470,409.78445856,19.53816768
2467,4471,415.82471064,23.07470112
2467,4472,422.24501784,23.51909952
2467,4473,429.02919528,24.96531456
2467,4474,435.94867344,24.61857408
2467,4475,442.67698104,23.8493808
2467,4476,449.64982968,27.37823328
2467,4477,457.83264288,30.8555136
2467,4478,466.76181984,35.03724768
2467,4479,477.36431832,39.03244416
2467,4480,487.35319344,33.72160896
2467,4481,496.437445866667,34.759392
2486,4345,13.8703812,29.0888928
2486,4346,18.72118176,28.73117952
2486,4347,26.35459296,26.53552224
2486,4348,33.71633592,26.499312
2486,4349,41.0673804,25.89471072
2486,4350,47.72384664,22.52606112
2486,4351,53.94895992,21.57471936
2486,4352,59.1810348,16.788384
2486,4353,63.68984976,13.46252832
2486,4354,65.79525576,4.16746944
2486,4355,67.0096704,4.38912
2486,4356,68.18839296,3.4454592
2486,4357,69.24425064,5.26255488
2486,4358,70.76508072,4.01714208
2486,4359,71.1680568,0
2486,4360,71.1680568,0
2486,4361,71.1680568,0
2486,4362,71.1680568,0
2486,4363,71.35395432,1.44402048
2486,4364,72.52584936,7.30130112
2486,4365,74.7078516,7.88505408
2486,4366,76.86059304,6.61001472
2486,4367,77.68215096,0.13496544
2486,4368,77.6825472,0
2486,4369,77.6825472,0
2486,4370,77.6825472,0
2486,4371,77.6825472,0
2486,4372,77.6825472,0
2486,4373,77.6825472,0
2486,4374,77.6825472,0
2486,4375,77.6825472,0
2486,4376,77.6825472,0
2486,4377,77.6825472,0
2486,4378,77.6910816,0.384048
2486,4379,78.2740116,3.36645504
2486,4380,79.2001464,3.29184
2486,4381,80.1947088,5.5357776
2486,4382,83.45548968,16.50748032
2486,4383,88.07750736,15.75035712
2486,4384,91.69395936,10.87733664
2486,4385,94.64292984,10.60082208
2486,4386,97.60921296,10.69848
2486,4387,100.5811044,10.69957728
2486,4388,103.47246768,9.9413568
2486,4389,106.18189584,9.73836
2486,4390,108.88678248,9.73616544
2486,4391,111.5913948,9.7328736
2486,4392,114.62077152,12.86999712
2486,4393,118.47579048,14.0232384
2486,4394,122.34379392,13.90144032
2486,4395,126.10359336,12.78002016
2486,4396,129.50421648,12.3279408
2486,4397,133.0816236,13.03349184
2486,4398,136.29967152,9.52768224
2486,4399,138.69750264,8.49623904
2486,4400,140.4928356,3.16236096
2486,4401,140.94451872,1.37379456
2486,4402,141.22066752,0.34783776
2486,4403,141.2342616,0
2486,4404,141.2342616,0
2486,4405,141.2342616,0
2486,4406,141.2342616,0
2486,4407,141.2342616,0
2486,4408,141.4886172,2.3536656
2486,4409,142.3723848,3.30061824
2486,4410,143.876268,8.82981216
2486,4411,146.76510144,10.66885344
2486,4412,149.98561824,13.10371776
2486,4413,153.81936216,13.90144032
2486,4414,157.68056856,13.90692672
2486,4415,161.25623832,11.14946208
2486,4416,164.1219984,10.19043936
2486,4417,166.96252104,10.2376224
2486,4418,169.90707192,11.20432608
2486,4419,173.0968344,11.52144
2486,4420,176.29705152,11.52144
2486,4421,179.49924984,11.52912096
2486,4422,182.700168,11.51924544
2486,4423,186.0505296,12.97314144
2486,4424,189.77277768,13.45045824
2486,4425,193.5066996,13.44168
2486,4426,197.24062152,13.44277728
2486,4427,200.86621752,12.38499936
2486,4428,204.22355904,12.06788544
2486,4429,207.43334688,10.6929936
2486,4430,210.29319384,10.2376224
2486,4431,213.13709976,10.20799584
2486,4432,215.96494272,10.20580128
2486,4433,218.80945824,10.24091424
2486,4434,221.26510992,6.58806912
2486,4435,222.92316096,6.69999168
2486,4436,224.99019264,7.67986272
2486,4437,227.21520216,8.89016256
2486,4438,229.89771648,9.87661728
2486,4439,232.61842224,9.84589344
2486,4440,235.44967896,10.25298432
2486,4441,238.150908,9.33346368
2486,4442,240.7319544,9.26982144
2486,4443,243.31019664,9.01196064
2486,4444,245.54468544,7.3298304
2486,4445,247.57602504,7.3188576
2486,4446,249.62903592,8.20436256
2486,4447,252.64564152,12.84256512
2486,4448,256.2368256,13.62492576
2486,4449,260.71701984,17.99100288
2486,4450,265.74195264,18.1544976
2486,4451,270.74137368,17.41273632
2486,4452,275.354034,16.24193856
2486,4453,279.8961636,16.45481088
2486,4454,284.46621288,16.1519616
2486,4455,288.3465912,11.9658384
2486,4456,291.97974624,14.2701264
2486,4457,295.87923552,12.75368544
2486,4458,299.0231256,10.9728
2486,4459,302.07118656,10.9728
2486,4460,305.18133528,12.3773184
2486,4461,309.30445632,16.3439856
2486,4462,313.857132,16.48772928
2486,4463,318.872616,20.56192992
2486,4464,325.25555472,24.87753216
2486,4465,332.27677512,24.55822368
2486,4466,338.63901792,21.47047776
2486,4467,343.88651568,16.5579552
2486,4468,348.09336528,13.43948544
2486,4469,351.6826596,12.8820672
2486,4470,355.18127592,11.83087296
2486,4471,358.2826464,10.96621632
2486,4472,361.30190376,10.84441824
2486,4473,364.62026136,13.9958064
2486,4474,368.99063616,16.46029728
2486,4475,373.56330672,16.4592
2486,4476,378.13359984,16.52613408
2486,4477,383.43309648,22.65444288
2486,4478,390.08407632,24.09736608
2486,4479,396.87011304,25.76303712
2486,4480,404.67393792,28.94514912
2486,4481,412.3569096,26.90091648
2486,4482,419.84986896,27.43529184
2486,4483,427.7177628,27.98941824
2486,4484,434.93932824,25.23305088
2486,4485,442.22657808,26.8504416
2486,4486,449.75273016,28.44808128
2486,4487,458.4591288,33.11371584
2486,4488,467.39467608,27.00844992
2486,4489,473.521278,29.43892512
2486,4490,484.631238,40.88136096
2486,4491,494.06339592,28.831032
2486,4492,499.3412416,30.2520096
2491,4346,22.6409358857143,24.5351808
2491,4347,28.48852824,23.7341664
2491,4348,35.28483672,25.57869408
2491,4349,42.00552432,22.8947472
2491,4350,48.40080744,23.0483664
2491,4351,54.58202952,20.17568736
2491,4352,59.68224792,17.83189728
2491,4353,63.83085024,9.2939616
2491,4354,65.4783552,5.30425152
2491,4355,66.95133168,5.30315424
2491,4356,68.182998,3.44875104
2491,4357,69.33413616,4.94105184
2491,4358,70.70555328,4.93995456
2491,4359,71.7380328,1.43304768
2491,4360,71.801736,0
2491,4361,71.801736,0
2491,4362,71.801736,0
2491,4363,71.87750928,1.0533888
2491,4364,72.44815584,2.37451392
2491,4365,73.63583952,6.92164224
2491,4366,76.17244608,7.96954464
2491,4367,77.17118424,1.85111136
2491,4368,77.68486368,1.85330592
2491,4369,78.0926556,0.6528816
2491,4370,78.1266408,0
2491,4371,78.1266408,0
2491,4372,78.1266408,0
2491,4373,78.1266408,0
2491,4374,78.1266408,0
2491,4375,78.1266408,0
2491,4376,78.1266408,0
2491,4377,78.1266408,0
2491,4378,78.1266408,0
2491,4379,78.46844352,4.65027264
2491,4380,80.84061048,9.91611936
2491,4381,83.30308968,7.67218176
2491,4382,85.32345648,4.5482256
2491,4383,87.39670608,13.23100224
2491,4384,90.92711304,11.51375904
2491,4385,94.1111148,11.42487936
2491,4386,97.2641184,10.75553856
2491,4387,99.98299536,9.32468544
2491,4388,102.57123504,9.29725344
2491,4389,105.15606096,9.32688
2491,4390,107.80468152,10.5393744
2491,4391,111.15799968,12.80964672
2491,4392,114.71373552,12.810744
2491,4393,118.31784312,13.359384
2491,4394,122.16134064,14.08139424
2491,4395,126.07033968,13.86632736
2491,4396,129.79152096,12.25881216
2491,4397,132.7532016,9.84918528
2491,4398,135.42541368,9.46074816
2491,4399,138.05410032,9.46074816
2491,4400,140.50615536,6.20072928
2491,4401,141.0986256,0
2491,4402,141.0986256,0
2491,4403,141.0986256,0
2491,4404,141.0986256,0
2491,4405,141.27903672,2.82988512
2491,4406,142.22854968,1.49888448
2491,4407,142.3345896,0
2491,4408,142.3345896,0
2491,4409,142.56126936,2.9297376
2491,4410,144.19091304,8.72776512
2491,4411,147.23933976,11.91975264
2491,4412,150.55376544,11.93401728
2491,4413,153.86840448,11.93292
2491,4414,157.18545144,12.00863232
2491,4415,160.5631536,12.2566176
2491,4416,163.9571016,12.20504544
2491,4417,167.19977736,10.7423712
2491,4418,170.06169696,10.23981696
2491,4419,172.90691352,10.23871968
2491,4420,175.85106816,11.52473184
2491,4421,179.25833592,12.44205792
2491,4422,182.71787688,12.57263424
2491,4423,186.28193376,12.9917952
2491,4424,189.89338704,12.99069792
2491,4425,193.47067224,12.35208096
2491,4426,196.7615064,11.79466272
2491,4427,200.04676272,11.82099744
2491,4428,203.3235456,11.80014912
2491,4429,206.6070036,11.82428928
2491,4430,209.89165032,11.81990016
2491,4431,212.69017152,7.17511392
2491,4432,213.99904368,3.38840064
2491,4433,214.93816296,3.3796224
2491,4434,215.87807472,3.3796224
2491,4435,216.81798648,3.3796224
2491,4436,217.75789824,3.38071968
2491,4437,218.77489392,4.47799968
2491,4438,220.2335448,5.4864
2491,4439,221.75705712,5.48420544
2491,4440,223.6052424,9.05585184
2491,4441,226.69661544,12.01960512
2491,4442,230.05057368,11.98888128
2491,4443,233.0753784,9.67471776
2491,4444,235.7053452,9.46623456
2491,4445,238.3342452,9.46733184
2491,4446,240.95272104,9.4420944
2491,4447,243.74819424,10.79394336
2491,4448,246.793512,10.9728
2491,4449,249.8413596,10.9728
2491,4450,252.8878356,11.16592128
2491,4451,256.70204184,16.89372288
2491,4452,261.6595224,17.99868384
2491,4453,266.54589312,16.8761664
2491,4454,271.09113168,16.18049088
2491,4455,275.62978656,16.46358912
2491,4456,280.201878,16.4592
2491,4457,284.77396944,16.4592
2491,4458,289.3460304,16.46578368
2491,4459,293.71927032,13.98593088
2491,4460,297.04271808,10.97060544
2491,4461,300.0902304,10.9728
2491,4462,303.1382304,10.9728
2491,4463,306.18495024,11.16592128
2491,4464,309.9192684,15.8721552
2491,4465,314.45322936,16.6951152
2491,4466,319.73401128,21.64604256
2491,4467,326.14294944,23.975568
2491,4468,332.76546096,23.05056096
2491,4469,338.39362344,17.3315376
2491,4470,342.9734568,16.38897408
2491,4471,347.3426124,14.28439104
2491,4472,351.04279296,13.1234688
2491,4473,354.6821964,13.0137408
2491,4474,358.11442728,11.42049024
2491,4475,361.30495176,13.31878464
2491,4476,365.63811048,16.46139456
2491,4477,370.21008,16.4592
2491,4478,374.78244576,16.41969792
2491,4479,379.73376936,19.74226176
2491,4480,385.4474892,23.38742592
2491,4481,392.80408104,27.11708064
2491,4482,400.33648152,27.10939968
2491,4483,408.04310568,28.74654144
2491,4484,416.14225128,29.3302944
2491,4485,424.26349488,28.80689184
2491,4486,432.11697168,27.70302816
2491,4487,439.73864808,27.2728944
2491,4488,447.13663176,26.19756
2491,4489,454.55674392,28.74215232
2491,4490,463.05895704,30.39355872
2491,4491,470.67456792,26.73083808
2491,4492,479.04873456,31.766256
2491,4493,487.8732432,31.766256
2491,4494,496.63648704,30.84563808
2498,4344,22.1500772571429,25.9741851428571
2498,4345,28.19823672,25.3965456
2498,4346,35.03618088,23.975568
2498,4347,41.73669072,24.167592
2498,4348,48.80436264,27.15658272
2498,4349,56.49013848,27.47369664
2498,4350,62.76584856,16.24742496
2498,4351,66.72318888,13.9464288
2498,4352,70.59759312,13.9464288
2498,4353,74.47205832,13.9464288
2498,4354,78.364842,13.81694976
2498,4355,80.82905856,2.39536224
2498,4356,80.9262288,0
2498,4357,80.9262288,0
2498,4358,80.9262288,0
2498,4359,80.9262288,0
2498,4360,80.9262288,0
2498,4361,80.9262288,0
2498,4362,81.11511336,2.36683296
2498,4363,82.40655096,5.79693024
2498,4364,84.03363432,5.8485024
2498,4365,85.63663848,4.92459264
2498,4366,86.241636,0.06693408
2498,4367,86.241636,0
2498,4368,86.241636,0
2498,4369,86.241636,0
2498,4370,86.241636,0
2498,4371,86.241636,0
2498,4372,86.241636,0
2498,4373,86.241636,0
2498,4374,86.241636,0
2498,4375,86.241636,0
2498,4376,86.241636,0
2498,4377,86.241636,0
2498,4378,86.241636,0
2498,4379,86.29525032,1.48900896
2498,4380,88.05888408,9.99841536
2498,4381,90.87407784,10.07522496
2498,4382,93.84508536,11.6366544
2498,4383,97.20395088,12.25552032
2498,4384,100.60750008,12.2566176
2498,4385,103.95862368,11.47864608
2498,4386,106.97020008,10.60411392
2498,4387,109.9160616,10.60630848
2498,4388,112.8665256,10.863072
2498,4389,115.79059392,9.6780096
2498,4390,118.49456616,10.67214528
2498,4391,121.76571024,12.16225152
2498,4392,125.50283256,16.12233504
2498,4393,130.45552776,18.01953216
2498,4394,135.30440808,17.39298528
2498,4395,140.2025136,17.28216
2498,4396,144.40649808,12.3059952
2498,4397,147.24299736,7.94320992
2498,4398,148.94466528,5.3656992
2498,4399,150.02359632,2.06398368
2498,4400,150.2493312,0.01316736
2498,4401,150.2493312,0
2498,4402,150.47543184,1.0314432
2498,4403,150.557484,0
2498,4404,150.557484,0
2498,4405,150.69638136,0.88769952
2498,4406,150.85935792,0.0658368
2498,4407,150.8595408,0
2498,4408,150.9288828,0.93159072
2498,4409,151.7167908,5.34046176
2498,4410,154.05542976,10.93878432
2498,4411,157.34794032,12.7613664
2498,4412,160.96905576,12.71637792
2498,4413,164.17094928,10.81149984
2498,4414,167.70028944,14.35022784
2498,4415,171.28513368,11.02546944
2498,4416,174.30173928,10.97499456
2498,4417,177.41170512,11.4007392
2498,4418,180.41480808,10.55254176
2498,4419,183.53781936,12.03496704
2498,4420,187.00461456,13.496544
2498,4421,191.07686448,14.23062432
2498,4422,194.57566368,11.28333024
2498,4423,197.63244192,11.38866912
2498,4424,201.03370512,12.58799616
2498,4425,204.30832392,10.89489312
2498,4426,207.26762712,10.643616
2498,4427,210.22354704,10.643616
2498,4428,213.17934504,10.63593504
2498,4429,216.11606256,10.56461184
2498,4430,219.06747144,10.643616
2498,4431,221.92506288,8.92417824
2498,4432,224.402142,10.1333808
2498,4433,227.03716848,8.64766368
2498,4434,229.44743544,8.68826304
2498,4435,231.86053704,8.6904576
2498,4436,234.27357768,8.68826304
2498,4437,236.68658784,8.68936032
2498,4438,239.098074,8.8440768
2498,4439,241.89686952,11.0989872
2498,4440,244.71773256,8.85395232
2498,4441,247.05999864,8.4161376
2498,4442,249.3968088,8.40955392
2498,4443,251.83533072,9.25775136
2498,4444,254.50699416,9.86893632
2498,4445,257.25141336,10.56241728
2498,4446,260.62402536,12.96765504
2498,4447,264.21859272,13.04007552
2498,4448,267.8518392,13.06970208
2498,4449,271.45180152,13.36706496
2498,4450,275.65554216,16.431768
2498,4451,280.2288528,16.4592
2498,4452,284.8008528,16.4592
2498,4453,289.3728528,16.4592
2498,4454,293.9448528,16.4592
2498,4455,298.50295392,15.91714368
2498,4456,302.3606856,11.6586
2498,4457,305.41606176,10.9782864
2498,4458,308.4643056,10.9728
2498,4459,311.507124,11.46328416
2498,4460,315.37585896,16.1519616
2498,4461,320.0576784,18.68009472
2498,4462,326.34134376,25.292304
2498,4463,333.4606488,26.32813632
2498,4464,340.99140336,27.15438816
2498,4465,347.731842,20.52791424
2498,4466,353.07812544,18.89625888
2498,4467,357.75156288,13.71929184
2498,4468,360.98634432,10.8191808
2498,4469,364.02193896,10.9728
2498,4470,367.06996944,10.9728
2498,4471,370.1180304,10.9728
2498,4472,373.23098328,12.19846176
2498,4473,376.99529376,16.03016352
2498,4474,381.96783144,15.5704032
2498,4475,386.88437736,23.0373936
2498,4476,393.54401352,24.0194592
2498,4477,400.2156588,24.0194592
2498,4478,406.887426,24.0194592
2498,4479,413.6553576,25.32193056
2498,4480,420.68288736,25.28023392
2498,4481,427.97995176,26.74839456
2498,4482,435.2280348,24.81718176
2498,4483,442.07914632,25.31644416
2498,4484,448.79416464,23.39730144
2498,4485,456.27160968,32.64298272
2498,4486,466.17035544,35.15355936
2498,4487,475.90539312,36.38470752
2498,4488,485.99268816,33.66784224
2498,4489,494.50175928,30.59984736
2498,4490,499.8337476,33.6645504
2503,4354,18.20902632,26.9491968
2503,4355,25.68744672,26.9546832
2503,4356,33.42961056,28.68509376
2503,4357,40.80894048,23.68917792
2503,4358,46.25855112,15.35533632
2503,4359,49.48815096,8.3173824
2503,4360,51.6319008,7.68096
2503,4361,53.76516552,7.39895904
2503,4362,54.99728904,1.18725696
2503,4363,55.1599608,0.54864
2503,4364,55.3123608,0.54864
2503,4365,55.4647608,0.54864
2503,4366,55.61557584,0.6803136
2503,4367,56.28580056,4.32657504
2503,4368,57.5793108,4.66344
2503,4369,58.8747108,4.66344
2503,4370,60.17169576,4.5098208
2503,4371,60.88858536,0.4059936
2503,4372,60.8953824,0
2503,4373,60.8953824,0
2503,4374,60.8953824,0
2503,4375,60.8953824,0
2503,4376,60.8953824,0
2503,4377,60.8953824,0
2503,4378,60.8953824,0
2503,4379,60.8953824,0
2503,4380,61.04333232,1.16092224
2503,4381,61.39805856,1.28272032
2503,4382,61.75363824,1.14775488
2503,4383,62.27819904,3.85364736
2503,4384,63.77641296,5.6729376
2503,4385,65.34902856,5.5796688
2503,4386,67.57223976,11.95267104
2503,4387,71.36666448,13.92009408
2503,4388,75.23247336,13.97056896
2503,4389,79.30237632,15.33777984
2503,4390,83.57436168,15.36192
2503,4391,87.84281136,15.2851104
2503,4392,91.79183064,12.99069792
2503,4393,95.332296,12.78770112
2503,4394,98.89778544,12.838176
2503,4395,102.46120224,12.80745216
2503,4396,106.02199776,12.7668528
2503,4397,109.29826248,10.7204256
2503,4398,112.2252264,10.533888
2503,4399,115.15112352,10.54047168
2503,4400,118.10518416,10.65019968
2503,4401,121.03931088,10.42854912
2503,4402,123.53739072,7.40773728
2503,4403,125.5199928,7.13232
2503,4404,127.47781464,6.43993632
2503,4405,128.47210272,0.65397888
2503,4406,128.486916,0
2503,4407,128.486916,0
2503,4408,128.486916,0
2503,4409,128.486916,0
2503,4410,128.486916,0
2503,4411,128.486916,0
2503,4412,128.486916,0
2503,4413,129.05692248,4.24427904
2503,4414,130.35134712,5.06833632
2503,4415,132.9089544,13.60298016
2503,4416,136.84383096,14.0781024
2503,4417,140.75590848,14.04298944
2503,4418,144.5161956,12.95777952
2503,4419,148.09052424,12.89084544
2503,4420,151.6719852,12.89304
2503,4421,155.2533852,12.89304
2503,4422,158.83484616,12.89304
2503,4423,162.41432592,12.76795008
2503,4424,165.6866892,10.72152288
2503,4425,168.6139884,10.533888
2503,4426,171.54003792,10.533888
2503,4427,174.4663008,10.533888
2503,4428,177.39134448,10.6381296
2503,4429,180.72000432,13.45923648
2503,4430,184.52857176,13.716
2503,4431,188.3426256,13.66771968
2503,4432,191.8786104,11.69919936
2503,4433,195.07922376,11.4336576
2503,4434,198.22030968,11.1812832
2503,4435,201.2836716,10.94427072
2503,4436,204.09289128,7.9497936
2503,4437,206.00444448,8.50501728
2503,4438,208.78214784,9.48818016
2503,4439,211.24459656,8.96368032
2503,4440,213.75175944,9.0306144
2503,4441,216.25858704,9.02732256
2503,4442,218.94734976,10.62605952
2503,4443,221.9855352,10.91025504
2503,4444,225.01299168,10.95414624
2503,4445,228.07077576,11.06167968
2503,4446,231.10569984,10.39782528
2503,4447,233.81976096,9.8974656
2503,4448,236.70789336,9.63631296
2503,4449,238.91309088,7.12463904
2503,4450,240.93940128,8.3338416
2503,4451,243.74392704,10.9782864
2503,4452,246.791988,10.9728
2503,4453,249.93484176,12.88535904
2503,4454,254.23898352,17.3315376
2503,4455,259.28022312,18.5330592
2503,4456,264.36227544,17.5071024
2503,4457,269.17610376,17.94711168
2503,4458,273.9766428,16.32094272
2503,4459,278.527002,16.46358912
2503,4460,283.08653568,15.8776416
2503,4461,286.83015024,11.27894112
2503,4462,289.8809544,10.9728
2503,4463,292.92898488,10.96511904
2503,4464,296.30113968,14.50494432
2503,4465,300.76173528,16.49979936
2503,4466,305.34967632,16.4592
2503,4467,309.91445256,16.37361216
2503,4468,314.46959712,16.4592
2503,4469,319.04126184,16.45481088
2503,4470,323.90111496,19.2353184
2503,4471,329.46910992,20.16252
2503,4472,334.85276184,17.748504
2503,4473,339.48666672,16.45481088
2503,4474,344.04083592,16.36922304
2503,4475,348.3923436,14.64759072
2503,4476,352.37489088,14.31072576
2503,4477,356.27069208,13.07299392
2503,4478,359.82871392,13.79719872
2503,4479,364.1114892,16.40104416
2503,4480,369.1716264,21.2598
2503,4481,375.35409816,21.55935744
2503,4482,381.17885664,20.80552608
2503,4483,387.239256,23.71880448
2503,4484,394.07223192,24.70745376
2503,4485,401.2603608,27.35080128
2503,4486,409.1610816,29.88880992
2503,4487,417.84843024,32.18651424
2503,4488,426.71859792,31.15068192
2503,4489,434.92707528,27.05673024
2503,4490,441.91805952,24.37936704
2503,4491,448.60838904,25.319736
2503,4492,456.1871496,27.8270208
2503,4493,463.75780248,26.005536
2503,4494,469.74538512,13.48227936
2503,4495,475.09096752,29.9612304
2503,4496,483.7102848,31.107888
2503,4497,492.25852272,28.90454976
2503,4498,498.262830171429,22.6807776
2514,4489,430.5809016,23.5805472
2514,4490,434.2438356,24.5626128
2514,4491,441.22774848,24.51213792
2514,4492,447.71008248,22.54690944
2514,4493,453.76560504,20.6617824
2514,4494,459.30857592,18.79421184
2514,4495,463.9737228,16.60404096
2514,4496,470.00257536,27.57245184
2514,4497,478.56279192,33.61956192
2514,4498,487.42006656,27.3277584
2514,4499,494.73804024,27.98502912
2514,4500,499.9483016,29.0669472
2517,4358,11.9961490666667,17.0822112
2517,4359,16.68328896,18.56707488
2517,4360,21.921216,18.88638336
2517,4361,27.1581372,18.67680288
2517,4362,31.29948528,9.98415072
2517,4363,33.63946536,8.20984896
2517,4364,35.923728,8.2296
2517,4365,38.21177016,8.11877472
2517,4366,39.6665196,1.3880592
2517,4367,39.7145256,0
2517,4368,39.7145256,0
2517,4369,39.7145256,0
2517,4370,39.7145256,0
2517,4371,39.7145256,0
2517,4372,39.7145256,0
2517,4373,39.7145256,0
2517,4374,39.7145256,0
2517,4375,39.7145256,0
2517,4376,39.7145256,0
2517,4377,39.80876976,0.82405728
2517,4378,40.107108,1.09728
2517,4379,40.411908,1.09728
2517,4380,40.7156412,1.11812832
2517,4381,41.3517588,3.87449568
2517,4382,42.56199768,4.36497984
2517,4383,43.39458936,1.14885216
2517,4384,43.558968,0.54864
2517,4385,43.711368,0.54864
2517,4386,43.863768,0.54864
2517,4387,44.01491832,0.57278016
2517,4388,44.55493248,3.80097792
2517,4389,45.76224528,4.51091808
2517,4390,47.88106248,11.72882592
2517,4391,51.49449696,13.16736
2517,4392,55.15209696,13.16736
2517,4393,58.808112,13.2167376
2517,4394,63.02294736,17.80007616
2517,4395,68.18906352,18.66912192
2517,4396,73.37493072,18.66692736
2517,4397,78.5795736,18.75032064
2517,4398,83.38892136,15.41568672
2517,4399,87.5157,14.81328
2517,4400,91.63059144,14.74524864
2517,4401,95.46857208,12.67687584
2517,4402,98.90400336,12.35317824
2517,4403,102.46830408,13.46801472
2517,4404,106.26742272,13.716
2517,4405,110.07855048,13.69734624
2517,4406,113.5757952,11.09459808
2517,4407,116.54238312,10.73578752
2517,4408,119.51567664,10.479024
2517,4409,121.52388192,2.96375328
2517,4410,121.97696712,1.4593824
2517,4411,122.38338744,1.45718784
2517,4412,122.73448656,0.9985248
2517,4413,122.9901528,0.9107424
2517,4414,123.24234432,0.98864928
2517,4415,124.18536504,6.58806912
2517,4416,126.2879364,7.70510016
2517,4417,128.72627544,10.49987232
2517,4418,131.91152688,11.90987712
2517,4419,135.18742584,11.52144
2517,4420,138.3878868,11.51924544
2517,4421,141.55509408,11.24382816
2517,4422,144.66338352,11.16153216
2517,4423,147.76511976,11.19006144
2517,4424,150.87404928,11.192256
2517,4425,153.98279592,11.19664512
2517,4426,157.16164656,11.77820352
2517,4427,160.46153328,11.88573696
2517,4428,163.75559832,11.82977568
2517,4429,166.94167272,10.95853536
2517,4430,169.94218488,10.78735968
2517,4431,172.93815552,10.81479168
2517,4432,176.34054648,14.18563584
2517,4433,180.44620248,14.73427584
2517,4434,184.06868952,11.17469952
2517,4435,187.10809416,10.9892592
2517,4436,190.23814632,11.95925472
2517,4437,193.48387008,10.11911616
2517,4438,196.8220092,16.8213024
2517,4439,201.2509056,11.62787616
2517,4440,203.48740608,5.67622944
2517,4441,205.2091908,6.58368
2517,4442,206.99571504,7.81592544
2517,4443,209.70566136,10.92013056
2517,4444,212.88231744,11.52144
2517,4445,216.08320512,11.52253728
2517,4446,219.24023208,11.10557088
2517,4447,222.28795776,10.89379584
2517,4448,225.31718208,10.96841088
2517,4449,228.365304,10.9728
2517,4450,231.413304,10.9728
2517,4451,234.461304,10.9728
2517,4452,237.50924304,10.9728
2517,4453,240.54721512,10.9124496
2517,4454,243.58854,10.9728
2517,4455,246.63654,10.9728
2517,4456,249.68923392,11.05619328
2517,4457,252.75972816,11.06497152
2517,4458,255.89313312,11.60154144
2517,4459,259.6060848,15.12819936
2517,4460,263.85069912,15.29827776
2517,4461,268.06465056,14.703552
2517,4462,272.30362608,16.19475552
2517,4463,276.84932184,16.46907552
2517,4464,281.43826872,16.41201696
2517,4465,285.97780752,16.49979936
2517,4466,290.56590096,16.4592
2517,4467,295.13796192,16.4592
2517,4468,299.70980952,16.4537136
2517,4469,304.5151644,18.72069408
2517,4470,309.89119632,19.3779648
2517,4471,315.4376724,20.9690208
2517,4472,321.38474712,21.42329472
2517,4473,326.95929528,18.43649856
2517,4474,331.99047648,18.11938464
2517,4475,336.82881072,16.25181408
2517,4476,341.18784696,15.55504128
2517,4477,345.31834416,13.77415584
2517,4478,349.16830344,14.81766912
2517,4479,353.41782504,15.36521184
2517,4480,357.57895464,14.32389312
2517,4481,361.4399172,13.83450624
2517,4482,365.55285792,16.25949504
2517,4483,370.25247768,17.00454816
2517,4484,375.25988448,19.7290944
2517,4485,380.96089416,20.58716736
2517,4486,386.78367144,22.1870016
2517,4487,393.21492096,23.3172
2517,4488,399.62328,23.04617184
2517,4489,406.2392688,24.83254368
2517,4490,413.46339456,26.21072736
2517,4491,420.50208,24.97299552
2517,4492,427.45084944,25.31095776
2517,4493,434.62001976,25.23744
2517,4494,441.05477448,21.97742112
2517,4495,447.20277336,22.21992
2517,4496,453.38347728,22.46790528
2517,4497,459.75446784,23.2184448
2517,4498,466.10948688,22.02021504
2517,4499,470.72327496,12.58360704
2517,4500,476.81122824,30.10497408
2517,4501,485.12888496,28.4524704
2517,4502,491.40148608,18.55939392
2517,4503,496.76937984,18.91600992
2517,4504,499.9227492,18.9171072
2539,4362,19.0148718,12.3773184
2539,4363,21.40832904,12.30489792
2539,4364,24.81456048,12.2566176
2539,4365,28.04638536,9.05914368
2539,4366,29.46285192,3.099816
2539,4367,30.32631984,3.10749696
2539,4368,31.13891664,2.03435712
2539,4369,31.3285632,0
2539,4370,31.3285632,0
2539,4371,31.3285632,0
2539,4372,31.3285632,0
2539,4373,31.3285632,0
2539,4374,31.3285632,0
2539,4375,31.3285632,0
2539,4376,31.3285632,0
2539,4377,31.35072216,0.29516832
2539,4378,31.4260992,0.01316736
2539,4379,31.4260992,0
2539,4380,31.64945664,1.57240224
2539,4381,32.14292784,3.44216736
2539,4382,33.54762912,4.42642752
2539,4383,34.60717488,3.87669024
2539,4384,35.85542232,4.4494704
2539,4385,36.45706704,0.31930848
2539,4386,36.50004384,0.02414016
2539,4387,36.5001048,0
2539,4388,36.5001048,0
2539,4389,36.5001048,0
2539,4390,36.56225352,1.62287712
2539,4391,38.47533072,10.80162432
2539,4392,41.53506552,11.48632704
2539,4393,45.16788528,14.25586176
2539,4394,49.1325408,14.26464
2539,4395,53.0949408,14.26464
2539,4396,57.06761256,14.78145888
2539,4397,61.61556384,17.55209088
2539,4398,66.4973016,17.5674528
2539,4399,71.37754584,17.5674528
2539,4400,76.2603504,17.64097056
2539,4401,81.15824256,17.26789536
2539,4402,85.67141616,15.50676096
2539,4403,89.975436,15.49469088
2539,4404,94.2650388,15.40690848
2539,4405,98.5424496,14.89667328
2539,4406,102.27813936,12.80086848
2539,4407,105.99913776,13.30890912
2539,4408,109.57020504,13.29574176
2539,4409,112.9934748,9.6889824
2539,4410,115.036092,5.35033728
2539,4411,116.2167348,3.65284512
2539,4412,116.7088344,0.0603504
2539,4413,116.7088344,0
2539,4414,116.7088344,0
2539,4415,116.7088344,0
2539,4416,116.7088344,0
2539,4417,117.00948912,3.51239328
2539,4418,119.0544228,10.9508544
2539,4419,122.61893688,12.03277248
2539,4420,125.5724184,10.69848
2539,4421,128.53406856,10.54924992
2539,4422,131.63973672,12.32355168
2539,4423,134.93224728,10.55802816
2539,4424,137.90301096,10.97499456
2539,4425,140.95104144,10.9728
2539,4426,143.99885856,10.95414624
2539,4427,147.03798888,10.95743808
2539,4428,150.08592792,10.9728
2539,4429,153.1339584,10.9728
2539,4430,156.18107448,10.93220064
2539,4431,159.22779432,11.09679264
2539,4432,162.32465376,11.1209328
2539,4433,165.41087568,11.14507296
2539,4434,168.50986872,11.1593376
2539,4435,171.6086484,11.15714304
2539,4436,174.7057212,11.219688
2539,4437,178.05772872,12.99069792
2539,4438,182.15369208,16.41091968
2539,4439,186.60636288,15.51992832
2539,4440,190.56854952,12.20504544
2539,4441,193.66577472,10.9728
2539,4442,196.66326936,9.71421984
2539,4443,198.92793336,7.58549664
2539,4444,201.06186864,7.66779264
2539,4445,203.24655312,9.436608
2539,4446,206.50928472,11.66079456
2539,4447,209.6857884,12.46948992
2539,4448,213.2191824,12.7394208
2539,4449,216.75824568,12.73722624
2539,4450,220.14692064,11.36123712
2539,4451,223.19729808,10.90476864
2539,4452,226.23548352,10.9728
2539,4453,229.2833616,10.9728
2539,4454,232.3313616,10.9728
2539,4455,235.3793616,10.9728
2539,4456,238.42745304,10.9618272
2539,4457,241.46268192,10.9343952
2539,4458,244.50940176,10.97060544
2539,4459,247.72488936,13.43729088
2539,4460,252.0531408,16.46578368
2539,4461,256.63919208,16.80703776
2539,4462,261.43043472,17.446752
2539,4463,266.23493616,16.90140384
2539,4464,270.8097708,16.267176
2539,4465,275.34842568,16.49979936
2539,4466,279.9363972,16.4592
2539,4467,284.50836672,16.4592
2539,4468,289.08036672,16.4592
2539,4469,293.65233624,16.4592
2539,4470,298.2243972,16.4592
2539,4471,302.78956968,16.33411008
2539,4472,307.39912104,17.54989632
2539,4473,312.53347704,18.84249216
2539,4474,317.81035752,19.32639264
2539,4475,323.2781952,19.8168768
2539,4476,328.71332784,18.68558112
2539,4477,333.54145128,16.59306816
2539,4478,338.116164,16.4592
2539,4479,342.67697784,16.37909856
2539,4480,347.11849296,14.88350592
2539,4481,350.97497496,13.5952992
2539,4482,354.75327576,13.61066112
2539,4483,358.47738312,13.38791328
2539,4484,362.5926708,16.25730048
2539,4485,367.1648232,16.4592
2539,4486,371.74127328,16.73352
2539,4487,376.52712096,18.75470976
2539,4488,382.39077192,21.03376032
2539,4489,388.60789944,24.92142336
2539,4490,395.53505856,24.9192288
2539,4491,402.45679224,24.9192288
2539,4492,409.37846496,24.9192288
2539,4493,416.30547168,24.94995264
2539,4494,423.23845248,25.31644416
2539,4495,430.45053864,25.49859264
2539,4496,437.0545488,22.46461344
2539,4497,443.17167144,21.94669728
2539,4498,449.06757024,19.52280576
2539,4499,454.4412552,20.56522176
2539,4500,460.25641248,20.74737024
2539,4501,465.86924352,20.70896544
2539,4502,472.22353104,24.11601984
2539,4503,478.91123928,23.62224384
2539,4504,484.7200872,19.0487808
2539,4505,490.41271488,21.15446112
2539,4506,495.91648848,17.99100288
2539,4507,499.3312086,18.1709568
2547,4402,54.66850128,11.1264192
2547,4403,58.12645728,13.4252208
2547,4404,61.83718392,13.06970208
2547,4405,66.02083824,17.748504
2547,4406,71.09408184,18.2916576
2547,4407,76.08320064,16.08173568
2547,4408,79.683864,11.6586
2547,4409,82.99923456,11.9493792
2547,4410,86.3181408,11.9493792
2547,4411,89.61757032,11.09569536
2547,4412,91.98912768,6.62976576
2547,4413,93.799152,6.48053568
2547,4414,95.61143184,6.32801376
2547,4415,97.14869064,4.94763552
2547,4416,98.51550528,4.7237904
2547,4417,99.64417968,3.57493824
2547,4418,100.64590488,4.15210752
2547,4419,102.29974968,7.26838272
2547,4420,104.32468848,7.31007936
2547,4421,106.36120968,7.54489728
2547,4422,108.65248272,8.76946176
2547,4423,111.10307472,9.37845216
2547,4424,114.22187976,12.59457984
2547,4425,117.75271344,12.7449072
2547,4426,121.26151008,12.27636864
2547,4427,124.37799864,10.43732736
2547,4428,127.24845264,10.00829088
2547,4429,130.0412436,10.17398016
2547,4430,132.74564256,9.3762576
2547,4431,135.279384,8.96368032
2547,4432,137.77651896,9.36199296
2547,4433,140.71927152,11.50607808
2547,4434,143.90677848,11.08143072
2547,4435,146.57880768,8.44247232
2547,4436,148.98584376,9.08218656
2547,4437,151.48913568,9.22373568
2547,4438,154.42466448,11.42597664
2547,4439,157.54008624,11.576304
2547,4440,161.2547448,14.36229792
2547,4441,165.1313436,13.73575104
2547,4442,168.87011184,13.54921344
2547,4443,172.7364084,13.63809312
2547,4444,176.294796,12.26429856
2547,4445,179.4988536,10.28809728
2547,4446,182.13967128,8.54451936
2547,4447,184.506108,8.68167936
2547,4448,186.71258568,8.2186272
2547,4449,188.93661984,6.63634944
2547,4450,190.93473624,9.62753472
2547,4451,193.56467256,7.82470368
2547,4452,195.78937728,9.656064
2547,4453,198.78528696,10.37917152
2547,4454,201.9112548,12.52764576
2547,4455,205.46238816,13.4636256
2547,4456,209.31954072,13.935456
2547,4457,213.19028736,13.935456
2547,4458,217.05856512,13.65345504
2547,4459,220.46561952,11.05180416
2547,4460,223.49953776,10.89489312
2547,4461,226.5389424,10.9728
2547,4462,229.5869424,10.9728
2547,4463,232.6349424,10.9728
2547,4464,235.68297288,10.96511904
2547,4465,239.01763728,13.97166624
2547,4466,243.24164712,15.66257472
2547,4467,247.71489192,16.815816
2547,4468,252.48891336,16.88823648
2547,4469,257.27156064,18.12267648
2547,4470,262.40966568,18.50891904
2547,4471,267.32672976,16.7006016
2547,4472,271.88233152,16.7280336
2547,4473,276.58103688,16.49650752
2547,4474,281.11892976,16.42957344
2547,4475,285.69169176,16.4592
2547,4476,290.33117448,17.5619664
2547,4477,295.48390992,18.93795552
2547,4478,300.84741456,18.8896752
2547,4479,305.76380808,17.28435456
2547,4480,310.44172608,15.93689472
2547,4481,314.72501952,15.36192
2547,4482,318.98426424,15.27633216
2547,4483,323.21683896,15.2302464
2547,4484,327.44685336,15.2302464
2547,4485,331.5724128,14.06274048
2547,4486,335.33596128,13.43729088
2547,4487,339.26199864,15.58466784
2547,4488,343.83555312,16.64134848
2547,4489,348.76849728,19.94964768
2547,4490,354.70456872,21.66908544
2547,4491,360.7785012,22.41304128
2547,4492,367.1396772,23.04507456
2547,4493,373.47195816,22.30002144
2547,4494,379.58844072,22.71698784
2547,4495,387.15494832,31.31527392
2547,4496,395.91185232,30.90050208
2547,4497,403.94613648,27.46052928
2547,4498,411.55525512,26.97772608
2547,4499,418.64944464,24.45069024
2547,4500,425.41777248,23.79890592
2547,4501,431.50273872,20.50706592
2547,4502,437.18994096,20.46207744
2547,4503,442.86409776,20.0911968
2547,4504,448.12080048,18.05464512
2547,4505,453.13092,18.0392832
2547,4506,458.1339072,18.23350176
2547,4507,463.64722104,21.27735648
2547,4508,469.58216472,21.3859872
2547,4509,475.50253896,20.65849056
2547,4510,480.66201048,17.03198016
2547,4511,485.38354536,17.00345088
2547,4512,490.07822736,15.94018656
2547,4513,493.6440216,10.50206688
2547,4514,496.5385548,10.42416
2547,4515,499.289324,10.4192832
2553,4366,15.5426664,6.2215776
2553,4367,16.5789864,6.2215776
2553,4368,18.30622704,6.2215776
2553,4369,20.0258172,5.6839104
2553,4370,21.0984084,2.49192288
2553,4371,21.77881344,2.25600768
2553,4372,22.22165736,1.10605824
2553,4373,22.52261688,0.9272016
2553,4374,22.635972,0.00987552
2553,4375,22.635972,0
2553,4376,22.635972,0
2553,4377,22.635972,0
2553,4378,22.635972,0
2553,4379,22.635972,0
2553,4380,22.635972,0
2553,4381,22.635972,0
2553,4382,22.64127552,0.19860768
2553,4383,22.92925056,1.63384992
2553,4384,23.3938572,1.98827136
2553,4385,24.23973816,3.82731264
2553,4386,25.3072392,3.84048
2553,4387,26.36206056,3.24575424
2553,4388,26.758392,0.03511296
2553,4389,26.76619488,0.32589216
2553,4390,27.24183528,2.72454624
2553,4391,28.02898128,3.71100096
2553,4392,29.85467232,8.71569504
2553,4393,32.30118,9.10632672
2553,4394,35.12323176,10.95524352
2553,4395,38.1719328,10.9728
2553,4396,41.22944256,11.45340864
2553,4397,44.82321744,14.03750304
2553,4398,48.7271568,14.045184
2553,4399,52.6285968,14.045184
2553,4400,56.5300368,14.045184
2553,4401,60.44339448,14.63881248
2553,4402,65.01877776,17.82421632
2553,4403,69.97732512,17.84287008
2553,4404,74.93443992,17.86810752
2553,4405,79.90563648,17.34470496
2553,4406,84.20685216,14.14832832
2553,4407,88.12993296,14.12638272
2553,4408,92.05139832,14.04847584
2553,4409,95.91455544,12.8765808
2553,4410,98.51407272,6.67804608
2553,4411,100.34095248,6.58368
2553,4412,102.16981344,6.57599904
2553,4413,103.99026192,6.55953984
2553,4414,105.81174672,6.25888512
2553,4415,107.27137296,4.51091808
2553,4416,108.52050432,4.498848
2553,4417,109.77033672,4.498848
2553,4418,111.0200472,4.498848
2553,4419,112.29179472,5.4095904
2553,4420,114.5482596,10.15093728
2553,4421,117.4042356,10.32321024
2553,4422,120.2521344,10.204704
2553,4423,123.0867744,10.204704
2553,4424,125.92409664,10.28041632
2553,4425,128.77705512,10.43623008
2553,4426,131.79631248,11.21639616
2553,4427,134.8805532,10.83673728
2553,4428,137.89008744,10.82137536
2553,4429,140.88553992,10.75444128
2553,4430,143.87236656,10.7368848
2553,4431,146.85084168,10.7368848
2553,4432,149.8376988,10.753344
2553,4433,152.81297352,10.3473504
2553,4434,155.49256176,9.3159072
2553,4435,158.1540144,9.71202528
2553,4436,160.77642216,9.3488256
2553,4437,163.5218472,11.192256
2553,4438,167.32959168,15.46177248
2553,4439,171.64711416,15.22366272
2553,4440,175.49274528,12.56495328
2553,4441,178.95563904,13.40437248
2553,4442,182.99039856,13.95520704
2553,4443,186.34752672,10.89269856
2553,4444,189.16982232,9.87881184
2553,4445,191.9086332,8.64766368
2553,4446,193.90909656,6.9841872
2553,4447,195.9367176,8.48416896
2553,4448,199.01711784,12.52106208
2553,4449,202.49110632,12.49143552
2553,4450,205.96588728,12.5199648
2553,4451,209.44130832,12.12274944
2553,4452,211.64973672,4.86314496
2553,4453,213.45817608,8.9812368
2553,4454,216.53522352,11.5324128
2553,4455,219.7507416,11.5817904
2553,4456,222.89405256,10.95524352
2553,4457,225.9265992,10.9728
2553,4458,228.9745992,10.9728
2553,4459,232.0225992,10.9728
2553,4460,235.0705992,10.9728
2553,4461,238.11820296,10.9673136
2553,4462,241.48956528,14.48629056
2553,4463,245.95232496,16.42408704
2553,4464,250.30843512,15.39922752
2553,4465,254.79972408,16.81142688
2553,4466,259.7136792,18.28946304
2553,4467,264.77043312,17.71997472
2553,4468,269.4488388,16.28253792
2553,4469,273.95917776,16.3384992
2553,4470,278.48957256,15.51115008
2553,4471,283.27109208,20.70677088
2553,4472,288.62216088,16.7225472
2553,4473,293.32744992,16.90579296
2553,4474,298.2373512,18.07329888
2553,4475,302.91962784,16.32862368
2553,4476,307.495194,16.62050016
2553,4477,312.11797368,16.64683488
2553,4478,316.79272176,17.19108576
2553,4479,321.6595548,17.62999776
2553,4480,326.39102616,16.12014048
2553,4481,330.7957824,15.90946272
2553,4482,335.23409712,16.18378272
2553,4483,339.7427292,15.77120544
2553,4484,343.72536792,13.2386832
2553,4485,347.50281528,13.99361184
2553,4486,351.4982556,15.75035712
2553,4487,356.30854824,17.90431776
2553,4488,361.44772008,20.2941936
2553,4489,367.48766736,21.58678944
2553,4490,373.47515856,22.83768864
2553,4491,380.17009056,24.45946848
2553,4492,387.15644184,26.93932128
2553,4493,394.97105664,27.41115168
2553,4494,401.96722248,23.39510688
2553,4495,408.86758968,26.95139136
2553,4496,416.54004576,28.17156672
2553,4497,424.5042564,28.77945984
2553,4498,431.88233664,22.89035808
2553,4499,437.84907096,22.15188864
2553,4500,443.57446464,18.27080928
2553,4501,448.5311832,17.85384288
2553,4502,453.57787872,18.5166
2553,4503,458.73180288,18.52867008
2553,4504,464.45448384,23.35341024
2553,4505,470.62269096,15.06236256
2553,4506,473.2198308,14.55761376
2553,4507,479.5148652,25.072848
2553,4508,486.48164832,24.87862944
2553,4509,492.4042476,17.25143616
2553,4510,496.84506168,15.5045664
2553,4511,499.6944032,16.0422336
2554,4488,437.0137818,31.8224916
2554,4489,444.65281656,27.9148032
2554,4490,451.96975392,28.1781504
2554,4491,460.46352408,31.17591936
2554,4492,468.790782,28.78275168
2554,4493,476.8254624,29.08450368
2554,4494,484.80689424,28.01136384
2554,4495,492.19750176,24.56919648
2554,4496,498.7658808,24.08749056
2554,4497,505.65521424,25.402032
2554,4498,510.6514806,25.78608
2555,4394,20.5936088,5.4864
2555,4395,21.59733552,6.07015296
2555,4396,23.6838744,8.80676928
2555,4397,26.55658392,11.5269264
2555,4398,29.75738016,11.52144
2555,4399,32.9706732,11.94499008
2555,4400,36.5240316,13.30671456
2555,4401,40.21997544,13.30452
2555,4402,43.91652888,13.31329824
2555,4403,47.57924952,12.28075776
2555,4404,50.45302584,9.18533088
2555,4405,53.00545152,9.18972
2555,4406,55.55806008,9.18972
2555,4407,58.14322128,10.14325632
2555,4408,61.46328576,13.03897824
2555,4409,65.083944,13.03239456
2555,4410,68.703444,13.03129728
2555,4411,72.20154216,10.90586592
2555,4412,74.94334008,10.26724896
2555,4413,77.85454584,10.53169344
2555,4414,80.76947016,10.4351328
2555,4415,83.66845344,10.4351328
2555,4416,86.55112992,9.95562144
2555,4417,89.06396208,8.50172544
2555,4418,91.46791968,9.37406304
2555,4419,93.76681272,6.04930464
2555,4420,95.4202308,6.15354624
2555,4421,96.86714688,4.9981104
2555,4422,98.81643432,9.55621152
2555,4423,101.92124904,11.60593056
2555,4424,104.526588,7.077456
2555,4425,106.8493164,9.81736416
2555,4426,109.66944792,10.56790368
2555,4427,112.718088,11.24712
2555,4428,115.70567664,10.48670496
2555,4429,118.46378136,8.91869184
2555,4430,121.02422328,10.32979392
2555,4431,124.01162904,8.28226944
2555,4432,125.0751372,3.55408992
2555,4433,127.17371568,9.35650656
2555,4434,129.93572184,11.39305824
2555,4435,133.27626888,10.91464416
2555,4436,136.00797792,9.32907456
2555,4437,138.53272776,9.32578272
2555,4438,141.2554452,10.14984
2555,4439,144.02964336,9.820656
2555,4440,146.68582296,9.76250016
2555,4441,149.62878888,10.97499456
2555,4442,152.67672792,10.9728
2555,4443,155.7247584,10.9728
2555,4444,158.78623056,11.42487936
2555,4445,162.20398344,12.90620736
2555,4446,165.64316376,11.79246816
2555,4447,168.81887496,11.01339936
2555,4448,171.86568624,10.9728
2555,4449,174.9135948,10.97938368
2555,4450,177.73445784,8.77714272
2555,4451,180.08153976,9.29176704
2555,4452,182.69891832,8.53464384
2555,4453,184.8997572,7.65023616
2555,4454,186.75632448,6.16781088
2555,4455,188.88215208,9.52219584
2555,4456,191.8370052,10.97499456
2555,4457,194.84574696,10.3363776
2555,4458,197.55928992,9.5573088
2555,4459,200.21361024,9.55621152
2555,4460,202.86216984,9.53207136
2555,4461,205.51521,9.5573088
2555,4462,208.16965224,9.5573088
2555,4463,210.8242164,9.5573088
2555,4464,213.47881104,9.5573088
2555,4465,216.1332228,9.5573088
2555,4466,220.93659648,39.55913856
2555,4467,231.562656,18.03708864
2555,4468,235.20437592,12.8491488
2555,4469,239.25964848,16.22657664
2555,4470,243.8229312,16.4592
2555,4471,248.3946264,16.4592
2555,4472,252.96808944,16.7115744
2555,4473,258.00140424,19.449288
2555,4474,263.44958232,19.30993344
2555,4475,268.39307256,16.41860064
2555,4476,272.92590576,16.42518432
2555,4477,277.48739016,16.32423456
2555,4478,282.03390888,16.4646864
2555,4479,286.6061832,16.4592
2555,4480,291.17291016,16.31435904
2555,4481,295.62408744,15.63843456
2555,4482,299.82456672,14.81218272
2555,4483,303.944274,14.97458016
2555,4484,308.1864804,15.34216896
2555,4485,312.35166384,15.01956864
2555,4486,316.75879752,16.45261632
2555,4487,321.33134616,16.4646864
2555,4488,325.9093812,16.4921184
2555,4489,330.4906776,16.48772928
2555,4490,335.06612184,16.4592
2555,4491,339.63793896,16.44603264
2555,4492,344.32561056,17.93174976
2555,4493,349.76528472,21.7700352
2555,4494,356.2642608,23.83511616
2555,4495,362.89423992,24.21258048
2555,4496,369.79375368,25.59076416
2555,4497,377.5871544,33.42644064
2555,4498,386.51471592,26.54210592
2555,4499,393.56205768,25.18696512
2555,4500,400.74399912,26.5761216
2555,4501,408.12503592,26.05052448
2555,4502,414.88257384,22.8343968
2555,4503,420.9934176,21.31905312
2555,4504,426.83893296,20.85161184
2555,4505,432.61781904,20.43684
2555,4506,438.11217432,19.34175456
2555,4507,443.49378408,20.1131424
2555,4508,449.41854744,21.8578176
2555,4509,455.486262,21.62848608
2555,4510,461.45839128,21.68115552
2555,4511,467.36450088,21.10837536
2555,4512,473.4185604,22.1979744
2555,4513,479.4699072,19.74884544
2555,4514,483.4967724,9.98634528
2555,4515,485.9764728,8.6520528
2555,4516,488.30340744,8.2186272
2555,4517,490.58974272,8.27129664
2555,4518,492.9448104,8.0156304
2555,4519,494.13889488,0.89099136
2555,4520,494.29376376,0.74834496
2555,4521,494.82128112,2.9407104
2555,4522,495.65942016,2.78818848
2555,4523,496.05294744,0.11850624
2555,4524,496.39901736,3.09213504
2555,4525,497.47831416,4.20697152
2555,4526,498.74167968,4.98494304
2555,4527,499.7030392,5.4864
2576,4405,19.5811793142857,13.0153083428571
2576,4406,22.6365816,12.90730464
2576,4407,26.1059676,11.6421408
2576,4408,29.11126512,10.13776992
2576,4409,31.82480808,9.68020416
2576,4410,34.51213824,9.68020416
2576,4411,37.19907216,9.63302112
2576,4412,39.8676876,9.6012
2576,4413,42.5346876,9.6012
2576,4414,45.20333352,9.61107552
2576,4415,47.93013528,10.25847072
2576,4416,50.85975096,10.6106976
2576,4417,53.80610016,10.61289216
2576,4418,56.60309736,8.93954016
2576,4419,58.88102016,8.0430624
2576,4420,61.1165148,8.0430624
2576,4421,62.99722224,5.56979328
2576,4422,64.72114056,6.7702176
2576,4423,66.60087264,6.77899584
2576,4424,68.38968288,7.0555104
2576,4425,70.85722176,9.7548192
2576,4426,73.56658896,9.7548192
2576,4427,76.27583424,9.7603056
2576,4428,79.01400504,9.92380032
2576,4429,81.76022256,9.87552
2576,4430,84.50314824,9.87552
2576,4431,87.23546688,9.75701376
2576,4432,89.93084376,9.6889824
2576,4433,92.62045992,9.61546464
2576,4434,95.8522848,13.45375008
2576,4435,98.60164176,7.8565248
2576,4436,101.1756168,9.16557984
2576,4437,103.54827144,8.21423808
2576,4438,106.22572608,11.11325184
2576,4439,108.87108528,7.66230624
2576,4440,111.47858832,11.5433856
2576,4441,114.37906512,8.79250464
2576,4442,116.75159784,8.67180384
2576,4443,119.3637948,10.15422912
2576,4444,122.13162264,9.62753472
2576,4445,124.79825688,9.4475808
2576,4446,127.20346416,8.95051296
2576,4447,130.44918792,11.71017216
2576,4448,133.34533656,11.2142016
2576,4449,136.629648,12.34659456
2576,4450,140.04002472,11.79466272
2576,4451,143.20567752,11.21090976
2576,4452,146.66573664,13.90692672
2576,4453,150.38338224,12.4980192
2576,4454,153.81317472,12.33562176
2576,4455,157.2071532,12.12604128
2576,4456,160.69723512,13.27489344
2576,4457,164.03037552,8.09024544
2576,4458,165.81650352,7.87627584
2576,4459,168.35725536,9.93148128
2576,4460,171.06241632,8.30970144
2576,4461,173.24127912,9.36089568
2576,4462,176.11136736,10.03572288
2576,4463,178.83612696,10.40879808
2576,4464,182.10623472,13.06202112
2576,4465,185.83089072,13.30122816
2576,4466,189.83977272,15.55284672
2576,4467,193.87416648,13.90912128
2576,4468,198.24761976,17.3205648
2576,4469,203.1143004,17.5125888
2576,4470,207.7175424,15.27852672
2576,4471,211.85328216,14.85607392
2576,4472,215.96713728,14.78913984
2576,4473,220.08989256,14.840712
2576,4474,223.91982648,12.45741984
2576,4475,227.71857936,15.70427136
2576,4476,231.70005984,11.93511456
2576,4477,235.26832296,14.68599552
2576,4478,239.92749576,18.88748064
2576,4479,245.66370984,22.26051936
2576,4480,252.0502452,23.39730144
2576,4481,258.17221416,20.50596864
2576,4482,263.79272616,20.23494048
2576,4483,269.42603976,20.13947712
2576,4484,274.68597336,17.254728
2576,4485,279.15812088,14.5609056
2576,4486,282.81983568,13.09713408
2576,4487,286.62526368,13.99032
2576,4488,290.5394748,14.40399456
2576,4489,294.70630416,15.81948576
2576,4490,299.18841864,15.90617088
2576,4491,303.5436144,15.08869728
2576,4492,307.62095448,15.04151424
2576,4493,311.90988672,15.8611824
2576,4494,316.4436648,16.45810272
2576,4495,321.0216084,16.79057856
2576,4496,325.97174328,18.58572864
2576,4497,331.13795088,18.42662304
2576,4498,335.97854064,16.52284224
2576,4499,340.97649864,20.38087872
2576,4500,347.09096952,23.49715392
2576,4501,354.5610384,30.54169152
2576,4502,363.0558144,29.3741856
2576,4503,371.13307536,29.10974112
2576,4504,379.66281192,32.60786976
2576,4505,388.05331584,26.636472
2576,4506,394.62724224,20.71884096
2576,4507,400.13921496,19.72689984
2576,4508,405.2408964,16.35386112
2576,4509,408.9084024,11.77820352
2576,4510,413.05273752,17.02759104
2576,4511,417.7803684,16.92664128
2576,4512,422.44444848,16.73352
2576,4513,427.14266616,17.78471424
2576,4514,432.38418984,18.91600992
2576,4515,437.51549784,18.36078624
2576,4516,442.74486,20.4697584
2576,4517,448.95006984,23.04397728
2576,4518,455.15439576,19.449288
2576,4519,459.396846,13.3484112
2576,4520,463.12400136,13.4197344
2576,4521,466.85079096,13.42192896
2576,4522,470.58321936,12.95119584
2576,4523,472.81999416,2.66858496
2576,4524,473.256864,1.46377152
2576,4525,473.66435112,1.46377152
2576,4526,474.07074096,1.4593824
2576,4527,474.47716128,1.4593824
2576,4528,474.88245384,1.481328
2576,4529,475.62961008,4.32108864
2576,4530,476.96594472,4.8499776
2576,4531,478.31270352,4.8499776
2576,4532,479.65927944,4.8499776
2576,4533,481.0076232,4.71062304
2576,4534,481.74978072,0.35551872
2576,4535,482.40915456,8.78262912
2576,4536,486.61996656,17.41273632
2576,4537,491.05300824,13.58213184
2576,4538,494.52498504,12.34330272
2576,4539,497.97455904,12.54849408
2576,4540,501.47183424,12.59457984
2576,4541,505.08234264,13.64906592
2576,4542,508.95766128,13.99470912
2576,4543,512.65168488,12.13372224
2576,4544,515.8727808,11.52144
2576,4545,517.9528376,11.52144
2585,4396,20.1743056,7.8565248
2585,4397,21.38196384,6.80533056
2585,4398,23.32606968,7.84335744
2585,4399,25.51413744,7.65133344
2585,4400,27.62048832,7.1103744
2585,4401,29.39088864,6.17110272
2585,4402,31.24562712,5.79254112
2585,4403,32.519112,7.39895904
2585,4404,37.5621804,24.95982816
2585,4405,42.15850344,6.01419168
2585,4406,42.7318932,3.14260992
2585,4407,45.43571304,15.79863744
2585,4408,50.3700288,15.4771344
2585,4409,53.4037032,8.91430272
2585,4410,55.72624872,8.119872
2585,4411,57.9822564,8.119872
2585,4412,60.23844696,8.119872
2585,4413,62.49491184,8.12426112
2585,4414,64.75149864,8.119872
2585,4415,67.13476032,12.41462592
2585,4416,75.23613096,32.10531552
2585,4417,79.68090744,10.2485952
2585,4418,81.8889396,4.81376736
2585,4419,82.94680896,3.63528864
2585,4420,84.18435792,5.70475872
2585,4421,86.47163808,11.59386048
2585,4422,90.15987048,11.1209328
2585,4423,92.1396684,6.08332032
2585,4424,93.85054128,6.5727072
2585,4425,96.2092056,9.83492064
2585,4426,98.95405152,9.87552
2585,4427,101.69395968,9.69556608
2585,4428,104.23437624,8.75958624
2585,4429,106.6714656,8.77824
2585,4430,109.1101704,8.83749312
2585,4431,111.69024144,9.98195616
2585,4432,114.5912364,10.6106976
2585,4433,117.55886064,10.73578752
2585,4434,120.34186752,8.57304864
2585,4435,122.64746616,8.78262912
2585,4436,125.0862624,8.77824
2585,4437,127.74680064,12.81293856
2585,4438,131.41561728,10.05986304
2585,4439,133.80485304,8.1418176
2585,4440,136.03885416,8.07927264
2585,4441,138.41208792,9.05256
2585,4442,140.95162056,9.1403424
2585,4443,143.4900864,9.3159072
2585,4444,146.66744352,13.80158784
2585,4445,150.62502768,14.02982208
2585,4446,154.05847776,10.91464416
2585,4447,157.22205792,12.87438624
2585,4448,160.69461384,9.3488256
2585,4449,162.8025192,8.35688448
2585,4450,165.58957992,10.97170272
2585,4451,168.63822,10.9728
2585,4452,171.66156168,10.24640064
2585,4453,174.12495528,8.03977056
2585,4454,176.35984032,8.0430624
2585,4455,178.62587592,8.86711968
2585,4456,181.46783112,10.9837728
2585,4457,184.5158616,10.9728
2585,4458,187.56593424,10.99255104
2585,4459,190.61722608,10.96511904
2585,4460,193.84758792,12.48485184
2585,4461,197.21440872,12.07776096
2585,4462,200.68028952,12.55068864
2585,4463,204.48565656,15.28181856
2585,4464,209.02397616,16.77960576
2585,4465,213.6820212,16.72144992
2585,4466,218.32817904,16.77521664
2585,4467,222.91740024,15.11832384
2585,4468,226.38184848,10.96841088
2585,4469,229.42801968,11.15494848
2585,4470,232.95129432,14.0781024
2585,4471,236.8704432,14.07919968
2585,4472,240.77002392,14.11321536
2585,4473,245.18883144,17.80227072
2585,4474,250.18099824,17.9185824
2585,4475,255.15185952,17.83189728
2585,4476,260.45275824,20.80223424
2585,4477,266.38922592,21.42878112
2585,4478,271.7509932,16.62708384
2585,4479,276.1832424,15.91056
2585,4480,280.6028424,15.91056
2585,4481,285.02271672,15.9050736
2585,4482,289.35020616,15.13917216
2585,4483,293.51871192,14.9998176
2585,4484,297.68526696,14.9723856
2585,4485,301.87382856,15.72073056
2585,4486,306.41263584,16.4592
2585,4487,310.97241336,16.37032032
2585,4488,315.53310528,16.41750336
2585,4489,319.97562624,15.68122848
2585,4490,324.45722256,16.87836096
2585,4491,329.25114744,17.28325728
2585,4492,333.98801376,16.66548864
2585,4493,338.56699368,16.4592
2585,4494,343.12213824,16.43067072
2585,4495,348.29111952,21.52643904
2585,4496,354.52940016,22.66322112
2585,4497,361.03937952,24.26963904
2585,4498,367.8643392,25.41739392
2585,4499,375.07950384,26.05601088
2585,4500,382.71456096,29.38735296
2585,4501,391.12411488,30.17958912
2585,4502,399.04861008,26.69572512
2585,4503,405.5312184,19.95184224
2585,4504,410.80541664,19.16509248
2585,4505,416.31434136,19.35492192
2585,4506,421.63995936,19.47233088
2585,4507,427.03854648,19.19910816
2585,4508,432.2303268,18.37834272
2585,4509,437.38803048,19.79932032
2585,4510,443.57623248,22.76197632
2585,4511,449.39169456,20.55644352
2585,4512,455.91639576,26.22828384
2585,4513,463.23696024,25.03773504
2585,4514,469.19589168,18.9884304
2585,4515,474.4375068,17.95369536
2585,4516,478.12043568,8.96148576
2585,4517,480.48571416,8.30531232
2585,4518,482.47301016,6.11294688
2585,4519,484.14761184,5.76949824
2585,4520,485.32432272,2.84634432
2585,4521,486.08812104,3.13163712
2585,4522,487.42436424,5.17477248
2585,4523,488.0360064,0.05376672
2585,4524,488.23821072,2.34598464
2585,4525,489.06421872,2.92534848
2585,4526,489.99532176,3.01752
2585,4527,490.51835856,1.18835424
2585,4528,491.06248752,3.01861728
2585,4529,491.80626048,2.01460608
2585,4530,493.06572456,7.60305312
2585,4531,495.39116568,8.5148928
2585,4532,497.70703608,7.9717392
2585,4533,499.85221848,7.6590144
2585,4534,501.3409836,7.68096
2586,4490,404.4923838,69.1752744
2599,4402,21.5939914285714,12.2299693714286
2599,4403,24.30347184,11.09459808
2599,4404,27.40971912,11.39196096
2599,4405,30.57366504,11.3897664
2599,4406,33.73407528,11.37001536
2599,4407,36.89655816,11.3897664
2599,4408,40.06071744,11.3897664
2599,4409,43.22493768,11.3952528
2599,4410,46.39165728,11.39635008
2599,4411,49.55581656,11.3897664
2599,4412,52.71997584,11.3897664
2599,4413,55.88398272,11.3897664
2599,4414,59.04808104,11.3897664
2599,4415,62.2124232,11.39415552
2599,4416,65.37710064,11.39086368
2599,4417,68.07729336,7.63487424
2599,4418,70.18208976,6.84812448
2599,4419,72.06426024,7.8565248
2599,4420,74.26372752,7.9113888
2599,4421,76.4616708,7.9113888
2599,4422,78.67857264,8.010144
2599,4423,80.88825072,8.09902368
2599,4424,83.29778616,9.09974304
2599,4425,85.8280224,9.107424
2599,4426,88.3578624,9.107424
2599,4427,90.8877024,9.107424
2599,4428,93.40099176,8.7288624
2599,4429,95.59698432,7.32873312
2599,4430,97.6285068,7.3188576
2599,4431,99.77173848,10.2266496
2599,4432,103.95929424,15.21049536
2599,4433,106.7411124,7.36604064
2599,4434,109.09502184,10.23652512
2599,4435,112.19953176,11.52253728
2599,4436,115.27334832,10.1608128
2599,4437,118.00703856,10.26395712
2599,4438,120.99669984,10.97499456
2599,4439,123.93981816,9.77895936
2599,4440,126.60358728,9.84479616
2599,4441,129.34611672,10.09278144
2599,4442,132.25360392,10.7204256
2599,4443,135.18642,10.314432
2599,4444,138.05144856,10.314432
2599,4445,140.9437872,10.67763168
2599,4446,143.97328584,10.9563408
2599,4447,147.01256856,10.9563408
2599,4448,150.06032472,10.97389728
2599,4449,152.99393328,9.46294272
2599,4450,155.35616376,8.2296
2599,4451,157.64207232,8.2296
2599,4452,159.92813328,8.2296
2599,4453,162.2136456,8.20655712
2599,4454,164.32142904,6.82069248
2599,4455,166.68670752,10.66446432
2599,4456,169.73181192,10.9728
2599,4457,172.77975096,10.9728
2599,4458,175.82772048,10.9728
2599,4459,178.87709208,10.98048096
2599,4460,181.925976,10.9728
2599,4461,185.0032368,11.47864608
2599,4462,188.3804208,13.54372704
2599,4463,192.61281264,15.8611824
2599,4464,197.09376888,16.3714176
2599,4465,201.64891344,16.52723136
2599,4466,206.1996384,16.11465408
2599,4467,210.63298488,15.9325056
2599,4468,215.0575836,15.93470016
2599,4469,219.26293968,13.1344416
2599,4470,222.43822416,10.89818496
2599,4471,225.46860672,10.96841088
2599,4472,228.64041648,12.93363936
2599,4473,232.8586656,16.41969792
2599,4474,237.43197624,16.44603264
2599,4475,242.08459584,18.32896512
2599,4476,247.85552664,21.9510864
2599,4477,253.93104408,21.5780112
2599,4478,259.8499248,21.28503744
2599,4479,265.6162836,19.00159776
2599,4480,270.35141256,16.29680256
2599,4481,274.9009488,16.4592
2599,4482,279.47352792,16.46139456
2599,4483,283.65821856,13.3977888
2599,4484,287.16860016,12.14469504
2599,4485,290.9637564,14.78804256
2599,4486,294.8671776,13.716
2599,4487,298.70707848,14.52469536
2599,4488,303.0951012,16.4646864
2599,4489,307.6501848,16.30667808
2599,4490,311.90619864,14.05725408
2599,4491,315.78054192,14.2317216
2599,4492,319.7569932,14.2536672
2599,4493,324.15458664,18.31470048
2599,4494,329.29595304,17.93394432
2599,4495,334.03982976,15.81948576
2599,4496,338.70113616,18.63620352
2599,4497,344.50010856,23.31610272
2599,4498,351.68366544,28.282392
2599,4499,359.64623016,28.06732512
2599,4500,367.38802824,29.27872224
2599,4501,376.17138888,32.70333312
2599,4502,384.98836896,29.21069088
2599,4503,392.44685544,26.06259456
2599,4504,399.55457808,23.96130336
2599,4505,405.53710104,18.92478816
2599,4506,410.23376424,16.64793216
2599,4507,415.0444836,17.583912
2599,4508,420.0642348,19.77518016
2599,4509,425.92441104,19.7729856
2599,4510,430.9477284,18.46502784
2599,4511,436.61414328,21.80624544
2599,4512,442.70389488,21.93352992
2599,4513,448.79992536,21.9456
2599,4514,454.86343368,21.204936
2599,4515,460.53798672,20.19104928
2599,4516,466.06254768,18.13584384
2599,4517,470.25327336,13.46801472
2599,4518,473.96939496,12.48375456
2599,4519,476.6398392,7.46589312
2599,4520,478.67916456,6.67036512
2599,4521,479.91134904,2.77831296
2599,4522,480.66420504,2.33830368
2599,4523,481.02615504,0.99742752
2599,4524,481.49975328,1.91146176
2599,4525,481.86813456,0.5321808
2599,4526,481.9493028,0.27102816
2599,4527,482.15391504,1.51095456
2599,4528,482.6724408,2.09141568
2599,4529,483.99569952,6.12172512
2599,4530,485.28238224,5.38874208
2599,4531,487.21362552,7.38908352
2599,4532,489.38340528,8.69813856
2599,4533,491.949486,9.32688
2599,4534,494.5404384,9.32358816
2599,4535,497.3244816,11.1867696
2599,4536,500.57947128,11.7354096
2599,4537,503.880882,12.73173984
2599,4538,507.64494864,13.71709728
2599,4539,511.34829912,12.68784864
2599,4540,514.7899788,12.34549728
2599,4541,517.0196416,12.3444
2605,4409,20.27682,13.16736
2605,4410,22.40389728,13.29574176
2605,4411,25.62142704,9.60010272
2605,4412,28.05162792,9.05146272
2605,4413,31.15778376,12.53313216
2605,4414,34.65993576,12.60335808
2605,4415,38.16437376,12.61872
2605,4416,41.63732592,11.494008
2605,4417,44.25037632,8.6794848
2605,4418,47.07008112,10.56241728
2605,4419,49.573434,8.0979264
2605,4420,51.71697048,6.83166528
2605,4421,53.52611088,6.44652
2605,4422,55.24496952,6.1337952
2605,4423,56.94935016,6.1337952
2605,4424,58.65379176,6.1337952
2605,4425,60.40721472,6.78557952
2605,4426,62.40664176,7.3188576
2605,4427,64.439292,7.32214944
2605,4428,66.4473144,8.17693056
2605,4429,69.37973424,11.89012608
2605,4430,72.6815412,11.88683424
2605,4431,75.67388472,9.50463936
2605,4432,78.54714288,11.30637312
2605,4433,81.5833776,10.369296
2605,4434,84.39643776,10.094976
2605,4435,87.2000796,10.094976
2605,4436,90.00381288,10.094976
2605,4437,92.80251696,10.00609632
2605,4438,95.66977056,10.64032416
2605,4439,98.44439544,9.354312
2605,4440,101.03470776,9.32688
2605,4441,103.61907648,9.5353632
2605,4442,106.81764768,11.99765952
2605,4443,109.57953192,9.37845216
2605,4444,112.2633264,9.6889824
2605,4445,114.9557772,9.69117696
2605,4446,117.59921616,9.12168864
2605,4447,120.05541648,8.77824
2605,4448,122.4940908,8.77714272
2605,4449,125.07800232,9.93257856
2605,4450,127.75911456,9.62204832
2605,4451,130.78660152,11.91426624
2605,4452,133.70640264,8.86492512
2605,4453,136.51592712,11.301984
2605,4454,139.5795024,10.9728
2605,4455,142.62747192,10.9728
2605,4456,145.66998552,10.94097888
2605,4457,148.71429744,10.9728
2605,4458,151.76223648,10.9728
2605,4459,154.81023648,10.9728
2605,4460,157.85829744,10.9728
2605,4461,160.90632792,10.9728
2605,4462,163.94439144,10.9234224
2605,4463,166.9881852,10.9728
2605,4464,170.03676432,10.83673728
2605,4465,172.94784816,10.51962336
2605,4466,175.8273852,9.95671872
2605,4467,178.72307664,10.93878432
2605,4468,181.7732712,10.96511904
2605,4469,185.1445116,14.5499328
2605,4470,189.6264432,16.47456192
2605,4471,194.1989004,16.4592
2605,4472,198.77086992,16.45810272
2605,4473,203.33613384,16.431768
2605,4474,207.76948032,14.64759072
2605,4475,211.5187032,13.16736
2605,4476,215.17657752,13.16845728
2605,4477,218.73167328,11.89012608
2605,4478,221.83258656,10.93220064
2605,4479,224.90853672,11.92523904
2605,4480,228.79516344,15.51334464
2605,4481,233.14914,16.2452304
2605,4482,238.5277932,22.17273696
2605,4483,244.76738448,22.93095744
2605,4484,251.80667952,27.5033232
2605,4485,259.42354008,25.86069504
2605,4486,264.70103016,12.6077472
2605,4487,267.85830096,10.97060544
2605,4488,270.87563808,10.81479168
2605,4489,273.89260944,10.84222368
2605,4490,276.92302248,10.97389728
2605,4491,279.970992,10.9728
2605,4492,283.01905296,10.9728
2605,4493,286.06708344,10.9728
2605,4494,289.11419952,11.10227904
2605,4495,292.72796928,15.50785824
2605,4496,297.26851392,16.45590816
2605,4497,302.03052624,18.30372768
2605,4498,307.26671592,18.92039904
2605,4499,312.6543912,20.28980448
2605,4500,318.32263488,19.860768
2605,4501,323.76105936,19.49098464
2605,4502,329.16409656,20.00670624
2605,4503,334.9143924,20.85161184
2605,4504,341.2149132,25.66976832
2605,4505,349.02885744,30.08522304
2605,4506,357.62589384,31.32076032
2605,4507,365.93294352,27.89505216
2605,4508,373.40203704,24.96531456
2605,4509,379.5741456,19.46245536
2605,4510,384.35033112,16.2891216
2605,4511,388.88450544,16.32972096
2605,4512,393.4125228,16.34508288
2605,4513,397.95410376,16.30448352
2605,4514,402.75360648,18.32567328
2605,4515,407.86235928,18.46612512
2605,4516,413.06492952,18.93795552
2605,4517,418.32894744,18.8567568
2605,4518,423.48994296,18.38382912
2605,4519,428.59887864,18.55171296
2605,4520,433.89855816,19.46903904
2605,4521,439.29519456,18.94124736
2605,4522,444.1824492,15.92482464
2605,4523,447.87866736,10.77199776
2605,4524,450.6943488,12.3059952
2605,4525,454.00222128,8.95709664
2605,4526,456.33320976,7.26948
2605,4527,457.3626108,1.00840032
2605,4528,457.61458896,0.91183968
2605,4529,457.886562,1.70407584
2605,4530,459.0761964,6.28083072
2605,4531,460.84162848,6.34557024
2605,4532,462.60483552,6.34886208
2605,4533,464.36801208,6.34666752
2605,4534,466.1310972,6.34557024
2605,4535,467.8942128,6.3477648
2605,4536,469.66732584,6.39933696
2605,4537,471.43489152,6.35105664
2605,4538,473.19858624,6.35105664
2605,4539,474.9719736,6.95894976
2605,4540,477.77729184,12.96546048
2605,4541,481.45135104,13.2606288
2605,4542,485.19255768,12.92815296
2605,4543,488.58025728,12.24893664
2605,4544,491.73786336,9.83272608
2605,4545,494.31683712,9.6944688
2605,4546,497.09865528,10.46146752
2605,4547,499.41461712,11.18347776
2615,4413,20.3963016,9.3159072
2615,4414,22.10491896,8.79140736
2615,4415,24.2663472,7.04234304
2615,4416,26.20652112,7.21571328
2615,4417,28.43637696,8.28336672
2615,4418,30.68622768,8.39858112
2615,4419,33.32555184,10.04340384
2615,4420,36.13711848,10.34076672
2615,4421,38.97806784,9.60339456
2615,4422,41.21179464,6.71645088
2615,4423,42.96472992,6.02735904
2615,4424,44.72306016,6.92603136
2615,4425,46.91484648,8.82432576
2615,4426,49.16701368,7.58878848
2615,4427,51.3600192,8.6081616
2615,4428,53.4747216,5.92970112
2615,4429,55.06986192,5.7497472
2615,4430,56.6664348,5.7497472
2615,4431,58.26306864,5.7497472
2615,4432,59.85964152,5.7497472
2615,4433,61.45627536,5.7497472
2615,4434,63.05342736,5.75194176
2615,4435,64.6502136,5.7497472
2615,4436,66.24678648,5.7497472
2615,4437,71.7409284,49.05170784
2615,4438,82.6203072,11.65969728
2615,4439,85.12826256,8.77714272
2615,4440,87.62448312,9.71421984
2615,4441,90.42916128,9.55401696
2615,4442,93.16833792,12.24674208
2615,4443,96.81356304,11.6586
2615,4444,99.75226176,9.72080352
2615,4445,102.27539616,9.22154112
2615,4446,104.94739488,9.68788512
2615,4447,107.63999808,9.69227424
2615,4448,110.23253544,8.73215424
2615,4449,112.580166,8.41394304
2615,4450,114.91572648,8.4380832
2615,4451,118.10457456,15.93360288
2615,4452,122.2968852,11.63445984
2615,4453,125.2619796,10.79613792
2615,4454,128.11390176,10.14545088
2615,4455,131.10085032,11.26467648
2615,4456,134.32206816,11.61580608
2615,4457,137.42325576,10.62386496
2615,4458,140.2953252,10.23981696
2615,4459,143.14008456,10.2376224
2615,4460,145.94208048,9.44538624
2615,4461,148.30260408,8.04196512
2615,4462,150.5378244,8.0430624
2615,4463,152.73046416,7.1542656
2615,4464,154.40372472,5.48201088
2615,4465,155.9861244,6.90518304
2615,4466,158.49667056,10.46914848
2615,4467,161.51604984,10.95963264
2615,4468,164.55088248,10.93220064
2615,4469,167.59751088,10.9728
2615,4470,170.64554136,10.97060544
2615,4471,173.81655864,12.89084544
2615,4472,178.03730712,16.46688096
2615,4473,182.74960656,18.41674752
2615,4474,188.48042568,21.9291408
2615,4475,194.58118056,21.75247872
2615,4476,199.98497976,16.91127936
2615,4477,204.53332728,15.57150048
2615,4478,208.13478312,11.15494848
2615,4479,211.70734392,14.81218272
2615,4480,215.9146812,15.14685312
2615,4481,220.24082952,16.2068256
2615,4482,224.78844552,16.37251488
2615,4483,229.67917488,20.03194368
2615,4484,235.67904096,22.13542944
2615,4485,242.35690416,25.03224864
2615,4486,248.89486416,22.37024736
2615,4487,254.3440176,16.32423456
2615,4488,258.59518512,15.25109472
2615,4489,262.84857768,15.252192
2615,4490,266.63715024,11.57191488
2615,4491,269.68146216,10.76870592
2615,4492,272.66207088,10.8685584
2615,4493,275.70684,10.9728
2615,4494,278.80519296,12.34220544
2615,4495,282.8380932,15.91165728
2615,4496,287.3655924,16.4592
2615,4497,291.98989608,17.31727296
2615,4498,297.014646,18.38053728
2615,4499,302.11215168,18.25654464
2615,4500,307.15272072,18.0996336
2615,4501,312.11334072,17.2711872
2615,4502,316.74977544,16.4701728
2615,4503,321.3806628,17.9734464
2615,4504,327.15686664,22.51508832
2615,4505,333.43004688,23.29305984
2615,4506,340.55474688,27.77435136
2615,4507,348.77325216,30.66458688
2615,4508,357.06384264,28.49745888
2615,4509,364.16613984,22.78392192
2615,4510,370.05063912,18.92588544
2615,4511,374.77823952,16.4592
2615,4512,379.3493556,16.5360096
2615,4513,384.23152008,18.74044512
2615,4514,389.50312752,18.9719712
2615,4515,394.7603484,18.900648
2615,4516,400.01369832,19.2737232
2615,4517,405.48071304,19.72031616
2615,4518,410.96059032,20.08461312
2615,4519,416.56119888,19.92770208
2615,4520,422.03025576,19.51731936
2615,4521,427.785276,21.85342848
2615,4522,433.556664,18.98733312
2615,4523,438.23638032,14.87253312
2615,4524,441.73560624,9.91721664
2615,4525,444.05470752,7.63926336
2615,4526,445.97580096,6.07015296
2615,4527,447.5425644,5.04529344
2615,4528,448.49713704,2.41072416
2615,4529,449.2407576,2.7432
2615,4530,450.00394632,2.72893536
2615,4531,450.51768672,0.66056256
2615,4532,450.60101904,0.29846016
2615,4533,451.017132,3.12395616
2615,4534,452.0225148,3.6539424
2615,4535,453.03783408,3.66601248
2615,4536,454.23770976,5.2011072
2615,4537,455.7541812,5.5302912
2615,4538,457.72145184,10.01487456
2615,4539,461.45647104,15.4387296
2615,4540,465.74381832,15.43434048
2615,4541,470.04134592,15.48920448
2615,4542,474.33384432,15.43982688
2615,4543,478.56074976,14.16807936
2615,4544,482.05083168,11.79685728
2615,4545,485.33069304,11.8286784
2615,4546,488.62783656,11.8890288
2615,4547,491.93025312,11.88573696
2615,4548,495.2233428,11.69590752
2615,4549,498.40487568,11.33051328
2615,4550,501.54894864,11.31954048
2615,4551,504.225371314286,11.3349024
2618,4486,273.983152457143,11.5245750857143
2618,4487,276.70387128,11.61141696
2618,4488,280.07108832,12.58360704
2618,4489,283.57604448,12.4870464
2618,4490,286.83100368,11.0221776
2618,4491,289.93295328,12.69223776
2618,4492,294.37059744,17.20644768
2618,4493,298.94637696,16.4646864
2618,4494,303.5186208,16.4592
2618,4495,308.09086464,16.43835168
2618,4496,312.63841968,16.38129312
2618,4497,317.20691448,16.45700544
2618,4498,321.81841656,17.29423008
2618,4499,326.91128928,18.82713024
2618,4500,332.36361264,20.55534624
2618,4501,338.1059532,20.6727552
2618,4502,343.83927168,21.2104224
2618,4503,350.65188696,27.51539328
2618,4504,358.36491192,27.65035872
2618,4505,366.05044392,27.48028032
2618,4506,373.1943768,24.11492256
2618,4507,379.85788392,23.9975136
2618,4508,386.51953176,23.42912256
2618,4509,392.13635568,17.28216
2618,4510,396.8604204,17.00784
2618,4511,401.58402792,16.94858688
2618,4512,406.19693208,16.29570528
2618,4513,410.71751232,16.2726624
2618,4514,415.24543824,16.66878048
2618,4515,420.43779768,20.52023328
2618,4516,426.17919336,20.6617824
2618,4517,431.91815064,20.49938496
2618,4518,437.35154592,18.6921648
2618,4519,442.52476392,18.64607904
2618,4520,447.67548768,17.4412656
2618,4521,451.49694816,12.1139712
2618,4522,455.26866528,13.99800096
2618,4523,458.84460936,10.55363904
2618,4524,461.35552128,8.7124032
2618,4525,463.7771268,8.68936032
2618,4526,465.54493632,2.92644576
2618,4527,465.99579648,1.4593824
2618,4528,466.40215584,1.4593824
2618,4529,466.80857616,1.46047968
2618,4530,467.214966,1.4593824
2618,4531,467.6221788,1.46157696
2618,4532,468.12848208,3.429
2618,4533,469.73163864,6.50028672
2618,4534,471.52663632,6.4410336
2618,4535,473.31733632,6.4410336
2618,4536,475.44023784,10.11033792
2618,4537,478.6954104,12.06898272
2618,4538,482.09094336,12.54849408
2618,4539,485.6354016,12.8052576
2618,4540,489.19208232,12.8052576
2618,4541,492.7273356,12.563856
2618,4542,496.18812624,12.43437696
2618,4543,499.64077872,12.41243136
2618,4544,502.0545204,12.4321824
2634,4424,21.8286245333333,11.1873792
2634,4425,25.14993192,13.36706496
2634,4426,28.71563472,11.1044736
2634,4427,31.31463384,10.1827584
2634,4428,34.88402472,13.57993728
2634,4429,37.70918544,6.55734528
2634,4430,39.84290736,8.96587488
2634,4431,42.06797784,7.54489728
2634,4432,44.163996,7.55367552
2634,4433,46.26190392,7.5438
2634,4434,48.33804912,7.38249984
2634,4435,50.38078824,7.351776
2634,4436,52.4228568,7.351776
2634,4437,54.46510824,7.351776
2634,4438,56.50559184,7.3956672
2634,4439,59.09617848,11.9274336
2634,4440,62.6338092,12.810744
2634,4441,66.19698216,12.88426176
2634,4442,69.79633488,12.9808224
2634,4443,73.40312472,12.9808224
2634,4444,76.7362956,10.0730304
2634,4445,79.41737736,10.12899168
2634,4446,82.2178188,10.07741952
2634,4447,85.01472456,10.75992768
2634,4448,88.8749556,15.6472128
2634,4449,92.41529904,10.36271232
2634,4450,95.34284208,10.9289088
2634,4451,98.3903544,10.9728
2634,4452,101.41988352,10.42525728
2634,4453,104.02211352,8.7453216
2634,4454,106.45868472,8.77824
2634,4455,108.8911716,8.90881632
2634,4456,111.57389928,10.38794976
2634,4457,114.41030712,10.07522496
2634,4458,117.68492592,13.22441856
2634,4459,121.0507104,9.87222816
2634,4460,123.4212924,9.19740096
2634,4461,126.2434356,10.03243104
2634,4462,128.78488848,8.80128288
2634,4463,131.32634136,9.48159648
2634,4464,133.97389512,9.272016
2634,4465,136.52010288,9.08108928
2634,4466,139.08910968,9.44648352
2634,4467,142.03125264,12.29392512
2634,4468,145.58189832,10.7917488
2634,4469,147.70876224,6.5891664
2634,4470,149.45017608,6.85031904
2634,4471,152.03969592,10.29138912
2634,4472,154.51951824,8.39090016
2634,4473,157.22842824,10.63044864
2634,4474,159.90475512,9.12498048
2634,4475,162.86984952,12.39048576
2634,4476,166.78784016,15.78327552
2634,4477,171.33152424,16.45700544
2634,4478,176.22990408,19.3011552
2634,4479,181.8191436,20.84173632
2634,4480,187.1805756,16.94419776
2634,4481,191.7606528,16.4592
2634,4482,196.2742836,15.33009888
2634,4483,200.05483992,13.14321984
2634,4484,204.08682576,15.3509472
2634,4485,208.55610816,18.48587616
2634,4486,214.44670344,22.24515744
2634,4487,220.65090744,22.57982784
2634,4488,227.17332264,24.99933024
2634,4489,233.9932836,22.94741664
2634,4490,240.20367504,22.16615328
2634,4491,246.18510072,19.49537376
2634,4492,250.98423768,16.4592
2634,4493,255.39591288,14.8900896
2634,4494,259.41866328,14.49287424
2634,4495,263.44555896,14.44349664
2634,4496,267.14958,12.84037056
2634,4497,271.19994528,15.52870656
2634,4498,275.41852968,15.0876
2634,4499,279.64814784,15.71085504
2634,4500,284.1641256,16.46029728
2634,4501,288.73569888,16.45810272
2634,4502,293.61603456,19.43721792
2634,4503,299.3573388,21.3036912
2634,4504,305.19764208,20.080224
2634,4505,309.80335296,12.84475968
2634,4506,313.22165448,12.73722624
2634,4507,317.35602264,17.1943776
2634,4508,322.24001592,17.65194336
2634,4509,327.92450544,24.00409728
2634,4510,334.8375828,25.01030304
2634,4511,341.93597856,26.1536688
2634,4512,349.13142264,25.33948704
2634,4513,356.01773856,23.66613504
2634,4514,362.11989552,19.90575648
2634,4515,367.00913136,16.31765088
2634,4516,371.21610288,13.89046752
2634,4517,375.06636696,14.79791808
2634,4518,379.83151872,18.1983888
2634,4519,384.86586984,19.80919584
2634,4520,390.74677248,21.31027488
2634,4521,396.66361104,21.30039936
2634,4522,402.43243872,20.13618528
2634,4523,408.05215824,20.20311936
2634,4524,413.3162676,18.41126112
2634,4525,418.61030832,19.21227552
2634,4526,423.60162168,15.90617088
2634,4527,427.75598472,14.79462624
2634,4528,431.14578744,8.0430624
2634,4529,432.8416032,5.76401184
2634,4530,434.06208336,2.11994496
2634,4531,434.35810512,0.9107424
2634,4532,434.61185112,0.91183968
2634,4533,434.8372812,0.64081152
2634,4534,434.9928816,0.54864
2634,4535,435.14555592,0.54864
2634,4536,435.29816928,0.54864
2634,4537,435.44983776,0.55632096
2634,4538,436.16876952,5.88910176
2634,4539,438.2313816,7.68425184
2634,4540,440.28579456,7.21351872
2634,4541,442.36925496,7.68096
2634,4542,444.50288544,7.67876544
2634,4543,446.83186224,10.24749792
2634,4544,450.1303164,12.34549728
2634,4545,453.77118288,15.389352
2634,4546,458.49171192,17.2382688
2634,4547,462.96504816,14.39960544
2634,4548,466.98276936,15.70317408
2634,4549,471.79455552,18.1435248
2634,4550,476.82704736,18.12377376
2634,4551,481.49877792,15.00969312
2634,4552,485.38720296,13.05324288
2634,4553,488.89231152,12.61872
2634,4554,492.35922864,12.11506848
2634,4555,495.6357372,11.70578304
2634,4556,498.88670352,11.6970048
2634,4557,501.31973904,11.66189184
2635,4418,21.4847043,8.7343488
2635,4419,23.60642472,8.010144
2635,4420,25.45585968,5.980176
2635,4421,27.29993016,7.14658464
2635,4422,29.23647696,8.82322848
2635,4423,32.56154016,12.69882144
2635,4424,35.68775184,10.56351456
2635,4425,38.36865072,8.03977056
2635,4426,40.5039576,7.68096
2635,4427,42.6374052,7.6919328
2635,4428,44.81843208,8.0266032
2635,4429,47.05499352,8.0430624
2635,4430,49.28997,8.02001952
2635,4431,51.55533504,8.45344512
2635,4432,53.8814772,8.06281344
2635,4433,56.0934108,7.95528
2635,4434,58.30318032,7.95528
2635,4435,60.51221832,7.96186368
2635,4436,63.11514936,11.54119104
2635,4437,66.56810664,12.58470432
2635,4438,70.09101552,12.7394208
2635,4439,73.63013976,12.7394208
2635,4440,77.1744456,12.8326896
2635,4441,80.73563736,12.7449072
2635,4442,84.25223688,12.07337184
2635,4443,87.2554008,10.05437664
2635,4444,90.04916712,10.0620576
2635,4445,92.82525504,9.59790816
2635,4446,95.304102,8.58511872
2635,4447,97.69181376,8.5917024
2635,4448,100.04270568,7.94320992
2635,4449,102.39243936,9.99512352
2635,4450,105.39188472,10.97170272
2635,4451,108.43997616,10.9728
2635,4452,111.48794568,10.9728
2635,4453,114.47885664,10.21787136
2635,4454,117.20069016,9.72409536
2635,4455,119.8843932,9.6012
2635,4456,122.5513932,9.6012
2635,4457,125.2023912,9.38832768
2635,4458,127.72668384,8.79689376
2635,4459,130.21662552,9.217152
2635,4460,132.8414412,9.60558912
2635,4461,135.44485992,9.21824928
2635,4462,138.01499448,9.72299808
2635,4463,140.95162056,10.97718912
2635,4464,143.87730432,9.86893632
2635,4465,146.51641512,9.5298768
2635,4466,149.12693568,8.82981216
2635,4467,151.37111712,8.49184992
2635,4468,154.20066696,10.97499456
2635,4469,157.24857552,10.9728
2635,4470,160.296606,10.9728
2635,4471,163.3383576,10.9289088
2635,4472,166.43076696,12.15127872
2635,4473,170.26579104,14.63442336
2635,4474,174.3297504,14.62783968
2635,4475,178.45878456,15.9763968
2635,4476,183.36655224,18.4727088
2635,4477,188.50002432,18.48477888
2635,4478,193.53023016,16.42957344
2635,4479,197.38174392,12.61213632
2635,4480,200.91224232,13.47789024
2635,4481,205.1640804,16.45590816
2635,4482,209.96806368,19.47891456
2635,4483,215.90748792,21.91487616
2635,4484,221.9814204,21.84026112
2635,4485,228.062028,21.9456
2635,4486,234.218988,22.50082368
2635,4487,240.398808,21.88415232
2635,4488,246.46685784,21.0732624
2635,4489,251.59417296,16.5085776
2635,4490,256.10155536,15.2851104
2635,4491,259.98242136,13.33963296
2635,4492,263.53849248,12.28075776
2635,4493,266.94783288,12.29063328
2635,4494,270.3414456,12.18309984
2635,4495,274.0650348,15.25548384
2635,4496,278.5632732,16.4592
2635,4497,283.11540024,16.22547936
2635,4498,287.60415936,16.18488
2635,4499,292.12257552,16.66329408
2635,4500,296.92841808,17.74630944
2635,4501,301.8987612,17.54221536
2635,4502,306.5690592,16.45700544
2635,4503,311.12841,16.3823904
2635,4504,315.692028,16.4592
2635,4505,320.264028,16.72474176
2635,4506,325.69727088,22.67309664
2635,4507,332.15363592,23.31061632
2635,4508,339.03809256,26.74400544
2635,4509,346.6366956,27.57245184
2635,4510,354.34292352,27.3167856
2635,4511,361.16050704,22.03996608
2635,4512,367.05747264,19.61278272
2635,4513,372.02842536,16.87068
2635,4514,376.61469,16.4592
2635,4515,381.269748,18.1654704
2635,4516,386.9198256,21.41122464
2635,4517,392.85982896,21.36074976
2635,4518,398.65999008,20.63544768
2635,4519,404.60864976,21.94779456
2635,4520,410.59818312,21.21261696
2635,4521,416.23576392,18.59011776
2635,4522,421.24237824,18.11170368
2635,4523,426.02789064,16.45151904
2635,4524,430.53597408,15.23134368
2635,4525,434.291994,11.88025056
2635,4526,436.99794744,7.44833664
2635,4527,438.78310008,6.4410336
2635,4528,440.4721188,5.07053088
2635,4529,441.48850488,1.9421856
2635,4530,441.6542856,0
2635,4531,441.6542856,0
2635,4532,441.6542856,0
2635,4533,441.6542856,0
2635,4534,441.6542856,0
2635,4535,442.06488168,3.24465696
2635,4536,443.07697008,3.6594288
2635,4537,444.0964956,4.06103328
2635,4538,445.84842504,8.3448144
2635,4539,448.21318536,8.70362496
2635,4540,450.95056368,10.89708768
2635,4541,454.00328808,11.22078528
2635,4542,457.53793176,14.15600928
2635,4543,461.69345304,15.73718976
2635,4544,465.88183176,15.06784896
2635,4545,470.5857492,17.91967968
2635,4546,475.52991,17.56855008
2635,4547,479.99117616,13.87620288
2635,4548,483.44794344,10.92451968
2635,4549,486.39093984,11.850624
2635,4550,489.92113344,12.70211328
2635,4551,492.9669084,9.79651584
2635,4552,496.08034896,10.96072992
2635,4553,498.7096452,9.75372192
2640,4426,20.9334354,17.2053504
2640,4427,24.1182144,14.9943312
2640,4428,27.36338952,8.80786656
2640,4429,29.6314368,7.72594848
2640,4430,31.73537976,7.49222784
2640,4431,33.77735688,7.36494336
2640,4432,35.72131032,6.80423328
2640,4433,37.70885016,7.34738688
2640,4434,39.6496032,6.30826272
2640,4435,41.45496408,7.59208032
2640,4436,43.62626784,6.6824352
2640,4437,45.12759072,5.05626624
2640,4438,46.7881716,6.84044352
2640,4439,48.70057824,6.8799456
2640,4440,50.61255816,6.8799456
2640,4441,52.52441616,6.8799456
2640,4442,54.4346892,6.9512688
2640,4443,57.4986912,14.53018176
2640,4444,60.83887248,10.01377728
2640,4445,63.61901424,9.8041968
2640,4446,66.72160392,14.072616
2640,4447,71.0714352,15.91056
2640,4448,75.42724056,14.35022784
2640,4449,79.0829508,13.41534528
2640,4450,82.90230816,13.7379456
2640,4451,86.70709608,13.17613824
2640,4452,89.88744024,10.1717856
2640,4453,92.70007368,9.9194112
2640,4454,95.31708648,9.12607776
2640,4455,97.85692392,9.14253696
2640,4456,100.41319008,9.89417376
2640,4457,103.47542424,10.94317344
2640,4458,106.337862,10.2376224
2640,4459,109.18310904,10.232136
2640,4460,111.88071096,9.00757152
2640,4461,114.32356104,8.77824
2640,4462,116.77211088,9.00537696
2640,4463,119.90362608,12.80854944
2640,4464,123.09564408,10.57558464
2640,4465,125.96954232,10.26615168
2640,4466,128.7405096,9.92160576
2640,4467,131.5960284,10.62057312
2640,4468,134.51070888,9.9358704
2640,4469,137.1734112,9.46623456
2640,4470,139.80252456,9.46842912
2640,4471,142.4316684,9.46513728
2640,4472,145.05078432,9.60010272
2640,4473,147.55416768,8.83090944
2640,4474,150.39203856,10.93768704
2640,4475,153.21329784,9.72848448
2640,4476,156.07975896,10.60960032
2640,4477,159.02626056,10.6106976
2640,4478,162.04231752,12.4157232
2640,4479,166.544244,19.2133728
2640,4480,172.32212424,21.91048704
2640,4481,178.4203188,21.95218368
2640,4482,184.42201368,20.0308464
2640,4483,189.32280144,16.29021888
2640,4484,193.37261808,12.57812064
2640,4485,197.10297384,15.11174016
2640,4486,200.91215088,11.9384064
2640,4487,204.28083096,12.3389136
2640,4488,208.43796768,20.49499584
2640,4489,215.437974,26.993088
2640,4490,222.96842376,27.29593728
2640,4491,230.57516496,27.1247616
2640,4492,237.4990932,22.50740736
2640,4493,243.2706336,18.3465216
2640,4494,247.93703016,16.4592
2640,4495,252.5101884,16.26607872
2640,4496,256.38767112,11.69481024
2640,4497,259.8558684,13.6446768
2640,4498,263.70768696,13.87291104
2640,4499,267.60812112,14.59272672
2640,4500,271.8668172,15.9434784
2640,4501,276.39257904,16.42957344
2640,4502,280.96531056,16.4592
2640,4503,285.53737152,16.4592
2640,4504,290.10903624,16.58758176
2640,4505,295.07910504,19.7620128
2640,4506,300.44132952,17.41602816
2640,4507,305.0447544,16.4592
2640,4508,309.61254816,16.3823904
2640,4509,314.16540672,16.4646864
2640,4510,318.96149568,18.3574944
2640,4511,324.15230064,18.69435936
2640,4512,330.05414304,25.13100384
2640,4513,337.46188032,26.87897088
2640,4514,344.83102992,24.28500096
2640,4515,349.93042536,16.99247808
2640,4516,355.6357632,21.424392
2640,4517,361.55982552,21.28394016
2640,4518,367.49864016,21.42329472
2640,4519,373.05983808,17.69583456
2640,4520,377.67557688,16.4537136
2640,4521,382.48919184,19.15631424
2640,4522,388.15143096,20.65300416
2640,4523,393.87929352,20.6069184
2640,4524,399.67765632,20.77809408
2640,4525,405.2462304,19.8497952
2640,4526,410.46465024,17.04295296
2640,4527,415.04774496,16.02138528
2640,4528,418.86899208,11.7189504
2640,4529,421.85334984,9.01634976
2640,4530,423.6709332,4.77536256
2640,4531,424.56914832,1.85001408
2640,4532,424.89080376,0.2962656
2640,4533,424.8991248,0
2640,4534,424.8991248,0
2640,4535,424.8991248,0
2640,4536,424.8991248,0
2640,4537,424.8991248,0
2640,4538,424.8991248,0
2640,4539,425.03131656,1.47364704
2640,4540,426.07254384,6.23035584
2640,4541,428.42270424,10.95524352
2640,4542,431.62261656,10.24640064
2640,4543,434.19436656,9.05146272
2640,4544,436.78903752,9.94464864
2640,4545,439.65772368,10.39014432
2640,4546,442.88970096,14.17356576
2640,4547,447.28458168,16.17829632
2640,4548,452.22417048,21.00962016
2640,4549,458.45787912,21.53302272
2640,4550,464.1849492,20.4313536
2640,4551,469.86751848,20.48512032
2640,4552,475.11376656,15.70427136
2640,4553,478.90325352,13.16845728
2640,4554,482.52878856,12.80854944
2640,4555,486.04279728,12.62201184
2640,4556,489.42004224,11.19006144
2640,4557,492.35194392,10.41538176
2640,4558,495.47163288,12.82500864
2640,4559,498.8243008,18.0667152
2657,4430,20.2759056,10.533888
2657,4431,21.79399248,10.32759936
2657,4432,24.37357584,8.01672768
2657,4433,26.33819472,6.95017152
2657,4434,28.56442344,8.2734912
2657,4435,30.63870936,6.99735456
2657,4436,32.47010016,6.4300608
2657,4437,34.3881456,7.39786176
2657,4438,36.410646,6.58806912
2657,4439,38.03907048,5.64331104
2657,4440,39.8477232,7.27277184
2657,4441,41.88064776,7.3188576
2657,4442,43.91317608,7.30130112
2657,4443,45.85566648,6.64512768
2657,4444,47.6847408,6.58368
2657,4445,49.5135408,6.58368
2657,4446,51.3415788,6.8141088
2657,4447,54.04061328,13.04885376
2657,4448,57.8664324,13.825728
2657,4449,61.70779632,13.8312144
2657,4450,65.5501356,13.8202416
2657,4451,69.28481952,12.9369312
2657,4452,72.8356176,12.7723392
2657,4453,76.38382488,12.81732768
2657,4454,79.95586752,12.80635488
2657,4455,83.34149448,11.40951744
2657,4456,86.44530336,11.15604576
2657,4457,89.54481456,11.1428784
2657,4458,92.40371664,9.1019376
2657,4459,94.8249564,8.73105696
2657,4460,97.26070464,8.92417824
2657,4461,100.44815064,13.30013088
2657,4462,103.59347328,9.79432128
2657,4463,106.25513928,9.9633024
2657,4464,109.3040232,11.42926848
2657,4465,112.41578736,11.02985856
2657,4466,115.21366848,9.08328384
2657,4467,117.67325208,8.58402144
2657,4468,120.01932816,8.4161376
2657,4469,122.3569308,8.53244928
2657,4470,124.91612304,9.82943424
2657,4471,127.61771784,9.46842912
2657,4472,130.28672952,9.60229728
2657,4473,132.95339424,10.11582432
2657,4474,135.9206832,10.92781152
2657,4475,138.9214392,10.75553856
2657,4476,141.91774512,10.7862624
2657,4477,144.91267944,10.72152288
2657,4478,147.75448224,9.69776064
2657,4479,150.4201716,9.73726272
2657,4480,153.84188688,15.5155392
2657,4481,158.71502928,20.03304096
2657,4482,164.70745824,21.90061152
2657,4483,170.76825384,20.99206368
2657,4484,175.95131688,17.14170816
2657,4485,180.63200856,16.46249184
2657,4486,185.11034352,14.75951328
2657,4487,188.80314792,12.88426176
2657,4488,192.38555376,13.10920416
2657,4489,196.48736928,16.63147296
2657,4490,201.64553016,20.78467776
2657,4491,207.79124304,24.1511328
2657,4492,215.26685928,28.1671776
2657,4493,222.91846704,26.00334144
2657,4494,229.43600544,21.9456
2657,4495,235.10010384,17.82860544
2657,4496,239.71596456,16.4098224
2657,4497,244.2795216,16.4592
2657,4498,248.85127776,16.4592
2657,4499,253.37374776,15.63294816
2657,4500,257.66408208,16.01150976
2657,4501,262.1985612,16.34288832
2657,4502,266.72474976,16.3330128
2657,4503,271.24209912,16.17610176
2657,4504,275.783802,16.46029728
2657,4505,280.35586296,16.4592
2657,4506,284.92789344,16.4592
2657,4507,289.4999544,16.4592
2657,4508,294.0719544,16.4592
2657,4509,298.6439544,16.4592
2657,4510,303.2161068,16.4592
2657,4511,307.78828968,16.45481088
2657,4512,312.39156216,17.75179584
2657,4513,318.05121048,21.94998912
2657,4514,324.61075032,26.34788736
2657,4515,332.283054,27.76008672
2657,4516,339.51059352,23.2787952
2657,4517,345.60293592,20.94597792
2657,4518,350.92483536,18.06781248
2657,4519,355.87768296,17.18669664
2657,4520,360.47647488,16.32972096
2657,4521,365.03049168,16.4592
2657,4522,369.6026136,16.4592
2657,4523,374.18762856,16.90579296
2657,4524,379.4537496,21.38927904
2657,4525,385.72580208,23.06153376
2657,4526,392.12681544,22.61932992
2657,4527,397.8747948,19.1420496
2657,4528,402.93343848,17.14170816
2657,4529,407.57606064,16.04662272
2657,4530,411.63614904,12.76246368
2657,4531,414.63769752,8.531352
2657,4532,416.42754408,5.48310816
2657,4533,417.84836928,4.25305728
2657,4534,418.49018664,0.4279392
2657,4535,418.4986296,0
2657,4536,418.4986296,0
2657,4537,418.4986296,0
2657,4538,418.4986296,0
2657,4539,418.4986296,0
2657,4540,418.61469744,0.50255424
2657,4541,419.09277624,4.59650592
2657,4542,420.91374288,6.9512688
2657,4543,422.84419368,6.95346336
2657,4544,424.89494904,8.4929472
2657,4545,427.57974936,10.15093728
2657,4546,430.43130576,10.88172576
2657,4547,433.66416696,12.10958208
2657,4548,437.40074064,15.35204448
2657,4549,442.20972264,18.0557424
2657,4550,447.39537648,20.00670624
2657,4551,453.03442032,20.21409216
2657,4552,458.32102392,17.7265584
2657,4553,463.1836812,17.501616
2657,4554,468.03545712,16.87287456
2657,4555,472.2191724,14.01665472
2657,4556,476.17800624,14.23062432
2657,4557,479.96880384,13.00386528
2657,4558,483.54941136,12.8985264
2657,4559,487.16424792,13.14321984
2657,4560,490.81934856,13.32975744
2657,4561,495.0985272,17.69364
2657,4562,500.1213264,18.08207712
2657,4563,502.8843384,18.0941472
2683,4436,21.4606970666667,9.5914464
2683,4437,24.13156464,9.4256352
2683,4438,26.33664024,6.67365696
2683,4439,27.98390136,5.7113424
2683,4440,29.64676824,5.89788
2683,4441,31.14044064,4.93666272
2683,4442,32.51234544,4.5756576
2683,4443,33.69268344,5.27023584
2683,4444,35.70448536,8.14291488
2683,4445,37.81263456,7.93004256
2683,4446,40.21366608,8.77824
2683,4447,42.652188,8.77824
2683,4448,45.0924168,8.79031008
2683,4449,47.532036,8.77055904
2683,4450,50.20214496,10.55144448
2683,4451,53.19924336,10.9398816
2683,4452,56.23870896,10.9398816
2683,4453,59.2778088,10.9398816
2683,4454,62.31700008,10.94427072
2683,4455,65.35664856,10.9398816
2683,4456,69.58468176,22.0333824
2683,4457,75.05706096,14.6870928
2683,4458,79.11660072,14.74305408
2683,4459,83.20921128,13.43948544
2683,4460,86.46740136,11.24712
2683,4461,89.59132704,11.24712
2683,4462,92.70976632,11.15494848
2683,4463,95.6026536,8.91869184
2683,4464,97.7959944,7.68096
2683,4465,99.9295944,7.68096
2683,4466,102.06816264,7.9223616
2683,4467,104.48501328,9.30054528
2683,4468,107.07605712,9.32688
2683,4469,109.66676568,9.32688
2683,4470,112.26146712,9.20837376
2683,4471,114.72422064,9.07340832
2683,4472,117.3946344,9.72409536
2683,4473,120.075198,9.6012
2683,4474,122.74228944,9.62095104
2683,4475,125.36993976,9.06463008
2683,4476,127.88697816,9.5792544
2683,4477,130.70835936,10.40879808
2683,4478,133.11079296,7.02588384
2683,4479,135.96216648,12.13920864
2683,4480,138.76967928,9.32578272
2683,4481,141.55299096,12.00204864
2683,4482,145.4133744,14.50165248
2683,4483,149.55898968,15.78876192
2683,4484,154.09904664,16.45481088
2683,4485,158.97700488,19.24848576
2683,4486,164.0237004,16.46029728
2683,4487,168.5882328,16.4592
2683,4488,173.1602328,16.4592
2683,4489,177.73293384,16.4701728
2683,4490,182.1653964,14.70684384
2683,4491,185.97323232,13.44606912
2683,4492,190.25414832,18.9445392
2683,4493,196.16175144,22.25722752
2683,4494,202.4051832,22.3515936
2683,4495,208.43714472,21.13471008
2683,4496,214.2891828,21.03705216
2683,4497,220.1376852,20.92622688
2683,4498,225.74286576,19.57218336
2683,4499,231.1773888,19.5645024
2683,4500,236.6160876,19.4712336
2683,4501,241.3732536,14.31292032
2683,4502,245.10967488,13.16736
2683,4503,248.76581184,13.1838192
2683,4504,252.49241856,13.67101152
2683,4505,256.28516688,13.69515168
2683,4506,260.578854,17.53233984
2683,4507,265.58866872,18.13584384
2683,4508,270.60460992,17.97234912
2683,4509,275.60491488,17.56306368
2683,4510,280.24101432,16.36483392
2683,4511,284.78719776,16.32862368
2683,4512,289.3487736,16.4592
2683,4513,293.9207736,16.4592
2683,4514,298.49545584,16.7664384
2683,4515,303.76325328,21.3640416
2683,4516,309.83916696,21.85342848
2683,4517,316.07875824,24.08749056
2683,4518,323.1507888,25.85301408
2683,4519,330.18097032,23.85376992
2683,4520,336.4537848,22.22101728
2683,4521,342.52213944,20.92732416
2683,4522,348.13420848,20.03304096
2683,4523,353.44513512,17.3589696
2683,4524,357.98631984,16.1135568
2683,4525,362.45099976,16.22986848
2683,4526,367.22645376,18.38273184
2683,4527,372.40122624,18.38602368
2683,4528,377.47873704,19.5809616
2683,4529,382.89134496,18.34322976
2683,4530,388.8961488,24.43862016
2683,4531,394.72614984,16.39446048
2683,4532,399.05092656,16.08502752
2683,4533,402.88366464,10.03572288
2683,4534,404.64601824,4.2025824
2683,4535,405.8474484,4.38912
2683,4536,407.06701416,4.39350912
2683,4537,407.94916632,1.10935008
2683,4538,407.993088,0
2683,4539,407.993088,0
2683,4540,407.993088,0
2683,4541,407.993088,0
2683,4542,407.993088,0
2683,4543,408.23199024,2.8419552
2683,4544,409.58066928,6.03504
2683,4545,411.59695176,8.64217728
2683,4546,414.36852864,10.86636384
2683,4547,417.28744584,9.78334848
2683,4548,419.91872328,9.58035168
2683,4549,423.37674024,15.50127456
2683,4550,427.79618784,16.09929216
2683,4551,432.54850752,18.02172672
2683,4552,437.57569584,18.16217856
2683,4553,442.76485488,19.16838432
2683,4554,448.10205528,19.12120128
2683,4555,452.90314296,15.8118048
2683,4556,457.40781264,16.26059232
2683,4557,461.89480392,16.1409888
2683,4558,466.3772232,16.14318336
2683,4559,470.87216976,16.19365824
2683,4560,475.08456672,13.49764128
2683,4561,478.61972856,12.61872
2683,4562,482.12444088,12.62530368
2683,4563,486.17407464,17.75618496
2683,4564,491.51618232,19.47562272
2683,4565,497.37958944,23.78134944
2683,4566,504.33149832,25.23305088
2683,4567,508.8885936,25.23744
2686,4435,0.196663733333333,6.5751456
2686,4436,3.04415952,14.0781024
2686,4437,6.95657232,14.06383776
2686,4438,10.6103928,11.92084992
2686,4439,13.8263376,11.576304
2686,4440,17.0342052,11.52144
2686,4441,20.24012208,11.56313664
2686,4442,23.39300376,11.05948512
2686,4443,26.44456992,10.85319648
2686,4444,28.69353672,5.12210304
2686,4445,30.05782152,4.93446816
2686,4446,31.49352096,5.80900032
2686,4447,33.2817216,6.37629408
2686,4448,35.15459568,7.67657088
2686,4449,37.47964056,8.8824816
2686,4450,39.86064672,8.55000576
2686,4451,42.56788032,11.15824032
2686,4452,45.5384916,9.5573088
2686,4453,48.32750304,10.84332096
2686,4454,51.47377056,12.43108512
2686,4455,55.22058552,13.81694976
2686,4456,59.06710056,13.85425728
2686,4457,62.91562728,13.85645184
2686,4458,66.76579992,13.68637344
2686,4459,70.31775624,12.96875232
2686,4460,74.26616592,14.55322464
2686,4461,78.32244432,14.648688
2686,4462,82.38076488,14.43910752
2686,4463,85.56531528,7.54270272
2686,4464,87.32111568,6.17110272
2686,4465,89.0355852,6.17439456
2686,4466,90.75026808,6.1667136
2686,4467,92.48070912,6.4081152
2686,4468,94.28061408,6.4904112
2686,4469,96.23258376,7.81921728
2686,4470,98.50422768,8.2241136
2686,4471,101.2242324,12.02728608
2686,4472,104.50473384,11.07265248
2686,4473,107.85482112,12.4870464
2686,4474,111.16443096,11.52582912
2686,4475,114.25766328,10.9782864
2686,4476,117.07944072,8.49184992
2686,4477,119.13284784,7.13232
2686,4478,121.11407832,7.12573632
2686,4479,123.46972512,11.10118176
2686,4480,126.73452936,10.63154592
2686,4481,129.57874008,10.48121856
2686,4482,132.5768748,10.98267552
2686,4483,135.59707704,10.84551552
2686,4484,138.63913344,10.9728
2686,4485,141.68728584,10.9728
2686,4486,144.73281696,10.93658976
2686,4487,147.973542,13.53824064
2686,4488,152.33833896,17.55428544
2686,4489,157.64752824,19.20459456
2686,4490,162.50287032,16.40653056
2686,4491,167.0645376,16.4592
2686,4492,171.6365376,16.4592
2686,4493,176.20856808,16.45590816
2686,4494,181.02760848,19.0707264
2686,4495,186.80347704,21.83258016
2686,4496,192.90356136,21.9456
2686,4497,198.99940896,21.93243264
2686,4498,205.08797184,21.93791904
2686,4499,211.25252136,22.52276928
2686,4500,217.5257016,22.4064576
2686,4501,223.56065016,21.31795584
2686,4502,229.40250792,19.47342816
2686,4503,234.23538624,16.45810272
2686,4504,238.80403344,16.40762784
2686,4505,243.36387192,16.45590816
2686,4506,247.9359024,16.4592
2686,4507,252.50720136,16.47127008
2686,4508,257.27000616,18.12487104
2686,4509,262.40893416,18.51330816
2686,4510,267.3243828,16.69621248
2686,4511,271.86489696,16.25181408
2686,4512,276.3938592,16.3933632
2686,4513,280.965402,16.4592
2686,4514,285.5375544,16.4592
2686,4515,290.1095544,16.4592
2686,4516,294.73129776,17.82860544
2686,4517,300.39606672,21.94669728
2686,4518,306.49282872,21.94121088
2686,4519,312.57047976,21.8687904
2686,4520,318.66114576,21.9620592
2686,4521,325.03722648,24.29707104
2686,4522,331.8756888,24.04030752
2686,4523,338.18937696,21.93682176
2686,4524,344.25126984,21.16762848
2686,4525,349.66165272,18.34213248
2686,4526,354.76391328,18.32786784
2686,4527,359.84114976,18.79750368
2686,4528,365.0950788,18.10073088
2686,4529,370.07572416,18.37834272
2686,4530,375.36458328,19.77627744
2686,4531,380.94888504,20.1460608
2686,4532,386.55098712,20.1954384
2686,4533,391.9452156,18.12926016
2686,4534,396.42239232,12.98521152
2686,4535,398.8835304,5.4864
2686,4536,399.95990112,3.12066432
2686,4537,400.60866792,0.932688
2686,4538,400.6599048,0
2686,4539,400.6599048,0
2686,4540,400.6599048,0
2686,4541,400.6599048,0
2686,4542,400.6599048,0
2686,4543,400.6599048,0
2686,4544,400.77536304,0.50255424
2686,4545,400.86619344,0.4992624
2686,4546,401.50612104,4.57236576
2686,4547,403.33123296,9.06243552
2686,4548,406.2083316,10.42196544
2686,4549,409.18019256,10.97499456
2686,4550,412.23267312,11.38537728
2686,4551,415.79694336,14.70245472
2686,4552,420.3574524,17.97015456
2686,4553,425.65234656,19.7949312
2686,4554,431.43787728,21.58020576
2686,4555,437.2320948,21.0019392
2686,4556,443.35543536,21.20383872
2686,4557,448.7674032,18.46283328
2686,4558,453.72576768,17.55538272
2686,4559,458.62896336,18.10731456
2686,4560,463.8513456,19.13327136
2686,4561,468.89511504,13.47898752
2686,4562,471.12603768,10.204704
2686,4563,475.65688968,18.0941472
2686,4564,480.6820968,18.0941472
2686,4565,485.70727344,18.0941472
2686,4566,490.73562,18.50123808
2686,4567,496.62639816,23.49166752
2686,4568,500.1566832,23.2294176
2694,4447,21.04058784,7.94540448
2694,4448,23.04163032,6.35764032
2694,4449,24.9384312,7.50429792
2694,4450,26.8725396,6.30167904
2694,4451,28.79607144,7.99807392
2694,4452,31.23160632,9.99841536
2694,4453,34.75750224,13.91680224
2694,4454,37.89511344,9.436608
2694,4455,40.24737696,9.73836
2694,4456,44.59382496,17.5893984
2694,4457,48.5258364,13.00057344
2694,4458,52.15347456,13.36925952
2694,4459,56.1994812,14.95702368
2694,4460,60.1946472,13.60517472
2694,4461,63.90860472,13.3538976
2694,4462,67.6174416,13.11030144
2694,4463,70.67693256,9.63082656
2694,4464,73.55576856,10.6326432
2694,4465,76.50970728,10.64581056
2694,4466,79.07783016,7.26289632
2694,4467,80.91991944,6.58368
2694,4468,82.7475612,6.59355552
2694,4469,84.76012512,8.12755296
2694,4470,87.09120504,8.41504032
2694,4471,89.42828952,8.39528928
2694,4472,91.87354752,9.58693536
2694,4473,94.71471024,10.40550624
2694,4474,97.5675468,10.2376224
2694,4475,100.41236712,10.23871968
2694,4476,103.30437048,10.7478576
2694,4477,106.11767448,9.33017184
2694,4478,108.69734928,9.31261536
2694,4479,111.48462336,10.43293824
2694,4480,114.30179832,10.20580128
2694,4481,117.26613072,11.27016288
2694,4482,120.38627688,10.9728
2694,4483,123.43305768,11.01339936
2694,4484,126.60151464,11.25480096
2694,4485,129.56791968,10.77748416
2694,4486,132.67678824,11.39635008
2694,4487,136.0328496,13.40656704
2694,4488,140.26460136,16.46139456
2694,4489,144.8334924,16.4262816
2694,4490,149.4001584,16.4592
2694,4491,153.9721584,16.4592
2694,4492,158.5441584,16.4592
2694,4493,163.1105196,16.40872512
2694,4494,167.6741376,16.4592
2694,4495,172.2461376,16.4592
2694,4496,176.81841192,16.46249184
2694,4497,181.57649232,18.9335664
2694,4498,187.41365616,21.96425376
2694,4499,193.51316136,21.9456
2694,4500,199.60836888,21.9236544
2694,4501,205.69751088,22.0772736
2694,4502,212.05426728,23.60688192
2694,4503,218.57073888,22.82561856
2694,4504,224.60724192,19.9485504
2694,4505,229.50909648,16.45700544
2694,4506,234.08048688,16.4592
2694,4507,238.65087144,16.41750336
2694,4508,243.20897256,16.44603264
2694,4509,247.78082016,16.4592
2694,4510,252.354588,16.788384
2694,4511,257.51738184,20.25249696
2694,4512,263.19443424,20.20421664
2694,4513,268.49673504,18.31140864
2694,4514,273.38027112,16.60294368
2694,4515,277.93669584,16.32533184
2694,4516,282.48745128,16.46358912
2694,4517,287.05954272,16.4592
2694,4518,291.63154272,16.4592
2694,4519,296.207688,16.86738816
2694,4520,301.48853088,21.2652864
2694,4521,307.55697696,21.90280608
2694,4522,313.63033032,21.90280608
2694,4523,319.6343112,20.66836608
2694,4524,325.1973684,20.02097088
2694,4525,330.75618888,19.70495424
2694,4526,335.947512,17.9350416
2694,4527,340.92081168,17.83957824
2694,4528,345.87768264,17.80227072
2694,4529,350.72674584,17.19876672
2694,4530,355.50177312,17.19218304
2694,4531,360.25689696,17.0462448
2694,4532,365.01162456,17.19218304
2694,4533,369.78665184,17.19108576
2694,4534,374.55445536,16.8267888
2694,4535,378.9147108,14.86156032
2694,4536,383.03886816,14.8461984
2694,4537,387.11788464,13.26940704
2694,4538,389.5150452,5.08369824
2694,4539,390.88411536,4.93776
2694,4540,392.2384332,4.16637216
2694,4541,392.7488208,0.05047488
2694,4542,392.7488208,0
2694,4543,392.7488208,0
2694,4544,392.7488208,0
2694,4545,392.75808672,0.39063168
2694,4546,393.3285504,3.26879712
2694,4547,394.2441696,3.29184
2694,4548,395.19670008,4.58882496
2694,4549,397.50738888,11.1428784
2694,4550,400.63771536,11.4610896
2694,4551,404.00490192,12.60994176
2694,4552,407.52272064,13.21783488
2694,4553,411.7081428,16.43615712
2694,4554,416.3005644,17.13512448
2694,4555,421.60353576,20.54547072
2694,4556,427.31948064,20.574
2694,4557,433.03405392,20.574
2694,4558,438.72250584,19.62704736
2694,4559,443.70263304,17.25143616
2694,4560,448.57336752,17.55648
2694,4561,453.45120384,17.45333568
2694,4562,457.90908672,14.49836064
2694,4563,461.86246464,14.22952704
2694,4564,465.81453192,14.23062432
2694,4565,469.7755908,14.28219648
2694,4566,473.73399792,14.47970688
2694,4567,478.50606864,20.1460608
2694,4568,484.25188392,20.7166464
2694,4569,490.00571544,20.7166464
2694,4570,495.75881544,20.94488064
2694,4571,502.28629032,26.32155264
2694,4572,506.3852712,26.88336
2702,4451,20.1651108,14.1110208
2702,4452,22.67227368,11.57191488
2702,4453,25.1656596,7.77752064
2702,4454,27.40725024,8.89235712
2702,4455,30.073092,9.6231456
2702,4456,32.9065128,10.3308912
2702,4457,35.10658968,5.76510912
2702,4458,37.40447688,11.12203008
2702,4459,40.56823992,11.3897664
2702,4460,43.73233824,11.39744736
2702,4461,46.89829584,11.3897664
2702,4462,50.061876,11.3897664
2702,4463,53.22545616,11.3897664
2702,4464,56.3892192,11.3897664
2702,4465,59.55279936,11.3897664
2702,4466,62.71689768,11.39196096
2702,4467,66.01300488,15.2192736
2702,4468,71.64954936,16.75107648
2702,4469,74.18728368,7.2530208
2702,4470,76.20249936,7.24533984
2702,4471,78.37365072,8.82103392
2702,4472,80.95536768,9.3378528
2702,4473,83.5706736,9.7822512
2702,4474,86.4429564,10.60960032
2702,4475,89.38906176,10.6106976
2702,4476,92.36637864,11.23943904
2702,4477,95.73100488,12.60006624
2702,4478,99.23641824,12.61872
2702,4479,102.67422696,11.25041184
2702,4480,105.33183912,8.7727536
2702,4481,107.7702696,8.77824
2702,4482,110.14377768,7.88176224
2702,4483,112.37223144,8.68716576
2702,4484,114.81492912,9.21934656
2702,4485,118.06690128,13.92777504
2702,4486,121.95739896,13.54811616
2702,4487,125.46799392,11.91426624
2702,4488,128.30193288,8.27678304
2702,4489,131.31143664,14.41716192
2702,4490,135.41142336,14.46873408
2702,4491,139.42533456,14.65088256
2702,4492,143.9991024,18.85346496
2702,4493,149.3308164,19.79163936
2702,4494,155.26752792,21.93901632
2702,4495,161.30128776,21.35197152
2702,4496,167.24354664,20.57070816
2702,4497,172.24680816,16.45810272
2702,4498,176.83359096,16.77411936
2702,4499,181.58008896,17.19547488
2702,4500,186.356244,17.20973952
2702,4501,191.2714488,19.3505328
2702,4502,197.06655024,21.05570592
2702,4503,202.93849176,21.369528
2702,4504,208.88928504,21.56045472
2702,4505,214.90969464,21.70529568
2702,4506,220.72817424,18.37175904
2702,4507,225.10738824,15.65708832
2702,4508,229.557072,15.87105792
2702,4509,233.80692888,14.84290656
2702,4510,238.19687184,16.43835168
2702,4511,242.75442432,16.42957344
2702,4512,247.464072,18.41674752
2702,4513,253.191264,21.87647136
2702,4514,259.29646896,22.1211648
2702,4515,265.41124464,21.26857824
2702,4516,270.96436536,18.32567328
2702,4517,275.6371932,16.3384992
2702,4518,279.92841144,14.14064736
2702,4519,283.75246272,14.20758144
2702,4520,288.21881904,16.97821344
2702,4521,292.75439544,16.19475552
2702,4522,297.3595272,17.21742048
2702,4523,302.22410472,17.55209088
2702,4524,307.44575544,20.84173632
2702,4525,313.48250232,21.8797632
2702,4526,319.41933576,19.49976288
2702,4527,324.56862696,19.35711648
2702,4528,330.08547648,19.90246464
2702,4529,335.3446176,17.31617568
2702,4530,339.94578696,16.44054624
2702,4531,344.45213304,15.84911232
2702,4532,348.91437456,16.46029728
2702,4533,353.48713656,16.4592
2702,4534,358.07257824,16.80155136
2702,4535,362.86888056,17.44016832
2702,4536,367.88165184,19.68410592
2702,4537,373.48860024,16.79606496
2702,4538,375.97671312,3.92606784
2702,4539,377.04366552,3.8514528
2702,4540,378.11269056,3.8514528
2702,4541,379.18180704,3.8514528
2702,4542,380.25086256,3.8514528
2702,4543,381.31997904,3.8514528
2702,4544,382.38903456,3.8514528
2702,4545,383.45815104,3.8514528
2702,4546,384.52720656,3.8514528
2702,4547,385.5962316,3.8514528
2702,4548,386.66525664,3.8624256
2702,4549,387.74647368,3.88656576
2702,4550,388.88755344,5.63782464
2702,4551,391.3488744,10.36051776
2702,4552,394.00404816,9.90075744
2702,4553,397.52723136,15.06126528
2702,4554,401.7951324,15.62855904
2702,4555,406.56253968,18.55061568
2702,4556,411.74682192,18.95880384
2702,4557,417.50540832,22.3131888
2702,4558,423.685716,22.00704768
2702,4559,429.50446992,19.32748992
2702,4560,435.1120584,21.8194128
2702,4561,441.19376328,21.40903008
2702,4562,446.68662504,17.85055104
2702,4563,450.9464184,13.48666848
2702,4564,454.67067816,13.05543744
2702,4565,457.97620368,11.09459808
2702,4566,461.01021336,10.87733664
2702,4567,464.35173576,13.16406816
2702,4568,468.73186416,19.90356192
2702,4569,474.806772,22.1760288
2702,4570,481.01777304,23.4433872
2702,4571,488.0093364,25.9671312
2702,4572,495.21246144,26.06808096
2702,4573,499.5508932,25.7970528
2724,4455,19.6955664,11.5982496
2724,4456,21.49489224,11.5543584
2724,4457,24.69251856,11.25480096
2724,4458,27.87271032,12.262104
2724,4459,31.510224,13.62602304
2724,4460,35.34921048,13.95849888
2724,4461,39.23556288,13.88168928
2724,4462,43.01127288,13.66552512
2724,4463,46.91118888,14.4731232
2724,4464,50.97402048,12.95448768
2724,4465,53.73724584,8.45783424
2724,4466,56.088534,8.46332064
2724,4467,58.43979168,8.46332064
2724,4468,60.7911408,8.46112608
2724,4469,63.14288616,8.46880704
2724,4470,65.49457056,8.46441792
2724,4471,67.74771312,7.51746528
2724,4472,70.17827976,10.2815136
2724,4473,73.04812416,10.3254048
2724,4474,75.91677984,10.3254048
2724,4475,78.80384544,10.42196544
2724,4476,81.66747192,10.094976
2724,4477,84.63165192,11.69919936
2724,4478,88.08439584,13.10042592
2724,4479,91.80618672,13.3977888
2724,4480,95.34360408,11.7463824
2724,4481,98.4863664,11.24821728
2724,4482,101.24398344,8.0266032
2724,4483,103.58432928,9.55621152
2724,4484,106.04549784,7.9772256
2724,4485,108.65751192,10.70725824
2724,4486,111.2152716,8.47319616
2724,4487,113.9866656,11.19554784
2724,4488,117.476016,13.9299696
2724,4489,121.23474864,12.3444
2724,4490,124.27650024,8.80128288
2724,4491,126.7885704,12.9917952
2724,4492,131.27617128,14.28768288
2724,4493,134.19255864,11.164824
2724,4494,138.69661872,20.02536
2724,4495,144.60312456,21.87537408
2724,4496,150.69531456,21.9456
2724,4497,156.79131456,21.94669728
2724,4498,162.86674056,21.8029536
2724,4499,168.92156208,21.64275072
2724,4500,175.0172268,23.2129584
2724,4501,181.522878,21.86220672
2724,4502,187.20395376,20.63105856
2724,4503,193.208148,21.9456
2724,4504,199.30402608,21.93133536
2724,4505,205.39264992,22.04216064
2724,4506,211.69728552,23.27660064
2724,4507,218.01417408,20.67165792
2724,4508,222.60757104,13.48227936
2724,4509,226.2632508,13.44387456
2724,4510,230.13046176,13.99470912
2724,4511,233.8785264,13.30452
2724,4512,237.65963136,14.1219936
2724,4513,241.8133848,16.130016
2724,4514,246.7730904,19.75104
2724,4515,252.82099296,22.74880896
2724,4516,259.00261128,22.05203616
2724,4517,264.96846168,19.44050976
2724,4518,269.73906936,16.19695008
2724,4519,274.25114568,16.3384992
2724,4520,278.65614576,15.3509472
2724,4521,282.8400744,14.91971616
2724,4522,287.11821672,15.71085504
2724,4523,291.51206112,16.2342576
2724,4524,296.05921992,16.33191552
2724,4525,300.64551504,17.01222912
2724,4526,305.89688376,20.98109088
2724,4527,311.81765424,21.45511584
2724,4528,317.89240968,21.9456
2724,4529,323.85786384,20.68263072
2724,4530,329.49023256,19.67313312
2724,4531,334.4460672,16.48772928
2724,4532,339.0185244,16.46907552
2724,4533,343.57519296,16.37470944
2724,4534,347.93557032,14.48848512
2724,4535,351.80144016,13.83011712
2724,4536,355.86899616,16.83446976
2724,4537,361.00764984,18.70094304
2724,4538,366.18278808,18.6592464
2724,4539,371.15672784,16.33081824
2724,4540,374.9797428,8.87809248
2724,4541,375.95391408,1.27942848
2724,4542,376.30964616,1.2838176
2724,4543,376.66525632,1.2838176
2724,4544,377.020836,1.28162304
2724,4545,377.3763852,1.28162304
2724,4546,377.73199536,1.2838176
2724,4547,378.08757504,1.2838176
2724,4548,378.44324616,1.2838176
2724,4549,378.87075864,3.2589216
2724,4550,381.16346424,12.82391136
2724,4551,384.62776008,11.05838784
2724,4552,387.70221672,11.09020896
2724,4553,390.7750884,11.04741504
2724,4554,393.84317472,11.04741504
2724,4555,396.91113912,11.04851232
2724,4556,399.979134,11.04631776
2724,4557,403.0452696,11.00681568
2724,4558,406.66754328,16.17171264
2724,4559,411.49990344,17.57074464
2724,4560,416.60222496,19.46355264
2724,4561,422.47081368,22.98911328
2724,4562,429.01322376,23.4982512
2724,4563,434.82929544,17.53782624
2724,4564,439.50639048,17.81872992
2724,4565,444.71152104,18.92917728
2724,4566,449.89345632,18.2038752
2724,4567,454.40318568,12.68894592
2724,4568,457.67314104,14.00897376
2724,4569,462.066894,16.22657664
2724,4570,466.57461168,16.22767392
2724,4571,471.2287248,18.8951616
2724,4572,477.12453216,21.94121088
2724,4573,483.4772652,24.80291712
2724,4574,490.79883552,27.25533792
2724,4575,498.49128648,27.77983776
2724,4576,506.20976736,27.80397792
2724,4577,512.00175984,27.8050752
2725,4560,408.8020272,14.9449536
2725,4561,411.1471584,15.77778912
2725,4562,415.79880264,17.99978112
2725,4563,421.10217024,19.79273664
2725,4564,426.683424,19.99024704
2725,4565,432.0934716,18.54293472
2725,4566,437.03068296,17.54440992
2725,4567,441.9090984,17.44894656
2725,4568,446.70564456,16.97053248
2725,4569,450.98790168,13.75111296
2725,4570,454.53546888,12.3828048
2725,4571,458.34501168,16.82788608
2725,4572,463.8246756,20.62118304
2725,4573,468.86948136,14.06383776
2725,4574,474.5452536,28.95612192
2725,4575,482.74019784,29.5278048
2725,4576,490.8304128,26.98540704
2725,4577,497.0695926,25.9424424
2731,4461,21.2907154285714,11.2220393142857
2731,4462,23.9667288,11.57301216
2731,4463,27.23412384,11.73211776
2731,4464,30.43190256,11.38318272
2731,4465,33.96224856,14.53786272
2731,4466,38.09372112,13.30013088
2731,4467,41.2609284,10.479024
2731,4468,45.5733912,21.04692768
2731,4469,49.8885972,8.8550496
2731,4470,52.1157708,7.95528
2731,4471,54.3255708,7.95528
2731,4472,56.53677288,8.23179456
2731,4473,59.26762848,11.2800384
2731,4474,62.43166584,11.38757184
2731,4475,65.594484,11.38428
2731,4476,68.72947392,10.34296128
2731,4477,71.14766568,8.49075264
2731,4478,73.68604008,9.2061792
2731,4479,76.24276344,9.2116656
2731,4480,78.87190728,11.0386368
2731,4481,82.902552,12.8326896
2731,4482,84.98939568,6.0679584
2731,4483,87.41051352,11.9493792
2731,4484,90.4419324,8.19338976
2731,4485,92.2966404,6.26217696
2731,4486,93.94478544,5.69159136
2731,4487,95.59360104,6.03065088
2731,4488,98.00274024,12.40365312
2731,4489,100.89849264,7.61292864
2731,4490,103.39480464,10.11911616
2731,4491,106.22749392,10.62605952
2731,4492,109.43069808,12.07337184
2731,4493,112.7503968,11.37659904
2731,4494,115.8287244,12.18748896
2731,4495,119.72754312,14.8736304
2731,4496,123.84231264,14.81328
2731,4497,127.90014552,14.4018
2731,4498,132.00254016,15.59893248
2731,4499,137.07002304,20.88891936
2731,4500,143.02258416,21.36843072
2731,4501,149.01903648,21.94450272
2731,4502,155.08687296,21.30149664
2731,4503,160.7928204,20.6343504
2731,4504,166.681404,21.37281984
2731,4505,172.6246992,21.39696
2731,4506,178.63721448,23.05824192
2731,4507,185.81281608,27.45175104
2731,4508,193.43619936,27.12037248
2731,4509,200.1647508,21.10727808
2731,4510,205.8820368,20.5026768
2731,4511,211.31659032,18.51989184
2731,4512,216.40095912,18.29275488
2731,4513,221.49041808,18.03050496
2731,4514,225.75322896,12.4486416
2731,4515,229.0628388,11.8835424
2731,4516,232.36495056,12.17761344
2731,4517,236.68524672,19.97159328
2731,4518,242.669568,21.46060224
2731,4519,248.28925704,19.5096384
2731,4520,253.86252504,20.38307328
2731,4521,259.55743872,20.69579808
2731,4522,265.20111552,19.43392608
2731,4523,270.7459152,21.34867968
2731,4524,276.67165392,20.5246224
2731,4525,282.24242256,19.531584
2731,4526,287.35449768,17.27338176
2731,4527,292.04469912,17.52795072
2731,4528,297.1498248,18.65266272
2731,4529,302.42265144,19.85967072
2731,4530,308.17803744,20.54766528
2731,4531,313.25457288,16.46688096
2731,4532,317.85421824,16.95955968
2731,4533,322.6938936,17.6003712
2731,4534,327.58236744,17.59817664
2731,4535,332.42374968,16.8377616
2731,4536,336.91314888,15.90946272
2731,4537,341.30690184,15.4935936
2731,4538,345.52963152,15.14904768
2731,4539,349.816674,16.75656288
2731,4540,355.00656456,19.18484352
2731,4541,360.121962,18.15888672
2731,4542,365.1002604,15.78108096
2731,4543,368.40663936,8.69923584
2731,4544,370.06020984,3.69673632
2731,4545,370.74046248,1.31344416
2731,4546,370.9291032,0.54754272
2731,4547,371.12390088,1.02485952
2731,4548,371.46756288,1.2838176
2731,4549,371.82180144,1.34745984
2731,4550,372.34669752,1.4977872
2731,4551,372.4439592,0
2731,4552,372.4439592,0
2731,4553,373.21552992,5.68281312
2731,4554,374.93603448,6.2215776
2731,4555,376.66077576,6.28083072
2731,4556,378.95838864,10.86746112
2731,4557,382.18518432,11.686032
2731,4558,385.43090808,11.6970048
2731,4559,388.69031736,11.97571392
2731,4560,392.41256544,14.71671936
2731,4561,396.55238952,15.74157888
2731,4562,401.18391696,15.77998368
2731,4563,404.87108256,12.31367616
2731,4564,408.76913928,15.72621696
2731,4565,413.490918,18.43210944
2731,4566,418.96668048,20.54217888
2731,4567,424.4192172,18.32238144
2731,4568,429.29385312,17.00345088
2731,4569,434.23749576,18.52867008
2731,4570,439.35219216,18.35859168
2731,4571,444.28763568,16.7225472
2731,4572,448.78230792,16.0970976
2731,4573,453.25250472,16.08941664
2731,4574,457.9016496,18.09195264
2731,4575,463.1736228,19.16180064
2731,4576,468.5006124,19.21227552
2731,4577,473.83375896,19.16070336
2731,4578,479.50017384,22.94193024
2731,4579,486.33357648,24.95982816
2731,4580,493.41179448,26.5706352
2731,4581,498.704616,27.432
2738,4469,21.4355553,13.8901932
2738,4470,24.99902544,14.12967456
2738,4471,28.71907896,13.4745984
2738,4472,33.0031344,16.73461728
2738,4473,36.70727736,9.00208512
2738,4474,38.67412128,6.79655232
2738,4475,41.19429912,10.808208
2738,4476,44.20633272,10.84771008
2738,4477,47.21806152,10.83893184
2738,4478,50.23006464,10.94317344
2738,4479,53.36145792,11.51705088
2738,4480,56.5620408,11.52144
2738,4481,59.7624408,11.52144
2738,4482,62.9052336,10.12679712
2738,4483,65.4926808,9.88539552
2738,4484,68.35405176,10.314432
2738,4485,71.21917176,10.314432
2738,4486,74.08426128,10.314432
2738,4487,76.89101208,8.98013952
2738,4488,79.0177236,6.93919872
2738,4489,80.82796128,6.39823968
2738,4490,82.60649976,6.39933696
2738,4491,84.42237624,8.22850272
2738,4492,87.40798368,11.26138464
2738,4493,90.1275312,9.13046688
2738,4494,93.0511728,12.47717088
2738,4495,97.003362,15.12819936
2738,4496,101.387148,16.35934752
2738,4497,105.67120344,14.5609056
2738,4498,109.8244692,14.81657184
2738,4499,113.726214,14.02653024
2738,4500,117.83043744,15.45848064
2738,4501,122.20169616,15.9050736
2738,4502,126.68826072,16.02687168
2738,4503,131.3293284,18.07659072
2738,4504,136.71642456,20.99535552
2738,4505,142.78017672,21.88305504
2738,4506,148.62346704,20.01658176
2738,4507,154.1141952,19.75104
2738,4508,159.6005952,19.74774816
2738,4509,165.07635768,19.6852032
2738,4510,170.62012104,20.05059744
2738,4511,175.84387488,18.6866784
2738,4512,181.62596136,22.22321184
2738,4513,188.01722112,23.84060256
2738,4514,194.42911584,21.99278304
2738,4515,200.52231168,21.91707072
2738,4516,206.4809688,20.91744864
2738,4517,212.2308684,20.57290272
2738,4518,217.87140576,19.08608832
2738,4519,222.6652392,16.37251488
2738,4520,227.2235232,16.4592
2738,4521,231.7955232,16.45261632
2738,4522,236.55122616,18.92149632
2738,4523,242.3740644,21.8962224
2738,4524,248.466864,21.9456
2738,4525,254.50038,20.6617824
2738,4526,259.82989944,18.5550048
2738,4527,264.94154784,17.73094752
2738,4528,269.6026104,16.18707456
2738,4529,274.10792016,16.42847616
2738,4530,278.6806212,16.4592
2738,4531,283.25271264,16.4592
2738,4532,287.87235288,17.45662752
2738,4533,293.38609344,21.77113248
2738,4534,299.48404416,21.94669728
2738,4535,305.14881312,17.82860544
2738,4536,309.76299744,16.36702848
2738,4537,314.31719712,16.46688096
2738,4538,318.5658348,12.88535904
2738,4539,321.7173144,11.4171984
2738,4540,325.27177008,13.81914432
2738,4541,329.11609056,13.8367008
2738,4542,332.95654008,13.64577408
2738,4543,336.91833048,15.6856176
2738,4544,341.46341664,16.37251488
2738,4545,345.99576216,15.77778912
2738,4546,350.01976224,13.71161088
2738,4547,353.82308712,13.194792
2738,4548,356.62877112,6.50357856
2738,4549,357.53015616,0.48499776
2738,4550,357.5392392,0
2738,4551,357.5392392,0
2738,4552,357.5392392,0
2738,4553,357.54963288,0.301752
2738,4554,357.8198076,1.37050272
2738,4555,358.27005816,2.14408512
2738,4556,358.96155792,2.5566624
2738,4557,359.6728392,2.551176
2738,4558,360.694224,6.10307136
2738,4559,362.8650096,8.22521088
2738,4560,365.30536032,9.98415072
2738,4561,368.30410464,10.9728
2738,4562,371.3521656,10.9728
2738,4563,374.4001656,10.9728
2738,4564,377.49732984,12.34220544
2738,4565,381.7011924,17.48076768
2738,4566,386.81521824,18.78323904
2738,4567,392.02623144,18.72837504
2738,4568,397.05098136,17.02100736
2738,4569,401.61691584,16.23316032
2738,4570,406.17772968,16.68853152
2738,4571,410.92532496,17.95918176
2738,4572,416.35021632,20.34686304
2738,4573,421.87349712,19.38674304
2738,4574,427.3070448,20.64971232
2738,4575,433.23549624,21.232368
2738,4576,438.19212336,14.3688816
2738,4577,442.05543288,13.66771968
2738,4578,445.83364224,13.98044448
2738,4579,450.11894736,16.46688096
2738,4580,454.87465032,19.83662784
2738,4581,461.54544216,26.13062592
2738,4582,468.80778984,26.17890624
2738,4583,476.07324648,26.14489056
2738,4584,483.62908608,28.57097664
2738,4585,491.26310688,25.70268672
2738,4586,497.8090374,27.39771
2745,4466,20.7466522666667,11.3373408
2745,4467,23.8394748,12.06239904
2745,4468,27.40249536,14.26683456
2745,4469,31.83922512,16.99467264
2745,4470,36.51555816,16.42408704
2745,4471,40.68628896,13.10371776
2745,4472,44.10422472,11.36562624
2745,4473,46.63900248,8.26032384
2745,4474,49.12418928,9.51232032
2745,4475,52.25046192,12.43437696
2745,4476,55.70701584,12.4431552
2745,4477,59.16314304,12.4431552
2745,4478,62.61966648,12.44644704
2745,4479,66.07414776,12.49582464
2745,4480,69.65637072,12.2182128
2745,4481,72.62055072,10.01268
2745,4482,75.41882808,10.56241728
2745,4483,78.03462168,7.00174368
2745,4484,79.74692712,5.99334336
2745,4485,81.36495792,6.50906496
2745,4486,83.56850952,7.88285952
2745,4487,85.77943728,9.0196416
2745,4488,87.8544852,5.66306208
2745,4489,89.38162464,5.75852544
2745,4490,91.05302592,6.02845632
2745,4491,92.9208708,6.78009312
2745,4492,94.72678032,8.81774208
2745,4493,98.29156872,15.30266688
2745,4494,102.64816656,14.5060416
2745,4495,106.18284072,13.43838816
2745,4496,110.52386328,16.26498144
2745,4497,114.53914608,12.95997408
2745,4498,118.05413016,12.0481344
2745,4499,121.6324212,14.75073504
2745,4500,126.00514296,15.6856176
2745,4501,130.31477112,16.1519616
2745,4502,135.61728528,21.68005824
2745,4503,141.7127976,21.93791904
2745,4504,147.80065944,21.92036256
2745,4505,153.89629368,21.91707072
2745,4506,159.87701832,21.095208
2745,4507,165.70686696,20.9964528
2745,4508,171.5478408,21.02498208
2745,4509,177.26183496,19.96171776
2745,4510,182.75387376,19.75104
2745,4511,188.24359608,19.74884544
2745,4512,193.84938624,21.18189312
2745,4513,199.91365656,21.9291408
2745,4514,205.81540752,20.1021696
2745,4515,211.30007016,19.85308704
2745,4516,216.78086184,18.94234464
2745,4517,221.6022492,16.39665504
2745,4518,226.15538208,16.44164352
2745,4519,230.7476208,17.3315376
2745,4520,236.28824472,21.89293056
2745,4521,242.37400344,21.89402784
2745,4522,248.46710784,21.94669728
2745,4523,254.48806608,21.07545696
2745,4524,260.25015768,20.75175936
2745,4525,265.7397276,17.82970272
2745,4526,270.35129064,16.30228896
2745,4527,274.90146696,16.4592
2745,4528,279.47343648,16.4592
2745,4529,284.04497928,16.59526272
2745,4530,288.74325792,16.7719248
2745,4531,293.70546288,19.95732864
2745,4532,299.50742232,21.43975392
2745,4533,305.57623416,21.75247872
2745,4534,310.96851192,16.843248
2745,4535,315.53365392,16.4592
2745,4536,320.10577584,16.44493536
2745,4537,324.6156576,16.00602336
2745,4538,329.0530884,15.937992
2745,4539,333.09406584,12.30270336
2745,4540,336.20168472,11.0057184
2745,4541,339.69420504,15.03602784
2745,4542,344.18430528,16.40104416
2745,4543,348.77962248,16.67207232
2745,4544,353.4203244,16.7170608
2745,4545,357.7244052,12.92486112
2745,4546,360.29838024,6.22486944
2745,4547,361.77507528,4.13235648
2745,4548,362.23227528,0.33905952
2745,4549,362.36763696,0.164592
2745,4550,362.3700144,0
2745,4551,362.3700144,0
2745,4552,362.3700144,0
2745,4553,362.42920656,0.795528
2745,4554,363.10327176,3.93265152
2745,4555,364.4156796,5.35033728
2745,4556,365.94495264,5.95384128
2745,4557,368.3009652,10.77967872
2745,4558,371.35036728,10.9728
2745,4559,374.39858064,10.85100192
2745,4560,377.44088088,11.64104352
2745,4561,380.80511088,11.63336256
2745,4562,384.18525144,14.02214112
2745,4563,388.34296728,15.0711408
2745,4564,392.5197636,15.0217632
2745,4565,396.6924756,15.0217632
2745,4566,400.8650352,15.02066592
2745,4567,405.10398024,15.55174944
2745,4568,409.69588368,17.82970272
2745,4569,414.94484448,20.10655872
2745,4570,420.7774668,21.20603328
2745,4571,426.64937784,21.2598
2745,4572,432.43935864,19.47672
2745,4573,437.37937416,17.01003456
2745,4574,442.031628,16.45261632
2745,4575,446.24591472,13.45045824
2745,4576,449.83819608,12.9040128
2745,4577,453.57708624,14.22952704
2745,4578,458.16612456,19.88929728
2745,4579,464.12447688,21.70858752
2745,4580,470.16259536,21.75467328
2745,4581,476.51703528,24.77438784
2745,4582,483.5519412,25.38996192
2745,4583,490.64222928,25.23524544
2745,4584,497.2524726,28.4510988
2751,4471,20.8477104,15.0437088
2751,4472,23.48249304,14.6267424
2751,4473,27.25268616,13.73575104
2751,4474,31.14513456,13.44058272
2751,4475,34.88055,12.4651008
2751,4476,37.6589544,8.1308448
2751,4477,39.66462984,6.43993632
2751,4478,41.72489496,8.56317312
2751,4479,43.8055512,6.59575008
2751,4480,46.19292768,10.78516512
2751,4481,49.25778312,11.3787936
2751,4482,52.5959832,12.35208096
2751,4483,56.03040864,12.2840496
2751,4484,59.06295528,9.4804992
2751,4485,61.65238368,9.32907456
2751,4486,64.18167504,7.81153632
2751,4487,66.03427992,6.9896736
2751,4488,68.04620376,6.44542272
2751,4489,69.9412368,8.29982592
2751,4490,72.33403872,7.8674976
2751,4491,74.66371656,9.97098336
2751,4492,77.56242552,10.2431088
2751,4493,80.22150072,8.668512
2751,4494,82.30233984,6.76582848
2751,4495,84.18170616,6.7702176
2751,4496,86.07420936,7.34519232
2751,4497,89.08764504,15.84252864
2751,4498,93.61191336,14.6596608
2751,4499,97.6826088,14.67612
2751,4500,101.74214856,14.60260224
2751,4501,105.79793928,14.62015872
2751,4502,110.26770936,19.70824608
2751,4503,115.82604216,17.1120816
2751,4504,120.41130096,18.52976736
2751,4505,126.30308496,21.85013664
2751,4506,132.2280312,21.17640672
2751,4507,138.20707944,21.95328096
2751,4508,144.30365856,22.22979552
2751,4509,150.6617256,22.72796064
2751,4510,156.72535584,21.31685856
2751,4511,162.59354832,21.08204064
2751,4512,168.22366152,18.56158848
2751,4513,173.06470848,17.1943776
2751,4514,177.84092448,17.19766944
2751,4515,182.82111264,19.7894448
2751,4516,188.66458584,21.44853216
2751,4517,194.73242232,21.94889184
2751,4518,200.82638016,21.91597344
2751,4519,206.9171376,21.9456
2751,4520,213.01261944,21.9456
2751,4521,219.06832488,20.93281056
2751,4522,224.18350896,16.51296672
2751,4523,228.7484376,16.4592
2751,4524,233.37015048,17.82860544
2751,4525,239.03046936,21.89293056
2751,4526,245.11659384,21.9456
2751,4527,251.20957632,21.63506976
2751,4528,256.79884632,18.92369088
2751,4529,262.083804,19.09706112
2751,4530,267.1590288,17.00893728
2751,4531,271.6875948,16.18378272
2751,4532,276.2408496,16.4592
2751,4533,280.81291056,16.4592
2751,4534,285.385002,16.4592
2751,4535,289.95709344,16.4592
2751,4536,294.57777,17.4138336
2751,4537,299.87586456,20.30626368
2751,4538,305.49823584,18.79311456
2751,4539,310.21739328,16.37800128
2751,4540,314.7770184,16.4262816
2751,4541,318.96561048,12.93254208
2751,4542,322.22035632,12.0810528
2751,4543,325.9720176,14.18673312
2751,4544,329.91161856,14.182344
2751,4545,333.85606584,14.3359632
2751,4546,337.95955776,15.2302464
2751,4547,342.34788528,15.55504128
2751,4548,346.07507112,12.04484256
2751,4549,349.45368768,9.65167488
2751,4550,350.85890712,3.01313088
2751,4551,351.61862112,1.7446752
2751,4552,351.78754128,0.18544032
2751,4553,351.83838192,0.18544032
2751,4554,351.89931144,0.34674048
2751,4555,352.03650192,0.54864
2751,4556,352.18878,0.54864
2751,4557,352.34118,0.54864
2751,4558,352.68014808,3.44875104
2751,4559,354.34731264,6.99735456
2751,4560,356.29035168,6.99625728
2751,4561,358.23339072,6.99406272
2751,4562,360.27180168,8.64766368
2751,4563,363.13097808,10.97389728
2751,4564,366.17583864,10.94646528
2751,4565,369.21792552,11.16592128
2751,4566,372.95791296,15.992856
2751,4567,377.5266516,16.38677952
2751,4568,382.32249672,19.67752224
2751,4569,388.31574864,21.99607488
2751,4570,393.98393136,17.82641088
2751,4571,398.60460792,16.45810272
2751,4572,403.21848744,16.86409632
2751,4573,408.15161448,19.07401824
2751,4574,413.455104,17.97673824
2751,4575,418.50155568,18.62193888
2751,4576,423.46528464,18.0008784
2751,4577,428.90447112,19.89807552
2751,4578,433.92864192,17.0023536
2751,4579,438.62987712,16.37032032
2751,4580,442.85605104,14.53566816
2751,4581,446.92668552,15.4935936
2751,4582,451.73283288,18.3849264
2751,4583,456.93677472,20.71006272
2751,4584,463.86960312,27.61085664
2751,4585,471.54974016,27.4923504
2751,4586,479.09710632,27.42870816
2751,4587,487.00145424,29.01537504
2751,4588,495.0247656,28.80140544
2751,4589,502.2204459,28.7734248
2767,4477,20.7804258,15.0972012
2767,4478,24.30968976,13.16406816
2767,4479,27.9666192,13.16736
2767,4480,31.62379248,13.15199808
2767,4481,35.2764852,13.16297088
2767,4482,39.04744032,15.54187392
2767,4483,42.62798688,6.08222304
2767,4484,45.97490424,19.32419808
2767,4485,50.33637888,13.16406816
2767,4486,53.82070008,10.45378656
2767,4487,56.0592732,7.13012544
2767,4488,58.0406256,7.13232
2767,4489,60.0218256,7.13232
2767,4490,62.07325152,8.58841056
2767,4491,64.96498056,10.94097888
2767,4492,66.75037704,2.51386848
2767,4493,68.01819264,6.72413184
2767,4494,70.23792912,8.49075264
2767,4495,72.67943808,10.59753024
2767,4496,76.23051048,13.53275424
2767,4497,79.51741272,7.89602688
2767,4498,81.02842824,5.84411328
2767,4499,83.39340192,11.61909792
2767,4500,86.99013336,13.16626272
2767,4501,90.7333212,13.98812544
2767,4502,94.66322952,14.18344128
2767,4503,99.35416248,19.66984128
2767,4504,103.88135688,13.89046752
2767,4505,108.2904108,16.73352
2767,4506,112.90438176,16.28034336
2767,4507,117.3684216,16.03345536
2767,4508,122.29776912,20.79016416
2767,4509,128.0181336,19.07182368
2767,4510,133.45107168,20.07144576
2767,4511,139.0578372,20.30077728
2767,4512,144.73616976,21.45401856
2767,4513,150.99505488,22.36146912
2767,4514,157.09629744,21.9456
2767,4515,163.18022736,21.42219744
2767,4516,168.43708248,16.6567104
2767,4517,173.02151832,16.90689024
2767,4518,178.1770884,20.67714432
2767,4519,184.19073144,21.86440128
2767,4520,190.28636568,21.95876736
2767,4521,196.4471052,22.56446592
2767,4522,202.75957416,22.73893344
2767,4523,209.10913728,23.04178272
2767,4524,215.5216416,23.08347936
2767,4525,221.54467248,19.28030688
2767,4526,226.59953664,18.09634176
2767,4527,231.91217016,20.91744864
2767,4528,237.81605472,20.34576576
2767,4529,243.31068432,19.72251072
2767,4530,248.73237528,19.13327136
2767,4531,253.9968504,18.88089696
2767,4532,259.03586496,16.97931072
2767,4533,263.614662,16.47785376
2767,4534,268.19757384,16.42957344
2767,4535,272.73827088,16.39226592
2767,4536,277.30984416,16.4592
2767,4537,281.88190512,16.4592
2767,4538,286.45402704,16.4592
2767,4539,291.026088,16.4592
2767,4540,295.598088,16.4592
2767,4541,300.170088,16.4592
2767,4542,304.742088,16.4592
2767,4543,309.30972936,16.38129312
2767,4544,313.86359376,16.44054624
2767,4545,318.27103224,15.09637824
2767,4546,322.40195616,14.8571712
2767,4547,326.5288872,14.84180928
2767,4548,330.45708864,13.19918112
2767,4549,334.04531616,12.88865088
2767,4550,337.5716388,12.43108512
2767,4551,341.00228472,12.17212704
2767,4552,343.569036,5.43921696
2767,4553,344.75309256,4.08627072
2767,4554,345.48842256,0.66275712
2767,4555,345.5063448,0
2767,4556,345.51201408,0.06912864
2767,4557,345.5462736,0.13825728
2767,4558,345.58434312,0.13825728
2767,4559,345.62119344,0.10863072
2767,4560,346.33363296,5.69268864
2767,4561,348.18450048,6.76802304
2767,4562,350.06255616,6.79655232
2767,4563,352.36592976,10.31114016
2767,4564,355.40067096,10.9728
2767,4565,358.44897576,10.9398816
2767,4566,361.46180184,10.863072
2767,4567,364.49956056,10.94427072
2767,4568,367.54481736,11.14946208
2767,4569,371.14880304,15.28401312
2767,4570,375.69529128,16.63366752
2767,4571,380.27981856,16.87397184
2767,4572,385.32569112,19.15192512
2767,4573,390.6531684,19.1420496
2767,4574,395.95446336,19.24299936
2767,4575,401.2384152,17.63658144
2767,4576,405.83339712,16.81801056
2767,4577,410.56633152,16.35056928
2767,4578,415.05862632,16.44712992
2767,4579,419.20488168,13.63260672
2767,4580,423.5898564,17.80227072
2767,4581,428.54114952,17.76057408
2767,4582,433.43898072,17.55648
2767,4583,438.30934944,17.39408256
2767,4584,443.0699292,17.0023536
2767,4585,447.7716216,16.40104416
2767,4586,452.78981832,22.00375584
2767,4587,459.83527032,27.63828864
2767,4588,467.75458392,28.66644
2767,4589,475.71373488,28.61815968
2767,4590,483.68937552,28.91442528
2767,4591,491.75794968,29.07792
2767,4592,499.80076824,28.70374752
2767,4593,505.3558092,28.5402528
2776,4479,20.2439016,16.4592
2776,4480,23.3807508,15.64282368
2776,4481,27.37549008,13.71161088
2776,4482,31.07966352,12.5693424
2776,4483,34.382202,11.55106656
2776,4484,37.50435984,10.97060544
2776,4485,40.53821712,10.56132
2776,4486,43.2672744,9.299448
2776,4487,46.2255108,11.97900576
2776,4488,49.01558904,8.17583328
2776,4489,51.281076,7.4944224
2776,4490,53.10673656,6.37629408
2776,4491,54.88277568,6.71315904
2776,4492,57.07611648,8.7727536
2776,4493,59.5170768,8.78701824
2776,4494,61.95748848,8.7892128
2776,4495,64.39847928,8.7892128
2776,4496,66.84123792,8.7946992
2776,4497,69.12233064,7.56903744
2776,4498,70.94567472,6.30606816
2776,4499,73.29397584,9.4969584
2776,4500,75.39066456,6.93919872
2776,4501,78.27044544,13.54811616
2776,4502,82.39893096,15.64611552
2776,4503,86.79893232,15.90946272
2776,4504,91.21859328,15.88641984
2776,4505,95.6114928,15.82936128
2776,4506,100.03670112,16.18926912
2776,4507,104.80572384,18.01404576
2776,4508,109.83431424,18.12816288
2776,4509,114.9085332,18.46283328
2776,4510,120.04231008,18.46941696
2776,4511,125.51392728,20.74298112
2776,4512,131.42780928,22.08934368
2776,4513,137.46028896,21.53302272
2776,4514,143.58497064,22.46241888
2776,4515,149.78164608,21.94340544
2776,4516,155.87831664,21.91048704
2776,4517,161.60489904,18.37944
2776,4518,166.37776224,17.17682112
2776,4519,171.532296,20.39075424
2776,4520,177.50390712,22.1321376
2776,4521,184.1261748,25.30547136
2776,4522,190.85835336,22.81684032
2776,4523,197.01826992,21.94121088
2776,4524,203.3581404,24.3212112
2776,4525,210.31331064,25.1441712
2776,4526,216.66836016,19.25287488
2776,4527,222.03555288,19.18155168
2776,4528,226.7678472,16.4592
2776,4529,231.3398472,16.4592
2776,4530,235.9118472,16.4592
2776,4531,240.4763796,16.404336
2776,4532,245.040912,16.4592
2776,4533,249.61282056,16.4592
2776,4534,254.22142704,17.20754496
2776,4535,259.28683728,18.80628192
2776,4536,264.46575504,17.89992864
2776,4537,269.15077488,16.30996992
2776,4538,273.68790576,16.45042176
2776,4539,278.25350496,16.3330128
2776,4540,282.79520784,16.46029728
2776,4541,287.47620432,17.37981792
2776,4542,292.3495296,17.55648
2776,4543,297.22645152,17.5509936
2776,4544,302.02013256,16.86080448
2776,4545,306.6705576,16.73571456
2776,4546,311.33128488,16.87177728
2776,4547,315.92937576,15.1479504
2776,4548,319.4239992,11.00681568
2776,4549,322.51555512,11.70029664
2776,4550,325.94644488,12.5967744
2776,4551,329.44545744,12.5967744
2776,4552,332.91173448,11.55765024
2776,4553,335.2233072,5.67952128
2776,4554,336.74127216,5.02115328
2776,4555,337.44371424,0.2084832
2776,4556,337.4452992,0
2776,4557,337.4452992,0
2776,4558,337.4452992,0
2776,4559,337.4452992,0
2776,4560,337.4452992,0
2776,4561,337.4452992,0
2776,4562,337.86659376,4.01385024
2776,4563,339.65945784,9.0580464
2776,4564,342.60086928,10.89489312
2776,4565,345.63853656,11.06497152
2776,4566,348.85835232,12.06678816
2776,4567,352.22066208,12.1029984
2776,4568,355.5825756,12.10409568
2776,4569,358.90693776,12.07885824
2776,4570,362.75860392,15.88751712
2776,4571,367.44322752,18.64937088
2776,4572,373.0694088,19.88710272
2776,4573,378.4323648,20.04291648
2776,4574,384.24517512,21.1994496
2776,4575,390.0298524,19.15960608
2776,4576,394.80036864,16.4592
2776,4577,399.4176924,17.06160672
2776,4578,404.26386,17.55648
2776,4579,409.08738096,16.89482016
2776,4580,413.68352112,16.34727744
2776,4581,418.10644344,15.36521184
2776,4582,422.18491128,14.4402048
2776,4583,426.4917048,16.42298976
2776,4584,430.97537376,15.4003248
2776,4585,435.11742288,14.91093792
2776,4586,439.50032496,17.42809824
2776,4587,445.201548,25.07723712
2776,4588,453.25704624,30.45390912
2776,4589,461.6487084,30.120336
2776,4590,470.02348464,30.17300544
2776,4591,478.33720944,29.160216
2776,4592,486.19955592,27.98064
2776,4593,493.98801888,28.22862528
2776,4594,500.3019712,28.4853888
2799,4484,20.358354,16.4592
2799,4485,23.565612,16.46578368
2799,4486,28.06089384,16.31545632
2799,4487,32.7077832,16.57551168
2799,4488,37.18288728,14.49726336
2799,4489,39.98323728,6.02735904
2799,4490,42.0689532,10.2650544
2799,4491,44.03564472,5.04639072
2799,4492,46.20271176,9.0580464
2799,4493,48.61050984,7.32653856
2799,4494,50.21826888,5.21098272
2799,4495,51.712368,5.82216768
2799,4496,53.54872704,7.18498944
2799,4497,55.56144336,7.242048
2799,4498,57.57348912,7.242048
2799,4499,59.58553488,7.242048
2799,4500,61.59755016,7.24314528
2799,4501,63.61044936,7.24533984
2799,4502,65.62258656,7.242048
2799,4503,67.57665936,6.96663072
2799,4504,69.76228872,8.52476832
2799,4505,71.68795416,6.98089536
2799,4506,75.82872312,23.36548032
2799,4507,82.14823296,18.93576096
2799,4508,86.9147868,16.47785376
2799,4509,91.48529328,16.404336
2799,4510,96.0281544,16.6457376
2799,4511,101.4599952,22.03118784
2799,4512,106.95611832,18.64498176
2799,4513,112.66816176,21.46169952
2799,4514,118.64102256,21.51656352
2799,4515,124.58020296,21.62629152
2799,4516,130.69080288,22.53703392
2799,4517,137.01619536,22.51399104
2799,4518,143.6138352,25.10357184
2799,4519,150.7748064,27.48247488
2799,4520,158.78650488,29.0395152
2799,4521,166.190676,23.26014144
2799,4522,172.3829928,22.50082368
2799,4523,178.57168248,21.9456
2799,4524,184.66884072,21.95437824
2799,4525,190.76968704,21.95437824
2799,4526,196.8659004,21.94340544
2799,4527,203.0938788,23.01983712
2799,4528,209.35437936,21.93901632
2799,4529,215.44449672,21.43646208
2799,4530,220.6928784,16.6128192
2799,4531,225.24235368,16.39665504
2799,4532,229.8121896,16.4592
2799,4533,234.3841896,16.4592
2799,4534,238.9529892,16.40323872
2799,4535,243.51169992,16.45590816
2799,4536,248.08382184,16.4592
2799,4537,252.65569992,16.46578368
2799,4538,256.86703008,12.61433088
2799,4539,259.93715856,10.72810656
2799,4540,263.01640056,14.18563584
2799,4541,271.1055792,33.24648672
2799,4542,276.60039168,13.66771968
2799,4543,280.3166352,14.30085024
2799,4544,284.65616424,16.46029728
2799,4545,289.21810584,16.32642912
2799,4546,293.76489888,16.4646864
2799,4547,298.3371732,16.4592
2799,4548,302.9091732,16.4592
2799,4549,307.48138656,16.45590816
2799,4550,312.03418416,16.37909856
2799,4551,316.52318712,15.04480608
2799,4552,320.03219712,11.02546944
2799,4553,322.79984208,7.872984
2799,4554,324.60761088,6.2215776
2799,4555,326.33530872,6.22267488
2799,4556,327.91822656,4.30792128
2799,4557,328.7767872,2.7432
2799,4558,329.53034424,2.31964992
2799,4559,329.813412,0.02523744
2799,4560,329.813412,0
2799,4561,329.89988376,1.975104
2799,4562,331.54973568,8.3612736
2799,4563,333.87773712,8.37663552
2799,4564,336.20464128,8.37663552
2799,4565,338.5316064,8.37444096
2799,4566,340.85863248,8.36895456
2799,4567,343.16694384,8.29763136
2799,4568,345.48939792,8.37553824
2799,4569,347.81633256,8.37444096
2799,4570,350.14320624,8.37553824
2799,4571,352.47014088,8.37444096
2799,4572,354.79731936,8.43918048
2799,4573,357.29171112,9.94355136
2799,4574,360.40109784,13.29574176
2799,4575,364.82615376,17.56086912
2799,4576,369.9282924,19.30444704
2799,4577,375.63545904,21.1610448
2799,4578,381.23938992,17.07806592
2799,4579,385.76243904,19.02573792
2799,4580,391.42915872,20.51145504
2799,4581,397.12535256,20.5081632
2799,4582,402.8215464,20.5081632
2799,4583,408.48281016,19.4986656
2799,4584,413.62112856,18.39370464
2799,4585,418.57351896,18.1160928
2799,4586,424.08808248,20.39514336
2799,4587,429.67323768,20.02536
2799,4588,435.21270336,19.723608
2799,4589,440.63241312,19.44709344
2799,4590,446.05160472,19.63253376
2799,4591,451.28812968,17.52685344
2799,4592,456.6114312,22.61932992
2799,4593,463.64222232,26.64854208
2799,4594,471.05261136,26.69791968
2799,4595,478.41158064,25.67196288
2799,4596,485.20255512,23.86145088
2799,4597,491.88206424,24.91813152
2799,4598,498.053301942857,26.8896301714286
2811,4487,20.98724784,19.7839584
2811,4488,24.94577688,17.35787232
2811,4489,28.82091264,11.32283232
2811,4490,31.97056344,11.78588448
2811,4491,35.14895688,9.90953568
2811,4492,37.24467024,6.391656
2811,4493,39.02250768,6.3971424
2811,4494,40.67443224,4.24208448
2811,4495,41.25717936,2.1012912
2811,4496,42.47915304,6.42018528
2811,4497,45.15523608,11.15604576
2811,4498,47.84820504,10.63044864
2811,4499,51.08700984,10.95963264
2811,4500,54.04381368,9.91831392
2811,4501,55.729632,2.55007872
2811,4502,56.34081696,2.19456
2811,4503,56.98421928,3.51239328
2811,4504,59.60077488,13.63480128
2811,4505,63.0088656,11.52363456
2811,4506,66.14592816,11.60044416
2811,4507,69.96613896,15.36411456
2811,4508,74.18752752,15.70536864
2811,4509,79.22852328,19.88161632
2811,4510,84.62049624,18.33445152
2811,4511,89.51768736,17.56086912
2811,4512,94.5228996,19.37028384
2811,4513,100.2569496,21.01620384
2811,4514,106.09045584,21.01181472
2811,4515,112.48732392,27.43309728
2811,4516,120.70046472,27.77435136
2811,4517,127.63006224,23.17674816
2811,4518,133.80089064,21.7864944
2811,4519,139.73531616,20.62118304
2811,4520,145.54949808,21.91597344
2811,4521,151.77549528,22.4887536
2811,4522,157.98116232,22.22979552
2811,4523,164.30146464,23.35670208
2811,4524,171.05632032,25.64453088
2811,4525,178.27925736,26.34240096
2811,4526,185.8120236,27.45065376
2811,4527,193.4050488,26.48175552
2811,4528,200.06498976,22.04325792
2811,4529,206.1447744,21.51656352
2811,4530,211.34582064,15.31144512
2811,4531,215.27847216,13.9848336
2811,4532,219.2680908,15.2412192
2811,4533,223.7265528,16.38019584
2811,4534,228.2894088,16.4592
2811,4535,232.92233832,17.73314208
2811,4536,238.29513936,20.07144576
2811,4537,243.86673096,20.09887776
2811,4538,249.45347112,20.1131424
2811,4539,254.5390896,12.85573248
2811,4540,258.13368744,17.78471424
2811,4541,263.36865792,18.19509696
2811,4542,268.0431012,15.03054144
2811,4543,271.48084896,10.84332096
2811,4544,274.52397216,10.9728
2811,4545,277.5719112,10.9728
2811,4546,280.624788,11.439144
2811,4547,284.5047396,16.26607872
2811,4548,289.07823312,16.46029728
2811,4549,293.62950672,16.73681184
2811,4550,298.6390776,18.2477664
2811,4551,303.36811056,16.45810272
2811,4552,307.9408116,16.43944896
2811,4553,312.22953048,13.79061504
2811,4554,315.612018,11.10227904
2811,4555,318.50377752,8.50501728
2811,4556,320.26131528,5.43592512
2811,4557,321.237864,0.88989408
2811,4558,321.263772,0
2811,4559,321.263772,0
2811,4560,321.263772,0
2811,4561,321.263772,0
2811,4562,321.263772,0
2811,4563,321.263772,0
2811,4564,321.263772,0
2811,4565,321.263772,0
2811,4566,321.5443404,4.64039712
2811,4567,323.71546128,6.50577312
2811,4568,326.1225888,12.53422944
2811,4569,329.6501916,12.6955296
2811,4570,333.1767276,12.6955296
2811,4571,336.7032636,12.6955296
2811,4572,340.22992152,12.68345952
2811,4573,343.73719416,12.62640096
2811,4574,347.26043832,12.6955296
2811,4575,350.7868524,12.6955296
2811,4576,354.31329696,12.6955296
2811,4577,357.83989392,12.68784864
2811,4578,361.43318112,14.89667328
2811,4579,366.78022656,21.92584896
2811,4580,372.86232768,22.19468256
2811,4581,379.39769688,22.98472416
2811,4582,384.94831824,19.5370704
2811,4583,390.70519776,20.8592928
2811,4584,396.49505664,20.84722272
2811,4585,402.28497648,20.84722272
2811,4586,408.07489632,20.84832
2811,4587,413.8662792,20.87136288
2811,4588,419.66317896,20.84722272
2811,4589,425.44328424,20.31394464
2811,4590,430.66676376,18.00746208
2811,4591,435.75375384,18.4123584
2811,4592,441.32385192,22.28465952
2811,4593,447.63421776,22.48546176
2811,4594,453.88097184,22.52386656
2811,4595,460.20206664,23.14602432
2811,4596,466.68315096,23.38962048
2811,4597,473.18298048,23.36218848
2811,4598,479.9886768,26.417016
2811,4599,487.66082808,28.25715456
2811,4600,495.15884712,25.49200896
2811,4601,499.4699688,27.0150336
2825,4491,21.86519376,12.07008
2825,4492,24.4156992,12.07008
2825,4493,27.5687028,8.4271104
2825,4494,28.66025256,1.63933632
2825,4495,29.3051484,5.09576832
2825,4496,31.90551912,11.51156448
2825,4497,34.9756476,9.20508192
2825,4498,36.8326416,5.89129632
2825,4499,38.68097928,7.63048512
2825,4500,41.18606952,9.86893632
2825,4501,43.4809392,8.0759808
2825,4502,46.40455032,9.68130144
2825,4503,48.25224792,5.48530272
2825,4504,49.93315896,7.90370784
2825,4505,52.1937996,6.35764032
2825,4506,53.94063888,8.48636352
2825,4507,57.15216408,13.10371776
2825,4508,60.7909884,13.1015232
2825,4509,64.43026992,13.1015232
2825,4510,68.30763072,18.75690432
2825,4511,75.17306784,23.3610912
2825,4512,79.57044792,11.98010304
2825,4513,83.8663296,20.11423968
2825,4514,89.78393016,20.81759616
2825,4515,95.48079456,20.46536928
2825,4516,101.59581408,24.45069024
2825,4517,108.70603608,25.77839904
2825,4518,116.00075352,26.66500128
2825,4519,122.82287856,22.2528384
2825,4520,128.84572656,21.5999568
2825,4521,135.01536624,22.98691872
2825,4522,141.77104488,24.50884608
2825,4523,148.21290144,22.46022432
2825,4524,154.3531584,21.9456
2825,4525,160.44882312,21.91926528
2825,4526,166.53104616,21.918168
2825,4527,172.6266804,21.9456
2825,4528,178.72396056,21.95328096
2825,4529,184.82114928,21.95437824
2825,4530,190.92202608,21.95437824
2825,4531,197.01808704,21.94779456
2825,4532,203.0284992,21.10508352
2825,4533,208.670652,19.68191136
2825,4534,214.1195616,19.57437792
2825,4535,219.5492688,18.9994032
2825,4536,223.92394128,12.810744
2825,4537,227.42258808,12.69333504
2825,4538,231.06671592,13.50312768
2825,4539,234.82651536,13.53055968
2825,4540,238.5861624,13.69624896
2825,4541,242.75134584,16.294608
2825,4542,247.3232544,16.4592
2825,4543,251.7619044,13.90473216
2825,4544,254.74037952,9.1293696
2825,4545,257.25604632,9.04048992
2825,4546,260.56769832,23.03080992
2825,4547,268.2893796,19.9595232
2825,4548,272.42487552,14.3359632
2825,4549,276.56390712,15.37618464
2825,4550,280.99554672,16.18817184
2825,4551,285.34845648,15.63294816
2825,4552,289.83916632,16.39775232
2825,4553,294.376602,16.39446048
2825,4554,298.9481448,16.4592
2825,4555,303.45799608,15.0546816
2825,4556,306.95039448,11.0057184
2825,4557,309.99382248,10.6929936
2825,4558,312.32974872,5.9582304
2825,4559,313.54007904,1.92901824
2825,4560,313.6431624,0
2825,4561,313.6431624,0
2825,4562,313.6431624,0
2825,4563,313.6431624,0
2825,4564,313.6431624,0
2825,4565,313.6431624,0
2825,4566,313.6431624,0
2825,4567,313.77364728,2.45461536
2825,4568,315.37515792,7.41322368
2825,4569,317.5476504,9.66593952
2825,4570,321.01938336,13.89485664
2825,4571,324.87690168,13.8915648
2825,4572,328.73384088,13.88388384
2825,4573,332.5790148,13.63699584
2825,4574,336.27767136,13.16516544
2825,4575,339.80518272,10.67763168
2825,4576,341.8947696,5.74535808
2825,4577,343.42474368,5.4644544
2825,4578,345.17923344,8.6904576
2825,4579,349.27842768,20.7440784
2825,4580,355.51335552,22.68297216
2825,4581,361.78894368,22.55349312
2825,4582,368.07940608,22.68406944
2825,4583,374.38102416,22.68406944
2825,4584,380.68206312,22.68187488
2825,4585,386.9903868,22.73673888
2825,4586,393.2988324,22.68406944
2825,4587,399.60042,22.68736128
2825,4588,405.90203808,22.68406944
2825,4589,412.20386952,22.69833408
2825,4590,418.51344288,22.70052864
2825,4591,424.79204856,21.8742768
2825,4592,430.57078224,20.73200832
2825,4593,436.20104784,19.46245536
2825,4594,441.76773216,19.9101456
2825,4595,447.00300744,17.65194336
2825,4596,451.97792256,20.02536
2825,4597,457.95023472,21.9456
2825,4598,464.1529452,22.58970336
2825,4599,470.6785608,24.72939936
2825,4600,477.60379968,24.8204736
2825,4601,484.49005464,25.24731552
2825,4602,491.71009608,26.20414368
2825,4603,497.883441257143,25.9882930285714
2841,4522,134.767760266667,16.9359072
2841,4523,139.18472544,17.15816736
2841,4524,143.95624752,18.22143168
2841,4525,149.28985128,19.39771584
2841,4526,154.88265696,18.92808
2841,4527,159.62470488,16.99906176
2841,4528,164.89106976,21.08204064
2841,4529,170.9511948,21.9456
2841,4530,176.904396,19.7620128
2841,4531,181.888638,17.28106272
2841,4532,186.74017008,18.4288176
2841,4533,192.44770248,22.21882272
2841,4534,199.22313216,26.19646272
2841,4535,205.54194096,18.17863776
2841,4536,210.1563996,15.42007584
2841,4537,213.89404008,12.27417408
2841,4538,217.31106144,12.55946688
2841,4539,221.05827264,14.50933344
2841,4540,225.39383928,16.42189248
2841,4541,229.96593072,16.46029728
2841,4542,234.5381136,16.4592
2841,4543,239.107218,16.40762784
2841,4544,243.66708696,16.45590816
2841,4545,248.23960512,16.4701728
2841,4546,252.66664224,15.13258848
2841,4547,256.77223728,14.70135744
2841,4548,260.70403536,13.33853568
2841,4549,264.35428968,13.20357024
2841,4550,268.02292344,13.17504096
2841,4551,271.65016536,13.05982656
2841,4552,275.5451436,15.56381952
2841,4553,280.00415424,15.63733728
2841,4554,284.3564544,16.18488
2841,4555,288.9243396,16.45261632
2841,4556,293.46701784,16.3384992
2841,4557,297.86491608,13.99470912
2841,4558,301.15818864,10.77309504
2841,4559,303.41471448,3.99739104
2841,4560,303.99142656,1.95645024
2841,4561,304.5938028,1.97949312
2841,4562,304.96041624,0.83173824
2841,4563,305.18862,0.82296
2841,4564,305.41722,0.82296
2841,4565,305.6500872,1.03583232
2841,4566,306.1216128,2.18468448
2841,4567,306.7281648,2.02228704
2841,4568,307.14336336,1.10496096
2841,4569,307.49196312,2.5347168
2841,4570,309.33554592,9.7328736
2841,4571,312.06804744,10.31882112
2841,4572,315.40758864,13.88937024
2841,4573,319.90213896,17.85932928
2841,4574,324.81396048,16.28034336
2841,4575,328.44184248,10.99145376
2841,4576,331.45241304,9.72299808
2841,4577,333.15200832,3.3905952
2841,4578,334.1129208,4.82364288
2841,4579,336.66126216,12.48594912
2841,4580,340.23080544,14.456664
2841,4581,345.69797256,23.73855552
2841,4582,352.35355488,23.9536224
2841,4583,358.99959696,23.93826048
2841,4584,365.75792736,24.68441088
2841,4585,372.62312064,25.09698816
2841,4586,379.96319232,27.5033232
2841,4587,387.66847536,27.87969024
2841,4588,394.903452,22.52057472
2841,4589,400.67965584,20.74627296
2841,4590,406.44071112,20.738592
2841,4591,412.20109584,20.74627296
2841,4592,417.96989304,20.76382944
2841,4593,423.77362032,21.61861056
2841,4594,430.08807048,23.26562784
2841,4595,436.54922088,23.24697408
2841,4596,443.00326944,23.24697408
2841,4597,449.4644808,23.262336
2841,4598,455.9253264,23.24916864
2841,4599,462.37925304,23.2294176
2841,4600,468.8368068,23.28208704
2841,4601,475.29829248,23.23051488
2841,4602,481.75020744,23.2294176
2841,4603,488.20815744,23.35450752
2841,4604,494.74026528,23.59152
2841,4605,501.2896248,23.5695744
2841,4606,506.857624114286,23.59152
2848,4495,20.4348588,5.2340256
2848,4496,21.48812568,4.66563456
2848,4497,22.75478304,5.15831328
2848,4498,24.95449416,9.59461632
2848,4499,27.02713416,5.79473568
2848,4500,28.65193152,6.77460672
2848,4501,31.33423248,11.12422464
2848,4502,34.0917276,9.14143968
2848,4503,36.55676712,8.77714272
2848,4504,39.0432036,9.31371264
2848,4505,41.69621328,9.60339456
2848,4506,44.17972368,7.28484192
2848,4507,46.28714136,9.820656
2848,4508,49.19087952,9.77895936
2848,4509,51.96629688,10.63374048
2848,4510,54.93084264,10.6545888
2848,4511,57.88947528,10.6545888
2848,4512,60.84816888,10.6545888
2848,4513,63.80756352,10.65568608
2848,4514,67.35662424,23.7341664
2848,4515,77.18087688,30.24213408
2848,4516,82.76408136,17.6881536
2848,4517,87.71574024,18.2532528
2848,4518,92.89727928,19.93099392
2848,4519,99.10824984,23.08238208
2848,4520,104.87796144,18.29275488
2848,4521,110.20190304,21.69432288
2848,4522,116.10203856,19.75104
2848,4523,121.85181624,22.4229168
2848,4524,127.84930488,20.01109536
2848,4525,133.84139856,22.411944
2848,4526,139.66944888,20.65739328
2848,4527,145.41514224,20.4587856
2848,4528,151.10652024,20.83515264
2848,4529,156.96014328,21.12373728
2848,4530,162.78676104,20.67933888
2848,4531,168.4882584,20.519136
2848,4532,174.18777456,20.519136
2848,4533,179.8889976,20.52571968
2848,4534,185.58988536,20.5410816
2848,4535,191.00450496,17.74082304
2848,4536,195.7782216,17.42370912
2848,4537,200.47826808,15.87983616
2848,4538,204.84166296,16.18158816
2848,4539,209.10490056,13.57225632
2848,4540,212.96187024,15.98298048
2848,4541,217.74238392,17.117568
2848,4542,222.36187176,16.376904
2848,4543,226.9094268,16.16622624
2848,4544,231.23737344,14.97896928
2848,4545,235.15341336,12.79209024
2848,4546,238.69598184,13.87730016
2848,4547,242.74113504,13.74123744
2848,4548,246.09289872,12.37512384
2848,4549,250.11211344,15.05577888
2848,4550,253.97289312,12.61213632
2848,4551,257.32380336,13.10371776
2848,4552,261.3146412,14.7145248
2848,4553,265.43437896,15.39374112
2848,4554,269.72142144,14.37546528
2848,4555,273.47171112,13.17174912
2848,4556,277.10511,13.39998336
2848,4557,280.61783856,11.28333024
2848,4558,283.89693792,12.62749824
2848,4559,287.15534136,10.84002912
2848,4560,290.18578488,10.97389728
2848,4561,293.23518696,10.77858144
2848,4562,295.59123,5.95493856
2848,4563,297.115992,5.21537184
2848,4564,298.16331528,1.673352
2848,4565,298.2739272,0
2848,4566,298.2739272,0
2848,4567,298.2739272,0
2848,4568,298.2739272,0
2848,4569,298.2739272,0
2848,4570,298.2739272,0
2848,4571,298.33299744,1.3386816
2848,4572,299.404278,5.45128704
2848,4573,301.3607892,9.60339456
2848,4574,304.40875872,12.34220544
2848,4575,308.54904,16.4207952
2848,4576,313.1006184,16.41969792
2848,4577,317.33587536,12.89084544
2848,4578,320.49076872,10.96950816
2848,4579,323.69177832,12.4486416
2848,4580,327.2703132,12.94461216
2848,4581,330.865734,12.94461216
2848,4582,334.52961288,14.12857728
2848,4583,338.87502456,16.46688096
2848,4584,343.43010816,16.43615712
2848,4585,348.61881,21.69103104
2848,4586,354.91573416,22.7795328
2848,4587,361.22100984,22.64676192
2848,4588,367.53338736,22.7795328
2848,4589,373.86033432,22.7795328
2848,4590,380.18685456,22.77514368
2848,4591,386.519166,22.82781312
2848,4592,392.85452544,22.7795328
2848,4593,399.18150288,22.7795328
2848,4594,405.50863272,22.7795328
2848,4595,411.83557968,22.78611648
2848,4596,418.11601416,21.47267232
2848,4597,423.46878984,18.84249216
2848,4598,429.30979416,22.70382048
2848,4599,435.70724136,22.99679424
2848,4600,441.94000512,21.84465024
2848,4601,447.98434152,21.7590624
2848,4602,454.02791592,21.84245568
2848,4603,460.41073272,24.23013696
2848,4604,467.20356648,24.49348416
2848,4605,474.00709872,24.45617664
2848,4606,480.7948728,24.41777184
2848,4607,487.57825776,24.3212112
2848,4608,493.98027696,21.64055616
2848,4609,499.92171288,21.3640416
2848,4610,503.1863952,21.3530688
2863,3658,20.86270656,21.9894912
2863,3659,25.38535944,21.20713056
2863,3660,31.39555824,22.3515936
2863,3661,37.54581264,21.83806656
2863,3662,43.87492368,23.564088
2863,3663,50.55421944,25.02237312
2863,3664,57.933336,29.02195872
2863,3665,67.21900704,36.66231936
2863,3666,77.42282712,35.92714176
2863,3667,86.8620564,32.83500672
2863,3668,95.98155048,33.00727968
2863,3669,105.38088144,34.21538496
2863,3670,115.02475344,36.19048896
2863,3671,125.45510088,37.98454176
2863,3672,136.17857448,40.160448
2863,3673,147.92654184,43.31622528
2863,3674,159.54597504,39.73031424
2863,3675,170.26423656,38.39163264
2863,3676,180.93525408,38.22045696
2863,3677,190.89596568,32.534352
2863,3678,198.84551544,24.44849568
2863,3679,204.81221928,19.57876704
2863,3680,210.2138544,19.6358256
2863,3681,215.65837488,19.46684448
2863,3682,220.6907448,16.66000224
2863,3683,225.24448728,16.7006016
2863,3684,230.51161416,21.31685856
2863,3685,236.36282928,20.8976976
2863,3686,242.5631928,23.62334112
2863,3687,249.25151064,24.14345184
2863,3688,256.44646704,28.78823808
2863,3689,264.8212128,30.42428256
2863,3690,273.36615888,31.7552832
2863,3691,282.4471872,32.9184
2863,3692,291.5911872,32.9184
2863,3693,300.73555296,32.91071904
2863,3694,309.84218448,32.5178928
2863,3695,318.53294688,30.78528768
2863,3696,327.31734384,31.88805408
2863,3697,335.879694,28.62913248
2863,3698,343.38664368,26.44005888
2863,3699,350.70156936,26.3402064
2863,3700,357.772716,23.53885056
2863,3701,363.97603608,22.1815152
2863,3702,370.31611992,24.08858784
2863,3703,377.23767072,25.09259904
2863,3704,384.20866008,25.12551744
2863,3705,391.46753304,28.17376128
2863,3706,399.66738456,29.80651392
2863,3707,407.9472156,29.80102752
2863,3708,416.40486696,31.81234176
2863,3709,425.57319,34.33279392
2863,3710,435.77984472,38.20948416
2863,3711,446.09372808,35.87886144
2863,3712,455.9940588,35.19196416
2863,3713,465.66493608,34.87923936
2863,3714,475.081854,32.65724736
2863,3715,484.07247864,32.31379872
2863,3716,492.85699752,30.75566112
2863,3717,498.6934146,29.1218112
2866,3687,32.0810636,54.8237664
2866,3688,44.26939584,55.07687232
2866,3689,60.81055656,65.0522448
2866,3690,78.45387408,60.5259648
2866,3691,88.4439684,56.5867296
2866,3715,475.1281836,54.0245808
2866,3716,487.29775032,55.42580736
2866,3717,502.75946184,55.6759872
2866,3718,512.0400732,55.68696
