VehID,Time,Position,Speed
4,16,18.2134256,29.187648
4,17,23.48231016,29.48062176
4,18,32.04511752,31.83428736
4,19,40.88029416,31.34819232
4,20,49.59754368,32.67809568
4,21,58.24932216,27.82482624
4,22,65.68171776,26.6309856
4,23,73.07720208,26.63976384
4,24,80.5405044,26.65622304
4,25,86.4478332,14.50494432
4,26,89.88878136,11.8012464
4,27,91.91103792,1.80722016
4,28,92.34809064,2.17590624
4,29,93.17114208,3.71539008
4,30,94.36961568,5.27352768
4,31,95.89672464,5.75962272
4,32,97.3732368,3.73404384
4,33,98.12496504,2.63127744
4,34,98.88004608,2.7432
4,35,99.60784752,2.29002336
4,36,100.16416848,1.91914272
4,37,100.81220376,3.55628448
4,38,102.43712304,7.6096368
4,39,105.12146616,12.15018144
4,40,109.19926344,17.63987328
4,41,114.4993392,19.68959232
4,42,120.2533536,22.35269088
4,43,126.8217936,24.02714016
4,44,133.88437536,25.43165856
4,45,140.43230232,23.77915488
4,46,147.24924576,24.42435552
4,47,154.0315944,24.853392
4,48,160.95122496,23.88339648
4,49,167.47775496,25.19684064
4,50,175.03069896,28.33506144
4,51,183.08509992,29.77579008
4,52,191.73867672,32.27429664
4,53,200.8747824,32.69236032
4,54,209.60657088,30.70518624
4,55,218.13731328,30.89721024
4,56,226.8356652,32.02631136
4,57,235.97789736,32.82293664
4,58,244.76665296,30.6360576
4,59,253.02862272,29.75494176
4,60,262.00376352,33.90156288
4,61,271.07381904,32.13055296
4,62,280.09471032,32.2271136
4,63,288.9490284,31.82002272
4,64,297.8205372,32.38512192
4,65,306.93448392,32.69784672
4,66,316.00417368,32.87780064
4,67,325.5495648,36.27827136
4,68,335.47504152,34.02884736
4,69,345.16295712,37.20108384
4,70,355.77167352,38.07122688
4,71,366.28389024,37.75301568
4,72,376.84810584,38.8053072
4,73,388.27103448,43.21966464
4,74,399.86242608,38.88101952
4,75,409.83197688,34.24171968
4,76,419.38730448,33.1707744
4,77,427.837854,28.40199552
4,78,435.24050112,25.19793792
4,79,442.17521928,24.9795792
4,80,448.76722032,21.753576
4,81,454.58972328,20.86587648
4,82,460.38564768,20.86807104
4,83,466.18257792,20.94597792
4,84,472.02010752,20.94926976
4,85,477.58666992,17.80446528
4,86,481.89279288,14.63332608
4,87,485.9793684,14.7474432
4,88,490.07548416,14.7474432
4,89,494.17159992,14.7474432
4,90,498.28374816,15.553944
4,91,502.1875148,19.952208
7,14,24.29917416,23.69246976
7,15,30.81061656,23.93935776
7,16,37.82942904,25.82667936
13,96,465.5707224,17.8746912
13,97,469.31485512,18.02172672
13,98,474.30238896,17.88785856
13,99,479.23319952,16.62488928
13,100,482.84995632,10.28809728
13,101,485.6780736,10.19263392
13,102,488.50835496,10.19153664
13,103,491.33857536,10.19263392
13,104,494.23889976,11.9713248
13,105,498.47504064,17.22619872
13,106,502.7807064,17.2643292
21,8,21.5197944,21.9675456
21,9,26.90670768,23.77147392
21,10,33.76550016,25.73011872
21,11,40.98423096,25.04980512
21,12,47.62219584,22.8398832
21,13,53.35475232,18.66692736
21,14,58.41738888,18.61974432
21,15,63.8626104,20.19214656
21,16,69.4687968,20.1789792
21,17,75.0758976,20.33040384
21,18,80.73505824,19.2517776
21,19,84.96202464,11.53460736
21,20,87.83598384,11.11654368
21,21,91.75677864,14.44788576
21,22,95.03026968,10.32430752
21,23,97.4730588,5.8923936
21,24,98.213418,0.67153536
21,25,98.2653864,0
21,26,98.27837088,0.48170592
21,27,98.72935296,2.46229632
21,28,99.57986688,3.83938272
21,29,100.87758336,4.90374432
21,30,102.1642356,4.5646848
21,31,103.16827728,2.87816544
21,32,103.95822744,2.51496576
21,33,104.78697864,3.41912448
21,34,105.4862508,2.09909664
21,35,106.60733568,5.86715616
21,36,108.56588904,8.0869536
21,37,111.1175832,10.9782864
21,38,114.68715696,14.62783968
21,39,119.29067328,18.24337728
21,40,124.56289032,20.19653568
21,41,130.46692728,22.6204272
21,42,136.76830152,20.57619456
21,43,141.965172,18.07329888
21,44,147.1835004,19.51183296
21,45,152.89051464,21.4408512
21,46,159.127698,23.68808064
21,47,165.78321936,23.99641632
27,18,21.344636,29.7472608
27,19,26.51921544,29.5662096
27,20,34.78264824,29.64082464
27,21,42.63606408,28.1507184
27,22,50.47189296,26.08454016
27,23,57.28901928,24.222456
27,24,63.98858424,23.98983264
27,25,70.64995776,23.975568
27,26,77.24458008,21.68335008
27,27,81.26083824,8.77714272
27,28,83.6086212,7.79836896
27,29,85.17815832,4.05774144
27,30,86.29430544,4.0270176
27,31,87.40819704,4.17844224
27,32,88.62986592,3.57493824
27,33,89.50906152,3.5332416
27,34,90.45299664,3.0394656
27,35,91.32893088,3.2534352
27,36,92.09513712,2.24503488
27,37,92.73009648,2.73551904
27,38,93.79659168,5.30754336
27,39,95.86718952,9.45745632
27,40,98.35597296,9.17106624
27,41,101.96605464,16.50748032
27,42,106.65982224,16.6292784
27,43,111.95965416,22.43718144
27,44,118.60984152,24.4803168
27,45,125.77081272,26.87677632
27,46,133.0868052,25.71256224
27,47,139.87445736,23.97227616
27,48,146.50647864,23.70892896
27,49,153.22088736,23.83072704
27,50,159.61233,22.95290304
27,51,166.2787632,24.69757824
27,52,173.21366424,25.47225792
27,53,180.60171144,27.19169568
27,54,188.0873556,27.212544
27,55,195.71076936,27.432
27,56,203.31190224,27.35628768
27,57,211.19137848,29.67374304
27,58,219.41262696,28.40089824
27,59,227.02595184,27.29922912
27,60,234.64488504,27.50222592
27,61,242.37217464,28.20997152
27,62,250.25610096,28.419552
27,63,258.08293824,27.95430528
27,64,264.53025072,19.62046368
27,65,271.05275736,26.11745856
27,66,277.84549968,22.40974944
27,67,283.9975524,23.13834336
27,68,290.67901224,23.91082848
27,69,297.37662648,25.51834368
27,70,304.86748272,27.43529184
27,71,312.42896112,27.130248
27,72,320.04819912,28.39212
27,73,328.72049064,33.30464256
27,74,337.92599928,32.79660192
27,75,346.99776168,32.78124
27,76,356.13728112,32.6934576
27,77,365.1619824,32.6934576
27,78,374.30418408,32.90303808
27,79,383.22308928,32.35768992
27,80,392.70947112,34.88143392
27,81,402.38805984,34.84193184
27,82,412.07338464,34.91764416
27,83,421.4131272,31.8046608
27,84,430.09511136,31.2011568
27,85,438.77298072,31.26479904
27,86,447.4634688,31.19128128
27,87,455.99174232,30.34198656
27,88,464.41879176,30.3343056
27,89,471.92604624,21.60873504
27,90,477.19311216,18.65376
27,91,482.5881636,19.99573344
27,92,488.24732424,21.60434592
27,93,494.58237888,23.1196896
27,94,499.0776912,23.1196896
31,20,24.0205641,24.393906
31,21,30.06772752,24.67014624
31,22,37.26658536,26.00992512
31,23,44.42539248,25.16501952
31,24,49.81282392,13.10042592
31,25,53.1114,11.74967424
31,26,56.37449736,11.74747968
31,27,59.63768616,11.74967424
31,28,62.90206368,11.75516064
31,29,66.16656312,11.74747968
31,30,69.42966048,11.74967424
31,31,72.69275784,11.7518688
31,32,75.95542848,11.76503616
31,33,79.2832044,11.7299232
31,34,81.95343528,7.53172992
31,35,83.82432816,5.84630784
31,36,85.17267192,3.76586496
31,37,86.08326192,3.39388704
31,38,87.05810376,3.88327392
31,39,88.3258584,5.75633088
31,40,90.17139192,7.36933248
31,41,92.38116144,9.00208512
31,42,95.73182784,14.7364704
31,43,100.16365032,16.706088
31,44,105.13402392,19.58315616
31,45,110.7845892,20.39185152
31,46,116.55192336,21.08862432
31,47,122.64441816,23.2403904
31,48,129.0841716,23.14821888
31,49,135.56318328,23.79780864
31,50,142.83290712,26.2195056
31,51,149.1532704,21.99826944
31,52,155.9103816,26.00882784
31,53,163.36889856,27.07757856
31,54,168.97813296,26.88116544
32,61,233.2920912,21.9968064
32,62,237.32096808,22.44925152
32,63,243.930678,25.33180608
32,64,250.745244,23.33475648
32,65,257.3638236,24.7326912
32,66,264.45996384,26.25132672
32,67,271.68110256,24.97189824
32,68,278.19473952,24.0359184
32,69,285.00324,22.7795328
32,70,291.25648632,23.15919168
32,71,297.83992248,24.4583712
32,72,304.495962,22.93973568
32,73,311.01161064,24.77219328
32,74,318.35863176,27.56916
32,75,326.5075512,31.28455008
32,76,335.36540496,32.15908224
32,77,343.85911416,28.67302368
32,78,351.79107696,28.8090864
32,79,359.75687256,28.40967648
32,80,367.7043192,29.48830272
32,81,376.69844904,34.8166944
32,82,386.42312352,35.09759808
32,83,396.15477792,34.9373952
32,84,405.83629272,34.8770448
32,85,415.77591216,36.5833152
32,86,425.90590968,35.95018464
32,87,435.6093396,34.27244352
32,88,445.12617096,34.3229184
32,89,454.16745336,28.15401024
32,90,460.92261384,23.07689568
32,91,467.34188472,23.22502848
32,92,473.78861808,23.09116032
32,93,480.2000556,23.07909024
32,94,486.6112188,23.08018752
32,95,493.01781,22.60835712
32,96,498.09157176,13.51629504
32,97,501.58092216,12.49033824
32,98,503.6691984,12.5419104
41,55,208.55690064,27.7995888
41,56,216.26712144,27.7392384
41,57,223.91510208,27.1247616
41,58,230.5652742,25.0810776
43,21,13.9554966,27.4429728
43,22,19.27521672,26.43566976
43,23,26.1544308,23.32597824
43,24,33.0429108,29.06365536
43,25,41.5783776,28.00148832
43,26,48.43369536,22.80367296
43,27,54.39375456,20.0582784
43,28,58.60776696,8.98562592
43,29,60.44217528,6.2106048
43,30,62.16783096,6.21718848
43,31,63.89555928,6.21389664
43,32,65.62081872,6.2106048
43,33,67.3461696,6.2106048
43,34,69.07145952,6.2106048
43,35,70.7968104,6.2106048
43,36,72.52203936,6.2106048
43,37,74.24739024,6.2106048
43,38,75.97268016,6.2106048
43,39,77.72348184,6.5178432
43,40,79.60394544,7.4724768
43,41,81.90207648,8.50392
43,42,84.32541936,9.31261536
43,43,87.30840552,13.44606912
43,44,91.6897836,16.39007136
43,45,96.31564176,17.58062016
43,46,101.59828296,20.2064112
43,47,107.56516968,23.5970064
43,48,114.90728352,26.93602944
43,49,120.93119832,16.23316032
43,50,126.84690912,26.03406528
43,51,133.52806416,23.90095296
43,52,140.20918872,24.10065792
43,53,146.70981072,23.39181504
43,54,153.61225056,26.28205056
43,55,161.1398352,27.38152512
43,56,168.7993068,27.7447248
43,57,176.7792756,30.11155776
43,58,184.86418704,27.20596032
43,59,192.92858544,31.07277504
43,60,201.51297264,31.2066432
43,61,210.41170008,32.71759776
43,62,219.48977184,30.89501568
43,63,227.341938,27.30252096
43,64,234.8406276,26.35447104
43,65,242.05481688,25.74109152
43,66,249.20438856,25.78608
43,67,256.32040176,25.45031232
43,68,263.25496752,24.12260352
43,69,269.7909768,23.1910128
43,70,276.41007456,24.85778112
43,71,283.27993128,24.003
43,72,289.61980176,21.77113248
43,73,295.66435152,21.94121088
43,74,301.76071728,21.9456
43,75,307.85488848,21.80514816
43,76,313.87682208,21.80514816
43,77,319.97175528,22.13652672
43,78,326.42946144,24.2553744
43,79,333.12265608,23.26014144
43,80,339.32052024,22.28356224
43,81,346.18034904,27.61195392
43,82,354.31229112,30.08083392
43,83,362.5739256,29.68032672
43,84,370.9106628,30.4330608
43,85,379.91021808,34.12760256
43,86,389.2550508,33.95752416
43,87,399.08768544,35.94579552
43,88,409.07156184,35.96774112
43,89,419.10463296,36.25083936
43,90,429.175164,36.2541312
43,91,438.91437744,31.39098624
43,92,446.48783448,25.61819616
43,93,453.60546312,25.621488
43,94,460.72300032,25.621488
43,95,467.8533696,25.77730176
43,96,475.00394712,25.51834368
43,97,480.75186552,13.45375008
43,98,483.612444,9.6780096
43,99,486.30071904,9.6780096
43,100,488.9889636,9.6780096
43,101,491.6771472,9.6780096
43,102,494.36542224,9.6780096
43,103,497.05375824,9.67362048
43,104,500.48958576,18.81067104
43,105,507.28799736,26.39945952
43,106,511.3205928,26.4005568
45,90,450.2393967,31.0763412
45,91,456.81863424,21.83696928
45,92,462.66927024,21.00962016
45,93,468.52292376,21.17092032
45,94,474.38578224,21.00632832
45,95,480.22090392,21.00084192
45,96,485.84260464,17.73862848
45,97,489.73349856,11.72004768
45,98,492.90372336,11.39964192
45,99,495.81142392,7.9059024
45,100,498.79937832,15.98298048
45,101,502.29948816,16.95517056
50,87,343.72180176,22.06191168
50,88,348.37234872,22.3625664
50,89,354.58325832,22.38890112
50,90,361.12316904,25.27913664
50,91,368.37500112,26.389584
50,92,376.2897732,31.30869024
50,93,385.24046904,32.40158112
50,94,393.955524,30.75785568
50,95,403.12826664,34.83864
50,96,412.75540512,33.77866752
50,97,421.73109456,31.5468
50,98,430.28780592,27.80617248
50,99,436.72990632,20.80113696
50,100,442.49922168,20.80772064
50,101,448.17109248,18.53086464
50,102,452.51305992,14.20319232
50,103,456.45945792,14.209776
50,104,460.4058864,14.209776
50,105,462.97088,14.209776
61,27,19.9464168,15.7788864
61,28,22.85460504,16.10148672
61,29,28.08079728,21.27516192
61,30,34.43822424,23.7177072
61,31,40.69131816,20.18556288
61,32,45.04520328,11.93621184
61,33,48.03120696,9.2006928
61,34,50.20229736,7.08184512
61,35,51.85336848,5.94945216
61,36,53.8302708,7.03466208
61,37,55.80860568,8.1857088
61,38,58.28178336,9.05585184
61,39,60.6684588,7.62280416
61,40,62.6109492,6.87665376
61,41,64.59711744,8.9538048
61,42,67.67879784,12.5254512
61,43,71.61986184,15.0217632
61,44,75.79092792,15.08869728
61,45,80.12271504,16.1793936
61,46,85.16069328,21.67786368
61,47,91.66469856,21.73931136
61,48,97.04304696,18.67790016
61,49,102.38896464,20.20421664
61,50,108.09920976,20.39404608
61,51,113.54184048,19.41856416
61,52,119.0932848,19.90136736
61,53,124.6031544,19.9375776
61,54,130.13216544,21.22907616
61,55,136.39955448,22.21992
61,56,142.58504376,22.77514368
61,57,149.22986664,25.29669312
61,58,156.21603504,24.47044128
61,59,163.57729032,29.44660608
61,60,171.57990576,26.98101792
61,61,179.00666256,26.90201376
61,62,186.49703112,26.93712672
61,63,193.93969848,26.60904
61,64,201.27126624,26.47407456
61,65,208.5941472,26.84824704
61,66,216.3459732,27.45284832
61,67,223.4749404,24.06115584
61,68,230.34875952,26.02967616
61,69,237.60894312,26.46858816
61,70,245.11948944,27.32885568
61,71,252.67435368,27.0644112
61,72,259.9809888,25.3910592
61,73,267.00214824,25.08052896
61,74,273.6726048,23.152608
61,75,280.2995664,24.82266816
61,76,286.86565944,22.05093888
61,77,292.99826592,23.3172
61,78,300.03253176,25.8299712
61,79,307.1013924,24.89947776
61,80,314.10072816,26.3127744
61,81,321.2846508,25.67196288
61,82,328.7205516,27.42761088
61,83,336.33847896,27.42870816
61,84,343.90696776,27.1686528
61,85,351.50520504,27.432
61,86,359.08875096,26.99089344
61,87,366.62301072,27.432
61,88,374.30634816,28.69496928
61,89,382.96983096,34.27683264
61,90,392.98507128,36.265104
61,91,402.9210636,35.59247136
61,92,413.10400488,37.9823472
61,93,423.29154864,34.33828032
61,94,432.51308976,31.04534304
61,95,439.7146908,21.12044544
61,96,444.57573264,15.15124224
61,97,448.94625984,19.9595232
61,98,456.6196608,25.17270048
61,99,461.202024,14.319504
61,100,465.18048696,14.319504
61,101,469.1800116,14.4731232
61,102,473.18032872,14.27451552
61,103,476.94476112,12.7174752
61,104,480.31094184,11.81002464
61,105,484.20552384,16.4537136
61,106,488.58044016,14.4018
61,107,492.5045268,15.54736032
61,108,497.381784,20.860512
67,30,21.65881368,26.4389616
67,31,28.5583884,22.75539264
67,32,34.29265176,18.19399968
67,33,39.22742472,17.83189728
67,34,43.16193552,8.88357888
67,35,44.8792092,5.54455584
67,36,46.26037992,3.9611808
67,37,47.48116488,6.19304832
67,38,49.66737336,9.19191456
67,39,52.32681432,8.31079872
67,40,54.26220288,6.58477728
67,41,55.99974576,5.37338016
67,42,57.68909976,9.52000128
67,43,61.4047032,16.38897408
67,44,66.50891448,18.31689504
67,45,70.53294504,11.80453824
67,46,74.20191408,14.7364704
67,47,78.72261624,17.79897888
67,48,83.794854,18.61425792
67,49,88.86846336,17.89773408
67,50,94.08761472,19.0048896
67,51,98.98194072,16.35934752
67,52,103.61819256,17.27447904
67,53,108.63218304,18.43540128
67,54,113.51919384,16.95187872
67,55,118.53988992,19.72031616
67,56,124.42024392,22.22321184
67,57,131.10755592,27.31349376
67,58,138.91985424,27.62731584
67,59,146.40144456,26.08124832
67,60,153.6781788,25.50846816
67,61,160.7548728,26.45432352
67,62,168.26234064,27.7721568
67,63,176.37456216,30.30577632
67,64,184.803288,30.2465232
67,65,192.69099384,26.27546688
67,66,199.95102504,26.34240096
67,67,207.330294,26.79777216
67,68,214.61726952,25.56442944
67,69,221.67351144,25.3252224
67,70,229.01507664,27.44736192
67,71,236.2766928,25.79376096
67,72,243.75182136,27.29045088
67,73,251.36712744,27.41663808
67,74,258.96225576,27.55379808
67,75,266.4749052,24.92252064
67,76,272.69959176,21.54180096
67,77,278.7813576,21.9456
67,78,284.88128952,22.21882272
67,79,291.3814848,25.182576
67,80,298.78794192,27.35957952
67,81,306.40733232,27.36506592
67,82,313.9545156,27.21144672
67,83,321.6085008,28.30762944
67,84,329.78028024,29.7527472
67,85,337.68871248,26.98540704
67,86,345.1238208,27.14890176
67,87,352.7817684,28.8036
67,88,361.42354944,32.49814176
67,89,370.81684536,35.95676832
67,90,379.0716828,38.011608
77,32,13.9306662857143,17.0595689142857
77,33,18.59633568,22.88487168
77,34,24.82172328,18.82493568
77,35,29.33602464,15.02395776
77,36,33.23786088,12.28843872
77,37,35.74974816,6.91615584
77,38,37.7409456,7.64365248
77,39,40.00024512,8.49733632
77,40,42.36055536,8.39090016
77,41,44.59739112,7.74350496
77,42,46.50815184,5.92421472
77,43,48.10929672,5.57198784
77,44,49.74982176,7.0994016
77,45,51.62126328,7.00503552
77,46,54.2774124,10.643616
77,47,57.56629584,14.13077184
77,48,62.23110744,19.5645024
77,49,68.00173344,20.95036704
77,50,73.82106648,20.96572896
77,51,79.70745552,21.20822784
77,52,85.46009832,20.40172704
77,53,91.29214152,21.11934816
77,54,96.64375896,17.47089216
77,55,101.36005128,15.07223808
77,56,107.16896016,27.90712224
77,57,113.41233096,18.2203344
77,58,119.34529344,23.49495936
77,59,125.52294936,20.29968
77,60,130.89139176,21.91487616
77,61,138.03456264,27.4813776
77,62,145.8253116,26.71218432
77,63,152.3067312,22.32525888
77,64,158.95146264,25.33948704
77,65,166.1437368,24.79413888
77,66,172.49128824,22.03996608
77,67,179.1948156,26.05710816
77,68,186.18305664,24.12808992
77,69,192.64972392,22.54800672
77,70,198.89644752,22.40536032
77,71,205.03960008,22.2089472
77,72,211.67220048,25.33948704
77,73,218.74590744,25.31644416
77,74,225.29615088,21.93901632
77,75,231.45954216,23.8000032
77,76,238.77855216,27.0424656
77,77,246.07122744,26.54539776
77,78,253.6809252,27.1905984
77,79,261.02008248,26.28643968
77,80,268.33040568,25.9835904
77,81,275.51429784,25.92324
77,82,282.81373968,26.9711424
77,83,289.83730704,24.15003552
77,84,297.051984,26.88006816
77,85,304.63955328,28.43381664
77,86,312.45243072,27.24985152
77,87,320.05670304,27.953208
77,88,328.27289184,30.75346656
77,89,336.4897512,27.95759712
77,90,344.06960904,27.17304192
77,91,351.66821208,27.432
77,92,359.24319312,27.00186624
77,93,366.7112808,26.87897088
77,94,374.25526368,27.432
77,95,382.07743752,30.12691968
77,96,390.94419144,32.38512192
77,97,399.73693992,30.11923872
77,98,407.366724,25.13100384
77,99,414.50288448,27.66572064
77,100,422.27086488,26.8888464
77,101,429.75224184,27.17852832
77,102,436.57375728,22.1485968
77,103,442.70099928,22.12445664
77,104,448.68504624,18.9609984
77,105,452.84898,12.9863088
77,106,456.58619376,15.0491952
77,107,461.27276808,17.55757728
77,108,466.15017768,17.56525824
77,109,471.06233448,17.7046128
77,110,475.94943672,17.5619664
77,111,480.82727304,17.55867456
77,112,485.72641488,18.41126112
77,113,491.674404,24.496776
77,114,498.73564464,25.53590016
77,115,503.7012786,25.5995424
81,96,423.76685376,36.4516416
81,97,431.27581512,34.71464736
81,98,440.29749888,31.3876944
81,99,448.52953728,24.26744448
81,100,453.52435584,15.56930592
81,101,457.96440792,16.1190432
81,102,462.441798,16.1190432
81,103,466.920072,16.1958528
81,104,471.43815288,16.19804736
81,105,475.91788992,16.12123776
81,106,480.39540192,16.1190432
81,107,484.872792,16.1190432
81,108,489.35021256,16.1190432
81,109,493.8276636,16.1190432
81,110,498.30465744,16.0861248
81,111,502.764552,16.0861248
81,112,505.450602,16.1190432
94,38,23.2815384,14.63113152
94,39,27.20669184,12.96875232
94,40,30.13743528,7.53721632
94,41,31.85946384,6.03504
94,42,33.61605672,7.18498944
94,43,35.83615896,8.23069728
94,44,38.00798088,6.71864544
94,45,39.86393856,8.02331136
94,46,42.02807952,6.86129184
94,47,43.99653888,8.63778816
94,48,47.11891008,11.20103424
94,49,49.74744432,9.04597632
94,50,52.6886424,13.69515168
94,51,57.0549024,16.1793936
94,52,62.22845568,23.40607968
94,53,69.59050344,27.267408
94,54,77.19864672,27.57793824
94,55,84.590382,24.71294016
94,56,91.08804744,22.4777808
94,57,97.27914504,22.47558624
94,58,103.2569436,20.2887072
94,59,108.66641208,19.21117824
94,60,114.04034088,19.32529536
94,61,119.39067816,19.30993344
94,62,124.9644948,20.3764896
94,63,130.76471688,23.75172288
94,64,137.8483908,25.70268672
94,65,144.967452,25.3307088
94,66,152.20648248,26.60465088
94,67,159.62689944,26.94151584
94,68,167.14281024,26.49492288
94,69,174.15698976,24.03701568
94,70,180.68260536,23.62114656
94,71,187.14195744,22.95729216
94,72,193.5265116,22.72905792
94,73,199.74857688,21.91707072
94,74,205.8338784,22.43059776
94,75,212.42520888,24.68550816
94,76,219.25312512,23.65955136
94,77,225.68089992,24.76451232
94,78,233.04511176,26.04503808
94,79,239.98985784,26.06149728
94,80,247.98201864,30.18178368
94,81,256.30750872,29.64082464
94,82,264.28967208,26.5102848
94,83,271.34798664,26.17671168
94,84,278.83146672,26.5596624
94,85,285.6384432,24.46166304
94,86,293.01152472,26.9821152
94,87,300.36662304,26.69901696
94,88,307.91755536,27.17633376
94,89,315.46604928,27.36506592
94,90,323.17270392,28.57646304
94,91,331.29684312,29.00001312
94,92,339.0775032,27.29813184
94,93,346.62880128,27.30910464
94,94,354.15592872,26.88006816
94,95,361.6674504,27.98832096
94,96,369.911376,30.70299168
94,97,378.51783072,31.0201056
94,98,387.15540552,31.13751456
94,99,395.56508136,29.15582688
94,100,403.57888296,28.8255456
94,101,411.58753344,28.8749232
94,102,419.6209032,28.8749232
94,103,427.62961464,28.8255456
94,104,435.34739448,23.74733376
94,105,440.200542,14.20648416
94,106,444.16205808,14.2975584
94,107,448.13241336,14.09785344
94,108,451.7317356,11.92633632
94,109,455.0228136,11.84184576
94,110,458.74207464,16.94090592
94,111,464.20143888,20.3764896
94,112,469.88726952,20.5301088
94,113,475.48126392,19.02244608
94,114,479.6098104,16.2287712
94,115,486.01082376,25.09040448
94,116,493.99006104,38.8327392
94,117,500.07774,55.0944288
102,38,18.2569104,10.14984
102,39,20.6767176,10.29468096
102,40,23.30366688,7.8290928
102,41,25.19199432,6.58806912
102,42,26.96571696,6.02845632
102,43,28.4681676,5.06284992
102,44,29.91227952,5.23622016
102,45,31.45523808,6.03833184
102,46,33.73943976,10.55473632
102,47,36.33853032,7.65133344
102,48,38.56003464,8.5094064
102,49,40.93399992,8.84517408
102,50,43.58027352,10.17398016
102,51,46.58343744,11.93730912
102,52,50.47378272,16.8213024
102,53,56.40884832,24.54834816
102,54,63.24435408,23.98763808
102,55,69.10788312,20.86148736
102,56,75.75663792,25.12003104
102,57,82.72189704,24.81718176
102,58,89.58974208,24.61308768
102,59,96.34566456,23.64748128
102,60,102.51347544,20.8867248
102,61,108.13651728,20.32601472
102,62,113.87751672,20.56631904
102,63,119.80916856,22.10141376
102,64,125.88532608,21.29052384
102,65,132.20194032,25.155144
102,66,139.46206296,26.5486896
102,67,146.68353696,25.64014176
102,68,153.72578856,25.1057664
102,69,160.72649592,24.98177376
102,70,167.6599644,24.69538368
102,71,174.25169112,23.46094368
102,72,180.68028888,22.2363792
102,73,186.78531096,22.000464
102,74,192.89185704,21.9456
102,75,198.9873084,21.89951424
102,76,205.06032648,22.07507904
102,77,211.48221864,24.02823744
102,78,218.10805248,23.06921472
102,79,224.3934552,24.15552192
102,80,231.75839856,27.43419456
102,81,239.35809888,27.24985152
102,82,246.9477408,27.432
102,83,254.59922664,28.06513056
102,84,262.65237792,29.16241056
102,85,270.39393216,26.91847296
102,86,277.94184696,27.43419456
102,87,285.5619384,27.432
102,88,293.16874056,27.3003264
102,89,300.76652064,27.43529184
102,90,308.37152448,27.16755552
102,91,315.92849184,27.41224896
102,92,323.74374672,29.61339264
102,93,332.18344536,29.6155872
102,94,339.9850452,27.18401472
102,95,347.5472856,27.41773536
102,96,355.10794104,26.86470624
102,97,362.35696896,25.92982368
102,98,369.8530068,28.30543488
102,99,378.44812296,33.1543152
102,100,387.9375528,34.85729376
102,101,397.30381296,31.75199136
102,102,405.87856848,30.82698432
102,103,414.40086792,30.35954304
102,104,422.41220064,27.01064448
102,105,429.04461816,19.62156096
102,106,433.29167088,11.84294304
102,107,436.49548464,13.359384
102,108,440.544204,14.14723104
102,109,445.33501992,22.81135392
102,110,450.626988,26.1262368
103,113,483.5950323,19.8827136
103,114,488.80443768,21.90829248
103,115,494.99495616,22.63249728
103,116,501.56693184,24.43203648
103,117,508.37101272,24.5132352
103,118,514.839339466667,24.5132352
109,45,20.9851752,8.010144
109,46,22.60537008,6.5781936
109,47,24.7195848,9.80639136
109,48,27.43096368,7.62938784
109,49,29.16945144,6.32143008
109,50,31.06908696,7.43736384
109,51,33.56469792,10.13447808
109,52,36.37236312,10.29687552
109,53,39.53953992,12.10519296
109,54,43.0839372,14.70684384
109,55,47.77627224,17.9240688
109,56,53.31268992,23.17016448
109,57,60.30339984,26.5706352
109,58,68.01194424,28.1891232
109,59,75.85716096,28.47002688
109,60,83.62108752,26.06808096
109,61,90.33732504,23.4598464
109,62,96.85977072,23.289768
109,63,103.09238208,21.698712
109,64,109.01272584,21.03156576
109,65,114.84089808,21.19067136
109,66,120.86548344,21.87647136
109,67,127.05316728,23.2129584
109,68,134.34221544,27.80068608
109,69,141.64580256,26.04723264
109,70,149.07990504,26.60245632
109,71,156.29589264,25.98249312
109,72,163.33634592,24.80511168
109,73,170.0244504,23.04178272
109,74,176.38163352,22.97375136
109,75,182.66535984,22.08166272
109,76,188.77007712,22.00265856
109,77,194.87247792,21.9456
109,78,200.960736,21.85123392
109,79,207.04003296,22.26271392
109,80,213.73130736,25.73450784
109,81,221.01163824,26.73193536
109,82,228.55476768,27.41773536
109,83,236.1754992,27.3881088
109,84,243.74715792,27.28496448
109,85,251.36176296,27.48028032
109,86,259.1793648,29.12839488
109,87,267.22904136,27.67669344
109,88,274.7392524,27.3058128
109,89,282.3603192,27.432
109,90,289.98010584,27.37823328
109,91,297.669966,28.59182496
109,92,305.86174032,29.65179744
109,93,314.0663772,29.61997632
109,94,322.46157504,31.6455552
109,95,331.38794784,30.4550064
109,96,339.23426184,27.22790592
109,97,346.49136696,24.990552
109,98,353.4489756,25.96493664
109,99,360.88359624,26.97882336
109,100,368.48149824,28.07500608
109,101,376.42376328,28.48868064
109,102,384.70094256,32.1009264
109,103,393.81031728,31.95498816
109,104,402.0017868,27.9861264
109,105,409.74437736,27.48028032
109,106,417.15427872,24.31243296
109,107,422.69109264,16.29570528
109,108,426.45461064,11.51156448
109,109,429.77147472,12.16005696
109,110,433.22501112,13.85425728
109,111,437.35575216,14.83193376
109,112,441.78833664,18.187416
109,113,447.45941496,21.85013664
109,114,454.01368176,25.83326304
109,115,461.37761928,26.64305568
109,116,468.23470488,22.41523584
109,117,475.51354224,30.39355872
109,118,483.97037064,29.88661536
109,119,491.58537192,25.0783344
109,120,497.5365843,22.9276656
115,60,77.7502128,22.4064576
115,61,81.0888396,20.92074048
115,62,86.72148264,21.61422144
115,63,92.5337748,24.023574
123,49,21.04970136,6.44981184
123,50,22.48698576,4.3781472
123,51,23.62913232,4.0215312
123,52,25.05751656,6.62098752
123,53,27.1473168,8.93405376
123,54,30.06870288,11.8451376
123,55,33.64010544,13.8915648
123,56,37.85469696,16.349472
123,57,42.46098696,15.35314176
123,58,47.18020536,21.33222048
123,59,53.69771328,23.53336416
123,60,60.22988208,24.3705888
123,61,67.23254016,25.44702048
123,62,74.30167512,25.60173696
123,63,81.20929656,22.4613216
123,64,87.2950248,25.19135424
123,65,94.67353176,23.18333184
123,66,100.33510032,20.26346976
123,67,106.0723812,21.39257088
123,68,112.2124248,22.44925152
123,69,118.8851064,25.64782272
123,70,126.09405312,24.67343808
123,71,132.86594712,26.26449408
123,72,140.26831992,25.63575264
123,73,147.09690672,24.22355328
123,74,153.91442928,24.68989728
123,75,160.72253352,23.6134656
123,76,166.92917592,21.71078208
123,77,173.02295088,23.9261904
123,78,180.54136104,26.30289888
123,79,186.53677704,19.284696
123,80,192.065148,20.00012256
123,81,197.28567096,18.02172672
123,82,202.78017864,21.65701536
123,83,209.04147168,24.67672992
123,84,216.54183768,27.35848224
123,85,223.79616912,25.96822848
123,86,231.2968704,27.432
123,87,238.90092936,27.24326784
123,88,246.60615144,28.53805824
123,89,254.48766984,28.82225376
123,90,262.93849368,30.63825216
123,91,271.14255144,29.88771264
123,92,279.99449208,32.92608096
123,93,289.13855304,32.92059456
123,94,298.25893104,32.79001824
123,95,307.38375912,32.69455488
123,96,316.22164848,29.82516768
123,97,324.23746176,30.10497408
123,98,332.81496048,29.69568864
123,99,340.59214584,27.17743104
123,100,348.13704312,27.01283904
123,101,355.34611176,24.62186592
123,102,361.88763792,22.84646688
123,103,368.4044448,24.22903968
123,104,375.243852,25.64233632
123,105,382.74994824,28.56987936
123,106,390.9582732,29.6649648
123,107,399.1314852,28.25166816
123,108,405.90097128,21.6383616
123,109,411.9724044,21.96864288
123,110,418.09016712,21.62409696
123,111,423.46318152,17.32385664
123,112,428.23107648,17.1230544
123,113,432.99988584,17.84287008
123,114,438.15484632,18.8787024
123,115,443.78892192,21.60763776
123,116,449.81917656,21.69980928
123,117,456.06102336,23.66394048
123,118,462.74836584,24.08639328
123,119,469.46612736,24.26524992
123,120,476.1853824,24.11053344
123,121,482.881686,24.1072416
123,122,489.578142,24.1072416
123,123,496.27331784,24.16649472
123,124,500.0719488,24.3266976
126,52,16.8002712,7.9772256
126,53,18.01834344,8.0595216
126,54,20.56275288,10.36710144
126,55,23.4767628,10.4735376
126,56,26.5773408,11.84404032
126,57,30.11716608,14.68599552
126,58,34.79035968,19.6083936
126,59,40.98694368,22.86073152
126,60,47.1635328,22.24076832
126,61,53.50358616,23.59481184
126,62,60.34625472,25.26377472
126,63,67.36378704,25.25280192
126,64,74.38061832,25.40422656
126,65,81.41125704,23.74952832
126,66,87.14107032,19.34065728
126,67,92.84564616,21.36513888
126,68,98.95176552,22.35269088
126,69,105.0868104,22.39658208
126,70,111.64369848,24.95982816
126,71,119.0812452,27.816048
126,72,126.56122008,24.97738464
126,73,133.42744968,26.005536
126,74,140.84719608,26.42140512
126,75,147.61396944,23.19869376
126,76,154.12184568,22.89913632
126,77,160.445958,23.50812672
126,78,166.92240936,22.43059776
126,79,172.99332432,21.52973088
126,80,179.16031224,23.46972192
126,81,185.4935076,21.3201504
126,82,191.36032848,20.72103552
126,83,196.78857264,19.60400448
126,84,202.78947504,24.12699264
126,85,210.3868284,29.31273792
126,86,218.49533136,28.37346624
126,87,225.96777768,27.93016512
126,88,234.83459256,32.36756544
126,89,243.05934624,30.53949696
126,90,252.40494096,34.60601664
126,91,261.20966808,23.57615808
126,92,267.9993624,32.1173856
126,93,277.39555392,33.58335168
126,94,286.5534528,32.92169184
126,95,295.68059736,32.78124
126,96,304.94968728,33.52848768
126,97,313.53626904,28.46234592
126,98,321.14130336,26.36983296
126,99,328.6146336,27.62621856
126,100,336.28663248,27.6185376
126,101,343.904316,27.2893536
126,102,351.49447608,27.16755552
126,103,358.83625464,24.77438784
126,104,365.1836232,21.95767008
126,105,371.28337224,22.41084672
126,106,378.02624928,25.6928112
126,107,385.17216336,25.86179232
126,108,392.35041672,25.71804864
126,109,399.49218552,25.7092704
126,110,406.6160016,24.82705728
126,111,412.31969352,16.60952736
126,112,416.84313888,16.32972096
126,113,421.63230888,18.76787712
126,114,427.0281528,19.2792096
126,115,432.27717456,18.7141104
126,116,437.63659488,20.47414752
126,117,443.5528848,21.53302272
126,118,449.53723656,21.45511584
126,119,455.62064832,23.70015072
126,120,462.6510432,25.65879552
126,121,468.94220664,19.9540368
126,122,475.50452016,26.99528256
126,123,483.00555672,27.00186624
126,124,490.50644088,27.0095472
126,125,497.39010504,20.37429504
150,57,21.2122004,12.0920256
150,58,23.85172776,12.59348256
150,59,27.5202396,13.05872928
150,60,31.46660712,16.03894176
150,61,36.21654936,17.93943072
150,62,41.5919412,21.85562304
150,63,48.29202432,24.7217184
150,64,55.15465728,24.70196736
150,65,62.01945432,24.57029376
150,66,67.14268512,14.99762304
150,67,73.4685348,28.08817344
150,68,81.02281992,24.66465984
150,69,87.27167712,21.97193472
150,70,93.61557096,22.69613952
150,71,99.62302656,21.46169952
150,72,105.56918688,21.74040864
150,73,112.1744772,25.89471072
150,74,119.73802824,28.20667968
150,75,127.3683,26.3018016
150,76,134.82151344,26.24364576
150,77,141.67485,24.12589536
150,78,148.09479144,22.27258944
150,79,154.20255672,22.08276
150,80,160.4355948,22.28136768
150,81,166.5050772,21.86659584
150,82,172.6000104,21.9456
150,83,178.6999728,21.973032
150,84,184.5210432,19.42624512
150,85,189.73836576,19.58205888
150,86,195.67660128,23.03629632
150,87,202.6932192,26.62111008
150,88,210.17813184,27.4978368
150,89,217.85287392,27.60537024
150,90,225.24829728,25.48542528
150,91,232.30243608,25.74877248
150,92,239.63202264,26.70121152
150,93,247.09218552,27.56477088
150,94,255.0799572,29.29298688
150,95,263.19223968,28.74983328
150,96,271.00539144,29.37089376
150,97,279.62190456,30.59106912
150,98,287.79849984,28.3866336
150,99,295.46531712,27.34312032
150,100,303.05325216,27.35957952
150,101,310.258206,24.03152928
150,102,316.61377368,22.13433216
150,103,323.338698,27.35848224
150,104,331.23877872,28.2385008
150,105,338.92991904,27.30471552
150,106,346.2092136,25.46347968
150,107,352.9527612,22.4174304
150,108,358.9920684,21.63616704
150,109,365.23504296,23.17565088
150,110,371.67193128,23.1745536
150,111,377.1424512,23.1604457142857
161,65,25.5028192,24.7326912
161,66,31.00782216,27.18620928
161,67,38.58289464,27.30800736
161,68,46.17503592,27.33982848
161,69,53.76364152,27.3112992
161,70,61.35038784,27.31898016
161,71,68.75772888,22.99240512
161,72,74.52393528,24.94336896
161,73,82.5875412,29.16679968
161,74,90.17434848,26.4609072
161,75,97.58424984,26.82081504
161,76,105.47945376,30.54498336
161,77,114.38711184,32.71320864
161,78,123.40501608,31.56764832
161,79,131.78978976,29.51792928
161,80,139.65484896,25.86947328
161,81,146.3043048,23.18442912
161,82,152.78676072,22.85853696
161,83,158.92695672,22.07398176
161,84,165.12741168,22.2144336
161,85,171.23020872,21.9456
161,86,177.32809848,21.96974016
161,87,183.42867048,21.94889184
161,88,189.53722824,21.99717216
161,89,195.49914672,20.89111392
161,90,201.57149424,24.28500096
161,91,209.00824848,28.20229056
161,92,217.12171968,29.97110592
161,93,225.19824912,27.78532416
161,94,232.82205912,27.4704048
161,95,240.6645936,29.67813216
161,96,249.46029864,32.91949728
161,97,258.54876408,32.8690224
161,98,267.85052856,33.18503904
161,99,276.94487664,32.88877344
161,100,286.08945576,32.8690224
161,101,295.20023256,32.84488224
161,102,304.29893928,32.00326848
161,103,312.6959964,28.3427424
161,104,320.37153096,28.25715456
161,105,328.6594392,30.67555968
161,106,336.73798032,26.33252544
161,107,343.19513784,21.1829904
161,108,349.13809776,21.90609792
161,109,355.23565224,21.9456
161,110,361.25334912,21.52204992
161,111,367.31012136,21.94669728
161,112,373.46491728,23.34353472
161,113,380.38332864,27.05782752
161,114,388.71939528,31.33173312
161,115,397.27604568,30.00951072
161,116,405.63094896,30.45061728
161,117,414.2341728,31.44694752
161,118,422.69916984,29.72421792
161,119,431.10052464,30.60094464
161,120,439.5874368,30.51096768
161,121,448.07160576,30.2904144
161,122,456.3002304,29.50476192
161,123,464.44686384,28.96490016
161,124,472.97958744,32.34452256
161,125,481.8715788,30.641544
161,126,489.81628224,27.54063072
161,127,497.0354931,31.5797184
165,61,21.2055456,17.4686976
165,62,23.64833472,16.74010368
165,63,28.19924256,16.71047712
165,64,33.10161528,18.99720864
165,65,38.72904624,21.53192544
165,66,45.05696856,23.8987584
165,67,51.8521188,24.50665152
165,68,58.62870672,25.70158944
165,69,66.50742096,29.66167296
165,70,74.75095032,29.87454528
165,71,82.91446968,27.2454624
165,72,90.03389664,27.5856192
165,73,98.90817912,34.03652832
165,74,104.9925256,33.3134208
173,68,20.315936,17.0297856
173,69,23.51215008,18.12816288
173,70,29.63466768,25.50188448
173,71,37.18520376,28.64229984
173,72,45.59088672,31.87269216
173,73,54.33279456,30.3343056
173,74,62.6633748,29.96891136
173,75,70.98645696,29.955744
173,76,79.17106848,27.41115168
173,77,86.25263928,24.93459072
173,78,92.8201344,22.40865216
173,79,99.22456152,25.03554048
173,80,106.87275552,30.10277952
173,81,115.8790164,34.22855232
173,82,122.690382,34.674048
175,88,139.076176,31.6528704
175,89,144.76921008,31.68505728
175,90,153.74663688,32.82952032
175,91,162.52954032,30.57131808
175,92,171.10670376,30.90818304
175,93,179.6492724,30.23116128
175,94,187.761372,28.41187104
175,95,195.81656544,30.84124896
175,96,204.54554976,31.01900832
175,97,213.38609088,32.55520032
175,98,221.884494,27.94991616
175,99,229.47133176,27.432
175,100,237.18079056,29.20630176
175,101,245.956074,32.88328704
175,102,255.16152168,34.51933152
175,103,265.44294384,38.0811024
175,104,275.96174424,38.14803648
175,105,286.62404448,38.3170176
175,106,297.2587908,38.36529792
175,107,307.88475888,37.45455552
175,108,317.66886936,33.03141984
175,109,326.67055824,32.63200992
175,110,335.4820824,29.33907264
175,111,343.15395936,27.17194464
175,112,350.63740896,25.51505184
175,113,357.17494224,22.27807584
175,114,363.29514336,23.6408976
175,115,370.58912928,27.43309728
175,116,378.4344984,30.97511712
175,117,388.4810112,38.9753856
175,118,398.06462424,31.217616
175,119,407.07134232,32.9184
175,120,416.23110048,33.01276608
175,121,425.38555512,32.9184
175,122,434.45433048,31.79588256
175,123,443.13451632,31.76296416
175,124,451.95902496,31.72565664
175,125,460.79347008,30.75017472
175,126,469.58923608,34.06176576
175,127,479.1742512,32.78453184
175,128,487.40607624,28.83761568
175,129,495.66886896,28.79043264
175,130,499.9271688,27.8270208
183,101,248.63773488,17.5455072
183,102,252.29304888,17.53892352
183,103,257.23925184,21.13251552
183,104,264.64034448,29.12510304
183,105,272.72796864,30.29919264
183,106,281.66805744,32.78892096
183,107,290.78550936,32.91949728
183,108,299.9299056,32.9184
183,109,309.05101512,32.50253088
183,110,317.57313168,28.38992544
183,111,325.33678392,27.8215344
183,112,332.4970236,24.01507008
183,113,338.673710933333,22.9611936
185,70,20.9434176,17.28216
185,71,25.21561632,20.87136288
185,72,31.73891544,26.65951488
185,73,39.7315944,30.65032224
185,74,48.864012,33.8181696
185,75,57.8158356,30.05230464
185,76,65.88995712,28.92320352
185,77,73.923906,29.07023904
185,78,81.91475616,26.98979616
185,79,88.69311192,22.62371904
185,80,95.13963192,25.35155712
185,81,102.29054472,24.78426336
185,82,109.61525448,28.69277472
185,83,117.88966008,30.50109216
185,84,126.3400572,29.85808608
185,85,134.83172424,30.9542688
185,86,143.2633152,30.47036832
185,87,151.49703,28.89028512
185,88,159.76262688,30.41550432
185,89,168.43174848,31.40744544
185,90,176.11865208,25.76632896
185,91,183.71588352,28.01465568
185,92,191.44119192,27.49454496
185,93,199.21627416,28.77726528
185,94,207.60936888,31.39976448
185,95,216.29696136,30.32662464
185,96,224.16570864,27.14890176
185,97,231.52239192,24.41228544
185,98,237.7689936,21.79417536
185,99,243.70783872,20.44342368
185,100,249.17128728,19.94086944
185,101,254.8725408,20.47634208
186,101,230.4180304,28.7231328
186,102,238.66550184,32.57056224
186,103,247.33047816,28.8365184
186,104,255.112266,29.160216
186,105,263.66440536,30.74468832
186,106,272.25546768,32.1887088
186,107,281.356308,32.91949728
186,108,290.47949016,32.836104
186,109,299.73385824,33.36170112
186,110,308.77925544,32.33025792
186,111,316.0589056,33.137856
186,116,363.1530456,29.1803328
186,117,368.43879576,29.29518144
186,118,377.00157264,32.88987072
186,119,386.321808,33.66674496
186,120,395.45882808,31.7278512
186,121,404.19378648,31.6894464
186,122,413.0943732,32.3258688
186,123,421.98868104,31.33392768
186,124,430.71915888,32.69674944
186,125,440.09986656,33.96520512
186,126,449.54641104,34.0485984
186,127,459.00462936,34.0485984
186,128,468.4801908,34.207704
186,129,477.96535344,34.05079296
186,130,487.42369368,34.0485984
186,131,496.4091672,34.0485984
192,81,22.0560246857143,27.2438948571429
192,82,28.89315024,31.18140576
192,83,35.1452688,32.4740016
201,74,19.793712,33.4560672
201,75,24.79313304,32.74612704
201,76,33.03693672,25.62477984
201,77,39.20026704,19.89039456
201,78,45.20089512,23.44997088
201,79,51.08094432,19.21776192
201,80,56.92966008,23.2019856
201,81,63.90241728,26.6803632
201,82,71.3454504,26.7846048
201,83,78.83642856,27.0314928
201,84,85.5259656,20.1241152
201,85,90.66141888,18.5001408
201,86,96.22953576,21.25541088
201,87,101.96834064,19.24519392
201,88,107.1635652,19.02354336
201,89,112.65648792,19.50744384
201,90,118.1345364,21.36074976
201,91,124.27951776,22.19029344
201,92,130.39005672,24.07651776
201,93,137.56318944,24.48909504
201,94,144.35047584,25.73011872
201,95,151.56679872,25.96383936
201,96,159.0025776,27.3551904
201,97,166.58441664,27.31239648
201,98,174.20027136,27.4374864
201,99,181.82658072,27.45065376
201,100,189.4580412,27.486864
201,101,197.0827656,27.4265136
201,102,204.683106,27.52746336
201,103,212.63689248,29.58596064
201,104,220.67395032,27.68108256
201,105,228.25539312,27.68876352
201,106,236.24990088,30.63166848
201,107,245.1937692,32.82622848
201,108,254.35364928,33.81487776
201,109,264.40494744,37.39420512
201,110,274.38528816,34.33828032
201,111,283.65416472,32.91620544
201,112,292.79828664,32.91620544
201,113,302.03707944,34.29987552
201,114,312.05369136,37.43260992
201,115,322.86220416,41.367456
201,116,333.64767408,33.50763936
201,117,342.47331048,30.18836736
201,118,350.28859584,27.43090272
201,119,357.88497384,27.01283904
201,120,365.40509088,27.40785984
201,121,373.02591384,27.4265136
201,122,380.94196608,31.27357728
201,123,390.38095152,34.87923936
201,124,399.68750136,32.00656032
201,125,408.34037712,29.7582336
201,126,416.53364496,30.6854352
201,127,425.28448344,32.09873184
201,128,434.43869424,33.48788832
201,129,443.91812664,34.7343984
201,130,453.53755368,34.38436608
201,131,463.10354928,34.3119456
201,132,472.99814976,37.20437568
201,133,483.13591968,34.96921632
201,134,492.33944712,31.6894464
201,135,498.423057,30.99816
203,83,22.1844325714286,34.6129138285714
203,84,31.03019448,39.56023584
203,85,41.81560344,38.04489216
203,86,52.492656,39.13778304
203,87,63.42366792,38.04050304
203,88,72.49344912,27.35409312
203,89,79.34136024,21.94121088
203,90,85.12143504,21.10288896
203,91,90.9786852,20.57070816
203,92,96.82462728,22.47668352
203,93,103.50843408,25.62807168
203,94,111.13014096,29.407104
203,95,119.66911296,30.88733472
203,96,128.17028976,32.17444416
203,97,137.86994016,35.61002784
203,98,147.46705584,32.79001824
203,99,156.1394388,31.65433344
203,100,165.17663688,31.82989824
203,101,173.71304856,30.67336512
203,102,182.33011032,30.80284416
203,103,190.59049512,27.15548544
203,104,197.25220392,23.45106816
203,105,204.28363512,26.78570208
203,106,212.35714704,31.21651872
203,107,221.22286464,32.40377568
203,108,230.3100804,32.9184
203,109,239.4527088,33.45496992
203,110,249.29046408,37.40956704
203,111,259.9089036,38.60340768
203,112,270.54563112,37.60488288
203,113,280.72439664,35.79985728
203,114,290.60086152,35.66379456
203,115,300.5692236,36.21462912
203,116,310.77066624,36.87189984
203,117,321.11993688,38.58804576
203,118,331.93012608,35.29840032
203,119,340.54264632,29.12510304
203,120,348.31373568,27.43309728
203,121,355.93425384,27.32995296
203,122,363.44227032,26.9601696
203,123,370.8224232,26.99747712
203,124,378.92205648,28.94953824
203,125,387.10749096,32.3642736
203,126,396.36399264,32.9787504
203,127,405.05112792,30.45610368
203,128,413.76298248,31.76845056
203,129,422.56301568,31.50071424
203,130,431.53074984,34.04640384
203,131,441.44464416,36.43957152
203,132,451.582536,36.52186752
203,133,461.72716392,36.52625664
203,134,471.9070572,36.6710976
203,135,482.0608596,36.51857568
203,136,492.20573136,36.51967296
203,137,500.818578171429,36.3716969142857
210,77,23.35051464,24.14345184
210,78,30.57211056,28.60389504
210,79,38.8411212,29.71324512
210,80,46.37992248,24.50665152
210,81,53.1524337,32.616648
211,93,93.4081698,21.0993228
211,94,99.10075176,22.6807776
211,95,105.33366792,23.35999392
211,96,112.22391576,26.21840832
211,97,119.97007248,29.31054336
211,98,128.26240032,31.21542144
211,99,137.56638984,33.81378048
211,100,146.83170024,34.5423744
211,101,156.73139088,34.53030432
211,102,165.66791352,30.44183904
211,103,173.92701816,30.32443008
211,104,182.48458296,29.12400576
211,105,190.0562112,28.05854688
211,106,198.1902564,27.80836704
211,107,205.59086136,27.35409312
211,108,213.48707112,29.18106432
211,109,221.4268368,27.53514432
211,110,229.43737704,31.54789728
211,111,238.51569264,32.86134144
211,112,248.00216592,35.4860352
211,113,257.95888464,37.22412672
211,114,268.17931632,34.65978336
211,115,278.23229088,38.3554224
211,116,288.8420436,37.44577728
211,117,299.07070488,36.12574944
211,118,308.69988552,32.9622912
211,119,317.476632,31.17701664
211,120,326.16934512,31.1517792
211,121,334.34892744,27.65803968
211,122,341.63364744,24.7765824
211,123,348.25201368,23.24258496
211,124,354.98980056,25.45470144
211,125,362.06314176,25.3691136
211,126,369.20338656,26.09441568
211,127,376.6910424,28.38553632
211,128,385.56840336,34.91983872
211,129,394.9250928,31.98680928
211,130,403.73582448,31.711392
211,131,412.5500004,31.8046608
211,132,421.38133656,31.72017024
211,133,430.10425536,31.98900384
211,134,439.42199136,34.14954816
211,135,449.30473512,37.88798112
211,136,460.09075368,38.9424672
211,137,470.93361744,39.09937824
211,138,481.76846496,38.9424672
211,139,492.5852988,38.94575904
211,140,499.0743384,38.95344
219,86,21.8736672,36.7823931428572
219,87,30.0919896,31.6181232
219,88,38.28739104,29.42136864
219,89,46.4688936,29.29298688
219,90,54.71132568,29.0395152
219,91,61.86735912,23.28537888
219,92,68.31037392,23.1964992
219,93,74.75564424,23.34024288
219,94,81.22206768,21.726144
219,95,86.19216696,15.53529024
219,96,90.83076576,18.60328512
219,97,96.56957064,21.93572448
219,98,102.60403152,21.39366816
219,99,108.606336,21.85123392
219,100,114.77372016,22.77843552
219,101,121.03662864,22.02460416
219,102,126.94971816,19.59412896
219,103,132.6745632,23.22722304
219,104,139.62013224,27.49673952
219,105,148.01779896,32.11628832
219,106,157.22684328,33.82475328
219,107,166.75010592,34.52481792
219,108,176.21323152,34.21977408
219,109,186.25678776,38.04489216
219,110,196.9300608,38.35981152
219,111,207.61866528,39.61619712
219,112,219.27092544,43.19771904
219,113,231.47429448,44.9171568
219,114,244.00166592,44.6428368
219,115,255.44035272,37.6421904
219,116,265.51542528,35.19854784
219,117,275.2286088,35.25341184
219,118,285.40719144,38.07781056
219,119,296.04550392,38.28190464
219,120,306.69911736,38.18973312
219,121,316.84362336,33.35621472
219,122,325.19285736,28.52598816
219,123,333.10104576,27.99271008
219,124,340.73366448,27.17304192
219,125,348.30340296,27.432
219,126,355.92706056,27.63938592
219,127,364.13447112,32.00436576
219,128,373.13235,31.91548608
219,129,381.8799576,31.14409824
219,130,390.46071768,29.47074624
219,131,397.47248928,22.33623168
219,132,403.80126504,22.77294912
219,133,409.96273608,21.93791904
219,134,416.35228896,25.06297248
219,135,423.88974912,28.9846512
219,136,432.59206344,33.96191328
219,137,442.67362824,37.94174784
219,138,453.96869328,44.36412768
219,139,466.75855848,46.42920864
219,140,479.6436432,46.27558944
219,141,492.50626416,46.54990944
219,142,499.762272,47.1610944
231,90,21.17006688,30.1532544
231,91,26.92825704,30.3562512
231,92,34.71729912,26.54430048
231,93,42.0575232,25.33400064
231,94,48.41821152,21.4024464
231,95,54.342792,20.85161184
231,96,59.92462488,20.90428128
231,97,66.3324048,24.02604288
231,98,72.99234576,23.975568
231,99,79.70541336,24.05676672
231,100,86.0750628,20.46098016
231,101,91.16394264,19.74884544
231,102,97.87438896,26.39836224
231,103,105.03563448,26.37093024
231,104,112.98545856,29.13717312
231,105,120.5249304,26.6529312
231,106,128.34323328,29.65728384
231,107,137.33638776,35.38508544
231,108,147.75923712,39.04231968
231,109,158.84810496,40.66958592
231,110,170.30660376,41.41573632
231,111,181.69060944,40.87806912
231,112,193.22768568,40.96914336
231,113,204.83288472,45.65013984
231,114,218.25901992,48.83005728
231,115,231.84456552,49.18667328
231,116,244.94678976,43.16918976
231,117,256.08649824,38.46405312
231,118,266.6462028,37.78812864
231,119,277.15110432,38.24898624
231,120,287.45745912,35.32912416
231,121,297.32627352,36.57892608
231,122,306.9296376,30.36941856
231,123,314.1396816,22.7575872
231,124,320.2684476,22.0992192
231,125,326.53915896,22.92656832
231,126,332.86854432,22.38890112
231,127,338.6624672,21.51888
237,92,23.0953394666667,25.4959104
237,93,29.29502904,23.63980032
237,94,36.71447064,27.55379808
237,95,44.32916712,26.94041856
237,96,51.0393696,21.5286336
237,97,56.82048072,20.81979072
237,98,63.32338872,25.79924736
237,99,70.54531992,25.9945632
237,100,77.79005016,25.89690528
237,101,84.44526672,22.15737504
237,102,90.517218,21.36623616
237,103,96.47682,22.55020128
237,104,103.17507432,25.83984672
237,105,110.8274136,28.28897568
237,106,118.77269616,28.84858848
237,107,126.6187968,26.58270528
237,108,134.31996504,30.0490128
237,109,142.55520384,30.39575328
237,110,151.64650392,34.56102816
237,111,161.74785024,37.98124992
237,112,172.6352148,40.79028672
237,113,184.49867088,43.86157344
237,114,196.16693304,39.92233824
237,115,207.58041288,43.51044384
237,116,219.97245312,44.2148976
237,117,232.14061776,43.86815712
237,118,244.18491168,43.18016256
237,119,256.11039456,42.03569952
237,120,267.48784704,39.10815648
237,121,278.07949464,37.93626144
237,122,287.94955872,34.2022176
237,123,297.71775864,34.4216736
237,124,306.50852592,28.73556864
237,125,314.10639744,27.21473856
237,126,321.76489368,28.18034496
237,127,329.77369656,28.84310208
237,128,337.62418632,28.78604352
237,129,346.25773776,32.68687392
237,130,355.39457496,32.73405696
237,131,364.42552464,32.671512
237,132,373.56492216,32.91730272
237,133,382.83782208,34.4216736
237,134,392.54923776,33.75123552
237,135,400.90423248,27.50551776
237,136,408.43096368,26.8778736
237,137,416.00618856,27.38920608
237,138,423.45903624,26.801064
237,139,431.31132432,29.3906448
237,140,439.74876744,32.37305184
237,141,449.333874,35.86349952
237,142,459.7080468,39.00720672
237,143,471.04761264,43.19113536
237,144,482.97620448,41.28516
237,145,494.3438424,40.6322784
237,146,500.6757576,39.556944
247,95,25.255728,32.42352672
247,96,33.85559904,27.99380736
247,97,41.06902632,25.51285728
247,98,48.15928392,25.51505184
247,99,54.84607776,21.35416608
247,100,61.3544112,25.41410208
247,101,67.77651672,22.72247424
247,102,74.2075224,22.41852768
247,103,80.17090392,21.11495904
247,104,86.04369888,21.81612096
247,105,92.30185248,22.24844928
247,106,98.44604136,22.92656832
247,107,105.06858336,24.5406672
247,108,112.14981888,27.29813184
247,109,120.3048648,30.15983808
247,110,128.51230584,29.9667168
247,111,137.24827008,31.2669936
247,112,145.62624672,29.88661536
247,113,154.35318888,33.01276608
247,114,163.61624376,33.18503904
247,115,172.76713224,33.50325024
247,116,182.63375208,37.3184928
247,117,193.1247852,38.15681472
247,118,203.83375032,39.74018976
247,119,215.57927928,43.44789888
247,120,227.57303736,43.56311328
247,121,239.74260408,43.95045312
247,122,252.24098904,45.62709696
247,123,264.55859712,42.78184992
247,124,276.35371704,43.13297952
247,125,288.3401904,41.38501248
247,126,299.14577712,36.49114368
247,127,308.59527816,32.51350368
247,128,317.11388952,28.42942752
247,129,325.31721576,32.01094944
247,130,334.43289984,32.90413536
247,131,343.53349632,32.6660256
247,132,352.64939376,32.9184
247,133,361.79019336,33.4560672
247,134,371.2314648,33.60090816
247,135,380.52798672,34.66636704
247,136,390.62140824,36.70730784
247,137,400.0184532,30.63276576
247,138,408.4095972,30.18727008
247,139,416.6696772,29.8953936
247,140,425.1703968,30.6744624
247,141,433.67910216,31.053024
247,142,442.3568496,31.3712352
247,143,451.34467008,33.47033184
247,144,460.74711,34.24391424
247,145,470.69401416,38.00758464
247,146,481.48475712,38.2786128
247,147,491.75666952,36.70840512
247,148,499.043325,38.2621536
259,98,24.31630392,35.34448608
259,99,33.7765644,31.53802176
259,100,41.855136,27.15329088
259,101,49.21142304,26.58928896
259,102,56.69868264,27.14231808
259,103,64.23952608,26.88006816
259,104,71.0136756,21.52424448
259,105,76.8844284,21.99388032
259,106,82.9859148,21.17530944
259,107,88.91421384,21.46060224
259,108,94.82157312,21.8523312
259,109,100.99566288,22.04654976
259,110,107.57068656,25.90787808
259,111,114.99643752,27.23229504
259,112,122.64060816,27.3826224
259,113,130.03405032,27.46162656
259,114,138.02066376,28.8200592
259,115,146.3593212,31.3602624
259,116,155.16691344,32.09763456
259,117,164.24013888,33.04019808
259,118,173.55424776,33.94874592
259,119,183.40315872,37.02990816
259,120,193.88209128,38.28080736
259,121,204.737208,41.3016192
259,122,216.81877896,43.87364352
259,123,228.93759648,43.76172096
259,124,241.09734864,43.70685696
259,125,253.2513096,43.59603168
259,126,265.32815616,42.85756224
259,127,276.6969828,39.11364288
259,128,287.36260536,38.27641824
259,129,298.01932776,38.4048
259,130,308.61387096,36.88726176
259,131,318.30486504,33.66893952
259,132,327.65091696,33.823656
259,133,337.04497488,33.7852512
259,134,346.81009632,37.37445408
259,135,357.3769332,36.99369792
259,136,367.16156184,34.43484096
259,137,376.59935856,33.35840928
259,138,386.38755336,37.60817472
259,139,396.71938944,35.13929472
259,140,405.99789768,32.64517728
259,141,415.0127844,32.7044304
259,142,423.81409776,30.2136048
259,143,432.29832768,31.09581792
259,144,440.61833136,29.62985184
259,145,449.47033296,34.40631168
259,146,459.42034608,36.13562496
259,147,469.47987384,36.29143872
259,148,479.54034648,36.13781952
259,149,489.5785992,36.13562496
259,150,498.108819085714,36.1146198857143
262,123,224.587308,35.1349056
262,124,230.38341528,38.67912
262,125,241.85700168,43.52031936
262,126,254.03964432,44.31145824
262,127,266.50261152,44.2642752
262,128,278.30148048,40.270176
262,129,289.03443336,38.1688848
262,130,299.13260976,33.87083904
262,131,308.29273368,32.64627456
262,132,317.3708664,32.97545856
262,133,326.82661584,35.1787968
262,134,336.40998504,33.24868128
262,135,345.31867944,31.56984288
262,136,354.17586264,31.8924432
262,137,363.06764064,32.45973696
262,138,372.18972552,32.91730272
262,139,381.46463712,34.68392352
262,140,391.43327352,35.9249472
262,141,400.91712552,32.42901312
262,142,409.70289408,31.04534304
262,143,418.50692016,32.04825696
262,144,427.3413348,32.39060832
262,145,436.09372776,30.12362784
262,146,444.62626848,31.39756992
262,147,453.3688164,31.50620064
262,148,462.17171472,32.36976
262,149,471.71140608,36.14769504
262,150,481.54931376,33.35072832
262,151,490.40198592,31.738824
262,152,497.837808342857,30.3664402285714
270,101,24.2531392,35.564064
270,102,33.5848452,35.4201984
270,103,42.8621952,30.08083392
270,104,50.63682024,27.0424656
270,105,58.25694216,27.8215344
270,106,65.55248256,21.40573824
270,107,71.31753072,24.25976352
270,108,78.347316,25.08711264
270,109,84.94980216,22.03009056
270,110,90.6522444,19.97817696
270,111,96.28086408,20.3161392
270,112,101.88516072,20.9909664
270,113,108.16797264,23.02312896
270,114,114.42505944,23.37425856
270,115,121.33457064,25.62039072
270,116,128.42269464,25.6050288
270,117,135.98984232,28.11450816
270,118,143.74547832,28.56439296
270,119,152.01424512,29.77140096
270,120,159.81855768,27.89505216
270,121,168.15483768,32.15688768
270,122,177.59504232,34.84083456
270,123,187.5224088,37.4666256
270,124,198.20860536,38.88431136
270,125,209.21057472,41.3345376
270,126,220.76502456,39.68203392
270,127,231.455976,38.4048
270,128,242.088924,38.22484608
270,129,252.74966976,38.85797664
270,130,263.9013264,40.2043392
270,131,274.60596336,37.95601248
270,132,285.22629264,38.32579584
270,133,295.89478032,38.3609088
270,134,306.09988056,34.19234208
270,135,315.2468676,32.78343456
270,136,324.90116376,37.76618304
270,137,335.58254448,37.18023552
270,138,345.20508048,32.84817408
270,139,354.33560832,32.89535712
270,140,363.38216376,32.50801728
270,141,372.502938,32.91730272
270,142,381.821436,35.28523296
270,143,392.0323884,36.5010192
270,144,401.52099528,32.21175168
270,145,410.32566144,32.02850592
270,146,419.4340608,32.57934048
270,147,428.36634672,32.22930816
270,148,437.41317648,32.42791584
270,149,446.45278248,33.66235584
270,150,456.23457648,36.10709568
270,151,466.27337784,36.25303392
270,152,476.33866632,36.1224576
270,153,486.36878088,36.1114848
270,154,495.8975096,36.1114848
287,105,45.2189088,26.2359648
287,106,49.21541592,26.14598784
287,107,56.47581288,26.1372096
287,108,63.73145496,25.59625056
287,109,68.85648408,14.05505952
287,110,74.0584752,21.1720176
287,111,80.00661672,21.4189056
287,112,85.60070256,18.84249216
287,113,90.9059904,18.99720864
287,114,95.96106792,18.04038048
287,115,101.10450696,19.19471904
287,116,106.56289584,20.65300416
287,117,112.52822808,21.67457184
287,118,118.44607248,20.93390784
287,119,124.5853236,22.56995232
287,120,130.65593376,23.2513632
287,121,137.4736392,22.78721376
287,122,143.77632408,25.14197664
287,123,151.2313968,27.42212448
287,124,158.85072624,27.4100544
287,125,166.47773664,28.41077376
287,126,174.93810072,32.11848288
287,127,184.0402212,32.96558304
287,128,193.19729712,32.93047008
287,129,202.32785544,33.02593344
287,130,212.2336116,38.82615552
287,131,223.09464144,38.42564832
287,132,233.73652008,38.35761696
287,133,244.68508848,41.8447728
287,134,256.75181568,43.90656192
287,135,268.85581992,42.53935104
287,136,280.7508228,43.75842912
287,137,292.76914776,41.2961328
287,138,303.65343384,38.38943808
287,139,314.25940704,38.13816096
287,140,325.2069696,41.2467552
287,141,336.59835144,39.28591584
287,142,347.21334672,37.38652416
287,143,357.20587944,34.68611808
287,144,366.61807296,33.98385888
287,145,376.00652256,33.52958496
287,146,385.92288576,37.73216736
287,147,396.29711952,35.68025376
287,148,405.68517288,32.92278912
287,149,414.91610184,33.56140608
287,150,424.03184688,31.30430112
287,151,432.54222864,30.95865792
287,152,441.25905144,32.25235104
287,153,450.54838008,34.33608576
287,154,460.23742344,35.0142048
287,155,469.989408,35.16892128
287,156,479.73459552,35.01639936
287,157,489.43317912,33.77537568
287,158,497.0369028,29.3275512
296,130,202.5701816,26.133552
296,131,207.88664544,31.67737632
296,132,217.10084088,33.38693856
296,133,226.58670456,35.7054912
296,134,237.33383064,41.63738688
296,135,249.1927452,43.28879328
296,136,261.34835208,43.59273984
296,137,272.6449716,38.09097792
296,138,283.3350696,38.82505824
296,139,294.05720208,38.40699456
296,140,304.72581168,38.34115776
296,141,315.32318952,38.21058144
296,142,326.31037608,41.12495712
296,143,337.48089984,38.22594336
296,144,347.92100088,36.91359648
296,145,357.62647296,33.06982464
296,146,366.68881704,33.09835392
296,147,376.24667448,34.72671744
296,148,385.5966888,34.78706784
296,149,395.75603856,36.51857568
296,150,405.39341832,33.04019808
296,151,414.51766728,32.50911456
296,152,423.32446704,31.22749152
296,153,432.00971256,30.4111152
296,154,439.99135776,28.4030928
296,155,448.5363648,32.18212512
296,156,457.39138392,32.36976
296,157,466.58180496,34.1199216
296,158,476.30766816,34.84632096
296,159,485.62174656,32.26881024
296,160,494.21098008,30.62289024
296,161,499.467378,32.4355968
300,147,365.38381584,33.12468864
300,148,372.30018504,33.19272
300,149,381.51916584,33.2311248
300,150,390.77999568,33.31012896
300,151,400.00254264,33.1817472
300,152,409.10432784,31.30869024
300,153,417.87808728,33.20808192
300,154,427.15729656,32.50582272
300,155,435.34276152,26.07247008
300,156,443.00689656,31.07935872
300,157,451.8917556,32.0734944
300,158,460.79962704,32.06910528
300,159,468.84186648,24.99494112
300,160,477.20057976,36.16854336
300,161,487.12087488,33.57347616
300,162,495.82197,29.53109664
300,163,500.2273968,27.541728
307,116,18.0188616,37.1758464
307,117,23.39821584,37.78154496
307,118,33.6238596,34.35803136
307,119,42.33479976,29.97659232
307,120,50.95469616,32.03838144
307,121,60.11847768,33.63931296
307,122,69.95153904,38.19302496
307,123,80.8494192,38.08329696
307,124,89.66079096,26.61013728
307,125,96.99647352,26.75607552
307,126,104.8636968,28.97587296
307,127,112.7787432,29.00220768
307,128,121.53893904,33.53616864
307,129,130.977132,36.4351824
307,130,141.74934312,39.7379952
307,131,153.34798896,42.87731328
307,132,165.11631696,41.13044352
307,133,175.92723768,38.34225504
307,134,187.39570344,43.74526176
307,135,199.74269424,45.37691712
307,136,212.48211504,45.86740128
307,137,224.99927568,43.99983072
307,138,237.15186504,43.71234336
307,139,249.30207696,43.86047616
307,140,261.48657888,43.27782048
307,141,272.9656212,40.57521984
307,142,284.2851312,39.9793968
307,143,295.31785488,39.49878816
307,144,306.0882372,38.22045696
307,145,316.67823888,38.39821632
307,146,327.80139672,41.45962752
307,147,338.91193584,38.26873728
307,148,349.19463816,34.81888896
307,149,358.39673304,32.47070976
307,150,367.45474896,32.87889792
307,151,376.34939208,30.48902208
307,152,384.80753112,31.848552
307,153,393.75895848,30.48353568
307,154,401.50764504,27.00515808
307,155,408.6086316,23.63870304
307,156,415.5623388,26.98101792
307,157,423.06243048,26.46749088
307,158,430.49805696,27.70632
307,159,438.34571208,29.34346176
307,160,447.0780492,32.5288656
307,161,456.11198592,32.5233792
307,162,465.09944064,30.7073808
307,163,471.94765656,25.99346592
307,164,481.62313632,37.7683776
307,165,492.03799992,35.83277568
307,166,498.4517844,29.6375328
308,115,21.21999312,32.7208896
308,116,27.81409728,30.86209728
308,117,36.41899752,32.5178928
308,118,46.03662624,35.5463856
308,119,55.90266696,35.5079808
308,120,65.17770048,28.80798912
308,121,73.58204232,34.66636704
308,122,83.09174136,31.75089408
308,123,91.26211872,28.4030928
308,124,99.15223248,28.73556864
308,125,107.16664368,29.15582688
308,126,115.78873464,33.01934976
308,127,125.0126532,32.96997216
308,128,134.9133192,38.51562528
308,129,145.60484976,38.3389632
308,130,156.64369992,41.49144864
308,131,168.48920328,43.6388256
308,132,180.56486112,42.40767744
308,133,192.1646652,41.6527488
308,134,203.6355084,41.17982112
308,135,215.45269584,43.96581504
308,136,227.37909312,41.46730848
308,137,239.01254712,42.82025472
308,138,251.06113872,43.54884864
308,139,263.16724608,43.7485536
308,140,274.8818988,40.00353696
308,141,286.26005232,43.1395632
308,142,298.39871232,42.82354656
308,143,309.57185736,38.24679168
308,144,320.24686776,39.53170656
308,145,331.57326624,40.52364768
308,146,342.28820544,36.22999104
308,147,351.73377456,32.91620544
308,148,360.81093192,32.49814176
308,149,369.84367992,32.36317632
308,150,378.85112952,32.81525568
308,151,388.24018872,33.53397408
308,152,396.77681376,28.95502464
308,153,404.81631,28.9462464
308,154,412.8429132,28.61596512
308,155,420.71034984,28.20887424
308,156,428.65249296,29.35004544
308,157,436.84816872,30.04242912
308,158,445.48300032,31.43048832
308,159,454.21454496,31.43597472
308,160,462.94554096,31.44365568
308,161,471.71125368,31.57752384
308,162,480.45145464,31.437072
308,163,489.1829688,31.437072
308,164,497.475933333333,31.4175648
314,113,22.06989744,29.1986208
314,114,28.27090104,31.61373408
314,115,37.38414672,33.48788832
314,116,46.17988224,31.7772288
314,117,56.1539136,38.2511808
314,118,66.65189616,35.84704032
314,119,75.79653624,31.08703968
314,120,84.15311592,29.35333728
314,121,92.36253816,29.19532896
314,122,100.13125008,27.22241952
314,123,105.75200592,26.84605248
315,88,19.639788,32.36976
315,89,24.56724576,32.37853824
315,90,33.69932808,33.57896256
315,91,42.34781472,27.322272
315,92,49.06402176,21.34538784
315,93,54.71513568,20.23713504
315,94,60.33720216,20.24371872
315,95,66.69392808,30.59984736
315,96,74.918316,22.04106336
315,97,80.57546496,19.12229856
315,98,85.23600936,15.96652128
315,99,89.83193616,17.2218096
315,100,94.5823186666667,18.6671712
318,138,219.463228114286,32.0045225142857
318,139,226.99787976,32.1173856
318,140,236.1959208,34.07164128
318,141,245.68614312,34.06396032
318,142,255.50801832,37.68717888
318,143,266.31293448,38.47941504
318,144,276.79531128,37.72887552
318,145,287.38787328,38.3554224
318,146,298.0221624,38.32908768
318,147,308.66477256,38.11511808
318,148,319.29878736,39.0796272
318,149,330.48964128,40.46439456
318,150,341.155782,35.66379456
318,151,350.51774448,32.91949728
318,152,359.6120316,32.479488
318,153,368.68309296,32.92498368
318,154,377.63171616,30.94439328
318,155,386.45707824,33.39461952
318,156,395.66746368,31.34051136
318,157,403.64270808,27.42431904
318,158,411.26347008,27.47918304
318,159,418.90855512,27.47918304
318,160,426.55793784,27.93784608
318,161,434.46920472,29.09657376
318,162,442.8033816,30.9871872
318,163,451.48853568,30.67007328
318,164,460.05542736,31.42939104
318,165,468.799926,31.56984288
318,166,477.55338576,31.41841824
318,167,486.28048032,31.4151264
318,168,495.00745296,31.40086176
318,169,501.97385,31.2834528
326,120,22.6717479,31.8101472
326,121,31.01422296,35.47177056
326,122,41.02726872,35.39715552
326,123,50.66464848,33.97398336
326,124,60.37018152,37.68278976
326,125,71.34813264,39.99805056
326,126,82.13640672,34.97250816
326,127,90.72018432,29.14595136
326,128,98.71521024,28.62364608
326,129,106.6749708,29.6046144
326,130,115.2962388,31.05192672
326,131,123.59393112,30.16532448
326,132,132.83897232,36.81264672
326,133,143.36795304,36.4681008
326,134,152.92285392,33.46045632
326,135,162.25131888,34.55115264
326,136,172.38640656,38.00209824
326,137,183.04818864,38.26873728
326,138,193.44013128,37.01235168
326,139,203.76891936,36.53174304
326,140,213.96508896,37.0770912
326,141,223.6405992,32.79331008
326,142,232.7471088,32.9184
326,143,241.90372752,33.59432448
326,144,251.6972868,36.60196896
326,145,262.19194704,38.70326016
326,146,272.80121208,37.87920288
326,147,283.3856664,37.40298336
326,148,293.0703816,32.96887488
326,149,301.84392768,29.35992096
326,150,309.34831704,25.17599232
326,151,316.17138696,24.990552
326,152,323.76523512,29.90307456
326,153,332.31091272,29.89978272
326,154,340.09535232,26.56185696
326,155,347.42926704,26.70669792
326,156,354.85325016,26.70340608
326,157,358.938576,26.1042912
334,151,309.0462069,22.4503488
334,152,314.70246432,24.20270496
334,153,322.4114964,28.24179264
334,154,329.6096532,25.3691136
334,155,336.65641584,25.56223488
334,156,344.69713128,31.28455008
334,157,352.7330004,27.4265136
334,158,360.28941912,27.03478464
334,159,368.40279888,32.0460624
334,160,377.5333572,33.44728896
334,161,387.62763216,38.98306656
334,162,398.22458328,35.606736
334,163,407.309574,30.31236
334,164,415.61223456,31.02998112
334,165,424.3445412,33.37486848
334,166,434.58213312,38.16669024
334,167,445.17466464,38.17546848
334,168,455.52186264,36.31228704
334,169,465.8672928,38.14364736
334,170,472.7551632,38.0902464
335,160,403.19504832,32.753808
335,161,410.02028232,32.72198688
335,162,418.84698552,31.18908672
335,163,427.7241636,32.40597024
335,164,436.71966504,32.32147968
335,165,445.52655624,28.86175584
335,166,453.70650432,36.36605376
335,167,463.64280144,29.97549504
335,168,472.27729776,33.47691552
335,169,481.57293576,32.49923904
335,170,490.00559352,28.77507072
335,171,497.2931888,26.737056
342,122,21.729192,31.3383168
342,123,27.6878796,31.51058976
342,124,37.11311856,37.00686528
342,125,47.65270632,38.03830848
342,126,58.2131424,37.99990368
342,127,67.2660072,26.75497824
342,128,75.92266248,36.15757056
342,129,85.44729672,30.49450848
342,130,93.39014088,28.18583136
342,131,101.19555072,28.20119328
342,132,108.98194104,28.00916928
342,133,116.828316,29.0450016
342,134,124.82559744,27.03368736
342,135,132.59680872,30.55485888
342,136,141.23176224,30.49121664
342,137,149.93928864,33.01057152
342,138,159.46520304,35.17440768
342,139,169.36992288,36.22889376
342,140,179.41542984,35.35875072
342,141,189.24733296,35.99736768
342,142,199.4243916,37.45345824
342,143,209.695542,36.9618768
342,144,220.17996096,36.82252224
342,145,230.07699984,35.57491488
342,146,239.93273832,36.3364272
342,147,250.44842976,38.36858976
342,148,261.19171536,39.14436672
342,149,271.800066,35.98420032
342,150,281.2104612,32.88987072
342,151,290.2611924,31.40854272
342,152,298.3217808,27.4649184
342,153,305.94083592,27.39578976
342,154,313.49390184,27.185112
342,155,321.17208816,28.88918784
342,156,329.71179168,31.4809632
342,157,338.33147472,31.0694832
342,158,347.07563808,31.68066816
342,159,355.90609032,31.59398304
342,160,364.62693648,31.58630208
342,161,373.45854696,31.80356352
342,162,382.29274824,31.83977376
342,163,391.16794512,31.92865344
342,164,399.88793784,30.16751904
342,165,407.95297632,28.6828992
342,166,415.93620648,28.7816544
342,167,423.91413312,28.6828992
342,168,431.88096504,28.6828992
342,169,439.83496488,28.53586368
342,170,448.16307624,32.3203824
342,171,457.40653248,33.3902304
342,172,466.69016136,33.54275232
342,173,475.7319924,30.84892992
342,174,483.87920496,28.4689296
342,175,491.57004048,26.26998048
342,176,497.7244173,23.3391456
347,167,434.2605488,29.205936
347,168,441.98767584,29.95135488
347,169,450.58318824,31.48315776
347,170,459.40577664,31.89902688
347,171,468.28280232,31.98900384
347,172,477.13968072,32.00656032
347,173,486.09171768,32.2545456
347,174,494.99858328,30.43744992
347,175,499.6935396,26.4225024
352,161,349.272352,31.4699904
352,162,357.55252848,31.03437024
352,163,366.1917492,31.47108768
352,164,374.75169144,29.13936768
352,165,382.79173632,31.0091328
352,166,391.8540804,32.60238336
352,167,400.50848016,30.32113824
352,168,409.0228548,30.72384
352,169,417.43856568,29.55084768
352,170,426.4773792,35.61112512
352,171,435.27716856,27.16426368
352,172,443.00147112,29.32700256
352,173,451.21561776,30.73261824
352,174,460.25031648,33.34853376
352,175,468.63582168,26.34898464
352,176,477.54378456,38.5803648
355,126,22.3222021714286,29.3208891428571
355,127,29.14302528,29.44770336
355,128,37.69443312,30.9268368
355,129,46.32463176,31.83867648
355,130,55.21397136,32.08117536
355,131,64.38781128,34.2570816
355,132,74.06109648,35.10088992
355,133,83.6479404,32.78124
355,134,92.29886544,30.147768
355,135,101.01111624,33.78634848
355,136,110.87368224,36.84995424
355,137,121.09783248,35.45201952
355,138,130.76557032,36.58770432
355,139,141.08042904,35.58698496
355,140,149.408605714286,35.7760306285714
356,129,31.8064557333333,33.2609952
356,130,40.80762984,35.140392
356,131,50.22716904,31.1462928
356,132,58.62959064,30.74798016
356,133,67.26180096,31.11447168
356,134,75.92001072,31.39098624
356,135,84.25412664,27.54282528
356,136,91.68051768,26.86799808
356,137,99.38199072,29.1547296
356,138,107.66112072,29.76042816
356,139,116.3008596,33.93118944
356,140,125.70963936,30.72164544
356,141,134.47690656,33.98605344
356,142,143.85944304,33.22124928
356,143,153.07516248,33.46594272
356,144,162.4184712,34.5478608
356,145,172.41566736,37.45675008
356,146,183.04730472,38.45088576
356,147,193.54635408,37.33166016
356,148,204.077316,38.57707296
356,149,215.21260488,40.93841952
356,150,226.13273544,38.17656576
356,151,236.77604664,38.23142976
356,152,247.4025024,38.39053536
356,153,258.2503344,40.37551488
356,154,269.33277096,38.28739104
356,155,279.92057808,38.40589728
356,156,290.56846128,38.27532096
356,157,301.18952208,37.58952096
356,158,310.99768128,33.17296896
356,159,320.14920984,33.90375744
356,160,330.07273584,36.27168768
356,161,339.6032832,32.698944
356,162,348.68909688,32.86134144
356,163,357.36126648,28.51940448
356,164,364.83221928,26.29741248
356,165,372.13513584,26.3566656
356,166,379.45570032,26.3566656
356,167,386.7937908,26.51138208
356,168,394.14032424,26.35447104
356,169,401.52608544,27.06770304
356,170,409.15852128,27.94004064
356,171,416.92135056,27.56916
356,172,424.645074,29.30505696
356,173,433.40115504,32.5562976
356,174,442.42503336,32.47729344
356,175,451.46296296,32.55300576
356,176,460.50522072,32.5562976
356,177,469.56884496,32.70881952
356,178,478.6336884,32.55410304
356,179,487.67612904,32.55520032
356,180,496.227066133333,32.0673984
360,131,37.5556272,34.0924896
360,132,44.34440712,34.8770448
360,133,53.80152816,33.05994912
360,134,62.4010944,29.07133632
360,135,70.43342784,28.913328
360,136,78.49602792,28.53805824
360,137,85.464396,22.96497312
360,138,93.31683648,32.29514496
360,139,101.49239544,27.50990688
360,140,109.76363112,31.2669936
360,141,118.58362872,32.83281216
360,142,127.57154064,31.35038688
360,143,136.62059544,33.00508512
360,144,145.64261448,33.08189472
360,145,154.812492,32.9184
360,146,163.93131552,32.76807264
360,147,173.058582,32.9238864
360,148,182.26662048,33.94545408
360,149,192.22358304,37.72119456
360,150,202.86067632,38.55183552
360,151,213.95445144,40.9120848
360,152,224.92063728,38.21935968
360,153,235.79215224,40.77711936
360,154,247.63058424,43.8034176
360,155,259.89140808,44.59565376
360,156,272.12714688,43.39413216
360,157,283.89358512,40.32942912
360,158,294.6887172,38.26983456
360,159,305.17953696,35.8755696
360,160,314.48398368,32.69784672
360,161,323.7923928,34.84302912
360,162,333.5862264,34.24940064
360,163,342.77698272,32.66492832
360,164,351.88644888,32.92059456
360,165,360.5370996,28.37785536
360,166,368.15106456,27.432
360,167,375.7710036,27.42980544
360,168,383.5322784,28.86285312
360,169,391.67309016,28.89357696
360,170,399.28568352,26.66061216
360,171,406.79574216,26.8449552
360,172,414.19137888,27.0150336
360,173,421.96505904,29.58376608
360,174,430.47428256,30.22567488
360,175,438.438036,28.17046944
360,176,446.6816568,30.504384
360,177,455.1704892,31.20225408
360,178,463.98908472,31.86830304
360,179,472.85946576,31.70480832
360,180,481.72746936,32.53764384
360,181,490.80432192,32.59689696
360,182,497.7242776,28.3518864
365,145,147.2638152,30.1148496
365,146,152.41627632,31.87708128
365,147,161.50812504,33.082992
365,148,171.1232544,36.03138336
365,149,180.94442856,34.69489632
365,150,190.69092672,34.48531584
365,151,200.00979048,34.0650576
365,152,209.87647128,37.05295104
365,153,220.38362832,37.81885248
365,154,231.35834856,42.93108
365,155,243.6848568,43.9844688
365,156,255.9140424,45.14539104
365,157,268.59869064,44.48043936
365,158,280.57147848,41.42341728
365,159,291.4898412,38.27093184
365,160,302.08234224,37.03758912
365,161,311.61148752,32.6385936
365,162,320.79855576,34.46337024
365,163,330.8783832,36.26400672
365,164,340.3491288,32.66273376
365,165,349.44521424,32.87011968
365,166,358.0113744,27.90602496
365,167,365.47595688,26.17341984
365,168,372.72428376,27.02381184
365,169,380.4312432,29.29408416
365,170,389.25246,32.94912384
365,171,398.05639464,29.29627872
365,172,405.75338712,27.02161728
365,173,413.24040288,27.38042784
365,174,420.95793888,27.98941824
365,175,428.72881488,28.02562848
365,176,436.60307904,28.15401024
365,177,443.9972832,24.62954688
365,178,450.7196472,25.99895232
365,179,458.39060976,27.925776
365,180,464.21076576,27.82043712
365,181,469.7153928,23.3062272
373,140,90.2260959,29.1643308
373,141,97.67761008,31.40854272
373,142,106.53134904,31.92097248
373,143,115.50777,33.25636224
373,144,125.13874896,36.23876928
373,145,135.0905604,31.27138272
373,146,142.94854824,30.49999488
373,147,152.00598504,32.75490528
373,148,160.56290976,27.90821952
373,149,168.8558472,33.494472
373,150,178.02932136,31.42500192
373,151,186.55665,30.614112
373,152,195.22232736,31.94291808
373,153,203.9560056,30.30358176
373,154,212.20398504,29.8295568
373,155,220.78962192,32.02740864
373,156,229.85050296,32.9019408
373,157,239.40488568,36.84775968
373,158,250.4041728,41.60776032
373,159,261.22832184,36.1224576
373,160,271.81402584,40.84953984
373,161,283.17358656,40.8627072
373,162,294.69133848,40.8297888
373,163,305.95665504,39.06645984
373,164,316.3830096,38.1743712
373,165,327.45935016,41.04156384
373,166,338.16694368,36.55259136
373,167,348.29121096,34.77390048
373,168,357.50717424,32.50692
373,169,366.33095136,29.10096288
373,170,373.39923288,24.39911808
373,171,380.761494,29.2260528
373,172,389.37489816,31.66640352
373,173,397.54128264,26.28753696
373,174,404.7628176,25.9012944
373,175,411.79510224,25.5007872
373,176,418.86829104,25.3965456
373,177,425.93974248,25.49639808
373,178,433.02198384,25.5007872
373,179,440.05460376,24.48360864
373,180,446.82311448,25.32961152
373,181,454.09939152,27.14890176
373,182,462.0636936,29.55852864
373,183,470.90231448,34.71684192
373,184,480.5136948,32.47070976
373,185,489.26279592,32.45095872
373,186,497.118132,34.0721115428571
380,146,125.428248,34.406586
380,147,134.234682,36.78740928
380,148,144.1920408,34.20660672
380,149,153.36569784,32.41255392
380,150,162.616134,34.5149424
380,151,172.06877448,32.87670336
380,152,181.0621728,32.06581344
380,153,189.95584056,32.23698912
380,154,198.78047112,30.51425952
380,155,207.1529004,31.44914208
380,156,216.31799256,33.384744
380,157,225.35299608,31.01352192
380,158,233.88133056,32.6879712
380,159,244.14333696,41.20396128
380,160,256.07519016,42.92339904
380,161,267.65344488,40.20104736
380,162,279.2030484,42.68748384
380,163,290.74463568,41.42341728
380,164,301.97441256,38.85578208
380,165,312.60083784,38.12060448
380,166,323.50423488,41.74821216
380,167,335.32233672,40.51048032
380,168,345.8094684,35.14368384
380,169,354.66415224,28.78494624
380,170,362.241084,26.8888464
380,171,369.26882712,22.89913632
380,172,375.51262464,24.20819136
380,173,382.65759384,26.47626912
380,174,390.48071256,29.08999008
380,175,398.44266768,27.84238272
380,176,405.78926208,25.54687296
380,177,412.87708128,25.6708656
380,178,420.34562616,28.55561472
380,179,428.46708312,29.18655072
380,180,436.5548292,29.09108736
380,181,444.63178536,29.13497856
380,182,452.73885576,29.32809984
380,183,460.9362384,29.5826688
380,184,469.17522624,29.73738528
380,185,477.4154028,29.58705792
380,186,485.6328108,29.57059872
380,187,494.05089912,31.37342976
380,188,499.4717976,32.5453248
386,135,19.7949312,31.2505344
386,136,24.87329544,31.76735328
386,137,34.05472488,33.93448128
386,138,43.31396976,32.45315328
386,139,52.14420864,30.83466528
386,140,60.5047812,30.27066336
386,141,69.06984408,31.0420512
386,142,77.70549864,30.58229088
386,143,85.56043848,27.14012352
386,144,93.70972368,31.12215264
386,145,100.30553472,32.31270144
389,140,37.8789184,38.2731264
389,141,44.90386752,38.61547776
389,142,55.53297504,38.40041088
389,143,66.15552936,37.84957632
389,144,76.700634,38.14803648
389,145,87.0802932,35.41580928
389,146,96.5199492,34.37668512
389,147,106.13117712,33.1872336
389,148,115.19083896,33.13456416
389,149,124.40802144,32.12396928
389,150,133.36572768,34.02336096
389,151,142.87119,33.50873664
389,152,152.06627448,32.59909152
389,153,160.70878704,29.80651392
389,154,168.71164632,27.69205536
389,155,176.33707176,27.4539456
389,156,184.13586744,29.67154848
389,157,192.74052384,31.28455008
389,158,201.61602552,34.26147072
389,159,211.89190032,38.06354592
389,160,222.46126704,38.23581888
389,161,233.2358556,39.41649216
389,162,244.34770536,41.1370272
389,163,256.06817976,42.69626208
389,164,267.77566968,40.66848864
389,165,279.38885448,43.94935584
389,166,291.69174072,44.1271152
389,167,303.91629336,44.16222816
389,168,315.80910168,42.3714672
389,169,328.34970144,46.04845248
389,170,339.8599248,36.34849728
389,171,349.20353832,31.03217568
389,172,357.1352268,27.0973296
389,173,364.64833344,27.33653664
389,174,372.00843048,24.41777184
389,175,378.2883468,22.20016896
389,176,385.24427904,28.23959808
389,177,393.240006,28.6554672
389,178,401.05056696,27.53185248
389,179,408.74591352,28.02672576
389,180,416.58329688,28.07281152
389,181,424.36438368,28.07720064
389,182,432.15162744,27.84238272
389,183,439.775346,27.35189856
389,184,447.31027632,26.38300032
389,185,454.6235256,27.75240576
389,186,462.7723536,29.72970432
389,187,470.33517312,26.7571728
389,188,478.65569496,31.34819232
389,189,487.36465392,31.1956704
389,190,495.51095208,28.18144224
389,191,499.9241208,30.284928
393,160,205.23000864,26.50589568
393,161,211.68241128,34.06396032
393,162,221.763336,37.53026784
393,163,232.70355288,41.93036064
393,164,244.74242136,43.74635904
393,165,257.08834536,45.79607808
393,166,269.712186,43.84072512
393,167,281.85675912,44.3740032
393,168,294.41903016,46.29863232
393,169,307.28680224,44.99067456
393,170,319.5840192,45.76425696
393,171,332.9758644,46.64208096
393,172,344.13815856,35.13380832
393,173,353.09171952,29.34455904
393,174,360.63061224,25.08052896
393,175,366.98008392,20.99316096
393,176,372.11739648,16.58758176
393,177,376.688604,16.4592
393,178,381.400812,18.70642944
393,179,387.17348016,21.616416
393,180,393.15575928,21.45621312
393,181,399.1541928,21.81612096
393,182,405.41374848,23.05165824
393,183,411.80022288,24.04359936
393,184,419.05891296,26.93602944
393,185,426.39959424,26.74839456
393,186,434.0003004,27.29593728
393,187,441.46634592,26.93932128
393,188,449.03285352,26.48065824
393,189,455.80682016,22.89913632
393,190,462.09072936,22.21333632
393,191,468.46534704,24.95543904
393,192,475.73037696,26.33691456
393,193,482.88226512,24.9411744
393,194,489.90080328,25.82558208
393,195,496.866028533333,27.3186144
394,152,173.1175608,21.3164928
394,153,177.57306624,25.97481216
394,154,185.11872552,28.25715456
394,155,193.43848536,31.77942336
394,156,202.29752784,31.34160864
394,157,207.0670992,30.6470304
399,187,459.825852,33.8401152
399,188,464.99501616,33.62285376
399,189,472.407996,27.7035768
399,190,482.65363464,34.12211616
399,191,490.77372,27.89066304
399,192,498.91901232,31.9747392
399,193,504.3140028,32.3478144
400,139,20.8095342,15.7130496
400,140,25.41489456,23.16796992
400,141,33.24764496,30.806136
400,142,42.0485316,31.84526016
400,143,50.04956208,24.9795792
400,144,57.49238184,29.89100448
400,145,66.0664668,30.80503872
400,146,74.81334288,31.75967232
400,147,82.774536,26.41482144
400,148,90.07153944,26.01980064
400,149,97.6626444,29.05487712
400,150,105.99304176,31.09581792
400,151,114.53457408,29.88880992
400,152,122.60942712,28.43710848
400,153,130.26408288,28.1946096
400,154,138.40974096,28.31750496
400,155,146.16763248,27.87859296
400,156,153.99413448,28.81128096
400,157,162.05441808,28.92100896
400,158,170.01872016,28.76300064
400,159,177.87673848,27.90602496
400,160,185.64063456,27.62182944
400,161,193.1977848,26.84824704
400,162,200.51804448,26.279856
400,163,208.2453036,30.25091232
400,164,217.14747528,32.6550528
400,165,226.21085568,32.99630688
400,166,235.7839836,36.9179856
400,167,246.7648608,40.379904
400,168,258.73950792,41.54960448
400,169,269.56749744,41.89305312
400,170,280.99137096,39.41539488
400,171,292.44484056,43.06385088
400,172,304.50105216,43.70905152
400,173,316.62185088,44.0996832
400,174,329.4231156,46.7825328
400,175,341.17541112,37.57854816
400,176,350.83309056,32.83939584
400,177,359.3130228,26.58599712
400,178,365.79986784,21.9456
400,179,371.89538016,21.95218368
400,180,377.8995744,21.41780832
400,181,384.05391312,22.8892608
400,182,390.45370728,22.89803904
400,183,396.40538448,20.53449792
400,184,402.68981184,24.65917344
400,185,409.60337688,24.41557728
400,186,416.60789424,26.28863424
400,187,423.65804016,24.40460448
400,188,430.78527,27.63389952
400,189,438.67800504,28.57097664
400,190,446.61143088,28.090368
400,191,454.027032,25.78608
400,192,461.1930324,25.7970528
400,193,468.37250496,25.84862496
400,194,475.48300128,25.27913664
400,195,481.99429128,21.2652864
400,196,488.01393888,22.86950976
400,197,494.84030064,26.18548992
400,198,502.17259992,26.38738944
400,199,509.1472672,26.4542016
406,166,229.749096,29.7061128
406,167,236.22795528,34.99335648
406,168,246.35106432,37.719
406,169,257.15406024,39.91356
406,170,268.11021816,38.32908768
406,171,278.7015,38.4048
406,172,289.36404408,38.28848832
406,173,300.0018384,38.3938272
406,174,310.77258648,40.04962272
406,175,322.30429824,43.04300256
406,176,334.51742088,42.22223712
406,177,345.42459744,38.16559296
406,178,355.74506448,34.15064544
406,179,363.99240384,26.04174624
406,180,370.51536768,21.94340544
406,181,376.61084952,21.9456
406,182,382.71831,22.06849536
406,183,388.89078432,22.25503296
406,184,394.73681784,19.2408048
406,185,400.23065496,21.67237728
406,186,406.88456088,26.34349824
406,187,414.47258736,27.52636608
406,188,422.10813216,27.432
406,189,429.6995724,26.92505664
406,190,437.05598136,26.27217504
406,191,444.48776736,27.37384416
406,192,452.00154456,26.88226272
406,193,459.5777448,27.2509488
406,194,466.77958968,25.05199968
406,195,473.92556472,26.09990208
406,196,481.11058464,25.03773504
406,197,487.60584216,22.90352544
406,198,494.31668472,25.2319536
406,199,499.013988,27.0589248
411,178,343.92418896,28.84529664
411,179,349.716852,27.4484592
411,180,357.32213016,27.14890176
411,181,365.19160896,26.03077344
411,182,370.07005488,12.16005696
411,183,373.9063896,15.74487072
411,184,378.27091224,16.00492608
411,185,383.17328496,20.22506496
411,186,389.1268824,21.61312416
411,187,395.09663424,21.49900704
411,188,401.13133896,21.93023808
411,189,407.21212944,21.4902288
411,190,413.53767432,25.43056128
411,191,420.90801264,26.5925808
411,192,428.29206696,26.3182608
411,193,435.27716856,24.387048
411,194,442.15013424,24.98835744
411,195,449.12304384,25.7147568
411,196,456.5740932,27.102816
411,197,464.01523656,26.76046464
411,198,471.48070296,26.8998192
411,199,478.92181584,26.72205984
411,200,485.88530712,22.76856
411,201,491.95232064,20.64971232
411,202,497.14562496,18.49575168
413,153,116.8502235,33.1529436
413,154,124.67459952,28.91991168
413,155,132.38171136,27.73046016
413,156,139.98540456,27.04685472
413,157,147.44261088,26.88336
413,158,154.9179528,26.92505664
413,159,162.46230144,26.77143744
413,160,169.93343712,27.35080128
413,161,177.3085608,25.02785952
413,162,184.00388904,24.56041824
413,163,190.9096512,24.82925184
413,164,198.00167664,26.12184768
413,165,205.2725892,26.29741248
413,166,212.90094072,28.36139616
413,167,220.68458784,27.36835776
413,168,228.2508516,27.41773536
413,169,235.91879664,28.57097664
413,170,244.44588144,32.41804032
413,171,253.59030816,33.31561536
413,172,263.08647408,34.35144768
413,173,272.26826928,32.38731648
413,174,281.46509112,33.9443568
413,175,291.46890144,38.075616
413,176,302.13580416,38.4048
413,177,312.74766,38.11072896
413,178,323.58180648,40.54120416
413,179,334.91670888,39.48232896
413,180,345.02317584,33.54494688
413,181,353.74606416,28.75312512
413,182,360.7838352,22.38780384
413,183,366.59512152,18.92808
413,184,371.35067208,16.45261632
413,185,375.9226416,16.4592
413,186,380.5179588,17.145
413,187,385.65082128,19.38015936
413,188,391.02706656,19.23422112
413,189,396.27160776,18.57256128
413,190,401.88898032,21.89731968
413,191,407.98540704,21.98619936
413,192,414.30890976,24.46276032
413,193,421.48381032,25.3746
413,194,428.20288248,24.23013696
413,195,434.76098976,22.549104
413,196,440.96031696,22.40974944
413,197,447.26495256,22.49424
413,198,453.4864692,23.72758272
413,199,460.69212408,26.95248864
413,200,467.6819196,21.66140448
413,201,474.46365864,29.24141472
413,202,482.54588784,27.07099488
413,203,489.25167072,21.9510864
413,204,495.00233232,20.81649888
413,205,498.9572952,22.8892608
423,143,21.6809955,25.8354576
423,144,28.14632928,26.5212576
423,145,35.87163768,27.98283456
423,146,43.38788376,27.56038176
423,147,51.2954016,28.8365184
423,148,60.20309016,34.32621024
423,149,69.373242,32.81306112
423,150,78.67851168,32.6385936
423,151,87.01875408,28.33506144
423,152,94.58611512,26.02418976
423,153,101.874066,26.61781824
423,154,109.0524108,25.06845888
423,155,115.95920928,25.10466912
423,156,123.07013232,25.63026624
423,157,130.0570932,26.13830688
423,158,137.45760672,25.48213344
423,159,144.62488728,26.50260384
423,160,151.90588872,25.11893376
423,161,158.58216696,23.30293536
423,162,164.74269312,21.3914736
423,163,171.1049664,25.5227328
423,164,178.56506832,26.77143744
423,165,185.86255944,25.7805936
423,166,192.9842724,26.1481824
423,167,200.14362816,23.4763056
423,168,206.30671464,24.085296
423,169,213.77370504,27.96308352
423,170,221.44625256,27.1960848
423,171,229.0163568,27.432
423,172,236.6351376,27.34202304
423,173,244.2075888,27.33434208
423,174,252.13418712,30.94768512
423,175,260.97378336,30.69860256
423,176,269.19606816,29.15363232
423,177,277.7176056,32.58702144
423,178,286.84603032,32.78562912
423,179,295.96777992,32.92169184
423,180,305.11229808,32.8525632
423,181,314.18515776,32.69674944
423,182,323.49408504,34.85290464
423,183,333.291942,34.06396032
423,184,341.79747744,27.64158048
423,185,349.380048,27.43419456
423,186,356.56979232,23.21625024
423,187,362.60632584,21.61531872
423,188,368.69120064,21.9456
423,189,374.7872616,21.9456
423,190,380.9673864,23.3062272
423,191,387.80514768,25.1331984
423,192,394.70935536,23.91960672
423,193,400.9709532,21.79966176
423,194,407.31914472,24.16430016
423,195,414.0950316,24.45617664
423,196,420.7681704,23.4763056
423,197,427.28007,23.481792
423,198,433.80288144,23.481792
423,199,440.31173304,23.399496
423,200,446.82518712,23.48508384
423,201,453.24043464,22.90352544
423,202,459.8881836,24.75134496
423,203,466.59036984,22.22650368
423,204,472.93715928,25.10028
423,205,480.00797064,25.46677152
423,206,487.08118992,25.46567424
423,207,494.15145264,25.19684064
423,208,498.9371784,23.810976
435,180,299.9604364,32.4557136
435,181,307.2362664,32.64627456
435,182,316.30464552,32.86463328
435,183,325.75173864,35.46189504
435,184,335.24833128,30.64922496
435,185,343.01183112,27.15987456
435,186,350.3700384,24.41338272
435,187,356.62249224,21.8413584
435,188,362.52719976,20.91196224
435,189,368.1855984,19.33078176
435,190,373.46909304,18.93027456
435,191,378.90440856,20.90537856
435,192,385.35306216,25.24182912
435,193,392.40461016,24.9192288
435,194,398.6457864,20.83844448
435,195,404.92046016,23.56299072
435,196,411.19809048,21.94450272
435,197,417.31756008,22.00485312
435,198,423.32449752,21.61312416
435,199,429.42945864,22.0663008
435,200,435.56005344,22.06191168
435,201,441.671964,21.9949776
435,202,447.88266024,23.76598752
435,203,454.96499304,26.13611232
435,204,462.22410984,26.1372096
435,205,469.52059512,26.5432032
435,206,476.93284344,26.31057984
435,207,483.63268272,22.56995232
435,208,490.15738392,23.76598752
435,209,496.58028192,22.72796064
435,210,500.0862744,22.9660704
445,146,22.3085152,29.023056
445,147,28.46033424,26.37751392
445,148,36.19365888,30.37380768
445,149,44.97241704,32.2326
445,150,54.02003928,32.83720128
445,151,63.21219768,33.33646368
445,152,72.48994392,33.47142912
445,153,81.60581088,30.16203264
445,154,89.13610824,26.29302336
445,155,97.018602,30.19275648
445,156,104.87936352,26.34130368
445,157,112.30520592,27.349704
445,158,119.74156392,25.41629664
445,159,126.63379296,24.42984192
445,160,133.69369248,26.01321696
445,161,140.51621376,23.52787776
445,162,147.07992936,24.64381152
445,163,153.87008088,23.31500544
445,164,160.14594336,22.00485312
445,165,166.20076488,21.8687904
445,166,172.34440512,22.90462272
445,167,179.00196864,23.75940384
445,168,185.36524776,22.52935296
445,169,191.52025704,21.95876736
445,170,197.7086724,23.42912256
445,171,204.83282376,27.47808576
445,172,212.91800952,30.40453152
445,173,221.12368272,27.8928576
445,174,228.79821144,28.8913824
445,175,236.78680608,27.514296
445,176,244.35727608,27.34092576
445,177,251.9901996,28.0245312
445,178,260.28267984,31.3602624
445,179,268.57994544,27.50112864
445,180,276.1103952,27.42980544
445,181,284.1600108,31.59727488
445,182,293.77986456,36.82142496
445,183,303.5814096,33.22783296
445,184,312.67334976,32.63530176
445,185,321.8895264,34.47324576
445,186,331.78522416,34.70038272
445,187,340.28874792,27.38371968
445,188,347.84931192,27.41773536
445,189,355.42075728,26.04723264
445,190,361.8549024,21.5286336
445,191,367.92340944,21.9456
445,192,374.0194704,21.9456
445,193,380.1329964,22.46900256
445,194,386.45735256,22.03009056
445,195,392.3382552,20.9470752
445,196,398.15731392,20.9470752
445,197,403.97853672,20.98548
445,198,409.99894632,22.80806208
445,199,416.49953784,23.42583072
445,200,422.70450384,20.75724576
445,201,428.39636952,20.9909664
445,202,434.05665792,18.3739536
445,203,438.76362336,17.88895584
445,204,444.75879552,24.17417568
445,205,451.48381128,24.2059968
445,206,458.207364,24.2059968
445,207,464.9306424,24.21477504
445,208,471.68918616,24.35303232
445,209,478.42191336,24.2059968
445,210,485.14031496,23.7231936
445,211,490.92008496,18.24996096
445,212,496.08702408,18.87760512
445,213,499.412768,17.8417728
455,181,279.9178806,27.1823688
455,182,285.37454736,27.97405632
455,183,293.03813376,28.01465568
455,184,301.47374808,32.48168256
455,185,310.54676016,32.30502048
455,186,319.06637736,29.07901728
455,187,327.64189488,33.13346688
455,188,336.44080032,28.91552256
455,189,344.06470176,26.96455872
455,190,350.97055536,22.38122016
455,191,357.18667704,22.29343776
455,192,362.92377504,19.77518016
455,193,368.47570704,20.03523552
455,194,373.45735824,38.3060448
457,163,135.081220457143,32.4371643428571
457,164,142.48049736,31.29113376
457,165,150.9406176,29.53109664
457,166,158.97517608,28.03660128
457,167,166.58347176,27.30910464
457,168,174.19926552,27.4374864
457,169,181.80759168,26.72754624
457,170,188.60472312,22.4503488
457,171,194.719956,21.9456
457,172,200.80812264,21.8523312
457,173,206.93987568,23.3885232
457,174,214.15397352,27.45833472
457,175,221.75071728,27.17304192
457,176,229.3205472,27.432
457,177,236.939328,27.34092576
457,178,244.5111696,27.34092576
457,179,252.1360464,27.66133152
457,180,260.05283016,29.31602976
457,181,267.99759456,27.20266848
457,182,275.50439184,27.40347072
457,183,283.12509288,27.432
457,184,290.73070632,27.33543936
457,185,298.69662384,30.9652416
457,186,307.6907232,32.67370656
457,187,316.7022876,31.5138816
457,188,325.27698216,31.7168784
457,189,334.06851144,29.708856
457,190,341.55845328,24.15003552
457,191,347.77911648,21.94340544
457,192,353.87542128,21.9456
457,193,359.92329336,21.51107712
457,194,365.9468424,21.9456
457,195,372.04290336,21.9456
457,196,378.1373184,22.08385728
457,197,384.78771912,26.0768592
457,198,392.12376744,26.25900768
457,199,399.07713936,24.26524992
457,200,405.91276704,23.8713264
457,201,412.51369872,25.04102688
457,202,419.5753356,24.1621056
457,203,425.849796,21.93901632
457,204,431.94576552,21.9510864
457,205,437.90064312,20.766024
457,206,443.80970928,21.94230816
457,207,449.9064408,21.9456
457,208,456.0024408,21.9456
457,209,462.16567968,23.07470112
457,210,469.02678864,25.42068576
457,211,475.98823776,24.95873088
457,212,482.62480056,22.13981856
457,213,488.5796172,21.26748096
457,214,494.26163784,20.34686304
457,215,498.69754464,22.0443552
460,157,20.0997312,34.1583264
460,158,25.40459232,35.22378528
460,159,32.6933052,41.0711904
466,151,21.6529158,28.3207968
466,152,27.0994632,28.03769856
466,153,35.3283012,30.2081184
466,154,43.3520088,29.40052032
466,155,52.76136768,39.46586976
466,156,63.50032512,28.47002688
466,157,70.81643952,33.39352224
466,158,80.7261276,35.41800384
466,159,89.70337152,29.61887904
466,160,98.22905424,31.930848
466,161,106.49611416,27.68656896
466,162,114.162078,27.73155744
466,163,121.78719864,26.96455872
466,164,129.1378164,27.03807648
466,165,136.84343472,26.65732032
466,166,144.0740832,25.63355808
466,167,150.85789488,23.28867072
466,168,157.23623112,23.04178272
466,169,163.55311968,23.02312896
466,170,170.17925832,23.50044576
466,171,176.74379688,24.70745376
466,172,183.50691264,23.05056096
466,173,189.68840904,21.99717216
466,174,195.83162256,22.86073152
466,175,202.17746712,22.0388688
466,176,208.27352808,22.6259136
466,177,215.13588672,26.24035392
466,178,222.50960832,26.95578048
466,179,230.0822424,27.432
466,180,237.69754848,27.29374272
466,181,245.28670272,27.80178336
466,182,253.0513608,28.03440672
466,183,261.40373424,31.73443488
466,184,269.85815472,29.76372
466,185,278.51904672,32.3313552
466,186,287.61936888,32.91510816
466,187,296.7352968,32.79440736
466,188,305.87097576,32.81525568
466,189,314.94371352,32.70333312
466,190,323.8687452,31.41402912
466,191,332.31359496,27.29922912
466,192,338.85496872,21.88195776
466,193,344.88659496,21.75028416
466,194,350.97619416,21.9456
466,195,357.07048728,21.7645488
466,196,363.05532672,21.70090656
466,197,369.146328,21.9456
466,198,375.24238896,21.9456
466,199,381.43415712,23.49715392
466,200,388.37125272,25.5556512
466,201,395.3473932,23.84499168
466,202,401.58722832,21.94450272
466,203,407.6834112,21.9456
466,204,413.78437944,22.03447968
466,205,419.84989944,20.62666944
466,206,425.148756,18.77775264
466,207,430.62805416,20.95036704
466,208,436.66467912,21.90390336
466,209,442.95748848,24.38265888
466,210,449.80628352,23.87352096
466,211,456.59606928,25.2319536
466,212,463.29929184,22.4997264
466,213,469.596216,23.48398656
466,214,476.16474744,23.5805472
466,215,482.61434592,22.20126624
466,216,488.4965592,20.1570336
466,217,493.72659192,17.29423008
466,218,497.82331728,12.53422944
466,219,499.8547788,11.3129568
475,154,22.8166506666667,25.0886976
475,155,29.52960312,25.98029856
475,156,37.16734248,29.14265952
475,157,45.45296472,29.955744
475,158,53.76867072,29.9228256
475,159,62.08084104,30.11265504
475,160,71.3128368,35.4476304
475,161,80.735424,32.12726112
475,162,89.0310132,28.72569312
475,163,97.06502304,28.44040032
475,164,104.50253928,26.10538848
475,165,112.24677576,29.09767104
475,166,120.19175352,27.85884192
475,167,127.49930304,24.16100832
475,168,134.46535464,26.60794272
475,169,141.56320176,24.4858032
475,170,148.06626216,22.4613216
475,171,154.20176424,21.98510208
475,172,160.46924472,23.37096672
475,173,167.38207824,26.16573888
475,174,174.55563768,26.74839456
475,175,181.8913812,24.03262656
475,176,188.33747448,23.0922576
475,177,194.968368,25.53590016
475,178,202.40877984,26.4663936
475,179,209.69054328,27.1686528
475,180,217.35416016,27.46162656
475,181,224.92234416,27.16645824
475,182,232.61110704,28.02014208
475,183,240.60649872,29.7198288
475,184,249.17101296,32.33245248
475,185,258.19522656,32.24467008
475,186,266.87833848,28.82993472
475,187,274.44121896,27.1905984
475,188,282.2259024,29.89649088
475,189,291.11015184,32.79331008
475,190,300.2344008,32.91949728
475,191,309.35456544,32.63091264
475,192,318.33638136,31.20225408
475,193,326.67537408,29.87673984
475,194,334.46624496,24.4912896
475,195,340.67410656,21.698712
475,196,346.71143256,21.93133536
475,197,352.8081336,21.9456
475,198,358.8713676,21.51656352
475,199,364.87918896,21.94121088
475,200,370.8992328,21.39257088
475,201,376.91894136,21.94340544
475,202,383.25082608,24.25756896
475,203,390.20386272,25.10357184
475,204,396.63614856,20.79784512
475,205,402.46221768,21.00084192
475,206,407.85199608,17.68705632
475,207,412.63985544,18.69984576
475,208,418.38530496,21.72175488
475,209,424.49349696,22.75319808
475,210,431.48253048,26.85702528
475,211,438.77325504,25.6050288
475,212,446.16261288,27.37933056
475,213,453.17916984,23.78134944
475,214,460.06783272,25.10357184
475,215,466.59786792,22.88048256
475,216,473.30218776,24.716232
475,217,480.02424696,21.9949776
475,218,484.93518456,15.07223808
475,219,489.16440648,15.3948384
475,220,493.44267072,15.2905968
475,221,497.28888096,12.25003392
475,222,500.60544024,11.90768256
475,223,502.7601832,11.9713248
482,156,23.509224,35.6224114285714
482,157,31.96355304,35.881056
482,158,41.61766632,32.39390016
482,159,50.25426576,30.47366016
482,160,58.7183484,30.47585472
482,161,67.66950144,36.32984352
482,162,77.84671248,33.48459648
482,163,85.67373264,23.59261728
482,164,92.77968744,29.0614608
482,165,101.20893144,30.22348032
482,166,109.39659096,28.34383968
482,167,117.10062432,27.66023424
482,168,124.50403344,25.23744
482,169,131.28235872,25.36143264
482,170,138.5332764,25.76193984
482,171,145.28389536,22.04545248
482,172,151.12081536,20.491704
482,173,157.09245696,23.11639776
482,174,164.10986736,27.57574368
482,175,171.61617696,25.26377472
482,176,178.10094936,21.49681248
482,177,184.29430248,24.13028448
482,178,191.37578184,26.56075968
482,179,198.67135272,25.42726944
482,180,205.62338352,24.60869856
482,181,212.79304152,28.27800288
482,182,221.12392656,31.43378016
482,183,230.12729184,31.96705824
482,184,238.3036128,27.39249792
482,185,245.88164184,27.61524576
482,186,254.17890744,32.32696608
482,187,263.33189904,32.3203824
482,188,271.44280992,26.97333696
482,189,279.01139016,27.89944128
482,190,287.46355512,32.72747328
482,191,296.58499992,32.78782368
482,192,305.71824048,32.85366048
482,193,314.74260648,31.33721952
482,194,322.7492148,26.94151584
482,195,330.1084584,25.40422656
482,196,336.56512824,21.94230816
482,197,342.62589336,21.69542016
482,198,348.68717664,21.9456
482,199,354.78335952,21.9456
482,200,360.8095908,21.5286336
482,201,366.86044992,21.75138144
482,202,372.35456136,18.01953216
482,203,377.7101412,21.15885024
482,204,384.20823336,25.66428192
482,205,391.5175812,26.21292192
482,206,398.16584832,20.84393088
482,207,403.45623144,17.41602816
482,208,408.12055536,17.01113184
482,209,413.21809152,20.9251296
482,210,419.56094904,22.77843552
482,211,425.7364104,22.8289104
482,212,432.48257928,25.29669312
482,213,439.52184384,25.29559584
482,214,446.62468968,26.07576192
482,215,453.98579256,25.51066272
482,216,459.94207224,18.4452768
482,217,465.03561552,18.3465216
482,218,470.16076656,18.49794624
482,219,475.27009848,18.34981344
482,220,480.36608016,18.3465216
482,221,485.46163512,18.34871616
482,222,490.21041912,13.45484736
482,223,493.03750008,10.59204384
482,224,496.74822672,14.83742016
482,225,499.838472,14.81986368
485,160,23.2342266666667,35.460432
485,161,32.65706448,36.75449088
485,162,43.53150552,43.11322848
485,163,56.8182252,49.45770144
485,164,67.83637944,33.46484544
485,165,78.88394688,42.50094624
485,166,89.64408792,34.79145696
485,167,98.89726728,33.14663424
485,168,107.923584,30.51316224
485,169,115.91806128,27.6898608
485,170,123.52669224,26.91847296
485,171,130.23146928,22.77294912
485,172,136.54287144,21.21371424
485,173,142.16149368,19.54694592
485,174,147.56946864,19.64350656
485,175,153.32820744,22.06959264
485,176,159.6231504,22.91449824
485,177,166.32015504,26.19426816
485,178,173.76294432,26.06259456
485,179,180.9431484,26.30399616
485,180,188.375544,26.938224
485,181,195.81863808,26.389584
485,182,202.9966476,25.4459232
485,183,210.272376,28.7651952
485,184,218.98014624,32.33574432
485,185,228.02441568,32.78892096
485,186,237.10730328,31.95608544
485,187,245.80339968,31.22968608
485,188,254.44816776,30.63496032
485,189,262.85927616,30.30467904
485,190,271.27203048,31.10130432
485,191,280.29831672,32.70223584
485,192,289.18430352,31.14300096
485,193,297.58136064,29.08121184
485,194,305.33693568,27.41444352
485,195,312.89298864,27.16426368
485,196,320.50427136,27.63280224
485,197,328.28861952,28.01246112
485,198,335.33571744,22.03777152
485,199,340.60095456,16.45151904
485,200,345.27323376,18.77884992
485,201,351.30720696,24.04579392
485,202,358.15682496,24.40679904
485,203,364.70648928,22.4722944
485,204,370.41770976,18.43101216
485,205,375.15969672,16.4537136
485,206,379.73456184,16.60404096
485,207,384.47130624,17.42370912
485,208,389.34386952,17.51478336
485,209,394.18058832,17.35128864
485,210,398.70168672,15.54406848
485,211,403.18636152,16.46139456
485,212,407.60468136,14.53566816
485,213,411.60036552,15.63843456
485,214,416.31461568,19.02354336
485,215,422.20725312,22.81903488
485,216,429.2763576,27.65584512
485,217,437.02416024,26.87458176
485,218,442.9800132,16.08941664
485,219,447.1847292,15.05029248
485,220,451.36493928,15.04590336
485,221,455.54514936,15.04809792
485,222,459.72538992,15.0491952
485,223,463.9056,15.04809792
485,224,468.0938568,15.19074432
485,225,472.30820448,15.06126528
485,226,476.48920704,15.04700064
485,227,480.6694476,15.0491952
485,228,484.8496272,15.0491952
485,229,489.016548,15.19842528
485,230,493.66605864,18.59560416
485,231,498.111649371429,18.3261435428571
493,165,21.1218272,39.4033248
493,166,28.25992824,39.57779232
493,167,39.08154744,38.08768608
493,168,49.88308032,40.63995936
493,169,61.74970632,44.42228352
493,170,74.23425336,45.19367136
493,171,86.00468448,37.26143424
493,172,95.62975032,33.94545408
493,173,104.640888,30.93012864
493,174,113.14352784,30.41440704
493,175,121.34923152,27.39688704
493,176,128.30598672,23.85267264
493,177,135.0436212,23.9042448
493,178,141.27650688,21.93791904
493,179,147.350226,21.8523312
493,180,153.45527856,22.22101728
493,181,159.80822496,23.83511616
493,182,166.43134608,23.31061632
493,183,173.56266024,29.07682272
493,184,180.997468114286,34.4483218285714
504,162,18.170652,35.442144
504,163,25.27715544,34.94068704
504,164,35.65745472,40.6761696
504,165,46.90893336,42.52947552
504,166,60.23710584,43.89778368
504,167,69.51463872,34.79694336
504,168,81.0225456,41.28296544
504,169,91.01946744,32.2271136
504,170,99.78825864,30.39246144
504,171,107.974638,28.4250384
504,172,115.6732764,27.43529184
504,173,123.035568,24.79962528
504,174,128.7799812,18.31579776
504,175,135.05258232,25.00371936
504,176,140.98914144,19.17716256
504,177,146.966178,23.24916864
504,178,153.3733788,23.0483664
504,179,159.77472744,22.99789152
504,180,166.0811004,22.4558352
504,181,172.27122264,22.04545248
504,182,178.6217916,23.6628432
504,183,185.01600792,22.87060704
504,184,191.68692168,24.82157088
504,185,198.95765136,27.92906784
504,186,207.32468568,31.86391392
504,187,216.16163016,32.00985216
504,188,225.4706184,34.4436192
504,189,234.66676968,30.84124896
504,190,242.7248892,30.22238304
504,191,251.74617672,32.79331008
504,192,260.88661056,33.18503904
504,193,269.8572708,31.33502496
504,194,278.77925448,32.91949728
504,195,287.816544,30.99925728
504,196,295.77261648,27.377136
504,197,303.35823504,27.35738496
504,198,310.81312488,25.18477056
504,199,317.22294696,21.98619936
504,200,323.36219808,22.54252032
504,201,329.72986632,22.94851392
504,202,335.96293488,21.9785184
504,203,342.04348152,22.09263552
504,204,348.43245528,23.5970064
504,205,354.78753528,22.07946816
504,206,360.80977368,21.50339616
504,207,366.85685328,21.9456
504,208,372.95288376,21.9456
504,209,378.98530248,20.65519872
504,210,384.47008704,19.98805248
504,211,390.11425152,20.25469152
504,212,395.47287936,15.99724512
504,213,399.0063648,13.7544048
504,214,403.74883944,18.48258432
504,215,408.88212864,18.4781952
504,216,414.0208128,18.56707488
504,217,419.39821632,20.30077728
504,218,425.42341128,25.07504256
504,219,433.16325864,28.46234592
504,220,441.05257992,28.38004992
504,221,448.63368744,24.41118816
504,222,454.1273112,15.47384256
504,223,457.94276712,13.4307072
504,224,461.67297048,13.4307072
504,225,465.40329576,13.4307072
504,226,469.15056792,13.58213184
504,227,472.9068012,13.43399904
504,228,476.60771328,12.7942848
504,229,479.93878104,11.60593056
504,230,483.1637784,11.6092224
504,231,486.38895864,11.6092224
504,232,489.628434,12.46729536
504,233,494.11795512,19.28140416
504,234,499.51678608,19.36260288
504,235,502.474992,19.2682368
508,168,21.77698464,26.6968224
508,169,27.81854736,30.83795712
508,170,36.92767824,33.1213968
508,171,46.27406544,35.36204256
508,172,56.48818776,36.9179856
508,173,66.6762192,36.60306624
508,174,76.87531488,36.89823456
508,175,86.80451016,33.00508512
508,176,95.47421088,31.519368
508,177,104.32380456,31.20335136
508,178,112.86954312,30.9048912
508,179,121.3922388,29.17448064
508,180,128.82314088,26.2030464
508,181,136.60626984,29.928312
508,182,145.18992552,29.55962592
508,183,152.73107376,26.62440192
508,184,160.5085944,30.03913728
508,185,169.39997616,32.91620544
508,186,178.5490968,32.94254016
508,187,187.72345488,33.84230976
508,188,197.84116896,38.295072
508,189,208.40565888,38.77897248
508,190,219.87714216,42.60409056
508,191,231.28016736,39.11364288
508,192,241.93582296,38.26654272
508,193,252.37132152,36.38361024
508,194,262.5916008,36.950904
508,195,272.1141624,32.43340224
508,196,281.2142712,32.92059456
508,197,290.27210424,31.38330528
508,198,298.3254384,27.4649184
508,199,305.94446304,27.39688704
508,200,313.34436696,25.77949632
508,201,319.90000536,20.98767456
508,202,325.95760056,23.25575232
508,203,332.3014944,21.18957408
508,204,337.49870016,18.54293472
508,205,343.47174384,23.53226688
508,206,349.8902832,21.93791904
508,207,355.88231592,21.82160736
508,208,361.8815724,21.53192544
508,209,367.95358464,21.95218368
508,210,373.81507152,20.07693216
508,211,379.08549024,17.44784928
508,212,384.0118812,18.84797856
508,213,389.33298816,18.94892832
508,214,394.32274704,17.1943776
508,215,399.08472888,17.14390272
508,216,403.84893576,17.0407584
508,217,408.686508,20.10985056
508,218,415.17359688,24.38924256
508,219,421.93558488,24.2937792
508,220,428.6891604,24.41228544
508,221,435.54743472,24.93129888
508,222,442.47791616,24.96641184
508,223,449.43070896,24.9137424
508,224,455.07956736,14.17027392
508,225,458.47510032,11.9932704
508,226,461.80711296,11.9932704
508,227,465.1391256,11.9932704
508,228,468.4794288,12.13920864
508,229,471.84530472,12.0097296
508,230,475.47873408,14.6102832
508,231,479.67692736,15.1534368
508,232,483.88670304,15.1534368
508,233,488.0965092,15.1534368
508,234,492.30649824,15.1534368
508,235,496.51490232,15.36521184
508,236,499.4558464,16.9200576
509,215,441.0132912,29.0888928
509,216,448.24842024,27.377136
509,217,454.06586352,15.41788128
509,218,458.20501704,14.8791168
509,219,462.3378612,14.8791168
509,220,466.47030912,14.88679776
509,221,470.63805288,15.02615232
509,222,474.7799496,14.88240864
509,223,478.91267184,14.8791168
509,224,483.0467352,14.83851744
509,225,486.57976344,10.0565712
509,226,490.04076744,16.26827328
509,227,493.8485932,17.227296
514,173,24.5696232,26.023824
514,174,31.6074552,32.62103712
514,175,42.00424416,37.74752928
514,176,52.8288504,40.05949824
514,177,64.05195216,39.38796288
514,178,73.33512384,28.14303744
514,179,81.2020728,28.20777696
514,180,88.8732792,28.22643072
514,181,97.05856128,30.17190816
514,182,105.50237472,30.99706272
514,183,114.17771424,31.42829376
514,184,123.30126216,33.4780128
514,185,132.56297592,33.87632544
514,186,141.87306144,32.62652352
514,187,150.89361744,33.16309344
514,188,160.53989736,35.6561136
514,189,170.6185056,38.35871424
514,190,182.09593248,42.47790336
514,191,193.76096376,43.1834544
514,192,206.4893508,47.12927328
514,193,219.6390324,48.41748
514,194,233.29617552,47.75801472
514,195,245.80431408,43.72221888
514,196,258.08760168,44.88314112
514,197,269.89823592,38.98855296
514,198,280.29182448,35.29730304
514,199,289.4027232,30.41769888
514,200,297.01120176,24.41009088
514,201,303.27484176,21.94450272
514,202,309.35170032,21.66469632
514,203,315.38628312,21.9401136
514,204,321.53385528,23.01105888
514,205,328.30193928,25.01359488
514,206,335.43858744,26.82959328
514,207,342.75022128,24.87972672
514,208,349.55344872,24.58016928
517,170,15.5814522,33.1707744
517,171,22.028658,33.46265088
517,172,31.49943408,35.62429248
517,173,41.92517904,36.92018016
517,174,51.16171632,31.83099552
517,175,60.52373976,34.41508992
517,176,70.25630856,36.14001408
517,177,80.2899588,34.31633472
517,178,88.68027984,28.87711776
517,179,98.11536384,36.511992
517,180,106.89079968,27.86652288
517,181,115.44235992,34.61260032
517,182,124.73504136,30.70628352
517,183,133.72203888,35.13161376
517,184,143.29553256,33.2091792
517,185,151.73983368,27.60427296
517,186,159.76451664,30.78309312
517,187,168.34414896,30.7018944
517,188,176.74257768,29.82626496
517,189,181.2974784,30.99816
518,177,125.1985304,28.748736
518,178,130.21059048,30.15983808
518,179,136.6233996,33.6782664
525,175,24.0992297142857,37.5301110857143
525,176,33.25937976,40.25481408
525,177,44.46736344,39.49549632
525,178,55.36061064,39.19593888
525,179,66.04631952,35.80644096
525,180,75.51288936,34.74317664
525,181,84.89204256,30.44183904
525,182,92.52109512,25.98468768
525,183,99.86275176,28.65875904
525,184,108.57552072,32.44437504
525,185,117.59735688,32.76039168
525,186,126.54159096,31.18689216
525,187,135.59171256,34.0485984
525,188,144.86196072,32.76697536
525,189,153.435337866667,32.6416416
530,187,120.6420117,31.4960508
530,188,128.52757632,31.41622368
530,189,137.44200096,31.65872256
530,190,146.18537184,33.58115712
530,191,156.07540032,34.9538544
530,192,165.38399232,32.95899936
530,193,174.68548248,34.49189952
530,194,184.5791076,37.08916128
530,195,195.33586536,40.3085808
530,196,206.93963184,42.57226944
530,197,218.69290272,42.12128736
530,198,230.46894216,42.73466688
530,199,242.30298504,42.06642336
530,200,253.74383592,41.22042048
530,201,265.68199848,43.26355584
530,202,276.7878132,36.6656112
530,203,286.3935852,33.18503904
530,204,295.4328864,30.86868096
530,205,303.35536992,27.43309728
530,206,310.93605072,27.15658272
530,207,318.1915404,23.91082848
530,208,324.93621576,26.54430048
530,209,332.53201464,27.4210272
530,210,340.13589072,27.185112
530,211,347.6972472,27.41773536
530,212,355.31871024,27.40895712
530,213,362.840778,27.02052
530,214,370.43889336,27.40895712
530,215,377.7154752,25.60612608
530,216,384.854958,24.08200416
530,217,391.15983744,22.18480704
530,218,396.88584072,19.17387072
530,219,402.19941912,21.44743488
530,220,408.70842312,22.8673152
530,221,415.0295484,22.98362688
530,222,421.40343456,22.8837744
530,223,428.08446768,25.80912288
530,224,435.19752432,23.58932544
530,225,441.0800424,20.35344672
530,226,446.68113864,18.38053728
530,227,451.21244784,14.429232
530,228,454.93308048,13.63041216
530,229,458.7787116,13.84657632
530,230,462.62409888,13.84547904
530,231,466.46924232,13.85206272
530,232,469.88818392,7.37481888
530,233,471.8717004,13.76757216
530,234,476.9534784,19.19910816
530,235,482.28632016,19.20020544
530,236,487.61913144,19.2024
530,237,492.94819368,19.17935712
530,238,497.7746712,22.9347195428571
545,201,225.6735644,35.6817168
545,202,233.89297392,39.30676416
545,203,245.65621176,43.75404
545,204,257.91270744,44.9171568
545,205,270.31398312,43.63114464
545,206,282.113736,40.3195536
545,207,292.85391264,37.93077504
545,208,302.39317728,30.42537984
545,209,310.6837068,29.89649088
545,210,319.02891744,30.18288096
545,211,327.80151864,34.59614112
545,212,336.92689536,28.5457392
545,213,344.51900616,27.64926144
545,214,352.77753168,29.7253152
545,215,360.17966064,25.08052896
545,216,367.20935448,25.53151104
545,217,374.33481648,25.6928112
545,218,381.100584,23.5037376
545,219,387.8837556,24.89618592
545,220,394.74279192,24.6229632
545,221,401.98712592,28.172664
545,222,406.8415536,30.1971456
558,208,292.0845568,26.0347968
558,209,296.98349544,27.28715904
558,210,304.57417368,27.41883264
558,211,312.13687128,27.14231808
558,212,319.53695808,25.41410208
558,213,326.74218624,27.24985152
558,214,334.36297872,27.43309728
558,215,341.84603208,26.6200128
558,216,349.37693904,27.432
558,217,356.98809984,27.12915072
558,218,364.49559816,27.16097184
558,219,371.94628176,26.20633824
558,220,379.29238848,27.59439744
558,221,387.29658888,29.41149312
558,222,395.18392896,25.66647648
558,223,401.88172608,24.4803168
558,224,408.7418292,24.606504
558,225,415.83507384,27.07757856
558,226,423.22034736,25.43165856
558,227,430.25412552,25.26706656
558,228,436.05776136,17.07477408
558,229,442.60812672,26.40714048
558,230,447.92457024,15.18416064
558,231,451.64892144,8.61255072
558,232,454.9263444,17.33812128
558,233,458.87862504,11.52253728
558,234,462.26665992,12.80306304
558,235,465.79560384,13.28037984
558,236,470.07819624,17.254728
558,237,474.89659656,17.30300832
558,238,479.76979992,18.21594528
558,239,484.849932,18.8512704
558,240,490.87671192,23.4214416
558,241,496.945141066667,23.5073952
572,181,21.271611,29.3083488
572,182,27.21275736,31.58739936
572,183,35.9906316,29.89758816
572,184,44.0236356,29.82297312
572,185,52.76142864,33.082992
572,186,62.45726904,37.005768
572,187,73.16620368,39.13558848
572,188,83.95795248,37.60488288
572,189,93.67778064,31.65433344
572,190,101.81450808,28.48977792
572,191,109.58386008,27.52746336
572,192,117.17194752,26.88116544
572,193,124.61379192,25.55235936
572,194,131.59395576,27.00844992
572,195,139.11693792,26.1920736
572,196,146.41375848,25.55345664
572,197,153.17666088,23.9645952
572,198,159.90582192,25.3361952
572,199,167.34925128,27.63170496
572,200,175.20748296,29.6375328
572,201,184.03973352,32.97216672
572,202,193.21573752,33.42424608
572,203,202.73348328,35.33351328
572,204,212.85896976,36.9673632
572,205,223.02743304,35.332416
572,206,232.4118288,33.67771776
572,207,241.88507376,32.6385936
572,208,250.22406648,29.27104128
572,209,258.5278548,29.7966384
572,210,266.67412248,28.8968688
572,211,274.67490912,29.47403808
572,212,279.2754384,30.7348128
576,229,431.5461016,23.4769152
576,230,437.39949096,21.52204992
576,231,443.03231688,16.8651936
576,232,446.6427948,11.32502688
576,233,449.78555712,11.3129568
576,234,452.92902048,11.37550176
576,235,456.28465512,11.60812512
576,236,459.35978232,14.5225008
576,237,464.39242656,18.63291168
576,238,468.90380184,14.11760448
576,239,472.88604432,15.22366272
576,240,477.61727184,18.11170368
576,241,482.6701548,18.78762816
576,242,488.27631072,21.67018272
576,243,494.59368696,21.61970784
576,244,498.8073336,20.35893312
580,184,23.029418,32.09544
580,185,30.68266152,36.81154944
580,186,41.13315624,36.62830368
580,187,51.19402512,36.61513632
580,188,61.73690472,39.57230592
580,189,72.86490888,40.21311744
580,190,83.84487168,37.98563904
580,191,93.39675504,29.91295008
580,192,101.28952056,29.62217088
580,193,109.67996352,28.49416704
580,194,117.03972528,25.16501952
580,195,123.73785768,23.51580768
580,196,129.94175688,22.34391264
580,197,136.42137816,23.00228064
580,198,142.66511472,22.40536032
580,199,149.03717208,22.61603808
580,200,155.02487664,21.60983232
580,201,161.2805004,22.71040416
580,202,167.62067568,24.6284496
580,203,175.40075664,29.83614048
580,204,183.84563688,31.60056672
580,205,192.89475264,33.26294592
580,206,202.40149512,34.15722912
580,207,211.81768152,34.89240672
580,208,221.48054256,33.51532032
580,209,230.6144232,32.9184
580,210,239.73879408,32.74064064
580,211,248.85316752,32.91730272
580,212,258.02274024,33.59542176
580,213,267.42975216,33.00837696
580,214,276.48904824,32.890968
580,215,285.63396264,32.92059456
580,216,294.69316728,32.24137824
580,217,303.41059968,29.48281632
580,218,311.30741904,28.15839936
580,219,319.33679592,32.02082496
580,220,329.35426128,36.19707264
580,221,338.73804744,34.09687872
580,222,348.91230192,38.2182624
580,223,359.21268264,35.10308448
580,224,368.73298872,35.37520992
580,225,379.15589904,39.09169728
580,226,390.27649656,40.00243968
580,227,400.50025056,33.57347616
580,228,409.65693024,32.93924832
580,229,418.69961472,31.07277504
580,230,426.5369676,25.4733552
580,231,432.98083584,21.10508352
580,232,437.64653136,11.9987568
580,233,440.54609376,10.17398016
580,234,443.38917672,10.24969248
580,235,446.2364964,10.2485952
580,236,449.08366368,10.2485952
580,237,451.84274376,8.50830912
580,238,453.6289632,5.67403488
580,239,455.95220976,12.42340416
580,240,460.26266088,17.83848096
580,241,465.69547704,21.52643904
580,242,472.469718,26.14159872
580,243,479.70310968,25.67415744
580,244,486.58162272,24.49019232
580,245,493.390428,24.27402816
580,246,498.41731152,23.46204096
588,209,224.0601564,33.0116688
588,210,230.51530224,39.4801344
588,211,240.64328808,33.15212064
588,212,249.76427568,32.90303808
588,213,258.84106728,32.65944192
588,214,267.5471916,29.10096288
588,215,275.45349024,28.172664
588,216,283.1212524,27.62512128
588,217,291.38367936,31.08155328
588,218,299.42076768,27.30252096
588,219,307.06112832,28.48868064
588,220,315.01153152,27.73704384
588,221,322.82608536,29.97439776
588,222,331.60850112,32.27429664
588,223,340.68645096,33.5328768
588,224,350.70156936,37.67071968
588,225,360.95936952,35.64404352
588,226,370.36299816,32.90852448
588,227,379.69871736,35.88325056
588,228,390.46559448,39.58657056
588,229,400.29847296,31.080456
588,230,408.7684992,30.504384
588,231,417.15717432,27.84238272
588,232,422.7755832,14.37107616
588,233,426.6851004,14.072616
588,234,430.59428232,14.07700512
588,235,434.50343376,14.07919968
588,236,438.02536728,9.25775136
588,237,439.94274216,7.40444544
588,238,441.90470928,5.68171584
588,239,443.4713508,6.0734448
588,240,445.4379204,9.4695264
588,241,449.28608136,16.63586208
588,242,453.91962048,16.93761408
588,243,459.83350248,26.44554528
588,244,467.5237284,27.91809504
588,245,475.26705048,27.76776768
588,246,482.97964872,27.76228128
588,247,490.69191168,27.761184
588,248,498.40002936,27.69424992
588,249,502.6270872,27.5856192
607,195,23.2911226666667,44.4971424
607,196,35.62612128,49.48403616
607,197,50.12548776,54.98250624
607,198,66.4811472,61.7933232
607,199,83.03693832,55.07577504
607,200,96.69219168,44.72623008
607,201,108.43202088,40.1165568
607,202,119.1652176,36.96626592
607,203,128.23548648,28.71691488
607,204,136.01078208,28.38882816
607,205,143.055877028571,31.2395616
615,190,22.6099116,34.8647004
615,191,31.45014792,38.26983456
615,192,43.75894728,47.62085472
615,193,56.96291376,46.2887568
615,194,65.85121704,24.93788256
615,195,76.20067056,43.1450496
615,196,87.66346704,39.22117632
615,197,98.05257504,34.61040576
615,198,107.04673536,30.96414432
615,199,115.087908,27.78971328
615,200,122.7047076,25.7696208
615,201,128.8965672,20.66946336
615,202,134.96736024,21.0074256
615,203,140.84085624,24.18514848
615,204,147.68072064,21.80185632
615,205,153.37664016,21.7041984
615,206,159.71340168,23.0044752
615,207,166.13806752,23.63211936
615,208,173.13350184,28.01575296
615,209,181.55582688,31.02120288
615,210,190.20050352,29.67922944
615,211,198.0028044,29.4839136
615,212,206.75001576,32.45425056
615,213,215.90315976,32.98533408
615,214,224.99948904,32.65834464
615,215,234.12294552,32.890968
615,216,243.1692876,32.51460096
615,217,252.32422992,33.0720192
615,218,261.35505768,31.73443488
615,219,270.00802488,30.85441632
615,220,278.25088368,27.9696672
615,221,285.87045696,27.41444352
615,222,293.27618256,24.85229472
615,223,299.62675152,22.08056544
615,224,305.86036872,22.35817728
615,225,311.91519024,21.65811264
615,226,317.98220376,21.68664192
615,227,324.26114472,24.7381776
615,228,331.44366528,25.8628896
615,229,338.78532192,27.15329088
615,230,346.33597992,27.29922912
615,231,353.95451688,27.42980544
615,232,361.61584776,28.3976064
615,233,369.99952416,31.36684608
615,234,378.71997408,31.2231024
615,235,387.64695648,33.24538944
615,236,396.63297864,29.99305152
615,237,404.12154888,22.62152448
615,238,408.96680208,14.96251008
615,239,413.12512752,14.99213664
615,240,417.30798936,15.04261152
615,241,421.46902752,14.96909376
615,242,425.62753584,14.96799648
615,243,429.00932232,7.26070176
615,244,431.31793848,12.41133408
615,245,434.5961844,9.7273872
615,246,437.3654448,13.99470912
615,247,442.83014304,22.1266512
615,248,448.98112896,21.6767664
615,249,455.32160904,27.71290368
615,250,464.27175624,33.50763936
615,251,473.59863624,33.50873664
615,252,482.88604464,33.4286352
615,253,492.17177664,33.42753792
615,254,498.6717738,33.4341216
625,193,21.310473,31.7333376
625,194,27.77127288,31.37233248
625,195,32.3340984,27.0918432
628,196,20.7447388,41.1809184
628,197,30.4920396,48.33408672
628,198,45.05260992,52.83842112
628,199,59.55819432,52.89109056
628,200,73.995534,46.58282784
628,201,84.62061816,33.27282144
628,202,94.03418328,35.96774112
628,203,104.14775208,35.1294192
628,204,113.68482216,34.6630752
628,205,123.26678928,32.95241568
628,206,131.98870224,31.85733024
628,207,141.1230096,32.87121696
628,208,150.24091872,32.8690224
628,209,159.33865008,33.20808192
628,210,168.97237224,35.44543584
628,211,178.92829848,36.83239776
628,212,189.45657816,38.459664
628,213,200.12348088,38.19412224
628,214,210.85173984,39.76871904
628,215,221.44704504,34.51713696
628,216,230.6141184,32.9184
628,217,239.73806256,32.7373488
628,218,248.8518264,32.91730272
628,219,257.96589504,32.98533408
628,220,266.9389632,29.60680896
628,221,274.58596848,27.31349376
628,222,282.18883872,26.71108704
628,223,288.88285632,21.84026112
628,224,294.90475944,21.82051008
628,225,300.99313944,21.9456
628,226,307.08962712,21.8797632
628,227,313.11436488,21.72833856
628,228,319.20186096,22.14201312
628,229,325.98646512,26.93602944
628,230,333.59591904,27.41773536
628,231,341.19351624,27.17743104
628,232,348.76392528,27.432
628,233,356.42476848,28.17376128
628,234,364.4853264,29.42466048
628,235,372.42067248,27.55379808
628,236,380.30834784,30.62618208
628,237,389.41144368,33.59981088
628,238,398.355312,29.52341568
628,239,406.03096848,26.06917824
628,240,412.23020424,17.91090144
628,241,415.82260752,8.24167008
628,242,417.53658936,5.47981632
628,243,419.0605284,5.4864
628,244,420.58461984,5.4864
628,245,422.15814984,6.85580544
628,246,424.77333384,11.02437216
628,247,428.37716712,15.5868624
628,248,433.0846812,18.92698272
628,249,438.93824328,21.91707072
628,250,445.57605576,26.53552224
628,251,453.75106608,33.34195008
628,252,463.60585968,35.93482272
628,253,473.615766,36.01602144
628,254,483.59229672,35.9030016
628,255,492.972614933333,34.4875104
638,216,220.37936112,30.73591008
638,217,228.6490728,30.86977824
638,218,237.46992384,31.28784192
638,219,245.89362048,29.20300992
638,220,253.79229912,28.55451744
638,221,261.93606744,29.84382144
638,222,269.80198008,26.77472928
638,223,277.41887112,27.9861264
638,224,285.03765192,26.0274816
638,225,291.56564496,21.84903936
638,226,297.53198304,21.20603328
638,227,302.90347344,17.51588064
638,228,308.21275416,20.90098944
638,229,314.25715152,22.93754112
638,230,320.9188908,25.47554976
638,231,328.70326944,29.47952448
638,232,336.64358376,27.60098112
638,233,344.20914648,27.6459696
638,234,352.22776392,29.47403808
638,235,360.35199456,29.02525056
638,236,368.47701768,29.37857472
638,237,376.37691552,27.5252688
638,238,384.21432936,29.34346176
638,239,391.62636432,21.40354368
638,240,396.7706568,17.8966368
638,241,401.74176192,17.8966368
638,242,406.71289752,17.8966368
638,243,410.84504064,7.67218176
638,244,412.0534812,5.75633088
638,245,413.68254576,5.30644608
638,246,415.94126616,13.75879392
638,247,420.81254928,18.51440544
638,248,425.95568352,18.5111136
638,249,431.0987568,18.51550272
638,250,436.1038776,17.1559728
638,251,441.39852792,22.93973568
638,252,449.34259128,33.37816032
638,253,458.83656264,34.2461088
638,254,468.36576888,34.40082528
638,255,477.9039972,34.2680544
638,256,487.09121784,30.5208432
638,257,494.63068968,26.26120224
638,258,499.2358824,29.7253152
646,221,254.431038,28.1781504
646,222,260.39219448,27.4100544
646,223,268.23686256,27.49673952
646,224,275.35421688,24.0688368
646,225,281.67829872,21.98619936
646,226,287.76814176,21.83258016
646,227,293.40249168,17.81543808
646,228,298.0246008,16.4592
646,229,302.6456736,17.27447904
646,230,307.89545736,20.70677088
646,231,313.94259792,22.59628704
646,232,321.01267776,28.29665664
646,233,328.98716016,28.71801216
646,234,336.9653916,28.70703936
646,235,344.88446136,28.47222144
646,236,352.84769664,28.7158176
646,237,360.70513584,27.57135456
646,238,368.30596392,27.43309728
646,239,375.92602488,27.43090272
646,240,383.61710424,28.19022048
646,241,391.46503368,26.55856512
646,242,396.62605968,11.17689408
646,243,399.44235072,10.040112
646,244,402.2319108,10.040112
646,245,405.0214404,10.040112
646,246,407.81097,10.040112
646,247,410.59940232,10.25517888
646,248,414.1803756,15.95664576
646,249,419.20567416,20.23494048
646,250,424.66665384,18.9609984
646,251,430.42307616,21.94889184
646,252,436.5173388,21.95328096
646,253,443.14756176,26.64525024
646,254,451.22308536,32.06691072
646,255,460.68922848,34.6301568
646,256,470.33553888,34.79145696
646,257,479.97413784,34.63235136
646,258,489.59481456,34.63783776
646,259,497.5975824,32.3023556571429
664,199,22.1901173333333,34.643568
664,200,31.76043432,38.20509504
664,201,42.55864488,38.9918448
664,202,53.49505176,39.89819808
664,203,64.92526512,42.6348144
664,204,76.92463152,43.28330688
664,205,88.0724172,35.908488
664,206,97.91504928,36.49882464
664,207,107.68489512,33.15102336
664,208,116.96340336,34.89460128
664,209,126.61291416,33.30573984
664,210,136.04110968,33.659064
664,211,144.86116824,31.62031776
664,212,153.79092432,32.37085728
664,213,162.79648416,32.21394624
664,214,171.84307008,33.18942816
664,215,181.28735904,34.72781472
664,216,190.93622976,34.90008768
664,217,200.79087096,35.97103296
664,218,210.94616688,36.97943328
664,219,220.88782848,33.65138304
664,220,229.91131056,31.45023936
664,221,238.35683088,29.63643552
664,222,246.33131328,27.56806272
664,223,253.64523312,25.17379776
664,224,260.50871952,25.18696512
664,225,265.4936778,25.909524
666,218,203.8444488,29.1657024
666,219,208.21372632,29.023056
666,220,216.66125832,31.39756992
666,221,225.12555432,29.65070016
666,222,233.8172616,32.83171488
666,223,242.14159344,27.01613088
666,224,249.68807568,27.42761088
666,225,257.47010736,29.21069088
666,226,265.68053544,28.47880512
666,227,273.23405856,26.97333696
666,228,280.2847836,22.81903488
666,229,286.40117472,21.94889184
666,230,292.4918712,21.82928832
666,231,298.55717784,21.93352992
666,232,304.65387888,21.9456
666,233,310.73753448,22.28795136
666,234,317.48169168,26.55746784
666,235,325.53654984,31.33941408
666,236,334.2534336,30.2410368
666,237,342.60214944,30.60204192
666,238,351.11384184,29.13388128
666,239,358.06468392,21.424392
666,240,363.81586368,20.95475616
666,241,369.66686544,21.0568032
666,242,375.51707472,21.0568032
666,243,381.36737544,21.05899776
666,244,387.24020088,21.22358976
666,245,393.11284344,21.0568032
666,246,398.7407316,16.75436832
666,247,402.4310976,12.53861856
666,248,405.8783856,12.26649312
666,249,409.28479992,12.2675904
666,250,412.86757152,15.60112704
666,251,418.36366416,21.12593184
666,252,423.52334904,17.46101664
666,253,429.05172,21.81282912
666,254,435.28436184,23.07799296
666,255,441.9743256,25.94957472
666,256,449.2945548,24.41009088
666,257,455.96367024,26.50809024
666,258,464.14331352,31.75418592
666,259,473.814648,36.88177536
666,260,483.49491312,31.75638048
666,261,492.06244488,29.708856
666,262,498.3175708,27.8270208
679,234,289.5139752,32.6660256
679,235,295.84195848,32.82732576
679,236,304.95752064,32.05922976
679,237,313.736736,32.3039232
679,238,322.86970224,32.9403456
679,239,332.01943248,32.9403456
679,240,341.17550256,33.10932672
679,241,350.46291096,33.46045632
679,242,359.6095932,32.47509888
679,243,368.63127696,31.5522864
679,244,376.42315368,25.6379472
679,245,383.04694536,20.75395392
679,246,388.36927152,17.23168512
679,247,391.48066992,5.64440832
679,248,392.6310156,4.18502592
679,249,394.09765224,7.37591616
679,250,397.73848824,17.33592672
679,251,402.52781064,17.1943776
679,252,407.30140536,17.26679808
679,253,413.19611544,24.36729696
679,254,419.18253984,20.62118304
679,255,425.74253688,25.4788416
679,256,432.1180461,25.5007872
686,201,22.8472365,24.284178
686,202,29.97665328,30.9048912
686,203,38.56567344,31.107888
686,204,47.39393112,32.39390016
686,205,56.73025992,35.0361504
686,206,67.04188776,39.1783824
686,207,78.06235848,39.50646912
686,208,88.09158912,32.21833536
686,209,96.86220912,33.00179328
686,210,106.38096072,32.85585504
686,211,115.00183248,31.7278512
686,212,124.20331776,32.95790208
686,213,133.60362408,34.96043808
686,214,143.10097872,33.86535264
686,215,152.70918912,35.7932736
686,216,162.760914,34.84302912
686,217,172.06764672,32.78233728
686,218,180.9836868,30.66019776
686,219,189.36916152,31.41402912
686,220,198.37578816,32.85585504
686,221,207.44242992,31.75967232
686,222,215.86801632,29.42136864
686,223,223.69643856,26.64634752
686,224,230.45873136,22.2528384
686,225,236.55433512,21.54728736
686,226,241.89906408,17.25143616
686,227,246.68463744,17.2711872
686,228,251.48121408,17.26899264
686,229,256.22823024,16.91018208
686,230,260.97457584,17.24704704
686,231,264.46221936,6.06027744
686,232,266.72676144,12.12823584
686,233,270.07532472,11.76942528
686,234,274.17174528,19.89697824
686,235,280.93486104,26.03955168
686,236,288.14834928,26.86470624
686,237,295.84080024,29.35114272
686,238,304.46865192,31.23188064
686,239,312.5900784,27.4429728
686,240,320.22848832,28.58524128
686,241,328.77614712,31.9253616
686,242,337.10197248,27.80397792
686,243,344.99028792,30.147768
686,244,353.74697856,32.39280288
686,245,362.6636892,30.61740384
686,246,370.60101648,26.15037696
686,247,376.05791184,13.7598912
686,248,379.67677176,12.9808224
686,249,383.28225096,12.9808224
686,250,386.90571336,13.14102528
686,251,390.53807592,12.9808224
686,252,394.14352464,12.9808224
686,253,397.74879048,12.9808224
686,254,401.3542392,12.9808224
686,255,404.959566,12.9808224
686,256,408.6075648,14.68489824
686,257,414.89241888,27.72168192
686,258,423.00878568,32.27539392
686,259,432.00151344,32.36976
686,260,441.00618936,33.0226416
686,261,450.4252104,32.96668032
686,262,459.96520656,36.66341664
686,263,469.6687584,34.37010144
686,264,479.47682616,34.81779168
686,265,488.46034896,30.15544896
686,266,496.16694264,25.2319536
686,267,499.9271688,25.3691136
700,208,21.8916504,32.8306176
700,209,27.4143216,34.85400192
700,210,38.66805576,45.86959584
700,211,51.01916136,41.3619696
700,212,63.16617288,48.09597696
700,213,76.94877168,49.95476928
700,214,90.20117088,44.03604096
700,215,101.96727384,43.25697216
700,216,114.48202656,45.2737728
700,217,126.67637352,43.13627136
700,218,139.11980304,46.58721696
700,219,151.93850232,43.85169792
700,220,163.55625912,40.82649696
700,221,174.56645808,39.42307584
700,222,185.59747488,39.15753408
700,223,196.02596304,35.11186272
700,224,205.36122504,33.31012896
700,225,214.62915672,33.06214368
700,226,223.04992728,26.32813632
700,227,229.5409176,21.94340544
700,228,235.45946304,19.01695968
700,229,239.91115848,14.9559264
700,230,244.37413152,16.56563616
700,231,248.6256648,14.88350592
700,232,253.24265328,17.08903872
700,233,256.983738,10.00609632
700,234,259.54991016,11.2580928
700,235,263.973564,18.51221088
700,236,269.11368072,18.15120576
700,237,274.23654576,20.19214656
700,238,281.07430704,28.7158176
700,239,289.80387048,32.973264
700,240,298.8637152,32.69236032
700,241,307.9822644,32.64627456
700,242,317.06024472,33.02922528
700,243,326.70387288,36.52625664
700,244,336.54775464,33.52629312
700,245,345.645486,32.66931744
700,246,354.77701968,32.81854752
700,247,363.35966952,27.60098112
700,248,369.62983224,16.04772
700,249,372.02019576,3.9337488
700,250,373.05450408,3.730752
700,251,374.08997064,3.730752
700,252,375.12540672,3.730752
700,253,376.18958544,4.90045248
700,254,378.60783816,12.16993248
700,255,382.8129504,17.52575616
700,256,387.7952112,19.64789568
700,257,394.20692304,25.08711264
700,258,401.20680744,27.03807648
700,259,409.89257112,33.65796672
700,260,419.05150632,31.51497888
700,261,427.94983752,35.70658848
700,262,438.89456544,41.28406272
700,263,450.65707176,42.45486048
700,264,462.13270032,40.8078432
700,265,473.28402168,37.00467072
700,266,482.1620532,28.85517216
700,267,489.81475824,25.51505184
700,268,496.26140016,22.49533728
700,269,501.718870285714,23.5068726857143
705,224,241.6830828,20.99864736
705,225,247.6786512,20.98877184
705,226,253.25624736,20.27334528
705,227,258.90583728,19.25397216
705,228,263.95978704,17.90102592
705,229,268.4421606,17.6579784
709,234,229.0559808,11.8067328
709,235,231.55134792,12.99618432
709,236,235.55154312,15.8118048
709,237,240.76950576,22.57873056
709,238,247.99165032,28.39541184
709,239,256.3153116,32.5782432
709,240,266.35036392,37.91321856
709,241,277.39506624,41.12495712
709,242,288.17821968,37.4337072
709,243,299.16686928,41.6308032
709,244,310.4916828,38.84042016
709,245,321.14166912,39.035736
709,246,331.99197,36.9728496
709,247,341.86297896,36.2705904
709,248,351.43187016,30.17629728
709,249,358.424226,21.23346528
709,250,363.1466448,12.06788544
709,251,365.40624912,5.47871904
709,252,366.95655336,5.62246272
709,253,368.36936232,4.93995456
709,254,369.7409928,4.93776
709,255,371.69082888,11.66189184
709,256,374.73486648,8.07378624
709,257,378.09306144,16.98260256
709,258,384.36785712,28.03111488
709,259,392.47303776,29.19532896
709,260,400.4375532,28.14084288
709,261,409.33585392,37.0222272
709,262,419.95593936,38.33457408
709,263,430.58910072,38.212776
709,264,440.84799816,35.36204256
709,265,450.57672648,35.03176128
709,266,460.30771032,35.03176128
709,267,470.064084,35.18757504
709,268,479.81420928,35.01859392
709,269,488.64121728,25.87057056
709,270,494.30811984,17.4577248
709,271,498.3684216,20.2009248
713,204,22.2684594,29.9063664
713,205,30.41068848,36.03248064
713,206,41.61187512,43.07043456
713,207,49.9017798,39.7242792
716,243,268.4057624,44.147232
716,244,276.3539304,44.31694464
716,245,288.55611072,43.43473152
716,246,300.68858328,43.89997824
716,247,312.4983336,40.0123152
716,248,323.46893904,41.44097376
716,249,335.18539008,40.11765408
716,250,345.09992448,31.2121296
716,251,352.55539344,21.94121088
716,252,357.12757632,10.97170272
716,253,359.13169728,5.48420544
716,254,360.56044728,5.2340256
716,255,362.62443096,9.31919904
716,256,365.247174,9.436608
716,257,367.8690636,9.436608
716,258,370.49077032,9.436608
716,259,373.1105568,9.55511424
716,260,376.87197168,19.51841664
716,261,384.0717744,31.82880096
716,262,393.42261168,33.70953888
716,263,402.81197568,35.39166912
716,264,413.27594256,39.18277152
716,265,424.50254952,41.83599456
716,266,436.38999336,42.71930496
716,267,448.37936232,43.88900544
716,268,460.45502016,41.39927712
716,269,470.85369888,35.02737216
716,270,480.2125524,29.9722032
716,271,487.3875444,24.16978656
716,272,494.1025932,24.1730784
716,273,500.1366045,24.044148
721,246,273.1705992,43.1913792
721,247,284.72078184,43.79683392
721,248,296.32497504,39.19593888
721,249,307.00327728,38.1688848
721,250,317.56694424,37.76398848
721,251,327.21017616,30.79406592
721,252,335.38719816,29.2644576
721,253,343.46765952,28.58524128
721,254,349.39690344,11.90768256
721,255,351.8614248,8.36676
721,256,354.18546384,8.36566272
721,257,356.50907616,8.37444096
721,258,359.05753944,10.14106176
721,259,361.97944368,11.301984
721,260,365.76347472,15.43763232
721,261,370.02488352,15.6307536
721,262,374.87053296,20.0308464
721,263,381.25411176,27.09513504
721,264,389.85059952,32.30611776
721,265,398.69296944,31.22639424
721,266,407.09566536,29.52999936
721,267,415.8156276,33.87522816
721,268,425.560236,36.67548672
721,269,436.1770296,39.694104
721,270,447.8862264,43.0737264
721,271,459.3460968,38.66485536
721,272,469.31964048,34.29987552
721,273,478.29145896,28.36359072
721,274,485.6113224,26.7516864
721,275,493.12622736,27.0698976
721,276,500.6356764,26.99637984
721,277,504.7619064,27.0369792
725,224,155.8831528,24.743664
725,225,160.5352644,27.02820096
725,226,168.71384088,30.888432
725,227,177.38866224,32.11519104
725,228,187.05731448,37.4830848
725,229,197.60894184,37.3130064
725,230,207.3193212,32.54422752
725,231,216.11216112,30.88404288
725,232,223.604328,22.7082096
725,233,229.6948416,21.68005824
725,234,235.2190368,17.55757728
725,235,239.80822752,15.87105792
725,236,243.298762285714,13.7473508571429
733,212,20.2518264,32.8415904
733,213,25.12225608,32.97106944
733,214,34.56602688,36.24096384
733,215,44.9704968,37.72777824
733,216,55.4463204,37.69924896
733,217,64.6941048,23.85925632
733,218,72.02993976,34.79584608
733,219,81.94465704,35.12173824
733,220,90.8174290666666,31.9662048
737,250,273.3180208,43.0060608
737,251,281.03105592,42.13226016
737,252,292.68429144,42.74893152
737,253,304.5479304,39.11364288
737,254,313.65614688,30.07973664
737,255,322.25979744,31.162752
737,256,330.91523352,31.15946016
737,257,339.55478952,30.48024384
737,258,346.4114484,19.778472
737,259,351.5134956,16.08831936
737,260,355.24994736,11.2142016
737,261,358.83101208,15.1863552
737,262,363.35393928,17.46650304
737,263,368.31486408,18.9719712
737,264,374.06967096,21.39366816
737,265,380.3914668,25.52053824
737,266,388.21687152,29.2041072
737,267,396.39831312,28.91442528
737,268,404.0567484,26.00443872
737,269,411.14694504,27.17633376
737,270,419.05101864,28.57536576
737,271,426.9659736,28.06403328
737,272,434.35039368,25.456896
737,273,441.39682104,25.35484896
737,274,448.29795024,23.43680352
737,275,454.36371408,21.48693696
737,276,460.67886528,23.58822816
737,277,464.9364336,23.5805472
754,212,31.4814034666667,32.607504
754,213,40.23411816,34.41179808
754,214,50.10198768,35.23804992
754,215,59.74543296,35.68793472
754,216,70.0703196,37.71570816
754,217,80.58445656,37.16158176
754,218,90.14392944,32.698944
754,219,99.59458872,34.28890272
754,220,108.57552072,31.06289952
754,221,117.31377096,32.03070048
754,222,125.76861816,27.80726976
754,223,134.17363056,33.19052544
754,224,142.5674568,27.13353984
754,225,149.5720656,23.66503776
754,226,155.88069408,21.98729664
754,227,161.96681856,22.06191168
754,228,168.25191648,22.77185184
754,229,174.4285056,21.94450272
754,230,180.50993616,21.09630528
754,231,185.60710656,15.5704032
754,232,189.23328168,11.14617024
754,233,192.14296344,9.15241248
754,234,194.17335816,5.93409024
754,235,195.7108608,5.4864
754,236,197.2348608,5.4864
754,237,198.7588608,5.4864
754,238,200.33641416,6.9293232
754,239,202.99292904,11.19335328
754,240,206.12295072,11.2800384
754,241,209.25727008,11.2800384
754,242,212.39168088,11.2800384
754,243,215.5259088,11.28442752
754,244,218.56007088,10.87733664
754,245,221.42817792,9.11071584
754,246,223.74200616,8.36237088
754,247,226.64239152,13.16297088
754,248,231.22667496,20.74737024
754,249,237.89124888,26.06259456
754,250,245.55736512,28.57426848
754,251,253.52575152,27.87420384
754,252,260.7832224,28.5304992
759,217,21.1624926,50.420016
759,218,30.97075848,50.35856832
759,219,44.96793648,50.44854528
759,220,58.83923208,46.41055488
759,221,69.75765576,40.4786592
759,222,82.22845632,41.47389216
759,223,92.78197344,37.02003264
759,224,102.72759744,34.94727072
759,225,112.36217304,34.63783776
759,226,121.9143612,32.6550528
759,227,130.577844,31.92206976
759,228,139.57974624,31.54241088
759,229,148.2672168,31.58739936
759,230,156.99050136,29.45318976
759,231,164.59510896,26.67816864
759,232,171.295314,20.97340992
759,233,177.07974744,20.86697376
759,234,181.7069772,11.95815744
759,235,184.77841632,10.77967872
759,236,187.1351604,5.94835488
759,237,188.54025792,4.54164192
759,238,189.89866008,5.38106112
759,239,191.35286088,4.99920768
759,240,192.79206552,5.58405792
759,241,194.86693056,9.61546464
759,242,198.02100096,12.96875232
759,243,201.93911352,15.19293888
759,244,206.60438232,18.00526752
759,245,210.65554008,10.56132
759,246,213.3702108,9.6780096
759,247,216.06513048,9.73506816
759,248,218.77105344,10.06864128
759,249,222.38448792,16.63915392
759,250,228.02511672,24.36071328
759,251,235.58263272,29.85479424
759,252,244.43585352,32.78233728
759,253,253.5936,33.67771776
759,254,263.53934592,37.51380864
759,255,274.00541592,37.92528864
759,256,284.64595344,38.44539936
759,257,295.51567008,40.43147616
759,258,306.81219816,39.28042944
759,259,317.40247416,37.25155872
759,260,327.50275368,35.9030016
759,261,336.4813692,28.2439872
759,262,343.81190064,25.24621824
759,263,350.84284416,25.38337824
759,264,357.2052165,25.9465572
763,254,255.592004266667,27.2235168
763,255,263.42333904,30.67007328
763,256,272.01348696,31.67518176
763,257,281.07019224,33.19601184
763,258,290.3561376,33.19601184
763,259,299.64046752,35.26438464
763,260,309.70307376,34.67514528
763,261,319.03687272,33.56250336
763,262,328.45662528,33.9717888
763,263,337.20331848,28.60389504
763,264,344.81966088,27.17633376
763,265,352.42539624,27.4374864
763,266,359.79195504,25.04761056
763,267,366.93418104,27.16536096
763,268,374.65839216,29.30725152
763,269,383.61622032,35.11515456
763,270,393.69306072,36.10929024
763,271,403.20151008,31.07167776
763,272,410.92529448,27.52087968
763,273,419.0620524,29.6155872
763,274,427.27129176,29.54865312
763,275,434.99830704,24.01287552
763,276,438.5758056,19.8717408
768,276,493.1293668,21.2104224
768,277,497.88570984,21.35087424
768,278,502.0301364,21.2762592
770,227,17.5760888,50.3212608
770,228,26.67637032,51.38123328
770,229,41.78817144,58.88772576
770,230,59.7450672,65.67988896
770,231,75.46250592,49.65850368
770,232,89.17402536,49.3940592
770,233,102.98737848,49.89661344
770,234,116.86745232,49.54877568
770,235,130.10866536,46.65415104
770,236,142.730982,42.10153632
770,237,153.47646216,37.0277136
770,238,163.63821984,34.56432
770,239,171.59685264,23.59590912
770,240,177.93900912,22.43718144
770,241,183.1918104,15.0546816
770,242,187.19694336,14.48738784
770,243,191.22109584,14.4511776
770,244,195.23409264,14.42594016
770,245,199.28823744,14.93178624
770,246,203.4632964,15.03493056
770,247,207.65950848,15.11283744
770,248,210.75420384,5.4644544
770,249,212.55919896,9.42234336
770,250,215.44062576,11.05290144
770,251,218.65565616,13.41863712
770,252,223.11393528,18.6647328
770,253,228.94134552,22.41523584
770,254,235.86960192,27.1960848
770,255,243.46409016,28.16278848
770,256,252.05996832,33.39900864
770,257,261.88739088,36.39238848
770,258,271.68658896,35.2994976
770,259,281.82606576,37.142928
770,260,292.24007592,37.98124992
770,261,302.58785304,35.93811456
770,262,312.20746296,33.72819264
770,263,321.62718504,35.19635328
770,264,331.85767512,36.16415424
770,265,341.21622384,31.27467456
770,266,349.22234448,27.43419456
770,267,356.71432848,25.65769824
770,268,363.22034544,22.83000768
770,269,370.08819048,25.8244848
770,270,377.33307312,27.04466016
770,271,385.89392976,34.53469344
770,272,395.62911984,34.52920704
770,273,404.74477344,29.96232768
770,274,412.17863208,27.36396864
770,275,421.53145056,37.83750624
770,276,431.76782328,35.003232
770,277,441.19089816,35.86569408
770,278,452.0482704,39.93331104
770,279,462.70828464,35.92165536
770,280,472.8656532,38.32360128
770,281,483.5769348,37.7025408
770,282,493.06410912,31.45682304
770,283,501.3393072,27.26411616
770,284,508.60122816,25.9945632
770,285,512.9337468,25.9945632
778,238,77.8666464,50.858928
778,239,85.21381992,44.1710064
778,240,97.231962,48.12450624
778,241,110.99801016,48.8125008
778,242,124.39890792,47.32897824
778,243,137.87713344,49.58937504
778,244,151.3790724,47.96540064
778,245,163.86547872,41.6033712
778,246,175.14938808,40.01560704
778,247,185.73073344,35.73621504
778,248,194.60516832,27.75898944
778,249,200.97914592,18.01404576
778,250,204.7461996,9.628632
778,251,207.33736536,9.93696768
778,252,210.87240528,16.07295744
778,253,215.5844304,17.03417472
778,254,220.29849768,17.8253136
778,255,225.89938056,21.75247872
778,256,231.99208872,22.26161664
778,257,238.5564444,23.93057952
778,258,245.17682232,25.7751072
778,259,252.8561364,29.5826688
778,260,261.87352248,33.54714144
778,261,270.85542984,31.71248928
778,262,279.85056552,32.92498368
778,263,288.92177928,32.23369728
778,264,297.84297048,32.37853824
778,265,306.89251296,32.19309792
778,266,315.853572,32.80099104
778,267,325.26494256,35.1349056
778,268,334.64348616,31.95828
778,269,343.43775864,31.56106464
778,270,352.30640232,31.90012416
778,271,360.78843768,29.60241984
778,272,369.08512416,30.0819312
778,273,377.59148256,31.7827152
778,274,387.41942328,38.5639056
778,275,398.16240408,38.48929056
778,276,408.48604104,34.86936384
778,277,417.7265712,32.63091264
778,278,424.9619136,32.534352
788,278,463.3921644,40.9998672
788,279,473.67294648,41.0821632
788,280,485.05256304,40.93622496
788,281,495.15607344,28.858464
788,282,499.5447972,25.402032
795,232,22.85615952,47.0403936
795,233,32.61454488,47.8798128
795,234,46.19009304,50.3761248
795,235,60.98048256,55.38959712
795,236,76.33865352,53.6076144
795,237,89.63857104,43.74965088
795,238,101.88650184,44.90728128
795,239,114.60263592,46.10551104
795,240,127.46836584,48.00270816
795,241,140.87667024,45.22329792
795,242,152.99655456,43.92302112
795,243,164.96656872,41.17762656
795,244,175.69150536,36.84885696
795,245,184.6322952,34.6040964
797,236,24.0671985,50.9974596
797,237,36.87308856,51.30661824
797,238,52.14554976,59.32115136
797,239,66.38458656,41.89524768
797,240,79.86076992,55.49383872
797,241,93.89815104,45.41532192
797,242,106.96053792,49.44453408
797,243,120.15575664,44.5605408
797,244,132.1314096,43.20101088
797,245,144.14625984,42.68858112
797,246,156.04269528,41.97534912
797,247,167.483028,40.89452832
797,248,178.57369416,38.20290048
797,249,188.01969,28.96928928
797,250,194.8661076,19.02244608
797,251,198.23055096,8.50172544
797,252,200.5788216,8.21094624
797,253,202.7532648,7.64913888
797,254,205.07803536,9.40698144
797,255,207.95156784,11.07813888
797,256,211.8189312,17.91638784
797,257,217.22132832,20.22725952
797,258,223.17492576,22.12335936
797,259,229.93218936,26.96455872
797,260,237.54155184,27.32336928
797,261,245.55916344,31.4699904
797,262,254.65052448,33.37267392
797,263,264.14961648,33.75891648
797,264,273.16566144,32.37744096
797,265,282.2825952,32.9184
797,266,291.41732928,32.79001824
797,267,300.53520792,32.91949728
797,268,309.64711248,32.6276208
797,269,318.76672848,33.87852
797,270,328.95774696,38.37297888
797,271,339.00974616,33.85767168
797,272,348.49390296,35.17440768
797,273,358.29816072,34.98787008
797,274,368.05297992,35.42897664
797,275,377.89369176,35.42897664
797,276,387.75668448,35.58808224
797,277,397.61986008,35.43007392
797,278,407.46057192,35.43007392
797,279,417.31591416,35.24902272
797,280,427.28156352,37.8726192
797,281,438.26990832,41.10301152
797,282,449.73892272,39.45599424
797,283,460.40171064,38.52111168
797,284,471.17178816,38.83493376
797,285,481.9288812,38.42235648
797,286,491.65447008,30.97950624
797,287,499.97886288,29.8350432
797,288,504.953778,29.90088
798,282,469.7956568,45.9101952
798,283,479.532696,40.36125024
798,284,489.83353392,35.02188576
798,285,497.4693759,27.1590516
819,247,97.8401904,51.9232896
819,248,105.66818592,49.81431744
819,249,119.017542,46.90652544
819,250,131.73062808,46.08137088
819,251,144.43886784,44.2642752
819,252,156.19905768,39.80054016
819,253,166.46298432,34.01677728
819,254,175.19163336,28.82225376
819,255,182.33114664,22.74880896
819,256,187.80642144,18.45734688
819,257,193.20970248,19.19910816
819,258,198.26316456,17.9295552
819,259,203.56741608,20.1844656
819,260,209.4908688,23.15151072
819,261,216.2607816,24.62735232
819,262,223.14219024,25.13539296
819,263,230.37811176,27.20815488
819,264,238.42178376,31.36794336
819,265,247.62253752,35.0361504
819,266,258.208272,39.37808736
819,267,268.7746212,36.99150336
819,268,279.40043688,41.20944768
819,269,291.4160796,43.76281824
819,270,303.4187988,41.41463904
819,271,314.26638696,38.12718816
819,272,325.2601572,41.6856672
819,273,336.76004784,39.36272544
819,274,347.39817744,38.1414528
819,275,357.61236072,34.56322272
819,276,366.85892592,32.89425984
819,277,376.00167624,33.0391008
819,278,385.63216752,36.5284512
819,279,395.82812376,35.71426944
819,280,405.14951736,31.04644032
819,281,413.6564244,32.14042848
819,282,422.76299496,33.83353152
819,283,432.97032024,38.4486912
819,284,443.63353488,38.39711904
819,285,454.29409776,37.72777824
819,286,464.29431144,34.9154496
819,287,474.00947616,34.90886592
819,288,483.68577888,34.8276672
819,289,493.26421032,32.863536
819,290,499.6580304,28.88479872
820,238,21.395436,41.4662112
820,239,28.95880416,42.42303936
820,240,41.30936112,45.59417856
820,241,53.96608968,45.74670048
820,242,67.00704912,48.03233472
820,243,80.4315384,48.24849888
820,244,93.17437296,43.1889408
820,245,104.694228,40.56863616
820,246,115.97819832,39.82138848
820,247,126.6127008,37.39749696
820,248,137.11342656,37.3788432
820,249,147.18514632,35.76254976
820,250,156.8932092,33.05665728
820,251,165.341046,27.98064
820,252,170.85551808,25.6105152
828,245,22.3292416,46.5027264
828,246,33.07195824,50.05462176
828,247,47.40880536,53.1248112
828,248,63.41025672,63.77062176
828,249,81.63394392,62.51972256
828,250,98.02648416,59.34419424
828,251,114.44029944,57.3219072
828,252,129.96358056,55.3248576
828,253,144.64290096,48.30336288
828,254,157.02104232,40.8791664
828,255,167.6470104,35.8152192
828,256,176.8676676,29.59144704
828,257,183.06129504,17.46760032
828,258,187.9273356,16.94090592
828,259,192.51018648,16.4592
828,260,197.18941512,18.37724544
828,261,202.93367592,21.85452576
828,262,209.17927176,24.47044128
828,263,216.59121528,27.4649184
828,264,224.26165968,29.0834064
828,265,233.05132968,32.92608096
828,266,242.15866224,32.86573056
828,267,251.87913048,38.89199232
828,268,263.3863668,40.47646464
828,269,273.85286352,37.18901376
828,270,284.96233584,42.62274432
828,271,297.03851184,43.76940192
828,272,309.19174128,43.61029632
828,273,321.43680696,45.51956352
828,274,334.28159712,44.50896864
828,275,345.57806424,38.33676864
828,276,356.222046,38.04160032
828,277,366.33659016,34.22087136
828,278,375.4483728,31.00145184
828,279,383.78986488,31.32405216
828,280,392.79950904,32.07129984
828,281,401.37673344,31.1792112
828,282,410.3325804,32.38292736
828,283,419.43476184,33.20259552
828,284,429.3818184,38.5803648
828,285,440.18938632,38.87224128
828,286,450.945504,38.01087648
828,287,461.27392632,37.0825776
828,288,471.64270416,36.86092704
828,289,481.62243528,34.04969568
828,290,489.71106528,25.5446784
828,291,496.76983704,25.38996192
828,292,503.460850666667,25.3861824
843,251,76.17616464,44.50128768
843,252,85.69762896,46.14281856
843,253,98.646234,46.43798688
843,254,111.37672416,45.84655296
843,255,123.93613008,43.5729888
843,256,136.16991816,44.55944352
843,257,148.10006448,42.5525184
843,258,159.70858584,39.50317728
843,259,169.82697048,33.81158592
843,260,178.44802512,28.01685024
843,261,185.5341984,23.67162144
843,262,191.82545328,21.95876736
843,263,197.89182672,21.43317024
843,264,203.84268096,21.81721824
843,265,210.04371504,23.7067344
843,266,217.06542312,26.04832992
843,267,224.52064824,28.14742656
843,268,232.45873752,28.08378432
843,269,240.11013192,27.29154816
843,270,248.1654168,31.49851968
843,271,257.37086448,34.79035968
843,272,267.13376088,34.03872288
843,273,277.02485616,38.0975616
843,274,287.68596768,38.32469856
843,275,298.7044572,41.60556576
843,276,310.13851104,40.07924928
843,277,321.55040592,43.22405376
843,278,334.04178048,45.08394336
843,279,346.26395568,43.63772832
843,280,358.4060904,43.25148576
843,281,369.81929592,38.87224128
843,282,380.61454992,40.4183088
843,283,392.32859304,41.7569904
843,284,403.06102776,36.00943776
843,285,412.7508636,34.83864
843,286,422.42457552,33.97617792
843,287,432.02083776,35.2885248
843,288,441.95219712,36.93334752
843,289,452.62589688,39.48232896
843,290,463.63789416,39.7160496
843,291,474.69235008,39.72592512
843,292,485.70510936,39.64362912
851,272,257.4941256,26.6388233142857
851,273,264.69907944,32.78562912
851,274,273.8813928,33.41546784
851,275,283.52233872,36.731448
851,276,294.07555104,38.2731264
851,277,304.73242584,38.33676864
851,278,315.32434776,38.24459712
851,279,326.5991436,43.40071584
851,280,338.299044,39.17399328
851,281,348.9246768,38.34335232
851,282,359.5440612,37.96149888
851,283,370.13802528,38.4048
851,284,380.92873776,40.42160064
851,285,392.63921472,41.79868704
851,286,403.39536288,36.31228704
851,287,413.65846656,38.44101024
851,288,424.48493208,38.95344
851,289,435.30274128,38.8876032
851,290,446.10351216,38.86456032
851,291,456.47820312,35.31376224
851,292,465.8618064,33.71612256
851,293,475.68386448,35.87666688
851,294,484.84590864,29.59583616
851,295,492.85068816,28.78275168
851,296,498.5431482,30.668976
855,248,20.1950574,37.8781056
855,249,27.59006928,38.22484608
855,250,39.4623036,50.7656592
855,251,55.29584064,57.16719072
855,252,68.30653344,44.24342688
855,253,82.1924018666667,53.0242272
856,251,21.2494706666667,27.1808448
856,252,28.98074976,31.79697984
856,253,38.63931312,36.63598464
856,254,48.97645272,37.58622912
856,255,60.09290496,44.22916224
856,256,72.93534816,46.7770464
856,257,85.94808312,46.37434464
856,258,98.32226208,43.26684768
856,259,110.53636008,44.51445504
856,260,123.15157488,45.66769632
856,261,136.12511256,47.81617056
856,262,148.89178248,44.13150432
856,263,160.57007256,39.61290528
856,264,170.84058288,35.0635824
856,265,180.46397232,33.34195008
856,266,188.73103224,27.20925216
856,267,196.37678784,27.25533792
856,268,203.72426616,25.7641344
856,269,210.8559156,26.35995744
856,270,218.29401096,27.03478464
856,271,225.82680768,27.23778144
856,272,234.02031936,32.37085728
856,273,243.2369532,33.2640432
856,274,252.50634792,33.16638528
856,275,261.44515656,30.60533376
856,276,270.53685288,36.91469376
856,277,281.30519304,38.83932288
856,278,291.99989352,39.8093184
856,279,303.64870944,42.85207584
856,280,315.4948224,42.6896784
856,281,327.40893624,42.91681536
856,282,339.31686264,42.67431648
856,283,351.1937604,43.21527552
856,284,363.08565432,40.99218624
856,285,373.94750712,38.42455104
856,286,384.95212824,41.2687008
856,287,396.3696924,39.2113008
856,288,406.4367792,33.82804512
856,289,415.62652968,33.01276608
856,290,424.787568,33.18394176
856,291,434.38745736,35.1733104
856,292,444.16038168,35.826192
856,293,453.98624976,34.81230528
856,294,463.65755376,34.85180736
856,295,473.36768928,34.9373952
856,296,483.0436872,34.8166944
856,297,492.60523272,31.94950176
856,298,498.4644336,20.2228704
860,254,19.0311024,52.1646912
860,255,25.4299212,48.79933344
860,256,35.54230128,29.1272976
860,257,45.40377,39.98598048
860,258,56.3462424,41.82063264
860,259,68.9261004,46.69036128
860,260,81.66975792,43.04190528
860,261,93.39434712,44.21380032
860,262,106.57859304,50.27627232
860,263,120.3290964,47.6054928
860,264,133.48901928,48.28800096
860,265,146.6251068,45.57662208
860,266,158.84783064,42.12787104
860,267,169.89625152,37.53026784
860,268,179.1676122,37.2540276
860,276,260.5061592,38.1908304
860,277,266.80497312,37.60707744
860,278,277.33578264,38.37846528
860,279,288.0263988,39.21568992
860,280,299.62611144,43.77269376
860,281,311.77385448,43.61029632
860,282,324.25696896,47.43431712
860,283,337.43130888,45.06199776
860,284,349.60974528,43.83304416
860,285,361.7323728,43.46984448
860,286,373.8568596,43.09676928
860,287,385.36309008,40.49841024
860,288,396.6121608,40.3908768
860,289,407.83117824,40.3963632
860,290,416.8264968,40.5572976
870,253,21.8791028,32.9293728
870,254,29.18225304,32.89206528
870,255,38.64153816,35.70439392
870,256,48.92027808,38.00319552
870,257,60.18644808,45.69842016
870,258,73.92494232,50.5900944
870,259,87.66355848,47.73168
870,260,100.75691304,47.00528064
870,261,113.95703904,48.3406704
870,262,127.14232128,46.24047648
870,263,139.94651208,45.46469952
870,264,152.34382536,44.12492064
870,265,163.83310896,36.70291872
870,266,173.254416,33.33097728
870,267,182.17319928,30.50877312
870,268,190.46842272,30.61082016
870,269,199.44091176,32.87670336
878,257,15.7184344,38.3060448
878,258,22.57824288,37.67620608
878,259,32.92611144,37.05624288
878,260,42.78541608,34.46227296
878,261,53.0972268,40.08802752
878,262,65.10180528,46.63659456
878,263,78.37157808,47.31361632
878,264,90.77852304,42.34842432
878,265,102.40734408,42.11689824
878,266,114.58446984,45.18489312
878,267,126.7547376,41.2796736
878,268,138.04364568,41.97315456
878,269,150.0051864,42.4757088
878,270,161.365692,40.4567136
878,271,172.76600448,40.56205248
878,272,183.597804,37.69266528
878,273,193.74895464,35.9030016
878,274,204.071982,38.91064608
878,275,215.2182132,40.81223232
878,276,226.45234872,39.17728512
878,277,236.66796456,35.78559264
878,278,247.0085484,37.68498432
878,279,257.0989524,36.12136032
878,280,267.66460056,40.01012064
878,281,279.27799872,41.32137024
878,282,290.1382056,38.39492448
878,283,300.2703672,35.07016608
878,284,310.51978536,38.83164192
878,285,321.87574944,44.12601792
878,286,334.67887344,45.25621632
878,287,346.87422624,43.69478688
878,288,359.01389208,43.41168864
878,289,370.57922328,39.27604032
878,290,381.45564552,40.94280864
878,291,393.24372456,41.84038368
878,292,404.23392864,37.76179392
878,293,414.51419256,37.63450944
878,294,425.35915944,39.50208
878,295,436.32891144,39.40222752
878,296,447.12946896,38.43113472
878,297,457.81231272,38.4925824
878,298,467.83535592,29.38845024
878,299,477.24831144,44.43764544
878,300,489.23216352,36.51967296
878,301,497.95898376,29.83833504
878,302,504.17345952,29.89429632
880,243,20.4240384,39.3045696
880,244,27.19827936,40.56973344
880,245,35.8173528,41.60227392
882,270,153.191464,36.7479072
882,271,159.72757488,35.55406656
882,272,169.62689976,36.87080256
882,273,179.8284948,35.84484576
882,274,189.85479936,35.83387296
882,275,199.56100296,34.7234256
882,276,209.34813096,36.31228704
882,277,219.69017784,37.08038304
882,278,229.74031776,34.65319968
882,279,239.13413184,34.42606272
882,280,249.12023328,37.40517792
882,281,259.4699916,36.83130048
882,282,269.69609256,36.60745536
882,283,279.99946032,38.18314944
882,284,290.65081824,37.82982528
882,285,301.08747504,37.90224576
882,286,311.68915056,38.1524256
882,287,322.82507952,43.7375808
882,288,335.56876752,45.30559392
882,289,347.5267116,40.98999168
882,290,358.60244256,38.74166496
882,291,369.32548944,38.95453728
882,292,380.11227,39.9739104
882,293,391.77096144,42.19261056
882,294,402.7035888,36.50540832
882,295,412.6614048,36.34410816
882,296,423.16536144,39.00940128
882,297,434.035962,39.09389184
882,298,444.86492688,38.18205216
882,299,454.89385272,35.82290016
882,300,465.22032432,37.55879712
882,301,475.66039488,37.47979296
882,302,486.06084144,37.43699904
882,303,496.17773256,35.21061792
895,297,399.2456709,44.7580512
895,298,408.8177244,33.27940512
895,299,417.75848376,32.08117536
895,300,426.65056656,31.98242016
895,301,434.92707528,26.19865728
895,302,440.4468712,25.2795024
896,271,152.31051072,28.5512256
896,272,158.54909616,31.42390464
896,273,167.46757464,32.24137824
896,274,176.33597448,31.70261376
896,275,184.71998616,27.94113792
896,276,192.35976768,27.40347072
896,277,199.714866,25.3252224
896,278,206.87480088,26.99967168
896,279,214.5587784,27.3332448
896,280,221.52821328,23.5476288
896,281,228.34552248,26.04832992
896,282,235.8728328,27.38920608
896,283,243.44628984,27.29045088
896,284,251.06372952,27.7556976
896,285,259.24309848,31.10459616
896,286,267.56691216,28.47770784
896,287,276.03492672,32.75051616
896,288,285.18087744,32.91949728
896,289,294.30463872,32.78892096
896,290,303.4335816,32.9184
896,291,312.5225652,32.63530176
896,292,321.84651912,36.04674528
896,293,332.5991316,39.36601728
896,294,343.30937688,38.14364736
896,295,353.94979248,38.30494752
896,296,364.50830832,38.07451872
896,297,375.16375056,38.51672256
896,298,386.28623784,41.75589312
896,299,397.67923512,38.35213056
896,300,407.61022872,34.11004608
896,301,416.95408608,33.45935904
896,302,426.22537056,34.1144352
896,303,435.92581344,35.51456448
896,304,445.77432816,34.71903648
896,305,455.2771692,34.13199168
896,306,464.75882664,34.20550944
896,307,474.16117512,32.30502048
896,308,482.43585504,28.73008224
896,309,490.61440104,29.8130976
896,310,498.88972104,29.74616352
896,311,505.0874328,29.8130976
904,264,7.453884,35.4092256
904,265,12.84094968,35.80314912
904,266,23.38172616,39.49330176
904,267,34.28789688,41.19298848
904,268,46.67057976,47.27521152
904,269,60.7897692,56.4989472
904,270,77.94117,61.42244256
904,271,93.1685208,49.5092736
904,272,106.32219528,46.93505472
904,273,119.91529992,48.90467232
904,274,132.78502272,45.7401168
904,275,145.50399144,44.20173024
904,276,157.15378272,40.55766336
904,277,168.36478392,39.70727136
904,278,179.02114056,37.58842368
904,279,189.58867848,38.17876032
904,280,199.42420872,32.3917056
904,281,208.560924,34.06176576
904,282,218.06650824,34.08261408
904,283,227.34708912,32.58482688
904,284,235.906056,30.12911424
904,285,244.55469504,30.27724704
904,286,252.58020096,28.26703008
904,287,260.4819276,28.79701632
904,288,267.6420987,28.2110688
906,267,19.870674,40.270176
906,268,26.4273792,39.40113024
906,269,37.77383352,44.4069216
906,270,53.38803648,64.9699488
906,271,66.09609336,36.75010176
906,272,80.25204168,56.180736
906,273,94.94010984,48.7356912
906,274,107.961684,45.81802368
906,275,120.58899936,44.66697696
906,276,132.91343496,45.58320576
906,277,146.05546608,48.5601264
906,278,159.06381192,43.6607712
906,279,170.36936208,37.94503968
906,280,180.62606496,37.0716048
906,281,190.75627584,35.10857088
906,282,200.57869968,36.62281728
906,283,210.9622908,37.28118528
906,284,220.88663976,33.70953888
906,285,230.0040612,31.0201056
906,286,238.14834768,28.81786464
906,287,246.00289128,27.92358144
906,288,253.78443528,29.46855168
906,289,262.51683336,32.03618688
906,290,271.2930312,31.69603008
906,291,280.30358976,32.92169184
906,292,289.4321364,33.25636224
906,293,299.3930004,38.21167872
906,294,310.0305204,38.11731264
906,295,320.8030668,41.27199264
906,296,333.211932,45.67318272
906,297,345.51253224,43.48959552
906,298,357.32185584,41.01193728
906,299,368.30572008,38.51672256
906,300,379.02620664,39.85211232
906,301,390.87158808,43.8253632
906,302,402.2756496,38.60999136
906,303,412.95084288,38.50245792
906,304,423.43809648,37.30313088
906,305,434.075586,38.91722976
906,306,444.67083024,36.88616448
906,307,454.74480552,36.16744608
906,308,464.70762024,34.69379904
906,309,474.15443904,34.24830336
906,310,483.6808716,34.2845136
906,311,493.19578272,33.70624704
906,312,499.064788,31.1188608
926,262,20.2518264,34.01568
926,263,25.51182096,34.0321392
926,264,35.02005696,34.28341632
926,265,44.01589368,30.4879248
926,266,52.19309856,28.21765248
926,267,59.69120904,26.73412992
928,284,111.46645728,30.70628352
928,285,118.31534376,34.78597056
928,286,128.00569776,34.54566624
928,287,138.15081336,38.17876032
928,288,148.77614136,38.30714208
928,289,159.63509856,40.1220432
928,290,170.9130948,41.1644592
928,291,182.61412296,43.05287808
928,292,194.59245816,42.78953088
928,293,206.72947224,46.1077056
928,294,219.55984536,44.1710064
928,295,231.60843696,43.25038848
928,296,244.0903932,49.2075216
928,297,258.47292984,50.29821792
928,298,271.36468968,43.6936896
928,299,283.36628112,44.08980768
928,300,296.49349896,49.34577888
928,301,310.17517848,49.0813344
928,302,324.29985432,54.17381088
928,303,339.17659368,50.3432064
928,304,352.86427776,49.29310944
928,305,366.53233272,49.3172496
928,306,380.29350408,49.63326624
928,307,394.09972488,49.63216896
928,308,407.86513296,49.59925056
928,309,421.64776224,49.06706976
928,310,434.4073608,42.17615136
928,311,445.76692152,40.93622496
928,312,457.1856744,41.1150816
928,313,468.62387352,41.2741872
928,314,480.07155192,41.11617888
928,315,491.49256032,41.1150816
928,316,502.90021848,41.04705024
928,317,509.17602,41.1150816
931,288,136.5269304,43.1852832
931,289,143.94006264,40.6487376
931,290,155.28502344,41.1260544
931,291,166.63291032,39.88941984
931,292,177.49954848,39.8148048
931,293,189.22712472,43.89449184
931,294,201.41537568,43.94277216
931,295,214.11633072,47.0842848
931,296,226.6671108,43.6772304
931,297,238.82494272,43.7156352
931,298,250.99133952,44.26098336
931,299,263.6757744,45.61502688
931,300,276.01008552,45.04663584
931,301,289.0651572,48.66327072
931,302,302.74647096,49.31615232
931,303,316.40751552,49.9591584
931,304,331.25072688,54.58638816
931,305,345.4327356,49.11754464
931,306,359.0813748,48.9167424
931,307,372.67764936,49.459896
931,308,386.56284384,50.18300352
931,309,400.48565064,50.02609248
931,310,414.24508464,48.12560352
931,311,427.05323784,45.26718912
931,312,439.54546584,44.12492064
931,313,451.7291448,43.89778368
931,314,463.82687016,43.29098784
931,315,475.84123272,41.78332512
931,316,486.33625872,36.07966368
931,317,495.811014133333,33.899856
954,282,37.7501912,38.7230112
954,283,44.55136632,38.7504432
954,284,55.51910664,40.88026368
954,285,67.65709608,46.75619808
954,286,80.98240344,47.38713408
954,287,93.11963088,40.55985792
954,288,104.3594052,43.644312
954,289,117.9287964,48.92332608
954,290,129.54603504,38.96221824
954,291,141.95060256,47.35092384
954,292,154.15857408,41.93365248
954,293,166.31485152,44.48702304
954,294,178.00003008,40.72444992
954,295,189.81514488,43.82975232
954,296,201.91320552,43.7430672
954,297,214.48961928,46.41274944
954,298,227.32977648,46.12855392
954,299,240.17191488,46.1186784
954,300,252.86668248,45.22549248
954,301,265.72811472,48.0005136
954,302,279.37196856,49.08572352
954,303,292.76421,47.2543632
954,304,303.836744914286,49.1424685714286
970,287,66.760344,44.432982
970,288,77.93242224,44.6812416
970,289,90.06035328,42.53935104
970,290,101.86236168,42.58763136
970,291,113.59002936,42.12019008
970,292,124.91813472,38.09865888
970,293,136.00230864,43.16480064
970,294,148.11676752,43.75842912
970,295,160.07803392,42.57226944
970,296,171.8748912,42.68748384
970,297,183.9080904,43.54775136
970,298,196.08795936,44.39704608
970,299,208.75547784,47.649384
970,300,222.70431456,49.89222432
970,301,235.48951632,43.74196992
970,302,247.63433328,43.8582816
970,303,260.1660024,46.86702336
970,304,273.42047424,48.5217216
970,305,287.08977888,49.36772448
970,306,300.9567768,50.59887264
970,307,315.15670776,52.03192032
970,308,329.772264,52.6913856
970,309,344.34258792,51.40866528
970,310,357.83861376,48.23533152
970,311,372.1466268,51.79381056
970,312,386.44360608,52.57178208
970,313,401.04828096,52.47302688
970,314,415.64106864,52.93717632
970,315,430.28597712,50.99499072
970,316,444.0106944,48.60072576
970,317,457.45432512,48.51184608
970,318,470.9225532,49.54328928
970,319,484.36493424,44.82279072
970,320,495.239175466667,37.9671072
972,287,56.53278,36.704016
972,288,62.73390552,43.95593952
972,289,76.17122688,48.97270368
972,290,88.68418128,41.52217248
972,291,100.00506288,40.10448672
972,292,110.95750224,40.4841456
972,293,122.99368848,43.20210816
972,294,134.68615176,42.82903296
972,295,146.549364,42.59531232
972,296,158.56866432,42.95522016
972,297,170.05282728,40.59826272
972,298,181.54643904,40.75956288
972,299,192.86046264,43.21417824
972,300,205.48299264,46.95480576
972,301,218.68595328,47.42334432
972,302,231.92457552,48.08939328
972,303,245.06989848,46.0747872
972,304,257.68425984,45.1914768
972,305,270.23305872,45.12673728
972,306,282.69389232,45.37362528
972,307,295.9022784,49.11754464
972,308,309.64028496,49.90758624
972,309,323.9937132,54.45142272
972,310,339.01922544,51.44707008
972,311,352.8828096,49.18228416
972,312,366.473232,49.06926432
972,313,380.41865496,51.2539488
972,314,394.9801092,53.23015008
972,315,409.21192224,49.18886784
972,316,422.81834664,48.74337216
972,317,436.91824224,58.21289856
972,318,451.43117232,37.7135136
972,319,461.9393352,43.68052224
972,320,474.52199736,45.09930528
972,321,487.08405504,44.45191008
972,322,496.7995144,43.1852832
981,286,25.9066284,39.86089056
981,287,37.80827592,45.68305824
981,288,50.85822696,47.50454304
981,289,64.19947536,48.76641504
981,290,77.66633184,45.95518368
981,291,88.84145808,37.46991744
981,292,99.78210168,38.80969632
981,293,109.38574008,31.24395072
981,294,117.9115752,31.382208
981,295,126.36532512,28.34932608
981,296,134.7327252,32.8690224
981,297,143.9514012,32.8745088
981,298,153.04547496,33.60310272
981,299,162.56992632,33.91582752
981,300,171.88924728,34.4326464
981,301,182.19666888,39.60851616
981,302,193.56314856,41.91170688
981,303,205.45574352,44.22148128
981,304,218.11835472,46.02321504
981,305,230.95613448,46.29095136
981,306,243.67318296,46.04406336
981,307,256.8264612,48.3296976
981,308,270.40502688,48.49758144
981,309,283.88328288,49.28762304
981,310,297.57206424,49.44233952
981,311,311.51175696,50.5626624
981,312,326.32683528,57.43492704
981,313,342.16774848,55.01323008
981,314,357.34182024,54.44593632
981,315,372.49918896,55.01542464
981,316,388.33793808,58.67485344
981,317,403.79535192,52.37427168
981,318,418.194744,50.8918464
981,319,431.932842,48.38565888
981,320,445.41954096,49.26128832
981,321,459.12121536,49.34138976
981,322,472.85931336,49.48074432
981,323,486.48362952,47.09306304
981,324,496.864102971429,42.5117622857143
989,305,209.858805942857,47.5561152
989,306,221.4385716,49.13839296
989,307,235.10455392,49.2843312
989,308,248.90129544,50.00195232
989,309,263.08150584,51.31759104
989,310,276.87873504,49.1252256
989,311,290.58165912,49.24702368
989,312,304.53957888,52.18224768
989,313,319.62218016,56.976264
989,314,335.84153304,56.84349312
989,315,351.12950856,54.70928352
989,316,366.25911,54.26378784
989,317,381.56912256,57.59403264
989,318,397.84166304,56.72498688
989,319,412.95114768,53.11713024
989,320,427.32393072,49.97452032
989,321,441.03343848,49.350168
989,322,454.76605008,49.46977152
989,323,468.33958656,48.34176768
989,324,481.97106552,49.322736
989,325,494.20585944,38.1524256
989,326,499.9244256,37.2746016
1002,288,10.5131616,37.8671328
1002,289,18.9398148,37.71131904
1002,290,29.12293896,37.03100544
1002,291,39.93416448,40.28005152
1002,292,51.2598924,39.89380896
1002,293,62.30712456,42.08836896
1002,294,74.65323144,45.37143072
1002,295,86.8463592,40.67836416
1002,296,97.554288,38.1195072
1002,297,108.0167004,36.70182144
1002,298,118.4137332,39.06536256
1002,299,128.88733176,35.83935936
1002,300,138.78461448,35.60344416
1002,301,148.95143184,38.7723888
1002,302,160.34909256,40.51596672
1002,303,170.85759072,35.50688352
1002,304,180.33647448,34.36790688
1002,305,190.52307336,38.40370272
1002,306,201.39559416,40.73432544
1002,307,213.00777312,41.83160544
1002,308,224.5432644,41.41902816
1002,309,236.40961608,45.10040256
1002,310,249.0209904,43.16370336
1002,311,260.53782792,42.12348192
1002,312,272.555208,44.28512352
1002,313,285.53682288,47.06014464
1002,314,297.04869216,38.24130528
1002,315,308.88361896,46.72876608
1002,316,322.2327312,48.48660864
1002,317,335.69974008,48.36151872
1002,318,348.89550744,47.07440928
1002,319,362.261658,48.93210432
1002,320,375.95421888,50.40136224
1002,321,390.79941144,54.87716736
1002,322,405.17560824,48.83334912
1002,323,418.7897136,49.03524864
1002,324,432.27580296,51.18591744
1002,325,447.21386808,50.5077984
1002,326,460.53905352,49.21520256
1002,327,474.31967112,49.59047232
1002,328,488.06502336,49.4653824
1002,329,499.735928571429,49.3368438857143
1007,293,21.9753397714286,44.7737266285714
1007,294,32.49344784,43.8253632
1007,295,45.2600568,47.49357024
1007,296,58.65568152,49.95586656
1007,297,73.38733608,54.48214656
1007,298,87.53386608,47.0074752
1007,299,99.86205072,41.5155888
1007,300,110.45543568,36.31338432
1007,301,121.09524168,39.3978384
1007,302,131.743704,38.69887104
1007,303,142.86146688,39.65899104
1007,304,153.43138224,38.00868192
1007,305,164.44917072,40.63337568
1007,306,175.82482488,40.5883872
1007,307,187.10952672,42.32428416
1007,308,199.27729512,42.92449632
1007,309,210.90764016,43.49727648
1007,310,223.52413512,44.44203456
1007,311,235.43571912,43.77708288
1007,312,248.1373752,46.51479648
1007,313,261.04635624,47.11061952
1007,314,274.29445776,47.02064256
1007,315,286.53702408,39.98049408
1007,316,298.44184152,47.06343648
1007,317,311.691528,48.95734176
1007,318,325.74963552,52.79672448
1007,319,340.12985568,49.52683008
1007,320,353.79595992,49.16033856
1007,321,367.39726368,49.15924128
1007,322,381.31845504,51.80917248
1007,323,395.43682152,48.68521632
1007,324,408.89852688,48.5107488
1007,325,422.38995024,48.85200288
1007,326,436.12835304,49.54438656
1007,327,449.83051512,49.37321088
1007,328,463.57288032,50.15776608
1007,329,477.8457804,51.2813808
1007,330,491.35911888,46.23279552
1007,331,499.015512,44.9555616
1016,296,23.5315082666667,42.1404288
1016,297,35.21016072,48.54476448
1016,298,49.70827752,54.13211424
1016,299,65.04212544,55.73194848
1016,300,80.321658,51.49864224
1016,301,93.06769296,43.60700448
1016,302,105.33473472,43.9515504
1016,303,117.33650904,41.63190048
1016,304,128.3549376,38.98965024
1016,305,139.32816432,39.28042944
1016,306,150.40154832,41.32137024
1016,307,162.26052384,43.82316864
1016,308,174.73272648,45.97822656
1016,309,187.47979776,45.52395264
1016,310,200.57644416,49.09998816
1016,311,214.2879636,48.8673648
1016,312,227.11733088,43.91204832
1016,313,239.56036416,46.07149536
1016,314,252.32541864,45.56235744
1016,315,265.72665168,50.39148672
1016,316,278.78504568,44.03165184
1016,317,290.96765784,43.77159648
1016,318,303.130458,43.8143904
1016,319,315.25299408,44.03713824
1016,320,328.51408008,51.37026048
1016,321,342.29652648,46.69365312
1016,322,354.78046392,43.97020416
1016,323,367.46648376,47.60768736
1016,324,380.77304592,47.98624896
1016,325,394.12203624,47.98734624
1016,326,407.42957376,47.9291904
1016,327,420.7448532,47.42773344
1016,328,433.86929736,47.38713408
1016,329,447.3087828,49.50598176
1016,330,461.03825496,48.88821312
1016,331,474.96843792,51.5831328
1016,332,488.58165936,45.1366128
1016,333,497.6386288,36.127944
1020,314,244.10420064,38.45308032
1020,315,252.46138992,40.87587456
1020,316,264.1605588,43.45009344
1020,317,276.63081072,45.27157824
1020,318,288.09321096,41.62421952
1020,319,300.43383144,42.21126432
1020,320,311.62032672,40.96804608
1020,321,323.4152028,42.82354656
1020,322,335.31057144,42.7610016
1020,323,347.19703992,43.2931824
1020,324,359.31366288,43.44789888
1020,325,371.43165744,43.87583808
1020,326,383.9166312,46.85714784
1020,327,396.95152512,45.27706464
1020,328,409.29354768,44.80633152
1020,329,421.96478472,46.15379136
1020,330,435.02333112,48.09817152
1020,331,448.4856156,48.73788576
1020,332,462.5432964,52.62335424
1020,333,477.22523808,51.4295136
1020,334,489.50328312,41.71529376
1020,335,497.9420064,49.542192
1038,299,20.2708764,40.5115776
1038,300,26.6607036,40.91537664
1038,301,38.32338792,43.41717504
1038,302,50.23558152,41.70651552
1038,303,62.54980632,48.29787648
1038,304,76.34551152,49.9042944
1038,305,89.48620152,43.67393856
1038,306,101.37074976,43.10006112
1038,307,113.63392056,45.50090976
1038,308,125.86478256,41.15129184
1038,309,137.53981128,43.33817088
1038,310,149.45398608,42.78733632
1038,311,161.24538744,42.83013024
1038,312,173.2557876,43.36011648
1038,313,185.41352808,43.9515504
1038,314,197.61381864,43.81658496
1038,315,210.00649896,46.36008
1038,316,222.84830208,44.52871968
1038,317,235.02923784,43.74965088
1038,318,247.1739024,43.863768
1038,319,259.55454312,45.55248192
1038,320,271.9794408,43.5181248
1038,321,284.1135288,43.8912
1038,322,296.2924224,43.7595264
1038,323,308.4380928,43.60480992
1038,324,320.56011072,44.28841536
1038,325,333.21190152,45.67537728
1038,326,345.51140448,43.62565824
1038,327,357.64613256,43.45448256
1038,328,369.75324576,43.88900544
1038,329,382.19484648,47.19840192
1038,330,395.7046188,47.11281408
1038,331,408.14597568,44.18417376
1038,332,420.50412216,44.41460256
1038,333,432.94779552,45.6797664
1038,334,445.65426744,45.13771008
1038,335,458.28362496,46.31179968
1038,336,471.67406808,50.33333088
1038,337,485.26997688,46.55320128
1038,338,496.4800332,43.0696116
1043,301,22.6381926857143,37.1648736
1043,302,31.55966256,38.980872
1043,303,43.21183128,44.91825408
1043,304,56.49845952,50.86221984
1043,305,70.88861616,51.92548416
1043,306,84.56008488,45.34838784
1043,307,96.79329384,44.04701376
1043,308,109.09227864,44.56383264
1043,309,121.85663208,46.24815744
1043,310,133.79936664,40.63557024
1043,311,144.81462528,38.0701296
1043,312,155.2387548,37.77166944
1043,313,165.70829952,37.74314016
1043,314,176.33621832,38.42894016
1043,315,187.02049464,38.93039712
1043,316,198.5244696,43.60151808
1043,317,211.0331568,47.5561152
1043,318,224.62400592,49.11205824
1043,319,238.29635856,49.19545152
1043,320,251.9725212,49.47196608
1043,321,265.83168576,49.47964704
1043,322,279.09783144,45.82021824
1043,323,291.41970672,43.7595264
1043,324,303.58595112,43.8253632
1043,325,315.70434192,43.8034176
1043,326,328.38978264,47.0074752
1043,327,340.82940216,42.4153584
1043,328,352.56404976,42.40767744
1043,329,364.25191056,42.01704576
1043,330,376.06601952,43.66406304
1043,331,389.18122824,49.871376
1043,332,402.34892352,44.906184
1043,333,415.10202984,47.36299392
1043,334,428.50103784,48.22106688
1043,335,441.42815448,46.15488864
1043,336,454.38541584,46.22072544
1043,337,467.21508792,47.36848032
1043,338,480.70035432,47.72180448
1043,339,493.37281056,44.083224
1043,340,499.928388,43.5949344
1044,327,330.1770384,38.6754624
1044,328,337.15872624,38.55403008
1044,329,347.83632744,38.49477696
1044,330,358.11494544,34.95275712
1044,331,368.14954056,38.09097792
1044,332,378.88511472,40.2043392
1044,333,391.00402368,45.54919008
1044,334,403.16862216,41.93365248
1044,335,415.00184208,43.38754848
1044,336,426.82091928,42.62823072
1044,337,438.58949112,41.64835968
1044,338,450.35443584,42.79282272
1044,339,462.32091432,43.74087264
1044,340,475.13690088,47.93357952
1044,341,488.00052768,44.3630304
1044,342,497.62791,42.2745408
1054,304,22.9879724571429,38.4048
1054,305,32.127444,38.04160032
1054,306,42.98460288,42.1190928
1054,307,55.35567288,45.81582912
1054,308,68.60496312,48.89150496
1054,309,82.06813152,46.18670976
1054,310,94.116144,42.6183552
1054,311,106.13459088,43.61578272
1054,312,118.18641336,43.1724816
1054,313,129.9824172,43.19003808
1054,314,142.151862,41.92926336
1054,315,153.43808784,39.72921696
1054,316,164.19429696,38.91064608
1054,317,175.30035552,41.30820288
1054,318,187.11543984,43.34365728
1054,319,199.3855296,45.34180416
1054,320,212.30222208,48.24081792
1054,321,226.05577344,48.53159712
1054,322,239.43439032,48.5052624
1054,323,252.20130408,43.71673248
1054,324,264.9015276,47.62634112
1054,325,277.94331,46.16147232
1054,326,290.55709224,44.67246336
1054,327,302.8258104,43.8747408
1054,328,314.87260368,42.5964096
1054,329,327.00233304,45.75767328
1054,330,339.44978592,41.41573632
1054,331,350.28487728,37.92419136
1054,332,360.06795144,32.67041472
1054,333,369.11959704,33.38364672
1054,334,379.20811128,39.9245328
1054,335,390.98497368,43.10774208
1054,336,402.6311988,40.75078464
1054,337,413.93644416,41.87001024
1054,338,425.80502088,43.863768
1054,339,438.39021288,45.5261472
1054,340,449.44975896,34.45130016
1054,341,460.08468816,41.97864096
1054,342,472.176348,45.5810112
1054,343,483.86917704,38.25886176
1054,344,495.282147428572,65.7693956571429
1056,332,351.0677256,34.4436192
1056,333,359.15157024,33.84450432
1056,334,368.38414512,33.0884784
1056,335,378.26387136,39.2606784
1056,336,390.01997688,43.81109856
1056,337,401.5331568,38.46953952
1056,338,412.3832748,41.65713792
1056,339,419.5009644,40.32504
1075,308,23.0466392,40.4567136
1075,309,31.78442208,39.0741408
1075,310,42.54627,39.7818864
1075,311,54.67368288,46.99759968
1075,312,68.16690456,49.65850368
1075,313,82.02433176,49.57401312
1075,314,95.3249808,46.93944384
1075,315,108.2020188,45.345096
1075,316,120.81970248,44.4562992
1075,317,132.95379048,45.25511904
1075,318,145.62283296,44.53091424
1075,319,157.85945568,43.81329312
1075,320,170.01036864,43.8143904
1075,321,182.20599576,43.98337152
1075,322,194.54308056,44.67356064
1075,323,207.13226544,47.18084544
1075,324,220.68306384,49.13949024
1075,325,234.34352928,49.10328
1075,326,247.87683216,48.85310016
1075,327,261.48362232,48.63583872
1075,328,274.6269336,45.86849856
1075,329,287.28637488,45.6358752
1075,330,299.8669644,44.74049472
1075,331,312.0746616,43.4906928
1075,332,324.5972172,47.81178144
1075,333,337.63942632,44.14576896
1075,334,349.32402576,39.7105632
1075,335,359.56146528,33.8565744
1075,336,368.68492176,32.9184
1075,337,377.86501008,34.16600736
1075,338,388.38350568,40.65751584
1075,339,399.5085228,38.94685632
1075,340,410.4293544,41.49474048
1075,341,422.48931504,43.9131456
1075,342,434.67915096,43.82865504
1075,343,446.95570248,45.06199776
1075,344,459.65056152,45.99029664
1075,345,472.68015192,48.20570496
1075,346,485.87616312,45.77632704
1075,347,496.7391894,40.2880068
1085,333,282.65280528,34.50067776
1085,334,292.87259688,38.18973312
1085,335,303.50862336,38.34774144
1085,336,314.08475664,37.85177088
1085,337,324.85955856,39.70836864
1085,338,335.90023752,39.30786144
1085,339,345.94964592,33.18613632
1085,340,355.0930668,32.81525568
1085,341,364.14251784,33.30025344
1085,342,374.10667368,37.99441728
1085,343,385.26509688,42.6622464
1085,344,396.96911208,40.05181728
1085,345,407.87622768,39.32212608
1085,346,418.81799904,39.4033248
1085,347,429.52763472,36.80716032
1085,348,439.4036424,34.15613184
1085,349,445.3195056,31.8101472
1086,310,20.9668872,32.4026784
1086,311,27.3369024,31.9198752
1086,312,36.91039608,37.7848368
1086,313,48.53872944,44.0064144
1086,314,60.41422512,44.55834624
1086,315,73.97581344,51.17823648
1086,316,88.24161168,51.078384
1086,317,101.54735088,44.64064224
1086,318,114.05777544,46.6234272
1086,319,126.9684024,45.73024128
1086,320,139.70358648,44.94788064
1086,321,151.87333608,42.93108
1086,322,163.61103168,41.5759392
1086,323,174.75074016,39.43185408
1086,324,185.8420464,40.56863616
1086,325,197.27719752,41.5759392
1086,326,209.32341168,45.86410944
1086,327,222.0458856,43.6113936
1086,328,233.6039016,40.28553792
1086,329,244.78484952,40.94610048
1086,330,256.49441208,43.90546464
1086,331,268.79982816,43.62675552
1086,332,280.9113,43.8912
1086,333,293.10378768,43.89010272
1086,334,305.09422344,42.52289184
1086,335,316.52004768,39.38796288
1086,336,328.12381416,44.73281376
1086,337,340.23732816,41.60117664
1086,338,351.3472272,38.30275296
1086,339,361.60231464,36.8356896
1086,340,372.9653196,45.11356992
1086,341,385.74790008,46.18341792
1086,342,398.5586136,46.02431232
1086,343,411.32379,45.07955424
1086,344,423.17834592,42.19699968
1086,345,435.3124644,45.10040256
1086,346,448.7603928,47.99392992
1086,347,460.90844064,41.28845184
1086,348,471.44522424,39.62387808
1086,349,484.13450544,44.5934592
1086,350,494.99562672,36.60745536
1086,351,501.606312,36.5284512
1090,305,21.1574634,34.4875104
1090,306,27.78486696,34.3668096
1090,307,37.23369744,28.8090864
1090,308,45.74020824,41.49693504
1090,309,60.5178876,58.62437856
1090,310,74.38391016,40.94390592
1090,311,85.58018952,41.19079392
1090,312,95.7930012,41.0053536
1094,333,264.0290376,39.7617696
1094,334,271.14386208,39.40222752
1094,335,282.35702736,41.14470816
1094,336,293.11829616,37.2197376
1094,337,303.81004008,38.66485536
1094,338,314.29445904,36.20694816
1094,339,324.0068196,35.50578624
1094,340,334.02373632,34.674048
1094,341,342.79676424,28.5731712
1094,342,350.44337328,27.43419456
1094,343,357.88341936,24.62954688
1094,344,364.11258648,21.835872
1094,345,370.36071216,24.70964832
1094,346,377.8825056,27.24655968
1094,347,384.7424487,28.4661864
1104,314,23.1710865,32.088582
1104,315,31.65335808,37.49734944
1104,316,43.44000456,44.27415072
1104,317,55.63054152,44.56163808
1104,318,68.97858696,50.76346464
1104,319,83.06982624,48.59085024
1104,320,94.86089232,38.19412224
1104,321,105.64160736,39.46148064
1104,322,116.78631456,41.175432
1104,323,128.1574272,40.8297888
1104,324,139.9219452,42.4153584
1104,325,151.3798344,40.7804112
1104,326,162.41499648,38.91064608
1104,327,173.52833976,41.28845184
1104,328,184.63388016,38.27532096
1104,329,195.36899712,39.41649216
1104,330,206.69457264,41.70432096
1104,331,218.01533232,39.61400256
1104,332,228.70600944,38.35981152
1104,333,239.50425048,38.16669024
1104,334,249.83489784,36.78302016
1104,335,259.97535,36.65024928
1104,336,270.38920776,38.11511808
1104,337,280.30590624,33.0171552
1104,338,289.68926568,35.01639936
1104,339,299.29064856,33.45935904
1104,340,308.447694,32.65285824
1104,341,317.5275336,32.95899936
1104,342,326.91930552,34.71684192
1104,343,336.36200952,31.85513568
1104,344,344.36870928,27.1741392
1104,345,351.96728184,27.432
1104,346,359.53982448,27.00186624
1104,347,367.2440712,29.90197728
1104,348,376.15633176,32.92059456
1104,349,385.56050904,36.8027712
1104,350,396.55674816,39.66338016
1104,351,407.36263968,39.36382272
1104,352,418.46278512,40.23396576
1104,353,429.50462232,39.01049856
1104,354,440.08423032,37.0935504
1104,355,450.4011312,37.46991744
1104,356,460.86503712,37.7080272
1104,357,471.36939,37.86603552
1104,358,481.85752752,37.7135136
1104,359,492.33341208,37.69595712
1104,360,499.1040056,37.4940576
1117,322,109.950504,39.7846296
1117,323,117.61689456,39.8751552
1117,324,124.89688,39.1216896
1118,318,23.6209162666667,35.460432
1118,319,33.10701024,37.97576352
1118,320,44.8984116,46.4752944
1118,321,58.46874768,51.14860992
1118,322,72.87423576,51.9178032
1118,323,86.13852216,42.13994112
1118,324,97.93455648,45.06090048
1118,325,110.13070176,41.64835968
1118,326,121.85102376,42.025824
1118,327,133.15800648,42.07739616
1118,328,145.45339464,44.21709216
1118,329,157.00851504,38.980872
1118,330,167.7875232,39.33858528
1118,331,178.71527376,39.42746496
1118,332,189.7020336,39.14875584
1118,333,200.4271836,38.30823936
1118,334,211.32960528,40.78150848
1118,335,222.49528272,38.60450496
1118,336,233.1290232,38.39492448
1118,337,243.75520464,38.23033248
1118,338,254.4164076,38.73288672
1118,339,265.32361464,38.55403008
1118,340,275.81059392,38.1414528
1118,341,286.4313804,37.5928128
1118,342,296.57448432,35.84484576
1118,343,306.35448,34.09687872
1118,344,315.81507576,35.72085312
1118,345,326.12905056,37.39749696
1118,346,336.51821952,37.3404384
1118,347,346.70061216,35.06138784
1118,348,355.9425444,32.14810944
1118,349,364.43287032,28.06732512
1118,350,372.1438836,28.5402528
1118,351,380.1278148,30.2520096
1118,352,389.26096392,34.25598432
1118,353,398.67437664,33.32988
1118,354,407.75430768,33.08079744
1118,355,417.65546136,37.14073344
1118,356,428.07108696,38.63742336
1118,357,438.85494144,38.41906464
1118,358,449.57509272,39.48123168
1118,359,460.75896672,40.4128224
1118,360,472.01516976,40.56973344
1118,361,483.255828,40.37551488
1118,362,493.01649936,26.93383488
1118,363,498.25796208,27.5636736
1125,319,17.2844968,34.7618304
1125,320,26.88890736,38.48051232
1125,321,38.43534096,43.98227424
1125,322,50.65395,43.93948032
1125,323,63.28312464,48.5217216
1125,324,77.23775256,48.67424352
1125,325,89.40686208,40.65641856
1125,326,100.7908068,40.84295616
1125,327,111.81310632,39.28042944
1125,328,122.81096088,38.47502592
1125,329,133.27215408,39.05658432
1125,330,144.21773544,38.4816096
1125,331,154.85327424,37.6751088
1125,332,164.57383392,33.24977856
1125,333,174.03494784,35.30169216
1125,334,184.28229336,38.06135136
1125,335,194.94904368,38.40260544
1125,336,205.6206708,39.03683328
1125,337,216.8502648,41.32466208
1125,338,228.58088904,42.51740544
1125,339,239.895126,39.529512
1125,340,250.99908144,40.22738208
1125,341,262.25376048,40.68275328
1125,342,273.09570984,37.90992672
1125,343,283.73179728,38.3170176
1125,344,294.36617784,38.3663952
1125,345,304.8675132,35.86679136
1125,346,314.37510912,34.75853856
1125,347,324.56804784,38.52330624
1125,348,335.05011984,35.26438464
1125,349,344.6759172,35.24792544
1125,350,354.18119664,32.89755168
1125,351,363.22628904,32.45863968
1125,352,372.2220648,32.41145664
1125,353,381.5138928,35.2940112
1125,354,391.75843416,37.07489664
1125,355,401.90007504,36.89933184
1125,356,412.3564524,38.0811024
1125,357,423.04554456,38.95344
1125,358,434.08006656,39.46477248
1125,359,445.03076856,39.89600352
1125,360,455.78392968,37.83201984
1125,361,466.375242,38.2895856
1125,362,477.00645264,38.15352288
1125,363,487.6019712,38.1414528
1125,364,498.19188144,38.06683776
1125,365,504.5357448,38.020752
1131,322,24.9182805333333,41.9941248
1131,323,35.96329104,41.58252288
1131,324,47.538894,42.68858112
1131,325,59.8671396,46.63549728
1131,326,73.30921584,49.08901536
1131,327,86.97641736,49.06597248
1131,328,99.96324432,41.7569904
1131,329,110.59405872,37.76947488
1131,330,121.129044,36.80167392
1131,331,131.29314864,38.96770464
1131,332,142.23031752,37.90992672
1131,333,152.59040856,36.71279424
1131,334,162.79294848,36.37922112
1131,335,172.72385064,35.6670864
1131,336,182.56264224,35.92275264
1131,337,192.90584736,37.83750624
1131,338,203.47039824,38.51233344
1131,339,214.48078008,40.43147616
1131,340,225.38012328,38.21497056
1131,341,236.02166664,38.26873728
1131,342,246.6444648,38.3609088
1131,343,257.32395576,38.81957184
1131,344,268.12472664,38.16998208
1131,345,278.66952648,37.9274832
1131,346,288.75983904,34.94397888
1131,347,298.45516128,34.91325504
1131,348,308.13728568,34.7673168
1131,349,319.235328,44.07554304
1131,350,330.64451016,37.62463392
1131,351,340.2112068,32.71320864
1131,352,349.42265904,33.4176624
1131,353,358.39813512,30.85331904
1131,354,366.86267496,30.71615904
1131,355,375.46800192,31.90561056
1131,356,385.37244744,39.84113952
1131,357,396.68052744,39.83565312
1131,358,407.36498664,37.8506736
1131,359,417.99086328,38.50245792
1131,360,428.68208904,38.80859904
1131,361,439.36822464,37.78264224
1131,362,449.73297912,36.3474
1131,363,459.88123416,36.89494272
1131,364,470.0835912,37.89785664
1131,365,480.8095032,37.18572192
1131,366,490.68413928,34.5423744
1131,367,498.1840684,33.064704
1133,367,482.4631956,30.9999888
1133,368,489.35124888,30.70079712
1133,369,494.81393544,9.1129104
1133,370,498.5226504,40.9175712
1137,339,197.138587542857,42.9397014857143
1137,340,207.51076608,45.7236576
1137,341,220.37049144,45.02030112
1137,342,232.48751064,41.96876544
1137,343,243.45226392,38.22484608
1137,344,254.08755888,38.2347216
1137,345,264.80057784,38.48929056
1137,346,275.35074216,37.83860352
1137,347,285.45946464,34.46775936
1137,348,294.80768064,33.47911008
1137,349,304.16497968,34.00360992
1137,350,313.40697288,32.49484992
1137,351,322.78972272,34.9593408
1137,352,332.51762808,35.0142048
1137,353,342.20895744,34.75963584
1137,354,351.8996772,35.0142048
1137,355,361.5427872,34.15942368
1137,356,370.81934472,32.9019408
1137,357,380.10330888,35.61002784
1137,358,390.8491548,39.57559776
1137,359,401.68802568,38.96551008
1137,360,412.5172344,39.0576816
1137,361,423.3632376,38.96770464
1137,362,434.30211336,39.6227808
1137,363,445.09895232,38.09536704
1137,364,455.3824776,35.41800384
1137,365,465.18124896,36.81813312
1137,366,476.06242608,40.46658912
1137,367,486.89090328,37.0496592
1137,368,495.791998,46.6234272
1150,325,20.2908069333333,31.5797184
1150,326,28.95240336,34.45568928
1150,327,38.45838384,33.2420976
1150,328,48.00831648,37.2416832
1150,329,58.61575272,37.8397008
1150,330,69.60967536,41.19518304
1150,331,81.08947968,40.75407648
1150,332,92.02829448,39.25080288
1150,333,101.909118,39.3045696
1153,328,76.8021154666667,35.8981248
1153,329,86.21219232,35.49920256
1153,330,96.69996408,39.13119936
1153,331,106.8654708,34.21648224
1153,332,116.07594768,34.14296448
1153,333,126.28461408,36.12026304
1153,334,135.64828344,32.58482688
1153,335,144.9916836,34.88692032
1153,336,154.44898752,33.4725264
1153,337,163.74368064,34.03543104
1153,338,173.3327496,34.06396032
1153,339,182.65682544,32.94912384
1153,340,191.67594888,32.68467936
1153,341,200.76191496,32.2819776
1153,342,209.7833244,32.91949728
1153,343,218.92540416,32.83829856
1153,344,228.20662512,34.26147072
1153,345,237.60824208,32.94692928
1153,346,246.70015176,32.49484992
1153,347,255.66401496,31.97693376
1153,348,264.13547376,29.64521376
1153,349,272.66179656,31.6949328
1153,350,281.44537056,30.4330608
1153,351,289.33030272,27.40676256
1153,352,297.1691796,28.56549024
1153,353,305.26625256,30.00841344
1153,354,313.54251744,29.74945536
1153,355,321.86709312,30.02048352
1153,356,330.20443992,30.01389984
1153,357,338.54206104,29.89319904
1153,358,346.81351008,29.89210176
1153,359,355.12421736,29.25129024
1153,360,362.83617552,27.41773536
1153,361,370.57017072,27.70632
1153,362,378.41374152,29.5058592
1153,363,387.391656,34.48421856
1153,364,396.92936616,33.73148448
1153,365,406.1350272,32.9184
1153,366,415.29240792,33.01496064
1153,367,424.38867624,32.36866272
1153,368,433.2575028,30.85990272
1153,369,441.4413828,29.00440224
1153,370,449.53208544,28.93746816
1153,371,457.52372808,28.39102272
1153,372,465.36897528,28.95941376
1153,373,473.87018256,31.63677696
1153,374,482.2303284,27.20925216
1153,375,489.38605704,25.47445248
1153,376,496.5957048,25.95835296
1162,333,95.0334396,36.4406688
1162,334,101.48508024,39.15753408
1162,335,112.4484924,39.74567616
1162,336,123.296172,37.37445408
1162,337,133.74739824,38.84810112
1162,338,144.03939696,34.81011072
1162,339,153.62526552,33.76220832
1162,340,162.57617472,30.70079712
1162,341,170.9924952,31.43926656
1162,342,179.98601544,32.4136512
1162,343,188.6638848,29.75164992
1162,344,196.74913152,29.81638944
1162,345,205.51761792,32.54751936
1162,346,214.62699264,32.86243872
1162,347,223.65961872,31.6620144
1162,348,232.20962448,29.983176
1162,349,240.42047928,30.36941856
1162,350,249.09694656,30.46707648
1162,351,257.27000616,29.14156224
1162,352,265.36174512,29.0614608
1162,353,273.33528264,28.52598816
1162,354,281.12060616,27.44187552
1162,355,288.72554904,27.00515808
1162,356,296.21930088,28.30214304
1162,357,304.7186184,31.83538464
1162,358,313.4976204,31.5632592
1162,359,322.32670104,31.8430656
1162,360,331.16541336,31.63567968
1162,361,339.52318176,27.95211072
1162,362,347.0923716,27.56477088
1162,363,355.40310936,32.26112928
1162,364,364.42598184,32.66383104
1162,365,373.28898672,29.90307456
1162,366,381.2793492,30.13789248
1162,367,390.35144688,33.60310272
1162,368,399.17641272,28.93307904
1162,369,406.91007264,28.59401952
1162,370,415.15018824,29.99524608
1162,371,423.46894224,29.90088
1162,372,431.77422408,29.90088
1162,373,440.067954,29.81529216
1162,374,448.36256784,29.72750976
1162,375,454.63986288,18.22362624
1162,376,462.0960024,32.47729344
1162,377,470.64317352,29.48830272
1162,378,478.69705632,26.78131296
1162,379,486.65361648,30.2410368
1162,380,492.7242876,14.27451552
1162,381,496.3855452,13.2167376
1162,382,499.0210492,9.2957904
1171,332,20.8862168,35.1787968
1171,333,27.30907416,36.1773216
1171,334,37.54431912,36.5339376
1171,335,47.57351928,37.93516416
1171,336,59.26900008,44.48702304
1171,337,70.8807828,36.36495648
1171,338,79.66301568,29.06475264
1171,339,87.52703856,28.27580832
1171,340,94.9697364,24.64381152
1171,341,101.76455136,25.10796096
1171,342,109.34206224,30.77650944
1171,343,118.8274992,36.6985296
1171,344,129.4490172,40.8901392
1171,345,141.45472344,43.836336
1171,346,153.9136368,46.73096064
1171,347,167.17801464,47.2598496
1171,348,179.92554312,44.40362976
1171,349,192.12744912,43.94277216
1171,350,204.14303088,43.01227872
1171,351,216.51913008,45.18928224
1171,352,228.78537936,43.45448256
1171,353,240.25457664,38.80640448
1171,354,250.90858632,38.4377184
1171,355,261.85526496,40.18019904
1171,356,272.63067648,37.02442176
1171,357,282.27357312,32.836104
1171,358,291.36203856,31.97035008
1171,359,299.54808264,27.56038176
1171,360,307.16521752,27.29045088
1171,361,314.760102,28.65656448
1171,362,323.67257592,35.17769952
1171,363,333.57857592,34.47873216
1171,364,342.76256568,31.79039616
1171,365,350.86948368,27.55379808
1171,366,358.63341024,27.92797056
1171,367,366.43519296,28.71362304
1171,368,374.71584696,30.62179296
1176,333,19.792188,29.846016
1176,334,24.6371364,29.14265952
1176,335,33.50989488,34.180272
1176,336,42.31456104,30.06437472
1176,337,51.60026256,36.56356416
1176,338,61.6791756,35.78449536
1176,339,71.59303944,35.7000048
1176,340,81.57398976,35.63307072
1176,341,90.4518384,27.82372896
1176,342,97.52231448,24.1456464
1176,343,105.02880696,30.57351264
1176,344,113.70423792,31.07387232
1176,345,122.61384672,33.12249408
1176,346,132.30538944,37.773864
1176,347,143.27331264,40.39416864
1176,348,155.01283704,44.37510048
1176,349,168.15294792,50.18190624
1176,350,181.56911616,44.98957728
1176,351,193.49789088,42.3111168
1176,352,205.63267992,45.43178112
1176,353,218.61929352,45.98810208
1176,354,230.80925136,41.95559808
1176,355,241.95758568,39.71934144
1176,356,253.18248576,39.76871904
1176,357,263.66370432,36.71389152
1176,358,273.78077832,35.9414064
1176,359,283.34570712,32.97106944
1176,360,292.38119832,31.3108848
1176,361,300.45589896,27.56038176
1176,362,308.06264016,27.09513504
1176,363,315.96640896,30.58887456
1176,364,324.0371472,28.27361376
1176,365,332.80023864,33.45496992
1176,366,341.4677448,28.41187104
1176,367,349.47100032,30.72713184
1176,368,358.39947624,32.47729344
1176,369,367.4565168,32.9184
1176,370,376.57869312,32.96887488
1176,371,385.93599216,34.30536192
1176,372,395.47522632,34.2570816
1176,373,404.93545632,32.9622912
1176,374,413.70315024,31.73443488
1176,375,422.15726592,27.7556976
1176,376,429.71216064,27.78971328
1176,377,437.69228184,29.1766752
1176,378,445.803528,29.2589712
1176,379,452.69941464,17.21961504
1176,380,457.95825096,24.44630112
1176,381,464.60319576,22.81354848
1176,382,471.14194824,24.20709408
1176,383,477.84815784,23.67162144
1176,384,485.13632208,31.62251232
1176,385,492.0060264,14.12857728
1176,386,495.33218688,11.23724448
1176,387,498.3953456,11.5470432
1177,370,390.113084571429,42.464736
1177,371,399.52610976,37.49186304
1177,372,409.71761592,36.63927648
1177,373,419.91384648,36.69194592
1177,374,430.08944208,36.54929952
1177,375,439.58387064,31.71468384
1177,376,448.47900144,31.83319008
1177,377,457.1486412,31.68615456
1177,378,465.65320128,28.4579568
1177,379,473.34187272,27.49564224
1177,380,480.46321992,21.4298784
1177,381,485.44999176,16.68194784
1177,382,489.61651632,13.52507328
1177,383,493.08986472,10.6600752
1177,384,495.93767208,11.84404032
1177,385,498.84000816,15.8776416
1183,356,248.1678552,39.922704
1183,357,255.26859792,38.64400704
1183,358,265.66913592,35.0800416
1183,359,274.821396,32.64298272
1183,360,283.52779464,29.63972736
1183,361,291.6843036,28.67521824
1183,362,299.3945244,27.432
1183,363,307.01248224,27.28825632
1183,364,314.61849192,29.00549952
1183,365,323.54142048,33.83353152
1183,366,328.7091216,33.8181696
1191,330,18.423636,33.3792576
1191,331,23.92524552,32.44218048
1191,332,33.0375768,33.81707232
1191,333,41.806368,29.97988416
1191,334,51.79530408,43.0627536
1191,335,64.31380584,43.1285904
1191,336,74.91630432,35.771328
1191,337,84.79142808,33.29366976
1191,338,93.00715968,27.29813184
1191,339,99.77195184,21.29052384
1191,340,106.09484496,24.79523616
1191,341,113.23673568,26.39068128
1191,342,119.8030878,25.552908
1192,337,23.0441373,33.3490824
1192,338,31.43179896,34.50726144
1192,339,41.84407176,40.13740512
1192,340,53.07625656,40.41501696
1192,341,63.323724,26.40823776
1192,342,70.43464704,33.66784224
1192,343,80.44071288,36.12574944
1192,344,89.73580224,30.48463296
1192,345,97.83723384,28.55890656
1192,346,105.9460416,29.94916032
1192,347,114.34123944,30.55485888
1192,348,122.94559104,31.01900832
1192,349,131.8631856,34.91325504
1192,350,142.85677296,43.040808
1192,351,154.44045312,41.0766768
1192,352,166.36529592,43.74526176
1192,353,178.41120528,42.81367104
1192,354,190.4484888,43.946064
1192,355,202.63491096,44.0996832
1192,356,215.32736208,46.36446912
1192,357,227.72543736,43.69149504
1192,358,239.87290608,43.12749312
1192,359,251.213874,38.6846064
1192,360,261.87827736,37.73216736
1192,361,271.52166168,32.44876416
1192,362,280.60677432,32.9184
1192,363,289.73044416,32.04715968
1192,364,297.88552056,27.35299584
1192,365,305.52091296,28.35042336
1192,366,314.03217864,32.5398384
1192,367,323.35131672,35.37411264
1192,368,333.48478896,35.37520992
1192,369,342.78018312,32.65834464
1192,370,351.88864344,32.9184
1192,371,360.96104592,32.48826624
1192,372,370.0573752,32.9184
1192,373,379.2266736,33.65796672
1192,374,388.9962756,36.0346752
1192,375,398.6800764,33.38913312
1192,376,407.66646432,31.39537536
1192,377,416.47783608,31.75199136
1192,378,424.69649376,27.74033568
1192,379,432.31972464,27.43309728
1192,380,439.82356536,26.29521792
1192,381,447.048636,25.90239168
1192,382,454.22094576,25.86069504
1192,383,461.40401496,25.8628896
1192,384,468.60430536,26.01321696
1192,385,475.81517232,25.71695136
1192,386,481.11195624,13.54482432
1192,387,486.00189312,20.4423264
1192,388,491.53029456,19.27043136
1192,389,497.219901333333,25.097232
1198,338,20.2518264,38.8656576
1198,339,26.37681288,39.68093664
1198,340,37.48146936,40.30528896
1198,341,48.91588896,41.6362896
1198,342,60.43870056,40.05730368
1198,343,69.44002368,29.3028624
1198,344,79.03924248,36.17622432
1198,345,88.15510944,29.28750048
1198,346,96.36761016,30.49780032
1198,347,104.41664664,27.322272
1198,348,112.02850848,28.04867136
1198,349,120.38828856,31.11227712
1198,350,128.91003936,33.71063616
1198,351,139.68984,40.36783392
1198,352,150.85051872,40.88684736
1198,353,162.51719592,43.40400768
1198,354,175.24411992,47.17974816
1198,355,187.85665248,43.98885792
1198,356,200.04700656,43.81329312
1198,357,212.36016456,44.76024576
1198,358,224.0269332,39.55255488
1198,359,235.0888872,39.13778304
1198,360,245.63579016,36.40116672
1198,361,255.0679176,32.59250784
1198,362,264.14263656,32.28307488
1198,363,272.72562168,30.77541216
1198,364,281.65498152,32.79331008
1198,365,290.78380248,32.9184
1198,366,299.9280768,32.9184
1198,367,309.0484548,32.63530176
1198,368,318.13975488,33.28708608
1198,369,327.96291024,37.08696672
1198,370,337.81419864,33.66893952
1198,371,347.01684216,32.8306176
1198,372,356.15526432,32.70223584
1198,373,365.18469,32.70113856
1198,374,374.32555056,32.9129136
1198,375,383.80199592,36.1882944
1198,376,394.03074864,35.62977888
1198,377,403.40206848,32.5014336
1198,378,412.32036408,31.7991744
1198,379,421.02962784,29.88880992
1198,380,428.77657704,27.51758784
1198,381,436.58064576,28.22643072
1198,382,444.24712776,25.81790112
1198,383,450.91316472,23.37535584
1198,384,457.4068068,23.37316128
1198,385,463.90032696,23.37425856
1198,386,470.425272,23.46643008
1198,387,476.53931616,20.33150112
1198,388,482.08201272,19.92989664
1198,389,487.61894856,19.91782656
1198,390,492.98845776,17.86591296
1198,391,497.38983072,15.80302656
1198,392,500.0780448,18.1929024
1200,390,485.2688034,16.6128192
1200,391,489.41803056,16.37580672
1200,392,493.94818152,16.69182336
1200,393,498.6546288,16.91237664
1200,394,501.7004952,16.788384
1213,342,19.2099438,35.716464
1213,343,26.26790784,37.17694368
1213,344,36.94179048,39.88283616
1213,345,48.49203408,41.10740064
1213,346,59.40088704,39.886128
1213,347,71.18951472,43.75074816
1213,348,83.3213472,41.77674144
1213,349,93.24993288,30.45610368
1213,350,101.48541552,30.4879248
1213,351,110.32001304,33.0500736
1213,352,119.67859224,32.86134144
1213,353,128.47908264,32.99082048
1213,354,138.37490232,37.20218112
1213,355,149.16153048,41.33124576
1213,356,160.87624416,40.2262848
1213,357,171.18906072,36.19816992
1213,358,182.26768728,44.29390176
1213,359,194.46578328,41.08984416
1213,360,205.83104376,41.71419648
1213,361,217.20572256,39.14656128
1213,362,228.21784176,41.16116736
1213,363,239.357916,38.59024032
1213,364,249.99339384,38.29287744
1213,365,260.44846056,37.02442176
1213,366,270.16453968,32.7044304
1213,367,279.236424,32.9184
1213,368,288.380424,32.9184
1213,369,297.5760876,33.34304736
1213,370,306.7799808,33.35621472
1213,371,316.67003976,37.46333376
1213,372,327.09999096,37.53904608
1213,373,337.52634552,37.4117616
1213,374,347.88558312,37.40846976
1213,375,358.22555736,35.82180288
1213,376,367.63119768,33.3189072
1213,377,376.914918,33.36389568
1213,378,386.64940704,36.74022624
1213,379,396.56866584,33.68210688
1213,380,405.43910784,29.39393664
1213,381,413.1440556,28.03440672
1213,382,420.9900648,28.34493696
1213,383,429.0223068,29.26665216
1213,384,437.1455316,29.17886976
1213,385,445.1972808,27.52746336
1213,386,451.49240664,18.94234464
1213,387,456.7080528,18.7854336
1213,388,461.92555824,18.7854336
1213,389,467.14708704,18.90174528
1213,390,472.4040336,18.8238384
1213,391,477.62214864,18.7854336
1213,392,482.42335824,11.61690336
1213,393,483.49640664,0.71103744
1213,394,486.52121136,24.90386688
1213,395,492.82529832,21.51327168
1213,396,498.57068688,29.86576704
1222,346,20.4252576,47.3147136
1223,352,27.4044664,44.2398912
1223,353,38.51135808,42.79062816
1223,354,52.08413256,51.65116416
1223,355,66.98190312,55.72755936
1223,356,82.6011048,54.78499584
1223,357,96.95038776,48.75434496
1223,358,109.89941952,46.14172128
1223,359,123.03364776,47.88310464
1223,360,136.76571072,49.19874336
1223,361,149.7232464,45.53053632
1223,362,162.13003896,44.3685168
1223,363,174.67322952,46.2174336
1223,364,187.31883288,43.26355584
1223,365,199.13007672,43.21417824
1223,366,211.35301392,45.33083136
1223,367,223.9298544,44.04920832
1223,368,236.09676936,43.75184544
1223,369,247.90655016,40.27456512
1223,370,258.8608488,40.37112576
1223,371,269.92929504,38.29397472
1223,372,280.51905288,38.2731264
1223,373,291.16474152,38.40809184
1223,374,301.83283296,38.4048
1223,375,312.44993136,38.1195072
1223,376,323.08412904,39.1838688
1223,377,334.16818104,39.24641376
1223,378,344.77781184,37.28996352
1223,379,354.621846,33.40010592
1223,380,363.66916344,32.58482688
1223,381,372.80216016,32.91620544
1223,382,382.18939056,36.1444032
1223,383,392.7794532,37.8067824
1223,384,402.5039448,32.96997216
1223,385,411.6487068,32.99082048
1223,386,420.8164812,32.9403456
1223,387,429.96127368,32.79001824
1223,388,438.53066472,28.30104576
1223,389,446.24536608,27.98502912
1223,390,453.82894248,26.41921056
1223,391,460.6803588,22.54690944
1223,392,466.4287344,18.76568256
1223,393,471.37615656,17.41712544
1223,394,476.18587008,17.3041056
1223,395,480.81797664,14.92739712
1223,396,484.35496728,12.11836032
1223,397,488.15231808,14.94166176
1223,398,492.76958088,19.47672
1223,399,497.903383885714,23.2576333714286
1229,348,24.9297952,50.292
1229,349,38.680644,53.821584
1229,350,54.120288,50.4419616
1233,357,19.6952616,49.9042944
1233,358,27.37786752,50.68226592
1233,359,42.55992504,58.39833888
1233,360,59.23059528,61.2721152
1233,361,76.27046976,61.283088
1233,362,92.78115048,57.8650608
1233,363,109.067346,60.3339408
1233,364,125.94424392,60.03438336
1233,365,143.10747096,63.51276096
1233,366,160.7531964,63.37779552
1233,367,177.93391896,60.20994816
1233,368,194.8234356,61.57606176
1233,369,211.39077864,57.80361312
1233,370,227.42810496,57.62804832
1233,371,243.2150076,54.63796032
1233,372,256.82332176,43.07153184
1233,373,268.39822368,42.25186368
1233,374,280.08794376,42.31221408
1233,375,291.6757692,39.7818864
1233,376,302.44051272,38.40041088
1233,377,313.05313056,38.11182624
1233,378,323.88706368,40.54120416
1233,379,335.21998488,39.53060928
1233,380,345.8835348,38.157912
1233,381,356.26557144,35.4640896
1233,382,365.63427,32.94473472
1233,383,374.77820904,32.91401088
1233,384,384.31793088,36.78302016
1233,385,394.743432,36.14550048
1233,386,404.17251144,32.63749632
1233,387,413.1816984,32.73954336
1233,388,421.95868872,29.72312064
1233,389,430.08371184,29.34016992
1233,390,438.2827404,29.544264
1233,391,446.20802808,24.80730624
1233,392,451.60176888,16.77631392
1233,393,456.26316672,16.78070304
1233,394,460.92477792,16.78070304
1233,395,465.58635864,16.77960576
1233,396,470.27808408,16.9365168
1233,397,474.93195336,15.87873888
1233,398,478.69349016,12.3882912
1233,399,482.65500624,16.66109952
1233,400,488.310174,24.55273728
1233,401,495.63082992,26.68146048
1233,402,503.03058144,26.6474448
1233,403,508.2203196,26.6968224
1235,365,114.6270504,56.6708544
1235,366,125.272538742857,57.3563931428572
1235,367,141.46322736,61.59361824
1235,368,158.33028024,58.97221632
1235,369,174.74257152,59.66789184
1235,370,191.1870192,59.52524544
1235,371,207.8397672,60.21543456
1235,372,224.37663024,57.21547104
1235,373,239.7334296,54.68733792
1235,374,254.65634616,52.0494768
1235,375,268.46393856,46.22621184
1235,376,280.72525008,43.89229728
1235,377,292.91907888,43.699176
1235,378,304.41973152,38.80640448
1235,379,315.01976112,38.20399776
1235,380,326.00923368,41.14580544
1235,381,337.2448932,38.7833616
1235,382,347.8555908,38.08329696
1235,383,357.8068536,32.97545856
1235,384,366.85807248,32.89535712
1235,385,376.00128,33.05117088
1235,386,385.6808136,36.88945632
1235,387,395.83376256,34.78706784
1235,388,405.0938304,32.78343456
1235,389,414.11082024,32.60128608
1235,390,423.04219176,31.40854272
1235,391,431.67967512,30.26407968
1235,392,439.6144116,26.98979616
1235,393,446.65456008,22.9825296
1235,394,452.10779784,16.92883584
1235,395,456.58908936,15.03602784
1235,396,460.1152596,11.0221776
1235,397,463.1615832,10.9728
1235,398,466.27161,12.32684352
1235,399,470.33264328,15.9599376
1235,400,474.74133144,15.8227776
1235,401,479.10966408,16.14866976
1235,402,484.31162472,21.49461792
1235,403,490.6379316,24.54944544
1235,404,497.2634454,27.4347432
1241,356,25.48984488,44.20611936
1241,357,38.3846832,48.8509056
1241,358,52.97341704,56.1971952
1241,359,64.2644892,61.4092752
1243,375,227.2906808,43.6205376
1243,376,235.95326952,48.93649344
1243,377,249.50854848,48.27702816
1243,378,262.9485216,48.84871104
1243,379,276.11076096,45.40873824
1243,380,288.3729564,43.20210816
1243,381,299.84126976,38.99294208
1243,382,310.1535072,34.55115264
1243,383,319.34606184,33.10274304
1243,384,329.10670272,37.0332
1243,385,339.42912048,37.40737248
1243,386,349.98867264,38.39053536
1243,387,360.5919636,37.69266528
1243,388,371.05614384,38.1359664
1243,389,381.5632704,37.911024
1243,390,392.40083064,39.04561152
1243,391,402.6062052,33.84340704
1243,392,411.42699528,31.58959392
1243,393,420.31801128,30.83795712
1243,394,428.68446648,29.18874528
1243,395,435.58279152,19.94635584
1243,396,440.63262648,17.88127488
1243,397,445.6163808,17.96357088
1243,398,450.60876096,17.93613888
1243,399,454.92622248,12.65383296
1243,400,459.13057272,19.20020544
1243,401,464.7945492,20.5355952
1243,402,469.40050392,10.7478576
1243,403,474.06498024,24.70635648
1243,404,480.99790008,24.96202272
1243,405,488.13012864,26.89104096
1243,406,495.0639324,23.39620416
1243,407,499.5228008,26.5322304
1250,353,20.728686,44.5385952
1250,354,28.19899872,45.701712
1250,355,40.96728408,46.24157376
1250,356,54.25601544,50.36954112
1250,357,69.30417432,56.60209152
1250,358,84.94550448,53.78208192
1250,359,98.42257176,44.9720208
1250,360,110.6082624,42.6348144
1250,361,118.5472356,36.6299496
1251,365,26.04787272,47.31032448
1251,366,39.69983424,50.34210912
1251,367,54.89755848,61.0691184
1251,368,71.85282048,56.46163968
1251,369,86.55448272,51.31210464
1251,370,100.71463728,51.21225216
1251,371,115.35061512,54.65990592
1251,372,130.52730816,54.75098016
1251,373,145.8350652,54.76085568
1251,374,161.04802944,54.70818624
1251,375,176.26041456,54.88814016
1251,376,191.5154412,54.9133776
1251,377,206.82213144,56.45615328
1251,378,222.68514264,55.7582832
1251,379,237.91435272,54.68075424
1251,380,253.09208208,54.56992896
1251,381,268.0665708,52.31611584
1251,382,282.03518904,49.23385632
1251,383,295.18459632,44.71635456
1251,384,306.83539344,39.02147136
1251,385,317.0048016,34.42825728
1251,386,326.83911264,37.42383168
1251,387,336.8584068,33.6480912
1251,388,345.95415696,32.71759776
1251,389,355.0906284,33.33646368
1251,390,364.65183864,35.3269296
1251,391,374.48880144,34.58187648
1251,392,384.22917312,37.37116224
1251,393,394.85084352,36.65902752
1251,394,404.33740824,33.18613632
1251,395,413.63313768,33.29366976
1251,396,422.66207568,31.09801248
1251,397,430.39750344,23.49057024
1251,398,436.21308744,20.27992896
1251,399,441.8301552,20.2338432
1251,400,447.46660824,20.29309632
1251,401,451.9502772,10.56570912
1251,402,455.34160392,15.78656736
1251,403,459.77930904,15.35204448
1251,404,464.04507648,16.12233504
1251,405,469.5049284,23.6628432
1251,406,476.34573768,24.67124352
1251,407,483.12528216,24.68550816
1251,408,491.6986356,36.19597536
1251,409,498.4446216,25.13649024
1259,367,43.9032904,44.1069984
1259,368,54.4668456,52.74954144
1259,369,69.58483416,50.48146368
1259,370,82.64298432,46.68487488
1259,371,95.84012328,48.2967792
1259,372,109.35879576,49.6025424
1259,373,123.64297344,51.05534112
1259,374,137.56428672,50.73054624
1259,375,151.97870544,52.18992864
1259,376,165.98548464,49.90100256
1259,377,180.2248872,52.01985024
1259,378,195.02289672,54.6774624
1259,379,210.19187832,54.79596864
1259,380,225.2734128,52.64968896
1259,381,239.35678824,49.33590336
1259,382,253.02289248,49.24044
1259,383,266.742672,48.64022784
1259,384,279.76192968,45.18379584
1259,385,291.67625688,40.24384128
1259,386,302.43731232,38.4048
1259,387,312.99399936,36.99698976
1259,388,322.95559488,36.49114368
1259,389,333.4102044,36.18609984
1259,390,342.77265456,32.6660256
1259,391,351.88209024,32.9129136
1259,392,361.04742624,33.18833088
1259,393,370.54706688,35.66269728
1259,394,380.63171016,37.66633056
1259,395,391.58335704,38.926008
1259,396,401.63904432,34.00909632
1259,397,410.85381888,32.0899536
1259,398,419.0480316,27.06002208
1259,399,425.83650672,22.0937328
1259,400,431.46997272,17.8746912
1259,401,436.1203368,16.4592
1259,402,440.61180864,15.55833312
1259,403,444.78997656,15.08101632
1259,404,449.21936064,16.87726368
1259,405,454.08064632,17.88895584
1259,406,459.26840328,19.82455776
1259,407,465.21620952,23.59481184
1259,408,472.60635984,28.58524128
1259,409,480.52158912,27.95759712
1259,410,488.3145936,28.8036
1259,411,496.3358628,29.0120832
1260,386,295.04566848,32.94473472
1260,387,301.90665552,32.73405696
1260,388,310.74594696,31.68725184
1260,389,319.57478376,31.14190368
1260,390,328.71988104,34.94507616
1260,391,338.07163272,31.18360032
1260,392,346.54656624,30.87087552
1260,393,355.04253096,31.11556896
1260,394,363.79013856,31.23188064
1260,395,372.49114224,30.9926736
1260,396,381.14063472,32.85695232
1260,397,390.74604096,33.7468464
1260,398,398.99807424,26.19756
1260,399,405.88179936,24.1346736
1260,400,412.58925864,24.21477504
1260,401,419.31896832,24.1621056
1260,402,425.94010824,22.12445664
1260,403,431.10451752,16.4537136
1260,404,435.94580832,19.89149184
1260,405,442.01812536,22.40865216
1260,406,448.25802144,22.4722944
1260,407,454.50002064,22.4722944
1260,408,460.74211128,22.4722944
1260,409,466.98825576,22.5929952
1260,410,473.2707324,22.51399104
1260,411,479.5131888,22.4722944
1260,412,485.75567568,22.43279232
1260,413,492.41290392,26.9711424
1260,414,500.3877216,29.01318048
1260,415,505.629164,29.07792
1265,367,21.77680176,40.7858976
1265,368,29.8958508,38.3334768
1265,369,41.70904536,45.1475856
1265,370,54.42146088,47.39371776
1265,371,68.35502712,51.78174048
1265,372,82.73131536,50.70311424
1265,373,96.31082592,47.59122816
1265,374,109.47757632,48.45917664
1265,375,123.28480296,50.44635072
1265,376,137.84369688,53.59773888
1265,377,152.1435108,49.6354608
1265,378,165.83204832,49.22727264
1265,379,179.5392396,49.41490752
1265,380,193.27182072,49.39844832
1265,381,206.99675136,49.93062912
1265,382,220.95954792,49.37979456
1265,383,233.95512264,44.38387872
1265,384,246.11252784,43.79902848
1265,385,258.3244008,44.4617856
1265,386,270.52591056,41.60995488
1265,387,281.4151344,37.40188608
1265,388,291.0905532,32.9622912
1265,389,300.2328768,32.9184
1265,390,309.3538644,32.63639904
1265,391,318.33598512,32.56617312
1265,392,327.81038832,35.23585536
1265,393,337.33124304,33.05665728
1265,394,346.41111312,32.71979232
1265,395,355.54575576,32.70552768
1265,396,364.3923624,30.23116128
1265,397,372.32152104,28.76190336
1265,398,380.99167896,33.7852512
1265,399,390.84729552,35.77242528
1265,400,400.13781288,29.9996352
1265,401,407.59038624,23.66613504
1265,402,413.08986216,16.97382432
1265,403,417.69118392,16.50638304
1265,404,422.263824,16.4592
1265,405,426.835824,16.4592
1265,406,431.407824,16.4592
1265,407,435.979824,16.4592
1265,408,440.54926368,16.8267888
1265,409,445.8055092,21.22468704
1265,410,451.88349552,21.94450272
1265,411,458.08327992,23.17565088
1265,412,464.97276576,27.05124384
1265,413,473.18992992,30.95317152
1265,414,481.61999688,28.6993584
1265,415,489.19168608,27.15877728
1265,416,496.7784324,27.00735264
1267,389,282.3893768,39.9629376
1267,390,288.951162,34.11224064
1267,391,298.04965536,33.04787904
1267,392,307.38086352,33.50325024
1267,393,316.17062496,28.90125792
1267,394,324.09524208,30.18836736
1267,395,332.74918464,30.19056192
1267,396,340.60107648,27.16536096
1267,397,348.16072608,27.41883264
1267,398,355.78212816,27.32556384
1267,399,363.28602984,27.07977312
1267,400,370.89414264,27.432
1267,401,378.5178612,27.61414848
1267,402,386.36466288,28.76848704
1267,403,394.04333688,24.64820064
1267,404,400.3473324,22.23967104
1267,405,406.21049568,20.3655168
1267,406,411.8911752,20.49828768
1267,407,417.60401112,20.39075424
1267,408,422.9020752,17.81763264
1267,409,427.8082884,17.666208
1267,410,432.71447112,17.66401344
1267,411,437.62028808,17.54331264
1267,412,442.40064936,18.5111136
1267,413,448.16072928,21.17092032
1267,414,454.81225776,27.44736192
1267,415,462.56618688,27.93235968
1267,416,469.98669528,20.3600304
1267,417,474.32177424,24.04469664
1267,418,484.15913328,38.17766304
1267,419,493.36354464,26.78679936
1267,420,498.54404736,23.86803456
1271,373,23.4838820571429,47.3491995428571
1271,374,35.2886772,52.79782176
1271,375,50.60249976,57.65438304
1271,376,67.38177024,61.8372144
1271,377,84.5205828,60.07937184
1271,378,100.44964416,56.17415232
1271,379,116.16162696,56.8829952
1271,380,131.78799144,56.016144
1271,381,147.32910336,55.69464096
1271,382,162.86600904,55.01871648
1271,383,177.78606048,54.41192064
1271,384,193.36886904,54.84973536
1271,385,207.6765468,50.93134848
1271,386,221.9917836,50.32564992
1271,387,235.71247752,49.07365344
1271,388,248.898918,45.4603104
1271,389,261.36362256,44.19185472
1271,390,272.65268304,37.8726192
1271,391,283.22272032,37.64328768
1271,392,293.05861632,33.36499296
1271,393,302.2171248,32.72527872
1271,394,310.63033632,27.61634304
1271,395,317.78435808,23.31500544
1271,396,323.9550036,22.19139072
1271,397,330.126594,21.64055616
1271,398,335.51795736,17.72985024
1271,399,340.64469336,19.91782656
1271,400,346.55906304,21.93352992
1271,401,352.74805752,23.45326272
1271,402,359.84544744,26.86251168
1271,403,367.39394136,27.432
1271,404,375.01406328,27.4265136
1271,405,382.85358024,29.9502576
1271,406,391.49435544,31.13861184
1271,407,399.5164476,25.27145568
1271,408,405.85869552,21.94121088
1271,409,411.7579776,20.20750848
1271,410,417.18862968,19.06085088
1271,411,422.4351216,18.873216
1271,412,427.67795592,18.873216
1271,413,432.92072928,18.873216
1271,414,438.15999744,18.7744608
1271,415,443.18639328,17.7704496
1271,416,448.47409416,19.60400448
1271,417,454.2490788,23.61785472
1271,418,461.42675304,26.82081504
1271,419,468.27283536,20.29309632
1271,420,474.77681016,29.15034048
1271,421,482.88180792,27.66462336
1271,422,490.04939328,24.5955312
1271,423,496.67089896,23.66942688
1272,368,20.0991216,43.3645056
1272,369,26.54314224,43.0024032
1272,370,38.3546604,42.52289184
1272,371,50.43964512,45.03676032
1272,372,63.54263136,50.56705152
1272,373,78.23661264,53.5637232
1272,374,92.67376944,48.98696832
1272,375,105.71792928,46.15269408
1272,376,118.57094904,46.74851712
1272,377,131.96547648,50.2938288
1272,378,146.05631952,50.3706384
1272,379,160.05054096,50.20056
1272,380,170.40386544,48.94088256
1273,374,22.8393244,47.7426528
1273,375,33.8934552,51.89366304
1273,376,49.52753112,62.65139616
1273,377,67.7229024,61.90195392
1273,378,83.80844808,58.99745376
1273,379,100.5282216,57.61378368
1273,380,115.95354,56.67231744
1273,381,132.12939792,59.35297248
1273,382,148.49974872,57.0256416
1273,383,163.90440168,54.45581184
1273,384,178.92134904,53.63065728
1273,385,193.57454808,51.77076768
1273,386,207.78746352,50.91598656
1273,387,221.81704176,48.81469536
1273,388,234.7252608,45.0543168
1273,389,247.05725544,43.77269376
1273,390,258.99727728,43.04409984
1273,391,271.18549776,43.64870112
1273,392,281.8252428,32.05374336
1273,393,290.62792776,32.83281216
1273,394,299.724318,31.54899456
1273,395,307.61808936,24.82266816
1273,396,313.8389964,20.98877184
1273,397,319.112646,16.99576992
1273,398,324.00264384,19.39003488
1273,399,329.62568568,20.3710032
1273,400,335.16167664,19.73787264
1273,401,340.98558168,22.28685408
1273,402,347.85321336,27.07757856
1273,403,355.1349768,25.12442016
1273,404,362.15830032,26.0494272
1273,405,369.67600944,27.432
1273,406,377.29533888,27.48796128
1273,407,385.15073592,29.23922016
1273,408,393.15871584,25.9671312
1273,409,399.12228024,20.40501888
1273,410,405.20974584,22.21992
1273,411,411.38081808,22.22321184
1273,412,417.57212904,22.29782688
1273,413,423.9184308,24.73708032
1278,389,241.3531368,41.0053536
1278,390,249.02879328,39.04561152
1278,391,260.0571888,40.6487376
1278,392,270.96366432,36.97723872
1278,393,280.57224048,32.93705376
1278,394,289.69466064,32.0460624
1278,395,297.8706768,27.48576672
1278,396,305.05837896,23.31829728
1278,397,310.72991448,17.53672896
1278,398,315.31328352,16.4592
1278,399,319.88385096,16.5634416
1278,400,324.8820528,19.5754752
1278,401,330.39448272,19.86515712
1278,402,336.11816952,21.6657936
1278,403,342.7258068,26.29302336
1278,404,350.28996744,27.39249792
1278,405,357.7669248,26.48614464
1278,406,365.1284544,26.87677632
1278,407,372.720108,27.432
1278,408,380.34349128,27.49893408
1278,409,388.0341744,27.80068608
1278,410,395.13912336,20.91086496
1278,411,400.0176912,17.59707936
1278,412,405.51116256,21.03705216
1278,413,411.35268504,21.03814944
1278,414,417.21597024,21.12044544
1278,415,423.06276576,21.03376032
1278,416,428.9043492,21.03046848
1278,417,434.82978312,22.4503488
1278,418,441.43644504,25.3416816
1278,419,448.9100496,27.432
1278,420,456.53011056,27.432
1278,421,464.15093352,27.6075648
1278,422,472.11685104,29.55743136
1278,423,480.14330184,26.99747712
1278,424,487.08195192,25.09259904
1278,425,494.07220464,24.1456464
1278,426,498.7306002,23.975568
1282,390,237.4911684,41.504616
1282,391,248.7225912,39.4691616
1282,392,259.33536144,37.14073344
1282,393,269.56655256,36.62501184
1282,394,279.32886984,32.16237408
1282,395,287.38049712,27.34312032
1282,396,294.90488136,25.98797952
1282,397,301.28983176,19.51293024
1282,398,305.9977116,14.54225184
1282,399,309.36721464,10.82356992
1282,400,312.3373992,10.87733664
1282,401,315.93900744,15.54955488
1282,402,320.94678,21.34429056
1282,403,327.40271832,23.61127104
1282,404,334.02827784,25.45579872
1282,405,342.1466868,31.66859808
1282,406,350.98863,31.96157184
1282,407,359.81633904,31.51168704
1282,408,368.60283912,31.2285888
1282,409,376.66245216,26.8778736
1282,410,383.38938816,21.73382496
1282,411,389.35490328,21.44962944
1282,412,394.4352792,14.8516848
1282,413,399.19110408,19.84540608
1282,414,404.71691472,19.8827136
1282,415,410.24104896,19.8827136
1282,416,415.82544216,21.14129376
1282,417,422.17960776,23.78025216
1282,418,428.78337408,23.77586304
1282,419,434.94508896,18.56488032
1282,420,441.18815496,32.16456864
1282,421,449.69052048,23.71002624
1282,422,456.06013944,24.59443392
1282,423,463.21086936,26.31387168
1282,424,471.02438688,29.78237376
1282,425,479.24898816,28.47880512
1282,426,486.761028,26.6254992
1282,427,493.62704424,21.48035328
1282,428,498.2895546,15.6184092
1294,378,22.00820592,44.41131072
1294,379,35.31723696,51.78393504
1294,380,49.86201864,52.30624032
1294,381,64.7962128,55.43787744
1294,382,80.32464504,55.94372352
1294,383,95.469456,52.97228928
1294,384,109.89932808,50.4309888
1294,385,123.36527016,46.98882144
1294,386,137.3011224,53.40790944
1294,387,152.05554552,53.053488
1294,388,166.70066736,52.09227072
1294,389,180.84396648,50.33772
1294,390,195.10071216,51.58423008
1294,391,209.37071664,51.9781536
1294,392,223.66989048,50.07217824
1294,393,236.65156632,43.87583808
1294,394,248.72634024,42.10702272
1294,395,259.760466,37.57196448
1294,396,269.88848232,36.08734464
1294,397,279.52650216,31.70919744
1294,398,287.52719736,26.5870944
1294,399,294.06274944,20.03743008
1294,400,298.9397628,16.45261632
1294,401,303.23619312,13.58213184
1294,402,306.62090568,11.3787936
1294,403,309.69658152,11.62897344
1294,404,313.64200416,16.33630464
1294,405,318.39935304,18.80299008
1294,406,324.50839848,25.37130816
1294,407,331.96063656,27.1247616
1294,408,339.62909976,27.77874048
1294,409,347.56971888,30.75236928
1294,410,355.92834072,27.80836704
1294,411,363.1214988,23.52787776
1294,412,369.30019104,21.9456
1294,413,375.39634344,21.94450272
1294,414,381.6734556,24.33108672
1294,415,388.88234136,26.51357664
1294,416,396.39831312,27.64267776
1294,417,402.939939428572,27.6937796571429
1300,380,24.7683528,45.66550176
1300,381,38.2153668,51.88598208
1300,382,53.42296656,57.02125248
1300,383,70.28303952,63.56323584
1300,384,87.84189696,60.60935808
1300,385,103.30985688,52.23711168
1300,386,118.10244096,54.76963392
1300,387,132.90868008,52.39182816
1300,388,147.65021016,53.52861024
1300,389,162.7019352,54.08602848
1300,390,177.387504,52.73088768
1300,391,192.41807592,54.43935264
1300,392,207.3825672,54.24513408
1300,393,222.25857504,51.04327104
1300,394,235.868718,46.579536
1300,395,247.55142768,38.37627072
1300,396,257.47769688,33.9663024
1300,397,266.53839504,29.49378912
1300,398,274.126452,26.59367808
1300,399,280.91535384,22.25613024
1300,400,286.56997296,17.24485248
1300,401,290.33208888,11.1538512
1300,402,293.3785344,10.9728
1300,403,296.4265344,10.9728
1300,404,299.48706168,11.55326112
1300,405,303.36826296,16.62050016
1300,406,308.80406616,22.86073152
1300,407,315.8457996,26.91957024
1300,408,323.41922616,27.50112864
1300,409,331.43318016,30.68433792
1300,410,340.20416592,31.94291808
1300,411,349.07713776,31.89024864
1300,412,357.8803104,30.31565184
1300,413,365.28609696,22.97923776
1300,414,370.737384,17.00674272
1300,415,375.56120976,19.26933408
1300,416,381.25783032,20.7001872
1300,417,387.49605,25.85081952
1300,418,395.4341088,29.72092608
1300,419,403.80653808,30.8555136
1300,420,412.740348,33.8346288
1300,421,422.3167068,34.66197792
1300,422,432.43131192,36.97943328
1300,423,442.36008048,37.47101472
1300,424,452.58950376,33.8949792
1300,425,462.14678208,35.37411264
1300,426,471.55803072,31.37891616
1300,427,479.8097592,27.40347072
1300,428,487.04903352,27.41115168
1300,429,494.66991744,23.80658688
1300,430,498.736239,19.47672
1301,381,19.5641976,27.816048
1301,382,24.85284336,27.02820096
1301,383,34.66453824,43.98885792
1301,384,48.19445784,52.53886368
1301,385,63.267336,55.43239104
1301,386,78.64544088,53.8325568
1301,387,92.10190368,45.57991392
1301,388,106.11575424,53.83145952
1301,389,120.62057664,50.05132992
1301,390,134.79792192,54.11016864
1301,391,149.50549728,49.43465856
1301,392,163.32741528,52.51801536
1301,393,178.35786528,54.013608
1301,394,193.0133808,53.24441472
1301,395,208.3652424,56.06991072
1301,396,223.90778688,55.82302272
1301,397,239.44365624,55.96347456
1301,398,252.9120672,31.04314848
1301,399,260.72232336,36.39568032
1301,400,270.84674304,32.30721504
1301,401,277.88817168,20.06595936
1301,402,282.40491144,13.24087776
1301,403,285.9234312,12.61872
1301,404,289.42835688,12.61872
1301,405,292.93343496,12.61872
1301,406,296.43683664,12.6626112
1301,407,300.66526608,19.36040832
1301,408,306.89028792,24.85778112
1301,409,314.2497144,27.2454624
1301,410,322.07527152,30.65910048
1301,411,331.37407944,34.3503504
1301,412,340.6653588,32.65176096
1301,413,349.7570856,32.726376
1301,414,358.08510552,25.55784576
1301,415,364.1149944,18.88309152
1301,416,369.15489288,18.40577472
1301,417,374.6469012,21.33551232
1301,418,380.67953328,21.753576
1301,419,386.74008504,21.91377888
1301,420,392.81316408,22.18809888
1301,421,399.6693048,26.97443424
1301,422,407.22078576,27.17304192
1301,423,414.92689176,29.24031744
1301,424,422.8386768,27.05563296
1301,425,431.1638316,32.6879712
1301,426,440.24525616,32.64846912
1301,427,449.0693076,30.34966752
1301,428,457.33240512,29.6704512
1301,429,465.57572112,29.74945536
1301,430,473.85957552,29.75384448
1301,431,482.10350112,29.6704512
1301,432,489.85691208,25.37021088
1301,433,497.43570312,30.0051216
1301,434,502.0180968,29.9667168
1313,424,443.1361216,28.8036
1313,425,450.37747872,26.3127744
1313,426,458.09541096,29.33797536
1313,427,466.30047456,29.6430192
1313,428,474.54165696,29.55962592
1313,429,482.73641832,29.04719616
1313,430,489.94502976,23.19430464
1313,431,496.53791472,24.38265888
1313,432,502.964636266667,24.3583968
1319,383,20.633436,42.8707296
1319,384,28.35021,43.52031936
1319,385,40.79376144,46.744128
1319,386,54.8473884,53.93021472
1319,387,70.920864,61.49925216
1319,388,87.07797672,51.9946128
1319,389,100.91708544,50.64276384
1319,390,115.05825096,50.30699616
1319,391,128.6437356,48.3187248
1319,392,142.14981984,47.96649792
1319,393,155.50277256,48.9277152
1319,394,169.28634672,50.2170192
1319,395,183.760872,54.25830144
1319,396,198.97904832,54.79926048
1319,397,214.47276384,56.51979552
1319,398,229.82828304,53.70198048
1319,399,243.9178764,48.02026464
1319,400,256.1107908,36.73803168
1319,401,265.09053408,31.18579488
1319,402,272.47730112,18.43320672
1319,403,276.2618808,11.7518688
1319,404,279.03903552,8.44686144
1319,405,281.32439544,9.36089568
1319,406,284.26629456,10.9728
1319,407,287.45563032,13.30890912
1319,408,291.8694696,18.37944
1319,409,297.64225968,21.95328096
1319,410,303.76968456,22.89694176
1319,411,310.78471752,27.02052
1319,412,318.436752,29.16241056
1319,413,327.65859792,36.09283104
1319,414,337.33166976,33.137856
1319,415,346.41285048,32.52776832
1319,416,354.76366944,25.98578496
1319,417,361.11570144,21.50559072
1319,418,367.10145528,20.54217888
1319,419,372.1179756,16.48992384
1319,420,376.8559392,18.91930176
1319,421,383.06721456,25.44153408
1319,422,390.44063136,26.66500128
1319,423,397.86924744,27.12146976
1319,424,405.45983424,27.02161728
1319,425,412.94675856,27.38371968
1319,426,420.55654776,26.6200128
1319,427,427.52427576,24.95434176
1319,428,434.94179712,27.90492768
1322,386,22.2236792,41.69664
1322,387,31.46371152,41.7569904
1322,388,42.72189576,40.3305264
1322,389,54.59184408,45.235368
1322,390,67.8661584,49.66399008
1322,391,81.72364656,49.31834688
1322,392,94.74348336,44.65271232
1322,393,106.68667512,42.7829472
1322,394,119.5930044,48.9825792
1322,395,133.2108588,49.42588032
1322,396,146.45813736,46.84727232
1322,397,160.27734264,51.48657216
1322,398,174.58581288,52.11092448
1322,399,189.47142192,53.66577024
1322,400,203.72530248,51.02461728
1322,401,218.35433088,51.8245344
1322,402,232.10401128,46.60916256
1322,403,243.28367904,35.7603552
1322,404,253.19373288,35.45640864
1322,405,262.32883272,26.2633968
1322,406,268.50301392,22.3954848
1322,407,274.44152376,18.84468672
1322,408,279.0373896,15.91056
1322,409,283.5484296,16.4592
1322,410,288.12052104,16.4592
1322,411,292.69264296,16.45810272
1322,412,297.49659576,19.47891456
1322,413,303.4683288,22.89803904
1322,414,310.48592208,27.0150336
1322,415,318.49612704,31.8266064
1322,416,328.11972984,36.18061344
1322,417,337.77116088,32.2490592
1322,418,345.88371768,27.3003264
1322,419,353.48418,26.84934432
1322,420,360.21590136,21.82160736
1322,421,366.25456848,21.9456
1322,422,372.3506904,21.9456
1322,423,378.44925072,22.32306432
1322,424,385.25202096,26.54649504
1322,425,392.66295864,26.444448
1322,426,400.00958352,26.94809952
1322,427,407.59895112,27.07757856
1322,428,415.37360664,29.89210176
1322,429,423.86883984,31.18140576
1322,430,432.86290872,32.91620544
1322,431,442.01666232,33.39132768
1322,432,451.64879952,35.93262816
1322,433,461.74072752,36.3638592
1322,434,471.87221856,36.52186752
1322,435,481.98764664,36.3638592
1322,436,491.81016192,31.88915136
1322,437,498.1895548,27.7447248
1339,388,24.81898008,37.05953472
1339,389,35.61981192,39.18277152
1339,390,46.4929728,39.34407168
1339,391,57.55910256,43.03751616
1339,392,71.02102128,51.72907104
1339,393,85.193886,47.0019888
1339,394,96.15226896,35.58698496
1339,395,107.17298352,42.88609152
1339,396,118.80396864,41.5923984
1339,397,131.00465544,46.45664064
1339,398,143.5236144,43.30854432
1339,399,156.22072896,48.05318304
1339,400,169.67716128,48.73788576
1339,401,183.24822888,48.90357504
1339,402,196.82167392,48.5601264
1339,403,209.9783964,46.32935616
1339,404,222.74848008,44.7580512
1339,405,234.49144872,39.59315424
1339,406,244.61879448,33.46374816
1339,407,253.0699536,26.7023088
1339,408,259.43591496,22.47668352
1339,409,265.4791236,18.75361248
1339,410,270.5781228,18.5275728
1339,411,275.50378224,16.74010368
1339,412,280.0795008,16.46029728
1339,413,284.68249896,17.70132096
1339,414,290.33010768,21.94779456
1339,415,296.42674776,21.93791904
1339,416,302.8460796,25.51944096
1339,417,310.34062392,27.1467072
1339,418,318.0959856,29.21069088
1339,419,326.94338472,34.4984832
1339,420,336.53903736,33.62834016
1339,421,345.336876,29.11851936
1339,422,353.0394768,27.43419456
1339,423,360.26317584,23.4433872
1339,424,366.4276644,22.66870752
1339,425,373.35686568,26.98540704
1339,426,381.115062,29.846016
1339,427,390.02589,32.68029024
1339,428,396.7328616,32.18980608
1345,391,22.4756472,41.2687008
1345,392,30.07364064,42.45595776
1345,393,42.30282624,45.16843392
1345,394,54.86305512,45.18928224
1345,395,66.67298832,38.41357824
1345,396,77.95217328,43.66186848
1345,397,89.37235872,39.26945664
1345,398,100.55019768,41.79210336
1345,399,112.5947964,45.14319648
1345,400,125.66032272,48.06196128
1345,401,139.35907104,49.90758624
1345,402,153.06806064,49.87247328
1345,403,167.38658928,52.08129792
1345,404,181.17244944,47.8084896
1345,405,194.39753856,47.02173984
1345,406,207.61354464,48.78945792
1345,407,220.98155448,46.52247744
1345,408,232.81776144,38.7120384
1345,409,242.73683736,32.33793888
1345,410,250.813824,25.56223488
1345,411,257.09614824,20.94049152
1345,412,262.94233416,21.10727808
1345,413,268.5635472,18.8128656
1345,414,273.79415904,20.0747376
1345,415,279.65534112,21.73382496
1345,416,285.7643256,22.49204544
1345,417,292.4728212,26.06369184
1345,418,300.000162,27.432
1345,419,307.61263344,27.20925216
1345,420,315.34336728,29.83175136
1345,421,324.3800472,34.40411712
1345,422,333.94272048,33.60749184
1345,423,342.92036064,30.18727008
1345,424,350.74226016,27.42980544
1345,425,358.33876008,27.01393632
1345,426,365.85924288,27.40785984
1345,427,373.50033504,28.3043376
1345,428,382.2973812,35.6670864
1345,429,392.70163776,37.15719264
1345,430,402.51302784,35.42129568
1345,431,412.94361912,38.50794432
1345,432,423.6302424,38.4048
1345,433,434.29766328,38.36420064
1345,434,444.94441872,38.2347216
1345,435,455.35208904,36.98491968
1345,436,465.65847432,37.64657952
1345,437,476.41584168,38.31921216
1345,438,486.13423728,31.97912832
1345,439,494.97200472,32.0625216
1345,440,499.7708064,31.6784736
1352,411,236.5079598,32.0529204
1352,412,244.1347416,29.3961312
1352,413,252.05560968,27.59000832
1352,414,259.45621464,25.34058432
1352,415,266.1484644,23.49166752
1352,416,272.5815732,23.63431392
1352,417,279.58593816,26.30070432
1352,418,287.07676392,27.3058128
1352,419,294.67030728,27.43309728
1352,420,302.29061208,27.432
1352,421,309.87467616,27.06880032
1352,422,317.87281104,31.19128128
1352,423,326.70768288,31.86281664
1352,424,335.62052256,32.27758848
1352,425,344.35639536,30.43525536
1352,426,352.24681392,26.26449408
1352,427,359.64114,27.322272
1352,428,367.24306536,27.38481696
1352,429,375.04064184,29.90965824
1352,430,383.7913584,32.01424128
1352,431,391.813542,32.657796
1360,395,19.795236,28.200096
1360,396,26.28433656,33.2805024
1360,397,37.45303152,43.42156416
1360,398,49.98387768,46.68816672
1360,399,63.44357136,48.66107616
1360,400,75.76761072,40.46988096
1360,401,86.9413044,40.29321888
1360,402,98.19936672,41.04046656
1360,403,109.88491104,43.08140736
1360,404,122.08312896,43.5236112
1360,405,134.1526908,44.43106176
1360,406,146.4416172,43.7924448
1360,407,158.6185296,43.77269376
1360,408,170.7446928,43.39413216
1360,409,182.70836712,43.24270752
1360,410,194.81502312,43.12090944
1360,411,206.58502752,42.92230176
1360,412,218.5839672,40.94280864
1360,413,228.95746944,34.70806368
1360,414,237.7961208,28.63791072
1360,415,245.33446488,26.86360896
1360,416,252.86293344,26.9162784
1360,417,260.55486624,28.99233216
1360,418,268.44976536,27.15768
1360,419,275.95970208,27.40785984
1360,420,283.57497768,27.31459104
1360,421,291.16449768,27.41992992
1360,422,298.7852292,27.432
1360,423,306.40556448,27.36726048
1360,424,313.95475944,27.2180304
1360,425,321.69735,29.92611744
1360,426,330.87378072,34.45239744
1360,427,340.21309656,32.726376
1360,428,349.27918968,32.03399232
1360,429,357.44408064,27.15438816
1360,430,364.95371256,27.46821024
1360,431,373.04892624,31.41183456
1360,432,382.39762992,36.78850656
1360,433,393.29224872,39.66776928
1360,434,404.10255984,38.41467552
1360,435,414.78162408,38.45746944
1360,436,425.25095544,36.89165088
1360,437,435.3490404,35.18757504
1360,438,445.039242,35.78668992
1360,439,454.859136,34.7398848
1360,440,464.64879384,35.90190432
1360,441,475.18484592,38.89747872
1360,442,485.16290064,33.8456016
1360,443,494.85944208,35.09540352
1360,444,500.0844456,34.2022176
1372,398,20.8997973333333,38.0524512
1372,399,31.30536792,41.21712864
1372,400,43.3649628,46.23828192
1372,401,56.00934696,43.32171168
1372,402,68.7755292,49.350168
1372,403,82.61945376,48.9551472
1372,404,94.77170784,39.69300672
1372,405,106.53418368,44.8568064
1372,406,118.53272712,40.40514144
1372,407,129.85296864,45.07735968
1372,408,142.67224704,42.61067424
1372,409,153.75901176,37.3568976
1372,410,164.42301888,41.7350448
1372,411,176.30116632,43.09347744
1372,412,188.13021048,41.56606368
1372,413,199.21325664,38.50465248
1372,414,210.12844944,40.97572704
1372,415,221.4079392,38.37956256
1372,416,231.22502904,33.2256384
1372,417,240.23872704,31.02230016
1372,418,248.695464,30.78528768
1372,419,257.22709032,31.00474368
1372,420,265.78876992,29.13168672
1372,421,273.38719008,27.03917376
1372,422,280.99426656,27.41115168
1372,423,288.58214064,27.32336928
1372,424,296.19820872,27.432
1372,425,303.81802584,27.432
1372,426,311.39108664,27.14890176
1372,427,318.9888972,28.035504
1372,428,327.62851416,33.90266016
1372,429,337.02342552,33.17187168
1372,430,346.11210432,32.71979232
1372,431,355.25037408,32.81854752
1372,432,364.28485944,32.58482688
1372,433,373.41767328,32.91181632
1372,434,382.8556224,36.25852032
1372,435,393.32781888,37.56428352
1372,436,403.16545224,33.65796672
1372,437,412.4209176,33.0061824
1372,438,421.58552208,32.91620544
1372,439,430.95796968,34.57748736
1372,440,440.501532,35.30388672
1372,441,450.58398072,35.70878304
1372,442,460.74028248,37.00247616
1372,443,470.95160064,38.04160032
1372,444,481.6646196,37.51819776
1372,445,491.5316052,34.2735408
1372,446,498.1821888,34.235136
1375,418,238.111066285714,26.3927190857143
1375,419,244.5233616,27.7392384
1375,420,252.12656712,26.80216128
1375,421,259.80609456,29.15253504
1375,422,267.83260632,27.44516736
1375,423,275.00363592,23.70344256
1375,424,281.22795672,22.68845856
1375,425,287.95547184,25.8628896
1375,426,295.43413608,27.43419456
1375,427,303.0541056,27.432
1375,428,310.63518264,27.14890176
1375,429,318.21427848,27.58671648
1375,430,326.41583688,31.67408448
1375,431,335.06654856,29.91624192
1375,432,343.69068168,32.61225888
1375,433,352.80795072,32.9184
1375,434,361.86947184,32.44766688
1375,435,370.85317752,32.41145664
1375,436,380.04442152,34.51055328
1375,437,390.2203524,37.64987136
1375,438,400.41414456,35.27316288
1375,439,409.82161368,32.97545856
1375,440,418.987986,32.99082048
1375,441,428.17913856,33.60200544
1375,442,437.52345312,33.03141984
1375,443,446.92982496,34.22855232
1375,444,456.3532656,35.26328736
1375,445,466.30227288,36.22340736
1375,446,476.8887084,38.8876032
1375,447,487.10374512,35.5024944
1375,448,497.30348088,37.42163712
1375,449,507.69978216,37.47430656
1375,450,516.028432,37.4830848
1380,400,21.59453136,38.95344
1380,401,29.71025808,39.27933216
1380,402,40.83003264,40.77931392
1380,403,52.04472192,41.08655232
1380,404,64.40292936,46.83959136
1380,405,77.54011416,47.46943008
1380,406,90.03225072,40.09351392
1380,407,100.62136848,39.50866368
1380,408,111.6290376,37.8890784
1380,409,121.87318272,35.95347648
1380,410,131.74656912,37.29764448
1380,411,142.40216376,38.11511808
1380,412,153.10183248,39.11912928
1380,413,163.81021848,36.84556512
1380,414,173.72740464,35.31266496
1380,415,183.69003648,37.3130064
1380,416,194.22148608,37.34811936
1380,417,204.3293856,35.41361472
1380,418,214.02196464,34.78597056
1380,419,223.27633272,30.45829824
1380,420,231.6010608,31.0914288
1380,421,239.77146864,27.95430528
1380,422,247.91724864,30.45171456
1380,423,256.4235156,29.73738528
1380,424,264.23014464,27.33543936
1380,425,271.738344,26.9162784
1380,426,279.3153672,27.432
1380,427,286.92994176,27.31459104
1380,428,294.51915696,27.41992992
1380,429,302.13997992,27.432
1380,430,309.7321212,27.14890176
1380,431,317.29951272,27.486864
1380,432,325.47333432,32.02740864
1380,433,334.58036208,32.46412608
1380,434,343.0857756,29.81090304
1380,435,351.57381552,31.32076032
1380,436,360.93352248,35.45531136
1380,437,370.85208024,35.87995872
1380,438,380.81748576,35.90958528
1380,439,387.3212472,36.2321856
1383,418,218.9695392,26.224992
1383,419,222.226361066667,23.3367072
1385,417,180.3734772,40.8517344
1385,418,188.12612616,40.0616928
1385,419,199.3235028,39.62168352
1385,420,209.89393632,37.00467072
1385,421,220.13603928,36.27388224
1385,422,229.78975632,32.726376
1385,423,237.99628296,27.2619216
1385,424,245.5733976,27.42212448
1385,425,253.21226472,27.98393184
1385,426,261.39507792,30.27066336
1385,427,269.33837928,26.98430976
1385,428,276.85419864,27.30361824
1385,429,284.45578872,27.43309728
1385,430,292.07557536,27.432
1385,431,299.69661168,27.39030336
1385,432,307.49211552,29.58376608
1385,433,316.02980736,31.14958464
1385,434,323.93388096,27.07648128
1385,435,332.83087104,33.48459648
1385,436,341.5791492,32.068008
1385,437,350.6669136,32.9184
1385,438,359.7621456,32.47509888
1385,439,368.83107336,32.9622912
1385,440,378.39322848,36.91688832
1385,441,389.31009768,40.45451904
1385,442,400.28692104,38.56171104
1385,443,410.95824336,38.48599872
1385,444,421.48301784,37.32178464
1385,445,432.01397976,38.40260544
1385,446,442.66320408,38.32030944
1385,447,453.44620512,39.50427456
1385,448,464.5516236,40.9888944
1385,449,476.4528444,43.60919904
1385,450,488.13866304,40.30748352
1385,451,497.338676571429,38.0223195428572
1391,424,232.346432266667,29.0486592
1391,425,239.9914428,28.58633856
1391,426,247.7108076,27.3442176
1391,427,255.35628888,28.14742656
1391,428,263.44485792,29.08011456
1391,429,271.13904624,26.91408384
1391,430,278.70177432,27.4265136
1391,431,286.25758344,26.9272512
1391,432,293.7208248,26.8723872
1391,433,301.18418808,26.8723872
1391,434,308.63139696,26.59038624
1391,435,316.0765332,27.28825632
1391,436,324.01715232,31.00474368
1391,437,333.06666432,32.91401088
1391,438,342.41667864,35.6670864
1391,439,352.86537504,37.9768608
1391,440,363.23073912,37.2746016
1391,441,373.65983688,37.280088
1391,442,383.96799,37.27130976
1391,443,394.31512704,37.11988512
1391,444,404.62419456,37.1100096
1391,445,414.97188024,37.02881088
1391,446,424.84569336,35.85472128
1391,447,435.32995992,38.1524256
1391,448,445.925448,38.19302496
1391,449,456.52480704,38.05476768
1391,450,466.7865696,37.7135136
1391,451,477.96593256,40.955976
1391,452,489.34417752,40.9614624
1391,453,500.71379664,40.8627072
1395,404,20.6332328,33.9827616
1395,405,26.86574256,34.63235136
1395,406,37.1182392,40.58619264
1395,407,49.12428072,44.04701376
1395,408,60.96969264,35.42458752
1395,409,69.523356,38.25227808
1395,410,82.23293688,46.1022192
1395,411,94.07978136,39.18825792
1395,412,104.85696072,40.105584
1395,413,116.45880696,42.84439488
1395,414,127.88838024,40.5280368
1395,415,139.90786344,43.25806944
1395,416,151.60776384,42.50752992
1395,417,163.05986184,39.47135616
1395,418,173.458632,35.63307072
1395,419,183.77309448,38.82505824
1395,420,193.64702952,31.32076032
1395,421,201.42412344,24.78097152
1395,422,207.23166072,17.17462656
1395,423,212.03104152,18.5550048
1395,424,217.30658088,18.4178448
1395,425,222.06895896,16.67426688
1395,426,227.41262112,21.73821408
1395,427,233.5097184,21.9456
1395,428,239.5851444,21.76125696
1395,429,245.6502072,21.93901632
1395,430,251.94703992,23.88888288
1395,431,258.88267248,26.19536544
1395,432,266.36484192,26.92834848
1395,433,273.82070712,27.0369792
1395,434,281.4105624,27.43309728
1395,435,289.03114152,27.432
1395,436,296.65111104,27.432
1395,437,304.27242168,27.39688704
1395,438,311.55354504,25.07394528
1395,439,318.48122232,24.21806688
1395,440,325.32209256,26.04723264
1395,441,332.56276896,25.7092704
1395,442,339.71429136,25.58418048
1395,443,346.81079736,25.72463232
1395,444,353.9736888,25.78937184
1395,445,361.47658464,29.62656
1395,446,370.36016352,32.92498368
1395,447,379.61855496,35.17550496
1395,448,390.20825184,39.47574528
1395,449,400.93017096,38.048184
1395,450,411.57473184,38.48051232
1395,451,422.25138816,38.38614624
1395,452,432.93557304,38.42235648
1395,453,443.84149992,40.40075232
1395,454,455.04738048,40.46988096
1395,455,466.39986984,41.82611904
1395,456,478.42410792,43.15931424
1395,457,489.59487552,36.9344448
1395,458,497.5328632,35.1367344
1396,447,408.0368776,40.0397472
1396,448,415.28143512,40.11436224
1396,449,426.05916312,37.3733568
1396,450,436.69165392,39.831264
1396,451,447.93127584,40.5225504
1396,452,458.7980664,36.70072416
1396,453,468.5748312,36.32764896
1396,454,478.99737576,37.21754304
1396,455,489.35316912,37.30752
1396,456,499.70835288,37.23400224
1396,457,505.91466,37.2636288
1399,407,23.5106464,26.3127744
1399,408,31.41229176,34.509456
1399,409,42.40033176,48.1870512
1399,410,57.69854856,51.57654912
1399,411,67.91849256,34.87814208
1399,412,80.487774,47.21376384
1399,413,92.97341832,42.0861744
1399,414,104.44288992,41.8722048
1399,415,116.09889912,42.72369408
1399,416,127.99033584,42.57556128
1399,417,140.06081208,43.82646048
1399,418,152.21687616,43.39852128
1399,419,163.55516184,38.43991296
1399,420,174.20045424,38.42564832
1399,421,184.6475352,35.39496096
1399,422,193.49850048,29.15253504
1399,423,200.71457952,21.61531872
1399,424,206.14190928,19.18484352
1399,425,211.18104576,16.72913088
1399,426,215.69787696,16.21121472
1399,427,220.21193448,16.27046784
1399,428,224.91265152,18.26093376
1399,429,230.94235752,24.63503328
1399,430,237.43529856,21.39257088
1399,431,243.79388376,26.01980064
1399,432,251.36846856,27.41444352
1399,433,258.91687104,27.1521936
1399,434,266.50785408,27.08964864
1399,435,273.98261688,27.12585888
1399,436,281.55080088,26.80874496
1399,437,288.89349384,26.88445728
1399,438,296.4992292,27.432
1399,439,304.11919872,27.432
1399,440,311.69390544,27.11817792
1399,441,318.89803632,23.98763808
1399,442,325.49086032,24.41009088
1399,443,332.20020936,23.86474272
1399,444,338.88675936,24.0249456
1399,445,345.5240232,24.01836192
1399,446,352.90640112,30.58777728
1399,447,361.95481584,33.028128
1399,448,371.12292552,32.9184
1399,449,380.366016,34.92422784
1399,450,390.79959432,38.7998208
1399,451,401.51224752,38.42455104
1399,452,412.35700104,40.41501696
1399,453,423.84671136,40.92964128
1399,454,434.9441136,38.70545472
1399,455,445.47580704,38.65388256
1399,456,456.90086928,43.30744704
1399,457,469.04510712,43.7924448
1399,458,480.87159096,40.78480032
1399,459,492.01770024,40.05072
1399,460,499.2487856,40.05072
1405,411,19.4901312,32.8745088
1405,412,24.86262744,33.3134208
1405,413,34.3887552,36.8850672
1405,414,45.0634989,47.8606104
1407,409,13.7813034,37.9329696
1407,410,21.22928952,38.68680096
1407,411,32.30233824,40.54559328
1407,412,43.6170324,41.85903744
1407,413,55.89684528,45.89702784
1407,414,68.82905208,46.963584
1407,415,81.921858,46.86921792
1407,416,94.6432956,44.84473632
1407,417,106.72230624,42.10373088
1407,418,118.33131528,41.67908352
1407,419,129.69069312,41.54631264
1407,420,141.63793872,43.53238944
1407,421,153.85813272,42.86634048
1407,422,165.00823488,38.26105632
1407,423,175.46476464,37.17145728
1407,424,185.20696512,31.46340672
1407,425,192.9725376,24.96312
1407,426,199.34008392,21.57362208
1407,427,204.88774872,17.93833344
1407,428,209.74555968,18.83590848
1407,429,215.26152528,20.05388928
1407,430,220.8347628,19.90904832
1407,431,226.42086288,20.83295808
1407,432,232.33782336,21.40134912
1407,433,238.06361328,19.20898368
1407,434,243.42157056,20.77809408
1407,435,249.4656936,21.93901632
1407,436,255.68538144,23.61236832
1407,437,262.69605576,26.21731104
1407,438,270.07325208,26.58489984
1407,439,277.01876016,23.51580768
1407,440,283.31903712,21.94230816
1407,441,289.4140008,21.94230816
1407,442,295.80193824,24.95873088
1407,443,303.20702376,27.43968096
1407,444,310.78813128,27.15329088
1407,445,318.32391504,26.90750016
1407,446,325.9383372,28.18583136
1407,447,333.738474,27.71839008
1407,448,341.35033584,27.17194464
1407,449,349.24511304,31.00584096
1407,450,358.25942064,32.49484992
1407,451,367.3211856,32.9184
1407,452,376.4923128,33.6261456
1407,453,386.54717712,38.7175248
1407,454,397.20161352,36.48785184
1407,455,406.87587408,33.74245728
1407,456,416.08443072,33.00947424
1407,457,425.238672,32.9184
1407,458,434.42674608,33.48130464
1407,459,444.04144872,35.7932736
1407,460,454.0081344,35.67367008
1407,461,463.91995608,35.75267424
1407,462,473.87140176,35.75706336
1407,463,483.78398544,35.6835456
1407,464,493.66691208,34.9044768
1407,465,499.3193976,32.9952096
1415,413,20.1193908,37.0441728
1415,414,26.00474352,37.49186304
1415,415,36.98680944,42.22004256
1415,416,49.43042184,49.1361984
1415,417,64.04573424,51.66981792
1415,418,76.97056488,42.90584256
1415,419,88.77455448,42.80599008
1415,420,100.88724552,44.33230656
1415,421,107.7373512,44.3191392
1427,463,450.34242672,40.2317712
1427,464,461.73426576,41.26101984
1427,465,473.23013304,41.40805536
1427,466,484.60152,39.20691168
1427,467,494.55836064,33.46923456
1427,468,499.6150536,32.8964544
1432,429,191.8677392,20.66544
1432,430,197.03896584,17.58500928
1432,431,201.54546432,16.20463104
1432,432,206.25767232,16.45261632
1432,433,210.78401328,17.69473728
1432,434,215.92345944,18.59011776
1432,435,221.08869168,18.44747136
1432,436,226.16047224,18.18083232
1432,437,231.02325144,16.45261632
1432,438,235.78401408,19.0762128
1432,439,241.38282432,19.26165312
1432,440,246.1845216,16.45261632
1432,441,250.78569096,16.96504608
1432,442,255.46299936,16.61501376
1432,443,260.48875512,19.39332672
1432,444,265.8500652,22.7767896
1432,445,271.60993176,18.80079552
1432,446,277.5603288,21.9456
1432,447,283.65087288,21.82819104
1432,448,289.7163624,21.93023808
1432,449,296.01252456,24.1291872
1432,450,302.9739432,25.2484128
1432,451,309.95572248,24.96202272
1432,452,316.92089016,25.24731552
1432,453,323.93363712,25.24731552
1432,454,330.94754232,25.15624128
1432,455,336.62657592,16.48992384
1432,456,342.96821424,30.31455456
1432,457,350.70248376,24.9137424
1432,458,358.19260848,27.44187552
1432,459,365.83098792,27.82592352
1432,460,373.56781776,27.8489664
1432,461,381.30394656,27.8489664
1432,462,389.06979336,27.9970992
1432,463,396.02334816,22.0498416
1432,464,402.88271976,27.42761088
1432,465,410.50275024,27.44736192
1432,466,418.92891576,34.37119872
1432,467,427.91768112,29.54536128
1432,468,436.42245456,31.27686912
1432,469,445.10587128,31.31856576
1432,470,453.8101668,31.3383168
1432,471,462.51421848,31.3383168
1432,472,471.24789672,31.48754688
1432,473,478.705164,20.1131424
1432,474,485.9306004,34.88582304
1432,475,493.9160556,20.92403232
1432,476,498.465870514286,17.7994491428571
1433,415,72.1452456,44.9317872
1433,416,81.53540208,38.55622464
1433,417,91.6714956,35.963352
1433,418,101.53028208,35.29730304
1433,419,111.20640192,34.920936
1433,420,121.12846488,36.01602144
1433,421,130.92488928,35.35326432
1433,422,140.55748368,33.9992208
1433,423,150.01497048,33.39791136
1433,424,159.44088,34.46666208
1433,425,168.79010184,32.91620544
1433,426,177.93647928,32.94473472
1433,427,186.61413528,27.93565152
1433,428,193.713354,24.77987424
1433,429,200.5897944,24.69099456
1433,430,207.45629832,24.7875552
1433,431,214.24349328,21.80514816
1433,432,218.57195808,14.20538688
1433,433,223.21394016,17.72875296
1433,434,228.25249752,17.32824576
1433,435,233.32351608,19.4438016
1433,436,238.45759776,17.16036192
1433,437,243.4129752,18.96209568
1433,438,248.67543864,18.818352
1433,439,254.32274256,21.7371168
1433,440,260.29161048,21.4134192
1433,441,266.26325208,21.20383872
1433,442,272.10291528,21.40683552
1433,443,278.17194048,21.9456
1433,444,284.26784904,21.9456
1433,445,290.36387952,21.9456
1433,446,296.45991,21.9456
1433,447,302.55368496,21.85562304
1433,448,308.60875032,21.68335008
1433,449,314.63150688,21.87866592
1433,450,320.7565848,22.79379744
1433,451,327.53597688,25.37789184
1433,452,334.383126,23.13724608
1433,453,340.85076864,25.25280192
1433,454,348.29721552,27.59439744
1433,455,356.30470776,29.5936416
1433,456,364.46959872,29.5497504
1433,457,372.79435728,30.84124896
1433,458,381.57146952,31.9418208
1433,459,392.09603064,40.73761728
1433,460,401.23710456,27.9751536
1433,461,409.00819392,27.97295904
1433,462,417.07560984,30.84015168
1433,463,425.68432008,31.0365648
1433,464,434.39666232,30.0325536
1433,465,442.43298864,29.18106432
1433,466,450.56005392,28.34713152
1433,467,458.2131552,27.432
1433,468,465.86631744,28.40089824
1433,469,474.20701704,30.88623744
1433,470,482.56003056,28.36249344
1433,471,490.30192008,27.2783808
1433,472,497.216311466667,26.6480544
1436,420,52.3174830857143,39.6556992
1436,421,61.60416432,37.21644576
1436,422,70.93500672,35.53102368
1436,423,81.6187344,35.76364704
1436,424,90.9177252,33.13017504
1436,425,100.07678232,32.79879648
1436,426,109.19655072,32.89755168
1436,427,118.46841432,33.686496
1436,428,127.4053332,30.66129504
1436,429,136.07930112,31.32076032
1436,430,144.73141488,31.24943712
1436,431,150.194264,27.4612608
1449,435,193.894905942857,23.4457385142857
1449,436,199.13842824,21.90280608
1449,437,205.21004424,21.9017088
1449,438,211.31552352,22.02679872
1449,439,217.43295096,21.89951424
1449,440,222.93873624,17.07038496
1449,441,227.51677128,16.96833792
1449,442,232.22824776,16.91347392
1449,443,236.937042,16.59526272
1449,444,241.47258792,16.27485696
1449,445,246.0290736,16.4592
1449,446,250.6010736,16.4592
1449,447,255.15469416,16.14428064
1449,448,259.65899808,16.49541024
1449,449,264.23590536,16.37470944
1449,450,268.77160368,16.02357984
1449,451,273.61615584,20.354544
1449,452,279.6546096,21.9456
1449,453,285.754572,22.21114176
1449,454,292.42265112,26.34349824
1449,455,300.00013152,27.432
1449,456,307.61275536,27.20925216
1449,457,315.15887184,27.3716496
1449,458,322.68709656,26.87019264
1449,459,330.24442968,27.28715904
1449,460,337.38854544,23.45106816
1449,461,343.52578488,21.6822528
1449,462,349.60002216,21.9456
1449,463,355.71498072,22.65115104
1449,464,362.45319432,26.01321696
1449,465,369.9756888,27.432
1449,466,377.59748712,27.76337856
1449,467,385.8489108,31.53363264
1449,468,394.56347808,30.08083392
1449,469,402.42085632,27.4265136
1449,470,410.0407344,27.4374864
1449,471,417.68240568,27.52087968
1449,472,425.50915152,29.94367392
1449,473,434.31448824,31.7607696
1449,474,442.90311216,30.1752
1449,475,451.21260024,28.43491392
1449,476,455.4251496,5.7387744
1449,477,458.76066744,16.1080704
1449,478,463.2359544,16.1080704
1449,479,467.7151428,16.22767392
1449,480,472.2298404,16.14976704
1449,481,476.70573696,16.1080704
1449,482,481.183188,15.98078592
1449,483,484.85657664,9.70873344
1449,484,487.2737016,8.5917024
1449,485,489.66098664,8.5917024
1449,486,492.04833264,8.5917024
1449,487,494.435892,8.58511872
1449,488,497.20259208,12.9863088
1449,489,501.40630224,15.66038016
1449,490,505.7697276,15.72511968
1449,491,510.13891368,15.72731424
1449,492,514.5078864,15.73170336
1449,493,518.877042,15.72511968
1449,494,521.9352528,15.7240224
1450,417,23.7844922666667,37.8646944
1450,418,33.98928432,39.66008832
1450,419,45.26999328,41.49144864
1450,420,57.22217664,44.80962336
1450,421,69.81706128,45.39337632
1450,422,82.49143776,45.61502688
1450,423,94.51738272,40.63557024
1450,424,106.1658024,44.549568
1450,425,118.63087272,44.08651584
1450,426,130.17559944,39.34187712
1450,427,140.48862936,35.52444
1450,428,150.5939076,36.68536224
1450,429,160.41002208,33.35511744
1450,430,169.25614104,30.56253984
1450,431,177.2082816,26.40494592
1450,432,183.6055764,19.34285184
1450,433,188.9619792,20.96572896
1450,434,195.0253656,21.9456
1450,435,201.11377608,21.85452576
1450,436,207.20428968,22.30989696
1450,437,213.59314152,23.41156608
1450,438,220.07346384,22.81903488
1450,439,226.19610336,21.81282912
1450,440,232.2902136,21.9456
1450,441,238.37627712,21.77113248
1450,442,244.42344816,21.7316304
1450,443,249.83703144,16.93541952
1450,444,254.4078732,16.37470944
1450,445,259.094478,17.51149152
1450,446,263.97636816,17.3260512
1450,447,268.65730368,17.00345088
1450,448,273.9444864,21.32234496
1450,449,280.48906056,25.33729248
1450,450,287.58876696,25.80473376
1450,451,294.9775152,27.28167264
1450,452,302.5944672,27.432
1450,453,310.18237176,27.14012352
1450,454,317.74939752,26.99637984
1450,455,324.84587304,24.7272048
1450,456,331.7604744,24.26195808
1450,457,338.09723592,21.92694624
1450,458,344.132916,21.6932256
1450,459,350.21483424,21.9456
1450,460,356.31177912,21.91487616
1450,461,362.55307728,24.54505632
1450,462,369.97977312,27.43419456
1450,463,377.60105328,27.6843744
1450,464,385.70605104,30.60094464
1450,465,393.9896616,27.36396864
1450,466,401.36027424,27.2344896
1450,467,408.88593864,27.74801664
1450,468,416.91126168,29.17338336
1450,469,424.99638648,29.07901728
1450,470,433.05441456,28.4305248
1450,471,440.46020112,25.77291264
1450,472,447.9441384,27.80397792
1450,473,455.68322376,27.85555008
1450,474,463.42075464,27.85555008
1450,475,471.18870456,28.01575296
1450,476,478.94037816,27.8599392
1450,477,486.45421632,23.46094368
1450,478,491.06507832,12.46948992
1450,479,494.51739552,12.4321824
1450,480,497.5789896,6.62647392
1450,481,498.30267624,2.93632128
1450,482,499.634952685714,6.858
1454,420,4.7347251,37.8342144
1454,421,14.52832248,40.98999168
1454,422,26.09304408,41.34112128
1454,423,37.64133696,42.34293792
1454,424,49.69172688,44.47056384
1454,425,62.65136568,49.5476784
1454,426,76.8137148,51.24955968
1454,427,89.52567312,37.4117616
1454,428,98.64553296,30.34308384
1454,429,106.67317248,27.9038304
1454,430,114.17808,26.67158496
1454,431,121.75519464,27.6130512
1454,432,129.11797392,26.76485376
1454,433,137.44797504,31.44914208
1454,434,146.28955248,32.64846912
1454,435,155.0389584,29.9996352
1454,436,162.92227512,26.62659648
1454,437,170.03365536,24.56041824
1454,438,176.41132104,21.96315648
1454,439,182.50902792,21.67896096
1454,440,188.13508728,18.3904128
1454,441,193.15072368,19.85747616
1454,442,198.08001024,28.72898496
1457,457,305.787813257143,25.23744
1457,458,311.66388264,24.06993408
1457,459,317.97443136,21.93901632
1457,460,324.23167056,23.50154304
1457,461,330.86905632,23.53775328
1457,462,337.37104992,23.79671136
1457,463,343.97253024,23.68369152
1457,464,350.60257032,23.73197184
1457,465,356.9211048,21.84355296
1457,466,362.90115888,21.5999568
1457,467,369.02788272,23.04178272
1457,468,375.96964176,26.19536544
1457,469,383.52919992,28.73995776
1457,470,391.67147472,28.6828992
1457,471,399.01666704,25.27365024
1457,472,406.49978136,28.2385008
1457,473,414.37175952,28.39541184
1457,474,422.24818776,28.2988512
1457,475,430.10833968,28.2988512
1457,476,437.95459272,27.64816416
1457,477,444.5846328,20.11094784
1457,478,450.01528488,19.5206112
1457,479,455.4377988,19.5206112
1457,480,460.8601908,19.5206112
1457,481,466.28233896,19.55682144
1457,482,471.744294,19.64350656
1457,483,477.17174568,19.5206112
1457,484,482.38794048,15.28072128
1457,485,484.6382484,3.58371648
1457,486,485.56008552,3.14809632
1457,487,486.43574544,3.1491936
1457,488,487.32838272,3.922776
1457,489,488.848146,6.28083072
1457,490,491.058708,10.75224672
1457,491,494.44726104,14.84400384
1457,492,501.72250176,28.6225488
1457,493,506.81162544,14.7254976
1457,494,510.4921845,14.7254976
1468,419,18.5589672,35.9139744
1468,420,25.64696928,36.16854336
1468,421,36.17021976,39.14656128
1468,422,47.14993872,40.27675968
1468,423,58.25813088,39.22117632
1468,424,69.08676048,38.95673184
1468,425,79.96562112,39.32212608
1468,426,91.12395288,39.91465728
1468,427,101.167692,32.76697536
1468,428,109.56837624,28.01685024
1468,429,117.25296336,27.80397792
1468,430,124.88771568,26.42579424
1468,431,132.84473304,33.60310272
1468,432,142.60744656,34.13747808
1468,433,151.82167248,32.39609472
1468,434,160.3610712,28.1232864
1468,435,167.95589472,28.80689184
1468,436,175.7447844,24.47592768
1468,437,182.18240424,24.98396832
1468,438,189.15357648,22.4777808
1468,439,194.99220336,21.05899776
1468,440,200.83479264,20.97121536
1468,441,206.66942664,20.93829696
1468,442,210.9785976,11.48742432
1468,443,215.4302016,19.32639264
1468,444,220.8083976,19.42075872
1468,445,226.09170936,16.23754944
1468,446,229.53643704,10.8301536
1468,447,232.62256752,11.32831872
1468,448,235.62954144,10.43184096
1468,449,238.52690928,10.46695392
1468,450,241.48514568,11.4281712
1468,451,245.20699752,14.703552
1468,452,249.22462728,14.38424352
1468,453,253.55943192,17.84616192
1468,454,259.3473096,22.84866144
1468,455,265.73527752,23.6847888
1468,456,272.78825808,26.67377952
1468,457,280.24101432,27.2015712
1468,458,288.20391432,30.09948768
1468,459,296.71036416,29.94257664
1468,460,304.57700832,27.42980544
1468,461,312.141108,27.1467072
1468,462,319.49517,24.04908576
1468,463,325.80977256,23.18881824
1468,464,332.0853912,20.19214656
1468,465,337.31953872,20.44671552
1468,466,343.39273968,22.05203616
1468,467,349.56198312,22.31099424
1468,468,355.80925536,24.12150624
1468,469,363.41843496,29.45538432
1468,470,371.68070952,29.78127648
1468,471,379.95395688,29.7801792
1468,472,388.1996808,28.43491392
1468,473,394.92957336,21.65372352
1468,474,401.2042776,23.04288
1468,475,407.6046204,23.04288
1468,476,414.01291848,23.1416352
1468,477,420.20682024,20.9141568
1468,478,427.19634144,30.65141952
1468,479,435.93035496,31.44585024
1468,480,444.66156432,31.48974144
1468,481,452.99135208,26.4554208
1468,482,459.62840256,23.33585376
1468,483,466.11262632,23.41705248
1468,484,472.0276056,13.72916736
1468,485,473.202,0
1468,486,473.202,0
1468,487,473.202,0
1468,488,474.18708312,8.31079872
1468,489,476.79775608,8.21204352
1468,490,478.06831488,1.45279872
1468,491,478.40956896,2.35476288
1468,492,479.64184488,7.15755744
1468,493,482.56856496,14.40070272
1468,494,487.5378108,20.52791424
1468,495,493.59668616,21.58788672
1468,496,499.38124152,20.17459008
1468,497,503.51320176,19.75104
1473,424,23.3456988,32.4328536
1473,425,32.42255136,41.15019456
1473,426,44.3307216,42.97936032
1473,427,56.90969568,49.18777056
1473,428,71.084694,51.4734048
1473,429,84.8186772,45.2737728
1473,430,95.40840456,31.11995808
1473,431,103.1988792,27.07099488
1473,432,110.8004388,27.432
1473,433,118.49730936,28.21545792
1473,434,126.46377552,28.70813664
1473,435,135.13009296,33.27172416
1473,436,143.87721288,30.80503872
1473,437,152.47906512,29.99853792
1473,438,160.37231832,27.35189856
1473,439,168.26096904,31.45243392
1473,440,176.66723112,25.5172464
1473,441,182.78039136,21.5999568
1473,442,189.25025904,22.97375136
1473,443,195.48280944,22.49094816
1473,444,201.91192536,24.55164
1473,445,208.82981856,24.47812224
1473,446,215.69168952,24.67453536
1473,447,221.8114944,18.2038752
1473,448,226.38614616,15.67025568
1473,449,230.2622268,12.0207024
1473,450,233.3539656,10.9728
1473,451,236.40050256,11.16592128
1473,452,240.12028176,15.80851296
1473,453,244.65719928,16.45151904
1473,454,249.5525616,20.02645728
1473,455,255.73951392,24.10394976
1473,456,262.77481608,25.36472448
1473,457,269.27229864,21.54070368
1473,458,275.4799164,23.03958816
1473,459,282.0613104,25.18586784
1473,460,289.33685592,27.0534384
1473,461,296.9488092,27.43309728
1473,462,304.56908352,27.432
1473,463,312.07179648,25.74548064
1473,464,318.58805472,21.99058848
1473,465,324.88683816,23.66064864
1473,466,331.52443728,23.47959744
1473,467,337.6831956,21.11495904
1473,468,343.52429136,21.41232192
1473,469,349.59444432,21.94450272
1473,470,355.78743168,23.34572928
1473,471,362.69639424,25.87825152
1473,472,370.00196256,26.88336
1473,473,377.59620696,27.761184
1473,474,385.8454056,31.51717344
1473,475,394.50718152,29.52670752
1473,476,402.05951592,24.96092544
1473,477,408.4661376,22.43498688
1473,478,415.0787736,25.83326304
1473,479,422.52851232,26.8943328
1473,480,429.99955656,26.83507968
1473,481,436.96731504,23.45874912
1473,482,443.89340736,25.81570656
1473,483,449.2244508,11.47096512
1473,484,451.8847452,9.3159072
1473,485,454.47197904,9.3159072
1473,486,457.05924336,9.3159072
1473,487,459.64568472,9.34114464
1473,488,464.28480168,23.72099904
1473,489,468.63463296,7.96405824
1473,490,470.83306392,7.79946624
1473,491,472.99693056,7.790688
1473,492,475.1609496,7.790688
1473,493,477.32509056,7.790688
1473,494,479.4891096,7.790688
1473,495,481.6531896,7.790688
1473,496,483.81504456,7.88285952
1473,497,487.42201728,20.55973536
1473,498,493.8718596,21.90061152
1473,499,498.398038,20.4331824
1480,428,25.4573701333333,34.7191584
1480,429,35.69326872,42.54483744
1480,430,48.08491272,45.38679264
1480,431,60.68275392,45.68086368
1480,432,73.58256048,46.89006624
1480,433,86.415372,43.0901856
1480,434,96.90314376,33.00947424
1480,435,105.43065528,31.44914208
1480,436,114.9182868,36.41543136
1480,437,125.07858144,33.5548224
1480,438,134.17308192,33.86864448
1480,439,143.34067344,32.26771296
1480,440,152.2677168,32.2380864
1480,441,160.97521272,29.8624752
1480,442,168.80945664,25.68293568
1480,443,175.44108168,22.96716768
1480,444,181.67796024,22.09702464
1480,445,187.61290392,21.17311488
1480,446,193.6321248,21.94669728
1480,447,199.75823904,22.83220224
1480,448,206.53958184,24.32998944
1480,449,212.29966176,17.53124256
1480,450,216.9880344,16.60843008
1480,451,221.22926544,14.08249152
1480,452,224.97519648,12.9863088
1480,453,228.37313736,11.7902736
1480,454,232.32727728,17.1395136
1480,455,237.3306912,18.12487104
1480,456,242.928648,23.03849088
1480,457,249.60431664,24.13796544
1480,458,256.55180592,26.5761216
1480,459,264.1751892,26.94480768
1480,460,271.27120752,25.42288032
1480,461,278.55050208,25.80473376
1480,462,285.59382048,25.92982368
1480,463,293.08537776,27.28606176
1480,464,300.53060544,26.60904
1480,465,307.7762196,25.06845888
1480,466,314.72178864,24.99713568
1480,467,321.19866672,22.44376512
1480,468,327.69724656,23.97117888
1480,469,334.23724872,22.64895648
1480,470,340.33105416,21.24663264
1480,471,346.23871824,21.84574752
1480,472,352.33666896,21.9456
1480,473,358.41057096,21.50997984
1480,474,364.61072112,24.36729696
1480,475,371.70430104,25.7421888
1480,476,378.82013136,24.40460448
1480,477,385.040886,23.73855552
1480,478,392.41012704,27.03478464
1480,479,399.91896648,26.828496
1480,480,406.7127756,21.82380192
1480,481,412.63814856,21.3530688
1480,482,418.58119992,21.3530688
1480,483,424.49986728,21.30588576
1480,484,430.41774216,21.31027488
1480,485,436.19830464,20.22396768
1480,486,443.35372848,32.49923904
1480,487,450.13421784,15.39044928
1480,488,454.6203252,15.8995872
1480,489,457.66576488,6.38726688
1480,490,459.30821016,5.8923936
1480,491,460.94571768,5.8923936
1480,492,462.58304232,5.8923936
1480,493,464.17370208,4.82144832
1480,494,465.54121776,5.20988544
1480,495,466.73496696,3.52556064
1480,496,467.8324908,4.97726208
1480,497,470.08255488,10.890504
1480,498,473.35885008,13.90692672
1480,499,478.32840072,21.45292128
1480,500,484.93737912,25.59515328
1480,501,492.00310032,24.62735232
1480,502,498.45623448,22.39877664
1482,430,10.5079292,39.940992
1482,431,19.5062856,41.8447728
1482,432,31.640526,45.70610112
1482,433,41.44688688,46.9306656
1483,460,263.6431608,26.9053056
1483,461,269.21481336,26.03187072
1483,462,276.10417728,24.1840512
1483,463,283.02423456,25.26706656
1483,464,289.72056864,23.948136
1483,465,296.37633384,22.81025664
1483,466,302.3519988,20.67604704
1483,467,308.100222,20.63215584
1483,468,313.79400792,20.63215584
1483,469,319.56472536,20.7824832
1483,470,325.33733256,20.78028864
1483,471,331.10920824,20.78028864
1483,472,336.88349184,20.71225728
1483,473,341.64888744,14.69916288
1483,474,346.86154656,21.94230816
1483,475,353.78480424,26.83069056
1483,476,360.367326,21.50449344
1483,477,366.40230504,21.9456
1483,478,372.49839648,21.9456
1483,479,378.59549376,22.1485968
1483,480,385.08148536,24.53079168
1483,481,391.91315064,24.24659616
1483,482,398.1294552,19.95842592
1483,483,403.33367136,18.61864704
1483,484,408.27484512,17.08794144
1483,485,413.51304648,20.4862176
1483,486,419.41583376,21.095208
1483,487,424.92180192,19.1859408
1483,488,430.25595432,19.2024
1483,489,435.58968,19.2024
1483,490,440.90743416,19.120104
1483,491,445.98668232,14.12528544
1483,492,448.26826272,6.693408
1483,493,451.47512448,14.22952704
1483,494,455.01903408,12.3553728
1483,495,458.45016768,12.3553728
1483,496,461.88133176,12.3553728
1483,497,465.31249584,12.3553728
1483,498,468.7563396,12.50679744
1483,499,472.21740456,12.35866464
1483,500,475.6496964,12.35427552
1483,501,479.08083,12.35427552
1483,502,482.51205504,12.35427552
1483,503,485.94215232,12.38061024
1483,504,489.5744844,12.93802848
1483,505,492.44685864,8.72776512
1483,506,495.02604576,9.65716128
1483,507,497.70764568,9.656064
1483,508,500.38007112,9.58912992
1483,509,503.05255752,9.656064
1483,510,505.331969485714,9.656064
1487,429,20.1186288,39.4801344
1487,430,26.24611464,39.84882048
1487,431,37.71522048,43.26904224
1487,432,50.17852296,46.21962816
1487,433,62.93614032,45.04992768
1487,434,75.3994428,45.0049392
1487,435,87.35866704,40.1220432
1487,436,97.49402904,33.31012896
1487,437,106.89485352,35.45640864
1487,438,116.86007616,35.16343488
1487,439,126.32094624,33.12578592
1487,440,135.71317536,33.19381728
1487,441,144.43554552,32.33245248
1487,442,153.41410008,30.31126272
1487,443,161.31308352,26.8669008
1487,444,168.1395672,21.80185632
1487,445,173.9213184,21.12373728
1487,446,179.90314032,22.21333632
1487,447,186.14809608,22.17822336
1487,448,192.42612264,23.32488096
1487,449,198.75331344,21.72394944
1487,450,204.69618192,20.44561824
1487,451,209.3407548,13.87071648
1487,452,213.32592336,14.81328
1487,453,217.4293848,14.7913344
1487,454,221.430342,13.75769664
1487,455,225.17554152,13.57993728
1487,456,229.19183016,15.883128
1487,457,234.1987188,20.4478128
1487,458,240.18883128,21.3530688
1487,459,246.30726456,24.69209184
1487,460,253.60009224,26.21621376
1487,461,261.036054,27.34860672
1487,462,268.57799472,26.45980992
1487,463,275.89679136,25.93092096
1487,464,282.55993272,22.39877664
1487,465,288.64913568,21.94779456
1487,466,294.86995128,22.45364064
1487,467,300.86049048,20.4039216
1487,468,306.34789632,19.67532768
1487,469,311.75663328,19.3834512
1487,470,317.1963684,19.66764672
1487,471,322.65978648,19.66764672
1487,472,328.12289976,19.6632576
1487,473,332.81282688,12.58909344
1487,474,336.65726928,17.07038496
1487,475,343.0008888,30.04242912
1487,476,350.52134112,22.06520352
1487,477,356.61657912,21.84574752
1487,478,362.60391792,21.61751328
1487,479,368.6888232,21.9456
1487,480,374.78479272,21.94779456
1487,481,380.7936504,21.16214208
1487,482,386.68415424,21.24224352
1487,483,392.33560344,19.61388
1487,484,397.78634184,19.6303392
1487,485,403.23863472,19.6303392
1487,486,408.69141528,19.62924192
1487,487,414.13950192,20.13947712
1487,488,419.92579464,20.98328544
1487,489,425.75491176,20.98548
1487,490,431.5841508,20.98877184
1487,491,436.70338872,12.62201184
1487,492,438.74881008,5.39422848
1487,493,440.25177888,5.42385504
1487,494,441.77388912,5.4864
1487,495,443.29816344,5.4864
1487,496,444.82243776,5.4864
1487,497,446.346072,5.4425088
1487,498,447.93371424,6.665976
1487,499,451.2658488,17.71119648
1487,500,456.5013984,18.9609984
1487,501,461.7683424,18.9609984
1487,502,467.03949264,19.07950464
1487,503,471.1039092,6.6824352
1487,504,474.84322608,25.29340128
1487,505,482.07296016,21.03595488
1487,506,485.70498744,8.91978912
1487,507,488.18121312,8.91759456
1487,508,490.6490568,8.73544608
1487,509,493.17819576,9.71531712
1487,510,495.90816744,10.01268
1487,511,501.03033144,25.83216576
1487,512,506.84350752,16.87068
1487,513,510.826468457143,16.8651936
1491,432,19.7927976,41.2357824
1491,433,26.097738,42.44169312
1491,434,38.40544008,46.64647008
1491,435,52.06895352,51.5008368
1491,436,66.42670992,51.05973024
1491,437,80.55351936,48.89918592
1491,438,92.940378,41.71968288
1491,439,104.29271496,39.95415936
1491,440,115.24103952,38.77897248
1491,441,125.73630936,36.59757984
1491,442,135.92217672,37.06392384
1491,443,145.80095808,33.53726592
1491,444,153.9985236,23.72429088
1491,445,160.43882568,24.64271424
1491,446,166.80887136,21.90061152
1491,447,172.90487136,21.9456
1491,448,179.00504712,21.96974016
1491,449,185.104278,21.97412928
1491,450,191.21594472,21.9620592
1491,451,196.69591344,16.15964256
1491,452,200.71817616,14.12967456
1491,453,204.6462252,14.209776
1491,454,208.59500064,14.21306784
1491,455,212.54350176,14.21197056
1491,456,216.49279536,14.33267136
1491,457,220.72207824,16.91018208
1491,458,226.19396976,21.76674336
1491,459,232.28972592,21.9456
1491,460,238.3784412,22.07837088
1491,461,245.128542,26.84056608
1491,462,252.73400304,27.30142368
1491,463,260.3444628,27.7502112
1491,464,267.78091224,23.91741216
1491,465,273.86414112,21.781008
1491,466,279.94737,21.48803424
1491,467,285.77599944,20.93281056
1491,468,291.61776576,21.03156576
1491,469,297.46069032,21.05351136
1491,470,303.0829092,19.72141344
1491,471,308.88316176,21.5670384
1491,472,314.88348504,21.82051008
1491,473,318.5225532,21.8303856
1496,436,21.92920176,40.6871424
1496,437,30.57375648,45.05870592
1496,438,44.79496248,54.77402304
1496,439,59.724036,48.1376736
1496,440,72.15219504,49.60473696
1496,441,85.80427848,44.00421984
1496,442,96.59928864,34.88472576
1496,443,103.97044992,36.24974208
1498,476,390.663553371429,34.5298340571429
1498,477,397.36504728,26.36873568
1498,478,404.6899704,26.36983296
1498,479,411.21433632,18.72837504
1498,480,416.37667296,22.88706624
1498,481,423.77383368,27.79519968
1498,482,431.49703896,27.65035872
1498,483,438.63929544,23.52897504
1498,484,445.07633616,23.2184448
1498,485,451.29151296,19.34175456
1498,486,455.49888072,13.08067488
1498,487,459.11713104,13.0247136
1498,488,462.0114204,13.0247136
1501,435,24.5840504,37.898832
1501,436,35.336988,41.89305312
1501,437,47.08486392,45.11795904
1501,438,60.40974456,50.76675648
1501,439,75.12844512,51.53594976
1501,440,87.79846296,41.44316832
1501,441,99.19085064,41.17104288
1501,442,110.77084272,41.09642784
1501,443,121.66235256,38.51781984
1501,444,132.72604392,39.62716992
1501,445,142.31596632,30.17300544
1501,446,150.44769504,27.95979168
1501,447,157.61582904,23.72977728
1501,448,163.70384328,20.92951872
1501,449,169.36983144,19.51183296
1501,450,174.65811144,19.33626816
1501,451,180.44806176,22.54690944
1501,452,186.77683752,21.60105408
1501,453,191.52769416,12.72515616
1501,454,195.34592376,14.8077936
1501,455,199.23209328,13.71819456
1501,456,203.13185688,14.55761376
1501,457,207.29152344,15.33887712
1501,458,212.19569448,20.60911296
1501,459,218.17419408,21.63177792
1501,460,223.84368744,18.94344192
1501,461,229.8362688,25.59186144
1501,462,237.14631768,26.33142816
1501,463,244.65942432,27.38920608
1501,464,252.28963512,27.51758784
1501,465,259.98260424,27.99490464
1501,466,267.28756296,23.1416352
1501,467,273.29654256,21.68115552
1501,468,279.37696728,21.26418912
1501,469,284.91442128,20.30406912
1501,470,290.8710972,21.12373728
1501,471,296.39870616,19.46903904
1501,472,302.2184964,22.4229168
1501,473,309.12233832,26.94809952
1501,474,316.6868952,27.42980544
1501,475,324.40430928,28.37675808
1501,476,332.32944456,28.12548096
1501,477,339.98730072,27.18072288
1501,478,347.54746848,27.41773536
1501,479,355.16887056,27.40785984
1501,480,362.61409824,26.00443872
1501,481,369.68865864,24.32889216
1501,482,375.96787392,21.12373728
1501,483,381.34713672,18.67460832
1501,484,386.83070208,20.35015488
1501,485,392.39650248,18.25764192
1501,486,396.30760464,12.33671904
1501,487,400.45099488,16.9365168
1501,488,405.7439688,21.40134912
1501,489,412.06180224,23.45874912
1501,490,418.41935112,20.51145504
1501,491,423.2318688,15.90617088
1501,492,427.65226128,15.91056
1501,493,431.83375152,12.03825888
1501,494,434.05354896,6.43664448
1501,495,435.74835888,4.43191392
1501,496,436.54245432,1.63933632
1501,497,436.6842168,0
1501,498,437.11675848,4.04786592
1501,499,438.73024776,7.88505408
1501,500,441.72570024,13.41644256
1501,501,446.27386488,20.10985056
1501,502,452.1046584,19.1310768
1501,503,457.12937784,17.97454368
1501,504,462.12279432,17.97454368
1501,505,467.12038656,18.09634176
1501,506,472.1545548,18.01514304
1501,507,477.14897712,17.74082304
1501,508,481.15907832,10.60191936
1501,509,483.80516904,9.10522944
1501,510,486.479088,11.99546496
1501,511,490.65829224,16.35276384
1501,512,495.199416,16.349472
1501,513,499.73349888,16.2836352
1501,514,504.26380224,16.349472
1501,515,507.8967744,16.349472
1509,442,27.7098252,41.9490144
1509,443,34.70047416,42.62054976
1509,444,46.85364264,45.49103424
1509,445,59.68233936,45.98810208
1509,446,72.72378648,47.86225632
1509,447,85.1318592,40.51925856
1509,448,96.03290928,39.6776448
1509,449,107.3750964,40.38319584
1509,450,117.99944904,36.43847424
1509,451,127.4615688,32.86573056
1509,452,137.50101024,36.74132352
1509,453,146.69975232,31.73443488
1509,454,155.24997144,28.86175584
1509,455,162.90026856,25.9122672
1509,456,169.40214024,21.94340544
1509,457,175.49780496,21.95767008
1509,458,181.59996192,21.95767008
1509,459,187.70669088,22.31209152
1509,460,194.22642384,24.38046432
1509,461,201.20987952,26.51796576
1509,462,208.7939436,27.432
1509,463,216.41339496,27.44407008
1509,464,224.17253616,28.70155296
1509,465,232.16865936,28.14632928
1509,466,239.80889808,27.25862976
1509,467,247.3997592,27.432
1509,468,254.99220528,27.10501056
1509,469,262.42810608,26.2908288
1509,470,269.54460696,25.08601536
1509,471,276.52611192,24.54725088
1509,472,282.875736,21.93791904
1509,473,288.94470024,21.8248992
1509,474,295.04810688,22.35049632
1509,475,301.51267104,24.59223936
1509,476,308.79507456,26.71437888
1509,477,316.16647968,26.94151584
1509,478,323.86176528,27.87859296
1509,479,331.40224296,26.8504416
1509,480,338.85798624,26.7242544
1509,481,346.24911192,26.718768
1509,482,353.70391032,26.86360896
1509,483,361.11567096,25.9561584
1509,484,367.74641208,22.12335936
1509,485,373.78181784,20.98438272
1509,486,379.43055432,20.02645728
1509,487,385.08002232,20.9690208
1509,488,390.92020368,20.91635136
1509,489,396.64486584,19.33846272
1509,490,401.4752448,16.44603264
1509,491,406.3706376,20.03304096
1509,492,412.37242392,21.99388032
1509,493,418.30901352,19.52170848
1509,494,423.1428672,16.33081824
1509,495,427.25559456,12.47387904
1509,496,430.21431864,8.47429344
1509,497,431.9308608,5.57527968
1509,498,433.6200624,6.1886592
1509,499,435.34007928,6.18975648
1509,500,437.06009616,6.18975648
1509,501,438.77965584,6.14915712
1509,502,440.47848912,6.1502544
1509,503,442.19750016,6.18427008
1509,504,444.27498648,9.8316288
1509,505,447.60882792,13.07628576
1509,506,451.16270448,12.58360704
1509,507,454.6837236,13.44168
1509,508,458.91898056,16.05649824
1509,509,463.24945704,15.17867424
1509,510,467.1285552,13.32756288
1509,511,470.9307828,13.62931488
1509,512,474.68948496,13.5184896
1509,513,478.40261952,12.98301696
1509,514,482.07506328,14.30414208
1509,515,486.40191264,16.41640608
1509,516,491.3636604,19.37577024
1509,517,496.78458936,19.32529536
1509,518,499.7555664,19.2243456
1518,446,23.2493650666667,42.8719488
1518,447,35.05236576,46.12635936
1518,448,48.27196848,48.18814848
1518,449,60.79199424,42.10153632
1518,450,72.9787212,46.99979424
1518,451,86.20173768,46.5027264
1518,452,98.518218,42.45815232
1518,453,109.394244,36.429696
1518,454,119.57038824,36.8466624
1518,455,129.4296624,34.43703552
1518,456,138.84133776,32.93705376
1518,457,147.77398944,30.64812768
1518,458,155.5545276,25.70268672
1518,459,162.51801888,24.46166304
1518,460,168.83698008,21.74589504
1518,461,174.8526348,22.14749952
1518,462,181.89247848,27.4210272
1518,463,189.1204752,24.90715872
1518,464,196.05836328,25.88812704
1518,465,203.7728208,28.584144
1518,466,211.42744608,25.38776736
1518,467,217.6587468,22.50411552
1518,468,224.77085856,27.18840384
1518,469,232.3700712,27.432
1518,470,239.97032016,27.25424064
1518,471,247.51716816,26.8339824
1518,472,254.54798976,23.99861088
1518,473,261.37511352,25.09808544
1518,474,267.99939288,23.17894272
1518,475,275.0460336,27.23010048
1518,476,282.67907904,28.36797984
1528,450,72.578976,42.8268384
1528,451,79.72342704,41.78332512
1528,452,90.09589296,33.29366976
1528,453,99.38747712,35.17001856
1528,454,109.36272768,35.29510848
1528,455,119.14409496,34.45130016
1528,456,127.9963404,30.74359104
1528,457,136.50623448,28.84529664
1528,458,143.88376608,24.99164928
1528,459,150.6789468,24.84680832
1528,460,157.85924232,26.8614144
1528,461,164.95209072,23.04617184
1528,462,171.07503504,21.9456
1528,463,177.17316864,21.96974016
1528,464,183.2736492,21.94450272
1528,465,189.503304,22.96168128
1528,466,196.01928792,25.10028
1528,467,203.46445464,27.33653664
1528,468,211.1939388,28.5621984
1528,469,219.14324472,27.9093168
1528,470,226.7273088,27.29813184
1528,471,234.34548,27.432
1528,472,241.92872112,27.24326784
1528,473,249.47060088,26.02309248
1528,474,256.13002368,23.46094368
1528,475,262.90426464,24.45178752
1528,476,269.28113784,21.46938048
1528,477,275.34912672,23.44448448
1528,478,282.51003696,27.43419456
1528,479,290.43166704,29.4948864
1528,480,298.72161744,30.14557344
1528,481,307.07103432,29.46964896
1528,482,315.35053008,30.7622448
1528,483,324.04668744,32.36866272
1528,484,333.32434224,33.41875968
1528,485,341.93229048,28.03221216
1528,486,349.09606584,23.31500544
1528,487,355.16457288,20.44452096
1528,488,360.1362876,16.13330784
1528,489,364.56430008,15.90617088
1528,490,369.06013056,16.46139456
1528,491,373.690896,17.46211392
1528,492,378.69284688,17.77154688
1528,493,383.84314392,19.84760064
1528,494,389.4699348,20.23713504
1528,495,395.04862824,19.54475136
1528,496,399.74419416,13.112496
1528,497,402.20652096,6.03065088
1528,498,403.8214428,5.815584
1528,499,405.43691328,5.815584
1528,500,406.93323744,3.57274368
1528,501,407.2527288,0
1528,502,407.2527288,0
1528,503,407.9941548,6.51345408
1528,504,410.33672568,8.12974752
1528,505,412.72443744,10.38794976
1528,506,415.88426856,12.44425248
1528,507,419.68360056,14.13077184
1528,508,423.7920912,16.0422336
1528,509,428.44023024,17.42261184
1528,510,433.61271672,18.71520768
1528,511,438.68623464,19.11242304
1528,512,443.32282176,12.51557568
1528,513,446.58616296,12.31477344
1528,514,449.529708,8.10451008
1528,515,452.31457416,13.73355648
1528,516,457.48008072,23.618952
1528,517,464.11896,25.1752608
1529,449,21.8151456,30.7567584
1529,450,27.4425156,32.8964544
1529,451,37.518594,38.8546848
1529,452,48.35432544,39.01488768
1529,453,59.56297968,42.20248608
1529,454,71.25419328,40.64764032
1529,455,82.267044,40.00353696
1529,456,93.69417888,39.02366592
1529,457,103.11630888,30.84783264
1529,458,111.7436424,32.60128608
1529,459,120.9870072,32.33903616
1529,460,128.96511672,27.01832544
1529,461,137.04908328,29.84930784
1529,462,145.31215032,29.80870848
1529,463,153.37212912,27.76228128
1529,464,160.42224456,23.54982336
1529,465,166.89427632,22.33952352
1529,466,172.49494584,19.11681216
1529,467,178.02401784,20.86368192
1529,468,184.05613176,20.86258464
1529,469,189.79767984,21.98839392
1529,470,195.95771832,22.6643184
1529,471,202.57553592,24.56041824
1529,472,210.27880728,31.35367872
1529,473,219.16174608,31.95498816
1529,474,228.17654136,33.32329632
1529,475,237.8700348,36.30460608
1529,476,246.467898514286,36.2792118857143
1533,452,22.76020848,33.5548224
1533,453,29.83745112,34.67295072
1533,454,39.614856,35.10308448
1533,455,49.6857528,37.91870496
1533,456,61.0157784,43.96471776
1533,457,71.6185076571429,45.043344
1534,452,9.7738184,39.9519648
1534,453,16.95029376,39.81151296
1534,454,27.8878284,37.68278976
1534,455,37.76977968,34.90776864
1534,456,47.5245684,35.14478112
1534,457,57.50460432,39.15424224
1534,458,69.76256304,46.744128
1534,459,82.7955672,46.71230688
1534,460,95.51551128,45.22768704
1534,461,108.06848592,44.27744256
1534,462,119.68502352,38.47392864
1534,463,129.08776824,31.57094016
1534,464,137.86899528,30.04242912
1534,465,145.57421736,25.7257296
1534,466,152.46056376,24.50665152
1534,467,159.2243196,24.51213792
1534,468,166.1353548,23.59920096
1534,469,171.70362408,18.66253824
1534,470,177.43435176,21.29162112
1534,471,183.01847064,20.38087872
1534,472,189.76143912,27.34312032
1534,473,197.3880228,27.41115168
1534,474,205.09510416,29.50256736
1534,475,214.29869256,35.3379024
1534,476,224.0182464,35.86679136
1534,477,234.50132424,38.36310336
1534,478,245.12390904,38.26654272
1534,479,255.81934104,39.19813344
1534,480,266.87166336,38.91832704
1534,481,277.5967524,39.46806432
1534,482,288.63938208,39.7764
1534,483,299.68792488,39.7764
1534,484,310.7151012,40.43257344
1534,485,323.03011848,44.56712448
1534,486,333.8515548,34.14625632
1534,487,342.10361856,27.22241952
1534,488,349.4186052,24.41448
1534,489,355.69998456,21.89183328
1534,490,361.12341288,16.60952736
1534,491,365.49579936,14.67612
1534,492,369.2754108,14.13077184
1534,493,373.63484328,16.45481088
1534,494,378.3301044,17.92845792
1534,495,383.77660608,20.80003968
1534,496,389.59868232,20.7769968
1534,497,394.32286896,11.59166592
1534,498,396.47844504,5.43921696
1534,499,397.63936728,2.93083488
1534,500,398.32531968,2.38219488
1534,501,398.98798536,2.3810976
1534,502,399.6488832,2.31306624
1534,503,400.7435724,6.61879296
1534,504,402.89750256,7.900416
1534,505,405.0918492,7.900416
1534,506,407.28592152,7.900416
1534,507,409.50812688,9.14912064
1534,508,413.37841632,14.68819008
1534,509,417.00133008,12.09531744
1534,510,420.3182856,15.1260048
1534,511,424.85178936,16.4592
1534,512,429.4251,16.28253792
1534,513,433.40088072,11.42926848
1534,514,435.9275508,7.8510384
1534,515,438.03411504,7.25960448
1534,516,440.51533944,12.33232992
1534,517,446.11466784,27.4923504
1534,518,454.11774048,28.9572192
1534,519,462.16162584,28.9572192
1534,520,469.15498752,17.6442624
1534,521,475.6695084,33.78634848
1534,522,485.28634464,34.509456
1534,523,494.05019808,28.15181568
1534,524,499.0626544,27.7282656
1553,456,22.7253219428571,35.1255003428571
1553,457,31.48297488,39.58108416
1553,458,43.52775648,45.06858144
1553,459,56.04104616,44.73171648
1553,460,65.06556456,22.87938528
1553,461,74.04128448,39.5734032
1553,462,85.00174008,37.965888
1553,463,94.50516024,31.79039616
1553,464,103.51971168,33.05446272
1553,465,112.5835188,32.60238336
1553,466,121.80060984,32.9019408
1553,467,130.43483184,30.89721024
1553,468,138.87200064,28.17376128
1553,469,146.5182744,27.32885568
1553,470,154.05317424,26.29192608
1553,471,160.87301328,23.92509312
1553,472,167.72281416,24.78426336
1553,473,174.56618376,24.80181984
1553,474,181.36871016,23.15370528
1553,475,187.618116,23.20856928
1553,476,194.47971264,26.85921984
1553,477,202.33669464,28.07829792
1553,478,210.62429808,35.3817936
1553,479,221.11551408,35.02627488
1553,480,230.3080992,32.91620544
1553,481,239.66375232,34.70038272
1553,482,249.3343248,34.2515952
1553,483,259.00407432,37.03429728
1553,484,269.79533544,38.33567136
1553,485,279.86723808,36.11916576
1553,486,290.01329856,35.65501632
1553,487,299.87193264,35.79876
1553,488,309.07899576,30.81601152
1553,489,317.9838192,32.95022112
1553,490,327.19953864,33.14992608
1553,491,335.72345352,27.8270208
1553,492,342.7477524,22.64017824
1553,493,348.840552,21.9456
1553,494,354.93676536,21.9456
1553,495,360.96104592,21.51546624
1553,496,367.0092228,21.9456
1553,497,373.10586288,21.94669728
1553,498,378.77209488,17.62890048
1553,499,382.69112184,11.37111264
1553,500,385.72330272,10.97389728
1553,501,388.74804648,9.573768
1553,502,390.27655752,2.46010176
1553,503,391.16297688,4.61735424
1553,504,392.62912584,5.3656992
1553,505,394.1207256,5.3656992
1553,506,395.61229488,5.36679648
1553,507,397.103346,5.37557472
1553,508,399.04391616,9.60010272
1553,509,402.04058784,11.01998304
1553,510,405.32063208,12.02838336
1553,511,408.4554696,11.6750592
1553,512,411.98121312,13.0905504
1553,513,415.6327476,13.1838192
1553,514,419.27925288,13.0905504
1553,515,422.91539496,13.0905504
1553,516,426.551598,13.0905504
1553,517,430.1880144,13.07848032
1553,518,432.7684512,3.89863584
1553,519,434.53132296,10.6271568
1553,520,437.576214,10.99364832
1553,521,442.76491584,27.46052928
1553,522,449.0776896,17.40395808
1553,523,455.30457072,27.486864
1553,524,463.11653376,28.1562048
1553,525,469.65592632,17.45333568
1553,526,476.48091648,33.36170112
1553,527,485.80167,33.15760704
1553,528,493.96290336,25.14197664
1553,529,498.746907,24.8095008
1557,457,20.6521812,20.7824832
1557,458,24.83626224,23.45765184
1557,459,34.57831032,41.43987648
1557,460,45.05486544,38.88870048
1557,461,56.27808912,39.28591584
1557,462,67.00064832,38.80640448
1557,463,77.81800032,39.08950272
1557,464,88.57631256,37.72338912
1557,465,98.8185984,37.0222272
1557,466,108.9810876,33.63821568
1557,467,117.54234048,31.18798944
1557,468,126.41875656,31.36794336
1557,469,135.30108576,30.88404288
1557,470,143.38916712,29.1163248
1557,471,151.25017248,28.36359072
1557,472,158.99386032,26.66061216
1557,473,166.51976856,26.02528704
1557,474,172.63286784,21.23565984
1557,475,179.27244816,24.31133568
1557,476,185.48789928,20.82527712
1557,477,191.54360472,24.13247904
1557,478,198.50782752,24.58346112
1557,479,205.27222344,25.01469216
1557,480,213.17321856,32.08007808
1557,481,222.27634488,32.62542624
1557,482,231.55881552,35.37520992
1557,483,241.92853824,37.719
1557,484,252.07024008,36.045648
1557,485,262.31664072,37.51929504
1557,486,272.70391992,38.04160032
1557,487,283.7079924,38.70545472
1557,488,293.69561784,35.52553728
1557,489,303.80388312,36.31009248
1557,490,313.87538952,35.48713248
1557,491,323.19019944,32.99191776
1557,492,332.1216624,29.53109664
1557,493,339.71919864,25.21329984
1557,494,345.98817264,20.9635344
1557,495,351.65099088,20.10436416
1557,496,357.24977064,20.05169472
1557,497,362.7350124,19.81358496
1557,498,368.27136912,18.49245984
1557,499,371.69939376,7.04124576
1557,500,373.5266088,6.5617344
1557,501,375.34912992,6.5617344
1557,502,377.17159008,6.5617344
1557,503,378.9941112,6.5617344
1557,504,380.81654088,6.5617344
1557,505,382.63900104,6.5617344
1557,506,384.4614612,6.5617344
1557,507,386.28367752,6.59794464
1557,508,388.15173576,7.16853024
1557,509,390.83446344,12.0042432
1557,510,394.22667408,12.21053184
1557,511,397.61763504,12.20614272
1557,512,401.00963232,12.42011232
1557,513,404.79637608,14.73317856
1557,514,408.91181616,14.81328
1557,515,413.02621992,14.83632288
1557,516,417.16540392,14.88899232
1557,517,421.26279984,14.13735552
1557,518,424.75410096,11.5269264
1557,519,427.95111768,11.4336576
1557,520,431.05392072,10.97718912
1557,521,434.12959656,12.03277248
1557,522,438.3392808,17.78910336
1557,523,443.63618664,20.00560896
1557,524,449.23853256,21.342096
1557,525,456.21698952,27.98832096
1557,526,464.02303944,28.10024352
1557,527,471.86782944,28.48868064
1557,528,479.94786408,29.18874528
1557,529,487.670856,27.19279296
1557,530,495.51040344,28.8529776
1557,531,499.923816,28.639008
1562,460,25.2433836,37.07489664
1562,461,35.71207488,37.34921664
1562,462,45.35265504,34.30975104
1562,463,56.45636664,44.75475936
1562,464,68.60343912,39.82687488
1562,465,78.63958872,34.76292768
1562,466,87.89816304,32.63200992
1562,467,97.04469288,32.7154032
1562,468,106.05275208,31.67957088
1562,469,114.62348424,30.25420416
1562,470,122.91861624,29.03841792
1562,471,130.63490256,29.36101824
1562,472,139.04085984,28.24179264
1562,473,146.56320192,26.7846048
1562,474,154.00669224,26.2908288
1562,475,161.23551192,25.7696208
1562,476,168.3736536,25.92214272
1562,477,175.37518392,24.2882928
1562,478,182.13741576,24.46166304
1562,479,189.18100848,26.80984224
1562,480,196.77616728,27.48796128
1562,481,204.76793184,30.30577632
1562,482,213.60045672,33.52519584
1562,483,223.05961992,34.04530656
1562,484,232.64731728,35.1349056
1562,485,242.7850872,37.84847904
1562,486,252.83169144,34.31414016
1562,487,262.69029504,36.16525152
1562,488,272.12172144,32.42681856
1562,489,281.17321464,31.96596096
1562,490,289.90393632,32.09873184
1562,491,299.01730392,32.92059456
1562,492,308.04252336,31.42390464
1562,493,316.34000232,28.36578528
1562,494,324.37023264,30.8994048
1562,495,333.10421568,29.9776896
1562,496,340.89679344,27.17304192
1562,497,348.4683912,27.25753248
1562,498,355.50619272,22.9441248
1562,499,361.56653112,21.51656352
1562,500,367.45977816,19.4822064
1562,501,371.83975416,11.87037504
1562,502,374.10652128,5.6455056
1562,503,375.18904896,1.4374368
1562,504,375.2581776,0
1562,505,375.2581776,0
1562,506,375.2581776,0
1562,507,375.4672704,3.93045696
1562,508,378.1741992,12.72735072
1562,509,380.3335548,1.63714176
1562,510,380.89018056,6.7592448
1562,511,384.07994304,13.0905504
1562,512,387.74696136,13.40108064
1562,513,391.52507928,13.716
1562,514,395.33495736,13.716
1562,515,399.17208456,14.53237632
1562,516,403.6117404,16.19256096
1562,517,407.72681472,14.68050912
1562,518,411.80488632,14.43910752
1562,519,416.2457004,17.88237216
1562,520,421.19638392,16.30777536
1562,521,424.98776064,12.11726304
1562,522,428.80699608,14.86704672
1562,523,433.089558,16.27705152
1562,524,437.67259176,17.00893728
1562,525,443.56443672,25.8354576
1562,526,451.07388576,27.54940896
1562,527,459.30729576,31.89902688
1562,528,468.27533472,31.89024864
1562,529,473.983812,33.5804256
1572,464,34.0229952,38.37407616
1572,465,44.65384008,38.487096
1572,466,55.51294968,40.270176
1572,467,67.46220696,45.11027808
1572,468,79.50701904,39.32870976
1572,469,89.20648656,32.59579968
1572,470,98.2557852,32.71759776
1572,471,107.34428112,32.32257696
1572,472,116.19960504,31.9143888
1572,473,124.91432472,29.81529216
1572,474,133.17787944,30.52413504
1572,475,141.36709344,28.33945056
1572,476,149.31194928,29.03073696
1572,477,157.26427272,28.57646304
1572,478,165.33211536,28.82335104
1572,479,173.13383712,27.52856064
1572,480,180.6834588,26.90201376
1572,481,188.26532832,27.99600192
1572,482,196.01675808,27.47479392
1572,483,203.78553096,28.48429152
1572,484,211.76662752,29.43563328
1572,485,220.44885552,32.64846912
1572,486,229.54628208,32.86573056
1572,487,238.6169472,31.9198752
1572,488,247.33377,31.464504
1572,489,256.09201512,31.44585024
1572,490,264.86284848,31.5906912
1572,491,273.50853096,31.18250304
1572,492,282.17186136,29.63094912
1572,493,289.93341048,27.43419456
1572,494,297.5542944,27.432
1572,495,305.17447728,27.4265136
1572,496,312.73735776,27.15877728
1572,497,320.36830008,28.35810432
1572,498,328.73829096,31.07387232
1572,499,336.9298824,27.72387648
1572,500,344.49386016,27.19169568
1572,501,351.8691972,24.41448
1572,502,357.69166968,17.68156992
1572,503,361.64980248,11.51814816
1572,504,364.47538992,7.95308544
1572,505,366.07610808,4.41326016
1572,506,367.130838,3.68466624
1572,507,368.15350296,3.68576352
1572,508,369.17644224,3.6868608
1572,509,370.19938152,3.6868608
1572,510,371.2221684,3.6813744
1572,511,372.2449248,3.6868608
1572,512,373.3905156,6.117336
1572,513,375.98079744,10.9782864
1572,514,379.02837072,10.96950816
1572,515,382.4891004,14.89886784
1572,516,386.95530432,16.33740192
1572,517,391.47634176,15.9983424
1572,518,395.31794952,11.87586144
1572,519,399.20180256,16.26607872
1572,520,403.77520464,16.46139456
1572,521,408.2710656,15.90617088
1572,522,412.76677416,16.48443744
1572,523,417.36312768,16.53271776
1572,524,421.937688,16.4592
1572,525,426.51416856,16.72913088
1572,526,431.45729304,19.82565504
1572,527,438.1954152,28.20887424
1572,528,446.26953672,29.19752352
1572,529,454.3789236,29.19642624
1572,530,462.48852384,29.19752352
1572,531,470.62832976,29.3577264
1572,532,478.75384056,29.20191264
1572,533,486.8635932,29.1986208
1572,534,494.97191328,29.23483104
1572,535,499.8982128,29.4290496
1581,472,75.3709948,37.554408
1581,473,83.73133368,37.1484144
1581,474,93.85694208,36.57563424
1581,475,104.44980888,38.99074752
1581,476,115.1334756,38.79323712
1581,477,125.4995712,37.8464064
1592,480,137.6684064,35.6506272
1592,481,143.32354368,34.19234208
1592,482,153.0775704,35.02627488
1592,483,162.58385568,33.86425536
1592,484,171.83935152,32.90962176
1592,485,181.02614544,33.3243936
1592,486,190.16310456,32.15249856
1592,487,199.3937592,34.80791616
1592,488,208.6817772,31.91768064
1592,489,217.61573952,32.2380864
1592,490,226.4819448,31.69054368
1592,491,235.22232864,31.24395072
1592,492,244.20198048,33.5877408
1592,493,253.3541796,31.69273824
1592,494,262.076184,31.51278432
1592,495,270.77962608,31.190184
1592,496,279.63568152,31.574232
1592,497,287.32380432,25.74548064
1592,498,294.85404072,27.43858368
1592,499,302.2893624,26.19975456
1592,500,309.72687864,27.14890176
1592,501,317.29463592,27.432
1592,502,324.95435136,27.77325408
1592,503,332.66524272,27.19937664
1592,504,339.03321576,17.97015456
1592,505,343.55224152,14.83083648
1592,506,347.01141672,10.92451968
1592,507,349.49992584,6.1502544
1592,508,350.96558712,5.52261024
1592,509,352.56228192,5.76072
1592,510,354.16242096,5.76072
1592,511,355.7627124,5.76072
1592,512,357.3629124,5.76072
1592,513,358.9631124,5.76072
1592,514,360.48952032,5.31741888
1592,515,362.04028176,5.76072
1592,516,363.6404208,5.76072
1592,517,365.23888344,5.90775552
1592,518,367.46639232,10.44500832
1592,519,370.85970024,14.5444464
1592,520,375.3083172,16.97272704
1592,521,380.1845076,16.48772928
1592,522,384.74071896,18.15778944
1592,523,389.99726928,18.89845344
1592,524,394.99358136,15.28949952
1592,525,398.58357672,13.3977888
1592,526,403.28356224,20.82527712
1592,527,409.53769248,22.8343968
1592,528,415.89694824,22.93095744
1592,529,422.25087,22.8343968
1592,530,428.59433712,22.8343968
1592,531,434.93783472,22.83000768
1592,532,441.26255664,22.7575872
1592,533,447.60175656,22.8289104
1592,534,454.20905856,26.7516864
1592,535,462.6359556,31.64226336
1592,536,470.63153016,28.47551328
1592,537,479.65592664,34.2241632
1592,538,489.10670784,32.80208832
1592,539,496.956418666667,27.4161504
1594,473,23.6031024,46.1923529142857
1594,474,34.94675256,48.05757216
1594,475,47.78160624,46.01114496
1594,476,60.83460528,47.0403936
1594,477,72.9270576,39.98378592
1594,478,83.82387096,38.29616928
1594,479,94.79578704,42.33415968
1594,480,106.8965604,43.80122304
1594,481,119.2152048,44.66258784
1594,482,131.3747436,43.83743328
1594,483,142.90575432,37.36677312
1594,484,153.08738496,37.12756608
1594,485,163.37155032,36.6326928
1594,486,173.005242,32.17005504
1594,487,181.99419024,33.66784224
1594,488,191.46502728,33.61078368
1594,489,200.35747584,30.56034528
1594,490,209.25717864,34.5314016
1594,491,219.04729368,35.10966816
1594,492,228.44049816,31.89573504
1594,493,236.9364324,31.26809088
1594,494,246.47664192,35.29730304
1594,495,255.53682192,30.60204192
1594,496,264.03732816,30.95756064
1594,497,272.3549544,27.72058464
1594,498,280.06432176,29.76591456
1594,499,287.84586576,25.70158944
1594,500,294.93609288,24.74695584
1594,501,302.11004856,27.22571136
1594,502,309.61425504,25.56333216
1594,503,315.74052168,19.67093856
1594,504,321.18168936,19.5974208
1594,505,326.624442,19.59303168
1594,506,332.06685936,19.5974208
1594,507,337.31350368,14.9614128
1594,508,340.24784376,9.70653888
1594,509,342.2132856,2.47765824
1594,510,342.3784872,0
1594,511,342.3784872,0
1594,512,342.50586312,2.11116672
1594,513,343.89392232,7.95528
1594,514,346.71012192,10.97499456
1594,515,349.7581524,10.9728
1594,516,352.80627432,10.9728
1594,517,355.85436576,10.9728
1594,518,358.89943968,10.74895488
1594,519,361.8256416,10.78516512
1594,520,365.08267344,13.10920416
1594,521,369.3112248,18.08975808
1597,465,23.9160558,43.8185052
1602,483,118.4118282,41.298876
1602,484,126.30125616,40.95707328
1602,485,138.16800408,41.6856672
1602,486,149.20426344,40.24932768
1602,487,160.33025592,39.34077984
1602,488,170.85362832,36.51857568
1602,489,181.12654656,37.66633056
1602,490,191.31043272,35.24573088
1602,491,200.95683456,34.25817888
1602,492,210.37680048,34.44581376
1602,493,219.9743124,33.45826176
1602,494,229.0850892,32.85695232
1602,495,238.20101712,32.15249856
1602,496,246.59307552,28.5621984
1602,497,254.6937756,31.43926656
1602,498,263.94561384,32.11628832
1602,499,271.88150856,26.89213824
1602,500,279.4570992,27.432
1602,501,287.07911088,27.4100544
1602,502,294.66536952,27.33105024
1602,503,302.28308352,27.432
1602,504,309.85218192,26.27875872
1602,505,316.43546568,21.12373728
1602,506,321.5301672,15.5923488
1602,507,325.36522176,12.7778256
1602,508,328.88785632,11.7518688
1602,509,331.27669584,5.9692032
1602,510,332.82535416,5.45457888
1602,511,334.30854144,5.63563008
1602,512,336.0075576,6.2215776
1602,513,337.73537736,6.2215776
1602,514,339.4632276,6.2215776
1602,515,341.1911388,6.2215776
1602,516,342.88168152,6.75814752
1602,517,347.27537352,20.08461312
1602,518,350.68221456,8.4271104
1602,519,353.45053008,12.54629952
1602,520,356.91016248,11.18238048
1602,521,360.34062552,14.62235328
1602,522,364.79037024,16.4537136
1602,523,369.47456712,17.88785856
1602,524,375.01683696,21.20713056
1602,525,380.77100376,20.85270912
1602,526,386.73886584,21.71187936
1602,527,392.63388072,19.07731008
1602,528,397.27001064,16.83117792
1602,529,402.52067832,20.44342368
1602,530,408.20346096,20.75395392
1602,531,414.29281632,22.72686336
1602,532,420.857934,24.43423104
1602,533,428.25905712,29.31822432
1602,534,436.59561144,30.01280256
1602,535,444.9282948,30.0544992
1602,536,453.28161312,30.0764448
1602,537,461.63490096,30.0764448
1602,538,470.01382248,30.230064
1602,539,478.38646512,30.01170528
1602,540,486.45360672,27.97186176
1602,541,493.38277752,22.14530496
1602,542,498.22614096,25.5337056
1606,470,22.519386,42.8817024
1606,471,32.21175168,44.48263392
1606,472,44.75192472,45.41422464
1606,473,57.34818096,44.53749792
1606,474,66.84617568,27.88407936
1606,475,76.51141416,37.73984832
1606,476,86.11800912,31.47108768
1606,477,94.39037256,28.77287616
1606,478,102.55599504,30.12691968
1606,479,107.1853584,30.4385472
1607,475,19.9663812,22.055328
1607,476,25.26072672,23.9426496
1607,477,34.89783216,43.47533088
1607,478,46.89802152,42.41096928
1607,479,58.44244344,41.312592
1607,480,70.48893192,44.74268928
1607,481,82.94485824,43.83962784
1607,482,94.13711424,37.42383168
1607,483,104.6107128,38.21167872
1607,484,115.20537792,38.17876032
1607,485,125.6272824,35.56723392
1607,486,135.44190336,35.83935936
1607,487,145.23098208,35.82728928
1607,488,155.57866776,37.03978368
1607,489,165.13387344,33.03580896
1607,490,174.51211224,34.8550992
1607,491,184.56106344,35.83935936
1607,492,193.95816936,32.88328704
1607,493,203.08750848,32.8031856
1607,494,212.17518144,32.61993984
1607,495,220.80007656,28.4250384
1607,496,228.40480608,27.41773536
1607,497,236.0255376,27.38920608
1607,498,243.59939088,27.29264544
1607,499,251.23524048,28.26703008
1607,500,259.8720228,33.5438496
1607,501,269.11209576,32.48607168
1607,502,278.16465576,32.80208832
1607,503,287.27799288,32.90523264
1607,504,296.42324256,32.92059456
1607,505,305.23208448,29.33687808
1607,506,312.4434696,22.17163968
1607,507,317.5552704,15.13917216
1607,508,321.01264728,10.09826784
1607,509,323.06949864,5.3272944
1607,510,324.5181216,5.21208
1607,511,325.96634832,5.21208
1607,512,327.41457504,5.21208
1607,513,328.86277128,5.21208
1607,514,330.310998,5.21537184
1607,515,331.69893528,4.83681024
1607,516,333.14066976,5.68171584
1607,517,335.37686544,11.3787936
1607,518,339.45152328,17.7539904
1607,519,345.01842096,20.83844448
1607,520,350.1354948,16.0422336
1607,521,353.886516,11.74857696
1607,522,357.7623528,16.05101184
1607,523,362.22084528,16.12233504
1607,524,366.7815372,16.45700544
1607,525,371.53754496,18.93027456
1607,526,377.37294096,21.9456
1607,527,383.45860824,21.8962224
1607,528,389.56753176,21.94230816
1607,529,395.05710168,16.72474176
1607,530,399.60505296,17.55538272
1607,531,404.97291624,21.12483456
1607,532,411.03642456,22.08385728
1607,533,417.52290384,25.3307088
1607,534,424.87013832,27.01942272
1607,535,432.4752336,27.432
1607,536,440.12604888,28.0300176
1607,537,448.24311672,29.50256736
1607,538,456.0749832,27.42541632
1607,539,463.69547088,27.57245184
1607,540,471.59430192,29.13058944
1607,541,479.64403944,28.43710848
1607,542,487.23328512,26.92066752
1607,543,494.66062104,25.4184912
1607,544,499.2181024,25.347168
1615,466,21.4133176,45.7236576
1615,467,29.5323768,46.81764576
1615,468,42.91830888,49.79127456
1615,469,56.99092488,50.05132992
1615,470,70.71859872,49.55097024
1615,471,79.0145232,50.0195088
1616,480,24.2899311,28.8625788
1616,481,34.70358312,49.9756176
1616,482,48.9307632,51.35050944
1616,483,62.75865528,43.51922208
1616,484,74.40893424,47.58025536
1616,485,88.5088908,51.26382432
1616,486,101.86617168,44.51994144
1616,487,114.2932944,45.67208544
1616,488,126.52376016,42.57336672
1616,489,139.14403464,47.44199808
1616,490,151.60526448,42.06642336
1616,491,163.31327256,43.10774208
1616,492,174.54012336,36.80935488
1616,493,184.6870068,37.15719264
1616,494,194.96809368,36.07527456
1616,495,204.0099552,29.97330048
1616,496,212.88874872,33.60749184
1616,497,222.12171984,32.63420448
1616,498,230.64036168,28.3866336
1616,499,238.44857568,29.02963968
1616,500,246.69359856,28.50623712
1616,501,254.0791464,25.9945632
1616,502,261.43128816,26.83178784
1616,503,268.8593556,26.44554528
1616,504,275.88094176,22.25064384
1616,505,281.54031576,19.7620128
1616,506,287.1967332,24.06993408
1616,507,294.64982472,26.56075968
1616,508,301.25164032,20.62557216
1616,509,306.2537436,16.4592
1616,510,310.51841376,13.16406816
1616,511,313.66873512,10.15093728
1616,512,316.04160312,6.85361088
1616,513,317.91133776,8.36456544
1616,514,320.79245976,11.16262944
1616,515,323.89349496,11.1593376
1616,516,326.23182912,3.40047072
1616,517,326.89376328,6.86568096
1616,518,330.23574288,13.8915648
1616,519,334.0956996,13.89485664
1616,520,337.95593064,13.89266208
1616,521,341.79381984,13.62931488
1616,522,345.61329912,14.08578336
1616,523,349.83276744,16.32423456
1616,524,354.4058952,16.4592
1616,525,358.95802224,16.34508288
1616,526,364.1044788,20.65519872
1616,527,369.90793176,21.53302272
1616,528,375.99999984,21.94889184
1616,529,381.90184224,20.9141568
1616,530,387.95011056,22.23199008
1616,531,394.10070024,21.9071952
1616,532,399.50367648,17.7814224
1616,533,404.93466384,19.98037152
1616,534,410.32621008,20.56961088
1616,535,416.57461008,24.51104064
1616,536,423.83515944,26.88994368
1616,537,431.40544656,27.27399168
1616,538,439.17876096,29.1821616
1616,539,447.40522152,29.681424
1616,540,455.65051872,29.681424
1616,541,463.89109152,29.19971808
1616,542,470.79603072,24.60760128
1616,543,479.45143632,34.00690176
1616,544,488.23982616,26.76375648
1616,545,495.09474768,26.47297728
1616,546,502.86592848,28.19131776
1616,547,507.571248,28.25496
1628,497,191.4384792,32.3917056
1628,498,196.41440016,32.84268768
1628,499,205.61222784,32.90413536
1628,500,214.8541296,35.56394208
1628,501,221.674944,38.825424
1628,502,234.66850704,27.20596032
1628,503,240.44934384,27.41224896
1628,504,247.89006048,27.01393632
1628,505,255.68638728,27.91151136
1628,506,263.13880824,27.97844544
1628,507,269.1084534,33.3189072
1628,508,281.6675088,14.7913344
1628,509,285.16085208,20.45768832
1628,510,290.52688656,18.4562496
1628,511,295.42508352,16.58977632
1628,512,299.99184096,15.99175872
1628,513,303.73191984,11.16592128
1628,514,306.7737324,10.50535872
1628,515,308.98971984,5.67952128
1628,516,310.49384688,5.21646912
1628,517,311.95886808,5.47762176
1628,518,313.4831424,5.4864
1628,519,315.0071424,5.4864
1628,520,316.5311424,5.4864
1628,521,318.14987424,7.39895904
1628,522,320.873628,11.03534496
1628,523,324.16153608,12.73832352
1628,524,327.7444296,12.9040128
1628,525,331.32747552,12.92486112
1628,526,335.26966728,15.9050736
1628,527,339.8311212,16.40104416
1628,528,344.33886936,16.26278688
1628,529,349.0709808,18.20497248
1628,530,354.16400592,17.4577248
1628,531,358.81123056,16.92883584
1628,532,364.25303832,21.87317952
1628,533,370.3515072,21.93901632
1628,534,376.69055472,24.98287104
1628,535,384.39157056,29.60571168
1628,536,392.71325064,29.52451296
1628,537,400.57864512,27.44736192
1628,538,408.1979136,27.432
1628,539,415.833306,27.52307424
1628,540,423.4635168,27.432
1628,541,431.08348632,27.43858368
1628,542,438.60339,26.79996672
1628,543,446.1491712,27.432
1628,544,453.79788336,27.93784608
1628,545,461.71259448,29.29079232
1628,546,470.41329336,33.28379424
1628,547,479.67235536,31.47986592
1628,548,487.669332,27.83470176
1628,549,495.42594336,27.64926144
1628,550,499.7701968,27.7282656
1649,478,17.8688129142857,48.6471250285714
1649,479,29.12848632,46.72108512
1649,480,41.88872496,46.168056
1649,481,55.21631832,51.6379968
1649,482,70.42660032,55.87678944
1649,483,85.41718248,48.88053216
1649,484,97.65520728,41.2522416
1649,485,108.46213512,37.50393312
1649,486,118.69850784,36.28046592
1649,487,128.68025064,36.77863104
1649,488,137.744737028571,38.3123149714286
1651,490,22.2352743,35.2322892
1651,491,31.49431344,39.62058624
1651,492,42.98698032,42.49436256
1651,493,54.49135152,42.14871936
1651,494,66.96483432,47.22254208
1651,495,80.1247572,47.0842848
1651,496,92.75213352,41.38720704
1651,497,103.14505152,34.509456
1651,498,112.7811816,35.2556064
1651,499,122.18599896,30.4385472
1651,500,130.12402728,28.99781856
1651,501,138.15401376,27.33214752
1651,502,145.9002924,28.75641696
1651,503,153.96539184,29.11413024
1651,504,162.00705216,29.15034048
1651,505,170.49411672,31.54021632
1651,506,179.60717952,34.2845136
1651,507,189.26793744,35.11625184
1651,508,199.02665808,35.11076544
1651,509,208.53117552,33.32110176
1651,510,217.87232016,33.88620096
1651,511,227.6473476,35.86569408
1651,512,237.00357984,30.70518624
1651,513,245.03323104,28.43271936
1651,514,253.0856508,27.94991616
1651,515,260.60759664,26.9985744
1651,516,268.06714992,26.70450336
1651,517,274.98470784,20.72103552
1651,518,280.07691,16.46139456
1651,519,284.59852656,15.29388864
1651,520,288.21479568,10.9289088
1651,521,291.07732488,9.02622528
1651,522,293.21787432,6.94468512
1651,523,295.66535736,10.84332096
1651,524,298.7014092,11.35026432
1651,525,302.06329224,13.83450624
1651,526,306.40663128,16.4592
1651,527,310.93794048,16.16732352
1651,528,315.46940208,16.45810272
1651,529,320.03948184,16.41640608
1651,530,324.94090968,18.99720864
1651,531,330.23629152,18.95660928
1651,532,335.75079408,20.46866112
1651,533,341.27169744,20.21518944
1651,534,347.16985176,21.94779456
1651,535,353.26606512,21.9456
1651,536,359.32588536,21.45292128
1651,537,365.35184232,22.63030272
1651,538,372.27153384,27.30252096
1651,539,379.94307552,28.71472032
1651,540,388.34464368,31.07277504
1651,541,396.784068,27.91151136
1651,542,404.38742592,25.7421888
1651,543,411.27307128,24.93349344
1651,544,418.50637152,25.33838976
1651,545,425.72473656,27.88517664
1651,546,433.48232328,27.93235968
1651,547,441.22470048,27.8489664
1651,548,448.97613024,27.92906784
1651,549,456.73463136,27.93235968
1651,550,464.49209616,27.94662432
1651,551,471.27090912,12.05800992
1651,552,477.60946896,36.46590624
1651,553,487.26117432,27.18950112
1651,554,493.37460888,15.41568672
1651,555,497.6201376,17.4357792
1661,492,25.10582736,41.24456064
1661,493,36.62205528,38.13486912
1661,494,47.9422968,49.87795968
1661,495,62.18721624,32.42791584
1661,496,71.20954008,39.1015728
1661,497,83.70807744,43.74965088
1661,498,94.47970944,32.5727568
1661,499,103.58271384,32.8854816
1661,500,112.34300112,32.12177472
1661,501,121.74577632,32.1009264
1661,502,129.74491704,27.30361824
1661,503,137.28502896,26.55527328
1661,504,144.72733056,26.31716352
1661,505,152.31575328,26.81532864
1661,506,159.34386216,25.98797952
1661,507,167.20928712,31.7278512
1661,508,175.98316848,30.91476672
1661,509,184.41753312,29.84382144
1661,510,192.61762848,30.06656928
1661,511,201.22039512,29.99744064
1661,512,209.16775032,30.3013872
1661,513,218.27752128,33.27940512
1661,514,226.74221352,26.9601696
1661,515,234.42475848,28.48648608
1661,516,241.8973572,25.07065344
1661,517,248.75191296,24.50445696
1661,518,255.5319756,23.1580944
1661,519,261.3780396,19.90795104
1661,520,266.92713696,19.81358496
1661,521,272.3089296,17.64535968
1661,522,274.946364,16.3823904
1664,483,25.0014232,40.4298912
1664,484,36.50915736,48.40760448
1664,485,49.70047464,46.47968352
1664,486,63.28544112,52.02094752
1664,487,77.86856664,51.16287456
1664,488,90.6133824,32.93266464
1664,489,103.5583908,43.20869184
1664,490,115.04621136,38.11731264
1664,491,124.3155756,25.00920576
1664,492,130.8564312,23.32158912
1664,493,136.94508552,19.27811232
1664,494,142.55956248,21.28942656
1664,495,148.25788992,19.84211424
1664,496,154.32258696,23.74952832
1664,497,160.22775168,18.489168
1664,498,166.29894096,26.59148352
1664,499,173.75419656,27.075384
1664,500,181.37440992,28.63132704
1664,501,189.99729336,32.99411232
1664,502,195.492624,32.9513184
1669,554,486.9244008,25.9970016
1669,555,492.02525928,13.26830976
1669,556,496.6952728,24.5278656
1670,493,19.5645024,5.1681888
1670,494,23.9697768,21.08862432
1670,495,33.6127344,40.1823936
1670,496,44.9461128,42.26283648
1670,497,56.98668816,45.79827264
1670,498,69.91478016,47.18304
1670,499,81.98778624,34.95604896
1670,500,91.28906304,32.67480384
1670,501,100.48929864,34.1638128
1670,502,109.9236816,32.89974624
1670,503,118.83597264,31.04314848
1670,504,126.79256328,26.0658864
1670,505,134.37958392,27.96527808
1670,506,142.07849664,28.42284384
1670,507,149.62985568,25.82229024
1670,508,157.0056804,27.1412208
1670,509,164.4714516,27.00515808
1670,510,172.26741264,30.17190816
1670,511,181.13809848,32.9293728
1670,512,190.29264456,31.8320928
1670,513,198.45271968,27.35848224
1670,514,206.05184088,27.70851456
1670,515,214.0218732,29.379672
1670,516,221.90436696,27.2235168
1670,517,229.43390232,25.98139584
1670,518,236.58051744,25.8793488
1670,519,243.98045184,26.40714048
1670,520,250.71007008,22.33074528
1670,521,256.71542256,21.47157504
1670,522,263.06163288,23.88120192
1670,523,269.65649904,23.18223456
1670,524,275.88990288,21.9510864
1670,525,281.98520184,21.88305504
1670,526,288.05541576,21.88305504
1670,527,293.85161448,18.77336352
1670,528,298.6380108,16.46029728
1670,529,303.21004128,16.46029728
1670,530,307.78130976,16.57221984
1670,531,312.29116104,16.05979008
1670,532,316.8391428,16.78399488
1670,533,321.917568,21.50888256
1670,534,328.54014048,24.71732928
1670,535,335.18697504,22.56666048
1670,536,341.27931744,23.29854624
1670,537,348.47308512,28.0190448
1670,538,356.25539112,27.62292672
1670,539,363.92080632,27.9367488
1670,540,371.70274656,28.0190448
1670,541,379.5607344,27.96856992
1670,542,385.2202608,13.96179072
1670,543,392.85166032,33.89388192
1670,544,402.26461584,32.51021184
1670,545,410.40353784,26.61233184
1670,546,418.313616,29.92392288
1670,547,426.329094,28.40638464
1670,548,434.27465088,27.93345696
1670,549,441.77370624,27.08525952
1670,550,449.12703672,24.84022464
1670,551,455.94718056,24.5406672
1670,552,462.76339248,24.53956992
1670,553,469.6009404,24.69209184
1670,554,476.4158112,25.58966688
1670,555,482.27351856,10.9728
1670,556,487.629708,16.568928
1670,557,492.31832448,12.82391136
1670,558,496.34491536,18.81725472
1670,559,502.07192448,21.0238848
1670,560,506.1740448,21.12264
1676,513,189.0375188,34.253424
1676,514,196.15166256,30.95646336
1676,515,204.5313156,28.66424544
1676,516,212.45873688,28.1507184
1676,517,219.93298152,23.46643008
1676,518,226.03583952,21.00523104
1676,519,231.95487264,21.43317024
1676,520,237.86558472,20.02865184
1676,521,242.87625288,17.16475104
1676,522,247.62208032,18.51989184
1676,523,252.83827512,18.37724544
1676,524,258.03953472,19.58315616
1676,525,263.57704968,19.35821376
1676,526,268.46933352,15.90726816
1676,527,272.94708936,18.15888672
1676,528,278.62746408,21.94450272
1676,529,284.72376888,21.86549856
1676,530,290.51012256,18.11499552
1676,531,295.13918112,16.33630464
1676,532,299.69950728,16.46029728
1676,533,304.27156824,16.45700544
1676,534,308.83908768,16.20463104
1676,535,313.37185992,18.16108128
1676,536,319.26303432,25.66757376
1676,537,327.38949,31.53692448
1676,538,335.92620648,29.97330048
1676,539,344.19811272,29.70007776
1676,540,352.49818248,29.95793856
1676,541,360.75149592,29.50915104
1676,542,369.02053704,29.9118528
1676,543,376.97487216,28.10902176
1676,544,385.54103232,33.67991232
1676,545,394.80475776,29.91843648
1676,546,402.94029648,26.3127744
1676,547,410.57300664,32.19858432
1676,548,419.62870608,32.56946496
1676,549,428.68577712,32.397192
1676,550,436.76075208,24.35083776
1676,551,443.40700752,23.9591088
1676,552,450.06179736,23.96020608
1676,553,456.7165872,23.96130336
1676,554,463.371438,23.95581696
1676,555,470.05155672,24.112728
1676,556,476.71914816,24.03811296
1676,557,482.56740672,12.70211328
1676,558,487.28004144,24.96092544
1676,559,494.75584056,26.64854208
1676,560,499.480332,25.0070112
1677,518,209.424659466667,29.2022784
1677,519,216.69820008,25.58637504
1677,520,223.0439532,18.75361248
1677,521,227.7774972,17.44455744
1677,522,233.01438792,20.46646656
1677,523,238.98109176,21.7645488
1677,524,245.04207024,21.94450272
1677,525,251.1381312,21.9565728
1677,526,257.11355232,21.07655424
1677,527,263.03926056,21.24772992
1677,528,268.3239744,16.09051392
1677,529,272.82885744,17.93833344
1677,530,278.33043648,21.58130304
1677,531,284.39263416,21.82160736
1677,532,290.47726512,21.9291408
1677,533,296.46807864,20.6233776
1677,534,301.66808856,16.83556704
1677,535,306.25066512,16.46029728
1677,536,310.77542112,16.10587584
1677,537,315.86085672,21.53302272
1677,538,322.12349088,25.83436032
1677,539,329.93566728,29.20849632
1677,540,337.85955288,27.58232736
1677,541,345.41606304,27.2015712
1677,542,353.1720648,30.24432864
1677,543,362.01580632,32.44218048
1677,544,371.1232608,32.9184
1677,545,380.32663584,34.2845136
1677,546,390.33553632,37.0277136
1677,547,400.12851648,32.68577664
1677,548,408.9164796,30.23884224
1677,549,417.47898216,31.1024016
1677,550,425.72900376,29.62436544
1677,551,434.12517696,29.36979648
1677,552,441.7478592,26.89543008
1677,553,449.16065616,24.75573408
1677,554,455.53710264,21.96974016
1677,555,461.53468272,19.8772272
1677,556,466.48689024,16.99028352
1677,557,471.59238168,19.21447008
1677,558,476.89361568,19.05316992
1677,559,482.55649488,21.28394016
1677,560,488.44806552,22.10360832
1677,561,494.68579752,23.24148768
1677,562,499.0138864,24.8972832
1679,486,9.0139012,41.3784288
1679,487,18.29366928,45.55028736
1679,488,31.57066584,48.82786272
1679,489,45.22832712,49.10218272
1679,490,58.85867832,49.46209056
1679,491,72.715374,50.2609104
1679,492,86.52397224,45.75986784
1679,493,98.12389824,41.48925408
1679,494,110.44345704,39.97720224
1679,495,119.67176472,26.41921056
1679,496,125.95649688,18.6592464
1679,497,131.670890666667,27.9148032
1683,526,250.472448,16.038576
1683,527,253.4306844,16.514064
1683,528,257.831844,16.33740192
1683,529,262.6440264,17.69254272
1683,530,267.56173056,17.501616
1683,531,272.19670224,15.98298048
1683,532,276.72475008,16.45151904
1683,533,281.2759932,16.34069376
1683,534,285.83299704,16.45700544
1683,535,290.38323432,16.59197088
1683,536,294.8023314,20.0171304
1684,485,11.8121049,42.629328
1684,486,22.4415096,43.97459328
1684,487,34.88179968,44.08761312
1684,488,47.05148832,43.18125984
1684,489,59.19600048,47.759112
1684,490,73.05882264,50.68446048
1684,491,86.65043376,43.48410912
1684,492,98.21856912,41.73614208
1684,493,109.55859216,33.47691552
1684,494,117.84201984,27.5746464
1684,495,124.91109384,22.7575872
1684,496,131.1700704,24.08200416
1684,497,137.78913768,22.05752256
1684,498,143.27501952,18.81506016
1684,499,149.35007976,25.31644416
1684,500,156.69548544,26.94480768
1684,501,164.14994856,18.00526752
1684,502,170.08400832,26.39397312
1684,503,177.55922832,27.4265136
1684,504,185.10805752,26.96894784
1684,505,191.436302057143,26.4225024
1690,498,20.9445061714286,14.0953453714286
1690,499,24.10138944,5.678424
1690,500,31.71096528,45.17392032
1690,501,44.56636248,46.51260192
1690,502,57.71720232,41.81295168
1690,503,66.75589392,26.53552224
1690,504,77.9882616,41.17433472
1690,505,88.59618552,33.14773152
1690,506,97.12765944,28.16278848
1690,507,105.01003128,27.5472144
1690,508,112.31992776,27.51539328
1690,509,120.4875924,28.64010528
1690,510,127.85387688,27.40347072
1690,511,136.01322048,28.66534272
1690,512,143.54964432,27.49673952
1690,513,151.49096448,29.07901728
1690,514,159.71638872,31.44365568
1690,515,168.32698872,30.47475744
1690,516,176.73291552,30.19934016
1690,517,184.9803768,27.41883264
1690,518,192.18496488,26.84385792
1690,519,199.73184336,21.8139264
1690,520,205.57181136,21.68005824
1690,521,211.16839656,18.57585312
1690,522,216.46234584,19.45696896
1690,523,221.85367872,19.08279648
1690,524,227.06414328,18.98513856
1690,525,232.62781008,19.70605152
1690,526,237.66395952,15.59564064
1690,527,241.8467604,15.5045664
1690,528,245.99429592,15.42995136
1690,529,250.7069916,16.39226592
1690,530,254.75906376,13.3977888
1690,531,258.55095864,15.93360288
1690,532,263.585706,18.48697344
1690,533,268.33156392,15.99505056
1690,534,272.76609912,16.37470944
1690,535,277.33639224,16.46029728
1690,536,281.91829824,17.84287008
1690,537,287.23251672,20.48292576
1690,538,293.22637824,21.94230816
1690,539,299.3164956,22.11787296
1690,540,305.99137176,25.65769824
1690,541,313.21564992,26.65183392
1690,542,320.84128872,29.14704864
1690,543,329.56740792,32.90303808
1690,544,338.70266016,32.6660256
1690,545,347.78246928,32.91401088
1690,546,356.91510024,32.45534784
1690,547,365.89371576,32.17005504
1690,548,374.94228288,32.79550464
1690,549,384.3361884,35.25231456
1690,550,394.07887656,31.16494656
1690,551,402.67301736,31.11117984
1690,552,411.2299116,32.09982912
1690,553,420.14903016,29.59254432
1690,554,427.94825256,27.82263168
1690,555,435.45782352,26.10538848
1690,556,442.75372968,26.31716352
1690,557,449.49493032,21.07984608
1690,558,455.24565288,20.65958784
1690,559,460.98433584,20.65958784
1690,560,466.72390272,20.7550512
1690,561,472.56728448,21.26418912
1690,562,478.45464888,19.94745312
1690,563,484.09027896,20.97231264
1690,564,490.00967784,19.1639952
1690,565,495.21410736,19.91672928
1690,566,500.8741824,20.41269984
1690,567,506.5556544,20.47963392
1690,568,509.9689572,20.4752448
1707,512,113.3164866,29.324808
1707,513,118.80774816,27.93235968
1707,514,125.96817072,22.22211456
1707,515,132.40993584,24.92581248
1707,516,139.26976464,22.81135392
1707,517,145.04234136,19.46903904
1707,518,150.80815152,21.31576128
1707,519,156.75242208,22.40755488
1707,520,163.49203776,25.03554048
1707,521,170.26542528,25.86069504
1707,522,177.77066808,24.1511328
1707,523,184.03653312,21.94998912
1707,524,190.0673364,19.7290944
1707,525,194.93989968,16.84105344
1707,526,199.66298904,16.74339552
1707,527,204.21804216,16.33630464
1707,528,209.16387936,19.8443088
1707,529,214.76189712,20.28102624
1707,530,220.38439032,20.72323008
1707,531,226.16550144,20.31175008
1707,532,231.76135512,19.8827136
1707,533,237.24403656,19.72031616
1707,534,242.8672308,20.11533696
1707,535,247.95949392,17.82641088
1707,536,252.97985472,17.50929696
1707,537,257.91791952,20.6124048
1707,538,263.4121224,19.49976288
1707,539,268.83393528,19.16070336
1707,540,274.2637644,20.88453024
1707,541,280.30392504,21.93791904
1707,542,286.3791072,21.82380192
1707,543,292.51802304,23.5201968
1707,544,299.33133936,25.28572032
1707,545,306.5622012,27.28825632
1707,546,314.10402,27.17523648
1707,547,321.87681624,30.77541216
1707,548,331.00115664,33.62285376
1707,549,340.2137976,32.65834464
1707,550,349.3003428,32.91949728
1707,551,358.408986,32.43998592
1707,552,367.4673372,32.9184
1707,553,376.60856352,32.89316256
1707,554,386.14734048,35.9852976
1707,555,395.98890576,33.31232352
1707,556,404.65269336,28.60499232
1707,557,412.33551264,27.5252688
1707,558,419.90400144,26.28643968
1707,559,427.3300572,28.12767552
1707,560,435.27936312,28.51940448
1707,561,443.20824744,30.09400128
1707,562,451.3435728,28.00587744
1707,563,459.41525592,29.30615424
1707,564,467.430612,30.92903136
1707,565,476.45702016,31.7443104
1707,566,484.60145904,26.7023088
1707,567,491.94442632,25.23634272
1707,568,497.8555194,21.1651596
1708,496,22.5835899428571,37.1586034285714
1708,497,31.88567664,40.0836384
1708,498,43.0950624,40.2262848
1708,499,54.21093552,40.76724384
1708,500,65.8835868,42.87950784
1708,501,77.79651192,41.9215824
1708,502,88.26892176,31.99887936
1708,503,97.18246248,32.52557376
1708,504,105.72874968,28.5676848
1708,505,114.24976896,32.63639904
1708,506,122.85302328,27.4265136
1708,507,129.702492266667,26.6687808
1711,502,22.1177104,17.8356768
1711,503,30.09768936,38.56061376
1711,504,40.82607024,38.45856672
1711,505,51.53530968,37.67620608
1711,506,61.90865952,39.70288224
1711,507,73.41876096,41.95559808
1711,508,84.485988,36.59867712
1711,509,93.88278912,30.5647344
1711,510,102.31239888,29.8405296
1711,511,110.132622,26.59148352
1711,512,117.89066592,28.66534272
1711,513,125.5108488,25.69061664
1711,514,132.94464648,29.40490944
1711,515,141.51809136,28.31092128
1711,516,148.41254544,21.88963872
1711,517,154.45224888,21.73053312
1711,518,160.78998576,24.15332736
1711,519,167.77008864,25.28901216
1711,520,174.67365624,24.69209184
1711,521,181.4073588,22.18809888
1711,522,187.089288,20.17239552
1711,523,192.92678712,21.48364512
1711,524,198.9172044,19.68191136
1711,525,202.93849176,8.14840128
1711,526,206.93774208,23.1910128
1711,527,213.46030968,23.46423552
1711,528,219.66039888,19.943064
1711,529,225.44007744,21.71187936
1711,530,231.53074344,21.94230816
1711,531,237.62473176,21.76784064
1711,532,243.483384,20.14167168
1711,533,249.19225752,20.92732416
1711,534,254.98086672,20.58387552
1711,535,260.83311816,19.27152864
1711,536,264.46130496,7.7029056
1711,537,268.97999544,19.65557664
1711,538,274.19506248,18.10621728
1711,539,279.27644424,19.33517088
1711,540,284.97818544,20.272248
1711,541,290.53389696,22.29563232
1711,542,296.96042208,22.77514368
1711,543,303.9706392,27.432
1711,544,311.54348664,27.14890176
1711,545,319.11502344,28.2769056
1711,546,327.71657088,33.71612256
1711,547,336.84078936,31.57752384
1711,548,345.64347432,33.57347616
1711,549,354.6943884,31.93743168
1711,550,363.67221144,32.57934048
1711,551,372.81572376,33.51861216
1711,552,381.96076008,33.35950656
1711,553,391.68007008,34.40301984
1711,554,399.8847984,25.5446784
1711,555,407.86296888,29.76481728
1711,556,416.14761576,29.75603904
1711,557,424.41498048,30.10607136
1711,558,432.83928672,30.35295936
1711,559,441.26319672,30.27505248
1711,560,449.42473488,28.67851008
1711,561,454.7566216,29.9520864
1715,506,21.6094056,31.656528
1715,507,29.33096496,36.29911968
1715,508,39.4795248,35.76474432
1715,509,50.01862488,41.62202496
1715,510,62.56519872,51.0070608
1715,511,77.03944968,52.35232608
1715,512,91.052142,42.88389696
1715,513,102.00205152,37.24387776
1715,514,111.80103624,30.82478976
1715,515,119.6260752,24.5077488
1715,516,126.03995112,23.85047808
1715,517,133.17294168,24.20928864
1715,518,139.06112904,17.89334496
1715,519,143.62005312,17.2711872
1715,520,148.42385352,17.26240896
1715,521,153.28858344,17.50381056
1715,522,158.41900752,19.55462688
1715,523,163.46323416,16.86738816
1715,524,168.14029872,18.28507392
1715,525,174.14909544,24.6558816
1715,526,180.27865392,17.20864224
1715,527,184.87604376,16.43835168
1715,528,189.45980904,16.53491232
1715,529,194.03488752,16.45810272
1715,530,198.6070704,16.44164352
1715,531,203.21628648,17.23607424
1715,532,208.41044424,21.62848608
1715,533,214.87954992,23.810976
1715,534,221.4344568,22.92327648
1715,535,227.68709352,22.5271584
1715,536,233.93695656,22.49424
1715,537,240.15902184,22.31209152
1715,538,246.25456464,21.2927184
1715,539,251.84822376,18.74812608
1715,540,257.061462,20.16690912
1715,541,262.97668512,21.55935744
1715,542,268.97307648,21.37940352
1715,543,274.95258192,21.80405088
1715,544,281.57369136,27.02161728
1715,545,289.18207848,27.432
1715,546,296.802048,27.432
1715,547,304.42210896,27.43309728
1715,548,311.9911464,27.1467072
1715,549,319.73053656,30.82917888
1715,550,329.28040824,36.10270656
1715,551,338.84667816,32.68029024
1715,552,347.92606056,32.99411232
1715,553,357.35514,35.77900896
1715,554,367.6948704,38.44649664
1715,555,378.08272872,35.65830816
1715,556,388.41657648,38.5584192
1715,557,398.65779552,33.78744576
1715,558,407.69231136,30.68762976
1715,559,415.69303704,27.624024
1715,560,423.16042368,24.67453536
1715,561,429.93256152,24.8095008
1715,562,436.58067624,22.67968032
1715,563,443.38719552,27.63828864
1715,564,451.20546792,28.20997152
1715,565,459.04163208,28.20997152
1715,566,466.88645256,28.36359072
1715,567,474.7575468,28.2165552
1715,568,482.59474728,28.12218912
1715,569,490.0290936,23.63650848
1715,570,496.08479904,19.5974208
1715,571,499.5173144,15.3290016
1722,509,15.7187392,26.3018016
1722,510,20.61472128,30.40892064
1722,511,30.0726348,36.80167392
1722,512,40.49932464,39.59425152
1722,513,52.37381448,45.18708768
1722,514,65.06068776,44.93471328
1722,515,76.6439412,37.24278048
1722,516,86.93045352,36.3254544
1722,517,96.86952432,36.4790736
1722,518,106.82474952,35.10857088
1722,519,116.57298504,34.57090368
1722,520,125.51459784,25.96603392
1722,521,132.7356756,29.27433312
1722,522,140.73795576,25.68622752
1722,523,147.14055408,21.21700608
1722,524,153.19452216,21.3859872
1722,525,158.77958592,19.47562272
1722,526,164.1412008,18.84139488
1722,527,169.3584624,22.36476096
1722,528,176.41333272,21.2762592
1722,529,181.38285288,16.0257744
1722,530,185.86323,14.08578336
1722,531,189.46148544,13.67649792
1722,532,193.30894536,14.43910752
1722,533,197.692518,16.46029728
1722,534,202.2520212,16.36812576
1722,535,206.84054136,16.99796448
1722,536,211.95475008,21.14678016
1722,537,218.04038688,21.96425376
1722,538,224.08932576,21.68993376
1722,539,230.1569184,21.9456
1722,540,236.25243072,22.01802048
1722,541,242.30950776,21.6932256
1722,542,248.3949312,21.94450272
1722,543,254.47044864,21.77991072
1722,544,260.77962576,23.79890592
1722,545,267.51232248,24.93129888
1722,546,274.0528428,21.95218368
1722,547,280.27393272,24.12040896
1722,548,287.50552608,27.4100544
1722,549,295.12506888,27.43309728
1722,550,302.7453432,27.432
1722,551,310.33361352,27.1467072
1722,552,317.88890448,27.69424992
1722,553,326.2643208,33.17735808
1722,554,335.49326856,33.05665728
1722,555,344.59307256,32.66822016
1722,556,353.71683384,32.99850144
1722,557,362.7644256,32.38951104
1722,558,371.8928808,33.31122624
1722,559,381.5065776,36.4681008
1722,560,391.97682336,37.51490592
1722,561,401.74380408,32.94473472
1722,562,410.75570376,32.25235104
1722,563,419.7650736,31.07716416
1722,564,428.58891168,32.60457792
1722,565,437.00437872,26.99747712
1722,566,444.49636272,27.432
1722,567,451.98322608,26.68804416
1722,568,459.58600488,27.44516736
1722,569,467.03659704,27.42541632
1722,570,475.19786088,29.76152544
1722,571,482.86428192,24.21038592
1722,572,489.50297832,22.62701088
1722,573,495.22809768,17.14390272
1722,574,498.786520114286,12.0465668571429
1727,513,23.5486302857143,33.8714660571429
1727,514,31.58194344,36.95968224
1727,515,42.24613344,39.43953504
1727,516,53.60020776,43.27782048
1727,517,66.19320264,46.40506848
1727,518,79.1257752,46.59160608
1727,519,91.87665648,41.05582848
1727,520,102.36330048,35.12064096
1727,521,112.0755696,34.46227296
1727,522,121.38574656,30.63276576
1727,523,129.1388832,27.43968096
1727,524,136.65640944,23.93496864
1727,525,142.90660776,20.32930656
1727,526,148.45869216,20.87355744
1727,527,153.8101572,16.50967488
1727,528,158.37191592,16.46139456
1727,529,162.94970712,16.78509216
1727,530,167.79694152,17.8308
1727,531,172.8328776,20.24371872
1727,532,178.98108984,21.03814944
1727,533,184.23764016,19.51731936
1727,534,190.23607368,19.6248528
1727,535,195.1018704,16.4592
1727,536,199.67444952,16.28034336
1727,537,204.55621776,20.62228032
1727,538,210.59390952,22.47119712
1727,539,216.90052632,22.59189792
1727,540,223.0308468,21.69212832
1727,541,229.0916424,21.9456
1727,542,235.1876424,21.9456
1727,543,241.2536196,21.76564608
1727,544,247.3295028,21.94340544
1727,545,253.43111112,22.17163968
1727,546,259.96477344,24.83473824
1727,547,266.69619,22.68187488
1727,548,272.673318,22.59189792
1727,549,279.73486344,27.42980544
1727,550,287.354772,27.432
1727,551,294.97498536,27.43309728
1727,552,302.59516824,27.41444352
1727,553,310.11071328,26.46419904
1727,554,317.65426944,29.5058592
1727,555,326.74014408,35.90739072
1727,556,336.40879632,33.302448
1727,557,345.50472936,32.56288128
1727,558,354.63854904,32.78343456
1727,559,363.66706032,32.58153504
1727,560,372.80298312,32.93705376
1727,561,382.17348,36.55807776
1727,562,392.807952,36.48236544
1727,563,402.36684576,32.6001888
1727,564,410.95281792,30.39794784
1727,565,419.41062168,28.4414976
1727,566,426.89867376,27.32995296
1727,567,434.53211544,26.9162784
1727,568,442.14742152,27.52636608
1727,569,449.8203348,27.63828864
1727,570,457.4525268,26.25132672
1727,571,464.21195448,23.21954208
1727,572,470.69203296,23.3775504
1727,573,477.1563228,23.22063936
1727,574,483.60668328,23.22173664
1727,575,490.00830624,16.90250112
1727,576,493.53036168,10.72262016
1727,577,496.61746752,11.1593376
1727,578,499.71158376,11.0935008
1727,579,502.79835432,11.15714304
1727,580,505.89817032,11.15604576
1727,581,508.99798632,11.1593376
1727,582,510.857754,11.1593376
1735,516,9.2845128,39.666672
1735,517,16.25202744,38.82066912
1735,518,26.84437608,37.49515488
1735,519,37.35104544,40.76834112
1735,520,49.27796088,43.67284128
1735,521,61.71815952,54.20453472
1735,522,78.66699024,55.04724576
1735,523,91.02218016,38.13377184
1735,524,102.75545616,44.62198848
1735,525,114.79840896,40.47646464
1735,526,125.18568816,33.61846464
1735,527,134.46590328,31.41732096
1735,528,142.41548352,24.19063488
1735,529,148.40288328,21.70310112
1735,530,154.92609096,22.1321376
1735,531,160.32461712,18.06890976
1735,532,165.52459656,19.06743456
1735,533,171.02123784,21.30588576
1735,534,177.16054992,20.62008576
1735,535,182.50527888,19.6303392
1735,536,187.72994712,18.09304992
1735,537,192.88009176,22.43279232
1735,538,199.37961648,24.0798096
1735,539,206.19195744,23.18772096
1735,540,212.54581824,23.05824192
1735,541,218.91141384,22.59189792
1735,542,224.9894916,21.59227584
1735,543,231.0707088,21.9456
1735,544,237.16600776,21.79966176
1735,545,243.21339216,21.91158432
1735,546,249.30847776,21.94450272
1735,547,255.4484604,22.79928384
1735,548,262.09642272,24.5187216
1735,549,268.526514,21.424392
1735,550,274.50854928,21.9456
1735,551,280.60256808,22.98143232
1735,552,287.66377824,27.432
1735,553,295.1084268,25.97371488
1735,554,302.5914192,27.43309728
1735,555,310.17219144,27.08196768
1735,556,318.28194408,33.2805024
1735,557,328.35375528,37.57525632
1735,558,338.0862936,32.7154032
1735,559,347.161866,32.87121696
1735,560,356.2964172,32.5233792
1735,561,365.33166456,32.88877344
1735,562,374.47703616,32.76587808
1735,563,384.02946816,37.52478144
1735,564,394.57527384,36.06649632
1735,565,404.0610156,33.65467488
1735,566,413.33129424,32.65834464
1735,567,422.18658768,31.49413056
1735,568,430.52219712,28.21765248
1735,569,438.24762744,27.70961184
1735,570,445.95175224,27.68876352
1735,571,453.2773764,22.66322112
1735,572,459.13697352,20.74298112
1735,573,464.89952232,20.7440784
1735,574,470.69163672,20.89989216
1735,575,476.46817584,20.74627296
1735,576,482.23090752,20.74298112
1735,577,487.99366968,20.72103552
1735,578,493.52447904,16.74229824
1735,579,497.86559304,13.99690368
1735,580,500.2292256,13.7818368
1744,522,20.9950812,65.1674592
1744,523,30.32564928,30.62179296
1744,524,40.82579592,43.40181312
1744,525,53.12676192,45.44165664
1744,526,66.08268216,47.22363936
1744,527,79.25674776,44.61211296
1744,528,90.646758,41.18859936
1744,529,102.25991232,39.1290048
1744,530,112.4676948,34.69818816
1744,531,122.11763232,32.81854752
1744,532,130.38728304,26.7791184
1744,533,137.36174712,22.58531424
1744,534,143.48862336,22.850856
1744,535,150.0166164,23.07689568
1744,536,156.24264408,22.14530496
1744,537,162.23626176,19.89478368
1744,538,167.6092152,19.12120128
1744,539,172.7306172,17.08135776
1744,540,177.78514608,20.05059744
1744,541,183.5831736,21.80734272
1744,542,189.68850048,21.9126816
1744,543,196.06619664,25.5227328
1744,544,203.346558,25.33729248
1744,545,210.79394976,28.20997152
1744,546,218.17946712,24.07103136
1744,547,224.38824312,21.68993376
1744,548,230.4629376,21.9456
1744,549,236.5601568,21.92475168
1744,550,242.60812032,21.78320256
1744,551,248.70031032,21.94450272
1744,552,254.80100424,22.40974944
1744,553,261.42119928,24.8588784
1744,554,268.59628272,26.77802112
1744,555,276.08582832,27.29264544
1744,556,283.6973244,27.42980544
1744,557,291.31738536,27.43309728
1744,558,298.93735488,27.44736192
1744,559,306.77379336,30.54388608
1744,560,315.79209384,34.90228224
1744,561,326.63169624,42.76209888
1744,562,338.00924016,38.2621536
1744,563,348.61503048,38.40150816
1744,564,359.2424616,37.19011104
1744,565,369.11688432,33.67223136
1744,566,378.29532672,33.40998144
1744,567,387.99448944,36.10160928
1744,568,397.63823952,31.60934496
1744,569,405.95909664,27.79739424
1744,570,413.6259444,27.7666704
1744,571,421.33650048,27.69424992
1744,572,429.0293172,27.6953472
1744,573,436.73030256,27.6624288
1744,574,443.8008396,22.37244192
1744,575,449.57823216,18.63400896
1744,576,454.653396,19.5425568
1744,577,460.42670424,20.41818624
1744,578,465.55981056,17.81104896
1744,579,471.02499648,20.77260768
1744,580,476.7388992,20.29199904
1744,581,482.64665472,25.80144192
1744,582,490.83806328,31.81892544
1744,583,499.66958232,31.75418592
1744,584,507.6136152,31.82112
1750,568,377.1982804,31.2834528
1750,569,384.21009264,31.73004576
1750,570,393.01911744,31.56545376
1750,571,401.71341552,29.99853792
1750,572,409.42348392,25.48213344
1750,573,416.49789192,26.88226272
1750,574,423.54928752,22.3077024
1750,575,429.59655,21.63397248
1750,576,435.73168632,22.30441056
1750,577,441.9080316,22.21004448
1750,578,447.78052176,17.19218304
1750,579,451.978776,16.38568224
1750,580,457.17113544,19.94416128
1750,581,462.71069256,19.94416128
1750,582,468.3585756,16.27595424
1750,583,471.88758048,15.7843728
1750,584,478.60942632,26.23925664
1750,585,484.9948644,20.86258464
1750,586,491.23582728,21.07545696
1750,587,496.00046088,14.91532704
1750,588,499.011956,19.4876928
1751,531,113.466913866667,36.2809536
1751,532,121.9526136,27.72168192
1751,533,129.1408644,26.32484448
1751,534,136.5362268,23.66723232
1751,535,142.61863272,21.31356672
1751,536,148.3687152,18.97087392
1751,537,153.27809832,17.27338176
1751,538,158.20302624,18.94892832
1751,539,163.5360204,17.26350624
1751,540,168.79101624,20.76273216
1751,541,174.0801192,17.21742048
1751,542,179.44389816,21.82160736
1751,543,185.62542504,22.29234048
1751,544,191.17641216,17.04734208
1751,545,196.3187844,20.12521248
1751,546,202.17502872,21.85342848
1751,547,208.33470144,24.04579392
1751,548,215.575896,27.09074592
1751,549,223.1076564,27.17523648
1751,550,230.7005292,27.04685472
1751,551,238.08120024,24.50665152
1751,552,244.43271408,21.94340544
1751,553,250.52981136,21.90390336
1751,554,256.79832816,23.92948224
1751,555,263.62084944,24.4912896
1751,556,270.65331696,26.24584032
1751,557,278.0617248,27.36287136
1751,558,285.67300752,27.43309728
1751,559,293.63194512,30.76663392
1751,560,302.52037032,32.91401088
1751,561,311.61551088,32.6276208
1751,562,320.84677512,37.00686528
1751,563,331.96962816,40.72225536
1751,564,342.28878456,32.67919296
1751,565,351.6503508,36.50540832
1751,566,361.78254288,36.37922112
1751,567,371.79424752,35.15355936
1751,568,381.43897296,34.62796224
1751,569,391.1111304,34.81779168
1751,570,400.7272656,33.37706304
1751,571,409.35621456,29.31493248
1751,572,417.53000568,29.4839136
1751,573,425.68858728,29.34894816
1751,574,433.87002888,25.6050288
1751,575,439.53388344,16.48224288
1751,576,445.10090304,20.66287968
1751,577,450.83915928,20.601432
1751,578,456.22595064,16.82349696
1751,579,461.37359592,19.82675232
1751,580,466.8748092,13.07079936
1751,581,471.49319976,21.1665312
1751,582,477.43106952,21.3914736
1751,583,483.37299312,22.14640224
1751,584,489.70792584,23.4433872
1751,585,495.99826632,21.86549856
1751,586,499.8549312,24.96312
1753,521,23.8892225142857,43.0180786285714
1753,522,34.11309408,45.6633072
1753,523,47.13984984,49.33041696
1753,524,61.79356704,55.7253648
1753,525,77.3161776,52.95912192
1753,526,90.79294008,45.8443584
1753,527,103.439214,43.54116768
1753,528,114.91319664,37.72668096
1753,529,124.65256248,30.14118432
1753,530,132.44197032,28.42833024
1753,531,140.40544944,26.08124832
1753,532,146.93923368,22.11677568
1753,533,153.13499472,22.89364992
1753,534,159.61440264,19.16728704
1753,535,164.99671344,24.12260352
1753,536,171.91076616,24.13577088
1753,537,178.40041536,22.8069648
1753,538,184.48724088,20.84941728
1753,539,190.4750064,19.29347424
1753,540,197.71556088,24.09517152
1753,541,204.62284704,25.37679456
1753,542,211.00660872,19.86186528
1753,543,216.48109104,19.69837056
1753,544,221.52495192,16.53820416
1753,545,226.73788536,21.76235424
1753,546,233.12615808,23.79232224
1753,547,239.02726896,18.3958992
1753,548,244.73208864,23.43680352
1753,549,250.78428888,19.915632
1753,550,256.67896848,26.83507968
1753,551,265.42611888,33.00727968
1753,552,272.341848,15.581376
1753,553,277.60595736,23.80329504
1753,554,284.33048544,24.71513472
1753,555,291.40638696,25.97700672
1753,556,298.84612824,28.60718688
1753,557,306.5239488,28.81237824
1753,558,315.30060384,33.27721056
1753,559,325.46550096,42.10153632
1753,560,337.1289168,38.7284976
1753,561,347.51887824,37.4391936
1753,562,357.89533704,36.99698976
1753,563,368.1729492,36.39568032
1753,564,377.93109072,34.50616416
1753,565,387.53927064,34.67075616
1753,566,397.1473896,34.50726144
1753,567,406.63599648,29.9118528
1753,568,414.4559148,27.2509488
1753,569,422.0157168,27.15548544
1753,570,429.55915104,27.15548544
1753,571,437.10511512,24.08200416
1753,572,442.72328016,19.03341888
1753,573,448.39496808,20.04840288
1753,574,453.83915328,20.51694144
1753,575,459.65107968,19.93867488
1753,576,464.61139488,16.34837472
1753,577,469.50133176,19.28030688
1753,578,474.90680736,19.40649408
1753,579,480.31795224,20.1460608
1753,580,484.0352016,22.6112832
1757,567,338.0701392,35.97322752
1757,568,345.0424392,32.5727568
1757,569,354.17488728,33.00398784
1757,570,363.14167656,30.14667072
1757,571,371.04663408,27.43090272
1757,572,378.67160232,27.70522272
1757,573,386.62307232,29.28530592
1757,574,394.73569008,29.15143776
1757,575,402.83376888,29.15363232
1757,576,409.3112972,29.2461696
1758,525,22.51088208,39.90039264
1758,526,34.26153168,45.36374976
1758,527,46.7579964,44.59126464
1758,528,59.70663192,49.0319568
1758,529,73.38209352,49.21081344
1758,530,86.415372,40.56534432
1758,531,96.653604,35.09759808
1758,532,106.57386864,34.35803136
1758,533,115.6432536,34.5149424
1758,534,125.50097328,27.22680864
1758,535,131.36767224,11.95267104
1758,536,136.03431264,20.2557888
1758,537,141.82307424,21.1116672
1758,538,147.5891892,19.14863328
1758,539,152.68510992,17.8746912
1758,540,157.63942056,17.86810752
1758,541,163.09015896,21.16214208
1758,542,168.79790472,19.7674992
1758,543,174.49239168,21.33441504
1758,544,180.44035032,21.42878112
1758,545,186.4231476,21.71736576
1758,546,192.45504816,21.6767664
1758,547,198.41446728,22.45802976
1758,548,204.78497016,22.96716768
1758,549,211.22070024,23.838408
1758,550,217.83214752,23.7670848
1758,551,224.44124784,23.87242368
1758,552,231.1251156,24.30914112
1758,553,237.61052808,21.95218368
1758,554,244.3171644,26.69572512
1758,555,251.14212408,21.8962224
1758,556,257.35166208,23.536656
1758,557,264.17192784,24.34644864
1758,558,270.46940064,21.3914736
1758,559,276.46637112,21.80514816
1758,560,282.55405008,21.94669728
1758,561,288.74673264,24.81279264
1758,562,296.31235632,28.52708544
1758,563,304.26413112,30.75017472
1758,564,312.4839318,34.680906
1759,567,353.97411552,30.42318528
1759,568,360.01808616,28.59950592
1759,569,368.040666,29.11851936
1759,570,376.12938744,29.11851936
1759,571,384.22292472,29.27981952
1759,572,392.35239792,29.1218112
1759,573,400.44069264,29.1163248
1759,574,408.52883496,29.11742208
1759,575,416.63313168,27.31349376
1759,576,423.41142648,21.94669728
1759,577,429.40964664,18.80299008
1759,578,433.96183464,15.02066592
1759,579,438.1352172,14.95153728
1759,580,442.29058608,15.032736
1759,581,446.46640704,15.03163872
1759,582,450.63866184,14.58504576
1759,583,454.86346416,16.32642912
1759,584,459.42546672,17.3041056
1759,585,464.59325928,19.96610688
1759,586,470.71736184,23.66503776
1759,587,477.27830376,23.62663296
1759,588,483.6836148,24.304752
1759,589,490.39601184,23.16467808
1759,590,496.64422896,22.24515744
1759,591,500.2325784,21.6054432
1761,527,24.28987776,32.58153504
1761,528,34.45242792,42.73466688
1761,529,46.503336,41.85903744
1761,530,57.75039504,41.55509088
1761,531,69.91307328,45.60405408
1761,532,82.59842256,42.69187296
1761,533,93.69497136,37.2965472
1761,534,103.58594472,34.43593824
1761,535,112.9061496,32.32916064
1761,536,121.38955656,28.09256256
1761,537,128.35701024,23.26891968
1761,538,135.14484528,24.798528
1761,539,141.33070032,18.0008784
1761,540,146.078448,16.82020512
1761,541,151.08445272,20.01767904
1761,542,157.0955964,23.52678048
1761,543,163.46262456,20.80333152
1761,544,169.39814736,21.9456
1761,545,175.57720536,23.51141856
1761,546,181.86010872,21.20822784
1761,547,187.85351304,22.00265856
1761,548,193.9576512,21.94450272
1761,549,200.04813432,21.85013664
1761,550,206.12261544,21.98839392
1761,551,212.33895048,22.7301552
1761,552,218.68452072,25.53590016
1761,553,225.68172288,23.92509312
1761,554,232.49013192,24.6888
1761,555,239.28717192,23.74184736
1761,556,245.75158368,23.53775328
1761,557,252.31920072,22.98143232
1761,558,258.93174528,25.3252224
1761,559,265.88133768,23.52458592
1761,560,271.95036288,21.31905312
1761,561,278.00801904,21.81721824
1761,562,284.07820248,21.9456
1761,563,290.16499752,21.9236544
1761,564,296.72505552,26.36544384
1761,565,304.6843284,32.15469312
1761,566,313.68190248,31.56435648
1761,567,322.89801816,34.75524672
1761,568,332.55344208,34.7618304
1761,569,342.1736616,34.50287232
1761,570,351.79318008,34.756344
1761,571,361.41940416,31.90999968
1761,572,369.25096584,24.21587232
1761,573,375.69331008,21.9949776
1761,574,382.04235504,25.90787808
1761,575,389.7982044,28.60828416
1761,576,397.74897336,29.48281632
1761,577,406.25581944,28.2714192
1761,578,413.65249248,26.62330464
1761,579,421.08376032,26.70011424
1761,580,428.52981096,26.2743696
1761,581,434.70841176,15.6746448
1761,582,439.2311256,18.7854336
1761,583,444.52038096,19.11352032
1761,584,449.84932128,18.97416576
1761,585,454.35828864,15.5319984
1761,586,460.06807656,24.92581248
1761,587,467.00203272,25.08601536
1761,588,473.962476,24.93678528
1761,589,480.88847688,24.93349344
1761,590,487.81399008,24.935688
1761,591,494.75382888,23.94045504
1761,592,499.0183314,15.3728928
1770,530,20.4677264,26.938224
1770,531,25.9291836,31.02120288
1770,532,35.4541836,37.81556064
1770,533,46.50351888,40.3414992
1770,534,57.14244096,39.60302976
1770,535,69.29448168,47.71302624
1770,536,81.8317896,39.47355072
1770,537,91.97422296,32.92059456
1770,538,100.8862092,31.84416288
1770,539,109.55597088,29.04170976
1770,540,116.88077208,24.25647168
1770,541,123.43183848,21.91158432
1770,542,130.2664908,31.79697984
1770,543,138.2604804,23.58383904
1770,544,144.46867728,21.8468448
1770,545,150.76224864,25.3307088
1770,546,157.39564152,21.94669728
1770,547,163.59627936,22.53374208
1770,548,169.92383592,24.35742144
1770,549,176.87150808,24.55054272
1770,550,183.4518048,24.00738912
1770,551,190.35223296,24.81827904
1770,552,197.04561048,23.15370528
1770,553,203.24252976,22.43169504
1770,554,209.69130528,23.59810368
1770,555,216.23310576,23.51909952
1770,556,222.84302904,26.19865728
1770,557,230.73875112,27.17304192
1770,558,237.57599424,22.6478592
1770,559,243.67315248,21.90938976
1770,560,249.76787232,21.98839392
1770,561,255.9888708,23.40278784
1770,562,262.75259616,24.4803168
1770,563,269.11968528,21.2433408
1770,564,275.08843128,21.94669728
1770,565,281.24127648,22.7027232
1770,566,287.65024512,25.29120672
1770,567,295.12223424,27.43858368
1770,568,303.19025976,31.74650496
1770,569,312.22273344,32.63530176
1770,570,321.41833608,35.17769952
1770,571,331.74230832,36.51638112
1770,572,341.69043168,37.33604928
1770,573,351.74176032,32.69126304
1770,574,359.9479212,25.71365952
1770,575,366.7099092,24.37497792
1770,576,373.93095648,27.23010048
1770,577,381.49386744,27.22790592
1770,578,389.08795944,27.38481696
1770,579,396.66409872,27.22790592
1770,580,404.22704016,27.2290032
1770,581,411.79071312,27.33105024
1770,582,419.2993392,24.93678528
1770,583,425.8013328,22.78940832
1770,584,431.94725904,21.94669728
1770,585,438.03862608,21.86110944
1770,586,444.09777576,22.35269088
1770,587,450.71364264,24.97080096
1770,588,457.65058584,24.97299552
1770,589,464.58813864,24.9137424
1770,590,471.55885368,25.1935488
1770,591,478.50603816,24.97628736
1770,592,485.44316424,24.97189824
1770,593,492.36703152,22.99789152
1770,594,497.7304752,25.4647337142857
1773,528,20.575524,16.130016
1773,529,25.11542856,20.7001872
1773,530,33.21372072,38.08878336
1773,531,44.44877064,42.43949856
1773,532,55.53644976,37.38762144
1773,533,66.7118808,44.04262464
1773,534,79.08258504,43.397424
1773,535,89.91731064,32.89425984
1773,536,99.36367224,37.1593872
1773,537,109.17131328,30.15105984
1773,538,117.55611744,31.99558752
1773,539,125.30501736,15.99614784
1773,540,130.3023048,22.64347008
1773,541,136.89522024,23.54104512
1773,542,142.95632064,19.73128896
1773,543,148.7640408,22.36476096
1773,544,155.21717496,24.06005856
1773,545,162.1211388,25.594056
1773,546,168.80869464,23.10542496
1773,547,176.09612736,28.93746816
1773,548,183.27005256,21.55935744
1773,549,189.2641884,21.99936672
1773,550,195.67343136,24.304752
1773,551,202.7549412,24.84900288
1773,552,208.99733664,22.23747648
1773,553,215.8432056,26.26668864
1773,554,223.08397344,25.02785952
1773,555,229.59620832,22.63359456
1773,556,235.96384608,23.38413408
1773,557,242.56294896,24.43971744
1773,558,249.65783952,24.51652704
1773,559,256.16004648,23.81207328
1773,560,263.06867376,24.62954688
1773,561,269.4261312,21.3914736
1773,562,275.42304072,21.9456
1773,563,281.51901024,21.9456
1773,564,287.59492392,21.82819104
1773,565,294.11697336,26.26120224
1773,566,301.6767144,27.50990688
1773,567,309.57883728,30.97950624
1773,568,318.58546392,33.26733504
1773,569,328.3471716,36.8247168
1773,570,338.13814008,34.372296
1773,571,348.17553936,36.26181216
1773,572,357.6536916,31.0585104
1773,573,365.71156728,27.35409312
1773,574,373.02234768,23.60468736
1773,575,379.20171048,23.25026592
1773,576,386.37755592,27.99929376
1773,577,394.13852592,27.82043712
1773,578,401.84682648,28.16608032
1773,579,409.97340408,29.33797536
1773,580,417.6916716,24.73488576
1773,581,423.95101392,23.76927936
1773,582,430.7305584,30.3384204
1776,516,22.29496176,33.3682848
1776,517,29.89344288,37.15828992
1776,518,40.36704144,37.1868192
1776,519,50.0721037333333,36.1212384
1784,534,24.07773696,34.30426464
1784,535,33.70707,35.20732608
1784,536,44.01778344,39.41539488
1784,537,54.99250368,41.56825824
1784,538,68.1630336,56.57356224
1784,539,81.83206392,31.82989824
1784,540,90.2433552,30.1367952
1784,541,98.77537776,31.36355424
1784,542,107.99420616,36.60964992
1784,543,117.50798952,26.90311104
1784,544,124.6238808,22.58421696
1784,545,130.95850872,30.1752
1784,546,138.78842448,22.73893344
1784,547,144.82139184,23.31390816
1784,548,151.8320052,26.32045536
1784,549,159.15552624,25.14526848
1784,550,165.83089008,23.68698336
1784,551,172.98896568,29.65070016
1784,552,180.66946848,25.07175072
1784,553,187.3511112,24.31682208
1784,554,194.33368296,24.55932096
1784,555,200.78261088,22.78831104
1784,556,207.2679624,23.87900736
1784,557,213.9920028,24.32889216
1784,558,220.7382936,23.87022912
1784,559,227.30920248,24.04908576
1784,560,233.93357328,25.27474752
1784,561,241.4037336,25.0344432
1784,562,247.79154912,23.14273248
1784,563,254.21548344,23.16248352
1784,564,261.06369936,25.78278816
1784,565,267.76859832,21.63945888
1784,566,273.72880992,22.576536
1784,567,280.67495808,27.404568
1784,568,288.27154944,27.31020192
1784,569,295.96009896,29.6978832
1784,570,304.79484888,33.03251712
1784,571,313.87636488,32.52228192
1784,572,323.21836296,36.25083936
1784,573,333.60082632,35.57601216
1784,574,342.91679448,31.62141504
1784,575,350.89880544,24.6229632
1784,576,357.21136584,21.54180096
1784,577,363.17913648,21.79417536
1784,578,369.82639776,27.01942272
1784,579,377.41939248,27.66023424
1784,580,385.78273872,33.15212064
1784,581,394.95712728,32.26771296
1784,582,403.47653112,27.75240576
1784,583,410.51859984,23.84608896
1784,584,417.39254088,24.92910432
1784,585,424.28620248,24.79633344
1784,586,431.17443864,24.798528
1784,587,438.05432328,24.79194432
1784,588,444.66263112,21.67347456
1784,589,449.96288976,16.4372544
1784,590,454.95017976,20.96133984
1784,591,461.19406872,23.28208704
1784,592,467.72267136,25.7092704
1784,593,475.22102568,26.64634752
1784,594,482.34907848,24.7930416
1784,595,489.03404352,23.40607968
1784,596,495.53527512,23.43131712
1784,597,501.697514933333,23.3025696
1786,535,22.498558,34.6959936
1786,536,30.26261664,37.664136
1786,537,40.46643672,36.02699424
1786,538,51.1593084,41.57703648
1786,539,62.74573176,41.72736384
1786,540,74.37772272,41.4168336
1786,541,85.10406144,34.95275712
1786,542,94.61217552,32.22382176
1786,543,102.82501152,27.08416224
1786,544,110.3557356,27.23339232
1786,545,118.17406896,28.63242432
1786,546,125.55074712,23.57067168
1786,547,132.28816824,25.86508416
1786,548,139.08904872,23.33475648
1786,549,146.12730744,27.48357216
1786,550,153.39645216,25.38118368
1786,551,160.830768,27.01613088
1786,552,168.26904624,27.07428672
1786,553,175.88023752,27.4539456
1786,554,183.510936,27.26521344
1786,555,190.6670304,24.52311072
1786,556,197.1710052,22.686264
1786,557,203.39035776,21.93572448
1786,558,209.67563856,24.17527296
1786,559,216.64571352,24.69867552
1786,560,223.04800704,22.88816352
1786,561,230.08090128,27.4100544
1786,562,237.55450584,24.44959296
1786,563,243.82387608,21.94121088
1786,564,249.9190836,21.99826944
1786,565,256.16919048,23.90863392
1786,566,263.1243912,25.05529152
1786,567,269.56255968,21.29491296
1786,568,275.69437368,23.45106816
1786,569,282.66319896,27.3112992
1786,570,290.24909184,27.50112864
1786,571,298.55416032,32.79111552
1786,572,307.68380424,32.55958944
1786,573,317.08417152,37.11988512
1786,574,328.2420156,41.9764464
1786,575,338.92833408,31.58191296
1786,576,346.62063264,23.6024928
1786,577,352.79725224,21.94669728
1786,578,358.86173592,21.51985536
1786,579,364.870746,21.9456
1786,580,371.06559264,24.0688368
1786,581,378.36372384,28.3592016
1786,582,386.84490576,32.29185312
1786,583,395.66478144,29.79334656
1786,584,403.7158296,28.7651952
1786,585,411.3800256,26.81532864
1786,586,418.8550932,26.70669792
1786,587,423.3150792,27.5307552
1798,540,20.9010504,29.07792
1798,541,25.33720104,29.27981952
1798,542,34.10303568,34.63674048
1798,543,43.70941728,33.94216224
1798,544,52.55291496,28.92868992
1798,545,61.4016552,38.21716512
1798,546,71.85809352,37.28228256
1798,547,82.19273376,34.70148
1798,548,91.11517464,31.17591936
1798,549,100.03746312,32.43120768
1798,550,108.83819736,29.55084768
1798,551,116.80335288,35.085528
1798,552,126.75751128,30.38697504
1798,553,134.90146248,28.64010528
1798,554,142.71342552,28.3976064
1798,555,150.61164696,28.78604352
1798,556,159.04857192,31.24724256
1798,557,167.25159336,28.1397456
1798,558,175.448976,30.4001424
1798,559,183.39462432,27.1741392
1798,560,191.39227152,29.28530592
1798,561,199.21532928,27.25972704
1798,562,206.8337748,28.10572992
1798,563,214.9842792,30.08302848
1798,564,222.95126352,27.2344896
1798,565,230.53566288,27.58452192
1798,566,237.73860504,22.64566464
1798,567,243.82235208,21.94121088
1798,568,249.9180168,21.9456
1798,569,256.01804016,22.31099424
1798,570,262.41503016,23.39291232
1798,571,268.67863968,21.40025184
1798,572,274.64909256,22.5984816
1798,573,281.59560648,27.42541632
1798,574,289.40555784,30.71176992
1798,575,298.4283084,33.76111104
1798,576,308.29611696,36.56246688
1798,577,318.59817408,37.04088096
1798,578,329.03644632,37.7025408
1798,579,338.68732872,30.0764448
1798,580,346.48377744,27.45284832
1798,581,353.53377096,22.14201312
1798,582,359.85773088,23.87022912
1798,583,366.215676,24.359616
1799,536,18.0191664,36.2541312
1799,537,23.58661272,35.96993568
1799,538,33.08274816,34.20989856
1799,539,43.6302912,43.73648352
1799,540,54.69447024,26.20743552
1799,541,64.126872,39.58547328
1799,542,75.32571168,40.61472192
1799,543,86.1777804,36.01931328
1799,544,95.55574488,30.76882848
1799,545,103.5789648,29.76701184
1799,546,111.7376988,26.8723872
1799,547,118.73380368,25.2703584
1799,548,126.03272736,24.6119904
1799,549,132.93525864,26.80325856
1799,550,140.5598916,30.93451776
1799,551,149.5086672,29.59803072
1799,552,157.32733584,27.43090272
1799,553,164.91283248,26.965656
1799,554,172.15198488,25.56991584
1799,555,179.135532,24.10065792
1799,556,185.98414416,26.16354432
1799,557,193.389504,26.71547616
1799,558,200.63712984,25.41081024
1799,559,207.53975256,24.69648096
1799,560,214.706454,26.25681312
1799,561,221.51992272,22.02899328
1799,562,227.56617936,21.94450272
1799,563,233.66086872,22.00924224
1799,564,239.69270832,21.43207296
1799,565,245.63975256,20.90537856
1799,566,251.37020592,21.00962016
1799,567,257.23955664,21.0293712
1799,568,263.23728912,22.51508832
1799,569,269.57877504,21.83148288
1799,570,275.26561152,20.16032544
1799,571,281.11158408,22.6752912
1799,572,286.14428928,26.03406528
1802,584,362.2005456,31.9610232
1802,585,368.61655512,33.18613632
1802,586,377.83459104,33.18503904
1802,587,387.07576128,33.35072832
1802,588,396.31632192,33.18503904
1802,589,405.53390064,33.18394176
1802,590,414.76226928,33.27940512
1802,591,424.02599472,32.91071904
1802,592,432.05851104,21.17311488
1802,593,437.98537752,22.33732896
1802,594,444.20497392,22.45912704
1802,595,450.44386416,22.51508832
1802,596,456.61777104,23.65516224
1802,597,464.11899048,25.52931648
1802,598,471.17258064,27.16426368
1802,599,479.58493872,30.44842272
1802,600,488.09906952,28.10243808
1802,601,493.8355884,10.64142144
1802,602,496.41742728,6.68462976
1802,603,497.6948136,3.33792576
1802,604,498.48570864,2.70369792
1802,605,499.23697968,2.7047952
1802,606,499.98806784,2.65102848
1802,607,500.72153856,2.69162784
1802,608,501.47262672,2.70369792
1802,609,502.22380632,2.7047952
1802,610,502.9751688,2.70369792
1802,611,503.72640936,2.70369792
1802,612,504.4776804,2.70369792
1802,613,505.2290124,2.7047952
1802,614,505.98022248,2.7047952
1802,615,506.73161544,2.70369792
1802,616,507.48276456,2.70369792
1802,617,508.0839216,2.7084528
1805,542,20.4234288,28.200096
1805,543,25.64684736,28.40528736
1805,544,33.5641188,27.17194464
1805,545,41.68895904,23.80987872
1805,546,49.92733728,24.59114208
1805,547,57.27249912,28.49526432
1805,548,65.79437184,33.11152128
1805,549,75.03548112,33.60639456
1805,550,83.98218408,30.08522304
1805,551,92.205048,28.9901376
1805,552,99.98839032,27.67010976
1805,553,107.9679324,29.44111968
1805,554,116.26757544,30.53291328
1805,555,124.50964176,28.65766176
1805,556,133.17083856,32.96558304
1805,557,141.59496192,27.94333248
1805,558,149.67908088,31.162752
1805,559,158.86197336,34.95275712
1805,560,168.20747664,32.16566592
1805,561,177.26841864,32.26881024
1805,562,186.04662816,30.67336512
1805,563,194.46127224,31.11666624
1805,564,203.30562336,31.52814624
1805,565,211.9384128,30.93451776
1805,566,220.52246472,30.98060352
1805,567,229.18677048,30.81820608
1805,568,237.42810528,28.21436064
1805,569,244.98476784,26.6748768
1805,570,252.11224152,24.07651776
1805,571,258.41870592,22.20126624
1805,572,264.14434344,17.62999776
1805,573,270.21995232,24.60869856
1805,574,277.39991256,26.0165088
1805,575,284.9366412,27.30800736
1805,576,292.51951656,28.0739088
1805,577,300.99009144,32.91071904
1805,578,310.18618176,34.53030432
1805,579,320.15301984,37.69266528
1805,580,330.96473304,37.07379936
1805,581,340.59059136,30.7951632
1805,582,348.62374776,30.31565184
1805,583,357.49921896,33.87522816
1805,584,367.7002044,39.02695776
1805,585,378.70202136,30.02596992
1805,586,387.85766472,38.6846064
1805,587,399.82219248,40.59826272
1805,588,410.39448528,35.57601216
1805,589,419.77308984,30.18836736
1805,590,427.53933288,27.2728944
1805,591,435.31941384,28.11011904
1805,592,443.10830352,28.04428224
1805,593,450.91919976,28.15291296
1805,594,458.78413704,29.6320464
1805,595,467.2113084,21.00523104
1805,596,475.06975344,34.9922592
1805,597,484.58692008,31.4590176
1805,598,492.63507264,25.0015248
1805,599,498.000571542857,20.1241152
1813,552,86.9740704,30.5702208
1813,553,93.27736488,37.07599392
1813,554,104.19319776,34.65978336
1813,555,113.3151912,33.44838624
1813,556,122.16938736,27.3003264
1813,557,131.28336456,34.67514528
1813,558,140.42056752,31.83977376
1813,559,149.48236296,32.67480384
1813,560,158.87023344,34.93410336
1813,561,168.18126384,32.87231424
1813,562,177.16646304,30.31674912
1813,563,185.1193656,28.73556864
1813,564,193.36508952,30.17849184
1813,565,201.75577632,30.80394144
1813,566,210.67169448,32.8525632
1813,567,219.79259064,30.73042368
1813,568,227.9463564,29.52122112
1813,569,235.68483216,23.03629632
1813,570,241.64928048,20.3984352
1813,571,247.89700992,26.087832
1813,572,254.53780944,22.09044096
1813,573,260.57071584,21.92584896
1813,574,266.70006096,21.43207296
1813,575,272.8909452,24.83803008
1813,576,280.16066904,26.5157712
1813,577,287.6697828,27.3661632
1813,578,295.51438992,30.60204192
1813,579,304.49797368,33.02922528
1813,580,313.7216484,35.46738144
1813,581,324.10685496,38.27202912
1813,582,334.69511928,33.58993536
1813,583,342.85653552,27.1741392
1813,584,350.440752,27.51319872
1813,585,358.33470624,30.806136
1813,586,367.3140228,32.99850144
1813,587,376.73459832,36.33423264
1813,588,387.5452752,40.7584656
1813,589,398.50890072,37.32178464
1813,590,408.41928984,33.26843232
1813,591,417.08728368,28.4963616
1813,592,423.86289624,19.24519392
1813,593,428.92013784,18.3739536
1813,594,434.01669864,18.8402976
1813,595,440.13732648,25.49639808
1813,596,447.35605728,26.07356736
1813,597,454.59865392,26.07466464
1813,598,461.841342,26.07356736
1813,599,469.01093904,15.95554848
1813,600,473.49774744,25.27913664
1813,601,482.13727296,32.41035936
1813,602,489.784644,15.46506432
1813,603,492.72105672,4.20916608
1813,604,493.13265864,0.36539424
1813,605,493.2340656,0.36429696
1813,606,493.33553352,0.36649152
1813,607,493.4370624,0.36539424
1813,608,493.53837792,0.36539424
1813,609,493.63615776,0.23810976
1813,610,493.73997264,0.53876448
1813,611,493.89215928,0.54864
1813,612,494.04455928,0.54864
1813,613,494.19695928,0.54864
1813,614,494.9839224,7.51746528
1813,615,500.02187016,3.37523328
1813,616,500.76043104,2.61481824
1813,617,501.4871352,2.61811008
1813,618,502.104747085714,2.62093165714286
1815,557,121.5291448,22.9294944
1815,558,126.53241648,21.23675712
1815,559,132.78456552,26.12404224
1815,560,140.11296336,26.1262368
1815,561,147.39116064,27.82263168
1815,562,155.67474072,30.77980128
1815,563,164.3484648,31.91877792
1815,564,173.68543368,34.62028128
1815,565,182.68075224,30.2959008
1815,566,191.33048856,31.68615456
1815,567,199.73693352,29.023056
1815,568,208.28175768,33.12249408
1815,569,217.47949392,31.01352192
1815,570,225.3811596,27.1521936
1815,571,232.43371344,22.35598272
1815,572,238.53163368,21.753576
1815,573,244.5160464,21.22249248
1815,574,250.5314268,22.01911776
1815,575,256.86681672,24.95104992
1815,576,264.25422384,27.06770304
1815,577,271.71310656,26.73632448
1815,578,279.2705616,27.42870816
1815,579,287.02372872,28.17376128
1815,580,294.67061208,27.44955648
1815,581,302.5082088,30.77541216
1815,582,311.4649092,32.64298272
1815,583,320.61915048,33.77757024
1815,584,330.2809752,34.75963584
1815,585,339.60258216,32.66712288
1815,586,348.69083424,32.91949728
1815,587,357.81240096,32.45534784
1815,588,366.8505744,33.659064
1815,589,376.6965288,36.81813312
1815,590,386.94491064,36.9728496
1815,591,397.19338392,36.81593856
1815,592,407.4590784,35.9798112
1815,593,416.42745264,25.93311552
1815,594,422.9520624,21.9456
1815,595,429.08832648,22.47558624
1815,596,435.75469872,25.68403296
1815,597,442.90042992,25.33180608
1815,598,449.44686336,21.9456
1815,599,455.62305624,24.20709408
1815,600,462.92649096,27.48466944
1815,601,471.11027952,31.66859808
1815,602,479.85066336,27.46162656
1815,603,485.87454768,12.06569088
1815,604,487.56947952,1.36282176
1815,605,487.92579072,1.27503936
1815,606,488.28027312,1.32880608
1815,607,488.49540096,0.09217152
1815,608,488.59949016,0.78126336
1815,609,488.80391952,0.03621024
1815,610,488.81352072,0
1815,611,488.88965976,0.56290464
1815,612,489.053124,0.59911488
1815,613,489.26925768,2.25710496
1815,614,490.572552,6.39823968
1815,615,492.33228432,5.77059552
1815,616,494.89906608,13.26830976
1815,617,498.651276,13.47898752
1815,618,502.39217784,13.5184896
1815,619,504.45924,13.5294624
1819,545,19.3457322,21.1884768
1819,546,24.26796264,22.01253408
1819,547,30.85264848,26.00663328
1819,548,37.64819496,21.67347456
1819,549,43.55436552,24.06225312
1819,550,50.88489696,27.239976
1819,551,58.42689864,27.79519968
1819,552,66.4619448,29.46416256
1819,553,74.64527616,29.07572544
1819,554,82.15463376,25.41629664
1819,555,89.356692,25.7915664
1819,556,96.10362288,24.0084864
1819,557,103.31647104,26.89213824
1819,558,110.43120408,24.52640256
1819,559,117.14826456,24.08090688
1819,560,123.8446596,22.43498688
1819,561,129.62238744,22.09702464
1819,562,136.25315904,17.65413792
1819,563,141.81380832,28.4853888
1819,564,150.29133264,32.03728416
1819,565,159.19484544,31.21651872
1819,566,167.70854952,30.3727104
1819,567,176.47886472,31.601664
1819,568,184.9386192,29.73519072
1819,569,193.06083816,28.83212928
1819,570,200.93708352,27.41224896
1819,571,208.77958752,32.81854752
1819,572,217.6756632,30.53291328
1819,573,225.5904048,25.84423584
1819,574,232.63942296,24.79084704
1819,575,239.4796836,24.53298624
1819,576,246.25227864,24.25427712
1819,577,252.8527836,23.05275552
1819,578,259.23962376,24.09297696
1819,579,266.46627936,27.84018816
1819,580,273.98145864,27.349704
1819,581,281.57253312,27.29045088
1819,582,289.1841816,27.43309728
1819,583,296.8044864,27.432
1819,584,304.424334,27.432
1819,585,311.99382864,27.15329088
1819,586,319.5928584,28.01465568
1819,587,327.81334488,30.89501568
1819,588,336.02834496,27.7556976
1819,589,343.8299448,30.61520928
1819,590,352.8061524,32.91949728
1819,591,361.86767352,32.44766688
1819,592,370.9752804,32.9184
1819,593,380.178564,34.28561088
1819,594,390.20895288,36.5503968
1819,595,399.40830456,28.5951168
1819,596,407.15119992,27.432
1819,597,414.78183744,27.44407008
1819,598,422.1074616,26.32045536
1819,599,429.51846024,25.96822848
1819,600,436.55153736,25.1606304
1819,601,443.54233872,25.23963456
1819,602,450.68252256,22.99789152
1819,603,455.00473896,8.64766368
1819,604,459.10051944,9.75811104
1819,605,461.04304032,7.0116192
1819,606,463.79962104,13.30232544
1819,607,467.73370512,15.62746176
1819,608,472.38050304,16.87506912
1819,609,477.1273668,16.26059232
1819,610,479.97934992,0.5321808
1819,611,480.18231624,0.83722464
1819,612,480.34139136,1.64701728
1819,613,481.68528504,7.99258752
1819,614,484.01097,8.44137504
1819,615,486.40416816,9.08986752
1819,616,488.66703384,6.76912032
1819,617,490.52585664,6.68572704
1819,618,492.34932264,7.3078848
1819,619,495.83056536,17.1614592
1819,620,500.587518,12.57373152
1819,621,502.28385192,0
1819,622,502.2838824,0
1824,576,240.3725952,20.889468
1824,577,245.63444904,21.76015968
1824,578,251.8606596,22.89913632
1824,579,258.14840928,22.34500992
1824,580,264.78442344,28.21874976
1824,581,272.4636156,26.64963936
1824,582,280.03938912,27.43090272
1824,583,287.65862712,27.56696544
1824,584,295.10601888,25.75206432
1824,585,302.32173216,26.07027552
1824,586,309.53945712,25.78278816
1824,587,316.7251476,26.06698368
1824,588,323.96594592,26.0658864
1824,589,331.20586032,26.06369184
1824,590,338.44851792,26.04064896
1824,591,345.6209496,25.93092096
1824,592,353.22168624,30.81052512
1824,593,362.17485096,31.9966848
1824,594,370.68669576,28.5128208
1824,595,378.37097808,27.7995888
1824,596,386.44445952,30.04242912
1824,597,394.57503,25.53041376
1824,598,400.97805504,21.94669728
1824,599,407.06911728,20.74737024
1824,600,412.74397512,21.24443808
1824,601,418.82814888,20.87355744
1824,602,424.18519176,18.17863776
1824,603,429.80829456,21.92255712
1824,604,435.91310328,21.01620384
1824,605,441.68894136,21.41561376
1824,606,447.71852544,20.6672688
1824,607,453.11388168,17.2053504
1824,608,458.3187684,20.80552608
1824,609,463.30157784,11.80344096
1824,610,466.4706444,9.48818016
1824,611,468.04755768,0.02962656
1824,612,468.08038464,0.35990784
1824,613,468.19995768,0.20958048
1824,614,468.250524,0
1824,615,468.250524,0
1824,616,468.250524,0
1824,617,468.25281,0.03182112
1824,618,468.26341704,0.1700784
1824,619,468.59025408,1.81380384
1824,620,469.35066912,5.4644544
1824,621,471.43108152,6.64732224
1824,622,473.32108536,7.84774656
1824,623,476.84036712,17.70571008
1824,624,481.52300952,15.01956864
1824,625,485.97156552,17.68486176
1824,626,491.39755416,21.12483456
1824,627,497.078033866667,22.9904544
1825,549,12.5493272,24.5571264
1825,550,16.99497744,27.01283904
1825,551,25.21491528,21.76674336
1825,552,31.39229688,20.27005344
1825,553,38.8312152,24.69757824
1825,554,46.16570904,27.42980544
1825,555,54.06447912,29.52012384
1825,556,62.55294576,31.62799872
1825,557,71.3520036,31.67627904
1825,558,80.03292096,26.56075968
1825,559,86.935818,24.69648096
1825,560,94.07426448,27.16206912
1825,561,101.64955032,26.57831616
1825,562,109.06253016,25.60283424
1825,563,115.61457192,22.67638848
1825,564,122.0827632,23.55750432
1825,565,128.23847352,21.5944704
1825,566,134.1943341,25.5364488
1833,548,22.79523,21.92145984
1833,549,29.02104432,24.50116512
1833,550,36.05338992,28.07829792
1833,551,44.1743592,29.70666144
1833,552,51.89259624,21.18518496
1833,553,57.89426064,25.15733856
1833,554,65.5292568,28.748736
1833,555,73.50916464,28.76629248
1833,556,81.49251672,27.07318944
1833,557,88.54708224,23.82085152
1833,558,94.89731592,23.38193952
1833,559,101.43737904,24.09846336
1833,560,108.31415472,23.57176896
1833,561,114.76942248,26.11965312
1833,562,122.40258984,27.075384
1833,563,129.4284432,24.6558816
1833,564,136.40382168,24.37936704
1833,565,143.13054432,24.32779488
1833,566,149.95202928,24.64820064
1833,567,156.74730144,24.76890144
1833,568,163.58990904,23.71441536
1833,569,170.11765824,24.58236384
1833,570,177.2980452,27.02161728
1833,571,185.0609964,28.6280352
1833,572,193.23487896,30.63386304
1833,573,201.91753368,30.81271968
1833,574,210.42745824,31.41073728
1833,575,219.32774016,29.00769408
1833,576,226.46332152,23.27221152
1833,577,232.80559992,22.76417088
1833,578,239.23398432,22.50301824
1833,579,245.34894288,22.24515744
1833,580,251.3724843,26.910792
1835,595,392.5827048,28.8255456
1835,596,397.75049736,26.74181088
1835,597,404.4746292,22.48985088
1835,598,410.7076368,21.84465024
1835,599,416.89535112,23.28867072
1835,600,423.3789348,23.32597824
1835,601,429.65875968,21.91377888
1835,602,435.66761736,20.40501888
1835,603,441.2533212,21.00962016
1835,604,447.29534112,21.02607936
1835,605,452.76985392,17.82860544
1835,606,457.53549336,17.14280544
1835,607,462.10993176,14.63332608
1835,608,465.60406752,10.68092352
1835,609,467.97400944,6.09209856
1835,610,469.62940872,5.9856624
1835,611,471.26283192,5.83314048
1835,612,472.88339256,5.83314048
1835,613,474.5039532,5.83314048
1835,614,476.12460528,5.8320432
1835,615,477.7451964,5.8320432
1835,616,479.37493152,5.87812896
1835,617,480.4926636,3.36426048
1835,618,482.32173792,8.28775584
1835,619,484.56323712,8.04745152
1835,620,486.80296848,6.75814752
1835,621,490.74067968,12.77672832
1835,622,494.0920776,11.72333952
1835,623,497.6631144,19.1036448
1840,575,205.1189192,24.3486432
1840,576,209.2957968,24.3431568
1840,577,216.53513208,25.89361344
1840,578,223.28639112,22.3790256
1840,579,229.43451192,22.68955584
1840,580,235.64203824,22.01472864
1840,581,242.0098284,25.64672544
1840,582,249.46883304,30.48573024
1840,583,259.58252376,38.13267456
1840,584,267.17140368,22.21553088
1840,585,274.68420552,28.59182496
1840,586,282.47592984,27.43309728
1840,587,290.0961432,27.43090272
1840,588,297.71602128,27.43419456
1840,589,305.33535072,27.54611712
1840,590,312.89265336,27.02820096
1840,591,320.5100016,27.85006368
1840,592,328.46519016,29.14595136
1840,593,336.3416184,27.32556384
1840,594,344.24715504,31.1846976
1840,595,353.26039584,32.92169184
1840,596,362.21886408,30.39904512
1840,597,370.13016144,27.432
1840,598,377.74973472,27.56806272
1840,599,385.75911672,30.03804
1840,600,393.98368752,26.32813632
1840,601,400.51920912,21.9456
1840,602,406.6150872,21.9456
1840,603,412.71404376,22.02460416
1840,604,418.7484132,20.02645728
1840,605,424.08107208,19.42075872
1840,606,429.47892768,19.723608
1840,607,435.03735192,18.51989184
1840,608,440.12101968,19.82894688
1840,609,445.47675192,13.88717568
1840,610,450.87329688,21.14348832
1840,611,455.93788416,13.14980352
1840,612,458.53316472,4.49665344
1840,613,459.73520448,3.4344864
1840,614,460.20660816,0.77138784
1840,615,460.59154008,1.64592
1840,616,461.05718304,1.41988032
1840,617,461.2331136,0
1840,618,461.2331136,0
1840,619,461.2550592,0.73627488
1840,620,461.79550008,2.74210272
1840,621,462.56606496,2.24613216
1840,622,463.79288496,8.58731328
1840,623,466.52294808,7.5931776
1840,624,469.43442816,12.84146784
1840,625,473.38161864,16.65341856
1840,626,478.30956408,18.66802464
1840,627,483.1934964,16.88494464
1840,628,488.60302584,22.40206848
1840,629,494.883186,23.44667904
1840,630,501.94960824,27.35299584
1854,556,18.5286396,28.309824
1854,557,24.01007136,28.01136384
1854,558,31.7513208,28.85956128
1854,559,40.76788392,36.6052608
1854,560,50.96222472,36.676584
1854,561,60.8603642666667,32.5245984
1854,562,66.91499952,15.97310496
1854,563,74.86189752,32.75161344
1854,564,83.64211872,28.9517328
1854,565,91.22020872,24.8643648
1854,566,97.63591344,21.5725248
1854,567,103.99925352,24.78426336
1854,568,110.5437972,21.02169024
1854,569,116.7388572,24.57029376
1854,570,123.19860552,20.87465472
1854,571,128.7325848,19.01695968
1854,572,134.64762504,23.05824192
1854,573,140.99417064,24.0468912
1854,574,147.88777128,26.13940416
1854,575,155.34616632,27.432
1854,576,162.94824408,27.2728944
1854,577,170.54297616,27.267408
1854,578,178.36609488,29.67922944
1854,579,186.58146072,30.57680448
1854,580,195.48223032,32.9513184
1854,581,204.6090396,32.96119392
1854,582,213.94844688,34.03323648
1854,583,222.9349872,29.32261344
1854,584,230.94217464,28.13755104
1854,585,238.43687136,26.56075968
1854,586,245.95205064,27.01942272
1854,587,253.25944776,28.32957504
1854,588,262.2497676,35.085528
1854,589,271.526508,32.24796192
1854,590,280.12982328,25.21768896
1854,591,287.062926,27.08525952
1854,592,294.6742392,27.43090272
1854,593,302.25714504,26.70669792
1854,594,309.1810428,22.49204544
1854,595,315.21906984,21.9565728
1854,596,321.6999408,23.6079792
1854,597,328.73012232,27.42761088
1854,598,336.34899456,27.42761088
1854,599,343.90785168,26.68914144
1854,600,351.00106584,23.50812672
1854,601,357.51034416,24.304752
1854,602,364.03339944,22.85853696
1854,603,370.22599056,21.781008
1854,604,376.47088536,24.43862016
1854,605,383.4920448,25.54248384
1854,606,390.5937324,25.43824224
1854,607,397.65283944,25.40971296
1854,608,404.70898992,25.51176
1854,609,411.27858816,19.55572416
1854,610,416.86654752,21.63945888
1854,611,422.8722048,21.26199456
1854,612,428.90172792,22.0992192
1854,613,434.58899112,17.0242992
1854,614,438.50533584,11.1264192
1854,615,440.84842488,5.68281312
1854,616,441.82247424,0.41257728
1854,617,441.8341176,0
1854,618,441.8341176,0
1854,619,441.83936016,0.25566624
1854,620,441.97591056,0.57278016
1854,621,442.26577536,1.28162304
1854,622,442.62144648,1.3331952
1854,623,443.06349792,0.88660224
1854,624,443.2063272,0
1854,625,443.48656032,3.90412224
1854,626,445.70044464,12.4376688
1854,627,449.81841456,15.55065216
1854,628,454.06577208,18.21813984
1854,629,459.80762496,21.81831552
1854,630,465.85458264,22.15847232
1854,631,470.79380568,6.62866848
1854,632,475.279212,26.691336
1854,633,482.70343896,26.73083808
1854,634,490.14272304,24.11163072
1854,635,496.47079776,23.65625952
1858,552,9.3829632,31.4699904
1858,553,13.58069928,31.94511264
1858,554,22.25210688,18.7854336
1858,555,31.32737448,37.6751088
1858,556,38.39699712,12.72405888
1858,557,43.80134496,20.24262144
1858,558,51.03656544,29.87783712
1858,559,59.59858032,30.80503872
1858,560,68.07247752,30.41221248
1858,561,76.54603944,30.70957536
1858,562,84.91734096,26.9766288
1858,563,91.98629304,24.16320288
1858,564,98.70667584,25.14636576
1858,565,105.56711424,23.76598752
1858,566,112.2072432,24.43423104
1858,567,119.08895664,24.31791936
1858,568,125.3639352,20.01548448
1858,569,131.320032,24.72939936
1858,570,138.14971608,23.15589984
1858,571,144.56353104,23.37425856
1858,572,151.23410952,23.23929312
1858,573,157.7001672,25.3032768
1858,574,165.06191016,27.27069984
1858,575,173.01365448,31.0585104
1858,576,181.92405576,32.50582272
1858,577,191.02401216,32.5837296
1858,578,199.8277944,30.9048912
1858,579,208.297272,30.915864
1858,580,217.22446776,32.53325472
1858,581,225.59476344,27.23010048
1858,582,233.69281176,31.21432416
1858,583,242.13558888,29.47513536
1858,584,250.22976624,28.71691488
1858,585,258.2573448,30.39575328
1858,586,267.10017192,31.86610848
1858,587,275.74451328,28.5457392
1858,588,283.41828,27.432
1858,589,291.03803616,27.43090272
1858,590,298.65824952,27.43309728
1858,591,306.26706336,27.27947808
1858,592,313.75529832,26.4663936
1858,593,320.80766928,24.62076864
1858,594,327.89094696,26.30948256
1858,595,334.96569024,23.3830368
1858,596,341.10741024,21.68883648
1858,597,347.13995088,22.5381312
1858,598,353.85265272,25.42507488
1858,599,360.84442944,24.95104992
1858,600,367.85821272,25.42617216
1858,601,374.90671272,24.4583712
1858,602,381.87761064,27.05673024
1858,603,389.56539816,27.98941824
1858,604,396.88641984,24.3651024
1858,605,403.68781848,23.38632864
1858,606,410.00406696,22.90462272
1858,607,416.4133404,22.89255264
1858,608,422.70173016,23.28098976
1858,609,429.10125,22.74771168
1858,610,435.1594548,19.89697824
1858,611,440.46516936,18.681192
1858,612,445.13912496,13.67540064
1858,613,448.25957592,6.62537664
1858,614,449.317872,1.64372544
1858,615,449.5827432,0
1858,616,449.5827432,0
1858,617,449.5827432,0
1858,618,449.5827432,0
1858,619,449.5827432,0
1858,620,449.5827432,0
1858,621,449.58341376,0.0164592
1858,622,450.54761808,10.66995072
1858,623,454.68210816,15.84033408
1858,624,459.08174376,15.83813952
1858,625,463.48140984,15.83813952
1858,626,467.88942744,15.99175872
1858,627,472.3232616,15.84252864
1858,628,476.71155864,11.6750592
1858,629,478.28054712,0
1858,630,480.24449544,21.28832928
1858,631,487.5966372,25.30217952
1858,632,494.75626728,20.11753152
1858,633,498.7013394,19.7729856
1859,592,288.8483936,23.8646208
1859,593,294.77515848,21.83916384
1859,594,300.83891064,21.91158432
1859,595,306.90116928,20.24701056
1859,596,311.83161408,16.1629344
1859,597,316.37118336,16.39226592
1859,598,321.57506424,23.80439232
1859,599,328.87490232,27.42212448
1859,600,336.501486,27.43529184
1859,601,343.62173592,22.83000768
1859,602,349.75522632,21.94669728
1859,603,355.85067768,22.05861984
1859,604,361.85228112,21.31685856
1859,605,367.80091032,20.71335456
1859,606,373.70954976,21.94450272
1859,607,379.8309396,22.84317504
1859,608,386.60685696,25.40861568
1859,609,393.64054368,23.05495008
1859,610,399.76098864,21.82051008
1859,611,405.80124072,20.3655168
1859,612,410.8068492,16.54259328
1859,613,415.70111424,20.36990592
1859,614,421.43656632,17.91967968
1859,615,425.38418352,11.25480096
1859,616,428.12960856,8.15059584
1859,617,430.49333256,7.53611904
1859,618,432.03501096,4.37595264
1859,619,433.31666448,4.04237952
1859,620,434.104542,2.33062272
1859,621,434.75144952,2.33062272
1859,622,435.39832656,2.33062272
1859,623,435.97165536,1.16640864
1859,624,436.0551096,0
1859,625,436.0551096,0
1859,626,436.1514264,1.3222224
1859,627,437.4632856,8.79799104
1859,628,440.30938608,13.15748448
1859,629,444.48142752,16.47785376
1859,630,449.23844112,17.80556256
1859,631,454.1620584,21.14897472
1859,632,460.70477328,24.2114832
1859,633,467.43893304,24.36619968
1859,634,474.19948848,24.2169696
1859,635,480.92627208,24.17198112
1859,636,487.66497336,24.81169536
1859,637,494.10829296,21.0897216
1859,638,498.71577168,22.18480704
1867,605,359.709974,23.4891072
1867,606,364.16464632,16.50089664
1867,607,368.99749416,19.16180064
1867,608,374.35767648,19.30773888
1867,609,379.72139448,19.30993344
1867,610,385.08962352,19.4657472
1867,611,390.49363608,19.312128
1867,612,395.85704928,19.3066416
1867,613,401.2202796,19.3066416
1867,614,406.5821688,19.394424
1867,615,411.70917912,16.88384736
1867,616,416.09445864,13.1454144
1867,617,419.13087624,8.31409056
1867,618,420.89082192,5.59393344
1867,619,422.2583376,4.005072
1867,620,423.38606712,4.60418688
1867,621,424.72039008,4.45166496
1867,622,425.78743392,2.68394688
1867,623,426.30477096,1.65469824
1867,624,426.76453128,1.65579552
1867,625,427.22426112,1.65469824
1867,626,427.68396048,1.56252672
1867,627,428.51566824,5.6290464
1867,628,430.29152448,4.93666272
1867,629,434.10365808,8.51928192
1867,630,436.18498488,12.61872
1867,631,440.55804192,16.43615712
1867,632,445.23260712,17.8746912
1867,633,450.1412892,17.01442368
1867,634,455.04997128,18.45405504
1867,635,460.5791652,21.56813568
1867,636,466.7324676,23.68588608
1867,637,473.77298184,26.0494272
1867,638,480.96092784,24.93239616
1867,639,487.80993624,24.84571104
1867,640,494.7915936,24.40240992
1867,641,499.009924,22.1431104
1877,564,9.3174312,26.7626592
1877,565,14.10260832,27.03039552
1877,566,21.2844888,26.18439264
1877,567,29.25884928,30.62727936
1877,568,37.42145424,29.5387776
1877,569,46.38193416,34.02006912
1877,570,55.40026512,32.57714592
1877,571,65.14694616,37.15060896
1877,572,75.48240936,37.44906912
1877,573,85.8661224,37.08586944
1877,574,96.05037432,33.45277536
1877,575,104.50086288,18.94124736
1877,576,111.37748616,31.2395616
1877,577,120.49512096,31.45462848
1877,578,128.47749768,27.60975936
1877,579,136.3115892,27.65474784
1877,580,144.06567072,28.20997152
1877,581,151.79582544,27.733752
1877,582,159.37882272,26.43018336
1877,583,166.45533384,25.34607072
1877,584,173.6942424,27.64377504
1877,585,181.82048472,30.367224
1877,586,190.2730764,27.4813776
1877,587,197.48689992,29.2644576
1877,588,206.33365896,32.4630288
1877,589,215.35701912,31.9966848
1877,590,223.54705608,19.41307776
1877,591,228.80491704,21.36733344
1877,592,237.15320616,31.9637664
1877,593,246.11082096,32.99740416
1877,594,255.09525816,31.35587328
1877,595,263.88294696,30.62837664
1877,596,271.73678952,26.86580352
1877,597,279.31289832,27.43858368
1877,598,286.77632256,24.46056576
1877,599,293.06989392,21.9456
1877,600,299.16476616,21.39257088
1877,601,304.89497568,19.68959232
1877,602,310.18758384,20.00780352
1877,603,316.15617744,21.9456
1877,604,322.35172512,23.74733376
1877,605,329.34106344,25.81022016
1877,606,336.10308192,22.2802704
1877,607,342.17939184,21.68883648
1877,608,348.2327808,22.05203616
1877,609,354.18076992,20.5575408
1877,610,360.02659008,20.94268608
1877,611,365.56992672,18.45734688
1877,612,370.44267288,16.46139456
1877,613,375.01476432,16.4592
1877,614,379.58719104,16.43286528
1877,615,384.08451504,15.90946272
1877,616,388.55297448,16.18049088
1877,617,392.92600104,12.39048576
1877,618,395.59775592,9.63631296
1877,619,398.538954,10.9728
1877,620,401.56025352,10.05876576
1877,621,404.04458688,7.88285952
1877,622,405.51738048,3.27647808
1877,623,406.46475984,3.43887552
1877,624,407.42085648,3.4399728
1877,625,408.3769836,3.43777824
1877,626,409.33301928,3.43887552
1877,627,410.2883844,3.47947488
1877,628,411.22195632,3.30500736
1877,629,412.1836308,3.51349056
1877,630,413.15932608,3.51239328
1877,631,414.13505184,3.51239328
1877,632,415.11577632,3.71100096
1877,633,416.52584208,9.37296576
1877,634,420.07624392,12.7723392
1877,635,423.66995784,15.63733728
1877,636,428.38966392,19.13327136
1877,637,434.22917472,22.53593664
1877,638,440.6726772,23.28098976
1877,639,447.15534648,23.36218848
1877,640,453.64499568,23.36328576
1877,641,460.13473632,23.36218848
1877,642,466.62862224,23.51251584
1877,643,473.15670672,23.37096672
1877,644,479.70911424,23.564088
1877,645,485.27064744,14.017752
1877,646,491.9598492,19.43721792
1877,647,497.63025696,18.76568256
1885,577,113.4835551,25.3746
1885,578,119.9192928,25.90568352
1885,579,126.78838752,23.32707552
1885,580,134.11986384,29.3741856
1885,581,141.94319592,27.33982848
1885,582,149.51973144,26.30070432
1885,583,156.25471416,22.80806208
1885,584,162.78112224,23.207472
1885,585,168.9777672,23.54323968
1885,586,176.1884208,27.19169568
1885,587,184.23968232,31.15397376
1885,588,192.320418,26.39177856
1885,589,199.714104,26.96346144
1885,590,207.52451256,29.2589712
1885,591,215.63810568,29.20520448
1885,592,223.53934464,28.81347552
1885,593,231.65421792,29.06036352
1885,594,239.98635264,31.51058976
1885,595,249.02047224,33.22454112
1885,596,257.53521264,27.86871744
1885,597,265.52981184,28.65107808
1885,598,273.0881508,26.4225024
1885,599,279.84840144,21.96864288
1885,600,285.95522184,21.52424448
1885,601,291.72517728,18.76019616
1885,602,296.51913264,17.37323424
1885,603,301.79098392,21.08313792
1885,604,307.8461712,21.65372352
1885,605,314.4178116,27.00735264
1885,606,322.04890632,27.80397792
1885,607,329.86297248,26.80435584
1885,608,336.5740284,21.94998912
1885,609,342.63409248,21.68664192
1885,610,348.69415656,21.9401136
1885,611,354.57548592,18.45186048
1885,612,359.15288088,15.42556224
1885,613,363.47326848,15.90397632
1885,614,367.75131936,13.1893056
1885,615,370.93446768,10.83344544
1885,616,374.09570088,11.70029664
1885,617,377.34556992,11.69919936
1885,618,380.85622584,13.10481504
1885,619,384.37236816,10.9343952
1885,620,387.43274304,11.10008448
1885,621,390.4926912,10.93220064
1885,622,393.52950504,10.9343952
1885,623,396.44013168,6.25230144
1885,624,397.87034472,5.12539488
1885,625,399.29232816,3.37194144
1885,626,399.952464,2.51496576
1885,627,400.885914,1.6075152
1885,628,400.9845168,0
1885,629,400.9845168,0
1885,630,401.13560616,0.85478112
1885,631,401.289012,0
1885,632,401.3844144,2.02118976
1885,633,402.6008712,5.88580992
1885,634,404.76257376,12.42340416
1885,635,408.51258912,13.58213184
1885,636,413.34577224,21.6328752
1885,637,419.4206496,21.55496832
1885,638,425.53731504,22.49314272
1885,639,431.81677416,22.25503296
1885,640,437.66378304,20.14935264
1885,641,443.26292856,20.22945408
1885,642,448.86762144,19.93648032
1885,643,454.82649192,24.0743232
1885,644,462.06107232,27.47808576
1885,645,469.72066584,27.65584512
1885,646,477.38150904,27.4978368
1885,647,485.02004088,27.50003136
1885,648,492.71928888,26.01431424
1885,649,498.1693872,14.9245755428571
1890,568,20.4999336,20.7276192
1890,569,24.290274,22.14201312
1890,570,31.17445632,28.721304
1890,571,39.49631928,34.64990784
1890,572,50.25274176,40.22847936
1890,573,61.6566204,32.95461024
1890,574,68.44122456,21.88415232
1890,575,77.93102016,33.96849696
1890,576,86.24063016,27.27179712
1890,577,94.15969992,28.60279776
1890,578,102.33992232,30.60204192
1890,579,110.6257884,28.70813664
1890,580,118.49215824,27.82263168
1890,581,125.99999184,25.3526544
1890,582,133.44649968,28.7377632
1890,583,141.1441932,26.59038624
1890,584,148.27822008,26.08015104
1890,585,155.70451968,26.21072736
1890,586,162.86567376,24.496776
1890,587,169.53430152,22.24406016
1890,588,176.21563944,26.27656416
1890,589,183.51005208,26.76704832
1890,590,190.84232088,24.93459072
1890,591,197.873874,26.26559136
1890,592,204.88692576,23.67710784
1890,593,211.66339176,25.50846816
1890,594,218.80324032,25.7367024
1890,595,225.88505496,25.52383008
1890,596,233.65273056,31.49851968
1890,597,242.11672176,28.4360112
1890,598,250.40030184,32.32696608
1890,599,259.3959252,32.18980608
1890,600,267.97464312,27.33434208
1890,601,274.6593948,21.86110944
1890,602,280.72336032,21.3585552
1890,603,286.3600572,18.05464512
1890,604,291.01075656,16.46029728
1890,605,295.58278704,16.4592
1890,606,300.154848,16.4592
1890,607,304.72678704,16.47675648
1890,608,309.4968156,19.5206112
1890,609,315.39292776,21.9456
1890,610,321.555618,23.673816
1890,611,328.62975168,26.52016032
1890,612,335.62390584,22.73893344
1890,613,341.71789416,21.84026112
1890,614,347.3595288,17.33482944
1890,615,351.96435576,16.4592
1890,616,356.5364472,16.46029728
1890,617,361.0290468,16.02248256
1890,618,365.56047792,16.5799008
1890,619,369.95843712,14.74085952
1890,620,374.04403728,15.53309568
1890,621,377.07167664,0.97987104
1890,622,377.53820352,5.01347232
1890,623,379.467618,7.40883456
1890,624,381.52587144,7.40993184
1890,625,383.58415536,7.40883456
1890,626,385.64237832,7.41102912
1890,627,387.73108128,7.5657456
1890,628,389.80219728,7.40993184
1890,629,391.86051168,7.40993184
1890,630,393.91861272,7.31556576
1890,631,395.55301128,1.81380384
1890,632,395.6416776,0
1890,633,395.64466464,0.19531584
1890,634,396.39944088,4.27171104
1890,635,397.85150808,5.48530272
1890,636,399.44174112,7.14548736
1890,637,402.04259952,10.96072992
1890,638,405.24601704,13.96398528
1890,639,410.32791696,19.75104
1890,640,415.83013608,19.8443088
1890,641,421.32699072,19.74994272
1890,642,426.81323832,19.74994272
1890,643,431.59987848,8.31299328
1890,644,435.44127288,21.60654048
1890,645,441.12198288,19.66106304
1890,646,449.06531472,20.89440576
1890,647,457.58660832,26.15805792
1890,648,464.86572,26.22938112
1890,649,472.18789992,26.35447104
1890,650,479.47335144,26.21292192
1890,651,486.7547796,26.2140192
1890,652,494.04233424,26.05162176
1890,653,499.06047,27.047952
1899,573,19.9467216,24.6778272
1899,574,24.02948712,23.98873536
1899,575,30.6886356,24.33986496
1899,576,37.59741528,24.72610752
1899,577,45.98865072,42.66663552
1899,578,58.34365776,42.7500288
1899,579,65.84524296,0.5266944
1899,580,71.82255384,40.71676896
1899,581,83.09158896,37.46882016
1899,582,92.87146272,35.22597984
1899,583,103.93564176,44.1984384
1899,584,113.22417792,25.19245152
1899,585,121.48761072,30.11923872
1899,586,129.72327624,30.83247072
1899,587,138.62002248,32.41255392
1899,588,147.62783784,32.27758848
1899,589,156.58831776,32.06361888
1899,590,165.4155696,31.67518176
1902,602,275.3985348,17.12085984
1902,603,279.70660848,13.76647488
1902,604,283.72518312,15.26645664
1902,605,288.27874272,17.1614592
1902,606,292.88652624,16.16073984
1902,607,297.42957024,16.34288832
1902,608,301.98672648,16.46029728
1902,609,306.55878744,16.45810272
1902,610,311.11832112,18.00746208
1902,611,316.76452776,21.94450272
1902,612,323.01265344,24.1346736
1902,613,330.06240312,25.6928112
1902,614,336.7258188,22.0388688
1902,615,342.78594384,21.67786368
1902,616,348.85338408,21.9510864
1902,617,354.67232088,18.57914496
1902,618,359.40138432,15.96761856
1902,619,363.85597536,14.81108544
1902,620,367.2587016,10.81259712
1902,621,370.43383368,11.52253728
1902,622,373.52932152,9.162288
1902,623,375.5154288,6.19304832
1902,624,377.23578096,6.1941456
1902,625,379.90643856,8.30750688
1902,626,382.86909456,5.20878816
1902,627,384.31512672,5.2065936
1902,628,385.76115888,5.20769088
1902,629,387.22532664,5.3711856
1902,630,388.6997052,5.2724304
1902,631,389.85294648,2.90559744
1902,632,390.63859896,2.82110688
1902,633,391.42214832,2.82110688
1902,634,392.20578912,2.82110688
1902,635,392.98936896,2.82110688
1902,636,393.77288784,2.8200096
1902,637,394.53866736,2.32733088
1902,638,399.87221016,12.06020448
1902,639,401.68068,3.87120384
1902,640,404.62858368,17.8143408
1902,641,409.69472544,18.28726848
1902,642,414.78467208,18.27080928
1902,643,420.24202464,21.20383872
1902,644,425.9287392,20.3655168
1902,645,431.95472664,22.44815424
1902,646,438.55849296,25.09808544
1902,647,445.54478328,25.210008
1902,648,452.54765472,25.21220256
1902,649,459.55055664,25.210008
1902,650,466.5456252,25.65769824
1902,651,472.1918928,8.09244
1902,652,478.747074,36.7259616
1902,653,487.46414064,24.8972832
1902,654,494.30138376,22.192488
1902,655,498.8198304,24.60979584
1907,571,20.7860392,25.017984
1907,572,24.74003688,22.65224832
1907,573,31.19228712,25.264872
1907,574,38.34944832,25.91665632
1907,575,45.55348776,25.9451856
1907,576,52.75575936,25.91555904
1907,577,57.434988,25.9104384
1908,581,120.2707272,25.6873248
1908,582,124.54332216,24.7217184
1908,583,131.64696048,27.7776432
1908,584,138.92390808,25.37130816
1908,585,145.91071656,24.20819136
1908,586,152.56818864,23.89107744
1908,587,159.2413884,22.87609344
1908,588,165.95320632,25.07613984
1908,589,172.52499912,22.49314272
1908,590,178.78108008,22.76965728
1908,591,185.32745256,24.19282944
1908,592,192.04222704,23.893272
1908,593,198.4618332,22.81574304
1908,594,205.07846208,24.73049664
1908,595,212.08157736,25.46567424
1908,596,219.15857616,25.50298176
1908,597,226.21807944,26.03516256
1908,598,233.73795264,27.43090272
1908,599,241.40620248,28.75531968
1908,600,249.62888352,28.93307904
1908,601,256.81789632,23.8054896
1908,602,263.49005976,22.17493152
1908,603,268.77084168,15.91494912
1908,604,273.2152524,16.45042176
1908,605,277.78706952,16.4592
1908,606,282.3592524,16.45151904
1908,607,286.91061744,16.34069376
1908,608,291.46780416,16.45810272
1908,609,296.0398956,16.4592
1908,610,300.61192608,16.46029728
1908,611,305.18392608,16.46029728
1908,612,309.73641888,16.1739072
1908,613,314.25364632,17.05282848
1908,614,319.6623528,21.90609792
1908,615,325.9621116,23.29854624
1908,616,332.39738448,22.69284768
1908,617,338.54998584,22.04764704
1908,618,344.58810432,21.58020576
1908,619,350.6675232,22.0992192
1908,620,356.35186032,17.33482944
1908,621,360.88338288,15.97200768
1908,622,365.41972128,16.2616896
1908,623,369.28857816,11.10337632
1908,624,372.33798024,11.12422464
1908,625,375.0006216,7.09610976
1908,626,376.68320904,5.47323264
1908,627,378.1423476,4.42642752
1908,628,379.32981792,4.25305728
1908,629,380.47129392,3.83170176
1908,630,381.69439536,4.84010208
1908,631,382.63836096,0.52340256
1908,632,383.26676712,4.8993552
1908,633,384.67738152,5.09357376
1908,634,386.09204976,5.09357376
1908,635,387.5338452,5.25267936
1908,636,388.96628328,5.09357376
1908,637,390.3808296,5.0913792
1908,638,391.79543688,5.09467104
1908,639,393.20989176,5.09028192
1908,640,394.62452952,5.09247648
1908,641,396.1910796,9.3762576
1908,642,400.68252096,21.53302272
1908,643,406.7667252,22.000464
1908,644,412.98238968,23.53446144
1908,645,419.75077848,24.16100832
1908,646,426.32915496,23.21186112
1908,647,432.52549512,22.4832672
1908,648,439.3698096,26.65073664
1908,649,446.78531928,26.7352272
1908,650,454.21225896,26.73742176
1908,651,461.63919864,26.73742176
1908,652,469.09235112,27.16097184
1908,653,476.86743336,27.42431904
1908,654,484.06443192,23.96678976
1908,655,490.68459648,24.03701568
1908,656,497.11115208,21.37611168
1911,585,60.1508576,38.825424
1911,586,67.66523424,42.39780192
1911,587,79.55621376,42.12238464
1911,588,90.28105896,37.3239792
1911,589,101.53582944,40.0452336
1911,590,112.25756568,38.13048
1911,591,122.6573112,35.01530208
1911,592,131.8461168,31.19128128
1911,593,139.9784856,28.74434688
1911,594,148.1135976,28.82225376
1911,595,155.96399592,28.28678112
1911,596,163.84786128,28.36907712
1911,597,171.89040552,30.41989344
1911,598,180.64508448,31.90999968
1911,599,189.87610488,38.31811488
1911,600,201.16016664,40.14508608
1911,601,212.5551756,43.57518336
1911,602,224.5033356,40.82649696
1911,603,235.79782152,39.93770016
1911,604,245.95046568,33.01057152
1911,605,254.43289728,27.93235968
1911,606,262.18112664,26.70340608
1911,607,268.83667848,21.39366816
1911,608,274.8195672,21.9456
1911,609,280.91242776,21.83258016
1911,610,286.9841352,21.9949776
1911,611,292.5269232,16.87287456
1911,612,297.11062752,16.45810272
1911,613,301.68268848,16.4592
1911,614,306.24036288,16.65780768
1911,615,311.46829248,21.53082816
1911,616,317.52930144,21.9675456
1911,617,323.70488472,22.80367296
1911,618,330.15475752,23.23051488
1911,619,336.42050064,21.9510864
1911,620,342.48864192,21.75686784
1911,621,347.996256,16.87287456
1911,622,352.49659752,14.89228416
1911,623,356.15843424,13.30890912
1911,624,359.63150832,10.63374048
1911,625,362.5780404,11.00901024
1911,626,365.5806252,9.15241248
1911,627,367.54771296,5.51054016
1911,628,369.07220064,5.48859456
1911,629,370.60366824,5.4918864
1911,630,371.99477544,4.74463872
1911,631,373.4853084,4.50543168
1911,632,374.16781656,0.34344864
1911,633,374.1776616,0
1911,634,374.1776616,0
1911,635,374.1776616,0
1911,636,374.1776616,0
1911,637,374.1776616,0
1911,638,374.34831912,2.41730784
1911,639,375.6692004,6.29399808
1911,640,377.99829912,10.59314112
1911,641,381.22744176,15.70097952
1911,642,386.48911272,20.59923744
1911,643,392.19320088,20.46207744
1911,644,397.93660824,21.76674336
1911,645,404.35962816,23.87900736
1911,646,410.99271624,23.84060256
1911,647,417.6459516,24.01068096
1911,648,424.28437368,23.87900736
1911,649,430.91733984,23.87791008
1911,650,437.54411856,23.56189344
1911,651,444.1123452,24.06773952
1911,652,450.79703592,24.44081472
1911,653,458.06163912,27.23887872
1911,654,464.63718096,22.24625472
1911,655,471.91873104,29.32371072
1911,656,479.8057968,24.55932096
1911,657,486.4207188,23.93496864
1911,658,493.21407072,26.08454016
1911,659,500.58224496,26.55307872
1911,660,505.009404,26.6200128
1912,587,127.6727952,10.7862624
1912,588,133.79080176,27.69754176
1912,589,141.34801296,27.102816
1912,590,148.87736544,26.9053056
1912,591,156.44890224,29.36101824
1912,592,164.41143648,27.75350304
1912,593,171.99888384,26.81642592
1912,594,179.5137888,27.19718208
1912,595,186.84563088,25.676352
1912,596,191.0803392,24.6942864
1914,576,19.4901312,21.4737696
1914,577,23.60285856,23.89436928
1914,578,30.95158656,28.46124864
1914,579,38.37681936,25.50298176
1914,580,46.72010976,34.19343936
1914,581,56.2144164,34.16600736
1914,582,64.9969236,17.81872992
1914,583,72.3967056,38.60669952
1914,584,83.15669424,39.59205696
1914,585,93.49919832,33.71283072
1914,586,103.27190928,36.7369344
1914,587,113.13618216,33.80829408
1914,588,121.7846688,27.8379936
1914,589,128.90955168,25.5775968
1914,590,136.72477608,28.01685024
1914,591,144.11855352,26.54978688
1914,592,151.97544408,29.82297312
1914,593,160.16816328,27.72058464
1914,594,168.05141904,29.96891136
1914,595,176.43168168,30.31674912
1914,596,182.2371768,27.6706584
1921,585,24.94794096,37.87591104
1921,586,35.93354256,40.79248128
1921,587,47.17959576,40.12423776
1921,588,58.68326592,43.54116768
1921,589,71.05506744,44.74598112
1921,590,83.21597784,40.24713312
1921,591,93.90068088,37.69815168
1921,592,104.33270472,37.46772288
1921,593,114.94065912,40.35356928
1921,594,125.73905256,32.50911456
1921,595,135.0603852,35.02078848
1921,596,144.4643796,33.46704
1921,597,153.75160512,32.63639904
1921,598,162.73153128,31.8430656
1921,599,171.68871936,32.74502976
1921,600,180.781452,32.20955712
1921,601,189.84202824,32.86243872
1921,602,198.98285832,32.82732576
1921,603,208.27581408,36.52406208
1921,604,218.97722016,38.7723888
1921,605,229.62391464,38.3993136
1921,606,240.27426672,38.2895856
1921,607,250.3669872,33.357312
1921,608,259.13376672,30.0270672
1921,609,267.23891688,24.92910432
1921,610,273.44757096,21.8413584
1921,611,279.52092432,21.82599648
1921,612,285.60205008,21.9456
1921,613,291.6980196,21.94669728
1921,614,297.77061096,20.5849728
1921,615,303.0248448,17.20973952
1921,616,307.62321,16.5744144
1921,617,312.132726,16.05540096
1921,618,316.68784008,16.5524688
1921,619,321.2540184,16.83337248
1921,620,326.17071672,17.9240688
1921,621,331.14941136,17.9240688
1921,622,336.12889848,17.92626336
1921,623,341.09406,17.66511072
1921,624,346.01575704,17.88127488
1921,625,350.87122104,16.89920928
1921,626,355.29938592,13.76757216
1921,627,358.60168056,10.82905632
1921,628,361.40452992,8.3557872
1921,629,363.27453888,5.50724832
1921,630,364.79902656,5.4864
1921,631,366.32302656,5.48530272
1921,632,367.84327752,4.31560224
1921,633,368.38030464,0.00219456
1921,634,368.3803656,0
1921,635,368.3803656,0
1921,636,368.3803656,0
1921,637,368.3803656,0
1921,638,368.3803656,0
1921,639,368.3803656,0
1921,640,369.32366064,11.52802368
1921,641,374.33338392,19.778472
1921,642,379.82694672,19.77956928
1921,643,385.325112,19.93648032
1921,644,390.85869504,19.78176384
1921,645,396.35228832,19.778472
1921,646,401.84582064,19.77956928
1921,647,407.33947488,19.778472
1921,648,412.833312,19.85747616
1921,649,418.35311808,19.79822304
1921,650,423.84722952,19.77627744
1921,651,429.34076184,19.77408288
1921,652,434.912262,20.8867248
1921,653,440.91874224,21.47157504
1921,654,447.37163256,26.32155264
1921,655,454.81283688,26.8449552
1921,656,462.26982984,26.84385792
1921,657,469.75263936,27.0040608
1921,658,477.2320656,26.94700224
1921,659,484.23719256,22.92327648
1921,660,490.86442848,25.16721408
1921,661,497.2360515,25.6708656
1926,592,145.74460056,21.55826016
1926,593,152.13875592,24.70196736
1926,594,159.4846188,27.624024
1926,595,167.12068176,26.94700224
1926,596,175.2534468,34.55444448
1926,597,185.29230912,37.17804096
1926,598,196.57676712,46.82532672
1926,599,210.36463896,53.46935712
1926,600,224.78341632,45.12783456
1926,601,236.01422952,36.24974208
1926,602,246.07945704,36.39787488
1926,603,256.11225384,37.18462464
1926,604,264.76701936,15.57150048
1926,605,269.6216985,20.9758788
1937,589,19.3362072,19.2462912
1937,590,23.64879192,25.26816384
1937,591,32.36372496,33.96520512
1937,592,41.64729288,32.40487296
1937,593,50.4098052,33.36170112
1937,594,59.79578592,32.85146592
1937,595,68.81231856,32.30831232
1937,596,77.83061904,32.62981536
1937,597,86.89576728,32.88438432
1937,598,95.51234136,27.25204608
1937,599,103.61337672,33.92680032
1937,600,113.07098544,34.56212544
1937,601,122.2915512,30.31345728
1937,602,130.86822696,36.127944
1937,603,140.87487192,34.7343984
1937,604,151.548084,43.07811552
1937,605,163.84258824,47.71192896
1937,606,177.8773176,52.12299456
1937,607,192.4082004,52.95583008
1937,608,207.31712664,53.602128
1937,609,221.9437776,51.078384
1937,610,235.73299056,47.484792
1937,611,248.32555872,41.586912
1937,612,258.99718584,36.57453696
1937,613,269.16211344,34.38985248
1937,614,277.88878128,28.45685952
1937,615,285.2725308,25.23414816
1937,616,292.08932184,23.34134016
1937,617,298.12558104,21.20274144
1937,618,304.14169296,20.3655168
1937,619,309.13937664,16.17061536
1937,620,313.6375236,16.45261632
1937,621,318.34915248,19.31980896
1937,622,323.99154912,19.52719488
1937,623,329.2560852,18.95770656
1937,624,334.20213576,16.52942592
1937,625,338.89215432,17.22071232
1937,626,343.45571136,16.19475552
1937,627,348.01737864,15.81948576
1937,628,351.70463568,9.28518336
1937,629,353.63371488,4.77207072
1937,630,354.64635192,1.94547744
1937,631,355.1166888,1.98717408
1937,632,355.74424152,2.2878288
1937,633,356.37926184,2.28673152
1937,634,357.01449552,2.29002336
1937,635,357.64954632,2.28892608
1937,636,358.28682216,2.25381312
1937,637,358.6014672,0.01316736
1937,638,358.601772,0
1937,639,358.601772,0
1937,640,358.601772,0
1937,641,358.61652432,0.32589216
1937,642,359.50696704,7.23985344
1937,643,362.29165032,13.62053664
1937,644,366.62739984,16.46029728
1937,645,371.1994608,16.4592
1937,646,375.79776504,17.44784928
1937,647,381.04901184,21.69980928
1937,648,387.6876168,25.02237312
1937,649,394.57801704,23.99312448
1937,650,401.4190092,26.4279888
1937,651,408.7064724,24.91813152
1937,652,416.07095856,29.58376608
1937,653,423.9618648,24.6174768
1937,654,430.59565392,23.0922576
1937,655,437.22779712,25.21659168
1937,656,444.36054384,25.93640736
1937,657,451.07516592,22.25174112
1937,658,457.72550568,26.2633968
1937,659,465.1424784,26.77472928
1937,660,472.61672304,26.90311104
1937,661,480.05378208,26.75936736
1937,662,487.4870616,26.75827008
1937,663,495.03403152,28.62145152
1937,664,499.6976544,25.8738624
1950,587,16.4426537142857,31.9998198857143
1950,588,24.00144552,31.10349888
1950,589,32.37100968,29.37528288
1950,590,40.37825808,28.79152992
1950,591,48.50849328,30.32443008
1950,592,57.16975104,31.48864416
1950,593,65.94664992,31.61592864
1950,594,74.7349788,31.8979296
1950,595,83.49764352,28.87602048
1950,596,90.95722728,28.25057088
1950,597,99.55633632,31.83428736
1950,598,108.04635744,29.59803072
1950,599,116.16174888,30.42537984
1950,600,124.78758888,27.5636736
1950,601,132.1397916,29.7966384
1950,602,140.62335096,29.41149312
1950,603,148.95024312,31.10569344
1953,592,22.5484182,31.6482984
1953,593,31.50543864,37.0167408
1953,594,41.9362128,37.1264688
1953,595,52.73366136,41.17433472
1953,596,64.23147936,39.19154976
1953,597,73.69341624,28.51062624
1953,598,81.10764576,23.77586304
1953,599,87.8691156,25.29888768
1953,600,95.01353616,24.67672992
1953,601,102.12875688,27.50112864
1953,602,110.19870264,30.39246144
1953,603,119.61592536,39.04780608
1953,604,129.71029176,33.34195008
1953,605,139.43972112,35.86349952
1953,606,150.12226008,42.20577792
1953,607,162.41844072,46.53454752
1953,608,175.7478324,49.74957792
1953,609,190.43733312,56.70852768
1953,610,205.70866656,53.09957376
1953,611,220.89203472,53.87973984
1953,612,235.11211296,49.1142528
1953,613,248.07540936,42.91023168
1953,614,259.16406384,37.46443104
1953,615,268.57445904,27.69754176
1953,616,275.43352584,21.87756864
1953,617,280.83683736,16.5908736
1953,618,285.19690992,14.5334736
1953,619,288.93558672,11.84733216
1953,620,291.27517056,10.96402176
1959,606,135.5822409,24.5146068
1959,607,141.49565808,23.1635808
1959,608,148.70600688,30.79187136
1959,609,157.42901712,32.2435728
1959,610,166.51348968,32.70223584
1959,611,175.6498392,32.94363744
1959,612,184.80310512,32.94802656
1959,613,193.7298132,31.28784192
1959,614,202.46397912,31.8046608
1959,615,211.87833672,36.23547744
1959,616,221.78049624,33.61407552
1959,617,230.9173944,32.9184
1959,618,240.03539496,32.71430592
1959,619,249.15589488,32.98533408
1959,620,258.15764472,31.766256
1959,621,266.8429512,28.81567008
1959,622,274.43600688,27.34531488
1959,623,282.04094976,27.30361824
1959,624,289.76503896,29.6485056
1959,625,297.71602128,27.42980544
1959,626,305.33525928,27.5472144
1959,627,312.89308008,27.0314928
1959,628,320.51048928,27.84677184
1959,629,328.48832448,28.639008
1959,630,335.56974288,19.76530464
1959,631,340.14494328,12.6296928
1959,632,343.22256984,10.71055008
1959,633,346.26093816,10.33308576
1959,634,348.45845472,5.51054016
1959,635,349.9030848,3.22271136
1959,636,350.2118472,0
1959,637,350.23101912,0.9107424
1959,638,350.98491144,2.139696
1959,639,351.1259424,0
1959,640,351.12673488,0.00658368
1959,641,351.39971376,2.38329216
1959,642,352.22736768,2.9516832
1959,643,352.65320376,0.01865376
1959,644,352.97522496,3.6649152
1959,645,354.39102096,6.1283088
1959,646,356.7658092,10.94975712
1959,647,359.76235896,10.69848
1959,648,363.4269084,16.3330128
1959,649,368.00061528,17.05392576
1959,650,373.408956,21.8303856
1959,651,379.66448832,25.6873248
1959,652,387.71440872,30.70408896
1959,653,396.0904956,28.7597088
1959,654,403.79516904,27.432
1959,655,411.41559576,27.50771232
1959,656,419.06153424,27.45065376
1959,657,426.68193048,27.432
1959,658,434.2420068,26.33142816
1959,659,441.59951304,27.2783808
1959,660,449.07805536,25.77291264
1959,661,456.29026344,26.83617696
1959,662,463.5218568,24.6558816
1959,663,470.77539576,27.90602496
1959,664,478.5094824,27.43968096
1959,665,485.60162976,24.34535136
1959,666,492.61459008,24.56151552
1959,667,497.9350976,25.6141728
1969,624,279.9548376,22.9526592
1969,625,286.18421808,22.79489472
1969,626,292.54563792,25.16282496
1969,627,299.9994,27.432
1969,628,307.60662888,26.53332768
1969,629,314.85111528,24.9740928
1969,630,321.19141248,20.85490368
1969,631,326.59539456,12.38499936
1969,632,328.97813808,6.9238368
1969,633,330.9017004,6.92603136
1969,634,332.82550656,6.92603136
1969,635,334.7493432,6.92603136
1969,636,336.67290552,6.9238368
1969,637,338.5966812,6.92603136
1969,638,340.52045688,6.92603136
1969,639,342.26065152,2.98899072
1969,640,342.508332,0
1969,641,342.508332,0
1969,642,342.508332,0
1969,643,342.508332,0
1969,644,342.508332,0
1969,645,342.508332,0
1969,646,342.508332,0
1969,647,342.508332,0
1969,648,342.508332,0
1969,649,343.13045928,4.8719232
1969,650,344.68024536,7.20035136
1969,651,347.31764928,11.56972032
1969,652,351.20180712,16.42408704
1969,653,356.08080168,20.36880864
1969,654,362.00020056,21.38927904
1969,655,368.06407464,21.87756864
1969,656,374.71255512,27.09074592
1969,657,382.58925768,30.76992576
1969,658,391.49398968,32.27210208
1969,659,400.03296168,29.41368768
1969,660,408.28883544,30.3727104
1969,661,417.03769272,30.8939184
1969,662,425.62329912,31.62031776
1969,663,434.60627328,32.17334688
1969,664,443.63149272,32.86243872
1969,665,452.72992512,32.38183008
1969,666,461.80077312,32.12177472
1969,667,471.18327912,36.62172
1969,668,480.3039162,34.9771716
1973,597,22.48576656,36.9454176
1973,598,29.16503184,34.05518208
1973,599,39.77432736,44.75037024
1973,600,52.27341336,44.99286912
1973,601,64.4671812,28.97587296
1973,602,74.23949592,42.76429344
1973,603,85.19541,33.52958496
1973,604,94.20014688,31.6894464
1973,605,102.55450152,27.60427296
1973,606,110.35991136,28.44259488
1973,607,117.89212896,22.0333824
1973,608,127.29161232,26.5377168
1973,609,134.6655168,27.13683168
1973,610,141.39364152,23.17674816
1973,611,148.80582888,29.08999008
1973,612,156.31655808,27.62841312
1973,613,164.07893016,27.62512128
1973,614,171.54622536,27.50771232
1973,615,179.8524216,31.8430656
1973,616,188.69918064,31.6510416
1973,617,197.11373328,29.07682272
1973,618,205.30593432,30.0599856
1973,619,213.679278,30.10716864
1973,620,222.00431088,30.11704416
1973,621,231.05129304,35.50578624
1973,622,240.43824912,31.68286272
1973,623,249.53631576,33.95642688
1973,624,258.47838576,30.14996256
1973,625,266.90793456,30.07863936
1973,626,274.52159472,24.82815456
1973,627,281.32753488,23.76489024
1973,628,287.61272424,22.25174112
1973,629,293.97600336,23.20966656
1973,630,300.44565768,23.51580768
1973,631,306.98044776,23.4763056
1973,632,312.90969168,18.09304992
1973,633,317.61232896,15.82936128
1973,634,321.33924048,10.62825408
1973,635,323.75828568,6.91615584
1973,636,325.67434992,6.89530752
1973,637,327.590658,6.92712864
1973,638,329.32838376,5.52699936
1973,639,330.8498844,4.66453728
1973,640,331.77086808,1.8269712
1973,641,332.15119752,0.95902272
1973,642,332.4183852,0.95792544
1973,643,332.6855424,0.95902272
1973,644,332.95273008,0.95902272
1973,645,333.21988728,0.95902272
1973,646,333.48710544,0.96121728
1973,647,333.75423216,0.95902272
1973,648,334.0214808,0.95353632
1973,649,334.44490896,3.7801296
1973,650,336.05452728,6.58038816
1973,651,337.8828396,6.58258272
1973,652,339.71121288,6.58148544
1973,653,341.5399824,6.4629792
1973,654,343.52977776,10.91464416
1973,655,347.8877472,19.00598688
1973,656,353.62947816,21.26309184
1973,657,359.6126412,21.46389408
1973,658,365.63463576,21.9620592
1973,659,371.94951264,25.33509792
1973,660,379.4779812,30.57899904
1973,661,388.93565088,36.4626144
1973,662,399.08646624,36.94212576
1973,663,409.351734,37.79690688
1973,664,419.791896,35.9578656
1973,665,429.87151008,36.3912912
1973,666,439.96929024,36.31118976
1973,667,450.0670704,36.3912912
1973,668,460.17603672,36.3912912
1973,669,470.31088056,36.55259136
1973,670,480.43813488,36.39238848
1973,671,490.54764984,36.37922112
1973,672,498.11123136,37.34263296
1977,610,187.242196,27.4771104
1977,611,194.518788,29.92940928
1977,612,203.38060416,33.12798048
1977,613,212.79380352,35.08772256
1977,614,222.27024888,32.98313952
1977,615,229.4193024,28.9809936
1979,601,62.27320032,37.66303872
1979,602,66.2318208,2.6554176
1979,603,75.6117698666667,36.3577632
1979,604,84.51817488,31.49522784
1979,605,92.71961136,27.19169568
1979,606,100.3550952,27.84348
1979,607,108.2806572,28.08268704
1979,608,115.37454192,23.45106816
1979,609,122.19456384,24.88850496
1979,610,128.6460216,22.53922848
1979,611,135.31218048,23.88339648
1979,612,141.9959568,24.15881376
1979,613,148.98255192,26.26668864
1979,614,156.39644616,26.33362272
1979,615,163.84441704,26.86799808
1979,616,171.04662768,25.67525472
1979,617,178.54870056,28.0025856
1979,618,186.32311224,27.69754176
1979,619,193.72179696,26.11416672
1979,620,201.27108336,28.337256
1979,621,209.51571,30.69750528
1979,622,218.02136736,29.68471584
1979,623,225.83326944,26.9272512
1979,624,233.70378456,30.97511712
1979,625,242.1832596,28.28897568
1979,626,250.50036768,34.20660672
1979,627,259.62854856,29.39832576
1979,628,267.57791544,28.37456352
1979,629,275.23110816,26.9327376
1979,630,282.81434928,27.49344768
1979,631,290.26430136,24.9027696
1979,632,296.72606136,21.94669728
1979,633,302.82998616,22.01253408
1979,634,308.37759,16.84763712
1979,635,312.33233952,11.5269264
1979,636,314.90631456,5.2230528
1979,637,316.09524792,4.22781984
1979,638,317.2696728,4.22891712
1979,639,318.4442196,4.22781984
1979,640,319.61873592,4.22891712
1979,641,320.79325224,4.22891712
1979,642,321.96776856,4.22781984
1979,643,323.1422544,4.22891712
1979,644,324.3168012,4.22781984
1979,645,325.49131752,4.22891712
1979,646,326.66583384,4.22891712
1979,647,327.83986248,4.22562528
1979,648,329.014074,4.22562528
1979,649,330.18865128,4.22891712
1979,650,331.36313712,4.22781984
1979,651,332.53768392,4.22781984
1979,652,333.71213928,4.2300144
1979,653,334.88668608,4.22672256
1979,654,336.06117192,4.23111168
1979,655,337.2357492,4.22891712
1979,656,338.56839576,9.14692608
1979,657,342.9557784,20.88562752
1979,658,348.99347016,21.94669728
1979,659,355.08962256,21.94669728
1979,660,361.11170856,21.3366096
1979,661,367.35770064,24.25208256
1979,662,374.32981776,28.43271936
1979,663,383.43836952,38.7120384
1979,664,394.61367864,39.08401632
1979,665,405.15253488,35.85581856
1979,666,415.04759256,36.7369344
1979,667,425.00708496,36.18500256
1979,668,435.01281552,34.81888896
1979,669,444.5482092,34.04530656
1979,670,453.68388816,32.76258624
1979,671,462.66189408,33.00398784
1979,672,472.75610808,39.66776928
1979,673,483.7220196,38.26654272
1979,674,493.3160568,29.87235072
1979,675,499.0460682,28.3427424
1991,620,197.45706,22.0224096
1991,621,200.80784832,21.83258016
1991,622,206.88677952,23.4927648
1991,623,214.16144112,28.45466496
1991,624,221.90272104,27.18401472
1991,625,229.47108792,27.25753248
1991,626,236.95103232,26.75497824
1991,627,244.78582488,30.03474816
1991,628,253.29486552,30.90050208
1991,629,261.82679664,30.7348128
1991,630,270.32824776,29.71873152
1991,631,278.09467368,24.59772576
1991,632,284.4177192,21.835872
1991,633,290.48174568,21.92804352
1991,634,296.57750184,21.9291408
1991,635,302.45648424,18.51989184
1991,636,306.87212184,11.98997856
1991,637,309.1619928,4.8719232
1991,638,309.83599704,0.02414016
1991,639,309.8365152,0
1991,640,309.8365152,0
1991,641,310.50628272,5.03541792
1991,642,311.9687436,5.4864
1991,643,313.49286552,5.47103808
1991,644,314.96815848,5.239512
1991,645,316.61365176,6.26876064
1991,646,317.77341576,1.2947904
1991,647,318.04365144,0.93707712
1991,648,318.30452976,0.93707712
1991,649,318.56528616,0.9381744
1991,650,318.82589016,0.93707712
1991,651,319.08631128,0.850392
1991,652,319.88293656,6.56283168
1991,653,322.18378032,8.55220032
1991,654,324.5598792,8.5532976
1991,655,326.93585616,8.55000576
1991,656,329.31131496,8.55220032
1991,657,331.68741384,8.55220032
1991,658,334.06909056,7.15646016
1991,659,340.0898964,12.86451072
1991,660,342.8852172,10.3034592
1991,661,347.931486,21.94669728
1991,662,354.02772984,21.94669728
1991,663,360.09020184,22.46571072
1991,664,366.30601872,22.82122944
1991,665,373.104156,26.52454944
1991,666,380.74482144,29.05926624
1991,667,389.20786776,30.99377088
1991,668,397.95117768,32.31928512
1991,669,407.25690456,35.77571712
1991,670,418.24238424,43.25916672
1991,671,430.27628448,42.44498496
1991,672,441.66474024,40.62459744
1991,673,452.75168784,39.08072448
1991,674,463.47665496,37.95381792
1991,675,474.54641184,40.98779712
1991,676,485.41844496,36.44505792
1991,677,495.22550688,34.48092672
1991,678,500.2350168,33.46704
1997,600,20.2141328,34.4216736
1997,601,26.1593076,34.43593824
1997,602,35.9535984,36.56246688
1997,603,45.82192512,33.7578192
1997,604,55.70375448,38.733984
1997,605,66.57097176,39.17179872
1997,606,77.51088384,39.22995456
1997,607,87.55645176,31.20444864
1997,608,96.08061048,28.9846512
1997,609,103.80043248,27.349704
1997,610,111.48200208,28.06183872
1997,611,119.26507008,27.94004064
1997,612,126.75760272,24.77767968
1997,613,134.00818512,27.761184
1997,614,141.390624,25.66318464
1997,615,148.5715596,26.68365504
1997,616,156.0053268,26.58819168
1997,617,163.51124016,26.58928896
1997,618,170.86777104,25.39764288
1997,619,177.46117416,22.32855072
1997,620,183.70561176,22.66651296
1997,621,189.84047376,22.0224096
1997,622,195.93967416,21.94669728
1997,623,202.02290304,21.8468448
1997,624,208.19568216,23.1361488
1997,625,214.83059904,24.10394976
1997,626,221.22326088,21.81173184
1997,627,227.54426424,25.08711264
1997,628,234.95861568,27.50442048
1997,629,242.54024136,27.17852832
1997,630,250.14484896,27.43309728
1997,631,258.13341312,30.41879616
1997,632,266.45609904,28.035504
1997,633,273.98331792,27.33653664
1997,634,281.5983192,27.32007744
1997,635,289.10621376,25.15404672
1997,636,295.430448,19.68191136
1997,637,300.17002704,13.64796864
1997,638,303.2944404,8.14620672
1997,639,304.81810512,2.139696
1997,640,304.9591056,0
1997,641,304.9591056,0
1997,642,304.9591056,0
1997,643,304.9591056,0
1997,644,304.9591056,0
1997,645,305.27423832,2.78050752
1997,646,306.30549864,4.61735424
1997,647,307.77868848,5.48749728
1997,648,309.30274944,5.4864
1997,649,310.79794584,5.19671808
1997,650,311.83091304,1.17079776
1997,651,311.8908672,0
1997,652,311.8908672,0
1997,653,311.8908672,0
1997,654,311.8908672,0
1997,655,311.94045816,1.4758416
1997,656,313.03383672,5.4864
1997,657,314.56158576,6.65610048
1997,658,317.0724672,10.97170272
1997,659,320.11882128,11.67396192
1997,660,324.21566856,18.24666912
1997,661,329.35642536,18.65266272
1997,662,334.6617132,20.61130752
1997,663,340.67355792,21.68883648
1997,664,346.71234696,21.94340544
1997,665,352.8351084,22.73673888
1997,666,359.11072704,22.08605184
1997,667,365.18563488,22.02460416
1997,668,371.59103736,25.7751072
1997,669,379.15964808,28.5896304
1997,670,387.619494,31.65433344
1997,671,396.2928828,30.15544896
1997,672,404.90564688,32.05484064
1997,673,413.94391176,33.01057152
1997,674,423.10601688,32.91949728
1997,675,432.38345832,34.8331536
1997,676,442.07347704,35.55955296
1997,677,452.3175612,37.30313088
1997,678,462.69837864,37.39639968
1997,679,473.12235576,37.5214896
1997,680,483.50975688,37.38213504
1997,681,493.89389664,37.5379488
1997,682,500.0638716,38.185344
2039,619,129.941574,19.1548512
2039,620,134.4901044,20.85600096
2039,621,140.27182512,21.61312416
2039,622,146.4467988,20.83844448
2039,623,151.68557928,17.8308
2039,624,156.5556432,15.41568672
2039,625,160.2578964,13.33634112
2039,626,164.46035688,16.3055808
2039,627,169.02915648,16.76534112
2039,628,173.8810848,18.78104448
2039,629,179.48248584,20.7769968
2039,630,185.21577384,20.6178912
2039,631,190.85625024,17.87798304
2039,632,195.17106,14.26464
2039,633,199.17927144,15.24341376
2039,634,203.70165,16.53930144
2039,635,208.36179816,22.5436176
2039,636,215.90468376,27.87420384
2039,637,222.72577248,21.69651744
2039,638,229.16323992,25.83874944
2039,639,236.57862768,25.1716032
2039,640,243.16523376,22.7301552
2039,641,249.30881304,21.94450272
2039,642,255.40261848,22.19907168
2039,643,261.7886052,23.62773024
2039,644,267.69541584,17.13512448
2039,645,272.07947616,13.82901984
2039,646,275.34681024,8.71020864
2039,647,277.03799304,2.65870944
2039,648,277.2537,0
2039,649,277.2537,0
2039,650,277.2537,0
2039,651,277.2537,0
2039,652,277.66831944,3.895344
2039,653,279.45249672,9.36638208
2039,654,282.40180248,10.9728
2039,655,285.44983296,10.97389728
2039,656,288.41782296,8.70472224
2039,657,290.25835776,5.55443136
2039,658,291.22932864,0.41038272
2039,659,291.68598,4.06322784
2039,660,293.14615488,5.4864
2039,661,294.67390392,6.65390592
2039,662,297.18481584,10.97170272
2039,663,300.25899816,11.7902736
2039,664,303.67918944,14.3414496
2039,665,308.083458,16.42957344
2039,666,312.58002,16.20353376
2039,667,317.14613736,16.45810272
2039,668,321.80915064,19.28140416
2039,669,327.8293164,22.98362688
2039,670,334.2043608,22.72137696
2039,671,340.38070608,22.61823264
2039,672,347.09627304,26.01980064
2039,673,354.55835616,27.43309728
2039,674,362.09426184,26.95029408
2039,675,369.67716768,27.43090272
2039,676,377.28186672,27.6569424
2039,677,385.643628,33.14224512
2039,678,394.86818664,33.06433824
2039,679,404.02736568,32.91949728
2039,680,413.17950384,32.99630688
2039,681,422.15589432,30.20043744
2039,682,430.69556736,31.80356352
2039,683,439.30906296,30.6470304
2039,684,448.19913408,32.28307488
2039,685,457.26108192,33.63382656
2039,686,466.64678832,35.40044736
2039,687,476.9699376,36.8631216
2039,688,486.60362928,32.02301952
2039,689,495.60351984,31.9198752
2043,602,19.7941692,34.728912
2043,603,25.68942792,36.18609984
2043,604,35.65867392,34.32950208
2043,605,44.6934336,31.72017024
2043,606,53.71697664,32.9348592
2043,607,62.8668288,32.94473472
2043,608,72.01726008,32.82074208
2043,609,81.1968912,31.6400688
2043,610,89.73979512,30.25859328
2043,611,98.30373024,31.68396
2043,612,106.94569416,29.32041888
2043,613,114.78319944,27.74362752
2043,614,122.33013888,25.15953312
2043,615,128.57963616,21.24992448
2043,616,134.85848568,22.53922848
2043,617,140.95981968,21.22797888
2043,618,146.8966836,21.8194128
2043,619,152.83452288,20.18556288
2043,620,158.54876088,21.3585552
2043,621,164.12437584,17.06599584
2043,622,168.77452656,16.73022816
2043,623,172.046265,16.1355024
2048,613,129.78003,20.8867248
2048,614,133.46585448,22.7905056
2048,615,140.18062896,24.66575712
2048,616,146.70590928,23.12298144
2048,617,153.57567456,26.56405152
2048,618,160.91410032,22.29563232
2048,619,167.23495128,23.42363616
2048,620,173.59301832,22.53374208
2048,621,179.89484976,22.79379744
2048,622,186.22383888,22.78063008
2048,623,192.5037552,20.18227104
2048,624,197.93038392,19.7071488
2048,625,203.6935728,21.67896096
2048,626,210.06639216,24.49567872
2048,627,216.91430328,24.00519456
2048,628,223.20662496,22.55678496
2048,629,229.86955296,26.29302336
2048,630,237.62342112,28.59621408
2048,631,245.55352464,27.94004064
2048,632,253.2921528,27.63280224
2048,633,260.81729904,27.43638912
2048,634,268.4340072,27.48576672
2048,635,276.09094896,26.46200448
2048,636,282.90725232,22.4558352
2048,637,288.72228768,19.80151488
2048,638,293.89175664,15.9434784
2048,639,297.6050436,9.69556608
2048,640,299.60145312,2.85512256
2048,641,299.8131672,0
2048,642,299.8131672,0
2048,643,299.8131672,0
2048,644,299.8131672,0
2048,645,299.8131672,0
2048,646,299.8131672,0
2048,647,299.8131672,0
2048,648,299.88244824,0.72859392
2048,649,300.66200472,5.10344928
2048,650,302.20170192,6.79326048
2048,651,304.09097424,3.0120336
2048,652,304.3498104,0
2048,653,304.3498104,0
2048,654,304.3498104,0
2048,655,304.3498104,0
2048,656,304.3498104,0
2048,657,305.1099816,7.40993184
2048,658,308.02393056,10.1992176
2048,659,310.28560752,3.43338912
2048,660,312.19280208,10.7149392
2048,661,315.78947256,16.04662272
2048,662,320.4068268,17.31288384
2048,663,325.49031168,19.17057888
2048,664,330.79755024,18.2532528
2048,665,336.39687864,26.16244704
2048,666,343.91367336,27.28167264
2048,667,351.32692752,24.51433248
2048,668,357.67603344,21.5176608
2048,669,363.83040264,26.49711744
2048,670,372.08615448,31.22200512
2048,671,380.92718328,25.49859264
2048,672,386.61264816,22.06739808
2048,673,396.07156752,36.84007872
2048,674,406.21040424,35.30059488
2048,675,415.75896528,34.11004608
2048,676,425.22047544,34.00799904
2048,677,434.61803856,33.59103264
2048,678,444.06071208,34.33498848
2048,679,453.58245072,33.6974688
2048,680,463.3420248,31.28784192
2048,681,471.93695808,33.4012032
2048,682,482.2685808,37.4775984
2048,683,492.72090432,36.67877856
2048,684,499.1669976,30.3727104
2053,605,24.1085285333333,30.3227232
2053,606,31.78253232,27.27179712
2053,607,39.20791752,23.75282016
2053,608,46.4353656,33.7194144
2053,609,56.186832,35.3653344
2053,610,65.66080848,18.4452768
2053,611,72.00576912,32.81635296
2053,612,82.21519752,34.63893504
2053,613,91.22356152,31.85623296
2053,614,100.18184688,30.89501568
2053,615,108.43997616,29.2809168
2053,616,116.3270724,27.97076448
2053,617,123.77284872,24.19392672
2053,618,129.91145976,22.05861984
2053,619,136.26913056,22.51399104
2053,620,142.61220144,23.38413408
2053,621,149.20700664,24.1840512
2053,622,155.42410368,20.45000736
2053,623,160.82735424,17.45553024
2053,624,165.5652264,16.26827328
2053,625,170.22537456,17.77922784
2053,626,175.68995088,22.13433216
2053,627,181.92695136,22.44047328
2053,628,188.78022696,27.16426368
2053,629,195.25963488,15.77230272
2053,630,199.65256488,16.20572832
2053,631,204.4546584,18.90174528
2053,632,210.44583768,24.84132192
2053,633,217.35367248,24.91593696
2053,634,224.68496592,31.31746848
2053,635,234.02760408,34.509456
2053,636,242.75543016,28.3976064
2053,637,250.70769264,27.79081056
2053,638,257.3691576,18.84468672
2053,639,262.13690016,15.05907072
2053,640,266.30760048,15.07772448
2053,641,270.39390168,15.6746448
2053,642,274.95620904,16.13111328
2053,643,278.42233368,8.19338976
2053,644,280.61515632,7.86310848
2053,645,282.82267032,6.72742368
2053,646,283.8238164,0.30394656
2053,647,283.89928488,0.42903648
2053,648,284.27775504,2.76734016
2053,649,285.25951584,3.2424624
2053,650,286.57567272,6.29399808
2053,651,288.3296748,5.8210704
2053,652,290.11348632,9.12059136
2053,653,293.0734296,10.79942976
2053,654,295.55398344,6.25778784
2053,655,296.89766376,2.63127744
2053,656,297.17981712,0.10863072
2053,657,297.310302,1.837944
2053,658,298.47963672,5.33058624
2053,659,300.41548248,10.09717056
2053,660,303.43092984,10.97170272
2053,661,306.4788384,10.98706464
2053,662,309.67993944,13.6007856
2053,663,313.94211024,16.45590816
2053,664,318.51292152,16.52064768
2053,665,323.32275696,19.26055584
2053,666,328.99066536,20.6343504
2053,667,334.76272392,21.55716288
2053,668,341.49633504,27.03478464
2053,669,349.0598556,27.81385344
2053,670,356.82893328,27.42870816
2053,671,364.252002,26.76924288
2053,672,372.04872504,31.19786496
2053,673,381.19168872,33.27172416
2053,674,390.48702192,33.5657952
2053,675,399.75659952,33.33646368
2053,676,409.01688072,33.2969616
2053,677,418.29831504,33.38693856
2053,678,427.22359056,28.6774128
2053,679,435.03598032,29.43563328
2053,680,443.3241324,29.64082464
2053,681,450.93840216,23.51580768
2053,682,454.5814632,26.279856
2055,620,170.93184,17.4248064
2055,621,173.60450928,17.11537344
2055,622,178.0021332,15.09528096
2055,623,182.40899256,16.13111328
2055,624,186.59539008,14.40399456
2055,625,190.65685008,14.648688
2055,626,194.95011048,16.4372544
2055,627,199.5222324,16.45042176
2055,628,204.07082376,16.37909856
2055,629,208.60387032,16.39775232
2055,630,213.93976008,23.1306624
2055,631,220.75484424,27.95101344
2055,632,229.3964424,32.9184
2055,633,238.52572056,32.65834464
2055,634,247.32486984,29.10096288
2055,635,254.94121224,25.97152032
2055,636,261.9861156,25.27803936
2055,637,268.14164304,16.88384736
2055,638,272.60985864,16.36483392
2055,639,277.17981648,16.4756592
2055,640,281.88800112,18.12377376
2055,641,286.79253792,15.84033408
2055,642,290.22854832,4.5427392
2055,643,291.10871928,2.78050752
2055,644,291.79061784,1.4648688
2055,645,292.1971296,1.4648688
2055,646,292.57023528,0.92500704
2055,647,292.69550808,0.27432
2055,648,292.79481192,0.65068704
2055,649,293.18334048,2.74539456
2055,650,293.6909544,3.2150304
2070,683,503.1594966,30.72384
2087,641,240.3724936,24.603456
2087,642,246.73980624,24.07103136
2087,643,252.96827232,18.62961984
2087,644,258.18212016,15.48042624
2087,645,260.96485272,4.67551008
2087,646,262.24461648,4.6250352
2087,647,263.54632584,4.69196928
2087,648,264.8500164,4.69196928
2087,649,266.15355456,4.690872
2087,650,267.45715368,4.69306656
2087,651,268.76081376,4.690872
2087,652,270.042894,4.37046624
2087,653,271.76708664,7.845552
2087,654,274.10194608,9.10632672
2087,655,276.92427216,10.1882448
2087,656,279.22371384,6.79545504
2087,657,281.11082208,6.65939232
2087,658,282.62985384,4.46373504
2087,659,284.01785208,5.30644608
2087,660,285.1218072,2.7267408
2087,661,285.7836804,1.59983424
2087,662,287.47571664,10.70616096
2087,663,290.5192056,10.92232512
2087,664,293.39097024,10.20360672
2087,665,296.84551248,15.19293888
2087,666,301.10183112,15.7075632
2087,667,305.64685632,16.4592
2087,668,310.192674,16.02357984
2087,669,314.91228864,19.25616672
2087,670,320.23260312,19.37577024
2087,671,326.12054664,23.29196256
2087,672,332.70315984,25.3087632
2087,673,340.14213912,27.17633376
2087,674,347.66835216,26.02089792
2087,675,354.44832336,23.32707552
2087,676,361.31202312,26.64305568
2087,677,369.00517512,29.54536128
2087,678,377.83011048,33.54165504
2087,679,387.16942632,33.14773152
2087,680,396.42754344,33.89827104
2087,681,405.87299064,34.01458272
2087,682,415.30914144,33.67771776
2087,683,424.56165024,33.32549088
2087,684,433.6737072,32.27868576
2087,685,442.71264264,32.60786976
2087,686,451.79812104,32.78562912
2087,687,460.95184416,34.13199168
2087,688,469.94441952,31.67079264
2087,689,479.83325928,36.80935488
2087,690,489.70381104,30.6525168
2087,691,497.54558352,27.3606768
2087,692,503.24290512,27.42761088
2089,608,22.2723456,31.656528
2089,609,28.7621472,31.5687456
2089,610,37.29697392,30.21031296
2089,611,45.73328928,30.02816448
2089,612,54.2891472,31.4535312
2089,613,63.23752656,30.8719728
2089,614,72.08584008,33.18503904
2089,615,81.40174728,33.72160896
2089,616,90.62545248,31.13093088
2089,617,98.72840808,27.96856992
2089,618,106.45908096,27.41334624
2089,619,113.8460004,26.40165408
2089,620,121.1756784,25.79046912
2089,621,127.95449136,23.3610912
2089,622,134.90603448,25.89251616
2089,623,141.80058,22.78063008
2089,624,147.6960216,18.91491264
2089,625,152.16710232,13.139928
2089,626,155.65681848,11.80234368
2089,627,158.7674244,10.97060544
2089,628,162.02683368,13.52068416
2089,629,165.98780112,15.61539168
2089,630,170.5665372,17.19876672
2089,631,175.60332672,19.38564576
2089,632,181.24188288,20.11204512
2089,633,186.53644176,17.20864224
2089,634,190.88365176,14.99323392
2089,635,195.04926192,14.99542848
2089,636,199.31978424,16.87506912
2089,637,204.39442992,18.85785408
2089,638,209.7270888,20.91854592
2089,639,216.08381472,23.87352096
2089,640,222.42752568,21.726144
2089,641,228.4814328,21.9456
2089,642,234.5784996,22.22760096
2089,643,239.61940392,9.13375872
2089,644,241.82045616,7.8400656
2089,645,243.99761208,7.83896832
2089,646,246.17467656,7.83787104
2089,647,248.35177152,7.83896832
2089,648,250.52886648,7.83896832
2089,649,252.70593096,7.83896832
2089,650,254.88262968,7.94211264
2089,651,256.98529248,7.36165152
2089,652,259.14236208,7.8400656
2089,653,261.63507744,4.68099648
2089,654,263.15993088,3.74830848
2089,655,264.6354372,5.70146688
2089,656,266.28306408,7.77861792
2089,657,269.01437688,10.49987232
2089,658,271.92311376,10.88721216
2089,659,274.82837592,8.16156864
2089,660,276.5695764,5.48530272
2089,661,278.09360688,5.4864
2089,662,279.61754592,5.48749728
2089,663,281.16346104,5.9692032
2089,664,283.37185896,10.18495296
2089,665,286.16992296,9.93148128
2089,666,289.18716864,13.23539136
2089,667,293.45058912,16.46029728
2089,668,298.02152232,16.3933632
2089,669,302.84833512,20.99974464
2089,670,309.40912464,24.69867552
2089,671,316.29425184,24.99494112
2089,672,321.501516,24.99384384
2102,639,208.345691657143,22.1587858285714
2102,640,213.55665696,23.20418016
2102,641,218.75742888,10.64142144
2102,642,223.81643832,21.13800192
2102,643,229.74507264,21.29601024
2102,644,235.41938184,19.86954624
2102,645,240.56602128,16.40543328
2102,646,245.115588,16.4592
2102,647,249.65326752,14.72330304
2102,648,252.95650704,8.311896
2102,649,254.68222368,3.77244864
2102,650,255.0974832,0
2102,651,255.0974832,0
2102,652,255.0974832,0
2102,653,255.0974832,0
2102,654,255.49247352,4.37046624
2102,655,257.12970672,6.33020832
2102,656,258.96655344,6.638544
2102,657,260.81053248,6.63744672
2102,658,262.65451152,6.638544
2102,659,264.49931352,6.6604896
2102,660,266.19491592,5.51054016
2102,661,267.71943408,5.48530272
2102,662,269.18363232,4.35181248
2102,663,270.3894516,4.90045248
2102,664,271.84124448,5.4864
2102,665,273.50630592,8.29982592
2102,666,276.33317352,11.34477792
2102,667,279.769824,13.53385152
2102,668,283.8832524,16.43835168
2102,669,288.730944,20.22177312
2102,670,294.74248392,21.9456
2102,671,300.9372696,24.07322592
2102,672,308.21839296,27.14560992
2102,673,315.8515908,29.58705792
2102,674,324.98714784,36.07966368
2102,675,334.9791624,34.35912864
2102,676,343.7478012,28.0409904
2102,677,351.38444328,27.4265136
2102,678,358.97100672,26.99089344
2102,679,363.079284,27.9148032
2106,610,14.0567664,27.9367488
2106,611,18.33978552,28.16827488
2106,612,26.31228672,28.98245664
2106,613,34.12787688,27.41115168
2106,614,41.82611904,28.12548096
2106,615,49.94221152,30.07534752
2106,616,58.05644472,29.34785088
2106,617,66.94182192,34.67514528
2106,618,76.63440096,34.70367456
2106,619,85.18084056,24.48360864
2106,620,92.13247512,25.70707584
2106,621,99.25473672,25.87495968
2106,622,106.30165176,26.06917824
2106,623,113.86120992,27.57245184
2106,624,121.6287636,27.36396864
2106,625,128.70167808,25.1935488
2106,626,135.6242652,22.4064576
2106,627,141.73440792,22.03447968
2106,628,147.63893256,20.4697584
2106,629,153.12886824,18.78762816
2106,630,158.36094312,18.29275488
2106,631,163.26426072,17.51039424
2106,632,167.95153608,17.09123328
2106,633,172.66715784,16.56563616
2106,634,177.41862408,17.9569872
2106,635,182.13320952,16.37800128
2106,636,186.3961728,12.673584
2106,637,189.53905704,10.98267552
2106,638,192.58714848,10.9892592
2106,639,195.79507704,13.63041216
2106,640,200.1300036,16.23096576
2106,641,205.03100472,20.55534624
2106,642,210.9679296,21.56484384
2106,643,216.91485192,20.8099152
2106,644,222.06115608,16.22438208
2106,645,226.5770424,16.4592
2106,646,231.1490424,16.4592
2106,647,235.72116432,16.404336
2106,648,240.09480048,13.59091008
2106,649,243.37514952,11.03973408
2106,650,245.87018136,5.90007456
2106,651,247.32587568,3.22380864
2106,652,247.6344552,0
2106,653,247.6344552,0
2106,654,247.6344552,0
2106,655,247.6344552,0
2106,656,247.6344552,0
2106,657,247.8051432,2.41621056
2106,658,249.06771624,5.68500768
2106,659,251.2947984,10.84332096
2106,660,254.27976576,9.49366656
2106,661,256.4283924,6.73949376
2106,662,258.35509416,7.104888
2106,663,260.32888752,7.10269344
2106,664,262.3029552,7.10598528
2106,665,264.2769924,7.08952608
2106,666,266.16495408,6.12172512
2106,667,267.71431344,5.41836864
2106,668,269.74870104,9.99512352
2106,669,272.6666124,10.83893184
2106,670,275.77593816,13.23539136
2106,671,280.03932816,16.45810272
2106,672,284.6914296,18.72288864
2106,673,290.47878912,21.9456
2106,674,296.5563792,22.42511136
2106,675,303.2552736,26.56185696
2106,676,310.78477848,27.14451264
2106,677,318.35238336,27.56586816
2106,678,326.61798024,32.35000896
2106,679,335.59680912,32.09653728
2106,680,344.47103064,31.92316704
2106,681,353.4946956,32.19529248
2106,682,362.47535328,32.44327776
2106,683,371.58280776,32.90413536
2106,684,380.73195888,33.83901792
2106,685,390.56822064,36.24645024
2106,686,400.11958584,30.8280816
2106,687,408.67108512,30.18178368
2106,688,417.31368912,32.88657888
2106,689,426.3293988,32.17334688
2106,690,435.40625136,31.49632512
2106,691,444.27169464,32.88109248
2106,692,453.28063776,32.80099104
2106,693,462.48760944,31.92975072
2106,694,471.47003496,33.40449504
2106,695,480.45325296,28.55342016
2106,696,487.8922932,23.5037376
2106,697,493.50326496,16.22986848
2106,698,497.9749248,18.1648608
2117,613,19.4905884,22.9770432
2117,614,23.84197416,25.86179232
2117,615,31.5359796,28.19022048
2117,616,39.47196576,28.81018368
2117,617,47.49299112,28.5457392
2117,618,55.57031304,30.06986112
2117,619,64.6931904,37.06502112
2117,620,75.15246336,36.27168768
2117,621,84.1543656,27.68547168
2117,622,91.32475512,24.14235456
2117,623,98.37834528,26.7242544
2117,624,105.4062408,24.59114208
2117,625,112.20261024,24.08858784
2117,626,118.99465152,23.83950528
2117,627,125.29876896,20.72103552
2117,628,130.8638988,20.07583488
2117,629,135.96384288,15.42336768
2117,630,140.03600136,16.69730976
2117,631,144.64750344,15.7843728
2117,632,148.919184,17.07696864
2117,633,154.17232056,18.1819296
2117,634,158.6573916,15.0876
2117,635,162.88002984,16.08173568
2117,636,167.71943088,18.297144
2117,637,172.84174728,18.077688
2117,638,177.66459768,17.03088288
2117,639,182.41127856,17.39079072
2117,640,187.32267336,16.87945824
2117,641,191.9017752,16.4592
2117,642,196.46679528,16.46688096
2117,643,201.44960472,20.11643424
2117,644,206.8765992,18.76568256
2117,645,212.27174208,19.82455776
2117,646,217.67770536,18.1929024
2117,647,222.35912856,16.20572832
2117,648,226.84959456,15.86337696
2117,649,231.0979884,15.0876
2117,650,235.24558488,12.20614272
2117,651,237.7656408,6.85909728
2117,652,239.6326932,4.53286368
2117,653,240.145824,0
2117,654,240.15188952,0.03621024
2117,655,240.1574064,0
2117,656,240.1574064,0
2117,657,240.1574064,0
2117,658,240.4961916,3.5167824
2117,659,241.91171328,5.41946592
2117,660,243.98852904,10.55912544
2117,661,247.0248552,10.9728
2117,662,250.07111784,11.12751648
2117,663,252.78545328,6.8195952
2117,664,254.41616376,5.48530272
2117,665,255.88654944,4.38034176
2117,666,256.87565592,3.346704
2117,667,258.5871384,8.9757504
2117,668,261.11283312,9.10303488
2117,669,263.63816208,9.10522944
2117,670,266.42610672,10.95743808
2117,671,269.4357324,11.2142016
2117,672,273.21802608,16.43067072
2117,673,277.78630752,16.76863296
2117,674,283.05782352,21.57910848
2117,675,289.23105984,22.76417088
2117,676,295.74814104,24.80291712
2117,677,302.83501536,26.51686848
2117,678,310.3363872,27.14999904
2117,679,317.891922,27.69644448
2117,680,326.26779552,33.1762608
2117,681,335.49598128,33.06543552
2117,682,344.57463216,32.1393312
2117,683,353.56934112,32.83171488
2117,684,362.5813932,32.2545456
2117,685,371.65001616,32.75709984
2117,686,380.74954584,32.69565216
2117,687,389.88220728,32.97545856
2117,688,398.99042376,32.75600256
2117,689,408.08858184,32.77465632
2117,690,417.19176912,32.808672
2117,691,426.32881968,32.91730272
2117,692,435.47208816,32.83500672
2117,693,444.57917688,32.83500672
2117,694,453.70979616,33.28708608
2117,695,463.2559188,34.91764416
2117,696,473.29136736,37.56757536
2117,697,482.66274816,25.02237312
2117,698,488.85832632,19.7400672
2117,699,493.48921368,12.74819904
2117,700,496.4954256,9.546336
2117,701,498.780990171429,9.38801417142857
2120,616,23.86099368,29.01647232
2120,617,32.0617596,32.27319936
2120,618,41.62522536,33.44619168
2120,619,50.32272384,30.17410272
2120,620,58.7764128,32.02521408
2120,621,68.19805512,34.87046112
2120,622,77.85585648,33.22344384
2120,623,86.50775688,29.3851584
2120,624,94.56989976,27.68547168
2120,625,101.99607744,26.23486752
2120,626,109.23108456,25.0124976
2120,627,116.0033748,23.45326272
2120,628,122.30666928,22.17822336
2120,629,127.74628248,15.47603712
2120,630,132.34230072,17.1834048
2120,631,136.6960944,14.00239008
2120,632,140.35015872,12.399264
2120,633,143.76114504,12.1084848
2120,634,147.65435544,15.69768768
2120,635,152.1453396,16.4592
2120,636,156.66040296,15.71963328
2120,637,161.13645192,16.33630464
2120,638,165.66757824,16.43067072
2120,639,170.23899912,16.4592
2120,640,174.81090768,16.4592
2120,641,179.39314896,16.38677952
2120,642,183.71414616,15.40251936
2120,643,188.23353768,16.96175424
2120,644,193.3748736,19.85857344
2120,645,199.13111304,21.04253856
2120,646,205.06023504,21.89731968
2120,647,211.12042104,21.5670384
2120,648,217.07060472,21.20164416
2120,649,222.353124,16.33081824
2120,650,226.89330288,16.2616896
2120,651,230.76033096,11.2526064
2120,652,233.4114204,5.71902336
2120,653,234.11727624,0.02304288
2120,654,234.1177944,0
2120,655,234.1177944,0
2120,656,234.1177944,0
2120,657,234.1177944,0
2120,658,234.1177944,0
2120,659,234.13687488,0.9272016
2120,660,235.09397736,5.68171584
2120,661,237.32121192,10.84332096
2120,662,240.34132272,10.79504064
2120,663,243.3639024,10.40440896
2120,664,245.951502,7.07855328
2120,665,247.560084,5.32619712
2120,666,248.74182408,3.69893088
2120,667,250.1450928,5.4864
2120,668,251.6690928,5.4864
2120,669,253.27307232,7.74899136
2120,670,255.9701256,10.68092352
2120,671,259.48815768,15.02944416
2120,672,263.68726536,14.99542848
2120,673,268.02112512,15.91275456
2120,674,272.62052664,19.25616672
2120,675,278.45580072,21.81831552
2120,676,284.5297332,22.00156128
2120,677,290.76667272,23.37645312
2120,678,297.1764948,22.05752256
2120,679,303.416208,24.75683136
2120,680,310.77968832,27.14890176
2120,681,318.45150432,29.26774944
2120,682,327.247758,33.70734432
2120,683,336.56430528,32.39390016
2120,684,345.04999824,29.79554112
2120,685,353.86405224,33.01605792
2120,686,362.91191832,32.36207904
2120,687,372.03147336,32.9184
2120,688,381.23481792,33.92021664
2120,689,390.91349808,34.44800832
2120,690,400.06972056,32.13494208
2120,691,408.99594096,32.09873184
2120,692,417.94233912,32.26661568
2120,693,426.873162,32.10970464
2120,694,435.88387296,33.23441664
2120,695,445.14985392,33.65577216
2120,696,454.51376712,34.10126784
2120,697,464.08247544,34.50835872
2120,698,473.53892592,34.08480864
2120,699,482.18189568,24.0743232
2120,700,488.21480208,19.78286112
2120,701,492.84492744,12.96326592
2120,702,496.21564968,11.60702784
2120,703,498.7285428,13.322808
2138,617,11.35873776,32.150304
2138,618,18.16001448,34.24830336
2138,619,27.9835356,34.646616
2138,620,36.87040632,28.0958544
2138,621,46.79606592,40.25261952
2138,622,58.08018864,39.92563008
2138,623,65.68939872,11.46547872
2138,624,73.53397536,33.60310272
2138,625,82.36906056,30.61630656
2138,626,90.7103088,29.58047424
2138,627,99.14689848,29.5387776
2138,628,106.89479256,25.71146496
2138,629,113.63163456,24.06664224
2138,630,120.36189288,22.68406944
2138,631,125.99734008,16.73571456
2138,632,130.50978216,16.91127936
2138,633,135.10464216,15.49249632
2138,634,139.10413632,12.85573248
2138,635,142.7776164,13.43290176
2138,636,146.82539088,15.96761856
2138,637,151.03224048,14.182344
2138,638,154.74083352,12.44644704
2138,639,158.00255928,11.4226848
2138,640,161.37919464,13.8751056
2138,641,165.5633976,15.608808
2138,642,170.08537992,16.4592
2138,643,174.65030856,16.23096576
2138,644,179.01181368,16.4921184
2138,645,184.40372568,22.40536032
2138,646,190.49838456,21.45292128
2138,647,196.44606888,21.14239104
2138,648,201.86894856,18.28507392
2138,649,207.39091872,21.37611168
2138,650,213.3258624,21.33222048
2138,651,219.27409536,20.33040384
2138,652,224.17061592,13.41863712
2138,653,227.38006848,9.25884864
2138,654,229.23934848,3.22380864
2138,655,229.547928,0
2138,656,229.547928,0
2138,657,229.547928,0
2138,658,229.547928,0
2138,659,229.54814136,0.00219456
2138,660,229.5488424,0
2138,661,229.56780096,0.9436608
2138,662,230.7567648,8.8276176
2138,663,233.6636424,10.9728
2138,664,236.7116424,10.9728
2138,665,239.75251008,10.863072
2138,666,242.21261184,5.89678272
2138,667,243.7482552,5.4864
2138,668,245.27996664,5.14734048
2138,669,246.49941048,4.17405312
2138,670,247.8630552,5.4864
2138,671,249.39074328,6.65610048
2138,672,251.9015028,11.00132928
2138,673,255.19937784,14.98774752
2138,674,259.91274408,17.84616192
2138,675,264.8786676,19.18155168
2138,676,270.62021568,21.39696
2138,677,276.64666032,21.94450272
2138,678,282.74262984,21.94669728
2138,679,288.83859936,21.96096192
2138,680,295.01299392,23.0867712
2138,681,301.6088964,25.78169088
2138,682,309.1255692,27.04685472
2138,683,316.92460872,30.2959008
2138,684,325.9049616,34.20880128
2138,685,335.34394704,33.18942816
2138,686,344.09149368,30.47804928
2138,687,352.95846096,32.91949728
2138,688,362.01998208,32.4465696
2138,689,371.047518,30.65580864
2138,690,378.97893216,28.77945984
2138,691,387.70730688,33.59651904
2138,692,396.84255912,30.48902208
2138,693,404.78671392,28.00148832
2138,694,412.7592456,30.57460992
2138,695,420.97945776,28.15291296
2138,696,428.71951848,27.70632
2138,697,436.57025208,28.81237824
2138,698,444.5760984,28.8913824
2138,699,452.6022444,28.89467424
2138,700,460.62677496,28.8474912
2138,701,468.36113592,26.49711744
2138,702,476.19760488,29.39722848
2138,703,484.42568088,26.95358592
2138,704,490.1583288,12.74819904
2138,705,493.36957968,12.3224544
2138,706,497.68737648,18.04806144
2138,707,502.447593866667,18.0917088
2141,621,23.6109256,32.6111616
2141,622,32.55526128,35.37520992
2141,623,42.18742896,34.09358688
2141,624,52.14631176,38.34335232
2141,625,63.05617056,38.4432048
2141,626,72.43172712,27.17084736
2141,627,80.3608248,28.20119328
2141,628,87.578184,25.47554976
2141,629,94.94425512,25.566624
2141,630,101.59057152,23.7396528
2141,631,108.13109184,21.58788672
2141,632,113.77571352,19.8497952
2141,633,119.288814,18.79860096
2141,634,124.2294696,18.44966592
2141,635,129.2431248,15.36411456
2141,636,133.35332232,15.51115008
2141,637,137.80840104,16.07624928
2141,638,142.12132104,14.97567744
2141,639,146.16406632,14.93178624
2141,640,150.6594396,17.92626336
2141,641,155.91809304,15.22805184
2141,642,159.56350104,13.27489344
2141,643,163.68165384,15.78108096
2141,644,167.88365712,14.9668992
2141,645,172.38661992,17.75837952
2141,646,177.24025512,15.57150048
2141,647,181.47225072,15.6142944
2141,648,186.09557904,18.06342336
2141,649,191.3545068,19.48440096
2141,650,196.91597904,20.60801568
2141,651,202.39289976,17.49174048
2141,652,207.01153416,16.48992384
2141,653,211.59203808,16.4921184
2141,654,216.126822,15.82497216
2141,655,220.27191912,11.10227904
2141,656,222.29935728,3.22380864
2141,657,222.6079368,0
2141,658,222.6079368,0
2141,659,222.6079368,0
2141,660,222.6079368,0
2141,661,222.6079368,0
2141,662,222.6079368,0
2141,663,223.2501504,5.70805056
2141,664,225.58708248,10.79504064
2141,665,229.03580304,14.86704672
2141,666,232.97927496,12.37073472
2141,667,235.95960936,8.15937408
2141,668,237.7007184,5.4864
2141,669,239.16778176,4.74683328
2141,670,240.5662956,5.30644608
2141,671,242.07023976,5.48420544
2141,672,243.58207824,6.1283088
2141,673,245.95674456,10.94865984
2141,674,249.0039216,11.05180416
2141,675,252.36086688,14.89338144
2141,676,257.14912248,20.44342368
2141,677,263.32504104,22.49424
2141,678,269.5035504,22.95290304
2141,679,275.96863272,22.65115104
2141,680,282.12269712,22.28465952
2141,681,288.53995632,24.34535136
2141,682,295.26299088,22.9386384
2141,683,301.667418,25.29340128
2141,684,309.1225212,27.14560992
2141,685,316.71862488,29.04280704
2141,686,325.7937096,36.15318144
2141,687,335.63042856,33.61956192
2141,688,344.74733184,32.65395552
2141,689,353.86999584,33.00727968
2141,690,362.7770748,29.88771264
2141,691,370.843302,28.28129472
2141,692,378.515118,28.88150688
2141,693,387.29780808,33.91582752
2141,694,396.67400472,33.37816032
2141,695,405.73872624,30.9542688
2141,696,414.55844952,33.05885184
2141,697,423.17986992,28.28458656
2141,698,431.19117216,29.78676288
2141,699,439.22341416,27.9367488
2141,700,446.382648,23.02751808
2141,701,452.74876176,22.90462272
2141,702,459.111858,22.90352544
2141,703,465.47397888,22.91998464
2141,704,471.87864984,23.05165824
2141,705,478.24622664,22.90901184
2141,706,484.60569576,23.12078688
2141,707,490.11163344,14.15710656
2141,708,494.87105496,21.90061152
2141,709,500.95501536,21.87866592
2141,710,507.04376112,21.94669728
2143,623,21.44776,29.1986208
2143,624,28.07774928,29.02963968
2143,625,35.7138732,32.58482688
2143,626,45.8966316,37.84079808
2143,627,55.44461352,18.0996336
2143,628,61.928502,32.068008
2143,629,70.8475596,32.10531552
2143,630,79.84583472,31.9911984
2143,631,87.90489912,25.41519936
2143,632,94.72022712,24.33108672
2143,633,101.07043032,19.6522848
2143,634,106.56990624,20.96572896
2143,635,112.06548072,16.65232128
2143,636,117.0610308,20.12740704
2143,637,122.4779364,17.6881536
2143,638,127.1195832,15.62965632
2143,639,131.4489624,15.88422528
2143,640,136.08365976,18.53525376
2143,641,141.22075896,16.75436832
2143,642,145.69827096,17.00674272
2143,643,150.57187056,17.03636928
2143,644,155.075382,15.45409152
2143,645,159.37665864,16.57551168
2143,646,164.14751016,17.10440064
2143,647,169.02738864,18.70642944
2143,648,174.21252432,16.69621248
2143,649,178.7763252,16.48443744
2143,650,183.35112936,16.4592
2143,651,187.93090176,16.514064
2143,652,192.57739488,17.54879904
2143,653,197.93489496,19.01805696
2143,654,202.6945908,13.57554816
2143,655,205.08516768,4.20148512
2143,656,206.24453544,4.17185856
2143,657,207.40341552,4.17076128
2143,658,208.56208224,4.17295584
2143,659,209.7209928,4.17185856
2143,660,210.4162416,4.169664
2144,629,60.3802704,30.3781968
2144,630,66.5488128,32.1283584
2144,631,75.51386472,31.22529696
2144,632,83.39672424,25.10137728
2144,633,90.07888512,23.2294176
2144,634,96.4024488,19.88161632
2144,635,101.39037888,16.00053696
2144,636,105.85191936,16.07734656
2144,637,110.17602552,15.0217632
2144,638,114.60729936,17.23936608
2144,639,119.67081984,18.12377376
2144,640,124.77573216,17.86042656
2144,641,129.34236768,16.54478784
2144,642,134.45572296,17.56635552
2144,643,138.93765456,14.89228416
2144,644,142.990062,14.07371328
2144,645,147.10946448,15.52870656
2144,646,151.54390824,16.44054624
2144,647,155.90468184,14.68380096
2144,648,160.22485608,16.40653056
2144,649,164.76198696,16.25181408
2144,650,169.32545256,16.45810272
2144,651,173.89742208,16.4592
2144,652,178.48450968,17.19876672
2144,653,183.19991808,16.48004832
2144,654,187.77664248,15.2631648
2144,655,191.33048856,10.76541408
2144,656,194.32042416,10.76321952
2144,657,197.31023784,10.76212224
2144,658,200.3006916,10.753344
2144,659,203.26752336,10.68640992
2144,660,206.25550824,10.76212224
2144,661,209.24538288,10.76212224
2144,662,212.23519656,10.76321952
2144,663,215.22504072,10.76212224
2144,664,217.800936,3.51019872
2144,665,218.69668224,6.62537664
2144,666,221.0025552,8.88906528
2144,667,223.886268,11.28223296
2144,668,226.44198552,8.85066048
2144,669,228.98673024,8.88906528
2144,670,231.16906776,7.050024
2144,671,233.5304448,9.22922208
2144,672,235.56778896,5.43373056
2144,673,237.09215472,5.33387808
2144,674,239.02742136,9.94903776
2144,675,241.99361304,10.93878432
2144,676,245.07514104,12.68894592
2144,677,249.23182056,16.45700544
2144,678,253.82259624,17.32166208
2144,679,259.4498748,22.9935024
2144,680,265.79654232,22.38890112
2144,681,271.91189712,22.84866144
2144,682,278.70146952,26.76375648
2144,683,286.1451732,24.61857408
2144,684,292.45828224,21.96315648
2144,685,298.65413472,23.4763056
2144,686,305.79322128,27.52417152
2144,687,313.35058488,27.0314928
2144,688,321.02797872,29.46525984
2144,689,329.77525104,31.93194528
2144,690,338.01728688,27.42870816
2144,691,345.57196824,26.90969472
2144,692,353.3265984,29.56950144
2144,693,361.57101168,29.57389056
2144,694,369.86440632,30.00731616
2144,695,378.19992432,30.0051216
2144,696,386.55302928,30.16642176
2144,697,394.91506488,30.00731616
2144,698,403.25058288,30.00621888
2144,699,411.58893552,30.14557344
2144,700,419.60499264,25.80912288
2144,701,426.65074944,26.1207504
2144,702,433.98234768,24.57139104
2144,703,440.90414232,25.8793488
2144,704,448.11028488,25.96603392
2144,705,455.25900312,16.12343232
2144,706,458.92574712,16.77411936
2144,707,464.26959216,17.63767872
2144,708,469.4715528,20.58387552
2144,709,475.239588,20.7166464
2144,710,481.32982728,20.7550512
2144,711,490.6034892,22.62920544
2144,712,496.85886912,23.84169984
2148,679,249.4911444,18.1106064
2148,680,253.04078424,18.92698272
2148,681,258.62383632,20.97231264
2148,682,264.60379896,21.24772992
2148,683,270.47641104,21.33770688
2148,684,276.52361256,22.68187488
2148,685,282.75735168,22.55568768
2148,686,288.95811144,21.94779456
2148,687,295.05423336,21.9456
2148,688,301.15026384,21.94669728
2148,689,307.24833648,21.9236544
2148,690,313.26133944,21.84903936
2148,691,319.92423696,27.54611712
2148,692,328.34802504,32.01972768
2148,693,337.34370936,32.81525568
2148,694,346.41553272,32.68029024
2148,695,355.55328432,32.51460096
2148,696,364.58045448,32.94692928
2148,697,373.34927616,29.5881552
2148,698,381.51584352,29.32151616
2148,699,389.70944664,29.58705792
2148,700,396.654702171429,29.3349970285714
2155,623,0.9263888,23.9536224
2155,624,6.12596184,24.47044128
2155,625,13.2921756,27.81275616
2155,626,21.69700512,34.57309824
2155,627,29.84150496,21.86440128
2155,628,38.38629864,35.37520992
2155,629,48.22554744,35.44104672
2155,630,58.0342248,36.15976512
2155,631,66.12386064,9.67691232
2155,632,71.73644784,30.97182528
2155,633,80.39520624,27.4374864
2155,634,87.06487032,21.43426752
2155,635,92.8205916,18.57914496
2155,636,96.9862932,11.81441376
2155,637,100.26325896,11.8122192
2155,638,103.56558408,12.06678816
2155,639,107.15969424,13.70941632
2155,640,110.96996856,13.71709728
2155,641,114.75317664,14.12748
2155,642,119.25552984,18.48148704
2155,643,124.2927156,16.1409888
2155,644,128.53604976,15.37508736
2155,645,133.24036344,17.913096
2155,646,137.76725304,15.0985728
2155,647,141.9586188,15.11942112
2155,648,146.21460216,15.53419296
2155,649,150.54977256,15.59015424
2155,650,154.7672292,14.81657184
2155,651,158.88199872,14.93178624
2155,652,163.31165712,16.8487344
2155,653,167.99414712,18.04367232
2155,654,173.86282728,22.20784992
2155,655,179.23721328,16.46139456
2155,656,183.89717856,17.14280544
2155,657,188.54300112,16.45810272
2155,658,192.9476964,13.76428032
2155,659,196.17296808,9.77566752
2155,660,198.42665928,6.2709552
2155,661,199.9788228,5.48420544
2155,662,201.50026248,5.39971488
2155,663,203.00234736,5.43043872
2155,664,204.37028976,4.21136064
2155,665,205.49180136,4.01165568
2155,666,206.81493816,5.37557472
2155,667,208.32680712,5.44689792
2155,668,210.4459596,10.95853536
2155,669,213.59658576,11.38428
2155,670,216.75970872,11.39086368
2155,671,219.86296896,10.31114016
2155,672,222.16119144,6.29070624
2155,673,223.6966824,5.1352704
2155,674,225.206052,5.4864
2155,675,226.73374008,6.65610048
2155,676,229.24471296,10.97060544
2155,677,232.27811304,11.1703104
2155,678,236.02922568,16.32972096
2155,679,240.5734584,16.28144064
2155,680,245.12064768,16.4756592
2155,681,249.91103688,19.84321152
2155,682,255.5944596,19.77627744
2155,683,261.10816968,20.04950016
2155,684,266.45167944,17.5729392
2155,685,270.97686216,16.82020512
2155,686,276.21637416,21.19286592
2155,687,282.28494216,21.94121088
2155,688,288.35735064,21.82380192
2155,689,294.44185968,21.94669728
2155,690,300.52591152,22.58641152
2155,691,307.396134,26.05930272
2155,692,314.71096824,27.3551904
2155,693,322.45947192,29.96561952
2155,694,331.27907328,32.53874112
2155,695,340.3576632,32.66383104
2155,696,349.4614296,32.54203296
2155,697,358.4198064,32.0734944
2155,698,367.39787328,32.19748704
2155,699,376.44436776,33.6919824
2155,700,386.65391808,40.55437152
2155,701,397.14050112,32.47619616
2155,702,406.53016992,32.94802656
2155,703,415.45495776,31.71797568
2155,704,423.7277784,28.008072
2155,705,431.4155964,26.49163104
2155,706,438.44175456,24.79084704
2155,707,445.33514184,24.87204576
2155,708,452.08374912,21.1720176
2155,709,458.01698592,22.00156128
2155,710,464.12865264,22.00375584
2155,711,470.33328336,17.24594976
2155,712,473.24927448,8.80676928
2155,713,479.69619072,29.96232768
2155,714,488.02591752,27.93894336
2155,715,495.40323576,30.641544
2162,629,22.53148656,28.56110112
2162,630,30.45781056,28.4963616
2162,631,38.79820536,31.629096
2162,632,47.0073228,27.02820096
2162,633,54.8737536,29.91075552
2162,634,63.20433384,30.00292704
2162,635,71.67317136,26.29521792
2162,636,78.25441296,16.4646864
2162,637,85.13725416,16.32094272
2162,638,89.5615176,14.49177696
2162,639,93.47511912,14.42813472
2162,640,97.48451928,14.292072
2162,641,101.5005336,14.58394848
2162,642,105.75849816,16.28692704
2162,643,110.00741016,13.22990496
2162,644,114.062256,15.883128
2162,645,118.42476696,15.2905968
2162,646,122.8398864,16.99796448
2162,647,127.17758664,13.53275424
2162,648,131.58072744,18.37724544
2162,649,136.0669872,13.9025376
2162,650,139.92252432,12.701016
2162,651,143.69847816,14.91532704
2162,652,147.81891696,15.6417264
2162,653,152.48156448,17.61353856
2162,654,157.48068072,18.06452064
2162,655,162.35223816,15.99614784
2162,656,166.78363392,16.18158816
2162,657,171.3134496,16.64793216
2162,658,175.93476624,15.94677024
2162,659,180.18596424,15.1040592
2162,660,184.3113408,13.48886304
2162,661,187.68693984,11.56203936
2162,662,190.68580608,8.30750688
2162,663,192.54984096,6.21499392
2162,664,194.27695968,6.2215776
2162,665,195.95101272,5.51054016
2162,666,197.35803048,4.93776
2162,667,198.71807856,4.78633536
2162,668,200.02091568,4.69745568
2162,669,201.44265528,7.6919328
2162,670,204.14476824,10.97170272
2162,671,207.19279872,10.9728
2162,672,210.18998856,10.14654816
2162,673,212.8109028,9.18752544
2162,674,215.36439528,9.19301184
2162,675,217.91871072,9.08877024
2162,676,220.63194888,10.7423712
2162,677,223.63133328,10.71713376
2162,678,226.6511088,10.9728
2162,679,229.69898688,10.9892592
2162,680,232.82638728,12.673584
2162,681,236.9170776,17.3973744
2162,682,241.75888656,16.73352
2162,683,246.3369216,16.4592
2162,684,250.97454504,18.09085536
2162,685,256.68445488,22.42950048
2162,686,262.98457944,22.21004448
2162,687,268.98057456,21.0183984
2162,688,274.96559688,21.94669728
2162,689,281.01999168,21.20713056
2162,690,286.99154184,22.20016896
2162,691,293.14106472,23.51251584
2162,692,300.208188,26.04174624
2162,693,307.50848328,27.05124384
2162,694,315.12695928,27.71619552
2162,695,322.83276048,27.6898608
2162,696,330.59763192,29.89210176
2162,697,339.35956512,31.78490976
2162,698,348.195138,32.0350896
2162,699,357.08365464,31.57203744
2162,700,365.87137392,31.89134592
2162,701,375.11312328,35.52224544
2162,702,385.09517088,36.08624736
2162,703,395.10641832,35.99736768
2162,704,404.99608104,32.24686464
2162,705,413.50679808,30.10607136
2162,706,421.86234144,30.01389984
2162,707,430.22675448,29.94696576
2162,708,437.59349616,21.55716288
2162,709,443.92812408,23.22283392
2162,710,450.37824072,23.20308288
2162,711,456.8580144,23.46752736
2162,712,463.35668568,24.32340576
2162,713,469.27712088,15.23134368
2162,714,475.470474,25.0563888
2162,715,482.43024672,25.05748608
2162,716,489.3925188,25.15294944
2162,717,496.29834192,24.8588784
2167,657,160.921869333333,16.6749984
2167,658,165.34872696,16.86958272
2167,659,170.02515144,16.404336
2167,660,174.47623728,15.91056
2167,661,178.72393008,13.33304928
2167,662,182.04265344,11.50607808
2167,663,185.02588344,8.174736
2167,664,186.84337536,6.02626176
2167,665,188.42501304,4.67331552
2167,666,189.46407624,3.47179392
2167,667,190.42934736,3.46521024
2167,668,191.47828608,4.58882496
2167,669,192.94574568,5.5851552
2167,670,194.68654992,8.30421504
2167,671,196.85928624,7.3956672
2167,672,199.04107512,9.12498048
2167,673,201.87842784,10.79284608
2167,674,204.96468024,11.29210848
2167,675,208.11978696,10.5558336
2167,676,210.63786168,8.22082176
2167,677,212.99146632,9.09535392
2167,678,215.67331008,9.8535744
2167,679,218.41334016,9.87332544
2167,680,221.19095208,12.04593984
2167,681,225.21284904,16.23096576
2167,682,229.77948456,16.47675648
2167,683,234.56210136,19.45367712
2167,684,240.17694408,20.09229408
2167,685,245.70708288,19.86735168
2167,686,251.5290372,21.90609792
2167,687,257.47275912,21.82270464
2167,688,263.7016824,22.63578912
2167,689,269.92338192,21.94889184
2167,690,275.76709896,20.06047296
2167,691,280.88953728,17.1614592
2167,692,286.24456848,21.7041984
2167,693,292.31210016,21.94669728
2167,694,298.41989592,22.66322112
2167,695,304.65610392,21.9675456
2167,696,310.79346528,23.97776256
2167,697,318.04968648,27.69644448
2167,698,326.42488944,33.1707744
2167,699,335.65203888,33.07421376
2167,700,344.75370216,32.65724736
2167,701,353.87789016,33.000696
2167,702,362.92868232,32.37305184
2167,703,372.04899936,32.91949728
2167,704,381.29248608,34.7398848
2167,705,391.37740368,36.83898144
2167,706,401.13392976,33.04129536
2167,707,410.2704012,32.22821088
2167,708,418.73533728,28.23959808
2167,709,426.3964548,28.14852384
2167,710,434.0981412,26.62988832
2167,711,441.30934344,26.05601088
2167,712,448.49424144,24.4364256
2167,713,454.80408912,21.5286336
2167,714,460.86951768,21.17311488
2167,715,466.68235848,21.32892864
2167,716,472.91664624,23.04507456
2167,717,479.2992192,22.658832
2167,718,485.49287712,22.91010912
2167,719,492.17750688,25.43056128
2167,720,498.0468068,29.5095168
2182,641,23.0933244,17.66949984
2182,642,27.6394164,13.91789952
2182,643,31.62074448,15.57150048
2182,644,35.99980608,14.10114528
2182,645,39.71900616,14.30523936
2182,646,43.90391016,15.10844832
2182,647,48.16425216,16.06637376
2182,648,52.72348104,16.45261632
2182,649,57.33961608,16.7390064
2182,650,62.413134,20.8812384
2182,651,68.4094644,21.68554464
2182,652,74.43161136,21.71846304
2182,653,80.5322748,21.99607488
2182,654,86.33249688,19.22654016
2182,655,91.8153612,21.7316304
2182,656,97.24479408,14.6541744
2182,657,101.63991864,17.69034816
2182,658,106.34648784,15.93031104
2182,659,110.53901184,14.89447872
2182,660,114.54408384,14.46324768
2182,661,118.80588888,15.31583424
2182,662,122.67669648,12.83927328
2182,663,125.92046952,11.20652064
2182,664,128.85797952,10.5503472
2182,665,132.476883466667,17.8161696
2182,702,333.6983928,45.9039250285714
2182,703,344.17491744,43.71453792
2182,704,356.32037448,43.43473152
2182,705,368.41745976,44.02177632
2182,706,380.26195728,40.54778784
2182,707,391.7539536,39.54487392
2182,708,401.7388968,31.75638048
2182,709,409.89644208,27.39688704
2182,710,417.53674176,27.56147904
2182,711,425.076366,26.49272832
2182,712,432.17710872,24.02604288
2182,713,438.49052256,21.86659584
2182,714,444.57085584,21.9456
2182,715,450.67593888,21.5670384
2182,716,456.66147936,22.5820224
2182,717,463.27018344,24.89947776
2182,718,470.259918,25.91994816
2182,719,477.4003152,24.15991104
2182,720,483.79584216,24.06773952
2182,721,491.29678728,29.47513536
2182,722,497.887498,30.1148496
2191,635,7.7407008,27.9340056
2191,636,14.8481796,28.87711776
2191,637,23.3841036,33.92350848
2191,638,32.37283848,27.6569424
2191,639,39.453312,21.92584896
2191,640,44.91627288,18.6866784
2191,641,50.04157632,17.57513376
2191,642,54.42618528,15.96432672
2191,643,59.858148,23.48947296
2191,644,66.047874,11.54777472
2191,645,67.41816336,4.5427392
2191,646,70.70884512,15.81399936
2191,647,75.10214088,15.70097952
2191,648,79.56615024,18.19070784
2191,649,84.16689288,13.48996032
2191,650,87.82592544,13.53714336
2191,651,92.1012636,16.95517056
2191,652,96.82456632,18.31470048
2191,653,102.15643272,19.51622208
2191,654,107.10114216,17.50381056
2191,655,112.82580432,21.1829904
2191,656,117.63536544,13.90034304
2191,657,122.18932128,18.54183744
2191,658,127.01726184,15.67354752
2191,659,131.59569312,18.72837504
2191,660,136.20893256,13.11359328
2191,661,139.79999472,13.78512864
2191,662,143.38334544,11.13519744
2191,663,146.14782048,9.9742752
2191,664,149.1002352,10.49987232
2191,665,151.779732,8.90113536
2191,666,154.19228496,8.50392
2191,667,156.54851088,7.73472672
2191,668,158.17364352,4.39131456
2191,669,159.40439544,5.17696704
2191,670,160.81348584,4.68758016
2191,671,162.11175096,4.78633536
2191,672,163.52806512,5.3327808
2191,673,165.03859296,5.6125872
2191,674,166.64415744,5.37776928
2191,675,167.97244536,4.6963584
2191,676,169.39668432,6.05808288
2191,677,171.26504736,6.90957216
2191,678,173.39291712,9.43770528
2191,679,176.08027776,10.02255552
2191,680,178.96094256,10.45598112
2191,681,181.89083256,10.72810656
2191,682,184.79746632,9.69885792
2191,683,187.53469224,10.232136
2191,684,190.4239524,10.4351328
2191,685,193.22988024,9.244584
2191,686,196.0007256,9.8864928
2191,687,199.3343232,11.78039808
2191,688,202.65408288,13.21454304
2191,689,206.6873184,15.79863744
2191,690,211.4531712,17.8911504
2191,691,216.42342288,17.7649632
2191,692,221.26672536,19.08828288
2191,693,225.6172272,22.38231744
2194,634,35.63727696,24.3376704
2194,635,40.94152848,24.61418496
2194,636,47.82885024,25.3910592
2194,637,54.91484064,24.75792864
2194,638,61.62297048,14.63881248
2194,639,66.3499308,15.58027872
2194,640,71.16659376,12.32684352
2194,641,74.525124,12.06898272
2194,642,77.93562264,13.16626272
2194,643,81.98376288,15.3015696
2194,644,86.23425984,15.3015696
2194,645,90.48472632,15.30266688
2194,646,94.67694552,15.00091488
2194,647,99.08112264,17.93065248
2194,648,104.43216096,19.63253376
2194,649,109.66313856,15.81070752
2194,650,113.55912264,13.42851264
2194,651,117.88118664,15.14465856
2194,652,123.0878412,17.56416096
2194,653,127.69400928,14.04737856
2194,654,131.70432384,15.76132992
2194,655,135.87676152,13.77415584
2194,656,139.93218648,16.81471872
2194,657,144.5439324,16.36373664
2194,658,149.05043088,15.40142208
2194,659,153.35231712,15.90726816
2194,660,157.63875,13.83560352
2194,661,161.35874256,13.2716016
2194,662,164.67045552,11.20103424
2194,663,167.72500872,10.9728
2194,664,170.77328304,10.95743808
2194,665,173.70320352,8.89455168
2194,666,175.93232784,7.34299776
2194,667,177.7465584,6.23474496
2194,668,179.48007792,6.23035584
2194,669,181.09731624,4.73256864
2194,670,182.16106824,3.56286816
2194,671,183.17434536,3.87010656
2194,672,184.30228824,4.10711904
2194,673,185.58000984,6.00870528
2194,674,187.55261448,7.45821216
2194,675,189.62022528,7.40664
2194,676,191.67762528,7.4011536
2194,677,193.79211432,8.16486048
2194,678,196.19247528,8.77494816
2194,679,198.66501288,9.2336112
2194,680,201.30412368,9.518904
2194,681,203.9322312,9.52768224
2194,682,206.44372224,8.37334368
2194,683,208.7364888,8.24386464
2194,684,211.18485576,10.1992176
2194,685,214.20542376,10.8685584
2194,686,217.45891992,13.69515168
2194,687,221.73099672,16.33081824
2194,688,226.4020872,17.31946752
2194,689,231.2104596,17.1943776
2194,690,235.86554808,16.5085776
2194,691,240.65526672,19.64021472
2194,692,246.5594256,21.9456
2194,693,252.65792496,21.8742768
2194,694,258.66358224,21.62299968
2194,695,264.7547664,22.00924224
2194,696,270.89584632,22.99789152
2194,697,277.50829944,23.67710784
2194,698,283.78821576,21.88634688
2194,699,289.83813,22.08056544
2194,700,296.60953632,26.70998976
2194,701,303.85295592,26.3731248
2194,702,311.3688972,27.15109632
2194,703,318.95756376,27.5636736
2194,704,326.95295544,29.92721472
2194,705,335.0713644,28.0245312
2194,706,342.67554528,27.1796256
2194,707,350.26021896,27.43090272
2194,708,357.85735896,26.96236416
2194,709,365.38162128,27.432
2194,710,373.0017432,27.432
2194,711,380.72851464,29.38845024
2194,712,389.33816976,31.74101856
2194,713,397.78972512,28.20777696
2194,714,405.43712664,27.432
2194,715,413.06233872,27.52746336
2194,716,420.65746704,25.97700672
2194,717,427.43448168,22.81354848
2194,718,433.58107848,21.9456
2194,719,439.66595328,21.86440128
2194,720,445.7504928,21.9456
2194,721,451.84661472,21.94669728
2194,722,457.9427976,21.9456
2194,723,464.02239936,22.2089472
2194,724,470.8934448,27.73265472
2194,725,478.60232448,27.816048
2194,726,486.1640772,25.96274208
2194,727,493.58205576,27.95759712
2194,728,499.1001702,27.0918432
2196,646,21.5655144,15.2866779428571
2196,647,25.3397004,16.83995616
2196,648,30.49975104,18.76568256
2196,649,35.70372336,21.66798816
2196,650,41.67253032,18.37285632
2196,651,47.23909272,24.42325824
2196,652,53.4259536,24.7861836
2196,654,66.9695892,7.9973424
2196,655,68.6423316,25.4898144
2197,643,21.733764,24.6888
2205,638,21.1760308,26.5322304
2205,639,27.18901344,28.03440672
2205,640,34.41006072,22.78063008
2205,641,39.99862968,16.35825024
2205,642,44.43392688,16.04003904
2205,643,48.69981624,14.49945792
2205,644,52.68989208,13.88278656
2205,645,56.38766472,13.0960368
2205,646,60.07924992,14.3633952
2205,647,64.46388936,16.48224288
2205,648,69.0405528,16.4756592
2205,649,73.6169724,16.47346464
2205,650,78.22597512,16.57002528
2205,651,82.71482568,15.88422528
2205,652,87.19770216,17.04734208
2205,653,92.1765492,17.5400208
2205,654,96.91399464,17.00784
2205,655,101.61471168,16.5250368
2205,656,106.0763436,15.90946272
2205,657,110.54672328,17.0791632
2205,658,115.67918952,19.46903904
2205,659,120.94710888,16.96614336
2205,660,125.4905796,14.95044
2205,661,129.38491776,16.13221056
2205,662,134.39985312,16.157448
2205,663,138.50474712,12.45303072
2205,664,141.49035456,7.72594848
2205,665,143.7881808,9.8700336
2205,666,146.01444,6.7153536
2205,667,147.89968896,6.44652
2205,668,149.4755964,5.21208
2205,669,150.91650792,5.0035968
2205,670,152.21321856,4.74354144
2205,671,153.66793752,5.63233824
2205,672,154.96041144,3.32146656
2205,673,156.15062496,4.66453728
2205,674,157.44602496,4.66563456
2205,675,158.7415164,4.65356448
2205,676,160.1506068,6.20841024
2205,677,162.13314792,7.39676448
2205,678,164.18545776,7.71826752
2205,679,166.4447268,8.22521088
2205,680,168.7767516,8.78153184
2205,681,171.11874336,6.13489248
2205,682,173.22152808,10.56132
2205,683,176.2583724,10.96292448
2205,684,179.31176736,11.0057184
2205,685,182.36113896,10.97389728
2205,686,185.40913896,10.9728
2205,687,188.50956456,11.8122192
2205,688,191.76031752,11.65750272
2205,689,194.8996356,11.70907488
2205,690,198.11494032,11.87476416
2205,691,201.65330256,12.64944384
2205,692,205.57638336,16.64793216
2205,693,210.95052552,22.57873056
2205,694,217.23998208,23.30293536
2205,695,224.06454552,26.3237472
2205,696,231.605328,27.432
2205,697,239.21005752,27.24985152
2205,698,246.79421304,27.43090272
2205,699,254.40384984,27.267408
2205,700,262.05588432,27.77435136
2205,701,269.64738552,26.85812256
2205,702,277.1796336,27.432
2205,703,284.77957776,27.733752
2205,704,292.52637456,27.79190784
2205,705,300.1565244,27.43309728
2205,706,307.76853864,27.14999904
2205,707,315.30959544,27.46821024
2205,708,323.48085672,33.56689248
2205,709,333.1444188,34.09139232
2205,710,342.25546992,31.86720576
2205,711,351.13008768,30.68214336
2205,712,359.52476736,30.08302848
2205,713,367.54000152,27.56038176
2205,714,375.1627752,27.46272384
2205,715,382.89603888,28.78275168
2205,716,391.08083328,28.15510752
2205,717,398.27557632,22.51399104
2205,718,404.4735624,22.49424
2205,719,410.72171856,22.49314272
2205,720,416.98883328,22.59080064
2205,721,423.17965656,18.626328
2205,722,427.979586,18.00417024
2205,723,433.94564976,25.87715424
2205,724,441.24853584,26.32264992
2205,725,448.57662888,26.4060432
2205,726,455.91185424,26.40714048
2205,727,463.2470796,26.4060432
2205,728,470.61354696,26.56953792
2205,729,478.03228752,25.71585408
2205,730,485.24547096,28.55451744
2205,731,493.67133168,31.72675392
2205,732,502.49730336,31.76406144
2205,733,507.3545352,31.8320928
2236,648,19.9473312,15.2631648
2236,649,22.68666024,16.10697312
2236,650,27.28030104,17.99868384
2236,651,33.01112016,21.15446112
2236,652,38.90229456,15.7349952
2236,653,43.05053112,16.28034336
2236,654,48.24215904,20.8538064
2236,655,54.46968024,25.01359488
2236,656,62.1490248,29.83723776
2236,657,70.43671968,29.83175136
2236,658,78.7734264,30.18178368
2236,659,87.15627984,28.45027584
2236,660,94.1979828,22.72027968
2236,661,100.56760176,23.27550336
2236,662,107.33535048,23.30512992
2236,663,113.01529848,17.29642464
2236,664,117.73704672,16.80264864
2236,665,122.06261592,13.78073952
2236,666,125.75020824,12.95009856
2236,667,129.087372,11.92633632
2236,668,132.88816704,14.62564512
2236,669,136.32929808,9.3213936
2236,670,138.72112464,8.4929472
2236,671,141.14650968,9.13156416
2236,672,143.73325584,9.41905152
2236,673,145.91175288,5.6345328
2236,674,147.6150972,6.3203328
2236,675,149.07923448,4.66344
2236,676,150.37685952,4.78633536
2236,677,151.81850256,5.48530272
2236,678,153.34399608,5.56979328
2236,679,154.970988,6.94797696
2236,680,157.48409448,10.69628544
2236,681,160.44833544,10.48889952
2236,682,162.79834344,5.7387744
2236,683,164.44267848,7.61292864
2236,684,166.97474352,10.69957728
2236,685,169.90935792,10.14654816
2236,686,172.96857456,12.0042432
2236,687,176.42796312,12.61981728
2236,688,179.94849456,12.91279104
2236,689,183.673242,13.71380544
2236,690,187.49701896,14.045184
2236,691,191.53625904,14.81218272
2236,692,195.636642,14.79352896
2236,693,200.02539624,17.79458976
2236,694,205.4714712,21.84465024
2236,695,211.99531896,24.25866624
2236,696,218.73411168,24.41886912
2236,697,225.42986664,23.893272
2236,698,232.14927408,24.52530528
2236,699,239.08926528,25.56333216
2236,700,246.4868832,27.432
2236,701,254.09901936,27.47918304
2236,702,261.93106872,28.70374752
2236,703,269.58971736,26.09112384
2236,704,277.0246428,27.44736192
2236,705,284.76814776,28.87602048
2236,706,293.0648952,31.39098624
2236,707,301.7274636,29.58157152
2236,708,309.57905064,27.20047392
2236,709,317.25339648,28.94734368
2236,710,326.15224584,35.15575392
2236,711,335.78700432,33.6206592
2236,712,344.90119488,32.20955712
2236,713,353.7200952,30.54059424
2236,714,361.72161336,27.50990688
2236,715,369.36599736,27.432
2236,716,376.98279696,27.4155408
2236,717,385.00513296,30.6195984
2236,718,393.49884216,28.8694368
2236,719,400.6605144,22.35488544
2236,720,406.76818824,21.94669728
2236,721,412.83974328,21.3475824
2236,722,418.73887296,20.84832
2236,723,423.95247696,16.86848544
2236,724,429.32021832,23.92948224
2236,725,436.2128436,24.89289408
2236,726,443.12622576,24.97738464
2236,727,450.1021224,26.3511792
2236,728,457.76363616,28.0409904
2236,729,465.55298304,28.1671776
2236,730,473.38420944,28.0739088
2236,731,481.17416592,28.03989312
2236,732,488.96302512,28.03989312
2236,733,496.74898872,28.06403328
2241,702,252.08310264,23.54653152
2241,703,258.30343056,21.52204992
2241,704,264.62330616,23.64309216
2241,705,271.13996064,23.50593216
2241,706,277.83077784,23.4598464
2241,707,283.9193712,21.90609792
2241,708,290.7322608,27.2783808
2241,709,298.33058952,28.03879584
2241,710,304.5794264,27.633168
2251,652,15.3543762,18.0831744
2251,653,19.94333832,18.7580016
2251,654,24.85470264,15.50566368
2251,655,29.2476936,17.41822272
2251,656,34.369248,19.24190208
2251,657,40.048434,21.86220672
2251,658,46.283118,22.43498688
2251,659,52.8258024,25.44921504
2251,660,60.65065848,32.50582272
2251,661,69.91615176,33.48788832
2251,662,79.2726888,34.04969568
2251,663,87.64301496,22.32196704
2251,664,93.44406,19.3011552
2251,665,98.24459904,14.6267424
2251,666,102.12625752,12.85573248
2251,667,105.70771848,12.75258816
2251,668,109.73686968,16.22547936
2251,669,114.48367248,17.76057408
2251,670,119.052594,13.05543744
2251,671,121.82599968,8.51599008
2251,672,124.03473288,6.85690272
2251,673,125.69351544,5.49298368
2251,674,127.13851128,5.21866368
2251,675,128.5361412,5.13307584
2251,676,130.06642008,5.54784768
2251,677,131.58036168,6.46736832
2251,678,133.42336536,5.71024512
2251,679,134.9620872,5.9088528
2251,680,136.8690684,7.45711488
2251,681,138.79729416,7.2091296
2251,682,141.13206216,9.65935584
2251,683,144.01924968,10.89269856
2251,684,147.02878392,10.23433056
2251,685,149.92459728,10.23433056
2251,686,152.790144,10.21238496
2251,687,155.72710536,10.95304896
2251,688,158.70274584,10.25188704
2251,689,161.6535756,10.53498528
2251,690,164.37166008,9.46404
2251,691,167.15204568,11.85720768
2251,692,170.59771824,10.98596736
2251,693,173.67101664,11.86927776
2251,694,177.35312256,13.22002944
2251,695,180.55824696,11.3897664
2251,696,184.25031984,14.94385632
2251,697,188.54290968,16.49321568
2251,698,193.120518,16.4592
2251,699,197.69245704,16.46029728
2251,700,202.25174688,16.44712992
2251,701,207.102456,21.1994496
2251,702,214.13702664,28.584144
2251,703,222.57096456,32.753808
2251,704,232.37345448,38.29397472
2251,705,243.07476912,39.008304
2251,706,253.80891072,39.39125472
2251,707,265.19392224,41.44865472
2251,708,273.91181184,43.57518336
2254,709,275.832199885714,30.7959469714286
2254,710,283.11613176,30.41989344
2254,711,291.80375472,31.7059056
2254,712,300.57400896,31.79478528
2254,713,309.40257144,31.5797184
2254,714,318.1999224,31.87708128
2254,715,327.05472816,31.87708128
2254,716,335.90871096,31.93962624
2254,717,344.76906408,32.21833536
2254,718,353.87603088,32.99740416
2254,719,362.8121268,30.03474816
2254,720,370.99533624,28.49306976
2254,721,378.67919184,27.79849152
2254,722,386.75346576,30.0435264
2254,723,394.88473728,25.42617216
2254,724,401.42928096,23.52897504
2254,725,407.83053816,22.30441056
2254,726,413.95342152,22.77843552
2254,727,420.21090456,21.95547552
2254,728,426.41608392,25.07504256
2254,729,434.09673912,28.88370144
2254,730,442.09335,28.73886048
2254,731,450.10276248,28.85188032
2254,732,458.11671648,28.84968576
2254,733,466.21333224,28.693872
2254,734,471.94573632,14.511528
2254,735,479.86270296,36.11587392
2254,736,489.78635088,31.79039616
2254,737,496.9743807,26.9821152
2259,651,22.3018241142857,15.6033216
2259,652,26.5878564,19.25287488
2259,653,32.22385224,20.89660032
2259,654,37.97643408,19.68300864
2259,655,43.39721064,20.85051456
2259,656,49.44596664,21.97742112
2259,657,55.670196,23.39730144
2259,658,62.5780308,27.0808704
2259,659,70.47107064,28.73337408
2259,660,78.4956012,29.09108736
2259,661,86.21624616,26.4060432
2259,662,93.51544416,25.66428192
2259,663,99.73705224,17.49832416
2259,664,104.31517872,15.855696
2259,665,108.41763432,13.50971136
2259,666,112.19279568,12.5967744
2259,667,114.73153584,8.21643264
2259,668,121.53049608,19.73128896
2259,669,125.7348768,11.22956352
2259,670,128.54260296,8.7946992
2259,671,130.98706848,7.33860864
2259,672,133.13319576,7.763256
2259,673,136.26626544,14.71123296
2259,674,139.35952824,5.92092288
2259,675,140.81656368,5.10125472
2259,676,142.5043632,5.69159136
2259,677,143.92070784,4.63820256
2259,678,145.30489608,5.37996384
2259,679,146.83810104,6.24023136
2259,680,148.60191768,6.67914336
2259,681,150.65096616,6.88104288
2259,682,152.71976568,8.15608224
2259,683,154.88799096,7.30898208
2259,684,157.1087028,9.57047616
2259,685,159.9942444,10.97389728
2259,686,163.02480984,10.81479168
2259,687,166.04659704,10.9563408
2259,688,168.98041896,9.86893632
2259,689,171.55351008,9.25445952
2259,690,174.4632528,11.24602272
2259,691,177.58629456,11.2032288
2259,692,180.6615132,10.97170272
2259,693,183.7369452,12.05800992
2259,694,187.51274664,13.04885376
2259,695,191.15221104,13.78622592
2259,696,194.96422272,13.74233472
2259,697,198.71951112,13.222224
2259,698,202.36193208,12.96107136
2259,699,206.22710088,15.2028144
2259,700,210.36189576,14.2207488
2259,701,214.27677744,14.04737856
2259,702,218.18309424,14.02214112
2259,703,221.3923436,15.3546048
2262,659,18.9970083428571,19.8654706285714
2262,660,23.39001672,17.39079072
2262,661,27.96183384,16.17719904
2262,662,32.57528664,17.8362864
2262,663,37.93077504,20.75285664
2262,664,43.9998612,22.6423728
2262,665,50.75526552,29.38954752
2262,666,59.6012016,34.71684192
2262,667,70.04172936,39.2387328
2262,668,80.53721256,30.88514016
2262,669,88.42970376,27.1631664
2262,670,95.48655528,24.1017552
2262,671,101.92411416,22.55349312
2262,672,107.8696344,18.82164384
2262,673,112.31898288,13.11030144
2262,674,115.58177544,10.49109408
2262,675,118.2511224,8.02001952
2262,676,120.51907824,8.23069728
2262,677,122.7987384,7.5273408
2262,678,124.397262,4.39021728
2262,679,125.6257584,5.8375296
2262,680,127.4312412,5.55552864
2262,681,129.26107752,7.95089088
2262,682,131.50355208,9.20288736
2262,683,134.00260728,7.98051744
2262,684,136.2184728,8.86931424
2262,685,139.26409536,12.5748288
2262,686,142.72067976,12.34549728
2262,687,146.12922768,12.09970656
2262,688,149.2611696,10.25517888
2262,689,152.09602296,10.24749792
2262,690,155.18200104,11.69371296
2262,691,158.44323912,11.71675584
2262,692,161.51912832,10.9563408
2262,693,164.52756528,10.84002912
2262,694,167.5724868,10.9728
2262,695,170.62051728,10.9728
2262,696,173.6671152,11.6092224
2262,697,177.00854616,13.36267584
2262,698,181.21941912,16.4372544
2262,699,185.79120576,16.50199392
2262,700,190.37756184,16.46797824
2262,701,194.94956184,16.47675648
2262,702,199.65104088,18.48258432
2262,703,205.36747344,22.57214688
2262,704,212.36775408,27.84457728
2262,705,220.08416232,27.31349376
2262,706,227.72571168,29.69129952
2262,707,236.55607248,32.74393248
2262,708,245.65563264,32.93156736
2262,709,254.98418904,35.91726624
2262,710,265.34001288,35.32363776
2262,711,274.66927032,32.82403392
2262,712,283.81092336,32.93595648
2262,713,292.84013568,31.27138272
2262,714,301.21347936,29.03841792
2262,715,308.97856416,27.1521936
2262,716,316.54232856,27.31239648
2262,717,324.47858904,30.84892992
2262,718,333.11192712,29.25567936
2262,719,341.08970136,29.22715008
2262,720,349.23612144,29.5058592
2262,721,357.42079392,29.04170976
2262,722,365.49220272,29.94038208
2262,723,372.5820336,14.2426944
2262,724,378.82985448,27.55599264
2262,725,386.61523896,28.42284384
2262,726,394.33283592,24.92690976
2262,727,400.6766688,21.94450272
2262,728,406.80122856,17.76276864
2262,729,416.12439,26.63427744
2262,730,423.09873216,21.94230816
2262,731,429.42543528,23.76269568
2262,732,436.109364,23.08457664
2262,733,442.62245232,26.07027552
2262,734,450.0449724,26.27875872
2262,735,457.45011888,27.42980544
2262,736,465.07545288,27.81495072
2262,737,473.04005976,29.17228608
2262,738,480.97162632,25.95176928
2262,739,488.00723328,26.13830688
2262,740,495.25135392,24.52311072
2262,741,499.4748456,22.1431104
2274,667,20.1131424,18.8841888
2274,668,23.49651384,18.09085536
2274,669,28.70246736,19.970496
2274,670,34.43258544,20.16471456
2274,671,39.95891424,23.99861088
2274,672,47.20608288,26.60135904
2274,673,54.5848032,26.55856512
2274,674,62.0249712,26.499312
2274,675,67.59683712,12.46839264
2274,676,73.52342928,24.24659616
2274,677,80.1744396,19.3231008
2274,678,84.48513456,13.7105136
2274,679,88.11816768,11.12532192
2274,680,90.82418208,9.32029632
2274,681,93.29601864,7.72046208
2274,682,95.10284256,4.9432464
2274,683,96.33572808,4.15430208
2274,684,97.66517424,5.20330176
2274,685,99.11132832,5.157216
2274,686,100.87093872,7.61292864
2274,687,102.98817096,7.58439936
2274,688,105.52364976,10.87514208
2274,689,108.65748144,11.0880144
2274,690,111.3544128,8.44137504
2274,691,113.93725752,9.96549696
2274,692,116.90290056,12.36305376
2274,693,120.55931184,13.42302624
2274,694,124.25860848,14.86156032
2274,695,128.54077416,16.13879424
2274,696,133.32778008,18.35529984
2274,697,138.1865664,17.19218304
2274,698,143.14989912,18.6647328
2274,699,148.52510808,20.76273216
2274,700,154.49044032,21.79636992
2274,701,160.7058,22.96387584
2274,702,167.10504552,22.01033952
2274,703,173.21122584,23.53775328
2274,704,179.60696616,21.06119232
2274,705,185.54504928,23.91302304
2274,706,192.81599232,27.42980544
2274,707,200.42852472,27.3442176
2274,708,208.10729016,29.4948864
2274,709,216.85684848,32.67590112
2274,710,225.88618272,32.42901312
2274,711,235.37719752,36.00943776
2274,712,245.24598144,35.09869536
2274,713,255.09757464,35.79876
2274,714,265.60451832,38.81189088
2274,715,275.58165864,32.78014272
2274,716,284.79792672,33.46484544
2274,717,293.9812764,32.92059456
2274,718,303.1252764,32.9184
2274,719,312.22709208,32.64298272
2274,720,321.0670236,30.87965376
2274,721,329.92502976,31.9198752
2274,722,338.16514536,27.42870816
2274,723,345.71860752,27.20486304
2274,724,353.3336088,27.432
2274,725,360.83144496,25.94189376
2274,726,367.46242992,22.05971712
2274,727,373.5612036,21.9456
2274,728,379.68728736,23.2019856
2274,729,386.67275472,26.43457248
2274,730,393.98819856,25.77620448
2274,731,401.0761092,25.96822848
2274,732,408.37341744,27.07099488
2274,733,415.99853808,27.52417152
2274,734,423.62880984,27.432
2274,735,431.16404496,25.54138656
2274,736,437.89820472,23.52348864
2274,737,444.24673152,22.30441056
2274,738,450.3128916,21.26089728
2274,739,456.22073856,21.47486688
2274,740,462.1866804,21.40354368
2274,741,468.03149472,20.40282432
2274,742,473.88347184,21.49132608
2274,743,479.85983784,18.72288864
2274,744,483.86454408,10.94975712
2274,745,486.78977064,8.311896
2274,746,489.10835376,9.95013504
2274,747,492.08469528,10.83454272
2274,748,495.09416856,10.83564
2274,749,498.1037028,10.83454272
2274,750,500.0598584,10.8301536
2280,736,457.191378514286,23.7639497142857
2280,737,462.80371752,23.77037664
2280,738,468.78252192,15.53309568
2280,739,474.64650816,26.5980672
2280,740,482.03303136,26.73412992
2280,741,489.092748,21.60324864
2280,742,493.66935048,11.0112048
2280,743,496.53825,8.48855808
2280,744,498.8069907,8.9894664
2286,676,46.1455008,25.072848
2286,677,51.01775928,25.1222256
2286,678,57.84689472,23.87352096
2286,679,64.44803976,23.75720928
2286,680,71.04482616,23.74404192
2286,681,77.70702264,23.77366848
2286,682,82.9958208,10.3199184
2286,683,87.37128576,18.40358016
2286,684,90.20040888,0.07790688
2286,685,90.23701536,0.79113888
2286,686,90.81214248,2.77392384
2286,687,91.65829776,3.28964544
2286,688,92.57044224,3.54750624
2286,689,93.92521728,5.97578688
2286,690,96.17330016,11.6201952
2286,691,99.61802784,13.50971136
2286,692,103.40257704,13.33304928
2286,693,107.12601384,13.64687136
2286,694,111.06232296,15.23683008
2286,695,115.81040592,18.544032
2286,696,121.12681896,19.61717184
2286,697,126.72340416,19.73567808
2286,698,132.31392384,20.6233776
2286,699,137.62296072,17.89883136
2286,700,142.41996408,16.35166656
2286,701,147.12778296,18.60218784
2286,702,152.85759624,22.97923776
2286,703,159.66182952,26.6309856
2286,704,166.92487824,24.08639328
2286,705,173.21049432,21.94669728
2286,706,179.25376392,21.2213952
2286,707,185.25841536,21.99717216
2286,708,191.4525,23.83950528
2286,709,198.47292792,26.57282976
2286,710,206.66482416,33.84450432
2286,711,216.5937756,36.83349504
2286,712,226.3196388,31.87927584
2286,713,235.49052216,34.68172896
2286,714,245.13637536,34.7069664
2286,715,254.54567328,33.46265088
2286,716,264.0814632,33.99702624
2286,717,273.16767312,32.29733952
2286,718,282.33246048,34.0211664
2286,719,291.69933024,33.11700768
2286,720,300.84098328,32.91949728
2286,721,309.9489864,32.10202368
2286,722,318.28904592,28.21436064
2286,723,326.56451832,31.8704976
2286,724,335.20264176,28.913328
2286,725,342.85638312,27.17523648
2286,726,350.44785384,27.4265136
2286,727,357.61123296,22.7082096
2286,728,363.65712384,21.91707072
2286,729,369.75260568,21.9456
2286,730,375.76143288,20.409408
2286,731,381.38584632,23.5860336
2286,732,388.59095256,26.9601696
2286,733,396.059406,27.02381184
2286,734,403.63517952,26.02857888
2286,735,410.4410892,23.4982512
2286,736,417.38988912,27.07428672
2286,737,425.3317884,31.4151264
2286,738,434.1430992,29.29518144
2286,739,441.214764,21.9456
2286,740,447.2092656,20.41599168
2286,741,452.31853656,17.21961504
2286,742,457.02507528,17.84945376
2286,743,462.5350668,21.03924672
2286,744,468.11537568,10.75114944
2286,745,470.6259828,10.72262016
2286,746,473.95449024,12.00534048
2286,747,477.46871232,13.41315072
2286,748,480.70791336,8.69813856
2286,749,483.34248264,9.69007968
2286,750,486.034842,9.69337152
2286,751,488.7271404,9.69227424
2286,752,491.41953024,9.6944688
2286,753,494.11137144,9.72519264
2286,754,496.93945824,11.38208544
2286,755,499.1415468,7.1652384
2289,679,21.0438492,35.058096
2297,705,165.6676392,20.0235312
2297,706,170.1163476,19.96171776
2297,707,175.60707576,19.20898368
2297,708,180.64362144,17.03307744
2297,709,185.10665544,16.26498144
2297,710,190.07431632,22.27039488
2297,711,197.16015432,28.94844096
2297,712,205.59406176,31.74869952
2297,713,214.69855968,33.110424
2297,714,223.96880784,37.29435264
2297,715,234.65540064,37.58184
2297,716,244.45094112,33.32658816
2297,717,253.72566984,33.08957568
2297,718,262.82215152,32.6331072
2297,719,271.77943104,33.50873664
2297,720,282.23705808,38.20948416
2297,721,291.5448576,30.64373856
2297,722,300.54746088,32.40597024
2297,723,309.33981312,28.54793376
2297,724,317.0723148,30.58668
2297,725,325.89319632,31.96705824
2297,726,334.7734224,31.97035008
2297,727,343.61042784,31.8595248
2297,728,351.95853408,25.19793792
2297,729,358.26868656,21.5121744
2297,730,364.26523032,21.94121088
2297,731,370.36123032,21.94669728
2297,732,376.25158176,19.4986656
2297,733,381.75380088,12.22699104
2297,734,386.81454768,25.4788416
2297,735,393.91465032,25.47554976
2297,736,400.97546424,25.20342432
2297,737,408.28228224,27.67779072
2297,738,415.99341744,27.79849152
2297,739,423.6997368,27.70302816
2297,740,431.41809576,26.9437104
2297,741,437.66783688,17.54770176
2297,742,442.7940852,18.92478816
2297,743,448.05167184,18.92698272
2297,744,453.22546896,16.03455264
2297,745,456.87694248,11.439144
2297,746,460.05469584,11.43804672
2297,747,465.04088856,12.94680672
2297,748,469.55921328,9.29286432
2297,749,472.11496128,9.13924512
2297,750,474.65385384,9.13924512
2297,751,477.19277688,9.14143968
2297,752,479.73169992,9.13924512
2297,753,482.26967808,10.20689856
2297,754,485.74942728,14.44788576
2297,755,489.76321656,14.44898304
2297,756,493.79468424,14.48080416
2297,757,497.40638136,12.234672
2297,758,499.468902,12.6296928
2302,669,52.1921232,32.836104
2302,670,58.78516056,37.2142512
2302,671,69.80493024,40.63447296
2302,672,81.21164352,40.89782016
2302,673,91.73998416,30.74468832
2302,674,99.32612088,21.71956032
2302,675,104.27439648,13.74233472
2302,676,107.51707224,9.71312256
2302,677,109.85818008,7.5438
2302,678,111.87781536,6.99516
2302,679,113.72685408,5.87483712
2302,680,115.01573136,4.11370272
2302,681,116.27531736,5.2230528
2302,682,118.12606296,7.75447776
2302,683,119.9683656,5.70146688
2302,684,121.25928504,4.1312592
2302,685,122.66764392,5.76291456
2302,686,124.27601256,7.61402592
2302,687,126.7652532,8.51928192
2302,688,128.8125948,7.10927712
2302,689,131.1418764,11.28333024
2302,690,134.57678952,11.79795456
2302,691,136.3992192,11.9164608
2305,674,20.9769456,25.78608
2305,675,25.04666568,23.98763808
2305,676,31.79371848,26.59477536
2305,677,39.17061,25.2703584
2305,678,45.72920496,22.01033952
2305,679,51.47151504,18.13364928
2305,680,55.814214,14.00019552
2305,681,59.70309624,13.99909824
2305,682,63.59386824,14.01007104
2305,683,67.46918688,12.38938848
2305,684,69.99143736,6.25339872
2305,685,71.72730384,6.2490096
2305,686,73.4630484,6.25010688
2305,687,75.198732,6.2490096
2305,688,76.93536048,6.1337952
2305,689,78.73526544,6.66158688
2305,690,80.4707052,5.88910176
2305,691,82.46525544,8.91978912
2305,692,84.9535512,8.96148576
2305,693,87.42560112,9.8261424
2305,694,90.90495408,15.3235152
2305,695,95.11332768,16.3330128
2305,696,100.10704896,18.30482496
2305,697,105.43918968,20.01109536
2305,698,111.06259728,20.27992896
2305,699,116.67298992,20.1789792
2305,700,122.03439144,18.92808
2305,701,127.18987008,17.68705632
2305,702,132.47098728,20.89660032
2305,703,138.14764344,20.0473056
2305,704,143.7075612,19.85747616
2305,705,149.32703688,20.89550304
2305,706,155.30867592,22.30989696
2305,707,161.63251392,22.5600768
2305,708,167.62396752,18.75580704
2305,709,172.30383624,15.85679328
2305,710,176.44570248,13.12676064
2305,711,179.75522088,11.5269264
2305,712,183.00941808,13.52507328
2305,713,188.03560056,17.33263488
2305,714,194.39004048,22.56227136
2305,715,201.22487568,25.50188448
2305,716,208.31135376,27.72607104
2305,717,216.75693504,32.27758848
2305,718,225.8150424,34.2515952
2305,719,236.01611928,38.22155424
2305,720,246.63797256,38.41796736
2305,721,257.21130168,37.66523328
2305,722,267.39451728,33.77757024
2305,723,276.48755472,32.9184
2305,724,285.6312804,32.91510816
2305,725,294.74522712,32.79550464
2305,726,303.88480752,32.91949728
2305,727,312.97299864,32.62981536
2305,728,322.17347808,34.29658368
2305,729,331.9055592,32.05922976
2305,730,339.99025728,27.04904928
2305,731,346.85045184,22.07507904
2305,732,352.9497132,21.94669728
2305,733,359.0068512,21.07106784
2305,734,364.58874504,18.7415424
2305,735,369.40623096,17.199864
2305,736,374.08884288,16.46029728
2305,737,378.67641816,18.49904352
2305,738,385.16277552,28.14303744
2305,739,393.06361824,28.87382592
2305,740,401.21461032,29.4894
2305,741,409.40601888,29.45209248
2305,742,417.60410256,29.98537056
2305,743,424.7993028,15.54955488
2305,744,430.11221064,22.00485312
2305,745,435.84888192,18.24557184
2305,746,442.24157424,18.46831968
2305,747,448.89989976,19.66106304
2305,748,453.77773608,16.58977632
2305,749,457.83282576,10.26176256
2305,750,460.33474608,8.76397536
2305,751,462.76802544,8.75958624
2305,752,465.2014572,8.75958624
2305,753,467.6351328,8.70252768
2305,754,470.10184872,8.9757504
2305,755,472.544394,8.76507264
2305,756,474.97901448,8.76287808
2305,757,477.41238528,8.76068352
2305,758,479.84621328,8.85285504
2305,759,482.70913872,14.868144
2305,760,487.6074576,19.5974208
2305,761,492.88497816,18.63400896
2305,762,497.863334133333,18.7464192
2314,716,202.8593352,26.8175232
2314,717,208.77903888,32.21394624
2314,718,217.74610248,32.1832224
2314,719,227.22419376,36.45383616
2314,720,237.33971328,36.27278496
2314,721,247.66886712,36.84556512
2314,722,257.33895192,34.41399264
2314,723,267.0005328,32.32147968
2314,724,275.19587328,27.44516736
2314,725,282.8163,27.432
2314,726,290.47025472,29.15253504
2314,727,299.17238616,32.7757536
2314,728,308.29218504,32.6331072
2314,729,317.3723904,32.89864896
2314,730,326.65074624,33.86096352
2314,731,335.33221224,25.6105152
2314,732,341.61947424,19.33736544
2314,733,346.47807768,16.46249184
2314,734,351.050352,16.46029728
2314,735,355.62247392,16.4592
2314,736,360.13793352,16.0148016
2314,737,364.64586456,16.4592
2314,738,369.25221552,18.17424864
2314,739,374.93652216,23.13834336
2314,740,382.26818136,31.43487744
2314,741,391.55120064,33.85767168
2314,742,400.64957208,29.54097216
2314,743,408.58802712,27.70522272
2314,744,416.33116632,26.3456928
2314,745,422.61574608,18.63839808
2314,746,427.78299,18.598896
2314,747,432.94935,18.598896
2314,748,438.11241816,18.57256128
2314,749,442.99272336,16.51845312
2314,750,447.5988,15.86886336
2314,751,451.29075096,9.49476384
2314,752,453.94735728,8.41284576
2314,753,455.8988088,5.23183104
2314,754,456.92101656,0.91732608
2314,755,457.17631704,0.89757504
2314,756,458.31956088,10.55363904
2314,757,461.9727108,13.63150944
2314,758,465.7590888,13.63041216
2314,759,469.57134432,13.78403136
2314,760,473.37552264,13.63699584
2314,761,478.19160648,14.66404992
2314,762,483.9714984,11.40512832
2314,763,487.48617768,17.87578848
2314,764,492.77796288,16.66329408
2314,765,497.08618896,14.52908448
2314,766,499.621302,12.6626112
2315,663,22.4814819428571,16.0908274285714
2315,664,25.66138632,7.41980736
2315,665,29.060394,19.43612064
2315,666,35.16745824,22.24076832
2315,667,41.79719352,25.9671312
2315,668,49.22593152,27.42870816
2315,669,56.3581296,23.00337792
2315,670,62.0239044,22.6314
2327,677,22.1906156571429,21.8201965714286
2327,678,27.78044736,27.9477216
2327,679,35.62721856,27.74143296
2327,680,43.0708308,25.15404672
2327,681,49.95013632,22.49204544
2327,682,55.33287384,17.83189728
2327,683,60.1752924,14.17027392
2327,684,63.31927392,9.70214976
2327,685,66.01245624,9.69227424
2327,686,68.54827032,5.0639472
2327,687,69.71531904,4.49775072
2327,688,70.966584,4.50543168
2327,689,72.21812328,4.5043344
2327,690,73.4694492,4.50323712
2327,691,74.72089704,4.50652896
2327,692,75.97243632,4.5043344
2327,693,77.2244328,4.39241184
2327,694,78.54241848,4.93337088
2327,695,79.81212384,4.50543168
2327,696,81.22990104,9.04926816
2327,697,85.07306328,16.18378272
2327,698,89.6387844,18.0722016
2327,699,95.17599456,22.57214688
2327,700,102.06447456,25.71914592
2327,701,108.93542856,23.69466432
2327,702,114.99348096,20.09778048
2327,703,121.03373304,23.07360384
2327,704,127.44123864,21.79088352
2327,705,133.81987968,25.2209808
2327,706,140.40624192,22.4997264
2327,707,146.98486224,25.10028
2327,708,153.63693936,22.52057472
2327,709,160.17745968,24.24330432
2327,710,166.16516424,16.00821792
2327,711,170.35442688,15.28840224
2327,712,174.53817264,14.59711584
2327,713,178.19287704,11.83745664
2327,714,181.47392712,11.90219616
2327,715,185.04411048,13.770864
2327,716,189.09950496,15.90946272
2327,717,194.37516624,23.97337344
2327,718,200.95665168,21.99936672
2327,719,207.0469824,22.7521008
2327,720,213.91897272,26.20524096
2327,721,221.30372808,27.01283904
2327,722,228.86270712,27.43309728
2327,723,236.5790544,28.87711776
2327,724,245.19632952,32.86024416
2327,725,254.3475228,33.4066896
2327,726,263.8741992,34.33828032
2327,727,273.0171324,32.29404768
2327,728,282.13196304,32.8580496
2327,729,291.24298368,32.85146592
2327,730,300.38552064,32.90413536
2327,731,309.34328784,30.85661088
2327,732,318.09580272,31.1298336
2327,733,326.71911288,31.87708128
2327,734,335.370678,28.27251648
2327,735,342.1805196,21.62848608
2327,736,347.92481088,18.11389824
2327,737,352.57718664,16.46029728
2327,738,357.14979624,16.5360096
2327,739,361.6247784,15.90178176
2327,740,366.18205656,16.94639232
2327,741,371.37420264,23.38742592
2327,742,378.92836584,26.24584032
2327,743,385.05362664,22.41852768
2327,744,393.45699312,32.1996816
2327,745,402.37053384,30.7841904
2327,746,410.35397736,27.39469248
2327,747,418.00509744,25.840944
2327,748,424.48849824,21.5725248
2327,749,430.5202464,20.74846752
2327,750,435.93367728,17.32714848
2327,751,440.4798912,15.25109472
2327,752,444.79613352,15.83045856
2327,753,448.42258296,7.55257824
2327,754,449.67305544,3.07128672
2327,755,450.53713296,2.71137888
2327,756,450.9055752,0
2327,757,451.05169632,1.62068256
2327,758,451.67440272,2.3756112
2327,759,452.24916408,0.96780096
2327,760,453.24189768,8.74751616
2327,761,456.51883296,14.72878944
2327,762,460.9583364,16.08831936
2327,763,465.16597848,15.26755392
2327,764,470.11678392,20.0966832
2327,765,475.69559928,20.02974912
2327,766,481.2295176,19.723608
2327,767,486.47366256,20.21628672
2327,768,492.02547264,15.17428512
2327,769,495.25546872,9.87771456
2327,770,497.99927832,9.87881184
2327,771,500.73177984,9.81078048
2327,772,503.1938628,9.8768916
2331,684,42.551096,32.607504
2331,685,47.36488368,20.71335456
2331,686,52.4272764,15.76132992
2331,687,55.97652,7.91468064
2331,688,57.92245464,7.00284096
2331,689,59.35428312,1.4648688
2331,690,59.62683528,1.40890752
2331,691,59.94873456,0.39172896
2331,692,60.11835576,1.92133728
2331,693,60.95457456,3.13712352
2331,694,62.24689608,7.10708256
2331,695,64.46590104,8.19229248
2331,696,67.5788844,14.5554192
2331,697,72.18953304,17.2108368
2331,698,76.995528,17.51149152
2331,699,81.86391552,17.36006688
2331,700,87.07127112,20.99206368
2331,701,93.51276192,26.26559136
2331,702,100.75718736,24.54286176
2331,703,107.24013096,21.65811264
2331,704,113.37621216,23.29086528
2331,705,120.2193684,26.02089792
2331,706,127.35589464,24.00190272
2331,707,134.04043296,23.89217472
2331,708,140.35131696,22.77514368
2331,709,146.862546,24.30694656
2331,710,153.57146832,21.67786368
2331,711,158.82917688,16.4592
2331,712,163.37606136,15.02505504
2331,713,166.82670216,11.6092224
2331,714,170.44595832,13.1070096
2331,715,173.82716568,12.97204416
2331,716,177.97686528,16.11026496
2331,717,182.563008,18.14133024
2331,718,188.08884912,21.73492224
2331,719,194.4089076,23.04068544
2331,720,200.95762704,25.18586784
2331,721,208.33851144,27.34860672
2331,722,216.00087864,27.63609408
2331,723,223.61892792,27.57025728
2331,724,231.99544152,33.24319488
2331,725,241.10829096,32.47839072
2331,726,250.18416816,32.78562912
2331,727,259.38598872,35.01639936
2331,728,269.17372632,34.91325504
2331,729,278.73338208,32.27210208
2331,730,287.49546768,25.94408832
2331,731,295.56157296,27.44187552
2331,732,303.48582432,29.21069088
2331,733,311.54973504,28.90125792
2331,734,319.6298916,29.20849632
2331,735,327.743058,29.20739904
2331,736,335.88021216,27.95540256
2331,737,342.63845112,19.04000256
2331,738,347.40092064,16.4592
2331,739,351.97316448,16.46139456
2331,740,356.6886948,19.25616672
2331,741,362.44505616,20.78906688
2331,742,368.04682296,20.18007648
2331,743,374.43671112,26.51357664
2331,744,380.786386,33.064704
2339,684,17.2183552,34.8057216
2339,685,24.15500376,34.3942416
2339,686,33.41866824,32.09544
2339,687,41.49629496,19.15960608
2339,688,46.02821376,15.58795968
2339,689,50.3435112,15.58466784
2339,690,53.82515016,3.41692992
2339,691,54.01818,0
2339,692,54.15863184,1.591056
2339,693,54.77792448,2.37451392
2339,694,55.43799936,2.39645952
2339,695,56.18421072,3.30610464
2339,696,57.22830312,3.8898576
2339,697,59.01641232,12.90291552
2339,698,63.5017272,16.8103296
2339,699,68.16980016,16.80155136
2339,700,72.83689776,16.80045408
2339,701,77.53697472,17.19108576
2339,702,82.46068344,19.80919584
2339,703,88.54251024,25.56552672
2339,704,95.7652644,24.56919648
2339,705,102.42645504,24.77438784
2339,706,109.29835392,24.82376544
2339,707,116.4905976,27.4484592
2339,708,124.04808312,25.37240544
2339,709,130.98310608,26.03735712
2339,710,137.97088992,23.1416352
2339,711,144.86805672,26.94151584
2339,712,151.98888576,21.60983232
2339,713,157.15728792,16.71047712
2339,714,161.994342,13.73136192
2339,715,165.37024584,12.0261888
2339,716,169.15037544,14.48190144
2339,717,172.88082264,13.46143104
2339,718,177.18447672,18.43759584
2339,719,182.18359296,14.4127728
2339,720,187.49701896,23.49934848
2339,721,194.18256312,25.15185216
2339,722,201.49282536,27.32117472
2339,723,209.10173064,27.4923504
2339,724,216.74486496,27.46052928
2339,725,224.3203032,27.19827936
2339,726,231.99114384,29.66715936
2339,727,240.80071728,32.73405696
2339,728,249.91713288,35.20183968
2339,729,260.63603448,40.09790304
2339,730,270.77496264,32.38951104
2339,731,279.84809664,32.91620544
2339,732,288.96847464,32.79550464
2339,733,298.05898224,32.17883328
2339,734,307.05484944,31.88037312
2339,735,315.5847384,30.48902208
2339,736,323.822568,28.7871408
2339,737,331.8880332,26.14489056
2339,738,338.26274232,19.13546592
2339,739,343.0078992,16.19365824
2339,740,347.5506384,16.46029728
2339,741,352.12276032,16.46029728
2339,742,356.75169696,17.27886816
2339,743,361.63916496,20.02974912
2339,744,367.6066308,22.14201312
2339,745,374.40556056,27.35189856
2339,746,382.3491972,33.01276608
2339,747,392.15165664,35.93153088
2339,748,401.72414448,31.02888384
2339,749,409.93993704,28.47002688
2339,750,417.88500624,28.66205088
2339,751,425.81544504,28.53037728
2339,752,433.78264272,26.22938112
2339,753,440.02945776,18.04586688
2339,754,443.905386,7.26070176
2339,755,444.8589528,0.89318592
2339,756,445.1030976,0.877824
2339,757,445.3469376,0.877824
2339,758,445.59074712,0.877824
2339,759,445.83031992,0.65178432
2339,760,446.2183608,0.850392
2339,761,446.2497552,0
2339,762,446.26871376,0.83064096
2339,763,447.40305744,7.95198816
2339,764,449.89336488,8.93515104
2339,765,452.65814472,12.32464896
2339,766,456.30285168,13.88827296
2339,767,461.20071336,22.75100352
2339,768,467.67929832,16.87506912
2339,769,471.95344776,19.01476512
2339,770,479.28330864,27.404568
2339,771,486.69400248,23.12846784
2339,772,491.94113448,13.3484112
2339,773,495.0284232,9.32468544
2339,774,497.66796072,9.87552
2339,775,500.40198624,9.81297504
2339,776,502.724405485714,9.86924982857143
2344,670,21.2568536,18.6098688
2344,671,24.86518776,20.35564128
2344,672,30.87816024,23.15151072
2344,673,37.34943,23.0209344
2344,674,42.8901932571429,24.4944246857143
2356,689,20.689443,18.10512
2356,690,24.98890608,18.34871616
2356,691,31.92630648,26.91518112
2356,692,38.63193696,18.00855936
2356,693,42.13689312,5.9637168
2356,694,42.98262168,0.55302912
2356,695,43.13553984,0.57497472
2356,696,43.32052296,0.73188576
2356,697,43.52367216,0.73078848
2356,698,43.74876696,2.14189056
2356,699,45.63813072,10.19153664
2356,700,48.46082256,11.60263872
2356,701,52.42310064,17.44346016
2356,702,57.8885304,21.88305504
2356,703,64.35919056,24.35303232
2356,704,71.12236728,24.34425408
2356,705,77.93342808,24.94007712
2356,706,85.08382272,25.00042752
2356,707,91.70249376,23.36438304
2356,708,98.30412648,23.59590912
2356,709,104.91865224,23.8987584
2356,710,111.54402888,24.01177824
2356,711,118.52212008,27.3332448
2356,712,125.97027384,25.0947936
2356,713,133.4577468,28.71801216
2356,714,141.10804392,26.26998048
2356,715,148.04279256,22.71698784
2356,716,153.6998196,18.2093616
2356,717,158.6151768,16.61501376
2356,718,162.44059968,10.06315488
2356,719,165.19958832,10.05547392
2356,720,167.99012376,10.04669568
2356,721,171.17744784,13.0466592
2356,722,175.0265232,14.96580192
2356,723,179.8470876,20.15922816
2356,724,185.68638504,21.87208224
2356,725,192.3687288,27.075384
2356,726,199.97659776,27.7282656
2356,727,208.26438408,33.94216224
2356,728,218.10326712,35.36313984
2356,729,228.19915752,39.1125456
2356,730,239.50242168,41.27089536
2356,731,250.88334888,39.17399328
2356,732,261.40705656,37.80568512
2356,733,270.8650158,38.823138
2359,717,128.783452533333,21.9858336
2359,718,135.23811408,25.00591392
2359,719,142.23924816,23.0373936
2359,720,148.13121504,18.8677296
2359,721,152.57778984,12.93583392
2359,722,155.97649272,12.37073472
2359,723,158.760414,7.45821216
2359,724,162.02195688,16.2891216
2359,725,166.62571704,17.87908032
2359,726,172.32943944,23.80329504
2359,727,179.7105372,30.01389984
2359,728,188.30220912,31.84416288
2359,729,194.6565576,35.1842832
2360,692,21.0050634,20.1680064
2360,693,25.36893072,19.2024
2360,694,30.69101304,18.47709792
2360,695,34.16460528,2.21870016
2360,696,34.53274272,0.79772256
2360,697,34.69257984,0.54864
2360,698,34.8441264,0.5102352
2360,699,37.4897904,6.00651072
2360,700,38.67976008,2.770632
2360,701,39.66075888,3.08445408
2360,702,42.66596496,21.6109296
2360,703,49.3894872,24.37826976
2360,704,56.1610764,24.3760752
2360,705,62.99700888,23.09884128
2360,706,66.97931232,0.35222688
2360,707,69.68706408,22.77843552
2360,708,76.76683656,25.82558208
2360,709,84.06512016,26.64963936
2360,710,90.81644016,20.78028864
2360,711,96.78460704,21.95767008
2360,712,103.07241768,24.49019232
2360,713,110.3446104,27.03039552
2360,714,117.99993672,27.96308352
2360,715,125.42965008,25.3252224
2360,716,132.87371952,28.23959808
2360,717,139.92843744,22.96277856
2360,718,146.20210536,22.302216
2360,719,152.38073664,21.65262624
2360,720,157.39302024,10.70616096
2360,721,160.11482328,11.466576
2360,722,163.76757696,14.209776
2360,723,167.82687288,15.68122848
2360,724,172.3930512,17.51149152
2360,725,177.93861288,21.79636992
2360,726,184.45045152,26.60135904
2360,727,192.1099536,28.18253952
2360,728,199.87878744,28.05854688
2360,729,207.72263256,30.53291328
2360,730,216.77964264,33.44838624
2360,731,225.91574832,33.06324096
2360,732,235.44553368,35.15575392
2360,733,245.47473384,37.73436192
2360,734,256.3401528,40.51048032
2360,735,267.87201696,41.77235232
2360,736,279.39455424,39.53609568
2360,737,290.11110888,38.33676864
2360,738,300.35659512,34.45349472
2360,739,309.6507396,32.6385936
2360,740,318.68824248,31.78929888
2360,741,327.58187976,33.02373888
2360,742,336.30897432,28.29665664
2360,743,343.91114352,27.17523648
2360,744,351.46817184,26.69023872
2360,745,358.94272128,26.9601696
2360,746,366.47865744,27.432
2360,747,374.09850504,27.45833472
2360,748,381.965454,31.39756992
2360,749,391.23408672,33.89607648
2360,750,400.18716,30.03804
2360,751,408.40810368,28.86724224
2360,752,416.29958904,27.9916128
2360,753,423.75956904,26.087832
2360,754,430.96074336,23.40717696
2360,755,436.3073316,13.57445088
2360,756,438.79239648,3.3521904
2360,757,439.104024,0
2360,758,439.104024,0
2360,759,439.104024,0
2360,760,439.104024,0
2360,761,439.104024,0
2360,762,439.104024,0
2360,763,439.104024,0
2360,764,439.25806992,2.49302016
2360,765,440.56395504,7.20035136
2360,766,443.2003836,12.14030592
2360,767,447.23526504,16.45590816
2360,768,451.81994472,15.98078592
2360,769,456.7865388,22.19358528
2360,770,463.23177864,23.920704
2360,771,469.29351912,17.87908032
2360,772,475.60050168,24.496776
2360,773,482.40549696,24.40240992
2360,774,488.75813856,17.34360768
2360,775,492.22069704,6.59684736
2360,776,494.08375656,8.58841056
2360,777,496.82634696,10.01377728
2360,778,499.60374552,9.9468432
2360,779,502.37004936,10.01377728
2360,780,504.1779096,10.0181664
2368,748,341.90671776,30.24762048
2368,749,350.27576376,29.95135488
2368,750,358.52791896,29.1163248
2368,751,366.31693056,27.43529184
2368,752,373.93699152,27.44187552
2368,753,381.75690984,30.46817376
2368,754,390.69422496,32.71320864
2368,755,399.22560744,26.56624608
2368,756,406.58911824,28.46563776
2368,757,414.8085684,26.55198144
2368,758,419.44881312,6.4574928
2368,759,423.85207584,13.44058272
2368,760,426.05687712,4.66453728
2368,761,427.11127176,1.66896288
2368,762,427.35989712,0.86794848
2368,763,427.6956648,0.6967728
2368,764,428.24043384,1.38476736
2368,765,428.5622112,0.60021216
2368,766,428.5856808,0
2368,767,428.5856808,0
2368,768,428.75661264,1.71395136
2368,769,429.89168784,5.952744
2368,770,431.99304,9.91173024
2368,771,435.28125288,12.92486112
2368,772,438.97244184,15.0437088
2368,773,443.4201444,17.08684416
2368,774,448.12086144,16.69730976
2368,775,453.13674168,19.48988736
2368,776,458.55126984,19.4931792
2368,777,463.9659504,19.4931792
2368,778,468.76935456,10.39563072
2368,779,473.17429368,21.62629152
2368,780,479.18013384,21.6219024
2368,781,485.22882888,19.31103072
2368,782,489.59908176,13.92338592
2368,783,493.2051096,18.9518544
2370,695,19.6112892,22.4503488
2370,696,24.44474664,12.92376384
2370,697,27.41017632,7.77861792
2370,698,28.88293944,3.0394656
2370,699,29.72549808,3.05921664
2370,700,30.19641408,0.36978336
2370,701,30.50883408,1.3825728
2370,702,31.51348536,5.05077984
2370,703,33.32466792,7.74899136
2370,704,36.1055412,12.51338112
2370,705,40.29998544,20.29638816
2370,706,46.31676792,22.58311968
2370,707,52.70028576,23.04507456
2370,708,59.1016344,23.04617184
2370,709,65.45110608,14.39192448
2370,710,69.25921632,19.27811232
2370,711,75.9002292,24.73598304
2370,712,82.71488664,22.1760288
2370,713,88.65080568,23.1855264
2370,714,95.20684032,24.359616
2370,715,102.11034696,24.64271424
2370,716,109.14741696,25.88702976
2370,717,116.11877208,24.69648096
2370,718,123.4121484,26.29302336
2370,719,130.19035176,24.70964832
2370,720,136.865868,22.0169232
2370,721,142.4188668,15.9983424
2370,722,146.25727416,11.57410944
2370,723,149.3262444,10.9728
2370,724,152.41618488,11.71236672
2370,725,155.58467232,11.39196096
2370,726,159.05152848,14.7529296
2370,727,163.69719864,18.96209568
2370,728,169.37391576,20.81979072
2370,729,175.05526584,22.9166928
2370,730,182.18770776,25.27803936
2370,731,188.916564,26.48724192
2370,732,197.0766696,31.27467456
2370,733,205.99673304,33.50873664
2370,734,215.65435152,35.08991712
2370,735,225.0502992,34.2845136
2370,736,235.26320232,38.2566672
2370,737,245.88249528,38.36200608
2370,738,256.58100576,39.14875584
2370,739,267.5185404,38.39821632
2370,740,278.09391168,38.41248096
2370,741,288.74520864,38.27093184
2370,742,299.39461584,38.40589728
2370,743,310.03140432,38.10633984
2370,744,320.59516272,38.11182624
2370,745,331.32793272,36.63049824
2370,746,340.81538136,32.6605392
2370,747,349.90957704,32.9184
2370,748,359.00968584,32.47619616
2370,749,368.07879648,32.9184
2370,750,377.17890528,31.72894848
2370,751,386.20756896,33.8840064
2370,752,395.51143656,31.36684608
2370,753,403.63496616,27.77544864
2370,754,411.19205544,26.71986528
2370,755,418.67651088,25.25280192
2370,756,424.95789024,19.56340512
2370,757,429.71395896,13.4361936
2370,758,432.32185824,5.41836864
2370,759,433.16060688,0.88550496
2370,760,433.40130744,0.86575392
2370,761,433.64167272,0.86465664
2370,762,433.88200752,0.86575392
2370,763,434.12234232,0.86465664
2370,764,434.3627076,0.86575392
2370,765,434.60032968,0.95353632
2370,766,435.57831096,5.7552336
2370,767,436.96801608,4.65027264
2370,768,438.39707088,5.2504848
2370,769,440.76295896,11.97242208
2370,770,444.48566424,15.89848992
2370,771,449.68143744,22.15188864
2370,772,455.88945144,22.36915008
2370,773,462.10273848,22.3680528
2370,774,468.38765352,21.82709376
2370,775,472.25492544,2.7102816
2370,776,476.55681168,25.6928112
2370,777,483.7179048,25.69939488
2370,778,489.80854032,14.18014944
2370,779,492.5548188,5.69159136
2370,780,495.03884736,12.08983104
2370,781,498.43892184,12.24345024
2370,782,501.82473168,12.18858624
2370,783,503.6954112,12.2456448
2378,735,214.80161256,27.63828864
2378,736,222.64935912,29.3193216
2378,737,230.8808184,29.34236448
2378,738,239.18832528,31.54241088
2378,739,247.80035784,28.60170048
2378,740,255.5018004,28.10572992
2378,741,263.56607688,29.160216
2378,742,271.29156816,26.94590496
2378,743,279.1612908,31.40964
2378,744,287.80669896,28.94953824
2378,745,295.58229936,27.45175104
2378,746,303.2026956,27.41663808
2378,747,310.61854056,24.6010176
2378,748,317.13772488,22.85524512
2378,749,323.73323112,27.37494144
2378,750,329.3412768,28.4277816
2379,703,8.4304632,6.8525136
2379,704,10.33534128,6.858
2379,705,12.24098136,6.86129184
2379,706,14.27722824,9.88539552
2379,707,18.28300128,15.89080896
2379,708,22.6647756,17.11317888
2379,709,27.98844288,15.62307264
2379,710,31.89369288,16.62050016
2379,711,36.40583016,16.33191552
2379,712,41.27671704,18.3410352
2379,713,46.50370176,18.85346496
2379,714,51.34313328,17.55428544
2379,715,57.09781824,29.50805376
2379,716,64.3094472,6.4574928
2379,717,67.75575984,22.31977248
2379,718,74.02150296,22.4613216
2379,719,80.38249608,22.74880896
2379,720,85.81787256,16.63147296
2379,721,90.93991464,19.80480672
2379,722,96.91021512,22.8453696
2379,723,103.02828264,21.53850912
2379,724,109.22974344,23.50044576
2379,725,115.691547466667,24.9619008
2379,726,119.8918608,24.798528
2385,732,184.3363344,22.0882464
2385,733,187.74436416,23.152608
2385,734,194.59706064,26.00773056
2385,735,202.10931384,28.0574496
2385,736,210.15673488,29.42136864
2385,737,218.31967512,29.36431008
2385,738,226.3946196,28.50513984
2385,739,232.558336,28.6554672
2387,744,278.6944896,28.6828992
2387,745,282.77085432,25.9945632
2387,746,289.88473392,26.36983296
2387,747,297.43920192,27.36506592
2387,748,304.59054144,23.60029824
2387,749,310.8595764,21.6493344
2387,750,316.99602336,24.1621056
2387,751,324.5322948,29.73738528
2387,752,332.86970256,29.00988864
2387,753,340.58604984,27.18291744
2387,754,348.6105804,32.00107392
2387,755,357.65801976,32.57056224
2387,756,366.4700316,30.58338816
2387,757,374.54878608,27.61195392
2387,758,382.42137384,30.41769888
2387,759,391.23682992,31.87708128
2387,760,399.91226088,28.77287616
2387,761,406.76364672,19.04548896
2387,762,410.87411856,11.38098816
2387,763,413.94878856,10.84222368
2387,764,416.31937056,5.6345328
2387,765,417.84687576,5.46884352
2387,766,419.27117568,3.9556944
2387,767,419.75117472,0.0219456
2387,768,419.75385696,0.02304288
2387,769,420.99802008,9.64948032
2387,770,423.99956856,10.863072
2387,771,427.01714952,10.863072
2387,772,430.0348524,10.86197472
2387,773,433.0458192,11.10996
2387,774,436.20132216,11.15494848
2387,775,439.85883072,17.7978816
2387,776,445.05119016,18.873216
2387,777,450.29381112,18.873216
2387,778,455.53643208,18.873216
2387,779,460.77908352,18.87431328
2387,780,466.02054624,18.8896752
2387,781,471.30413232,19.0158624
2387,782,476.54815536,18.85346496
2387,783,481.15889544,9.6670368
2387,784,483.7963908,11.41939296
2387,785,487.4492664,15.8721552
2387,786,491.90233344,16.04552544
2387,787,496.35954576,16.04881728
2387,788,500.80572432,15.97859136
2387,789,503.47245,16.0422336
2392,712,70.64352648,24.15991104
2392,713,77.36244624,23.77476576
2392,714,84.04774656,23.66394048
2392,715,90.08845584,20.1570336
2392,716,95.39816328,18.23898816
2392,717,100.76715432,20.12082336
2392,718,106.58801136,21.89731968
2392,719,112.68727272,21.94889184
2392,720,118.4397936,19.12229856
2392,721,123.51462216,17.55757728
2392,722,128.33814312,16.82459424
2392,723,133.25648736,18.59999328
2392,724,137.23839456,8.08585632
2392,725,138.59051784,1.83026304
2392,726,143.42629176,30.2245776
2392,727,149.47928448,13.64138496
2392,728,153.84377664,15.78108096
2392,729,157.45321824,11.95925472
2392,730,162.3473004,21.16323936
2392,731,168.502584,22.2034608
2392,732,174.11977368,18.90393984
2392,733,179.60452776,20.57290272
2392,734,185.5282548,21.53082816
2392,735,191.60871,21.99717216
2392,736,197.69596224,23.24697408
2392,737,204.51537456,25.49639808
2392,738,211.79509584,26.54539776
2392,739,219.1697928,26.5047984
2392,740,226.4415588,26.23815936
2392,741,233.88635976,27.78093504
2392,742,241.96541904,29.5826688
2392,743,250.01232192,28.8036
2392,744,258.08007312,28.96599744
2392,745,266.1129552,28.4414976
2392,746,273.9533256,25.59295872
2392,747,280.44672384,22.32196704
2392,748,286.68433392,22.17932064
2392,749,292.76478912,21.9456
2392,750,298.85505888,22.12006752
2392,751,305.51801736,26.7571728
2392,752,313.12649592,29.2918896
2392,753,322.02595488,34.31084832
2392,754,331.83661344,34.87814208
2392,755,340.58513544,28.20887424
2392,756,348.61737744,31.32514944
2392,757,357.66353664,32.60457792
2392,758,366.41190624,29.74506624
2392,759,374.24633304,27.42541632
2392,760,381.95545656,28.54903104
2392,761,390.194292,29.26665216
2392,762,397.13236296,19.94416128
2392,763,402.55460256,16.99357536
2392,764,406.07306136,6.65719776
2392,765,407.6706096,5.596128
2392,766,409.22518104,5.596128
2392,767,410.7795696,5.596128
2392,768,412.3366404,5.6180736
2392,769,413.29273704,0.35442144
2392,770,413.3014848,0
2392,771,414.57792624,6.501384
2392,772,417.09584856,10.80601344
2392,773,420.57703032,13.31878464
2392,774,424.73063136,16.45810272
2392,775,429.30238752,16.45810272
2392,776,433.87408272,16.45700544
2392,777,438.37945344,12.0371616
2392,778,441.1565472,10.08839232
2392,779,444.92210736,19.75542912
2392,780,451.1968116,23.86913184
2392,781,457.76229504,23.06372832
2392,782,463.48857264,16.52832864
2392,783,467.90713632,17.25801984
2392,784,472.95636168,18.26642016
2392,785,478.03728624,18.73276416
2392,786,482.91756096,16.67426688
2392,787,487.32213432,13.79061504
2392,788,491.17974408,13.98922272
2392,789,495.06582216,13.98922272
2392,790,498.94994952,13.92228864
2392,791,501.84746976,13.98812544
2397,703,20.48060928,3.56616
2397,704,21.49214904,5.25926304
2397,705,23.37118008,9.78554304
2397,706,26.54430048,13.63589856
2397,707,31.2677556,21.86769312
2397,708,37.5207276,21.79088352
2397,709,43.15910088,17.74960128
2397,710,48.33283704,19.9101456
2397,711,53.67610296,17.94381984
2397,712,58.47453888,18.54293472
2397,713,64.06204104,20.73639744
2397,714,69.82032264,20.72871648
2397,715,75.58616328,21.01620384
2397,716,81.3928776,19.71153792
2397,717,86.64680664,19.16509248
2397,718,92.13274944,20.52242784
2397,719,97.80394968,19.75433184
2397,720,103.48978032,21.22797888
2397,721,108.92628456,17.68156992
2397,722,114.30036576,21.49900704
2397,723,119.99055504,18.78323904
2397,724,125.20028808,17.6826672
2397,725,129.6006552,14.89777056
2397,726,134.13297024,16.42298976
2397,727,137.808462,10.91574144
2397,728,141.5744184,16.45700544
2397,729,145.824702,14.59821312
2397,730,149.57758248,13.13883072
2397,731,153.58896384,15.47274528
2397,732,158.37767664,20.1241152
2397,733,164.21377368,21.67566912
2397,734,170.59165272,24.73927488
2397,735,177.494184,24.22026144
2397,736,184.37217888,26.2908288
2397,737,191.9087856,25.83655488
2397,738,198.68406288,24.2608608
2397,739,205.62746784,25.6269744
2397,740,212.84693016,26.07466464
2397,741,220.0866312,25.89690528
2397,742,227.3064288,26.47078272
2397,743,234.64058736,25.0344432
2397,744,241.26861576,24.80620896
2397,745,248.48707224,25.6105152
2397,746,255.43480536,27.17194464
2397,747,261.8377288,30.1075344
2397,748,270.5674929,17.3205648
2397,749,275.84637744,21.9456
2397,750,281.94240792,21.9456
2397,751,288.03846888,21.9456
2397,752,294.13449936,21.94669728
2397,753,300.23199288,21.3091776
2397,754,306.04428504,20.56741632
2397,755,311.90863704,21.65262624
2397,756,317.98327056,22.98472416
2397,757,325.36010112,30.09948768
2397,758,333.66986352,28.70155296
2397,759,341.3479584,27.16645824
2397,760,348.91684344,27.43309728
2397,761,356.53620336,27.02820096
2397,762,364.03577688,27.349704
2397,763,371.65416144,27.432
2397,764,379.19015856,24.80511168
2397,765,385.2371772,20.08132128
2397,766,390.81431616,17.58062016
2397,767,394.49172816,7.80495264
2397,768,396.16093488,4.18502592
2397,769,396.98212704,0.85697568
2397,770,397.0138872,0
2397,771,397.0138872,0
2397,772,397.0138872,0
2397,773,397.21724976,2.58080256
2397,774,398.46561912,6.65061408
2397,775,400.96869768,10.90257408
2397,776,404.57350632,15.73389792
2397,777,409.2174696,18.11280096
2397,778,414.36398712,18.63839808
2397,779,419.53345608,18.544032
2397,780,424.6845456,18.544032
2397,781,429.83609232,18.6592464
2397,782,434.75885616,16.5469824
2397,783,439.35161304,17.77922784
2397,784,444.87391848,21.83367744
2397,785,450.9674496,21.9456
2397,786,457.01507784,20.75285664
2397,787,462.11532672,14.90215968
2397,788,465.59794104,10.8850176
2397,789,468.8461032,12.77343648
2397,790,472.4218644,12.80086848
2397,791,475.97699064,12.79647936
2397,792,479.50700136,13.60956384
2397,793,483.92071872,19.92770208
2397,794,489.52367424,20.64642048
2397,795,495.6316224,22.57214688
2397,796,499.3943784,21.506688
2400,751,298.2552582,21.3612984
2400,752,302.8655868,25.84972224
2400,753,309.95154672,25.27913664
2400,754,317.15896944,26.57502432
2400,755,325.04838216,30.12143328
2400,756,333.3632652,28.71142848
2400,757,341.04099432,27.15768
2400,758,348.60725808,27.43309728
2400,759,356.22771528,27.1796256
2400,760,363.72381408,27.22132224
2400,761,371.33918112,27.432
2400,762,378.95598072,27.25862976
2400,763,386.3135784,21.30149664
2400,764,390.89252784,12.9314448
2400,765,394.48410816,12.9314448
2400,766,398.075658,12.93034752
2400,767,401.71463472,11.19445056
2400,768,403.40621376,0.12838176
2400,769,403.4092008,0
2400,770,403.41051144,0.28200096
2400,771,403.82183904,3.42131904
2400,772,404.94139992,3.236976
2400,773,407.93215848,16.3933632
2400,774,412.50190296,16.46578368
2400,775,417.0963972,16.65341856
2400,776,421.17794352,11.06387424
2400,777,424.0912524,11.95376832
2400,778,428.75777088,19.75323456
2400,779,434.2442928,19.75104
2400,780,439.71917136,19.66654944
2400,781,445.19401944,19.74994272
2400,782,450.61516176,17.60256576
2400,783,455.49272376,19.89807552
2400,784,460.86512856,17.00784
2400,785,465.16475928,12.76356096
2400,786,468.61899672,13.33085472
2400,787,472.23614976,12.86341344
2400,788,475.80587592,12.69443232
2400,789,479.11006032,12.3005088
2400,790,483.3079488,17.83189728
2400,791,488.26286904,17.83518912
2400,792,493.21772832,17.83738368
2400,793,497.9250392,17.8332384
2403,746,249.2840328,23.0483664
2403,747,253.12429944,22.7027232
2403,748,259.36983432,22.3515936
2403,749,265.55831064,22.32745344
2403,750,271.65135408,21.55167648
2403,751,277.71352128,21.34648512
2403,752,283.39301208,18.61645248
2403,753,288.11637576,16.45810272
2403,754,292.68843672,16.46029728
2403,755,297.26421624,17.62999776
2403,756,302.82331104,21.94230816
2403,757,308.90303472,21.65591808
2403,758,314.93984256,23.06043648
2403,759,321.82756056,27.5197824
2403,760,329.77415376,28.86065856
2403,761,337.56246432,27.52856064
2403,762,345.12388176,27.07209216
2403,763,352.72943424,27.43309728
2403,764,360.2885352,26.9437104
2403,765,367.84205832,26.26449408
2403,766,374.47307376,21.37172256
2403,767,379.33085424,8.61693984
2403,768,382.37227056,5.1133248
2403,769,383.74649184,4.93117632
2403,770,385.11675072,4.9322736
2403,771,386.48585136,4.9487328
2403,772,387.89911752,5.07930912
2403,773,389.2727292,4.9322736
2403,774,390.6428052,4.9322736
2403,775,392.0128812,4.9322736
2403,776,393.3728988,4.91361984
2403,777,395.22906984,9.61546464
2403,778,398.3010576,14.31511488
2403,779,402.7319352,16.4592
2403,780,407.3039352,16.4592
2403,781,411.87599616,16.45810272
2403,782,416.46677184,16.5579552
2403,783,421.05541392,16.27485696
2403,784,425.58550392,16.27156512
2403,785,430.91825424,24.42655008
2403,786,437.85315528,24.96970368
2403,787,444.81545784,24.89618592
2403,788,450.80657616,15.52431744
2403,789,454.71578856,13.48118208
2403,790,458.11336368,10.9124496
2403,791,460.84818168,8.71679232
2403,792,463.0451496,7.2201024
2403,793,465.46172592,10.81698624
2403,794,469.65019608,20.6343504
2403,795,475.4556912,20.87684928
2403,796,481.27758456,20.77919136
2403,797,487.31692224,22.60177344
2403,798,493.19178984,21.30039936
2403,799,498.100858,24.4126512
2409,712,19.5310506,21.506688
2409,713,23.67604104,20.42367264
2409,714,29.06944656,19.90575648
2409,715,34.97195952,22.05423072
2409,716,41.1440376,19.89149184
2409,717,45.6854052,16.10477856
2409,718,51.25785024,24.14454912
2409,719,57.97344768,24.17527296
2409,720,64.6736832,16.40762784
2409,721,67.11485688,7.26948
2409,722,72.35065032,25.07723712
2409,723,79.38552576,25.24073184
2409,724,85.7291148,20.14276896
2409,725,91.28939832,19.81797408
2409,726,96.32112816,16.5085776
2409,727,101.42375448,22.20236352
2409,728,107.97207768,23.72868
2409,729,114.17978688,20.94597792
2409,730,119.65606752,18.64168992
2409,731,124.75046424,18.0667152
2409,732,129.55124712,18.0996336
2409,733,135.00286944,19.1694816
2409,734,140.1103116,18.6757056
2409,735,145.71216984,21.21481152
2409,736,151.54436544,20.84832
2409,737,157.3305972,23.25465504
2409,738,164.77759272,28.84419936
2409,739,172.16097648,24.77329056
2409,740,179.10736848,25.50846816
2409,741,186.23825592,26.2469376
2409,742,193.72801488,27.35738496
2409,743,201.31975992,27.82592352
2409,744,208.95963288,26.81971776
2409,745,216.36660816,26.62330464
2409,746,223.73319744,26.47846368
2409,747,231.2322528,27.54940896
2409,748,239.16942768,29.43782784
2409,749,247.37074224,29.13497856
2409,750,255.15530376,27.03368736
2409,751,262.72476792,26.74290816
2409,752,269.38763496,19.80261216
2409,753,274.33591056,17.01113184
2409,754,279.057354,17.98771104
2409,755,283.8515532,16.4592
2409,756,288.42364464,16.45810272
2409,757,292.99899744,15.95884032
2409,758,297.22096512,14.73976224
2409,759,301.31119824,15.22585728
2409,760,306.33430224,21.81502368
2409,761,312.3655932,21.59337312
2409,762,318.4411716,21.89951424
2409,763,324.6388224,22.86292608
2409,764,331.00801464,22.823424
2409,765,336.8571876,18.0667152
2409,766,341.5058448,16.19365824
2409,767,346.02627264,16.4592
2409,768,350.59845552,16.46029728
2409,769,355.1706384,16.4592
2409,770,359.69746704,15.91494912
2409,771,363.88093848,12.783312
2409,772,366.59746848,6.30826272
2409,773,367.95126816,2.50399296
2409,774,368.77194216,4.15539936
2409,775,370.13528208,5.4864
2409,776,371.6592516,5.48749728
2409,777,373.18864656,5.38983936
2409,778,374.42778048,3.4235136
2409,779,375.62451672,5.3711856
2409,780,377.14568208,5.48859456
2409,781,378.6699564,5.37996384
2409,782,380.46471024,9.41027328
2409,783,383.89663632,14.74415136
2409,784,388.0282308,14.92191072
2409,785,392.14172016,14.76061056
2409,786,396.24158496,14.85497664
2409,787,400.60171848,16.39446048
2409,788,405.09562872,14.8736304
2409,789,408.98283456,12.51886752
2409,790,412.94925792,16.40872512
2409,791,417.54420936,16.47785376
2409,792,422.07478704,15.72073056
2409,793,426.53614464,16.46029728
2409,794,431.10817512,16.45810272
2409,795,435.68029704,16.44493536
2409,796,440.151012,15.1260048
2409,797,444.49688088,16.43835168
2409,798,449.0683932,16.4592
2409,799,453.62862792,17.10220608
2409,800,459.0512028,21.92255712
2409,801,465.14954976,23.13285696
2409,802,472.27123224,27.5527008
2409,803,479.89665768,27.7172928
2409,804,487.8045108,28.337256
2409,805,494.92573608,24.14345184
2409,806,499.4218104,27.8599392
2410,759,312.1368408,22.2720408
2410,760,317.7299208,23.02422624
2410,761,324.47035944,24.86875392
2410,762,331.35847368,24.27732
2410,763,337.78249944,22.21882272
2410,764,343.75804248,21.12593184
2410,765,349.67445432,21.2598
2410,766,355.49915184,20.57180544
2410,767,360.9671724,18.30482496
2410,768,365.73217176,16.2616896
2410,769,369.60096768,11.10337632
2410,770,372.65219856,10.917936
2410,771,375.42347064,7.14768192
2410,772,377.03869728,5.53468032
2410,773,378.57632184,5.53358304
2410,774,380.1139464,5.5357776
2410,775,381.65154048,5.5357776
2410,776,383.18913456,5.5357776
2410,777,384.72992904,5.26584672
2410,778,386.64684672,10.21787136
2410,779,389.62861368,10.58655744
2410,780,392.87448984,13.16516544
2410,781,396.60094416,13.37364864
2410,782,400.471386,14.65856352
2410,783,404.60977752,15.06126528
2410,784,408.8003508,15.06126528
2410,785,413.0465196,15.6581856
2410,786,417.4147608,15.6472128
2410,787,421.81985232,16.1903664
2410,788,426.389292,17.18998848
2410,789,431.41538304,18.47380608
2410,790,436.54693488,18.46063872
2410,791,441.48076296,15.8392368
2410,792,445.51753416,14.12857728
2410,793,449.44159032,14.12748
2410,794,453.36570744,14.12528544
2410,795,457.4478024,16.39994688
2410,796,462.34788912,18.00855936
2410,797,467.09069904,15.81070752
2410,798,471.152132914286,17.8903666285714
2420,723,50.3569224,0
2420,724,52.2614652,15.83594496
2420,725,57.54825168,19.65886848
2420,726,62.98719432,19.55462688
2420,727,68.41763304,19.54584864
2420,728,73.8466392,19.54694592
2420,729,79.33377072,19.8497952
2420,730,84.7782912,19.39003488
2420,731,90.06544344,18.23240448
2420,732,94.82029296,16.68304512
2420,733,99.68633352,20.5136496
2420,734,105.81622728,20.6947008
2420,735,111.26370432,22.63249728
2420,736,118.31424648,26.53442496
2420,737,125.64325392,24.085296
2420,738,132.23644368,24.71184288
2420,739,138.71670504,21.506688
2420,740,144.42219528,20.22506496
2420,741,150.29953176,24.43313376
2420,742,154.237944,27.1905984
2427,739,156.864168533333,30.35808
2427,740,164.57166984,29.8295568
2427,741,172.8569568,26.42030784
2427,742,179.77143624,24.97299552
2427,743,186.80884152,25.14087936
2427,744,193.3195524,22.37792832
2427,745,200.08852032,26.22279744
2427,746,207.38262816,26.4609072
2427,747,215.0650512,28.74105504
2427,748,223.02270864,28.14303744
2427,749,230.6912328,27.36945504
2427,750,238.2993456,27.2454624
2427,751,245.85789792,27.19279296
2427,752,253.38901824,24.32230848
2427,753,259.35057096,19.55791872
2427,754,264.78012576,19.60180992
2427,755,270.11098632,17.55648
2427,756,274.74095928,16.45700544
2427,757,279.3129288,16.46029728
2427,758,283.8847764,16.45042176
2427,759,288.40108944,16.47346464
2427,760,293.23597944,17.92187424
2427,761,298.21421688,17.92297152
2427,762,301.1984832,18.2093616
2428,719,21.4422058666667,19.360896
2428,720,26.06323464,13.69295712
2428,721,29.0631372,7.49661696
2428,722,31.95133056,14.58065664
2428,723,36.0572304,14.74634592
2428,724,39.61314912,10.56790368
2428,725,42.29916864,8.75848896
2428,726,45.22588872,12.78989568
2428,727,49.14445848,17.69254272
2428,728,54.718458,21.85342848
2428,729,60.982098,22.22650368
2428,730,67.01189544,21.54948192
2428,731,72.99795408,21.54948192
2428,732,79.03652976,21.84355296
2428,733,84.85787448,18.67899744
2428,734,89.53524384,14.76609696
2428,735,94.16360136,21.99388032
2428,736,100.46137896,21.86440128
2428,737,106.22654904,19.71044064
2428,738,111.5782884,19.0597536
2428,739,117.51646296,26.12294496
2428,740,124.89780456,25.17379776
2428,741,132.50795952,32.4355968
2428,742,141.14410176,28.89028512
2428,743,149.8255068,33.63602112
2428,744,159.12087048,33.53177952
2428,745,168.36045576,33.62834016
2428,746,177.63247176,32.945832
2428,747,186.78671304,32.973264
2428,748,195.9362604,32.65285824
2428,749,204.74321256,31.11995808
2428,750,213.61316688,32.9348592
2428,751,222.73327056,33.38254944
2428,752,232.45087368,36.21133728
2428,753,242.44563144,34.69270176
2428,754,251.59459968,31.44365568
2428,755,257.9805864,30.2959008
2438,754,243.905532,24.6558816
2438,755,247.677432,24.69318912
2438,756,254.5051044,23.71441536
2438,757,260.92294272,22.84646688
2438,758,267.27573672,22.466808
2438,759,273.4785996,21.71187936
2438,760,278.95259424,17.53782624
2438,761,283.58220144,16.4592
2438,762,288.153348,16.39665504
2438,763,292.69358784,15.76681632
2438,764,297.11297448,16.34618016
2438,765,301.65867024,15.65050464
2438,766,306.04148088,18.21375072
2438,767,312.1816464,27.28496448
2438,768,320.7968184,34.66197792
2438,769,330.9050532,36.06869088
2438,770,339.92719416,28.34493696
2438,771,347.5155864,25.7147568
2438,772,354.02340168,20.77919136
2438,773,358.97600544,13.4910576
2438,774,361.73779824,6.16561632
2438,775,362.5912992,0.12947904
2438,776,362.74577184,0.78674976
2438,777,363.28362192,2.55775968
2438,778,363.93235824,2.93741856
2438,779,364.66841976,2.12433408
2438,780,365.57486448,3.83938272
2438,781,366.64160352,3.83938272
2438,782,367.70822064,3.86681472
2438,783,369.04251312,7.67657088
2438,784,372.03183912,13.7873232
2438,785,376.38676056,16.45810272
2438,786,381.02033016,17.98661376
2438,787,386.48825928,20.60033472
2438,788,392.19313992,20.37868416
2438,789,397.64272008,17.78032512
2438,790,402.27696024,16.45590816
2438,791,406.84899072,16.45810272
2438,792,411.42099072,16.4592
2438,793,416.00874888,16.5524688
2438,794,420.5987016,16.4592
2438,795,424.95923136,15.2851104
2438,796,429.43046448,16.4592
2438,797,434.002434,16.46029728
2438,798,438.56763696,16.37909856
2438,799,443.1238788,16.46029728
2438,800,447.8370012,19.27043136
2438,801,453.71577024,21.94340544
2438,802,459.81155688,22.05203616
2438,803,465.6588096,18.54512928
2438,804,470.43307488,16.60513824
2438,805,475.01607816,16.45261632
2438,806,479.387154,11.94828192
2438,807,481.86755544,8.80128288
2438,808,485.45776416,14.80120992
2438,809,488.59482672,8.860536
2438,810,491.61295632,12.08434464
2438,811,493.9629948,12.0728232
2444,771,329.6753376,24.057864
2444,772,334.35352992,24.057864
2444,773,340.98442344,22.87609344
2444,774,346.60456968,17.24265792
2444,775,350.89953696,12.61433088
2444,776,353.81065128,7.62938784
2444,777,355.47577368,5.4864
2444,778,356.99983464,5.48420544
2444,779,358.4876244,4.773168
2444,780,359.47862064,2.08812384
2444,781,359.667048,0
2444,782,359.667048,0
2444,783,360.07764408,3.60346752
2444,784,361.44531216,5.54345856
2444,785,363.20556264,8.65424736
2444,786,366.09366456,10.97170272
2444,787,369.14172552,10.97389728
2444,788,372.1819836,10.90586592
2444,789,375.78295176,16.04881728
2444,790,380.37183768,17.59269024
2444,791,385.7554896,20.61569664
2444,792,391.47274512,20.44891008
2444,793,396.9911796,18.11828736
2444,794,401.66943288,16.46029728
2444,795,406.1991876,14.46983136
2444,796,410.34846048,18.1983888
2444,797,415.72949112,19.61168544
2444,798,421.1610576,19.51622208
2444,799,426.5816208,19.51622208
2444,800,432.002184,19.51622208
2444,801,437.42036976,19.43502336
2444,802,442.81868256,19.62156096
2444,803,448.06557072,17.41273632
2444,804,452.73355224,17.52465888
2444,805,458.04304632,20.46207744
2444,806,463.41353088,15.9873696
2444,807,467.76595296,15.90617088
2444,808,472.05698832,15.18416064
2444,809,476.2844424,15.12710208
2444,810,479.90342424,11.59495776
2444,811,483.70869984,16.68523968
2444,812,488.532678,18.68887296
2444,813,494.2822728,23.31500544
2444,814,499.034562,23.5805472
2448,729,20.5002384,11.9493792
2448,730,23.18180784,13.1289552
2448,731,26.9091156,13.66991424
2448,732,30.70786848,13.0521456
2448,733,34.54926288,13.48227936
2448,734,37.68193632,13.5184896
2448,735,42.36820584,17.6826672
2448,736,46.95681744,15.94128384
2448,737,50.9973072,13.78842048
2448,738,56.2404768,25.49310624
2448,739,63.2522865,32.0241168
2449,722,22.6657408,0
2449,723,24.92072232,6.43883904
2449,724,28.38029376,13.99251456
2449,725,32.15755824,12.99398976
2449,726,35.5445568,11.5104672
2449,727,38.70069984,12.07666368
2449,728,42.26131248,13.18052736
2449,729,46.01297376,14.03201664
2449,730,50.10460896,15.59015424
2449,731,54.76637256,18.05464512
2449,732,60.22844952,21.2598
2449,733,66.4812996,23.42912256
2449,734,72.98932824,23.42912256
2449,735,79.55968848,21.57142752
2449,736,85.19879328,19.20459456
2449,737,90.56833296,19.73787264
2449,738,96.05156304,18.90832896
2449,739,101.4462792,21.91597344
2449,740,107.87594376,22.59189792
2449,741,113.96450664,22.64347008
2449,742,120.53776248,25.25170464
2449,743,127.51006248,23.71880448
2449,744,134.65966464,27.54831168
2449,745,142.2515316,27.52636608
2449,746,149.9398068,27.40347072
2449,747,157.40353584,27.56257632
2449,748,165.4132836,29.47184352
2449,749,173.60292432,29.1163248
2449,750,181.70459976,29.76372
2449,751,190.21293936,31.49522784
2449,752,199.09258632,32.28307488
2449,753,208.10658912,32.55849216
2449,754,217.13595384,32.58043776
2449,755,226.102164,32.06910528
2449,756,234.9972948,31.63677696
2449,757,243.3280884,27.6075648
2449,758,250.6908372,25.08272352
2449,759,257.10297576,21.12922368
2449,760,262.66853232,19.19910816
2449,761,268.00655568,18.81176832
2449,762,273.22000728,18.49684896
2449,763,277.86872544,15.115032
2449,764,281.84176296,13.63260672
2449,765,285.54529632,13.36157856
2449,766,289.67771376,16.37470944
2449,767,294.21630768,16.3933632
2449,768,298.78663128,16.4592
2449,769,303.35863128,16.46029728
2449,770,307.93215528,16.38897408
2449,771,312.80791896,20.1570336
2449,772,318.72308112,21.15665568
2449,773,324.57338184,21.82160736
2449,774,330.72820824,22.34939904
2449,775,336.46463568,17.34470496
2449,776,341.05388736,14.88240864
2449,777,344.57825928,10.97609184
2449,778,347.5986444,9.16448256
2449,779,349.21698,3.32256384
2449,780,350.17149168,3.44765376
2449,781,351.12966096,3.44984832
2449,782,352.08783024,3.44875104
2449,783,353.04584712,3.45423744
2449,784,354.09131112,4.3232832
2449,785,355.37488488,4.66453728
2449,786,356.67043728,4.66453728
2449,787,357.96800136,4.5043344
2449,788,359.68052016,9.3707712
2449,789,362.59035432,10.97389728
2449,790,365.633508,9.77018112
2449,791,368.25765312,10.18495296
2449,792,371.27715432,10.9892592
2449,793,374.45298744,12.91059648
2449,794,378.2670108,14.154912
2449,795,382.51311864,16.34837472
2449,796,387.18326424,17.03307744
2449,797,391.7559348,15.8392368
2449,798,396.17117616,15.91056
2449,799,400.59050184,15.90946272
2449,800,405.00982752,15.90836544
2449,801,409.4291532,15.90946272
2449,802,413.85207552,15.87544704
2449,803,418.63920336,19.19801088
2449,804,423.15975312,11.79137088
2449,805,427.63756992,19.88381088
2449,806,433.16173464,19.8882
2449,807,438.6791328,19.80480672
2449,808,444.17958408,19.16289792
2449,809,448.9908216,14.83742016
2449,810,453.01338912,16.267176
2449,811,457.7987796,17.39408256
2449,812,462.63043872,17.39517984
2449,813,467.512908,17.24814432
2449,814,470.72806032,4.30901856
2449,815,474.73508304,20.46646656
2449,816,480.41972496,20.46317472
2449,817,486.1040316,20.4862176
2449,818,491.72018496,18.61425792
2449,819,497.01715176,24.17088384
2451,714,20.612862,17.0846496
2451,715,24.09044712,14.55212736
2451,716,28.8113724,20.47743936
2451,717,33.99257616,17.21851776
2451,718,38.7737604,17.22619872
2451,719,43.56104064,17.26240896
2451,720,48.35399016,17.22619872
2451,721,53.23094256,14.27232096
2451,722,55.74721896,6.85690272
2451,723,59.35406976,18.626328
2451,724,65.6248116,25.4459232
2451,725,72.69196536,25.44153408
2451,726,79.81498896,24.716232
2451,727,85.97841072,19.87283808
2451,728,91.1242272,16.77521664
2451,729,95.94881496,18.70423488
2451,730,101.17787232,19.00927872
2451,731,106.4527716,18.48477888
2451,732,111.66207792,18.5056272
2451,733,116.364173333333,20.506944
2457,792,384.5564064,16.898112
2457,793,387.59870664,17.8801776
2457,794,392.6849652,18.05135328
2457,795,397.45596912,15.65489376
2457,796,401.57610312,15.16660416
2457,797,405.8802144,15.00420672
2457,798,409.74358488,12.09422016
2457,799,413.27798472,15.663672
2457,800,417.93033,18.03599136
2457,801,423.05773656,19.31432256
2457,802,428.72948544,23.4104688
2457,803,435.76817088,25.37350272
2457,804,442.35047928,19.75213728
2457,805,447.44185848,19.59851808
2457,806,453.11360736,19.16838432
2457,807,457.97778864,15.96981312
2457,808,462.15144552,14.74854048
2457,809,466.24494,14.75073504
2457,810,470.05945104,11.5378992
2457,811,473.40176592,12.46839264
2457,812,477.47645424,16.29570528
2457,813,482.23197432,17.76057408
2457,814,487.73248656,23.7670848
2457,815,495.34928616,31.66859808
2457,816,500.2060608,31.8101472
2465,741,105.705902742857,26.3598006857143
2465,742,111.65134896,23.61785472
2465,743,118.11307848,22.37134464
2465,744,124.34916456,22.4887536
2465,745,130.38868512,23.87791008
2465,746,137.07934992,22.97375136
2465,747,143.79726384,25.63355808
2465,748,151.29577056,28.49306976
2465,749,159.29238144,29.07682272
2465,750,167.87969472,32.72857056
2465,751,176.93539416,32.25783744
2465,752,185.92354992,30.71067264
2465,753,194.1937188,28.91113344
2465,754,201.94758696,27.35299584
2465,755,209.75906232,30.51206496
2465,756,218.68506936,32.2326
2465,757,227.05030536,27.83360448
2465,758,234.8083188,27.1083024
2465,759,242.01214488,24.93239616
2465,760,248.81168424,24.34974048
2465,761,255.26241048,19.37467296
2465,762,260.16679488,17.23936608
2465,763,264.9609636,17.33812128
2465,764,269.72267112,16.71925536
2465,765,274.24221504,14.94605088
2465,766,278.14161288,14.08029696
2465,767,282.159456,14.93507808
2465,768,286.31147208,14.33376864
2465,769,290.21355216,14.4127728
2465,770,294.31039944,14.75402688
2465,771,298.4415672,15.51773376
2465,772,302.912526,17.06160672
2465,773,308.30501712,21.64823712
2465,774,314.33106552,21.93901632
2465,775,320.430144,22.09592736
2465,776,326.70463488,22.92108192
2465,777,332.84172192,18.6757056
2465,778,336.88574736,10.4570784
2465,779,339.08615952,5.5083456
2465,780,340.61073864,5.48530272
2465,781,342.12004728,5.23183104
2465,782,343.5877812,5.4864
2465,783,345.12375984,4.8444912
2465,784,345.79721544,0.02414016
2465,785,346.03020456,3.11846976
2465,786,347.39790312,5.4864
2465,787,348.92196408,5.4864
2465,788,350.431608,5.6839104
2465,789,352.658934,10.84441824
2465,790,355.70397744,10.97389728
2465,791,358.75200792,10.67982624
2465,792,361.68491544,10.81808352
2465,793,364.7294712,10.9728
2465,794,367.76320656,11.16921312
2465,795,371.51444112,16.33081824
2465,796,376.08321024,16.0422336
2465,797,380.53240632,16.33740192
2465,798,385.09450032,16.5579552
2465,799,389.70042456,16.45590816
2465,800,394.26453024,16.42847616
2465,801,398.82811776,16.42847616
2465,802,403.39179672,16.42957344
2465,803,407.95532328,16.42847616
2465,804,412.51900224,16.41421152
2465,805,417.08719224,16.47346464
2465,806,421.63721616,15.44641056
2465,807,425.48720592,13.92338592
2465,808,430.06679544,19.28579328
2465,809,435.66499608,20.3325984
2465,810,441.2859348,20.18336832
2465,811,446.91781584,20.4313536
2465,812,452.24523216,16.65341856
2465,813,456.79458552,16.86190176
2465,814,461.56714392,17.2163232
2465,815,466.34878536,17.23387968
2465,816,470.7066024,6.91944768
2465,817,473.05651896,17.03307744
2465,818,478.89816336,21.63506976
2465,819,484.9083012,21.6328752
2465,820,490.95879456,21.91158432
2465,821,497.13678576,22.41413856
2467,726,21.195411,16.9090848
2467,727,25.77559488,19.31871168
2467,728,30.45564648,13.05653472
2467,729,33.98196912,12.66590304
2467,730,37.526976,15.81290208
2467,731,42.4744896,16.7938704
2467,732,46.757082,14.50823616
2467,733,50.77529088,14.14503648
2467,734,54.98592,17.59159296
2467,735,60.38938392,21.59776224
2467,736,66.41372544,21.68664192
2467,737,72.43803648,21.68554464
2467,738,78.51209088,21.99717216
2467,739,84.53350632,21.42768384
2467,740,90.34076928,20.2887072
2467,741,95.96798688,20.54437344
2467,742,101.81350224,21.28284288
2467,743,107.73768648,21.44194848
2467,744,113.47359576,19.71044064
2467,745,119.11038408,20.79565056
2467,746,125.172978,22.1815152
2467,747,131.38589928,24.13577088
2467,748,137.71510176,21.30259392
2467,749,143.52882648,20.58058368
2467,750,149.56700592,23.33804832
2467,751,156.5754552,27.98173728
2467,752,164.8923804,31.85513568
2467,753,173.97200664,32.93815104
2467,754,183.12301704,32.96668032
2467,755,192.22617384,32.05593792
2467,756,200.65599696,28.37785536
2467,757,208.72524168,30.45939552
2467,758,217.24565136,29.92502016
2467,759,225.05999184,26.92944576
2467,760,232.59915888,27.18401472
2467,761,239.90326416,25.43933952
2467,762,246.83469048,23.84828352
2467,763,252.8997228,19.62046368
2467,764,257.72519448,15.7020768
2467,765,262.18527192,16.49321568
2467,766,266.95426416,16.96065696
2467,767,271.00740312,11.99656224
2467,768,274.28985528,11.75406336
2467,769,277.7016036,12.67577856
2467,770,281.39721216,13.82463072
2467,771,285.47424744,15.77010816
2467,772,289.97141904,16.3330128
2467,773,294.51781584,16.45810272
2467,774,299.08061088,16.4372544
2467,775,304.11493152,21.0293712
2467,776,310.10754336,21.66140448
2467,777,316.15636032,21.94450272
2467,778,322.194936,21.01071744
2467,779,327.81051024,19.92331296
2467,780,332.5546308,12.11836032
2467,781,335.34678168,7.14109824
2467,782,336.9512184,5.4864
2467,783,338.47518792,5.5906416
2467,784,339.75013584,2.0793456
2467,785,339.9230184,0
2467,786,340.03277688,1.86866784
2467,787,341.21850984,5.48310816
2467,788,342.69889296,5.22744192
2467,789,344.19451608,5.4864
2467,790,345.71857704,5.48530272
2467,791,347.24638704,6.65390592
2467,792,349.74254664,10.76870592
2467,793,353.26646136,15.40251936
2467,794,357.5937984,15.63404544
2467,795,361.81890552,15.10735104
2467,796,366.13344096,15.58905696
2467,797,370.4639784,15.58905696
2467,798,374.7944244,15.58795968
2467,799,379.12496184,15.58795968
2467,800,383.37564168,9.47720736
2467,801,385.50445632,11.53899648
2467,802,390.49442856,19.22215104
2467,803,395.833092,19.32968448
2467,804,400.89591144,16.73571456
2467,805,405.47525712,16.4592
2467,806,410.04731808,16.46029728
2467,807,414.62733432,16.55356608
2467,808,419.22615672,16.51735584
2467,809,423.4656504,14.53896
2467,810,427.90478808,16.47456192
2467,811,432.6942324,19.80151488
2467,812,438.58955208,21.08313792
2467,813,444.31296456,20.47195296
2467,814,449.66692896,16.54807968
2467,815,453.75871656,13.86193824
2467,816,458.12058744,16.37251488
2467,817,462.17482368,12.37073472
2467,818,465.28652688,10.87075296
2467,819,469.20847992,19.76640192
2467,820,474.88178328,20.45768832
2467,821,480.56828448,21.45072672
2467,822,487.32984576,26.9217648
2467,823,494.62023504,27.56806272
2467,824,499.393464,32.1393312
2469,748,129.6021792,16.26388416
2469,749,133.78583352,22.72796064
2469,750,139.6680468,19.860768
2469,751,145.25926752,20.57509728
2469,752,151.32414744,25.45360416
2469,753,159.0597276,29.28530592
2469,754,167.72558784,32.8306176
2469,755,176.70965928,31.82221728
2469,756,185.76712656,33.51202848
2469,757,194.86561992,31.87817856
2469,758,203.62020744,31.22529696
2469,759,212.1564972,30.13021152
2469,760,220.51097376,29.94696576
2469,761,228.41830872,27.00625536
2469,762,235.685076,25.26267744
2469,763,242.23967808,21.82051008
2469,764,248.14002696,19.97488512
2469,765,252.93931632,13.83889536
2469,766,256.23508824,9.3213936
2469,767,258.95649504,11.6531136
2469,768,262.48815168,13.02581088
2469,769,266.25807048,15.15782592
2469,770,270.68181576,15.88532256
2469,771,275.09123544,15.32022336
2469,772,279.38858016,15.19074432
2469,773,283.00719624,10.98267552
2469,774,286.19918376,12.75478272
2469,775,290.27152512,17.48844864
2469,776,295.81199664,21.92145984
2469,777,301.90763088,21.94779456
2469,778,308.00256408,21.71626848
2469,779,313.99423104,20.27663712
2469,780,318.53517192,12.49363008
2469,781,321.94795656,12.26978496
2469,782,325.35485856,12.40255584
2469,783,328.2936792,7.05770496
2469,784,329.71718664,2.89901376
2469,785,330.57681408,4.46373504
2469,786,331.9765776,5.1188112
2469,787,333.3972504,5.15611872
2469,788,334.5966384,2.70698976
2469,789,335.64563808,6.49699488
2469,790,337.7417172,7.66120896
2469,791,340.01229432,9.1458288
2469,792,342.74406432,10.07083584
2469,793,345.6396948,10.97060544
2469,794,348.76782672,13.23539136
2469,795,353.03133864,16.4592
2469,796,357.57325488,15.07333536
2469,797,361.08479472,11.46767328
2469,798,364.74163272,14.4237456
2469,799,368.9018784,15.52431744
2469,800,373.3600356,15.2851104
2469,801,376.97212896,12.43657152
2469,802,380.86625376,14.97677472
2469,803,384.998214,14.77048608
2469,804,389.4425028,17.30520288
2469,805,394.360146,17.85603744
2469,806,399.10088328,16.70718528
2469,807,403.97082528,18.94015008
2469,808,409.60450464,19.6577712
2469,809,414.67988184,18.39260736
2469,810,419.84794872,17.04514752
2469,811,424.18318008,15.55065216
2469,812,428.72814432,17.44346016
2469,813,434.18555784,21.0897216
2469,814,440.15476104,21.86659584
2469,815,446.14971984,19.59851808
2469,816,450.55923096,12.18748896
2469,817,453.7357956,11.73979872
2469,818,457.12782336,14.10772896
2469,819,461.4720768,16.0970976
2469,820,465.69986616,14.11211808
2469,821,469.8990348,15.55174944
2469,822,474.9030888,21.04253856
2469,823,481.2877344,24.60760128
2469,824,488.63070168,29.92392288
2469,825,497.4944076,32.8470768
2469,826,505.7888538,33.3422244
2483,736,21.6628472,23.7670848
2483,737,25.6569972,20.628864
2483,738,31.07082432,19.83443328
2483,739,36.56627688,19.92002112
2483,740,42.18169872,17.6607216
2483,741,46.78750104,17.97454368
2483,742,52.29371304,21.63945888
2483,743,58.7477616,25.06297248
2483,744,66.02842776,26.54978688
2483,745,73.39824792,26.499312
2483,746,80.57884824,21.94889184
2483,747,86.09036376,18.8238384
2483,748,91.75235904,21.82928832
2483,749,97.96619472,22.60835712
2483,750,103.86508056,20.36880864
2483,751,109.67847,21.26418912
2483,752,115.42864392,21.21920064
2483,753,121.90098048,25.26816384
2483,754,128.93631312,26.1811008
2483,755,136.36779432,26.36434656
2483,756,143.48036328,25.31644416
2483,757,150.92239056,27.80288064
2483,758,159.0452496,31.18908672
2483,759,168.02895528,32.890968
2483,760,177.13305696,32.36756544
2483,761,186.0615024,32.61884256
2483,762,195.3312324,33.99702624
2483,763,204.7835376,33.02593344
2483,764,213.65891736,31.48315776
2483,765,222.4029588,31.65213888
2483,766,231.13813056,28.5128208
2483,767,238.3851468,24.56041824
2483,768,245.00589048,22.5984816
2483,769,250.93236072,20.84941728
2483,770,256.5231852,17.93613888
2483,771,260.98399416,15.3180288
2483,772,265.24104432,15.416784
2483,773,269.48245824,14.84839296
2483,774,273.67787784,15.6417264
2483,775,278.04188232,15.6472128
2483,776,282.51345072,16.44932448
2483,777,287.06466336,16.33959648
2483,778,291.62191104,16.4592
2483,779,296.19391104,16.46029728
2483,780,300.76594152,16.4592
2483,781,305.337972,16.4592
2483,782,309.858156,15.39593568
2483,783,313.56144552,11.10227904
2483,784,316.47127968,8.16156864
2483,785,318.2244588,4.8444912
2483,786,318.89800584,0.02414016
2483,787,318.898524,0
2483,788,318.898524,0
2483,789,319.13096448,3.11956704
2483,790,320.4984192,5.50176192
2483,791,322.2455328,8.94612384
2483,792,325.22775696,11.31624864
2483,793,328.37225664,11.31734592
2483,794,331.5137388,11.23395264
2483,795,334.5887136,10.9728
2483,796,337.63677456,10.9728
2483,797,340.68666432,10.94756256
2483,798,343.66620624,10.74017664
2483,799,346.7089332,10.97499456
2483,800,349.74516792,11.61251424
2483,801,353.64383424,16.4372544
2483,802,358.2145236,16.0641792
2483,803,362.6687184,16.37800128
2483,804,367.23916392,16.4592
2483,805,371.81122488,16.4592
2483,806,376.38340776,16.45810272
2483,807,381.009144,17.71997472
2483,808,386.33656032,19.99134432
2483,809,391.87687944,19.72031616
2483,810,397.23099624,18.74483424
2483,811,402.66725664,20.16142272
2483,812,408.26838336,20.16032544
2483,813,413.87499648,20.26017792
2483,814,419.399466,17.34360768
2483,815,423.76910928,16.66987776
2483,816,428.96451672,19.48440096
2483,817,433.9768308,17.73972576
2483,818,438.89672952,17.55757728
2483,819,443.47537416,13.34402208
2483,820,447.04141224,12.56824512
2483,821,450.20776608,10.9728
2483,822,453.26070384,10.91464416
2483,823,456.83585544,17.66401344
2483,824,462.83413656,22.27917312
2483,825,469.12828704,17.80117344
2483,826,472.32207288,10.77419232
2483,827,478.58345736,27.58671648
2483,828,486.24643416,27.58671648
2483,829,493.83205272,26.22389472
2483,830,498.9018978,27.870912
2758,777,255.469644,10.0455984
2758,778,257.04036984,9.45196992
2758,779,259.76199,10.59753024
2758,780,263.15980896,13.5020304
2758,781,266.94085296,13.64906592
2758,782,270.64389864,13.0631184
2758,783,274.38595872,14.12309088
2758,784,278.9755152,19.5919344
2758,785,284.55902448,18.95441472
2758,786,289.1148396,13.26721248
2758,787,291.89214672,6.36202944
2758,788,293.34994416,3.36096864
2758,789,293.6772384,0
2758,790,293.6772384,0
2758,791,293.6772384,0
2758,792,293.6772384,0
2758,793,293.6772384,0
2758,794,293.6772384,0
2758,795,293.6772384,0
2758,796,293.6772384,0
2758,797,294.00130176,3.66930432
2758,798,295.57099128,8.29982592
2758,799,298.40563128,12.1414032
2758,800,302.44051272,16.45590816
2758,801,307.01263464,16.44383808
2758,802,311.36908008,13.49873856
2758,803,314.62897704,10.97170272
2758,804,317.71123656,12.68784864
2758,805,321.95899032,19.2792096
2758,806,327.97909512,22.98362688
2758,807,334.35420048,22.72247424
2758,808,340.52947896,21.561552
2758,809,345.8652468,16.58758176
2758,810,350.446086,16.28692704
2758,811,354.47410944,13.11907968
2758,812,358.2873708,14.39192448
2758,813,362.66966328,18.94015008
2758,814,368.16648744,19.9266048
2758,815,373.70180784,19.92770208
2758,816,379.23712824,19.9266048
2758,817,384.26742552,8.01672768
2758,818,387.26415816,19.2188592
2758,819,393.84280896,23.96020608
2758,820,400.49909232,23.93057952
2758,821,407.03689992,22.68187488
2758,822,413.169354,22.03667424
2758,823,419.28894552,21.8687904
2758,824,425.07566496,18.11828736
2758,825,429.67979088,15.26535936
2758,826,433.315872,10.99145376
2758,827,436.00899336,7.94320992
2758,828,438.30444216,8.78153184
2758,829,441.09494712,11.64652992
2758,830,444.62544552,17.55209088
2758,831,451.8158604,30.30906816
2758,832,460.2347412,30.30906816
2758,833,468.6702336,30.45720096
2758,834,477.11544912,30.31345728
2758,835,485.53472616,30.31016544
2758,836,493.95382032,30.31016544
2758,837,501.519825,30.2286924
2759,741,20.5959456,22.5820224
2759,742,23.99224056,21.59885952
2759,743,29.68947072,20.52352512
2759,744,35.52175776,21.06448416
2759,745,41.34712584,20.96463168
2759,746,47.42544744,23.88449376
2759,747,54.4826952,26.50589568
2759,748,61.84690704,26.50809024
2759,749,68.98285416,22.38670656
2759,750,74.69316024,20.15483904
2759,751,80.49603408,21.99607488
2759,752,86.74068504,23.20966656
2759,753,93.36645792,23.59810368
2759,754,99.84129384,23.02751808
2759,755,106.28915496,23.41156608
2759,756,112.551972,21.96644832
2759,757,118.72109352,22.36146912
2759,758,124.90350432,21.47047776
2759,759,130.80351792,23.72868
2759,760,138.00325968,27.32007744
2759,761,145.70595192,29.40820128
2759,762,154.51945728,33.63602112
2759,763,163.78205496,32.78562912
2759,764,172.90508472,32.92169184
2759,765,182.05518072,32.94802656
2759,766,191.20405752,32.54751936
2759,767,199.96184544,31.26260448
2759,768,208.82591712,32.45095872
2759,769,217.69843176,30.36612672
2759,770,225.48698616,25.51395456
2759,771,232.29435888,23.1361488
2759,772,238.6102416,20.81869344
2759,773,244.01943576,19.12778496
2759,774,249.08810736,15.04041696
2759,775,253.04093664,14.0835888
2759,776,256.89574224,13.70283264
2759,777,260.75725344,13.89266208
2759,778,264.6137964,13.98154176
2759,779,268.49615592,13.5130032
2759,780,272.25205392,14.03640576
2759,781,276.250146,14.90545152
2759,782,280.76463024,19.88381088
2759,783,286.60776816,18.89625888
2759,784,291.35368704,16.43944896
2759,785,295.46324448,11.97900576
2759,786,298.51645656,9.25775136
2759,787,300.45574656,5.48749728
2759,788,301.9830384,5.17148064
2759,789,302.80733952,0.37965888
2759,790,302.8178856,0
2759,791,302.8178856,0
2759,792,302.8178856,0
2759,793,302.8178856,0
2759,794,302.8178856,0
2759,795,302.8674156,1.49120352
2759,796,304.17796416,8.91101088
2759,797,307.39418328,14.80340448
2759,798,311.83012056,16.17280992
2759,799,316.37810232,16.45810272
2759,800,320.94345768,16.04991456
2759,801,325.04737632,13.8367008
2759,802,328.89181872,13.64028768
2759,803,332.29969608,12.152376
2759,804,336.33485184,16.45700544
2759,805,340.90365144,17.23607424
2759,806,346.39660464,21.9401136
2759,807,352.49275704,21.94779456
2759,808,358.5653484,21.46389408
2759,809,364.55753352,20.83405536
2759,810,369.90302448,17.2931328
2759,811,374.54534184,16.46029728
2759,812,379.11228216,16.4701728
2759,813,384.13697112,19.9595232
2759,814,389.74266984,20.17678464
2759,815,395.28183072,18.97306848
2759,816,400.60159656,20.65849056
2759,817,406.50356088,19.96939872
2759,818,411.63761208,18.45405504
2759,819,417.05210976,19.24958304
2759,820,422.04485568,16.75217376
2759,821,426.80165592,17.19218304
2759,822,431.57415336,17.4412656
2759,823,435.7053516,9.30932352
2759,824,437.76659208,6.77789856
2759,825,439.56113256,7.48454688
2759,826,442.35267384,14.9339808
2759,827,446.78748336,12.82610592
2759,828,450.31404984,12.152376
2759,829,454.26895176,17.6607216
2759,830,459.91524984,23.89656384
2759,831,466.68836304,23.01325344
2759,832,473.65307352,29.98975968
2759,833,482.0504964,29.68800768
2759,834,490.39509744,30.57790176
2759,835,497.577988114286,31.2458317714286
2761,738,45.2667188571429,16.3369316571429
2761,739,49.08084672,18.52318368
2761,740,54.83333712,22.137624
2761,741,61.16647152,23.05165824
2761,742,67.64392872,23.74294464
2761,743,74.35376544,26.61013728
2761,744,81.69017952,24.01726464
2761,745,88.1545608,22.88816352
2761,746,94.42710096,22.384512
2761,747,100.65297624,23.09884128
2761,748,107.30551056,24.01726464
2761,749,113.88845904,24.2828064
2761,750,119.875445142857,24.4662089142857
2761,751,130.6522152,28.5183072
2767,814,380.850996342857,15.4967286857143
2767,815,385.9644808,21.607272
2767,816,390.74771736,21.3036912
2767,817,396.2800812,16.92334944
2767,818,401.46546072,21.1171536
2767,819,407.3335008,21.12593184
2767,820,413.20458888,21.2213952
2767,821,419.0754636,19.833336
2767,822,425.89332144,35.16343488
2767,823,435.497088533333,36.5528352
2768,738,15.9619188,16.6567104
2768,739,19.8514716,20.03194368
2768,740,25.63496016,18.99281952
2768,741,30.53337048,17.55867456
2768,742,35.65099296,19.9814688
2768,743,41.57404944,22.32086976
2768,744,47.9133408,22.43059776
2768,745,53.91619392,21.25870272
2768,746,59.821572,21.26638368
2768,747,65.7601428,24.96970368
2768,748,72.8772228,25.18038144
2768,749,79.91377464,25.33948704
2768,750,86.6825292,23.50483488
2768,751,92.9493696,21.72724128
2768,752,99.24553176,23.262336
2768,753,105.47287008,21.53192544
2768,754,111.52805736,22.26490848
2768,755,117.45888624,20.47634208
2768,756,123.53446464,22.1979744
2768,757,129.22447104,21.53082816
2768,758,135.98856216,25.59625056
2768,759,143.58064248,29.67484032
2768,760,151.9719084,30.74139648
2768,761,161.29125984,37.55331072
2768,762,171.24246168,32.67590112
2768,763,180.29584464,31.96705824
2768,764,189.00779064,31.02449472
2768,765,197.55099936,30.48463296
2768,766,205.9943556,30.54169152
2768,767,214.50656616,30.66129504
2768,768,222.80303928,26.4005568
2768,769,229.51939872,22.31428608
2768,770,235.72829664,22.69065312
2768,771,242.0017512,22.5106992
2768,772,248.16828192,19.78286112
2768,773,253.06306512,16.09051392
2768,774,257.23998336,14.59492128
2768,775,261.35508816,14.868144
2768,776,265.49985,14.97458016
2768,777,269.61589968,14.40070272
2768,778,273.68376048,15.14685312
2768,779,277.87357176,14.374368
2768,780,281.6985984,14.4237456
2768,781,286.1319144,18.38712096
2768,782,291.57353928,17.74082304
2768,783,296.23121856,16.40214144
2768,784,300.5661756,13.30342272
2768,785,303.73423632,10.12460256
2768,786,306.51675552,8.74312704
2768,787,308.23756488,2.56873248
2768,788,308.4999672,0
2768,789,308.4999672,0
2768,790,308.4999672,0
2768,791,308.58049536,0.94256352
2768,792,309.461154,5.55662592
2768,793,311.5133724,9.6670368
2768,794,314.48063088,10.97499456
2768,795,317.5286004,10.97499456
2768,796,320.57684424,10.92232512
2768,797,323.72972592,11.91865536
2768,798,327.06856608,12.03386976
2768,799,330.40996656,12.04374528
2768,800,333.67010736,11.30527584
2768,801,337.0358004,14.80120992
2768,802,341.5056924,16.19695008
2768,803,346.02666888,16.4592
2768,804,350.5986384,16.51516128
2768,805,355.2585732,17.14390272
2768,806,359.84745912,15.97749408
2768,807,364.34569752,16.4427408
2768,808,368.8124196,15.3015696
2768,809,373.18495848,16.45700544
2768,810,377.77923936,18.03160224
2768,811,383.36378496,21.28503744
2768,812,389.32893432,21.57142752
2768,813,395.26872432,21.3475824
2768,814,401.19906552,21.34867968
2768,815,407.05104264,19.229832
2768,816,411.88014144,16.52174496
2768,817,416.55677928,18.12926016
2768,818,421.91507184,19.5699888
2768,819,427.35090552,19.51951392
2768,820,432.5587488,15.70097952
2768,821,436.06132752,10.91574144
2768,822,439.01465664,10.20689856
2768,823,441.98197608,10.97389728
2768,824,445.08502296,12.28624416
2768,825,448.62865824,12.05691264
2768,826,452.43320232,16.04442816
2768,827,456.99352848,16.46029728
2768,828,461.63319408,17.57184192
2768,829,466.95701376,22.82452128
2768,830,474.06135312,26.60465088
2768,831,481.405692,25.99017408
2768,832,488.78328456,28.19680416
2768,833,496.284673333333,28.7024064
2771,743,20.6518764,19.4547744
2771,744,24.60656496,15.28620768
2771,745,29.6864532,26.21072736
2771,746,37.01280888,25.99675776
2771,747,43.66040544,21.19176864
2771,748,50.11972704,28.93307904
2771,749,58.88266608,32.53215744
2771,750,67.61847792,26.29960704
2771,751,73.90107648,20.44561824
2771,752,79.69517208,20.9141568
2771,753,85.37060904,20.10985056
2771,754,91.29939576,24.39143712
2771,755,97.80541272,22.79160288
2771,756,104.03656104,21.8468448
2771,757,110.25816912,22.22430912
2771,758,116.10984144,20.66836608
2771,759,121.9454508,20.37758688
2771,760,127.26564336,18.04257504
2771,761,132.91392264,23.17565088
2771,762,139.145772,21.97522656
2771,763,145.77127056,26.89652736
2771,764,153.3695688,28.63681344
2771,765,161.47977864,29.8130976
2771,766,170.09202456,32.09982912
2771,767,179.15833104,32.93924832
2771,768,188.31254184,32.33793888
2771,769,197.16481776,31.10349888
2771,770,205.48326696,30.07425024
2771,771,214.18792824,31.67408448
2771,772,222.29448048,23.10542496
2771,773,227.56925784,16.11684864
2771,774,232.04612976,16.1135568
2771,775,236.5229712,16.11684864
2771,776,240.96963744,15.93360288
2771,777,245.4263316,16.11684864
2771,778,249.90329496,16.11575136
2771,779,254.37931344,15.80961024
2771,780,258.22820592,5.72560704
2771,781,258.7087536,0
2771,782,259.07993904,4.9981104
2771,783,261.8404212,14.83083648
2771,784,266.23118712,15.99395328
2771,785,270.58936992,15.37179552
2771,786,275.41792008,19.79932032
2771,787,280.51021368,14.41167552
2771,788,283.87764408,8.71350048
2771,789,285.56867448,2.65651488
2771,790,285.7841376,0
2771,791,285.7841376,0
2771,792,285.7841376,0
2771,793,285.7841376,0
2771,794,285.7841376,0
2771,795,285.7841376,0
2771,796,285.7841376,0
2771,797,285.7841376,0
2771,798,285.7841376,0
2771,799,285.92529048,2.51935488
2771,800,287.23352256,7.20144864
2771,801,289.85425392,11.61690336
2771,802,293.75288976,16.43396256
2771,803,298.32446304,16.45810272
2771,804,302.896524,16.46139456
2771,805,307.46824968,16.50967488
2771,806,311.97048096,16.76314656
2771,807,317.37229896,21.95767008
2771,808,323.6072268,23.45436
2771,809,330.32367768,24.195024
2771,810,336.663792,20.3764896
2771,811,341.648796,16.20792288
2771,812,346.17099168,16.4592
2771,813,350.7431136,16.46029728
2771,814,355.31532696,16.46029728
2771,815,359.8348404,16.14318336
2771,816,364.8919296,20.7331056
2771,817,370.63615992,19.96720416
2771,818,375.89463048,17.24265792
2771,819,380.5225308,17.53233984
2771,820,385.87027728,20.4313536
2771,821,391.53751512,20.27334528
2771,822,397.16942664,20.27334528
2771,823,402.80130768,20.27334528
2771,824,408.4332192,20.272248
2771,825,414.07299456,20.3710032
2771,826,419.72349888,20.27334528
2771,827,425.35534944,20.27334528
2771,828,430.9872,20.272248
2771,829,436.6186848,20.20750848
2771,830,442.22816304,20.25688608
2771,831,447.85973928,20.27444256
2771,832,453.4916508,20.27334528
2771,833,459.12380616,20.27883168
2771,834,464.75638824,20.27334528
2771,835,470.41759104,20.42476992
2771,836,476.0619384,20.272248
2771,837,481.6626384,22.27368672
2771,838,488.74378248,29.12949216
2771,839,496.8695676,28.09914624
2812,747,22.8653170666667,36.4211616
2812,748,32.36018928,34.60711392
2812,749,41.13452784,29.69898048
2812,750,49.66085064,30.77212032
2812,751,57.52328856,25.95835296
2812,752,64.73135136,25.95176928
2812,753,71.93734152,25.94079648
2812,754,79.19847,25.89909984
2812,755,85.84804776,20.50157952
2812,756,91.13007936,19.41856416
2812,757,96.88857432,21.33002592
2812,758,102.91002024,21.51875808
2812,759,108.94579176,22.37573376
2812,760,115.078764,20.54766528
2812,761,120.7347852,22.44595968
2812,762,127.10178288,21.2543136
2812,763,133.2545976,24.15003552
2812,764,139.9673604,25.27694208
2812,765,147.4872336,29.58596064
2812,766,155.72573376,26.85921984
2812,767,162.97570656,26.52235488
2812,768,170.5391052,27.74582208
2812,769,178.869594,32.58811872
2812,770,187.86564408,31.47876864
2812,771,196.25419728,28.13864832
2812,772,203.94734928,28.71472032
2812,773,211.95008664,27.53514432
2812,774,219.4982148,25.68622752
2812,775,226.04614176,21.72504672
2812,776,231.56923968,16.02138528
2812,777,234.96775968,7.6425552
2812,778,236.63321736,5.48530272
2812,779,238.1571564,5.48530272
2812,780,239.67999816,5.41727136
2812,781,241.4631696,9.32029632
2812,782,244.35136296,9.98195616
2812,783,246.97660536,9.32578272
2812,784,249.56716152,9.32578272
2812,785,252.3017052,12.30489792
2812,786,256.4779224,18.11938464
2812,787,262.03543224,20.63105856
2812,788,267.779754,20.34466848
2812,789,272.88695232,11.66847552
2812,790,275.19520272,7.1103744
2812,791,276.90095496,3.06031392
2812,792,277.2715308,0.82296
2812,793,277.49348616,0.68360544
2812,794,277.63375512,0.44878752
2812,795,277.81264224,0.8174736
2812,796,278.04112032,0.82405728
2812,797,278.27298168,0.84051648
2812,798,278.52706296,1.12361472
2812,799,278.72981592,0.10863072
2812,800,279.08606616,3.75050304
2812,801,280.52517936,5.32839168
2812,802,282.90140016,14.71342752
2812,803,287.38842192,16.4592
2812,804,291.9697488,16.0641792
2812,805,296.36971968,15.92921376
2812,806,300.82933992,15.77669184
2812,807,305.34022752,17.62999776
2812,808,310.8597288,21.65920992
2812,809,316.91622672,21.93791904
2812,810,323.0541672,22.50631008
2812,811,329.42390808,22.59518976
2812,812,334.96441008,16.60623552
2812,813,339.47788848,15.17977152
2812,814,343.0687068,10.79504064
2812,815,346.31443056,14.31840672
2812,816,350.82565344,18.7250832
2812,817,356.6176764,21.80624544
2812,818,362.61083688,21.41012736
2812,819,367.99558608,16.58758176
2812,820,372.5706036,16.46029728
2812,821,377.1476328,18.40467744
2812,822,383.13701376,23.88888288
2812,823,389.81134128,23.82414336
2812,824,396.12685824,21.93023808
2812,825,402.22234008,21.9456
2812,826,408.31824864,21.9456
2812,827,414.47033184,20.93500512
2812,828,419.06988576,9.4859856
2812,829,421.04489832,5.48859456
2812,830,422.57063568,5.33497536
2812,831,424.49471616,10.73798208
2812,832,428.35287456,16.36812576
2812,833,433.46543736,20.83405536
2812,834,439.6173072,25.13210112
2812,835,447.1909776,31.95608544
2812,836,456.3285006,40.859964
2812,837,469.7842776,0
2818,776,225.4692468,9.88320096
2818,777,228.8817876,13.3813296
2818,778,231.59947584,5.64221376
2818,779,232.66097232,3.00544992
2818,780,234.14315376,6.39494784
2818,781,235.92001584,6.3971424
2818,782,237.69443952,6.94468512
2818,783,240.1353084,9.1403424
2818,784,242.1204708,6.22816128
2818,785,243.848382,7.84116288
2818,786,246.55905984,11.0715552
2818,787,250.01195616,16.29021888
2818,788,254.96590104,17.88127488
2818,789,259.9619388,18.269712
2818,790,264.10060464,4.82583744
2818,791,264.4335072,0
2818,792,264.4335072,0
2818,793,264.4335072,0
2818,794,264.4335072,0
2818,795,264.4335072,0
2818,796,264.62086776,2.907792
2818,797,266.05803024,6.01967808
2818,798,267.7297668,6.02077536
2818,799,269.40567912,5.92860384
2818,800,270.94181016,5.53248576
2818,801,272.59964784,6.01967808
2818,802,274.27165872,6.01748352
2818,803,275.94363912,6.03833184
2818,804,277.95592872,11.60044416
2818,805,282.1948128,16.33191552
2818,806,286.74133152,16.46029728
2818,807,291.31342296,16.4592
2818,808,295.88545344,16.4592
2818,809,300.45742296,16.46029728
2818,810,305.02954488,16.4592
2818,811,309.56826072,16.55356608
2818,812,314.71203504,20.49609312
2818,813,320.51432976,21.20164416
2818,814,326.51078208,21.90609792
2818,815,332.38598496,18.59011776
2818,816,337.09801008,16.46029728
2818,817,341.64839976,16.20024192
2818,818,346.31113872,19.26933408
2818,819,352.1901516,21.9456
2818,820,358.26597384,21.51546624
2818,821,364.26523032,21.62848608
2818,822,369.6615924,16.84105344
2818,823,374.23728048,16.4646864
2818,824,379.15425312,20.26895616
2818,825,385.3572684,24.44849568
2818,826,392.14309176,24.16978656
2818,827,398.53279704,21.95767008
2818,828,404.63641704,20.3490576
2818,829,409.61474592,15.53309568
2818,830,413.32626504,10.87294752
2818,831,416.3650296,10.99364832
2818,832,419.3878836,10.86197472
2818,833,422.40583032,10.36051776
2818,834,426.7905612,25.8244848
2818,835,434.90019192,29.52890208
2818,836,443.08373664,29.4674544
2818,837,451.2870324,29.53768032
2818,838,459.49197408,29.53768032
2818,839,467.70926016,29.68581312
2818,840,475.94446848,29.544264
2818,841,484.1513304,29.43343872
2818,842,492.56941872,31.89134592
2818,843,498.8199066,33.7084416
2822,748,22.02064176,25.621488
2822,749,27.53316312,26.78789664
2822,750,34.9329756,26.44225344
2822,751,42.0268908,24.32230848
2822,752,48.8827572,25.37350272
2822,753,55.9656996,25.50846816
2822,754,63.06485736,25.62039072
2822,755,70.1837052,25.62587712
2822,756,77.349096,25.79595552
2822,757,83.87617464,19.75872096
2822,758,89.18896056,19.52390304
2822,759,94.87759536,20.73091104
2822,760,100.76678856,21.52973088
2822,761,106.90040088,22.74003072
2822,762,113.30546808,23.62114656
2822,763,119.96010552,22.59738432
2822,764,125.814582,20.50157952
2822,765,132.08642112,25.25719104
2822,766,138.8891304,24.6010176
2822,767,145.9057788,23.7067344
2822,768,152.3394972,22.6204272
2822,769,158.97435312,26.2688832
2822,770,166.46673336,28.01465568
2822,771,174.49181256,30.62618208
2822,772,183.41794152,32.51679552
2822,773,192.0685008,29.71543968
2822,774,200.01594744,28.05415776
2822,775,207.8115732,28.36029888
2822,776,215.83028208,27.80836704
2822,777,222.2915544,13.84986816
2822,778,225.02125176,8.22850272
2822,779,227.23355112,6.25669056
2822,780,228.4276356,3.29293728
2822,781,229.3412736,3.29074272
2822,782,230.2599408,3.71758464
2822,783,232.16213664,10.58216832
2822,784,234.73413048,6.4026288
2822,785,236.3315568,5.4864
2822,786,237.8555568,5.4864
2822,787,239.3823,5.54455584
2822,788,241.01301048,7.11256896
2822,789,243.75422928,13.84547904
2822,790,247.91767536,15.62307264
2822,791,252.49543608,17.73423936
2822,792,257.07612288,13.63480128
2822,793,259.9756548,4.20697152
2822,794,260.85747168,2.99118528
2822,795,261.689088,3.03288192
2822,796,262.49564976,2.8419552
2822,797,263.32132248,2.99118528
2822,798,264.15275592,2.99228256
2822,799,264.98406744,2.990088
2822,800,265.81540944,2.99118528
2822,801,266.64678192,2.99118528
2822,802,267.47809344,2.990088
2822,803,268.30937448,2.990088
2822,804,269.14074696,2.99118528
2822,805,269.97352152,2.77941024
2822,806,270.6678864,2.49192288
2822,807,272.5571892,13.3538976
2822,808,277.47934344,20.43025632
2822,809,283.41544536,21.27845376
2822,810,288.72527472,16.53162048
2822,811,293.2988292,16.4592
2822,812,297.87089016,16.45810272
2822,813,302.44292064,16.4592
2822,814,307.01495112,16.46029728
2822,815,311.53672008,16.18158816
2822,816,316.08192816,16.46029728
2822,817,320.6537148,16.541496
2822,818,325.460868,17.99100288
2822,819,330.46242264,18.03708864
2822,820,335.25329952,16.29241344
2822,821,340.31413776,20.82417984
2822,822,343.4983224,21.2104224
2825,812,308.0803084,17.4979584
2825,813,311.82813936,16.24852224
2825,814,316.48484328,18.93027456
2825,815,322.21950288,21.2927184
2825,816,328.13804832,21.53741184
2837,750,22.2748348,29.736288
2837,751,29.17368816,30.79406592
2837,752,37.54639176,29.08230912
2837,753,45.55696248,29.04390432
2837,754,53.37297936,26.04174624
2837,755,60.36612768,24.09846336
2837,756,66.94243152,23.6079792
2837,757,73.50075216,23.49715392
2837,758,80.12451336,24.19282944
2837,759,86.08536504,16.40323872
2837,760,90.47856936,16.30887264
2837,761,94.97412552,16.03784448
2837,762,99.74921376,18.6373008
2837,763,105.25545624,21.33770688
2837,764,111.185706,20.6178912
2837,765,116.77104408,20.16032544
2837,766,122.71504032,21.97961568
2837,767,128.7054576,23.07689568
2837,768,135.67903776,25.82558208
2837,769,142.9594296,25.82777664
2837,770,150.29026584,26.691336
2837,771,157.71181056,26.5706352
2837,772,164.79127824,24.72610752
2837,773,171.64266408,24.67563264
2837,774,178.13088072,22.77514368
2837,775,184.54509192,24.75573408
2837,776,191.90095224,27.43968096
2837,777,199.51619736,27.32446656
2837,778,206.89357656,23.09006304
2837,779,211.64421984,10.7423712
2837,780,214.39842312,9.7822512
2837,781,217.11507504,9.81407232
2837,782,219.89149824,10.45488384
2837,783,222.88539624,10.72920384
2837,784,225.89130336,10.86746112
2837,785,229.05631608,11.6201952
2837,786,231.4509468,5.59941984
2837,787,232.76058096,2.14298784
2837,788,232.9016424,0
2837,789,233.44628952,4.69745568
2837,790,235.50378096,10.64142144
2837,791,238.84420608,14.62783968
2837,792,243.29111616,16.45590816
2837,793,247.86293328,16.45700544
2837,794,252.30173568,13.71380544
2837,795,255.028446,5.69707776
2837,796,255.86076336,0.1261872
2837,797,255.8640552,0
2837,798,255.8640552,0
2837,799,255.8640552,0
2837,800,255.8640552,0
2837,801,255.8640552,0
2837,802,255.8640552,0
2837,803,255.8640552,0
2837,804,255.92117472,1.15104672
2837,805,256.52918976,2.6828496
2837,806,257.7900864,11.25480096
2837,807,262.03180512,12.09422016
2837,808,264.71264304,8.69265216
2837,809,267.80069376,15.17099328
2837,810,272.29634136,18.61206336
2837,811,277.73068152,20.7276192
2837,812,283.25030472,17.199864
2837,813,287.82395064,16.33411008
2837,814,292.38421584,16.4592
2837,815,296.9562768,16.4592
2837,816,301.5282768,16.4592
2837,817,306.10036824,16.4592
2837,818,310.63725528,16.17829632
2837,819,315.17115528,17.05282848
2837,820,320.57900832,23.46094368
2837,821,327.90725376,28.79372448
2837,822,335.900268,28.93198176
2837,823,343.7513064,27.38042784
2837,824,351.357438,27.43309728
2837,825,358.94119728,26.81093952
2837,826,366.67641168,30.13350336
2837,827,375.16051968,30.58997184
2837,828,383.66224512,30.73152096
2837,829,390.0702384,30.5921664
2844,830,396.5749244,27.6459696
2844,831,402.19341456,17.82750816
2844,832,406.1310648,12.838176
2844,833,409.41357792,8.02331136
2844,834,411.79735776,13.29464448
2844,835,416.94588696,19.47342816
2844,836,422.32304664,19.33846272
2844,837,427.69411032,19.35931104
2844,838,433.17737088,18.544032
2844,839,439.59103344,31.72565664
2844,840,449.56655832,36.30460608
2844,841,459.65153688,36.30460608
2844,842,469.75724184,36.47687904
2844,843,479.60792064,33.01386336
2844,844,488.94031752,35.89641792
2844,845,497.1605754,25.7024124
2845,752,22.2441135,31.16961
2845,753,29.84583312,31.12215264
2845,754,38.69692032,31.34490048
2845,755,47.07861552,26.89104096
2845,756,53.57628096,20.77260768
2845,757,59.72537712,23.17016448
2845,758,66.16269216,23.16796992
2845,759,72.59753832,23.16467808
2845,760,79.08023808,23.45326272
2845,761,85.54458888,19.65996576
2845,762,90.4369032,15.9160464
2845,763,94.84168992,16.49102112
2845,764,99.82846176,20.00670624
2845,765,105.89157384,23.46643008
2845,766,112.63600536,24.48909504
2845,767,119.18003088,22.4448624
2845,768,125.4011208,22.03228512
2845,769,131.99476776,27.69315264
2845,770,139.54664496,25.8738624
2845,771,146.97224352,27.22461408
2845,772,154.68651816,28.27580832
2845,773,162.33760776,27.43529184
2845,774,169.64564496,23.76818208
2845,775,175.9962444,22.70930688
2845,776,182.21276232,23.11639776
2845,777,189.30618984,27.48247488
2845,778,196.94386824,27.26521344
2845,779,203.45524968,15.76023264
2845,780,206.801466,9.38284128
2845,781,209.14223856,7.74021312
2845,782,210.87048504,5.12210304
2845,783,212.38390848,6.33020832
2845,784,214.352124,7.30349568
2845,785,216.38078136,7.30459296
2845,786,218.50453632,9.02841984
2845,787,221.03919216,7.12463904
2845,788,222.64826184,3.77025408
2845,789,223.298004,3.00983904
2845,790,224.90256264,9.31810176
2845,791,227.870004,11.05290144
2845,792,231.22704072,14.8023072
2845,793,235.718604,16.4592
2845,794,240.26582376,16.26388416
2845,795,244.59373992,13.2661152
2845,796,247.38531168,6.16342176
2845,797,248.23859928,0.12947904
2845,798,248.2416168,0
2845,799,248.2416168,0
2845,800,248.54044272,1.49339808
2845,801,248.8512168,0
2845,802,248.8512168,0
2845,803,248.8512168,0
2845,804,248.8538076,0.03621024
2845,805,248.8627992,0
2845,806,248.8627992,0
2845,807,249.2698596,4.40667648
2845,808,251.44472952,10.92232512
2845,809,254.78344776,14.56968384
2845,810,259.61617368,19.70934336
2845,811,265.17724968,19.67093856
2845,812,270.77084784,20.9799936
2845,813,276.6954588,20.73200832
2845,814,282.14311872,18.84797856
2845,815,287.45014392,18.84358944
2845,816,292.5121404,17.11098432
2845,817,297.105324,16.46029728
2845,818,301.67735448,16.4592
2845,819,306.23329152,16.07186016
2845,820,311.71338216,26.37531936
2845,821,319.25812704,27.3551904
2845,822,326.85657768,27.35189856
2845,823,334.45502832,27.35738496
2845,824,342.02586408,27.10391328
2845,825,349.58225232,27.35409312
2845,826,357.1626588,26.84605248
2845,827,364.64507208,27.42322176
2845,828,372.26491968,27.43309728
2845,829,379.90412208,27.83579904
2845,830,387.80447712,28.65327264
2845,831,395.24229816,20.00231712
2845,832,399.25883064,9.3872304
2845,833,401.20113816,5.48749728
2845,834,402.80536152,7.74899136
2845,835,405.67877208,13.79061504
2845,836,410.48138376,20.77370496
2845,837,416.5474524,22.8069648
2845,838,422.93731008,23.1910128
2845,839,429.59874456,24.95434176
2845,840,436.35942192,24.58894752
2845,841,443.97399648,30.72493728
2845,842,453.14710488,34.94507616
2845,843,463.45821456,40.43915712
2845,844,474.99230376,42.51521088
2845,845,486.30623592,37.15609536
2845,846,496.71210792,38.0591568
2845,847,505.698818057143,38.1210747428572
2848,753,15.934563,35.1321624
2848,754,24.76085472,35.29510848
2848,755,34.25482608,32.57056224
2848,756,42.77983824,28.40638464
2848,757,50.042826,23.0867712
2848,758,56.24197032,22.1431104
2848,759,62.99444856,28.68728832
2848,760,69.96031728,22.85305056
2848,761,76.56798504,21.72394944
2848,762,81.8872632,16.91347392
2848,763,86.10511608,12.12165216
2848,764,89.27823648,11.68493472
2848,765,93.24024024,18.72947232
2848,766,99.15076944,23.75172288
2848,767,106.00267344,23.97995712
2848,768,112.32797448,23.53446144
2848,769,119.56514568,25.97700672
2848,770,126.28424832,26.50370112
2848,771,134.63707896,32.863536
2848,772,143.44613424,29.81090304
2848,773,151.33835112,27.73484928
2848,774,158.95301712,26.91957024
2848,775,166.34179584,27.24875424
2848,776,173.66275656,22.35598272
2848,777,179.76716904,21.97083744
2848,778,186.0093816,24.80181984
2848,779,193.25536152,25.0783344
2848,780,199.46300976,16.01809344
2848,781,202.87771464,9.01086336
2848,782,204.94300896,6.60782016
2848,783,206.68753176,6.1831728
2848,784,208.40581128,6.18536736
2848,785,210.1240908,6.1831728
2848,786,211.84230936,6.18646464
2848,787,213.56074128,6.21170208
2848,788,215.26247016,6.0844176
2848,789,216.97681776,6.18427008
2848,790,218.69509728,6.18427008
2848,791,220.41325488,6.18427008
2848,792,222.13278408,6.23693952
2848,793,224.31533496,13.81365792
2848,794,229.27677792,17.31727296
2848,795,233.8847748,16.45481088
2848,796,238.3790508,14.15820384
2848,797,241.4665224,7.48783872
2848,798,242.92642296,2.67077952
2848,799,243.20504064,0.00219456
2848,800,243.27301104,0.59911488
2848,801,243.3575016,0
2848,802,243.3575016,0
2848,803,243.3575016,0
2848,804,243.3575016,0
2848,805,243.3575016,0
2848,806,243.3575016,0
2848,807,243.3575016,0
2848,808,243.4032216,1.15982496
2848,809,244.3218888,6.29948448
2848,810,247.03655952,15.99066144
2848,811,252.32422992,20.76712128
2848,812,258.19294056,21.47815872
2848,813,264.1886004,20.65190688
2848,814,270.02012544,21.38708448
2848,815,276.01538904,21.55496832
2848,816,281.61983808,18.3081168
2848,817,286.70039688,18.37944
2848,818,291.80564448,18.37724544
2848,819,296.91061776,18.38712096
2848,820,301.93128336,17.28216
2848,821,306.5375124,16.65780768
2848,822,311.75361576,21.46169952
2848,823,318.35616288,27.21693312
2848,824,326.66501088,32.7483216
2848,825,335.58397704,29.56950144
2848,826,343.30139112,27.17304192
2848,827,350.89258752,27.432
2848,828,358.48073592,26.99747712
2848,829,366.0120696,27.432
2848,830,373.63216104,27.43309728
2848,831,381.12393168,24.95543904
2848,832,387.62336496,22.36476096
2848,833,392.50385304,8.79031008
2848,834,394.18878744,4.39680096
2848,835,395.5513044,5.4205632
2848,836,397.66420848,12.124944
2848,837,402.22121232,21.06887328
2848,838,408.25954416,23.00557248
2848,839,415.5146376,28.94734368
2848,840,423.54431928,28.86065856
2848,841,431.56110792,28.86065856
2848,842,439.5661008,28.77507072
2848,843,447.54524664,27.70851456
2848,844,456.11076672,37.78044768
2848,845,466.9235772,40.02109344
2848,846,478.02832512,39.86527968
2848,847,489.1012824,39.86198784
2848,848,499.0595937,39.6131796
2856,755,20.9010504,27.6295104
2856,756,25.059132,28.06074144
2856,757,32.67492576,25.4459232
2856,758,39.40253232,21.99717216
2856,759,45.26801208,21.97961568
2856,760,51.50394576,21.83367744
2856,761,57.297066,20.06486208
2856,762,62.736222,19.44489888
2856,763,68.13608928,19.43392608
2856,764,73.534524,19.43502336
2856,765,78.98203152,19.74116448
2856,766,84.31188624,18.13694112
2856,767,89.4312156,22.41413856
2856,768,96.34505496,27.8654256
2856,769,104.52927024,28.48977792
2856,770,111.96724368,25.49968992
2856,771,119.03717112,26.12733408
2856,772,126.31463688,26.10538848
2856,773,133.97999112,28.33506144
2856,774,141.69920352,28.090368
2856,775,149.40271872,27.51868512
2856,776,156.89375784,25.86179232
2856,777,163.85901696,23.09884128
2856,778,170.0096676,21.9456
2856,779,176.17244928,23.64309216
2856,780,183.34820328,26.22170016
2856,781,189.85577472,19.17277344
2856,782,193.71146424,7.57781568
2856,783,195.68306304,7.03685664
2856,784,197.63768448,7.03795392
2856,785,199.59242784,7.03685664
2856,786,201.54208104,6.94797696
2856,787,203.47658568,7.03575936
2856,788,205.43135952,7.03795392
2856,789,207.38598096,7.03795392
2856,790,209.35703112,7.1432928
2856,791,210.72290088,3.16236096
2856,792,212.83412856,10.1553264
2856,793,215.64731064,10.1169216
2856,794,218.4641808,10.26285984
2856,795,221.66174616,14.85387936
2856,796,226.22502888,16.91347392
2856,797,230.56980048,12.06678816
2856,798,233.35302072,7.1268336
2856,799,234.73995216,2.14298784
2856,800,234.8810136,0
2856,801,234.8810136,0
2856,802,234.8810136,0
2856,803,234.8810136,0
2856,804,234.88217184,0.27541728
2856,805,235.0242696,0.32698944
2856,806,235.0337184,0
2856,807,235.0337184,0
2856,808,235.0337184,0
2856,809,235.35744648,3.66930432
2856,810,236.86565784,7.83348192
2856,811,239.85891576,16.19695008
2856,812,245.02832376,20.3490576
2856,813,251.07970104,23.86693728
2856,814,257.89545576,24.48690048
2856,815,264.71322216,23.89656384
2856,816,270.48616464,16.84763712
2856,817,275.05572624,17.17682112
2856,818,279.76790376,16.48224288
2856,819,284.33411256,16.33630464
2856,820,288.95716656,18.71740224
2856,821,294.74455656,21.9456
2856,822,300.84061752,21.94669728
2856,823,306.93780624,22.0114368
2856,824,313.27279992,25.69500576
2856,825,321.1663884,32.534352
2856,826,330.9664704,35.40703104
2856,827,340.20477552,29.84272416
2856,828,348.00180336,27.41663808
2856,829,355.40454192,24.08749056
2856,830,361.55933784,21.49132608
2856,831,367.67249808,23.12627328
2856,832,374.14084176,22.72686336
2856,833,379.95523704,17.0462448
2856,834,383.67907008,11.29869216
2856,835,386.8297572,11.4501168
2856,836,389.9754456,10.945368
2856,837,392.96443632,12.51008928
2856,838,397.38906552,20.23055136
2856,839,403.831044,25.56552672
2856,840,411.12448128,27.14341536
2856,841,418.47345312,25.75645344
2856,842,425.77746696,25.49200896
2856,843,432.79320096,24.98945472
2856,844,440.1103212,30.92464224
2856,845,449.7473352,38.97099648
2856,846,460.76820216,40.48085376
2856,847,472.24407456,42.162984
2856,848,483.15716424,33.18284448
2856,849,492.212376,31.67408448
2856,850,498.58458576,30.70628352
2857,759,21.090636,27.9916128
2857,760,26.94102816,29.54755584
2857,761,34.98460872,27.33543936
2857,762,42.56175384,26.91737568
2857,763,49.77481536,25.14087936
2857,764,56.3957724,22.09702464
2857,765,62.36774928,21.42000288
2857,766,68.3165004,21.41012736
2857,767,74.261472,21.44743488
2857,768,80.28852624,21.698712
2857,769,86.3867208,23.97117888
2857,770,93.29367168,25.29559584
2857,771,100.61115768,27.32995296
2857,772,108.09728952,25.7751072
2857,773,115.14828888,25.59515328
2857,774,122.3653128,26.65512576
2857,775,129.72720816,27.24107328
2857,776,137.54270688,27.45614016
2857,777,145.1492652,27.27618624
2857,778,152.66398728,25.47445248
2857,779,159.4184772,23.53007232
2857,780,165.73948056,22.00485312
2857,781,172.294296,25.41629664
2857,782,178.81817424,20.2064112
2857,783,183.40489608,11.30966496
2857,784,186.06583056,8.64876096
2857,785,188.23850592,6.31045728
2857,786,189.60839904,4.38802272
2857,787,190.81690056,5.00798592
2857,788,192.77170488,10.1004624
2857,789,195.78559776,11.12422464
2857,790,198.42361128,6.24132864
2857,791,200.31236544,9.079992
2857,792,203.0054868,9.79102944
2857,793,205.7474676,9.87990912
2857,794,208.492344,9.88210368
2857,795,211.23697656,9.87990912
2857,796,213.981792,9.88210368
2857,797,216.72060288,9.79102944
2857,798,219.96970992,14.36120064
2857,799,223.77849072,11.04851232
2857,800,226.39391856,5.72670432
2857,801,227.56523448,0.12728448
2857,802,227.568252,0
2857,803,227.568252,0
2857,804,227.568252,0
2857,805,227.568252,0
2857,806,227.568252,0
2857,807,227.568252,0
2857,808,227.568252,0
2857,809,227.6013228,0.79113888
2857,810,228.54815352,5.37996384
2857,811,230.21638488,7.57013472
2857,812,232.93556664,12.6900432
2857,813,237.12626184,18.33993792
2857,814,242.88457392,22.66102656
2857,815,249.16138128,21.95437824
2857,816,255.02094792,20.67385248
2857,817,260.78843448,20.94268608
2857,818,266.61791736,21.01620384
2857,819,272.00266656,16.62269472
2857,820,276.53653608,16.45590816
2857,821,281.09399712,16.65780768
2857,822,286.36932312,21.81831552
2857,823,292.46239704,21.9456
2857,824,298.55827512,22.000464
2857,825,304.89064752,25.11454464
2857,826,312.34498872,29.7253152
2857,827,321.65038032,36.237672
2857,828,331.1115552,31.32514944
2857,829,339.18211056,26.73303264
2857,830,346.76172456,27.40895712
2857,831,354.04665792,24.69099456
2857,832,360.7916076,24.25756896
2857,833,367.13355072,21.96425376
2857,834,373.21812072,16.25839776
2857,835,376.45988208,9.32578272
2857,836,379.24234032,10.3473504
2857,837,382.11642144,10.3473504
2857,838,385.031742,11.768328
2857,839,389.4991956,18.67680288
2857,840,395.03914896,21.76674336
2857,841,401.83085496,26.99637984
2857,842,409.32286944,26.20194912
2857,843,416.78147784,27.52636608
2857,844,424.13883168,25.621488
2857,845,431.62258608,28.35152064
2857,846,440.03128656,33.64150752
2857,847,449.88635448,38.60560224
2857,848,461.15215872,43.48959552
2857,849,473.35772232,39.65240736
2857,850,484.30580304,38.68021728
2857,851,494.4916704,32.43449952
2857,852,499.548912,29.8679616
2869,762,18.4235924571429,29.6986669714286
2869,763,25.52925552,32.7702672
2869,764,34.67535864,28.05306048
2869,765,41.47273392,21.3585552
2869,766,47.36275008,21.25870272
2869,767,53.10893112,20.13289344
2869,768,58.55317728,20.75175936
2869,769,65.08129224,25.81460928
2869,770,72.25037112,25.8080256
2869,771,79.46919336,25.76193984
2869,772,86.27053104,24.94775808
2869,773,93.86215416,28.69496928
2869,774,101.37971088,27.69973632
2869,775,109.09535712,26.90201376
2869,776,116.17534296,25.07613984
2869,777,123.54644328,26.5761216
2869,778,130.79233176,25.58637504
2869,779,138.0634272,26.71767072
2869,780,145.6538616,27.8928576
2869,781,153.20717136,26.39945952
2869,782,160.14079224,23.2787952
2869,783,166.64296872,21.890736
2869,784,171.23194608,9.06572736
2869,785,173.6771736,8.77824
2869,786,176.108868,7.56135648
2869,787,178.90446312,4.2684192
2869,788,179.85537816,3.15029088
2869,789,180.93284616,5.54784768
2869,790,183.13523952,10.66885344
2869,791,186.06890904,10.11582432
2869,792,188.93037144,8.3777328
2869,793,190.22860608,0.9765792
2869,794,192.28076352,19.83553056
2869,795,199.08645984,25.2209808
2869,796,206.1490416,20.83844448
2869,797,209.30058216,0.082296
2869,798,209.3021976,0
2869,799,209.3021976,0
2869,800,209.3021976,0
2869,801,209.3021976,0
2869,802,209.3021976,0
2869,803,209.4744096,2.9187648
2869,804,211.18613592,7.49551968
2869,805,212.4352368,7.4944224
2869,808,219.240637028571,0.564315428571429
2869,809,219.256356,0
2869,810,219.256356,0
2869,811,219.57118392,4.0489632
2869,812,221.14331184,5.77827648
2869,813,223.1800464,10.49987232
2869,814,226.87172304,16.97162976
2869,815,232.29533424,22.85305056
2869,816,239.09923224,25.46896608
2869,817,246.03422472,22.80477024
2869,818,252.54557568,24.21477504
2869,819,258.674480533333,22.8453696
2873,817,244.5690816,18.7964064
2873,818,247.70279136,18.80299008
2873,819,252.9256308,18.900648
2873,820,258.07071576,18.31799232
2873,821,263.24926776,15.93689472
2873,822,268.64971416,23.63650848
2873,823,275.1394548,22.09702464
2873,824,281.190954,21.80514816
2873,825,287.2037436,20.79784512
2873,826,293.06724216,22.2363792
2873,827,299.8966824,28.76738976
2873,828,308.58945648,32.35659264
2873,829,317.35157256,31.58739936
2873,830,326.38176024,32.945832
2873,831,335.44767048,30.36941856
2873,832,343.15795224,25.43275584
2873,833,349.83560208,22.89913632
2873,834,356.1505704,24.64161696
2873,835,362.307878742857,26.9962230857143
2881,765,22.48576656,33.0500736
2881,766,29.13976392,30.68433792
2881,767,37.23500808,24.74476128
2881,768,44.533566,31.5577728
2881,769,53.37096768,31.82550912
2881,770,62.35214352,28.02014208
2881,771,66.85275936,2.49411744
2881,772,70.9159872,26.30619072
2881,773,78.27465168,26.71108704
2881,774,85.37167584,23.38742592
2881,775,92.3516568,28.94734368
2881,776,100.06334064,25.41739392
2881,777,107.334558,27.59988384
2881,778,115.38057696,29.83723776
2881,779,123.13831608,24.75683136
2881,780,130.18782192,27.35848224
2881,781,137.76310776,25.8354576
2881,782,145.14920424,27.3277584
2881,783,152.75512248,27.43309728
2881,784,160.38371784,27.18072288
2881,785,167.11738992,17.13622176
2881,786,170.78669424,8.66741472
2881,787,172.525182,4.93885728
2881,788,173.86773456,4.60638144
2881,789,175.26771144,5.48530272
2881,790,176.79171144,5.48310816
2881,791,178.31796696,5.5248048
2881,792,179.84705712,5.53138848
2881,793,181.46767872,6.92603136
2881,794,183.3399432,6.01748352
2881,795,184.47294576,1.3222224
2881,796,184.91493624,2.21870016
2881,797,186.09530472,5.48530272
2881,798,187.72884984,6.35764032
2881,799,190.0563636,9.80529408
2881,800,192.96177816,9.55621152
2881,801,195.29371152,7.94759904
2881,802,197.50089024,7.94650176
2881,803,199.70806896,7.94759904
2881,804,201.90518928,7.8565248
2881,805,204.0975852,7.94650176
2881,806,206.30467248,7.94759904
2881,807,208.51188168,7.94650176
2881,808,210.71878608,8.09902368
2881,809,212.3323668,1.05229152
2881,810,212.37744672,0.39063168
2881,811,213.18083856,5.24609568
2881,812,214.6453416,5.27462496
2881,813,216.11054568,5.27462496
2881,814,217.5756888,5.28011136
2881,815,219.25504536,8.74422432
2881,816,222.15067584,11.74418784
2881,817,226.1199948,16.45151904
2881,818,230.67983328,17.1011088
2881,819,236.04726984,21.09411072
2881,820,241.68631368,19.73567808
2881,821,247.12912728,20.67165792
2881,822,253.3095264,22.73344704
2881,823,259.59154584,22.43059776
2881,824,265.69035,21.7919808
2881,825,271.60862112,20.54766528
2881,826,277.16125416,19.559016
2881,827,282.53033664,19.80700128
2881,828,288.3571068,21.82051008
2881,829,294.42698544,22.14420768
2881,830,301.22618952,27.30361824
2881,831,308.82738336,27.20376576
2881,832,316.54452312,29.11851936
2881,833,325.11696216,33.220152
2881,834,334.53656232,33.60639456
2881,835,343.68998064,32.65834464
2881,836,352.81968552,32.72198688
2881,837,361.18778664,27.21912768
2881,838,368.34994656,22.81464576
2881,839,374.50605312,23.18662368
2881,840,381.34283904,25.31754144
2881,841,388.40560368,25.47225792
2881,842,395.45065944,25.31534688
2881,843,402.89262576,30.0215808
2881,844,410.59452552,25.56442944
2881,845,417.9121944,26.10758304
2881,846,424.82082168,24.46714944
2881,847,431.88532368,25.9616448
2881,848,439.21265472,26.8669008
2881,849,446.93732304,29.07901728
2881,850,455.25799728,31.69603008
2881,851,465.45730632,41.17762656
2881,852,476.31867144,38.83493376
2881,853,486.91132488,36.27717408
2881,854,496.1491728,32.595312
2885,767,18.8787024,25.4678688
2885,768,23.86651056,26.44773984
2885,769,32.25052224,32.44218048
2885,770,40.62566424,25.99017408
2885,771,47.73859896,25.64453088
2885,772,54.41262168,21.64604256
2885,773,60.60082368,23.51800224
2885,774,67.19245896,23.74404192
2885,775,73.7888796,23.63211936
2885,776,80.44888152,24.05457216
2885,777,87.39978456,26.22279744
2885,778,94.50519072,24.6997728
2885,779,101.57484384,27.53294976
2885,780,109.27439664,27.43419456
2885,781,116.87726688,27.75898944
2885,782,125.24652624,30.668976
2885,783,133.4434212,28.94295456
2885,784,141.45429672,29.05487712
2885,785,149.44173312,28.2659328
2885,786,157.04234784,25.66208736
2885,787,162.925310057143,24.2483204571429
2894,778,21.1955634,27.870912
2894,779,26.57984016,27.9861264
2894,780,34.86796176,30.85222176
2894,781,42.42413664,22.24296288
2894,782,48.25596648,19.80919584
2894,783,53.71502592,20.32820928
2894,784,60.24344568,27.64926144
2894,785,67.96881504,27.8215344
2894,786,75.72478632,27.64706688
2894,787,83.19095376,24.09187968
2894,788,89.98909104,25.71585408
2894,789,97.13387736,25.37569728
2894,790,104.194356,26.44335072
2894,791,111.62845848,25.25499648
2894,792,118.6313604,26.34679008
2894,793,125.50591104,21.37172256
2894,794,131.4957492,24.13247904
2894,795,138.20537256,22.38670656
2894,796,143.63309856,16.8542208
2894,797,147.63814008,11.38428
2894,798,150.6105192,9.7548192
2894,799,153.26328504,9.94464864
2894,800,155.95003608,9.02293344
2894,801,158.43537528,8.27129664
2894,802,160.65974472,8.44795872
2894,803,163.22396616,10.32759936
2894,804,166.27748304,11.11215456
2894,805,169.70239872,14.33815776
2894,806,174.0005664,15.44311872
2894,807,178.12045656,14.09675616
2894,808,181.73992608,11.1264192
2894,809,184.31167608,6.17549184
2894,810,185.37725688,2.83317696
2894,811,186.3396324,3.83828544
2894,812,187.38503544,2.47765824
2894,813,187.6504248,0
2894,814,187.6504248,0
2894,815,187.7729544,2.17590624
2894,816,189.00550464,5.56650144
2894,817,190.83875472,9.3159072
2894,818,193.91485728,13.33085472
2894,819,198.17498592,17.22290688
2894,820,203.15825256,18.33774336
2894,821,208.36121904,18.07878528
2894,822,213.3090984,17.83957824
2894,823,218.21564688,17.145
2894,824,222.8069712,16.20353376
2894,825,227.3362992,16.4592
2894,826,231.9082992,16.4592
2894,827,236.62069008,19.34285184
2894,828,242.49452136,23.40717696
2894,829,249.68969112,27.28715904
2894,830,257.74418352,32.6550528
2894,831,267.00455616,32.534352
2894,832,276.30635112,36.75668544
2894,833,286.894524,38.3938272
2894,834,297.56224968,38.40589728
2894,835,308.21080344,38.11621536
2894,836,318.82357368,39.36382272
2894,837,330.32971272,41.80197888
2894,838,341.33716848,38.14474464
2894,839,351.8211912,35.5957632
2894,840,361.1066184,31.3218576
2894,841,369.23094048,27.23668416
2894,842,376.14612096,22.12555392
2894,843,382.56121608,25.9177536
2894,844,390.18444696,27.72936288
2894,845,397.84437576,27.50442048
2894,846,405.46754568,28.05635232
2894,847,413.28575712,28.26812736
2894,848,421.14243432,28.29007296
2894,849,428.87649048,27.71839008
2894,850,437.24800536,34.756344
2894,851,447.06003552,35.44872768
2894,852,456.907392,35.45092224
2894,853,466.958934,29.14046496
2894,854,473.74451352,25.566624
2894,855,484.9011384,42.93876096
2894,856,496.1078724,36.374832
2899,776,21.4789512,34.7508576
2899,777,28.24353,33.3243936
2899,778,36.77043192,29.61778176
2899,779,45.13457064,28.29555936
2899,780,52.32626568,24.81279264
2899,781,59.57477544,26.2743696
2899,782,66.65704728,25.11893376
2899,783,73.63141992,25.15075488
2899,784,80.68705224,25.38447552
2899,785,87.62689104,24.18075936
2899,786,94.0474116,23.99970816
2899,787,101.20332312,26.39726496
2899,788,108.37770552,25.4130048
2899,789,115.72073376,26.70340608
2899,790,122.72232504,24.5077488
2899,791,129.6197052,25.81680384
2899,792,137.12561856,26.38738944
2899,793,144.09042048,22.91230368
2899,794,149.82681744,17.33263488
2899,795,154.4296632,16.61501376
2899,796,158.6939676,13.97605536
2899,797,163.8681,18.30372768
2899,798,166.567104,0
2899,799,167.44745784,7.85213568
2899,800,171.22542336,6.35215392
2899,801,173.21403,2.64115296
2899,802,174.62711328,8.05732704
2899,803,177.50777808,12.91937472
2899,804,181.64684016,16.99247808
2899,805,186.22447896,15.09198912
2899,806,190.044324,12.26100672
2899,807,193.17425424,10.9618272
2899,808,195.987924,6.97650624
2899,809,197.53947792,5.40300672
2899,810,198.80537328,2.71686528
2899,811,199.29381528,0.86355936
2899,812,199.6892628,2.19017088
2899,813,200.48018832,4.04676864
2899,814,202.36199304,8.59938336
2899,815,204.6927072,9.86125536
2899,816,208.21668288,15.08321088
2899,817,212.39610048,13.35499488
2899,818,216.04303248,13.4197344
2899,819,219.79185912,13.50422496
2899,820,223.50179328,13.10042592
2899,821,227.07612192,12.61981728
2899,822,230.62106784,13.551408
2899,823,234.6831984,15.28620768
2899,824,239.052354,15.98627232
2899,825,243.00131232,12.82061952
2899,826,247.54624608,18.61974432
2899,827,253.07531808,21.42110016
2899,828,259.25650968,22.5710496
2899,829,265.859514,25.05968064
2899,830,270.3025328,22.8673152
2908,772,19.3386456,33.5438496
2908,773,24.33989544,33.99044256
2908,774,34.00998024,36.15098688
2908,775,43.72227984,33.56140608
2908,776,52.61229,30.3617376
2908,777,60.51700368,25.6708656
2908,778,67.5455088,25.25280192
2908,779,74.56145616,25.48871712
2908,780,81.65939472,25.31315232
2908,781,88.25596776,22.03447968
2908,782,94.30438848,21.64055616
2908,783,100.3648488,21.89293056
2908,784,106.62211848,24.0743232
2908,785,113.28961848,23.69356704
2908,786,120.24378288,26.0823456
2908,787,127.23747984,24.65149248
2908,788,134.59843032,25.74877248
2908,789,140.89581168,21.45292128
2908,790,146.71038984,20.3380848
2908,791,151.7394603,19.8840852
2910,832,247.963203771429,33.2679620571429
2910,833,256.19848176,37.93735872
2910,834,267.3658356,40.94829504
2910,835,279.0363228,47.80080864
2910,836,291.78010224,31.91329152
2910,837,302.78941728,42.26503104
2910,838,313.98810456,37.67071968
2910,839,324.58978008,41.91280416
2910,840,336.66193272,40.52145312
2910,841,346.81887456,33.28269696
2910,842,356.1464556,33.24868128
2910,843,365.3753424,33.70514976
2910,844,374.23042248,28.15181568
2910,845,381.93579696,28.19022048
2910,846,389.96450328,29.26116576
2910,847,397.51260096,25.27145568
2910,848,405.0923064,29.07792
2910,849,413.17474896,29.17557792
2910,850,421.27340688,29.07462816
2910,851,429.33332472,29.07792
2910,852,437.23462464,30.52852416
2910,853,446.66797128,35.29071936
2910,854,456.47100984,35.29291392
2910,855,466.2827352,35.44324128
2910,856,476.1210696,35.26219008
2910,857,485.85077328,34.6575888
2910,858,495.79767744,36.62830368
2911,837,290.2106718,32.8553064
2911,838,296.57631312,32.8415904
2911,839,305.72183712,32.890968
2911,840,314.78716824,32.71101408
2911,841,324.179946,35.9578656
2911,842,334.3275,34.3942416
2911,843,343.3111752,31.656528
2911,844,352.16860224,32.0021712
2911,845,360.99835344,31.31966304
2911,846,369.22179648,27.45723744
2911,847,376.84106496,27.39688704
2911,848,384.65769144,29.0395152
2911,849,392.69221944,27.0698976
2911,850,400.00315224,27.02161728
2911,851,407.64686568,28.1562048
2911,852,415.84205376,31.53253536
2911,853,424.44762456,30.06437472
2911,854,433.40100264,34.28780544
2911,855,442.9103664,34.18685568
2911,856,452.43365952,34.3009728
2911,857,461.961738,34.3009728
2911,858,471.51999168,34.45788384
2911,859,481.06178616,34.30316736
2911,860,490.58559744,34.13308896
2911,861,497.83538736,37.46333376
2915,786,22.7485575,24.9137424
2915,787,29.85156336,31.53802176
2915,788,38.22749784,27.86871744
2915,789,45.91930872,27.04136832
2915,790,53.76434256,29.80102752
2915,791,61.99074216,28.88699328
2915,792,69.97772136,28.73337408
2915,793,78.0003012,29.12620032
2915,794,85.838538,27.15109632
2915,795,93.11301672,25.00810848
2915,796,100.2378996,26.7297408
2915,797,107.45766672,24.90715872
2915,798,114.33959352,24.97628736
2915,799,121.04665656,22.56117408
2915,800,126.90497352,18.94673376
2915,801,132.5502048,21.97632384
2915,802,137.80779144,15.57698688
2915,803,142.32968232,16.92883584
2915,804,146.72044824,14.8846032
2915,805,150.57522336,12.68236224
2915,806,154.07749728,12.61433088
2915,807,158.0223408,15.26426208
2915,808,161.8643448,12.29831424
2915,809,165.3773172,12.2566176
2915,810,168.49828632,9.78883488
2915,811,170.8842912,7.62829056
2915,812,172.79148576,6.58148544
2915,813,174.5511876,5.47213536
2915,814,175.7975148,4.1148
2915,815,176.85818832,2.7102816
2915,816,177.28771248,1.09947456
2915,817,177.71857776,3.31268832
2915,818,179.13437376,5.78376288
2915,819,180.75847008,6.03504
2915,820,183.01024104,12.14250048
2915,821,186.63827544,13.11139872
2915,822,189.96928224,11.3184432
2915,823,193.60953912,14.70574656
2915,824,197.47236096,13.17613824
2915,825,201.12383448,13.222224
2915,826,205.09586616,15.49578816
2915,827,209.75394168,17.90870688
2915,828,214.72242552,17.85713472
2915,829,219.69057408,18.05793696
2915,830,224.72748552,18.0337968
2915,831,229.371144,15.96432672
2915,832,234.57596976,22.16395872
2915,833,241.01532696,24.661368
2915,834,248.28212472,27.07757856
2915,835,255.83732424,27.24217056
2915,836,263.46610248,27.69315264
2915,837,271.01130456,25.89909984
2915,838,278.5835424,26.48504736
2915,839,285.1908444,24.32889216
2915,840,293.68184088,32.36098176
2915,841,302.60281872,32.1832224
2915,842,311.51812728,31.98790656
2915,843,320.45083992,32.27319936
2915,844,329.41485552,32.26771296
2915,845,338.3964276,31.63019328
2915,846,346.6638228,28.776168
2915,847,355.25150184,32.6660256
2915,848,364.16668848,28.32738048
2915,849,371.16376872,23.55530976
2915,850,378.2219004,27.10171872
2915,851,385.9290732,28.1397456
2915,852,393.498324,24.2444016
2915,853,400.66179456,28.62035424
2915,854,408.6234144,28.66644
2915,855,416.60213352,28.76080608
2915,856,424.56573456,28.6774128
2915,857,432.5349744,29.40820128
2915,858,440.91563328,30.3562512
2915,859,449.3603916,30.49560576
2915,860,457.7841492,30.28821984
2915,861,466.27889472,20.29529088
2915,862,473.4592512,32.85475776
2915,863,482.65378704,33.04019808
2915,864,491.52145536,28.50294528
2915,865,497.783104,28.8383472
2929,796,44.56938,15.252192
2929,797,46.86668808,15.00201216
2929,798,51.03427944,14.88789504
2929,799,55.49414352,21.21920064
2929,800,63.04352136,33.07970016
2929,801,72.24235488,33.1598016
2929,802,81.52010112,33.24977856
2929,803,90.87965568,34.50177504
2929,804,100.47521688,34.11004608
2929,805,109.75061616,32.82622848
2929,806,118.56570648,28.20777696
2929,807,125.66138952,22.7740464
2929,808,132.43401504,27.0260064
2929,809,138.64050504,17.68705632
2929,810,143.23170744,16.09600032
2929,811,147.61872432,15.38606016
2929,812,151.57646088,12.65383296
2929,813,155.03749536,11.9219472
2929,814,157.8347364,7.13232
2929,815,159.50089512,6.3148464
2929,816,161.24212608,3.82511808
2929,817,162.28155504,4.24757088
2929,818,163.48972128,5.00798592
2929,819,165.17322312,6.56502624
2929,820,166.74199824,5.19342624
2929,821,168.31997832,7.3133712
2929,822,170.92504296,11.0057184
2929,823,174.19521168,13.87181376
2929,824,178.21055544,14.429232
2929,825,182.20703208,14.6102832
2929,826,186.5289132,15.77120544
2929,827,190.81976568,13.79061504
2929,828,194.23681752,11.71675584
2929,829,197.33370744,12.02289696
2929,830,201.34332096,16.34618016
2929,831,205.88444472,16.62818112
2929,832,211.09881072,21.27845376
2929,833,217.02805464,21.4408512
2929,834,223.03072488,21.68883648
2929,835,229.0913376,21.9456
2929,836,235.18721568,21.9620592
2929,837,241.41427968,24.332184
2929,838,248.77620552,27.45723744
2929,839,256.45082568,28.20119328
2929,840,264.43719528,28.45576224
2929,841,272.03256744,26.79228576
2929,842,279.7094736,28.11670272
2929,843,287.36672016,28.14962112
2929,844,295.12708056,27.45504288
2929,845,302.7477816,27.432
2929,846,310.33632624,27.14780448
2929,847,317.89432992,28.11889728
2929,848,326.48493504,33.8401152
2929,849,335.90221872,34.01238816
2929,850,345.26683296,33.55591968
2929,851,354.6756432,33.76988928
2929,852,364.12971624,31.14739008
2929,853,370.81968,16.48334016
2929,854,377.9053656,27.6569424
2929,855,386.01402096,30.67665696
2929,856,394.47496416,29.38845024
2929,857,402.32621592,25.34387616
2929,858,411.70408896,28.47222144
2929,859,421.12286616,31.20335136
2929,860,429.94441824,32.27210208
2929,861,438.60089064,29.45318976
2929,862,447.10097016,31.27028544
2929,863,455.49409536,29.434536
2929,864,463.71857472,29.61778176
2929,865,472.33950744,33.0939648
2929,866,481.31422152,29.0559744
2929,867,489.24517848,29.69459136
2929,868,496.931662133333,28.9852608
2933,792,23.1865932,35.11296
2933,793,31.8954912,34.18685568
2933,794,40.99828224,32.40048384
2933,795,50.30961744,34.92422784
2933,796,60.42413112,37.33934112
2933,797,70.79583504,37.21754304
2933,798,81.2049684,36.67000032
2933,799,90.77590176,32.040576
2933,800,99.3041448,28.61267328
2933,801,106.68758952,26.11855584
2933,802,114.35233416,28.3262832
2933,803,121.88223528,23.41156608
2933,804,127.67931792,18.55610208
2933,805,133.16763816,20.20421664
2933,806,138.43583184,19.49208192
2933,807,144.23672448,17.89553952
2933,808,148.49432328,13.661136
2933,809,152.33708928,12.63847104
2933,810,155.49710328,11.98120032
2933,811,159.0830448,12.16005696
2933,812,162.11297016,10.29687552
2933,813,164.8437648,8.08475904
2933,814,166.63016712,5.76181728
2933,815,168.20747664,5.38545024
2933,816,169.54390272,3.82731264
2933,817,170.33302992,2.46668544
2933,818,171.08725752,3.58042464
2933,819,172.3563228,4.93995456
2933,820,173.74550976,5.80131936
2933,821,176.3182656,12.27197952
2933,822,180.24786912,15.61758624
2933,823,184.64710848,15.3125424
2933,824,188.9616744,15.38606016
2933,825,192.9847296,13.05543744
2933,826,196.34024232,11.52144
2933,827,200.00969904,14.91861888
2933,828,204.3527028,16.212312
2933,829,209.1587892,18.60328512
2933,830,214.37611176,18.7689744
2933,831,219.59907312,18.873216
2933,832,224.91944856,19.74994272
2933,833,230.53590672,21.76345152
2933,834,237.25900224,26.9272512
2933,835,244.37638704,25.23414816
2933,836,251.4956616,26.11965312
2933,837,259.12163568,29.41149312
2933,838,267.46385928,29.80322208
2933,839,275.63204208,29.16899424
2933,840,283.76538624,29.6649648
2933,841,291.79592136,27.69095808
2933,842,299.39236032,27.36945504
2933,843,307.00958664,27.19718208
2933,844,314.5510092,27.37603872
2933,845,322.34757984,31.31417664
2933,846,331.67473416,34.29
2933,847,340.71309048,28.8145728
2933,848,348.5659272,28.52818272
2933,849,356.48959944,28.12548096
2933,850,364.29351576,28.44478944
2933,851,372.17503416,26.12843136
2933,852,378.88404792,24.99823296
2933,853,386.62633368,29.40271488
2933,854,394.63373448,26.80874496
2933,855,402.14799936,28.47331872
2933,856,410.03213904,27.64487232
2933,857,418.25198544,32.1941952
2933,858,427.3271616,32.73954336
2933,859,436.41815688,32.61774528
2933,860,445.36342728,29.63314368
2933,861,453.31962168,29.818584
2933,862,461.80930752,32.04715968
2933,863,469.6428504,20.63325312
2933,864,478.19925696,34.47214848
2933,865,487.5071784,30.74249376
2933,866,495.97308984,30.85661088
2933,867,504.54132264,30.90050208
2933,868,512.2690923,30.9117492
2935,859,386.3178456,29.1860804571429
2935,860,393.141708,27.29703456
2935,861,400.28585424,25.3581408
2935,862,407.53841784,26.47517184
2935,863,415.12184184,27.52856064
2935,864,422.754552,27.4100544
2935,865,430.29929688,26.6254992
2935,866,437.71151472,25.95286656
2935,867,445.08368184,26.77582656
2935,868,452.50284912,26.89872192
2935,869,459.97477728,26.89872192
2935,870,467.45533128,27.05124384
2935,871,474.96179328,26.90311104
2935,872,482.43384336,26.91847296
2935,873,490.15247664,30.68104608
2935,874,499.14791712,32.87670336
2935,875,506.00024784,32.93376192
2940,796,23.0414322,25.64892
2940,797,29.69733456,25.27474752
2940,798,36.32542392,23.87022912
2940,799,43.25712456,25.55345664
2940,800,50.36884008,24.51213792
2940,801,56.67960216,22.88706624
2940,802,63.62568936,26.36544384
2940,803,70.94786928,26.3566656
2940,804,78.31451952,26.79228576
2940,805,85.74386712,25.06406976
2940,806,92.54355888,24.57578016
2940,807,99.07505712,21.1555584
2940,808,104.99768688,22.45473792
2940,809,111.4679508,23.68588608
2940,810,118.0973508,24.29268192
2940,811,124.32587784,18.95112288
2940,812,129.97985688,19.18813536
2940,813,135.44678016,19.25397216
2940,814,140.81644176,18.80957376
2940,815,145.35137808,14.13625824
2940,816,149.1802452,12.95448768
2940,817,152.20184952,8.40077568
2940,818,154.19761896,5.69598048
2940,819,155.57138304,3.95459712
2940,820,156.6819828,7.1432928
2940,821,159.22130208,7.45821216
2940,822,161.37520176,9.628632
2940,823,164.22236904,10.86416928
2940,824,167.69276088,14.07700512
2940,825,171.90814488,15.30047232
2940,826,175.72582584,12.673584
2940,827,179.40363408,13.7324592
2940,828,183.21552384,13.75001568
2940,829,187.11467784,14.19441408
2940,830,190.74893016,12.33452448
2940,831,194.60690568,15.51883104
2940,832,199.29963696,17.34689952
2940,833,203.91997824,16.28692704
2940,834,208.48463256,16.74668736
2940,835,213.5982012,19.9650096
2940,836,219.19301856,20.90098944
2940,837,225.14240976,21.58678944
2940,838,231.2234136,21.9456
2940,839,237.32294928,22.92547104
2940,840,244.35584352,27.39469248
2940,841,251.9755692,27.32995296
2940,842,259.85897736,29.98975968
2940,843,267.98125728,27.37055232
2940,844,275.50106952,27.43090272
2940,845,283.11777768,27.32446656
2940,846,290.70601752,27.41334624
2940,847,298.3257432,27.432
2940,848,305.94644424,27.47698848
2940,849,313.49771184,27.09842688
2940,850,321.18488976,29.6923968
2940,851,330.02284008,32.7976992
2940,852,338.83058472,30.86758368
2940,853,346.93290024,27.60975936
2940,854,354.66296352,29.37308832
2940,855,363.03999528,30.25969056
2940,856,371.57613264,30.81820608
2940,857,380.13698928,30.8171088
2940,858,388.7288136,30.97950624
2940,859,397.30286808,30.81601152
2940,860,405.86363328,30.81930336
2940,861,414.43524936,30.915864
2940,862,423.0125652,30.75456384
2940,863,431.51791776,30.14667072
2940,864,439.51361424,28.18692864
2940,865,447.32146248,28.0574496
2940,866,454.91966928,26.1262368
2940,867,462.23983752,25.55784576
2940,868,469.54528392,28.77177888
2940,869,477.75208488,29.63533824
2940,870,485.800908,28.33506144
2940,871,493.69175328,29.06914176
2940,872,498.8576256,27.4649184
2943,798,13.8213084,28.4524704
2943,799,18.61919568,29.14485408
2943,800,27.1520412,31.00584096
2943,801,35.18510616,26.90969472
2943,802,42.221658,21.86549856
2943,803,47.69641464,20.36332224
2943,804,54.06518016,26.65073664
2943,805,61.85227152,28.83212928
2943,806,69.85948944,28.8200592
2943,807,77.90556936,29.11303296
2943,808,85.9251012,27.82263168
2943,809,93.15443904,24.25208256
2943,810,99.58468272,23.00666976
2943,811,106.17836016,23.36218848
2943,812,112.15929816,18.98513856
2943,813,117.44770008,19.69288416
2943,814,122.93044248,17.2492416
2943,815,127.36790376,15.11942112
2943,816,131.55036936,15.55065216
2943,817,135.55656912,12.7449072
2943,818,138.73176216,8.04964608
2943,819,140.68065336,6.33459744
2943,820,142.83833256,8.9592912
2943,821,145.19196768,8.11658016
2943,822,147.635214,9.32578272
2943,823,150.21525456,9.16119072
2943,824,152.98695336,11.26687104
2943,825,156.37440912,13.17504096
2943,826,160.41627048,15.35423904
2943,827,164.55033384,14.92520256
2943,828,168.70369104,14.30085024
2943,829,172.49945688,12.1907808
2943,830,177.02686464,13.87949472
2943,831,180.31623576,5.74535808
2943,832,183.61688448,14.77048608
2943,833,187.89581928,15.7953456
2943,834,192.43343784,17.20864224
2943,835,197.54798184,20.29529088
2943,836,203.38484088,20.0089008
2943,837,208.69448736,19.27262592
2943,838,214.1686344,20.0857104
2943,839,219.90960336,21.3750144
2943,840,226.20186408,25.72902144
2943,841,233.7392328,27.432
2943,842,241.32896616,27.2509488
2943,843,248.92869696,27.4210272
2943,844,256.61715504,28.69496928
2943,845,264.83441064,29.20300992
2943,846,272.48354952,26.78570208
2943,847,280.05133728,27.30691008
2943,848,287.65582296,26.2633968
2943,849,294.28763088,21.94340544
2943,850,299.1665848,21.9931488
2948,783,24.6136837333333,33.7145376
2948,784,32.62362792,29.44880064
2948,785,40.79708376,28.97148384
2948,786,48.92597784,30.28821984
2948,787,57.55666416,32.55520032
2948,788,66.632328,31.2231024
2948,789,74.6891064,26.170128
2948,790,82.24293432,29.57937696
2948,791,90.3786864,28.42833024
2948,792,98.61313272,30.20153472
2948,793,106.59639336,26.99747712
2948,794,114.0410724,26.68694688
2948,795,121.01288472,22.30879968
2948,796,125.815779428571,15.8400205714286
2949,844,257.8095936,5.6071008
2949,845,258.3187112,15.745968
2949,846,262.6321392,25.30437408
2949,847,269.54808168,22.3131888
2949,848,275.57879352,21.9401136
2949,849,281.67427536,21.95986464
2949,850,287.74348344,21.82160736
2949,851,294.04836288,25.30656864
2949,852,301.74489816,30.77650944
2949,853,310.7379612,34.51933152
2949,854,321.03157536,40.6761696
2949,855,332.74506984,39.21568992
2949,856,342.48007704,32.56946496
2949,857,351.27782424,29.08999008
2949,858,358.95326736,27.03039552
2949,859,366.09857184,24.87972672
2949,860,373.33937016,26.39836224
2949,861,380.63829384,17.43358464
2949,862,386.60228496,28.8694368
2949,863,394.6879584,29.04609888
2949,864,402.63595368,26.19426816
2949,865,409.16726904,22.46351616
2949,866,415.71175176,25.89141888
2949,867,423.20437584,27.42870816
2949,868,430.82404056,27.40347072
2949,869,438.24238488,25.0234704
2949,870,445.41438984,26.87128992
2949,871,452.57152056,24.85558656
2949,872,460.15470072,30.3233328
2949,873,468.65904744,30.7293264
2949,874,477.1791828,30.58009632
2949,875,485.67313584,30.5757072
2949,876,494.16574776,30.77431488
2949,877,499.230396,31.6345824
2952,801,14.12568168,28.77177888
2952,802,21.71803632,26.8943328
2952,803,29.37211296,26.91188928
2952,804,35.83347672,19.32090624
2952,805,41.38214736,21.2927184
2952,806,47.59080144,23.29635168
2952,807,54.22687656,25.00920576
2952,808,62.003178,30.81381696
2952,809,70.5930516,30.9268368
2952,810,79.24333656,31.14409824
2952,811,87.2858808,26.48504736
2952,812,94.1880768,23.27660064
2952,813,100.31403864,20.2228704
2952,814,105.64569168,17.97015456
2952,815,110.2746588,14.63661792
2952,816,114.06594408,13.95959616
2952,817,118.24938504,16.24961952
2952,818,122.6870292,12.38061024
2952,819,125.85192,11.54009376
2952,820,128.93582544,10.5174288
2952,821,132.6404256,12.94022304
2952,822,135.28797936,7.15865472
2952,823,137.70226968,9.7438464
2952,824,140.2939536,8.860536
2952,825,143.19744792,13.39339968
2952,826,147.08882952,15.20610624
2952,827,151.66156104,16.60843008
2952,828,156.110178,15.23902464
2952,829,160.02847344,12.6680976
2952,830,163.59274368,14.12967456
2952,831,167.28786456,10.77199776
2952,832,170.28651744,10.2540816
2952,833,173.36865504,13.63150944
2952,834,177.70672104,16.48443744
2952,835,182.2836588,16.46029728
2952,836,186.86474184,17.62890048
2952,837,192.25272192,20.92293504
2952,838,197.91538776,20.24371872
2952,839,203.40971256,19.35163008
2952,840,208.84304688,21.67128
2952,841,215.50554816,25.16721408
2952,842,222.6370452,26.13940416
2952,843,230.08721064,27.04904928
2952,844,237.52311144,25.8464304
2952,845,244.48456056,24.32779488
2952,846,251.50395216,26.18439264
2952,847,258.41325,22.84756416
2952,848,264.79231776,23.10213312
2952,849,271.12953648,22.58311968
2952,850,277.43112408,22.5545904
2952,851,283.64630088,22.12994304
2952,852,289.72160496,21.80405088
2952,853,295.88929392,24.23013696
2952,854,303.36539784,30.00182976
2952,855,312.0591168,33.14224512
2952,856,322.02068184,39.2935968
2952,857,333.24704496,38.14803648
2952,858,342.94931664,32.17663872
2952,859,351.45424248,28.30214304
2952,860,359.08875096,27.02052
2952,861,366.4371132,25.22207808
2952,862,373.20964728,25.0673616
2952,863,380.22004728,26.22828384
2952,864,388.03060824,29.0285424
2952,865,395.63561208,23.6134656
2952,866,402.11947008,25.56223488
2952,867,409.52937144,27.15987456
2952,868,417.09176424,27.25424064
2952,869,424.64358048,27.15987456
2952,870,432.18158928,25.42507488
2952,871,439.36846848,28.40638464
2952,872,447.41707824,29.08230912
2952,873,455.49610704,29.08230912
2952,874,463.57562352,29.01318048
2952,875,471.65443896,28.90016064
2952,876,479.42049912,26.41591872
2952,877,486.7659048,27.11269152
2952,878,493.64246712,20.4752448
2952,879,498.215455542857,17.3981581714286
2958,806,22.6914456,24.4583712
2958,807,27.25107072,26.6803632
2958,808,35.2336608,18.13035744
2958,809,41.91283464,32.26881024
2958,810,51.38937144,34.22855232
2958,811,61.19481792,35.61112512
2958,812,70.25813736,26.11306944
2958,813,76.76637936,21.82270464
2958,814,82.6238124,18.80957376
2958,815,87.82150584,19.421856
2958,816,93.3977304,19.58864256
2958,817,98.50383144,17.23717152
2958,818,102.97802112,15.54187392
2958,819,107.24467248,14.04847584
2958,820,110.68010376,11.52363456
2958,821,113.82640176,10.24640064
2958,822,116.60876856,10.7149392
2958,823,119.7127908,11.50278624
2958,824,122.8433916,10.99913472
2958,825,125.83585704,10.396728
2958,826,128.94829176,14.53896
2958,827,133.20942624,14.59601856
2958,828,137.61403008,17.20096128
2958,829,142.33166352,17.15926464
2958,830,147.18965736,18.53964288
2958,831,152.22294168,17.28106272
2958,832,156.57923472,13.28696352
2958,833,159.8298048,10.25627616
2958,834,162.71955264,10.76870592
2958,835,166.13422704,14.12528544
2958,836,170.3007516,15.81509664
2958,837,174.98958144,18.06890976
2958,838,180.510942,21.87317952
2958,839,186.67896624,22.49533728
2958,840,193.15288776,24.0523776
2958,841,199.33282968,20.05388928
2958,842,204.86068248,20.16142272
2958,843,211.08835608,25.12332288
2958,844,218.07924888,25.23744
2958,845,225.02631144,24.8698512
2958,846,232.08971616,25.74438336
2958,847,239.37583824,26.67707136
2958,848,246.39196848,23.57176896
2958,849,253.3462548,26.76046464
2958,850,260.92553352,27.91370592
2958,851,268.58985144,27.01832544
2958,852,275.66544816,22.68297216
2958,853,281.78635032,21.94669728
2958,854,287.8823808,21.94669728
2958,855,293.97850272,21.9456
2958,856,300.08361624,22.3625664
2958,857,306.86675736,26.79228576
2958,858,314.39924928,27.37933056
2958,859,322.18573104,31.02888384
2958,860,331.40739408,33.96849696
2958,861,340.65411168,32.6605392
2958,862,349.74766728,32.93376192
2958,863,358.7598108,30.29809536
2958,864,366.70972632,28.11560544
2958,865,374.3945268,27.42980544
2958,866,382.17412008,29.76701184
2958,867,390.83927928,31.50729792
2958,868,399.06753816,27.53514432
2958,869,406.42617216,25.46677152
2958,870,413.61225888,26.01431424
2958,871,420.5307312,24.40460448
2958,872,427.38793872,24.27293088
2958,873,434.0970744,24.48799776
2958,874,440.97266136,24.18624576
2958,875,447.9064956,25.2538992
2958,876,454.703688,24.43862016
2958,877,461.99456496,27.6020784
2958,878,470.26458144,32.23918368
2958,879,479.08460952,29.80431936
2958,880,486.90480216,28.1616912
2958,881,494.78525376,28.60828416
2958,882,499.5419016,27.6295104
2973,789,20.023836,28.7597088
2973,790,25.14520752,29.77798464
2973,791,33.55137816,29.40381216
2973,792,41.49062568,28.99891584
2973,793,49.74515832,29.43782784
2973,794,55.73322864,28.80140544
2976,810,22.9969422857143,24.6245307428571
2976,811,29.24321304,28.6993584
2976,812,37.48899792,28.79482176
2976,813,45.37402152,28.31421312
2976,814,53.18787432,28.227528
2976,815,61.07792712,28.32957504
2976,816,68.8948584,28.06513056
2976,817,76.71599592,28.57097664
2976,818,83.74782336,18.27080928
2976,819,88.61102928,17.80446528
2976,820,93.71606352,19.20459456
2976,821,98.63334096,13.93326144
2976,822,102.30938136,13.0960368
2976,823,105.80927784,12.08763648
2976,824,109.23248664,12.60994176
2976,825,112.70226888,12.35866464
2976,826,116.08756056,12.12933312
2976,827,119.2935384,10.65349152
2976,828,122.40825912,12.54959136
2976,829,126.01782264,12.20504544
2976,830,129.28445568,13.95959616
2976,831,134.04119496,18.57585312
2976,832,139.07289432,17.9295552
2976,833,143.78836368,16.36263936
2976,834,148.29818448,15.11832384
2976,835,152.1351288,12.14359776
2976,836,155.26447992,11.35026432
2976,837,158.70542808,13.53714336
2976,838,162.79666704,16.30338624
2976,839,167.3417532,17.0846496
2976,840,172.17319896,18.92478816
2976,841,177.93763752,21.96864288
2976,842,184.03726464,21.94998912
2976,843,190.14762072,21.9785184
2976,844,196.06893984,20.13289344
2976,845,201.56052144,20.56083264
2976,846,207.64274448,23.55421248
2976,847,214.44054648,24.61857408
2976,848,221.27013912,24.36729696
2976,849,228.04133208,24.87424032
2976,850,235.15688808,26.14927968
2976,851,242.20130376,23.66723232
2976,852,248.727468,24.99494112
2976,853,255.41679168,22.67968032
2976,854,262.023606,24.65478432
2976,855,268.52523384,21.55496832
2976,856,274.49370552,21.8139264
2976,857,280.57102128,21.94669728
2976,858,286.6976232,22.69284768
2976,859,293.60442168,27.30252096
2976,860,301.2213432,27.432
2976,861,308.825646,27.14890176
2976,862,316.38371064,27.28167264
2976,863,324.44436,32.42242944
2976,864,333.5574228,30.98828448
2976,865,341.49179352,27.17194464
2976,866,349.06863384,27.432
2976,867,356.68796328,27.03478464
2976,868,364.18960944,27.35080128
2976,869,371.80805496,27.43090272
2976,870,379.44027744,27.80178336
2976,871,387.3791592,29.0834064
2976,872,395.38040304,27.18950112
2976,873,402.65073648,25.98139584
2976,874,409.47261768,23.10761952
2976,875,415.76393352,22.4009712
2976,876,421.7947368,20.36990592
2976,877,427.30954416,19.31103072
2976,878,432.93508536,20.59484832
2976,879,438.7906896,23.38413408
2976,880,446.0935452,28.43710848
2976,881,453.99301632,28.43820576
2976,882,461.892396,28.43491392
2976,883,469.81716552,28.59401952
2976,884,477.7348332,28.43820576
2976,885,485.63454816,28.4360112
2976,886,493.53404976,28.43820576
2976,887,500.6344953,28.3125672
2982,811,18.5751216,25.9287264
2982,812,23.53397376,27.52636608
2982,813,31.5114432,29.56730688
2982,814,39.60123144,27.14999904
2982,815,46.66332552,24.7326912
2982,816,53.59825704,25.96493664
2982,817,60.9374448,25.78717728
2982,818,67.97311272,25.25828832
2982,819,75.00878064,25.74986976
2982,820,81.12608616,15.50346912
2982,821,85.86151992,15.30595872
2982,822,89.68316328,13.46252832
2982,823,93.55281264,14.93288352
2982,824,97.9186764,13.88827296
2982,825,101.15068416,10.4625648
2982,826,104.02952016,10.44720288
2982,827,106.95968448,10.5997248
2982,828,110.27529888,13.15309536
2982,829,113.93000328,13.42192896
2982,830,118.16586984,16.92993312
2982,831,122.92727256,17.61024672
2982,832,128.21287032,20.63873952
2982,833,134.34770184,22.4338896
2982,834,139.81279632,16.59855456
2982,835,143.57018784,10.65019968
2982,836,146.24694144,8.94941568
2982,837,148.95655248,10.094976
2982,838,151.94740248,12.19846176
2982,839,155.7797748,15.73060608
2982,840,160.61609736,18.5550048
2982,841,165.97423752,19.91453472
2982,842,171.55405872,19.2682368
2982,843,176.75934168,18.4178448
2982,844,182.17243728,20.76712128
2982,845,187.79797848,20.1405744
2982,846,193.88328,23.6408976
2982,847,200.61591576,24.71952384
2982,848,207.49205136,24.8040144
2982,849,214.3755936,24.76890144
2982,850,221.2495956,24.64051968
2982,851,228.23701368,25.69720032
2982,852,235.1481708,24.35303232
2982,853,242.23666056,26.56295424
2982,854,249.43466496,25.57540224
2982,855,257.00976792,26.89213824
2982,856,263.83225872,22.02460416
2982,857,269.85870336,21.232368
2982,858,275.7774012,20.6178912
2982,859,281.64278952,21.83367744
2982,860,287.7302856,22.11897024
2982,861,294.39409752,26.6419584
2982,862,301.98575112,27.43090272
2982,863,309.58365312,26.993088
2982,864,317.37540792,29.25677664
2982,865,325.8497928,33.31451808
2982,866,335.14341912,31.71578112
2982,867,343.5571488,30.07425024
2982,868,351.79354584,29.160216
2982,869,359.99050176,29.0559744
2982,870,367.98363792,28.5676848
2982,871,375.77502696,27.39798432
2982,872,383.61268464,29.72970432
2982,873,392.02330536,30.03145632
2982,874,399.98946672,27.36726048
2982,875,407.27339424,23.00008608
2982,876,413.13274752,20.34576576
2982,877,418.64130648,19.19471904
2982,878,423.83583,19.15192512
2982,879,429.4170228,21.39476544
2982,880,435.21572088,19.84211424
2982,881,440.9294712,21.55935744
2982,882,447.08899152,22.95290304
2982,883,453.64837896,25.09589088
2982,884,460.95473976,26.8449552
2982,885,468.67483608,30.25969056
2982,886,477.3119232,30.25859328
2982,887,485.56615104,29.62217088
2982,888,493.7948976,29.62326816
2982,889,502.0106292,29.55304224
2982,890,508.999366628571,29.6234249142857
2984,872,408.2258536,27.8660352
2984,873,414.80030832,23.3117136
2984,874,421.24512144,24.10504704
2984,875,428.4948504,27.95101344
2984,876,436.25661288,27.86762016
2984,877,443.99932536,27.94881888
2984,878,451.7635872,27.95101344
2984,879,459.5276052,27.94991616
2984,880,467.30037096,28.10792448
2984,881,475.0664616,26.82959328
2984,882,482.257608,25.24951008
2984,883,489.5894196,28.37236896
2984,884,497.53497648,28.64888352
2984,885,505.49501136,28.71472032
2984,886,512.275008685714,28.7189526857143
2991,815,25.57448784,32.1118992
2991,816,33.6198972,28.53366912
2991,817,41.08755816,25.49200896
2991,818,47.92784928,23.34902112
2991,819,54.08252328,21.27516192
2991,820,59.88987768,20.86697376
2991,821,65.68647264,20.86039008
2991,822,71.48072064,20.85819552
2991,823,77.3065764,21.14348832
2991,824,83.14870848,21.06009504
2991,825,88.16443632,11.8122192
2991,826,90.73981344,6.1722
2991,827,92.73491232,10.24530336
2991,828,96.10066632,14.56529472
2991,829,99.5498136,9.66593952
2991,830,103.15005024,13.46582016
2991,831,107.06346888,12.89304
2991,832,110.70826728,13.31220096
2991,833,114.57047952,14.3359632
2991,834,118.60523904,15.66257472
2991,835,123.24621528,17.58500928
2991,836,127.81714848,14.76609696
2991,837,131.83020624,13.6391904
2991,838,135.05267376,9.60997824
2991,839,137.58007536,8.9263728
2991,840,140.6162796,14.40509184
2991,841,144.9127404,16.3604448
2991,842,150.00475968,20.3106528
2991,843,155.87926152,21.94230816
2991,844,161.94097152,21.02169024
2991,845,167.87722584,21.94340544
2991,846,174.04378704,22.8453696
2991,847,180.8230572,25.78937184
2991,848,188.00380992,26.02638432
2991,849,195.40688376,27.42761088
2991,850,203.0176788,27.23668416
2991,851,210.360768,26.19097632
2991,852,217.86805296,26.2414512
2991,853,224.64070896,22.4777808
2991,854,230.81104968,23.00557248
2991,855,237.20243136,22.61823264
2991,856,243.50112336,24.55822368
2991,857,250.65249336,25.82667936
2991,858,259.31524464,32.90523264
2991,859,266.42360736,21.90390336
2991,860,272.38647072,21.20164416
2991,861,278.4334284,21.83806656
2991,862,284.85650928,25.82667936
2991,863,292.37790648,27.43309728
2991,864,299.9981808,27.432
2991,865,307.61019504,27.15329088
2991,866,315.15920712,27.43968096
2991,867,322.97869872,30.45171456
2991,868,331.83524184,30.94110144
2991,869,339.83008488,27.1796256
2991,870,347.38583304,27.4265136
2991,871,355.0063512,27.51210144
2991,872,362.5304916,26.87677632
2991,873,370.12604664,27.53843616
2991,874,377.64339,26.63318016
2991,875,385.35409848,28.419552
2991,876,393.19404216,26.39068128
2991,877,400.1367156,23.89766112
2991,878,406.74636456,23.54653152
2991,879,413.09233104,24.0688368
2991,880,419.90384904,24.46056576
2991,881,426.72957072,24.15881376
2991,882,433.70458344,25.01140032
2991,883,440.36964504,23.74184736
2991,884,447.11816088,26.45980992
2991,885,455.3440728,32.6001888
2991,886,464.40190584,32.72966784
2991,887,473.49332784,32.22930816
2991,888,482.13763872,30.35295936
2991,889,490.56922968,30.35405664
2991,890,498.99533424,30.16312992
2997,858,248.1706746,24.133302
2997,859,254.15677896,23.42583072
2997,860,260.6236596,23.38413408
2997,861,267.10642032,23.01873984
2997,862,273.32287728,21.79088352
2997,863,279.385014,21.9510864
2997,864,285.46443288,21.8139264
2997,865,291.54202296,21.94669728
2997,866,297.61135296,22.57982784
2997,867,304.5639324,27.32666112
2997,868,312.10063056,27.04685472
2997,869,319.8112476,23.75720928
2997,870,326.27770152,26.25461856
2997,871,334.488282,29.85808608
2997,872,342.3946416,27.18950112
2997,873,349.979742,27.432
2997,874,357.58870824,26.97223968
2997,875,365.10196728,27.42431904
2997,876,372.72184536,27.43090272
2997,877,380.3663208,27.95211072
2997,878,388.1870316,26.84276064
2997,879,395.30008824,25.18915968
2997,880,402.29646744,25.1880624
2997,881,409.29281616,25.18915968
2997,882,416.30507544,25.28352576
2997,883,423.31212264,25.1880624
2997,884,430.31414064,25.1386848
2997,885,437.185308,24.04030752
2997,886,444.10515192,26.26668864
2997,887,451.09208232,24.17417568
2997,888,458.05139784,25.97481216
2997,889,464.89488936,23.86693728
2997,890,472.17308664,27.97625088
2997,891,479.580702,25.2264672
2997,892,486.63368256,25.42617216
2997,893,493.69632528,25.6050288
2997,894,498.96522,19.98805248
3003,886,395.3417544,21.8852496
3003,887,399.03474168,22.61274624
3003,888,405.61284384,24.47153856
3003,889,412.41345,24.56480736
3003,890,419.23484352,24.47702496
3003,891,426.0335904,24.4748304
3003,892,432.80094288,22.59189792
3003,893,438.31300704,18.22911264
3003,894,443.96012808,22.55239584
3003,895,450.22638936,22.80477024
3003,896,456.71853792,24.62625504
3003,897,463.88703768,26.06808096
3003,898,471.183462,26.38080576
3003,899,476.64130224,26.14159872
3007,820,36.7869216,14.2975584
3007,821,38.85130152,15.45738336
3007,822,44.14366584,21.9949776
3007,823,49.43346984,16.27485696
3007,824,54.44557056,19.82126592
3007,825,60.19949352,20.58277824
3007,826,65.176908,15.1918416
3007,827,69.38967072,15.16550688
3007,828,73.60200672,15.16111776
3007,829,77.8457676,15.44860512
3007,830,82.1048904,15.16331232
3007,831,86.317074,15.1644096
3007,832,90.52916616,15.16660416
3007,833,94.68057264,15.19513344
3007,834,99.44840664,18.94673376
3007,835,104.69489856,18.28287936
3007,836,109.18317,14.01336288
3007,837,113.0673888,13.23648864
3007,838,116.48980512,12.79209024
3007,839,120.28989912,15.50346912
3007,840,125.09882016,18.0612288
3007,841,130.05880008,20.18007648
3007,842,135.80269512,19.696176
3007,843,141.15894552,18.38053728
3007,844,146.03708664,16.15854528
3007,845,150.32778672,14.51591712
3007,846,154.29954408,14.16478752
3007,847,158.37981024,14.7145248
3007,848,162.7318056,18.02062944
3007,849,167.80456152,20.24371872
3007,850,173.9245188,22.78063008
3007,851,180.18444024,24.30365472
3007,852,187.23867048,26.71437888
3007,853,194.91478416,28.66314816
3007,854,202.7485404,28.145232
3007,855,210.47043504,27.37603872
3007,856,218.0031708,26.18439264
3007,857,225.1193364,24.09407424
3007,858,231.61937928,22.823424
3007,859,237.76378152,21.7755216
3007,860,243.81628656,21.94121088
3007,861,249.91195128,21.94450272
3007,862,255.97183248,21.59227584
3007,863,262.01238936,21.94450272
3007,864,268.09464288,21.38927904
3007,865,274.1567796,23.18113728
3007,866,280.80961872,23.8822992
3007,867,287.18944848,22.55568768
3007,868,293.56876008,25.28791488
3007,869,301.04788152,27.43309728
3007,870,308.65239768,27.1521936
3007,871,316.21009656,27.48905856
3007,872,324.04178016,29.90965824
3007,873,332.58309912,29.74616352
3007,874,340.40283456,27.17633376
3007,875,347.96617224,27.541728
3007,876,355.25915232,23.56847712
3007,877,361.44339192,22.26161664
3007,878,367.58703216,22.60506528
3007,879,374.38376736,26.28863424
3007,880,381.90726768,28.3537152
3007,881,390.00726672,29.5278048
3007,882,397.95459144,27.60975936
3007,883,405.5793768,27.43309728
3007,884,413.20452792,27.52307424
3007,885,420.8675352,27.97844544
3007,886,428.74317096,28.1781504
3007,887,436.42248504,28.0684224
3007,888,444.26447088,28.81018368
3007,889,452.15894328,28.57426848
3007,890,460.14430704,27.76447584
3007,891,467.92405272,29.00769408
3007,892,475.90103448,28.37456352
3007,893,483.3978648,24.34644864
3007,894,490.20514608,23.53226688
3007,895,496.39846872,21.83367744
3007,896,499.748556,21.9456
3014,821,19.49464224,8.6904576
3014,822,22.58912424,14.12857728
3014,823,26.53549176,14.72659488
3014,824,30.78955488,15.68671488
3014,825,35.34668064,18.60109056
3014,826,40.72499856,18.02940768
3014,827,45.14932296,12.3224544
3014,828,48.05924856,9.93477312
3014,829,51.02086824,13.14321984
3014,830,54.8184324,13.72587552
3014,831,58.6842108,15.26645664
3014,832,63.32274864,17.36006688
3014,833,68.14325208,17.35019136
3014,834,72.9627192,17.34909408
3014,835,77.81476944,17.64535968
3014,836,82.6280796,16.45810272
3014,837,86.87632104,13.51080864
3014,838,90.3971268,15.1479504
3014,839,94.91596968,13.86084096
3014,840,98.16001704,10.69957728
3014,841,101.0360184,8.99659872
3014,842,103.36508664,11.8835424
3014,843,107.26619136,12.52764576
3014,844,110.60396472,14.41387008
3014,845,115.25000064,19.51402752
3014,846,121.02955728,21.02717664
3014,847,126.87095784,19.53048672
3014,848,132.4929024,21.3530688
3014,849,138.27934752,20.9745072
3014,850,144.41631264,23.3885232
3014,851,150.75200736,22.795992
3014,852,156.9367956,21.92255712
3014,853,163.42693248,25.86727872
3014,854,170.85542664,27.76228128
3014,855,178.7828784,28.8255456
3014,856,186.68003304,29.20630176
3014,857,194.81273712,29.07792
3014,858,202.84217496,27.85116096
3014,859,210.43721184,27.18730656
3014,860,217.90337928,25.127712
3014,861,223.9126332,18.51989184
3014,862,229.0024884,18.37175904
3014,863,234.15202344,18.79311456
3014,864,239.31573168,17.8253136
3014,865,244.18363152,18.1435248
3014,866,249.39872904,18.94563648
3014,867,254.92850208,23.05056096
3014,868,261.77043912,25.1880624
3014,869,268.75407768,24.7272048
3014,870,275.73527784,26.38738944
3014,871,283.2465252,27.29154816
3014,872,290.85832608,27.43309728
3014,873,298.478448,27.432
3014,874,306.1005816,27.40237344
3014,875,313.64557032,27.12146976
3014,876,321.01776792,24.112728
3014,877,327.146412,21.31246944
3014,878,333.0662376,21.31246944
3014,879,338.98783104,21.28613472
3014,880,344.84282568,21.09191616
3014,881,350.75771352,21.31137216
3014,882,356.68171488,21.19067136
3014,883,362.49150768,20.9799936
3014,884,368.403378,21.3091776
3014,885,374.3232036,21.31137216
3014,886,380.24269392,21.3091776
3014,887,386.17507728,21.46389408
3014,888,392.12462088,21.31137216
3014,889,398.04447696,21.31137216
3014,890,403.96442448,21.314664
3014,891,409.8842196,21.31137216
3014,892,415.81971192,21.40354368
3014,893,421.7499312,21.31246944
3014,894,427.66981776,21.31246944
3014,895,433.58970432,21.31246944
3014,896,439.4984352,21.25870272
3014,897,445.80651504,28.69167744
3014,898,454.63675392,32.88438432
3014,899,463.77023832,32.89755168
3014,900,471.71405784,14.07919968
3014,901,479.13194496,43.52251392
3014,902,491.1650832,41.14141632
3014,903,498.5041592,35.2885248
3027,824,20.9009742,7.3298304
3027,825,22.34665584,6.27534432
3027,826,24.11193552,5.82326496
3027,827,25.42925064,2.35256832
3027,828,27.28895736,13.3209792
3027,829,31.53259632,15.48481536
3027,830,35.83317192,15.75584352
3027,831,39.79551096,14.22184608
3027,832,45.34061544,22.90572
3027,833,51.69810336,22.87170432
3027,834,58.05208608,22.86950976
3027,835,64.46065848,17.53014528
3027,836,66.959988,0
3027,837,68.64693408,14.1165072
3027,838,73.51376712,17.79129792
3027,839,78.50511096,18.08756352
3027,840,83.48499432,18.31579776
3027,841,88.97374128,16.23535488
3027,842,92.4773868,10.479024
3027,843,95.2649352,8.6081616
3027,844,97.43599512,6.9073776
3027,845,99.54307752,8.27129664
3027,846,102.37433424,15.18306336
3027,847,107.36924424,19.21227552
3027,848,112.57882488,20.62228032
3027,849,119.46809736,30.37161312
3027,850,127.61241432,28.61596512
3027,851,135.52011504,27.34202304
3027,852,142.5714192,23.86693728
3027,853,149.44654896,25.4239776
3027,854,156.30543288,24.3486432
3027,855,163.15995816,24.83912736
3027,856,169.90612704,23.40827424
3027,857,176.56984752,25.2209808
3027,858,184.188354,29.1163248
3027,859,191.83133592,25.04102688
3027,860,198.47195256,23.097744
3027,861,205.03929528,23.84499168
3027,862,211.6671408,23.810976
3027,863,218.276424,23.84279712
3027,864,224.39324184,17.67498624
3027,865,229.0120896,16.4592
3027,866,233.57619528,16.39226592
3027,867,238.69016016,21.43646208
3027,868,244.94935008,24.94446624
3027,869,252.2564424,26.49711744
3027,870,259.4245764,25.03115136
3027,871,266.20265784,23.22502848
3027,872,272.33139336,23.564088
3027,873,279.65845008,28.41296832
3027,874,287.7676236,30.07315296
3027,875,296.42933856,32.5398384
3027,876,305.34504336,29.68581312
3027,877,313.05209424,27.09842688
3027,878,320.10379464,22.40536032
3027,879,326.268588,22.24844928
3027,880,332.2268184,18.6866784
3027,881,336.94670736,16.46029728
3027,882,341.49676176,16.20024192
3027,883,345.96256944,15.20720352
3027,884,349.80609744,12.46619808
3027,885,353.31931368,13.45155552
3027,886,357.45285888,16.37251488
3027,887,361.90757184,15.9983424
3027,888,366.8371632,20.21957856
3027,889,372.83065896,23.673816
3027,890,380.08745928,28.55780928
3027,891,388.41371136,30.63276576
3027,892,396.70052232,27.12805344
3027,893,403.46433912,22.89803904
3027,894,409.50145176,20.31284736
3027,895,415.32797808,21.68115552
3027,896,421.32269304,21.74589504
3027,897,427.79527344,25.12880928
3027,898,434.41674864,21.66469632
3027,899,440.18548488,20.41818624
3027,900,447.45222168,34.79145696
3027,901,457.29482328,35.52224544
3027,902,467.3568504,32.13494208
3027,903,474.06135312,22.53045024
3027,904,484.97206536,45.58210848
3027,905,496.383394666667,37.0173504
3032,832,21.4341456,17.5784256
3032,833,24.35355048,18.78104448
3032,834,30.00125064,23.40607968
3032,835,36.71715288,21.23895168
3032,836,42.15097488,19.83443328
3032,837,47.66224656,18.8018928
3032,838,52.31224488,15.24890016
3032,839,57.10470672,19.24299936
3032,840,62.6100348,18.46831968
3032,841,67.87429656,19.20020544
3032,842,73.62965208,21.7919808
3032,843,80.09918448,23.29415712
3032,844,85.32379176,13.69076256
3032,845,88.74407448,10.65897792
3032,846,91.7239212,11.20761792
3032,847,95.0079888,12.44973888
3032,848,98.85999024,14.96470464
3032,849,103.20927288,17.19876672
3032,850,108.44073816,20.83405536
3032,851,114.44377416,22.91559552
3032,852,121.10231304,25.21110528
3032,853,127.94873064,23.92728768
3032,854,134.98976304,25.46567424
3032,855,141.52309008,23.17235904
3032,856,147.97921128,24.88301856
3032,857,155.00866128,25.03115136
3032,858,162.20148408,27.17304192
3032,859,169.64445624,25.96932576
3032,860,177.06234336,30.31455456
3032,861,185.52782808,28.42723296
3032,862,192.97479312,25.31205504
3032,863,199.98104784,25.12003104
3032,864,207.1116,26.35227648
3032,865,214.09615296,23.77147392
3032,866,220.54060032,20.63105856
3032,867,225.70558872,17.56306368
3032,868,230.39033424,16.77960576
3032,869,235.52374536,21.09301344
3032,870,241.57573224,22.58860608
3032,871,248.12832264,23.89217472
3032,872,254.74129392,24.2444016
3032,873,261.75562584,26.06259456
3032,874,269.06101128,26.02309248
3032,875,276.32927208,26.72535168
3032,876,284.06180424,30.34308384
3032,877,292.81392288,32.04715968
3032,878,301.9210116,32.27978304
3032,879,310.18316424,27.15438816
3032,880,317.58629904,24.5735856
3032,881,323.84716536,21.13690464
3032,882,329.67353928,19.68849504
3032,883,333.97521216,11.10337632
3032,884,337.02638208,10.9728
3032,885,340.0743516,10.97389728
3032,886,343.07257776,10.60960032
3032,887,346.34826336,14.37875712
3032,888,350.74908768,16.31435904
3032,889,355.73476224,20.91854592
3032,890,362.0385444,25.65550368
3032,891,369.66735312,31.14848736
3032,892,379.10883792,35.30717856
3032,893,384.9887652,35.3817936
3038,835,21.243798,10.5448608
3038,836,23.22243768,9.88320096
3038,837,26.45609136,16.83337248
3038,838,32.01500328,19.15741152
3038,839,37.05252432,17.82421632
3038,840,42.15999696,20.11972608
3038,841,47.95589088,20.25249696
3038,842,53.0135592,15.10844832
3038,843,57.54435024,18.94015008
3038,844,63.07131912,20.59814016
3038,845,68.79211032,20.58716736
3038,846,74.50936584,20.62557216
3038,847,80.30224224,19.93977216
3038,848,85.19132568,16.0806384
3038,849,89.79996264,16.57002528
3038,850,93.9908712,14.5170144
3038,851,98.51282304,17.885664
3038,852,103.76510616,19.73787264
3038,853,109.34392152,21.1390992
3038,854,115.79803104,24.85997568
3038,855,122.53773816,23.84169984
3038,856,129.13272624,24.80511168
3038,857,136.26227256,25.08052896
3038,858,143.31875832,25.93531008
3038,859,150.74880696,25.31644416
3038,860,157.31849664,23.63211936
3038,861,163.95167616,23.5421424
3038,862,170.51971992,24.19173216
3038,863,177.24269352,24.16430016
3038,864,183.63623928,22.7356416
3038,865,189.92219064,22.95180576
3038,866,196.44280752,23.60578464
3038,867,202.9814076,23.50702944
3038,868,209.60300472,24.49019232
3038,869,216.5035548,24.83583552
3038,870,223.17846144,22.14091584
3038,871,229.2425184,21.9456
3038,872,235.3616832,23.3062272
3038,873,242.25363792,26.06917824
3038,874,249.56332104,26.6748768
3038,875,257.15756544,27.95540256
3038,876,265.0681008,28.32299136
3038,877,272.6216544,26.99418528
3038,878,280.83836136,31.84964928
3038,879,289.44579144,30.0599856
3038,880,297.68563272,28.29665664
3038,881,305.33407056,26.26229952
3038,882,311.91049632,21.6548208
3038,883,317.84135568,19.1255904
3038,884,322.68435336,17.18121024
3038,885,327.58160544,17.76167136
3038,886,332.4791928,17.17462656
3038,887,337.105752,16.46029728
3038,888,341.65562352,16.19475552
3038,889,346.21021944,18.17315136
3038,890,351.87928608,22.58531424
3038,891,358.78212216,26.83069056
3038,892,366.86691168,32.50582272
3038,893,375.99878064,32.2929504
3038,894,385.10922216,33.9004656
3038,895,394.33216536,27.58123008
3038,896,401.5040484,25.57320768
3038,897,408.11293536,21.1829904
3038,898,414.3410052,21.25760544
3038,899,420.70160208,22.0388688
3038,900,426.7552044,23.6518704
3038,901,433.51112688,24.45727392
3038,902,440.7127584,27.8873712
3038,903,448.72552368,29.0888928
3038,904,457.30951464,36.04235616
3038,905,467.65869384,37.58293728
3038,906,478.08721248,37.3239792
3038,907,488.26225944,34.49738592
3038,908,496.5730734,32.9170284
3044,839,20.9278728,25.23744
3044,840,25.1220732,24.83803008
3044,841,31.47416616,20.88453024
3044,842,36.77817384,17.08245504
3044,843,41.64394008,18.11280096
3044,844,46.47279504,16.53162048
3044,845,51.0178812,17.02759104
3044,846,56.61912984,24.25317984
3044,847,63.40272816,24.441912
3044,848,70.18998408,24.4309392
3044,849,77.03213448,24.05128032
3044,850,83.11844184,19.16838432
3044,851,88.43336136,18.3574944
3044,852,93.20101248,16.0641792
3044,853,97.76831856,16.9858944
3044,854,102.41395824,16.35166656
3044,855,107.09123616,17.72326656
3044,856,112.66999056,22.83549408
3044,857,119.219472,24.06005856
3044,858,125.87712696,22.80806208
3044,859,132.25671288,24.21806688
3044,860,138.65979888,21.20713056
3044,861,144.61717584,21.73053312
3044,862,151.00160808,24.87314304
3044,863,157.91572176,23.8054896
3044,864,164.42817,23.95691424
3044,865,170.95128624,22.58092512
3044,866,177.37686648,24.01836192
3044,867,184.005474,24.04908576
3044,868,190.52081784,21.75247872
3044,869,196.47782904,21.38927904
3044,870,202.49241696,22.70162592
3044,871,208.96917312,23.24807136
3044,872,215.4102372,23.17126176
3044,873,221.83225128,22.91449824
3044,874,228.32351592,24.04469664
3044,875,235.02743952,24.06444768
3044,876,241.95706752,26.53552224
3044,877,249.54040008,27.32446656
3044,878,257.41954104,30.45829824
3044,879,265.94711352,28.92539808
3044,880,273.52931832,27.07428672
3044,881,281.12353224,27.29813184
3044,882,288.724848,27.432
3044,883,296.34503088,27.43309728
3044,884,303.9651528,27.432
3044,885,311.53406832,26.56185696
3044,886,318.28691232,22.17163968
3044,887,324.17711136,20.06266752
3044,888,329.67521568,18.92808
3044,889,334.5091608,16.40543328
3044,890,338.9839296,16.9858944
3044,891,344.05784376,19.21666464
3044,892,349.47913848,19.57108608
3044,893,355.07944224,25.79266368
3044,894,363.45421848,34.6027248
3044,895,373.78486584,37.23509952
3044,896,383.46028464,32.98313952
3044,897,392.6325396,32.10970464
3044,898,400.35431232,22.36037184
3044,899,406.46232144,21.94669728
3044,900,412.55859576,22.02131232
3044,901,418.77197424,23.84718624
3044,902,425.7588132,26.11636128
3044,903,433.23488664,27.432
3044,904,440.82056616,27.8215344
3044,905,448.824096,29.2809168
3044,906,457.39315176,35.55077472
3044,907,468.07300848,42.66114912
3044,908,480.28396704,41.22590688
3044,909,490.69441104,33.87413088
3044,910,497.8435052,31.6528704
3054,842,20.5756764,25.9616448
3054,843,24.10431552,26.33362272
3054,844,30.9030624,21.66689088
3054,845,36.66923832,20.42696448
3054,846,42.3141648,20.31394464
3054,847,48.0876864,21.54948192
3054,848,54.3217608,24.10614432
3054,849,61.35233856,25.67525472
3054,850,68.48328696,25.66428192
3054,851,75.62161152,25.85411136
3054,852,82.54325376,20.51694144
3054,853,87.85232112,18.92369088
3054,854,93.05163,19.16509248
3054,855,97.97890488,15.46945344
3054,856,101.92280352,11.95706016
3054,857,105.83369232,18.68887296
3054,858,111.47337624,22.65224832
3054,859,118.20241536,24.9247152
3054,860,124.96263552,22.09483008
3054,861,130.88846568,22.91559552
3054,862,137.24604504,22.79818656
3054,863,143.78836368,23.79232224
3054,864,150.33580296,23.17345632
3054,865,156.84645288,23.39730144
3054,866,163.26694296,23.08018752
3054,867,169.82629992,25.05968064
3054,868,177.16890144,26.005536
3054,869,184.01364264,25.34936256
3054,870,191.37151464,23.58274176
3054,871,198.03310152,25.44811776
3054,872,204.66454368,22.46790528
3054,873,211.0226412,23.24477952
3054,874,217.45596336,23.1196896
3054,875,223.85109408,23.44667904
3054,876,231.00938304,27.84018816
3054,877,238.43562168,25.61819616
3054,878,245.55898056,25.81131744
3054,879,252.79389624,26.5761216
3054,880,260.87438808,31.72017024
3054,881,269.67719496,30.32662464
3054,882,277.63274928,27.34860672
3054,883,285.24445872,27.3112992
3054,884,292.826694,27.80836704
3054,885,300.59805768,27.79081056
3054,886,308.2203132,27.06331392
3054,887,315.2154732,22.8014784
3054,888,320.78785728,16.90689024
3054,889,325.41414216,16.70718528
3054,890,330.0545088,16.69072608
3054,891,334.65750696,16.46139456
3054,892,339.22889736,16.56234432
3054,893,343.73262216,16.74010368
3054,894,349.14486432,22.51728288
3054,895,356.07882048,28.15181568
3054,896,364.56615936,32.8251312
3054,897,373.71994344,33.69527424
3054,898,382.8016728,31.05741312
3054,899,391.5931716,28.40089824
3054,900,398.61701328,22.7027232
3054,901,405.7762776,26.05930272
3054,902,413.02009344,26.15257152
3054,903,420.27969792,26.14708512
3054,904,427.55411568,27.7118064
3054,905,435.44752128,26.96126688
3054,906,443.516004,32.2764912
3054,907,452.59654464,35.71975584
3054,908,463.29228144,36.56575872
3054,909,472.16153472,29.37308832
3054,910,483.293166,42.10373088
3054,911,494.50246032,34.96372992
3054,912,499.6138344,35.2446336
3059,846,26.8797024,15.56381952
3059,847,29.541978,9.4256352
3059,848,34.0563708,25.54906752
3059,849,40.65638808,20.327112
3059,850,47.05234176,28.05525504
3059,851,54.96315144,28.5951168
3059,852,62.76368448,27.404568
3059,853,70.34354232,27.27179712
3059,854,77.98682904,27.37494144
3059,855,84.51485256,17.06380128
3059,856,89.06719296,16.93432224
3059,857,94.18252944,19.89588096
3059,858,99.94303608,20.31943104
3059,859,105.41376936,19.57876704
3059,860,110.96207424,21.0074256
3059,861,117.2454348,24.89399136
3059,862,124.3616004,23.42912256
3059,863,130.43623392,24.20270496
3059,864,137.565384,25.48871712
3059,865,144.56218992,23.12407872
3059,866,150.97996728,24.02604288
3059,867,157.95565056,25.20891072
3059,868,164.7195588,23.79890592
3059,869,171.29077248,23.58932544
3059,870,177.9187704,25.36691904
3059,871,185.04907872,25.41958848
3059,872,191.8226796,23.05495008
3059,873,198.25877544,24.29597376
3059,874,204.8844264,23.46204096
3059,875,211.83350064,25.99785504
3059,876,219.04729368,25.68074112
3059,877,225.9561648,24.86765664
3059,878,233.10573648,24.85448928
3059,879,239.4431076,22.988016
3059,880,246.474996,27.29374272
3059,881,254.27278584,28.79372448
3059,882,262.56944184,30.75566112
3059,883,271.04656992,30.48573024
3059,884,279.70734,29.62217088
3059,885,287.5417668,27.29593728
3059,886,295.13119536,27.42980544
3059,887,302.76323496,26.80435584
3059,888,309.58417128,22.22869824
3059,889,315.48570888,18.60109056
3059,890,320.19809976,16.42847616
3059,891,324.93289344,17.71778016
3059,892,329.86388688,17.81763264
3059,893,334.66659,16.5908736
3059,894,339.24386304,16.38348768
3059,895,344.16275592,20.84063904
3059,896,350.6467968,26.45761536
3059,897,358.7951676,29.09547648
3059,898,367.17113256,32.75600256
3059,899,376.01283192,28.67082912
3059,900,383.7121104,28.8474912
3059,901,391.85176392,27.89944128
3059,902,399.00218904,24.3212112
3059,903,405.7584468,24.32230848
3059,904,412.47160584,23.93935776
3059,905,420.02427552,32.1064128
3059,906,429.00944424,32.37085728
3059,907,438.00101376,31.94620992
3059,908,446.57610456,30.2629824
3059,909,455.98884672,38.569392
3059,910,466.73091312,38.78226432
3059,911,477.49230384,38.63303424
3059,912,488.22632352,38.37297888
3059,913,496.916006057143,34.4012955428571
3065,881,248.7673968,19.9741536
3065,882,252.6531396,22.10690016
3065,883,259.12639056,25.2593856
3065,884,266.36261688,26.53442496
3065,885,273.83061312,27.34092576
3065,886,281.43177648,27.29703456
3065,887,289.0331532,27.432
3065,888,296.6530008,27.43090272
3065,889,304.23889368,25.71804864
3065,890,310.6279284,19.5754752
3065,891,315.47193192,16.45810272
3065,892,320.02174248,15.12381024
3065,893,324.04662648,14.8516848
3065,894,328.26301632,15.21268992
3065,895,332.48961696,15.19623072
3065,896,336.86468568,17.74630944
3065,897,342.483948,22.89364992
3065,898,349.51714704,27.62512128
3065,899,357.81697296,32.31050688
3065,900,366.8589564,33.07092192
3065,901,375.60232728,27.7227792
3065,902,382.55201112,23.49934848
3065,903,389.33804784,24.63283872
3065,904,395.90356176,20.69360352
3065,905,401.59439112,21.81831552
3065,906,407.68709928,21.95876736
3065,907,413.92178328,24.0688368
3065,908,421.12106784,26.70450336
3065,909,428.94235776,30.50548128
3065,910,437.56252848,31.39427808
3065,911,446.71302072,34.05298752
3065,912,456.70140816,39.19923072
3065,913,468.20029296,44.823888
3065,914,480.79438512,40.6377648
3065,915,491.00158848,32.22382176
3065,916,498.009149485714,26.7046601142857
3073,903,400.5388992,26.33472
3073,904,404.56128384,26.4609072
3073,905,412.05979056,28.42942752
3073,906,420.24037872,29.6375328
3073,907,428.47211232,29.63424096
3073,908,436.70107224,29.58596064
3073,909,445.10632848,29.160216
3073,910,453.13585776,32.31928512
3073,911,463.71994632,43.4742336
3073,912,475.8205368,43.44350976
3073,913,482.4532896,43.4083968
3076,866,140.663022857143,14.9716018285714
3076,867,144.77929896,19.51951392
3076,868,150.67318608,22.61274624
3076,869,156.8427648,22.38890112
3076,870,163.41858096,24.52091616
3076,871,170.25558024,24.65807616
3076,872,177.03140616,24.10943616
3076,873,183.57421248,23.11200864
3076,874,190.23781104,24.72939936
3076,875,197.02232376,23.31939456
3076,876,203.23996944,21.82160736
3076,877,209.52976128,24.2718336
3076,878,216.54473328,24.90715872
3076,879,223.24780344,23.31829728
3076,880,229.54372176,22.05752256
3076,881,235.642404,21.9456
3076,882,241.70387016,21.76784064
3076,883,247.7850264,21.9456
3076,884,253.87072416,21.72724128
3076,885,260.0588652,23.05165824
3076,886,266.40163128,22.4064576
3076,887,272.4002172,21.33222048
3076,888,278.4954552,22.54471488
3076,889,285.11805816,24.26963904
3076,890,291.68076792,22.47668352
3076,891,297.7874664,22.09812192
3076,892,303.4715292,17.33592672
3076,893,308.078124,16.43286528
3076,894,312.5765148,16.20902016
3076,895,317.14278456,16.45810272
3076,896,321.7573956,17.37981792
3076,897,326.89787808,19.05207264
3076,898,332.17753224,18.85895136
3076,899,337.7828652,21.83367744
3076,900,343.82656152,21.68993376
3076,901,349.93746624,23.78025216
3076,902,356.89013712,26.04613536
3076,903,364.05650328,24.25208256
3076,904,370.3569936,21.94779456
3076,905,376.45259736,21.99826944
3076,906,382.73364144,23.9591088
3076,907,389.69451144,25.28901216
3076,908,396.48838152,23.94594144
3076,909,403.14628032,24.83803008
3076,910,410.49333192,27.41883264
3076,911,418.19059872,29.09767104
3076,912,426.9025752,32.91620544
3076,913,436.0357548,33.22893024
3076,914,445.50546408,35.52882912
3076,915,455.63488248,37.65096864
3076,916,466.31745192,39.26726208
3076,917,477.43442232,37.02661632
3076,918,486.26578896,26.53661952
3076,919,493.34946288,24.71184288
3076,920,498.449092,17.4979584
3088,848,20.1741024,14.8242528
3088,849,22.49174064,14.9833584
3088,850,26.99909256,16.66109952
3088,851,31.65402864,19.06304544
3088,852,36.95596368,19.25068032
3088,853,42.51344304,20.59814016
3088,854,48.45180048,22.30879968
3088,855,54.76213584,22.741128
3088,856,61.27924752,24.67672992
3088,857,68.27772984,25.25719104
3088,858,75.3057168,25.59186144
3088,859,82.2292488,24.20928864
3088,860,88.63364544,20.81430432
3088,861,94.47897792,21.62299968
3088,862,100.57519128,21.863304
3088,863,106.80722352,23.80219776
3088,864,113.27443944,22.99569696
3088,865,119.74439856,23.45216544
3088,866,125.99118312,20.34466848
3088,867,131.55555096,19.96610688
3088,868,136.76638128,17.91748512
3088,869,141.50672232,15.85240416
3088,870,145.91114328,16.2452304
3088,871,150.46930536,16.3549584
3088,872,155.23293312,18.75580704
3088,873,160.58790336,18.64168992
3088,874,165.9261096,21.07765152
3088,875,171.9899532,21.94450272
3088,876,178.10091888,22.67419392
3088,877,184.34492976,23.24477952
3088,878,191.09606688,24.73927488
3088,879,197.91584496,24.63283872
3088,880,204.73821384,24.41667456
3088,881,211.82389944,26.4773664
3088,882,218.98819296,23.89656384
3088,883,225.1403676,21.57581664
3088,884,231.2209752,21.9456
3088,885,237.31627416,21.79417536
3088,886,243.36173832,21.92694624
3088,887,249.53616336,23.66613504
3088,888,256.61922768,26.7846048
3088,889,264.01910112,24.94227168
3088,890,270.34604808,23.32707552
3088,891,277.47998352,27.43090272
3088,892,285.10998096,26.6529312
3088,893,291.85432104,22.02021504
3088,894,297.39771864,16.86848544
3088,895,301.981362,16.46139456
3088,896,306.55342296,16.4592
3088,897,311.06745,14.48519328
3088,898,315.14314416,15.35753088
3088,899,319.57088232,16.40872512
3088,900,324.72120984,21.77771616
3088,901,330.87524376,22.19687712
3088,902,337.0217796,22.01033952
3088,903,343.07065752,21.78539712
3088,904,349.57152336,25.36801632
3088,905,356.15340504,22.02021504
3088,906,362.15125944,21.38159808
3088,907,368.2217172,22.0443552
3088,908,374.81856456,30.51864864
3088,909,384.1536132,34.77499776
3088,910,393.80422128,34.61808672
3088,911,402.4588725,34.6178124
3101,862,22.99191744,24.87314304
3101,863,29.59388544,23.2239312
3101,864,35.98124376,23.46094368
3101,865,42.8605188,26.7407136
3101,866,50.39142576,26.8394688
3101,867,57.94336392,29.46635712
3101,868,66.56813712,31.53143808
3101,869,75.34073832,31.8156336
3101,870,84.14808672,31.71907296
3101,871,93.14575224,33.04787904
3101,872,102.040944,29.78676288
3101,873,110.04587592,28.23191712
3101,874,117.9722304,29.29627872
3101,875,125.9665248,27.25862976
3101,876,133.72011864,28.968192
3101,877,141.31421064,25.74986976
3101,878,148.3167468,25.26048288
3101,879,154.98961128,21.69103104
3101,880,161.05702104,21.78539712
3101,881,167.11443336,21.95437824
3101,882,173.26764432,22.57982784
3101,883,179.54938944,23.1142032
3101,884,186.12304152,24.53079168
3101,885,192.98058432,25.82667936
3101,886,200.4284028,27.34202304
3101,887,208.0924464,28.43271936
3101,888,216.22795464,29.26116576
3101,889,224.01437544,27.1796256
3101,890,231.6062424,27.432
3101,891,239.21121576,27.25204608
3101,892,246.7961028,27.43090272
3101,893,254.40104568,27.21693312
3101,894,262.04076624,27.83360448
3101,895,269.64397176,26.7297408
3101,896,277.14436824,27.41444352
3101,897,284.75930856,26.8120368
3101,898,291.5430288,22.05971712
3101,899,297.64003464,22.09702464
3101,900,303.3241584,17.33592672
3101,901,307.9293816,16.50199392
3101,902,312.43213104,16.12782144
3101,903,316.99267056,16.4592
3101,904,321.60231336,18.74373696
3101,905,327.5493576,23.24477952
3101,906,334.00276608,23.24477952
3101,907,340.82876208,26.06478912
3101,908,347.61946224,24.37388064
3101,909,355.2011184,29.5058592
3101,910,361.6830968,29.0980368
3102,854,20.814792,24.6010176
3102,855,24.9359928,20.05608384
3102,856,31.22953368,19.52938944
3102,857,37.40075832,18.9609984
3102,858,42.54401448,20.18007648
3102,859,48.44101056,20.7276192
3102,860,54.01049904,20.16471456
3102,861,60.17827944,29.9722032
3102,862,69.01955208,25.94189376
3102,863,75.16374096,20.56631904
3102,864,80.96777304,18.41565024
3102,865,85.62600096,15.76352448
3102,866,90.15185424,17.15707008
3102,867,94.1083933714286,17.5674528
3109,851,20.70177216,16.1519616
3109,852,24.09514104,13.6391904
3109,853,28.36264584,16.9310304
3109,854,35.809428,7.22119968
3109,855,37.14103824,12.06678816
3109,856,43.24926072,25.73011872
3109,857,49.0447584,15.745968
3109,858,53.99422272,20.7221328
3109,859,60.07970712,22.06300896
3109,860,66.10072632,21.52204992
3109,861,72.07828104,21.51875808
3109,862,78.09680088,21.81612096
3109,863,84.115656,21.51985536
3109,864,90.10759728,21.66908544
3109,865,96.01602336,20.11423968
3109,866,101.40976416,20.1131424
3109,867,107.31867792,21.45072672
3109,868,113.16513816,20.9415888
3109,869,119.09011488,20.94597792
3109,870,124.73083512,19.88381088
3109,871,130.20870072,20.89001664
3109,872,135.93570984,19.96720416
3109,873,141.50608224,19.09157472
3109,874,146.59383432,18.34432704
3109,875,151.71676032,18.22691808
3109,876,156.93365616,21.30149664
3109,877,163.34753208,24.36071328
3109,878,170.37597624,25.53809472
3109,879,177.3503184,24.27622272
3109,880,183.90958392,24.75353952
3109,881,191.29159608,26.85483072
3109,882,198.6642204,25.3526544
3109,883,205.33940136,23.3501184
3109,884,212.03372376,25.11783648
3109,885,218.86919904,23.37316128
3109,886,224.99064984,21.59227584
3109,887,231.0710136,21.9401136
3109,888,237.217458,23.19979104
3109,889,243.98304264,24.70964832
3109,890,250.70305968,23.64528672
3109,891,257.22294504,25.2758448
3109,892,264.75988704,28.07281152
3109,893,272.36812176,26.2304784
3109,894,279.48462264,25.48323072
3109,895,286.48447656,22.9660704
3109,896,292.41030672,18.77775264
3109,897,297.14214384,16.4592
3109,898,301.70774304,16.3330128
3109,899,306.25109184,16.45700544
3109,900,310.78362024,16.17500448
3109,901,315.31611816,16.4592
3109,902,319.86589824,16.86080448
3109,903,325.3104492,23.08457664
3109,904,331.7583408,23.1361488
3109,905,338.63423256,26.83507968
3109,906,346.0168848,25.1441712
3109,907,352.49574408,22.05861984
3109,908,358.57138344,21.47267232
3109,909,364.57088376,21.9456
3109,910,370.65944664,21.94340544
3109,911,377.09965728,25.91994816
3109,912,385.2563796,32.50033632
3109,913,394.29107832,31.42500192
3109,914,403.11235608,32.68577664
3109,915,412.45319592,35.990784
3109,916,422.54280744,36.26290944
3109,917,432.9263376,38.78994528
3109,918,443.9264172,39.831264
3109,919,455.00891472,39.90368448
3109,920,466.01067072,38.5200144
3109,921,476.89361568,39.82358304
3109,922,487.60657368,32.03399232
3109,923,495.18542568,22.35927456
3109,924,499.0601144,18.1270656
3111,875,118.3894,24.6668544
3111,876,123.91759824,24.15223008
3111,877,131.26705776,32.20955712
3111,878,139.42240848,20.98109088
3111,879,144.81432048,19.0871856
3111,880,150.36433224,20.4862176
3111,881,155.9999928,19.72470528
3111,882,161.62321752,20.92293504
3111,883,167.57074944,21.9456
3111,884,173.69384616,22.55239584
3111,885,180.18642144,24.8479056
3111,886,186.91856952,23.08457664
3111,887,193.31754072,23.80987872
3111,888,200.1947736,25.14636576
3111,889,207.215994,25.91116992
3111,890,214.63720344,27.07867584
3111,891,222.12586512,26.63427744
3111,892,229.6222992,27.432
3111,893,237.23748336,27.22241952
3111,894,244.67929728,26.00882784
3111,895,251.88205656,27.41334624
3111,896,259.657596,27.37274688
3111,897,267.09645336,26.26229952
3111,898,274.33789176,26.57392704
3111,899,281.64745296,24.08419872
3111,900,287.8846668,21.94669728
3111,901,293.89739544,20.3600304
3111,902,298.93314864,16.48443744
3111,903,303.50572776,16.45810272
3111,904,308.07976992,16.42957344
3111,905,312.57639288,16.20353376
3111,906,317.22261168,18.71301312
3111,907,323.12225952,23.47959744
3111,908,329.90293176,24.70855104
3111,909,336.43814856,22.75539264
3111,910,342.62543616,21.7041984
3111,911,348.84524592,24.60211488
3111,912,356.20994544,27.55708992
3111,913,364.23471984,31.27686912
3111,914,372.0325935,29.5840404
3111,915,380.2282464,29.3851584
3120,915,385.278376,22.695408
3120,916,389.45307936,23.15919168
3120,917,395.73381864,24.94885536
3120,918,404.73535512,42.83342208
3120,919,416.80674576,43.47862272
3120,920,428.73826368,42.88060512
3120,921,440.63652792,42.80050368
3120,922,452.539608,42.88499424
3120,923,464.45631264,43.03422432
3120,924,476.45647152,40.05181728
3120,925,486.32126256,29.47403808
3120,926,493.77228144,21.095208
3120,927,498.317302285714,15.6001865142857
3123,858,15.1546052,22.49424
3123,859,20.3350368,24.96312
3123,860,27.63792288,27.22022496
3123,861,34.97147184,19.90685376
3123,862,39.9841212,19.83004416
3123,863,46.27979568,26.45322624
3123,864,51.1283712,27.2564352
3126,866,22.4881948,26.2688832
3126,867,28.14038568,25.90019712
3126,868,35.0833944,24.07871232
3126,869,41.92740408,25.28791488
3126,870,48.66775128,23.05495008
3126,871,55.2660312,24.75244224
3126,872,62.73481992,29.35992096
3126,873,70.91799888,29.46525984
3126,874,79.15454832,29.83284864
3126,875,87.1241844,27.89724672
3126,876,95.17248936,29.8515024
3126,877,103.51638936,30.16203264
3126,878,111.97352256,30.44183904
3126,879,120.21324192,28.6828992
3126,880,127.75515216,26.74181088
3126,881,135.51648792,27.70193088
3126,882,142.75759104,24.97519008
3126,883,149.53722696,23.03849088
3126,884,155.65395336,21.17969856
3126,885,161.46542256,20.07583488
3126,886,166.78326816,19.037808
3126,887,172.17533256,19.55133504
3126,888,177.85973064,21.46938048
3126,889,183.7808364,21.07435968
3126,890,189.29765544,17.87139936
3126,891,194.33538984,20.41928352
3126,892,200.35467168,21.85672032
3126,893,206.42756784,21.84026112
3126,894,212.91642456,25.484328
3126,895,220.1381424,26.43566976
3126,896,227.64481776,27.42541632
3126,897,235.26402528,27.50222592
3126,898,242.84491944,27.1796256
3126,899,250.45242264,27.32666112
3126,900,258.34982112,30.19056192
3126,901,266.72511552,28.3756608
3126,902,274.28778264,27.33434208
3126,903,281.85243096,25.8574032
3126,904,288.3519252,21.82160736
3126,905,294.44332272,21.94450272
3126,906,300.5387436,21.37830624
3126,907,306.17580624,18.0557424
3126,908,310.78697304,16.17171264
3126,909,315.32325048,17.62999776
3126,910,320.89362288,22.28136768
3126,911,327.26065104,23.2842816
3126,912,333.65428824,22.44047328
3126,913,339.77205096,21.73272768
3126,914,345.79828224,21.89951424
3126,915,351.8903808,22.2583248
3126,916,358.65054,26.57502432
3126,917,366.17458896,27.44736192
3126,918,373.8998364,28.56987936
3126,919,382.30213608,33.91582752
3126,920,392.25998256,35.55516384
3126,921,402.09228192,36.71389152
3126,922,412.5602112,37.14512256
3126,923,423.03286488,38.29068288
3126,924,433.69903608,38.28629376
3126,925,444.58880856,40.6103328
3126,926,455.9964972,41.7185856
3126,927,467.640924,42.59202048
3126,928,479.53135488,40.43147616
3126,929,489.7105776,31.875984
3126,930,497.1336387,27.1892268
3133,866,42.1107954666667,23.3135424
3133,867,48.45570192,23.16577536
3133,868,54.8257476,24.908256
3133,869,62.170056,26.90750016
3133,870,69.6439044,26.89872192
3133,871,74.8763298,26.6392152
3139,872,21.8436661714286,26.7077952
3139,873,28.03471152,29.06584992
3139,874,36.10273704,29.45867616
3139,875,44.66527008,31.52265984
3139,876,53.12356152,30.6250848
3139,877,62.24506728,34.591752
3139,878,71.854314,34.4765376
3139,879,81.52433784,34.31633472
3139,880,90.45531312,30.94219872
3139,881,99.5245152,28.03879584
3139,882,106.39982784,26.65512576
3139,883,114.26552712,28.40748192
3139,884,121.9117704,26.43018336
3139,885,129.00376536,27.07099488
3139,886,136.8667824,27.45504288
3139,887,144.15897,24.59333664
3139,888,150.64840584,22.52935296
3139,889,156.7072812,21.18079584
3139,890,162.19471752,16.66987776
3139,891,166.91917848,18.0173376
3139,892,171.42585984,9.79432128
3139,893,174.96364296,16.39007136
3139,894,179.63787288,18.65376
3139,895,185.53383264,24.25098528
3139,896,192.80380032,26.71437888
3139,897,200.27658192,27.29154816
3139,898,207.64807848,25.74986976
3139,899,215.1124476,28.1342592
3139,900,222.91374264,27.95430528
3139,901,230.89825296,29.59803072
3139,902,239.03065224,29.050488
3139,903,247.70916168,33.82585056
3139,904,256.82429712,31.69932192
3139,905,265.48473192,29.0011104
3139,906,272.77652328,22.61055168
3139,907,278.09345448,16.48443744
3139,908,282.6657288,16.45481088
3139,909,287.21432016,16.33411008
3139,910,291.77455488,16.46139456
3139,911,296.36871384,17.51039424
3139,912,301.909734,21.9236544
3139,913,307.99183512,21.03595488
3139,914,313.8710004,21.87647136
3139,915,319.96559832,22.1156784
3139,916,326.47868664,24.65807616
3139,917,333.28008528,24.92361792
3139,918,340.8823764,30.3068736
3139,919,349.36316208,30.72603456
3139,920,357.87424488,30.2355504
3139,921,366.30845712,30.6854352
3139,922,375.16835304,33.90485472
3139,923,385.19234112,39.17399328
3139,924,396.0402036,36.7808256
3139,925,405.46230312,31.766256
3139,926,414.47642784,34.22196864
3139,927,423.9543972,34.35912864
3139,928,433.50365928,32.41145664
3139,929,442.1602536,30.89062656
3139,930,450.76859808,31.01023008
3139,931,459.38264232,30.93012864
3139,932,467.86038,29.6978832
3139,933,476.2795656,30.71176992
3139,934,484.8100032,30.63386304
3139,935,492.50227128,14.26244544
3139,936,495.39811512,9.96001056
3139,937,498.18971736,10.0565712
3139,938,500.97071256,9.9907344
3139,939,502.6414128,10.0620576
3140,927,398.60914944,33.27611328
3140,928,405.55069512,32.45973696
3140,929,413.86438944,27.5362416
3140,930,421.38286056,27.67998528
3140,931,429.79198776,32.08885632
3140,932,438.69659784,32.00436576
3140,933,447.59675784,32.08885632
3140,934,456.49624728,31.75747776
3140,935,464.5635108,24.33876768
3140,936,470.58379848,19.63472832
3140,937,476.03590848,18.14133024
3140,938,479.71386912,7.1487792
3140,939,481.49829024,6.30826272
3140,940,483.2506464,6.30826272
3140,941,485.00297208,6.30826272
3140,942,486.7552368,6.30716544
3140,943,488.50762344,6.31045728
3140,944,490.2526644,6.63744672
3140,945,491.88398448,5.00798592
3140,946,493.8410748,8.5148928
3140,947,496.6130784,14.52469536
3140,948,499.391178,17.7539904
3148,868,22.78873776,23.0209344
3148,869,29.26518912,23.2019856
3148,870,35.66656824,21.890736
3148,871,41.48346288,20.57729184
3148,872,47.38018464,22.70052864
3148,873,54.25382088,28.08158976
3148,874,62.38850616,29.94147936
3148,875,70.7041512,29.928312
3148,876,79.07331912,30.5208432
3148,877,87.75158472,31.3492896
3148,878,95.93165472,27.92687328
3148,879,103.62111864,27.08416224
3148,880,110.9424756,26.7791184
3148,881,119.06048832,29.05487712
3148,882,126.5884692,24.23233152
3148,883,133.45869168,25.12551744
3148,884,139.90505928,21.94779456
3148,885,145.98463056,21.82928832
3148,886,151.96828128,20.10436416
3148,887,157.2635412,19.57766976
3148,888,162.83312112,19.9759824
3148,889,168.1026864,17.74521216
3148,890,173.28328056,19.86405984
3148,891,179.33215848,23.79232224
3148,892,186.07451736,24.18624576
3148,893,192.63929976,22.52386656
3148,894,198.65382672,21.39805728
3148,895,204.76848048,24.23452608
3148,896,211.93533432,26.21840832
3148,897,219.22532736,27.06331392
3148,898,227.34718056,30.51974592
3148,899,235.34427912,27.4265136
3148,900,242.8315692,27.80068608
3148,901,251.2696524,32.06581344
3148,902,260.13875328,31.68615456
3148,903,268.57232544,28.34603424
3148,904,276.2635572,27.5856192
3148,905,283.47155904,22.82232672
3148,906,289.59858768,22.09702464
3148,907,295.28262,17.33592672
3148,908,299.88726408,16.4592
3148,909,304.45621608,16.29131616
3148,910,309.07244256,18.44747136
3148,911,314.66183448,20.97121536
3148,912,320.48738544,20.97121536
3148,913,326.31290592,20.97011808
3148,914,332.13793872,20.9745072
3148,915,337.98473424,21.68335008
3148,916,344.58536112,26.25681312
3148,917,352.12023048,27.43419456
3148,918,359.692194,26.94590496
3148,919,367.23258024,27.53733888
3148,920,375.2465952,30.66568416
3148,921,384.36538824,35.56723392
3148,922,394.31439552,35.16892128
3148,923,403.77718584,33.82694784
3148,924,413.61853776,36.98711424
3148,925,423.88578672,36.89494272
3148,926,434.13422952,36.82691136
3148,927,444.3859032,34.37339328
3148,928,452.94877152,29.88222624
3148,929,461.77651104,32.6605392
3148,930,470.88015552,32.82183936
3148,931,479.96724936,32.66273376
3148,932,489.04087104,32.66383104
3148,933,498.10900632,32.48387712
3150,904,271.5511968,24.6380508
3150,905,277.59983088,21.29930208
3150,906,282.76012536,17.00893728
3150,907,287.45919648,16.11026496
3150,908,291.55104504,14.79791808
3150,909,296.12651976,20.00670624
3153,881,90.1498493333333,27.968448
3153,882,97.41600024,25.82667936
3153,883,104.60543976,27.53733888
3153,884,111.91725648,22.85414784
3153,885,118.25578584,23.82085152
3153,886,124.95913032,23.54323968
3153,887,131.65845144,26.10099936
3153,888,138.78979608,24.9466608
3153,889,145.58058768,23.06263104
3153,890,151.65695856,19.41198048
3153,891,156.40479768,15.33558528
3153,892,160.34089344,13.54262976
3153,893,164.13150816,14.27890464
3153,894,168.72932472,17.8308
3153,895,173.58155784,18.0941472
3153,896,179.16055608,22.42730592
3153,897,185.60667984,24.70745376
3153,898,192.74521776,26.4115296
3153,899,200.67294384,29.9447712
3153,900,208.70046144,28.01136384
3153,901,216.45999888,27.82921536
3153,902,224.0136744,26.70560064
3153,903,231.68689248,28.37675808
3153,904,239.81508552,30.14447616
3153,905,248.32885056,31.21981056
3153,906,256.36005624,25.15404672
3153,907,263.60006208,26.05381632
3153,908,269.86766448,17.45114112
3153,909,274.43015472,16.4592
3153,910,279.00215472,16.45810272
3153,911,283.56802824,16.33411008
3153,912,288.10348272,16.38677952
3153,913,293.22835944,21.53192544
3153,914,299.31271608,21.94669728
3153,915,305.3693664,20.38087872
3153,916,310.47196224,16.52942592
3153,917,315.0402132,18.1709568
3153,918,320.76197976,24.6888
3153,919,328.45665576,29.78456832
3153,920,336.74416776,30.99816
3153,921,345.650058,32.5672704
3153,922,354.94703712,34.80462432
3153,923,365.0813628,37.26801792
3153,924,375.59016576,37.86932736
3153,925,386.50922952,42.02801856
3153,926,397.11879936,30.00402432
3153,927,405.7357392,30.61740384
3153,928,414.73599552,35.0690688
3153,929,424.47472128,35.00432928
3153,930,434.19881664,34.99555104
3153,931,443.89983864,34.92971424
3153,932,453.6214956,34.80352704
3153,933,462.79649376,29.1492432
3153,934,470.4082032,26.33142816
3153,935,477.64220448,22.6643184
3153,936,482.48495832,11.67396192
3153,937,485.07673368,7.70619744
3153,938,487.46033064,8.78153184
3153,939,489.89967552,8.78262912
3153,940,492.33828888,8.8276176
3153,941,494.76559416,6.93371232
3153,942,495.91255656,3.6978336
3153,943,497.87269488,9.79212672
3153,944,499.6915584,10.4351328
3163,876,21.3248748,29.0669472
3163,877,27.82074192,29.10315744
3163,878,35.96508936,31.26370176
3163,879,45.08851536,29.72860704
3163,880,52.87161384,27.9093168
3163,881,61.13477232,30.86429184
3163,882,69.8089536,31.29223104
3163,883,78.54257088,31.50181152
3163,884,86.93664096,27.02490912
3163,885,94.11471144,26.30399616
3163,886,101.55762264,26.31496896
3163,887,108.8256396,26.77692384
3163,888,116.25852288,25.46347968
3163,889,123.07028472,24.45946848
3163,890,129.70776192,24.75792864
3163,891,136.76781384,23.49166752
3163,892,142.77417216,20.50926048
3163,893,148.5954864,19.72470528
3163,894,153.28684608,14.49397152
3163,895,157.38101112,14.94605088
3163,896,161.60620968,15.38715744
3163,897,165.84055224,15.15563136
3163,898,170.21397504,17.37433152
3163,899,175.44525744,20.53230336
3163,900,181.45630968,22.5436176
3163,901,187.81776,23.06263104
3163,902,194.29454664,23.564088
3163,903,200.90779224,23.98215168
3163,904,207.89450928,26.45980992
3163,905,215.24698632,26.44225344
3163,906,222.5802,26.27656416
3163,907,229.52823792,23.56189344
3163,908,236.49166824,26.99199072
3163,909,244.05543264,27.39798432
3163,910,251.67387816,27.12585888
3163,911,258.94942368,25.67854656
3163,912,265.91395128,23.25026592
3163,913,271.94600424,21.20383872
3163,914,277.976838,22.28246496
3163,915,284.38574568,23.66503776
3163,916,291.32305464,26.14927968
3163,917,298.08994992,22.35598272
3163,918,304.19765424,21.9456
3163,919,310.26271704,21.6657936
3163,920,316.312296,21.94450272
3163,921,322.5160428,23.93387136
3163,922,329.59017648,26.08892928
3163,923,336.65912856,25.57649952
3163,924,344.06653056,27.17743104
3163,925,351.66549936,27.432
3163,926,359.2513008,26.7516864
3163,927,367.0095276,30.74139648
3163,928,375.7959972,31.78052064
3163,929,384.63281976,31.93743168
3163,930,393.4955808,31.78161792
3163,931,402.3236556,31.78052064
3163,932,411.15255336,31.79259072
3163,933,419.84045064,30.04791552
3163,934,428.10263376,29.8076112
3163,935,436.38023976,29.72421792
3163,936,444.58262112,25.264872
3163,937,450.03223176,14.923008
3163,938,454.17528672,14.91422976
3163,939,458.3181588,14.91642432
3163,940,462.46109184,14.91422976
3163,941,466.60432968,14.85497664
3163,942,470.82462096,12.90511008
3163,943,472.78482024,1.9586448
3163,944,476.08705392,21.68664192
3163,945,482.0645172,17.88895584
3163,946,486.0034476,11.51814816
3163,947,489.20329896,11.52034272
3163,948,492.40339416,11.52034272
3163,949,495.58736544,10.39782528
3163,950,498.17292288,8.8276176
3163,951,499.6254168,8.5478112
3174,882,18.5153808,34.2790272
3174,883,24.74619384,34.3009728
3174,884,34.30499616,34.28890272
3174,885,43.43939496,31.59508032
3174,886,52.20876528,31.56216192
3174,887,61.01779008,31.85074656
3174,888,69.86470152,31.84196832
3174,889,78.78311904,31.2944256
3174,890,86.46880344,23.84608896
3174,891,93.65175072,28.03221216
3174,892,101.24471496,27.04466016
3174,893,108.89610936,27.69205536
3174,894,116.44112856,27.57245184
3174,895,123.90062088,24.36729696
3174,896,130.11777888,21.87537408
3174,897,135.6548976,15.16331232
3174,898,137.8643928,13.7818368
3175,878,19.946112,33.2695296
3175,879,24.59943264,30.07425024
3175,880,32.72512632,30.66568416
3175,881,41.24422536,29.38406112
3175,882,49.982628,35.33899968
3175,883,60.32071248,38.12609088
3175,884,70.16977584,29.36650464
3175,885,77.80516824,26.07795648
3175,886,85.12548888,27.61085664
3175,887,92.43971352,23.95142784
3175,888,99.0421692,24.41118816
3175,889,105.90766728,25.02566496
3175,890,112.86420912,24.9850656
3175,891,119.6611272,23.28537888
3175,892,125.71686312,19.82016864
3175,893,131.31421032,21.56813568
3175,894,137.27286744,20.8428336
3175,895,142.7643576,18.3629808
3175,896,147.98829432,19.7674992
3175,897,153.12133968,17.30739744
3175,898,157.45888752,13.62712032
3175,899,161.5491816,15.19842528
3175,900,165.90748632,17.01222912
3175,901,170.79215016,19.85967072
3175,902,176.71215864,22.42072224
3175,903,183.2995572,24.62735232
3175,904,189.81944256,22.30002144
3175,905,196.03336968,24.09956064
3175,906,203.2823976,28.77287616
3175,907,211.76016576,31.2066432
3175,908,220.35875664,30.01938624
3175,909,228.49703856,29.571696
3175,910,236.6715612,26.62659648
3175,911,243.46872312,23.5311696
3175,912,249.9029292,22.79270016
3175,913,256.0531836,21.03376032
3175,914,261.49057176,19.05646176
3175,915,267.0264408,20.17129824
3175,916,272.69401392,21.53412
3175,917,278.74880496,21.83367744
3175,918,284.93975016,23.4763056
3175,919,292.07975112,27.41115168
3175,920,299.69533152,27.10610784
3175,921,306.89781648,24.68111904
3175,922,313.97496768,26.60245632
3175,923,321.5947848,28.13206464
3175,924,329.36212512,27.23887872
3175,925,336.9461892,27.43090272
3175,926,344.48093664,26.965656
3175,927,352.05597864,27.32556384
3175,928,359.59913856,26.72535168
3175,929,367.37230056,30.17629728
3175,930,375.7539348,29.39722848
3175,931,384.42787224,34.42606272
3175,932,394.09347648,34.45898112
3175,933,403.41109056,31.52156256
3175,934,411.7791612,29.76262272
3175,935,419.91790032,28.47661056
3175,936,428.00753616,30.83576256
3175,937,436.49713056,29.12510304
3175,938,444.58533384,27.32446656
3175,939,451.03929096,19.69288416
3175,940,456.13222464,15.63953184
3175,941,459.80232144,10.7588304
3175,942,462.77820576,10.7094528
3175,943,465.83321616,9.92599488
3175,944,469.3990104,10.18495296
3175,945,472.18430328,9.94355136
3175,946,474.94633992,9.94464864
3175,947,477.72952968,9.70983072
3175,948,479.9234496,5.63124096
3175,949,481.86615336,8.95599936
3175,950,485.06874792,15.58905696
3175,951,489.56052456,16.79716224
3175,952,493.7467392,11.86049952
3175,953,496.7762988,10.69848
3175,954,499.74239904,10.63044864
3175,955,502.7011536,10.69738272
3175,956,504.9298512,10.69848
3181,885,24.65655216,27.08525952
3181,886,32.47107552,30.05779104
3181,887,40.79668752,29.28311136
3181,888,48.82146192,29.13936768
3181,889,57.1632588,31.64884704
3181,890,66.27242016,33.13346688
3181,891,75.48972456,33.42644064
3181,892,84.61412592,31.0585104
3181,893,92.74661664,27.22022496
3181,894,100.31208792,27.86103648
3181,895,108.24779976,28.6225488
3181,896,115.8587472,25.83984672
3181,897,123.17839728,26.3786112
3181,898,129.8131008,22.58641152
3181,899,136.30409112,22.1047056
3181,900,142.33190736,21.55387104
3181,901,148.17193632,20.44122912
3181,902,154.44130656,25.07175072
3181,903,161.7133164,27.22132224
3181,904,169.29823392,27.4265136
3181,905,177.33928464,30.69969984
3181,906,185.67007824,29.14156224
3181,907,193.98194376,30.14337888
3181,908,202.10026128,28.9736784
3181,909,210.7937364,33.92460576
3181,910,220.26975504,33.33865824
3181,911,229.3952232,32.9184
3181,912,238.49124768,30.93342048
3181,913,246.4977036,27.49893408
3181,914,253.55522568,21.86988768
3181,915,259.45807392,21.369528
3181,916,265.32145056,19.35492192
3181,917,270.09873336,15.91714368
3181,918,274.59395424,18.03708864
3181,919,280.26631272,21.94669728
3181,920,286.3623432,21.9456
3181,921,292.46023296,21.7919808
3181,922,298.88986704,26.0988048
3181,923,306.40516824,27.40237344
3181,924,313.95082752,27.1796256
3181,925,321.63386016,29.24470656
3181,926,330.2821944,31.59398304
3181,927,338.469732,27.2454624
3181,928,346.02121296,27.38371968
3181,929,353.64045096,27.43419456
3181,930,361.19001168,26.96126688
3181,931,368.76194472,27.432
3181,932,376.37487336,27.35299584
3181,933,384.54232464,32.53106016
3181,934,393.66852432,31.72894848
3181,935,401.8838292,28.84858848
3181,936,410.20977648,30.2739552
3181,937,418.64094072,30.34966752
3181,938,427.04982408,30.26627424
3181,939,435.45645192,30.20043744
3181,940,443.83826904,30.25091232
3181,941,451.49618616,18.52976736
3181,942,455.82102384,14.20319232
3181,943,459.22838304,9.83930976
3181,944,461.8143672,9.23800032
3181,945,464.38023456,9.23690304
3181,946,466.98511632,8.67180384
3181,947,468.91526232,6.91944768
3181,948,471.54242496,10.05547392
3181,949,474.3357036,10.05547392
3181,950,477.12916512,10.07083584
3181,951,479.99641872,11.1538512
3181,952,483.38771496,12.89304
3181,953,486.9689016,12.89194272
3181,954,490.55027112,12.89194272
3181,955,494.124996,10.87843392
3181,956,496.34848152,5.650992
3181,957,497.91814056,5.650992
3181,958,499.48822632,5.64440832
3181,959,501.04069464,5.59283616
3181,960,502.60898208,5.650992
3181,961,504.17864112,5.650992
3181,962,505.74833064,5.650992
3181,963,507.31792872,5.650992
3181,964,508.88755728,5.650992
3181,965,510.45721632,5.650992
3194,887,22.1640908,27.816048
3194,888,28.41211488,28.73666592
3194,889,36.78457464,30.46707648
3194,890,45.36210384,32.50253088
3194,891,54.39189528,32.4959472
3194,892,63.50535432,23.22832032
3194,893,69.0251604,24.12479808
3194,894,77.3145012,30.33869472
3194,895,85.18324848,26.17232256
3194,896,92.86445232,30.02926176
3194,897,100.954332,28.91223072
3194,898,108.8984868,28.47880512
3194,899,116.82456696,27.68656896
3194,900,124.0069656,23.4763056
3194,901,129.79368504,20.9635344
3194,902,136.09606512,23.25355776
3194,903,142.92520056,23.67820512
3194,904,149.29811136,23.7670848
3194,905,156.40635216,27.28276992
3194,906,164.34197256,29.86905888
3194,907,172.47559104,29.41368768
3194,908,180.57132288,28.58085216
3194,909,188.41321728,28.33835328
3194,910,196.38254856,29.46855168
3194,911,204.7903956,31.26040992
3194,912,213.70689288,32.29075584
3194,913,222.4619376,29.023056
3194,914,229.935024,25.02676224
3194,915,236.44984968,20.88453024
3194,916,241.76114208,17.96137632
3194,917,246.51922248,16.44164352
3194,918,251.06266272,16.50199392
3194,919,255.75947832,17.91199872
3194,920,260.99984376,19.22105376
3194,921,266.155932,17.69034816
3194,922,271.25871072,20.42367264
3194,923,277.21450272,22.11897024
3194,924,283.87828416,26.64305568
3194,925,291.46990728,27.43309728
3194,926,299.0898768,27.43090272
3194,927,306.6560796,25.53699744
3194,928,313.2397596,22.43718144
3194,929,319.33597296,22.30441056
3194,930,326.26800888,28.29665664
3194,931,334.14864336,28.09365984
3194,932,341.79958056,27.17194464
3194,933,349.37651232,27.432
3194,934,356.98764264,27.01613088
3194,935,364.49700024,28.32738048
3194,936,372.85333608,32.04167328
3194,937,382.06987848,34.73549568
3194,938,392.01538056,34.12321344
3194,939,400.703796,28.64559168
3194,940,408.70397304,28.748736
3194,941,416.28934776,24.77438784
3194,942,422.19847488,15.41349216
3194,943,425.82894768,12.40145856
3194,944,429.27352296,12.40036128
3194,945,432.71791536,12.40036128
3194,946,436.16264304,12.35976192
3194,947,439.32597936,7.5218544
3194,948,440.82678408,4.79401632
3194,949,442.22855928,5.07601728
3194,950,443.6380764,5.07382272
3194,951,445.04369208,4.96958112
3194,952,446.88081312,8.95709664
3194,953,449.46027456,9.21934656
3194,954,452.38102056,12.30489792
3194,955,455.87713752,12.73832352
3194,956,459.17123304,10.69189632
3194,957,462.09228384,10.4954832
3194,958,465.00833592,10.49438592
3194,959,467.92490616,10.6216704
3194,960,470.93346504,9.1677744
3194,961,472.71374088,3.19966848
3194,962,473.76042408,3.84486912
3194,963,474.8274984,3.84048
3194,964,475.8862212,3.31268832
3194,965,477.59636256,9.79651584
3194,966,480.42810696,10.24420608
3194,967,483.26430144,10.18714752
3194,968,486.6805608,15.48920448
3194,969,491.08799928,15.79863744
3194,970,495.78149256,18.37724544
3194,971,500.94453024,18.58572864
3194,972,504.0459312,18.65376
3196,879,3.9000176,30.8445408
3198,915,251.0400999,18.3835548
3198,916,255.61006536,18.10073088
3198,917,260.7096132,18.86334048
3198,918,266.0719596,19.57986432
3198,919,271.39946736,17.6278032
3198,920,276.11487576,17.60914944
3198,921,281.67339144,21.9346272
3198,922,287.75747376,22.25942208
3198,923,294.52744752,27.00735264
3198,924,302.07240576,26.33252544
3198,925,309.43719672,26.78241024
3198,926,316.95609456,25.81680384
3198,927,323.8658496,27.185112
3198,928,331.86047928,29.04390432
3198,929,339.68640216,27.1796256
3198,930,347.24056536,27.4265136
3198,931,354.8608092,27.52307424
3198,932,362.1764664,24.59662848
3198,933,369.61331208,30.98938176
3198,934,378.44949456,30.88623744
3198,935,387.1647324,32.29953408
3198,936,396.12301776,32.18102784
3198,937,404.8629444,27.92467872
3198,938,412.50873048,29.64082464
3198,939,420.83074584,29.41917408
3198,940,428.09181336,21.7316304
3198,941,434.0441916,21.39805728
3198,942,439.98376824,21.43097568
3198,943,444.95594016,11.2251744
3198,944,447.834258,10.22006592
3198,945,450.67340904,10.2211632
3198,946,453.51249912,10.22006592
3198,947,456.3194328,9.81407232
3198,948,459.17717664,10.76870592
3198,949,462.16830096,10.7698032
3198,950,465.15948624,10.76870592
3198,951,468.15490824,10.92013056
3198,952,471.18471168,10.77309504
3198,953,474.17684184,10.77199776
3198,954,477.16842336,10.76870592
3198,955,480.15970008,10.76870592
3198,956,483.16856376,9.99951264
3198,957,485.42816808,5.61697632
3198,958,486.80238936,4.84558848
3198,959,488.14887384,4.84668576
3198,960,489.49541928,4.84558848
3198,961,490.84196472,4.84778304
3198,962,492.189516,4.7402496
3198,963,493.395762,3.19966848
3198,964,494.78927712,6.82069248
3198,965,496.9503396,10.15093728
3198,966,499.2144448,15.6252672
3210,937,396.1052784,40.5390096
3210,938,402.86178,37.33934112
3210,939,412.11727584,28.77287616
3210,940,419.75300352,27.06550848
3210,941,427.30683144,24.8479056
3210,942,432.97370352,15.58466784
3210,943,437.29302432,15.52870656
3210,944,441.59491056,10.85319648
3210,945,443.45699472,6.82288704
3210,946,447.28497792,15.12271296
3210,947,450.79974864,7.19705952
3210,948,452.27872968,5.02115328
3210,949,453.88618392,7.24424256
3210,950,455.76207552,5.91214464
3210,951,457.40784312,6.60672288
3210,952,459.6870156,11.274552
3210,953,463.1059572,12.4925328
3210,954,466.62956712,11.73102048
3210,955,469.29236088,9.40478688
3210,956,472.7908248,13.36157856
3210,957,476.50011888,13.30671456
3210,958,479.59694784,5.16928608
3210,959,480.895152,5.10125472
3210,960,482.3181108,5.12539488
3210,961,483.74161824,5.15941056
3210,962,485.09182128,4.46483232
3210,963,486.31285008,4.38802272
3210,964,487.5219612,3.8075616
3210,965,489.40477176,10.52730432
3210,966,492.42485208,11.05290144
3210,967,496.25073216,18.16766496
3210,968,501.40490016,18.59011776
3210,969,504.5084652,18.6647328
3221,928,289.50781824,17.9076096
3221,929,294.78271752,21.9346272
3221,930,300.88975128,22.70162592
3221,931,307.1228808,22.29453504
3221,932,313.51563408,23.77696032
3221,933,319.95230904,22.42950048
3221,934,326.68750512,26.05820544
3221,935,333.82128816,24.12260352
3221,936,340.30801128,24.96312
3221,937,347.6865792,27.7392384
3221,938,355.58083824,28.35261792
3221,939,363.37625064,28.15730208
3221,940,371.28574968,28.50404256
3221,941,379.20378312,28.50404256
3221,942,387.14379264,28.66314816
3221,943,395.08361928,28.50294528
3221,944,403.0013784,28.50075072
3221,945,410.91846696,29.0011104
3221,946,417.55088448,12.56166144
3221,947,420.68246064,10.77419232
3221,948,423.0271956,5.61478176
3221,949,424.49441136,4.35400704
3221,950,425.77393128,5.46225984
3221,951,427.21328832,3.730752
3221,952,428.05356096,1.57679136
3221,953,428.87261952,4.64917536
3221,954,430.53033528,9.0909648
3221,955,433.57592736,11.86379136
3221,956,436.87124208,11.86379136
3221,957,440.15229216,11.78259264
3221,958,443.43943824,11.86269408
3221,959,446.7348444,11.86379136
3221,960,450.0301896,11.86379136
3221,961,453.3471756,11.603736
3221,962,455.68477824,3.39937344
3221,963,456.51179208,2.92644576
3221,964,457.3299972,4.00726656
3221,965,459.23365608,8.8276176
3221,966,461.6849796,8.82542304
3221,967,464.1361812,8.82542304
3221,968,466.58741328,8.82432576
3221,969,469.0553484,8.97794496
3221,970,471.5318484,8.8221312
3221,971,473.98393392,8.833104
3221,972,476.51462736,13.13334432
3221,973,482.13486504,24.41228544
3221,974,488.57394792,14.77597248
3221,975,495.28174248,19.49756832
3221,976,499.2076884,21.1336128
3222,907,57.7949906666667,61.5903264
3222,908,73.07339208,50.557176
3222,909,86.39376168,46.16037504
3222,910,99.49299888,48.28909824
3222,911,112.94016528,48.68192448
3222,912,126.10280088,47.35641024
3222,913,139.66243848,49.26677472
3222,914,153.2743188,48.46027392
3222,915,166.59413976,48.1925376
3222,916,179.98366848,46.95700032
3222,917,192.54209904,42.53935104
3222,918,203.36304768,30.30028992
3222,919,211.25892216,29.02963968
3222,920,219.28829904,27.97954272
3222,921,226.88263488,27.596592
3222,922,233.6060352,15.4551888
3222,923,237.00370176,11.78807904
3222,924,240.86204304,16.56563616
3222,925,246.05519496,20.73420288
3222,926,252.15134736,24.04469664
3222,927,260.26088664,36.0237024
3222,928,270.68376648,40.33491552
3222,929,282.2365704,40.27675968
3222,930,292.30646136,31.25163168
3222,931,300.02219904,23.45765184
3222,932,306.0348972,19.6852032
3222,933,310.93751376,16.20024192
3222,934,315.47065176,16.45700544
3222,935,320.03539752,16.49102112
3222,936,325.10461776,20.26785888
3222,937,330.75795672,20.25139968
3222,938,336.98465496,26.63427744
3222,939,344.51854896,28.23630624
3222,940,353.11046472,32.9184
3222,941,362.17101048,32.44218048
3222,942,371.2782516,32.93376192
3222,943,380.66804232,36.94102848
3222,944,391.48060896,37.65096864
3222,945,400.71367152,27.12585888
3222,946,407.16957936,18.60877152
3222,947,411.52696968,12.60994176
3222,948,414.66832992,9.33895008
3222,949,416.48460264,2.67516864
3222,950,416.70466824,0.02304288
3222,951,417.59910384,6.57599904
3222,952,419.45634168,6.69560256
3222,953,421.31592648,6.69669984
3222,954,423.17554176,6.69450528
3222,955,425.02826856,6.37300224
3222,956,427.28354472,12.1414032
3222,957,431.37533232,15.81948576
3222,958,435.36013512,11.90219616
3222,959,438.44986224,9.81078048
3222,960,441.17142144,13.22332128
3222,961,446.25682656,23.81865696
3222,962,451.891646742857,23.8721101714286
3230,901,21.1198290666667,31.8442848
3230,902,29.5271952,31.69822464
3230,903,38.8575804,36.42311232
3230,904,48.51023064,32.7208896
3230,905,58.44521712,40.08034656
3230,906,69.62518968,40.25481408
3230,907,80.85746592,40.60594368
3230,908,92.56346232,43.99763616
3230,909,104.97275424,45.3560688
3230,910,117.8818572,47.55940704
3230,911,130.98575784,47.16767808
3230,912,144.26254104,49.2459264
3230,913,158.35125048,50.6284992
3230,914,171.61410432,44.46946656
3230,915,183.96466128,44.5001904
3230,916,196.31719944,44.35315488
3230,917,208.6581552,44.95665888
3230,918,219.52439712,29.58486336
3230,919,227.60857704,23.40937152
3230,920,233.41913184,17.54440992
3230,921,237.63652752,13.97166624
3230,922,241.45664688,13.63589856
3230,923,245.37226008,15.75474624
3230,924,250.24668264,17.92297152
3230,925,254.84791296,13.08945312
3230,926,256.9147008,9.9596448
3237,905,22.8643053,23.2925112
3237,906,28.5318708,25.77620448
3237,907,36.45039192,30.4275744
3237,908,45.2748396,31.80795264
3237,909,54.20682072,34.50177504
3237,910,64.23708768,36.60964992
3237,911,74.41225656,36.90262368
3237,912,84.86726232,39.90148992
3237,913,96.5153772,43.03312704
3237,914,108.26864808,42.20577792
3237,915,120.89227536,46.94931936
3237,916,133.71295584,47.52539136
3237,917,147.13012992,49.21520256
3237,918,160.94787216,50.60984544
3237,919,174.95974152,49.5751104
3237,920,188.12950944,44.88753024
3237,921,199.94581296,39.25628928
3237,922,210.00296328,32.5233792
3237,923,218.642184,26.93932128
3237,924,225.14225736,21.50339616
3237,925,231.0412956,19.40429952
3237,926,236.178852,18.31250592
3237,927,241.3156464,18.36188352
3237,928,246.68856936,20.6343504
3237,929,253.14597072,26.8175232
3237,930,260.70918648,27.48576672
3237,931,265.2881664,27.6020784
3239,911,56.5306845,38.2964436
3239,912,66.03723648,37.87591104
3239,913,76.58898576,38.18424672
3239,914,87.12607416,36.68316768
3239,915,96.7141068,34.01238816
3239,916,106.65963936,36.66780576
3239,917,116.8112472,36.93225024
3239,918,127.43517312,40.30089984
3239,919,138.80537136,41.52875616
3239,920,150.69976464,43.80122304
3239,921,162.8685084,43.73977536
3239,922,174.97452432,42.2507664
3239,923,186.06366648,37.36567584
3239,924,195.79876512,32.3368416
3239,925,204.08521032,26.59477536
3239,926,211.04193504,23.70563712
3239,927,217.62957744,23.13395424
3239,928,223.78452576,21.68993376
3239,929,229.8521184,21.9456
3239,930,236.02937808,24.18844032
3239,931,243.29681592,28.43710848
3239,932,251.89333416,32.9513184
3239,933,261.63044448,37.24497504
3239,934,272.04000456,37.82763072
3239,935,282.64052184,38.20070592
3239,936,292.98799416,34.49519136
3239,937,301.9031808,29.0888928
3239,938,309.58740216,27.21693312
3239,939,316.59883848,22.34830176
3239,940,322.81913592,23.48069472
3239,941,329.60578224,24.39582624
3239,942,336.52458984,26.64305568
3239,943,344.369136,31.09362336
3239,944,353.41307016,32.80538016
3239,945,362.80249512,36.25852032
3239,946,373.14054912,36.8795808
3239,947,382.87043568,33.22234656
3239,948,392.06628216,29.08230912
3239,949,398.8539648,19.13546592
3239,950,403.56361248,14.11760448
3239,951,406.61100288,7.1432928
3239,952,408.2154396,5.48859456
3239,953,409.7394396,5.48530272
3239,954,411.2634396,5.4864
3239,955,412.78747008,5.48969184
3239,956,414.31134816,5.5906416
3239,957,415.74467016,4.97177568
3239,958,417.78545856,11.09459808
3239,959,421.52809776,15.70646592
3239,960,426.07294008,16.4592
3239,961,430.64494008,16.4592
3239,962,435.18728304,15.09418368
3239,963,438.79888872,10.68421536
3239,964,441.46076808,7.4395584
3239,965,443.11217448,4.52408544
3239,966,443.95159368,1.70407584
3239,967,444.3520704,0.85368384
3239,968,444.576708,0.44878752
3239,969,445.01068224,2.71247616
3239,970,446.10701736,5.52041568
3239,971,448.26637296,10.37807424
3239,972,451.30666152,12.64724928
3239,973,456.07245336,23.3007408
3239,974,462.60712152,23.54433696
3239,975,469.16891688,23.6957616
3239,976,475.7307732,23.52129408
3239,977,482.45106456,24.92910432
3239,978,489.38645328,25.01140032
3239,979,496.07870304,23.12078688
3239,980,499.9158912,23.1855264
3246,909,19.8800042666667,37.728144
3246,910,30.49999488,43.48081728
3246,911,41.97016752,37.31081184
3246,912,52.37229048,37.28228256
3246,913,62.70790608,37.15609536
3246,914,73.02867792,37.389816
3246,915,83.42244936,36.40884768
3246,916,92.9505888,33.9663024
3246,917,103.01810232,38.2237488
3246,918,113.5690896,38.35871424
3246,919,124.1912172,36.92018016
3246,920,134.71510776,39.38028192
3246,921,145.81668576,42.11250912
3246,922,157.86731952,43.83523872
3246,923,169.76777832,41.84587008
3246,924,180.83195736,36.1608624
3246,925,190.26792528,32.24028096
3246,926,198.61106328,27.59768928
3246,927,205.6578564,22.33184256
3246,928,211.80853752,22.3351344
3246,929,218.014296,22.20126624
3246,930,224.0891124,21.69651744
3246,931,230.17944312,22.99679424
3246,932,237.23937312,27.23778144
3246,933,244.81874328,28.59731136
3246,934,253.40684904,34.22745504
3246,935,263.68305912,39.04231968
3246,936,274.27970544,37.89895392
3246,937,284.70356064,35.12832192
3246,938,293.43580632,27.84457728
3246,939,300.98765304,25.16940864
3246,940,307.39433568,21.91707072
3246,941,313.41706176,21.69651744
3246,942,319.49666352,22.50301824
3246,943,326.3845644,27.03917376
3246,944,333.9035232,27.15987456
3246,945,342.01873176,32.45315328
3246,946,351.80302512,38.25556992
3246,947,362.85062304,42.29794944
3246,948,374.29686888,39.1893552
3246,949,385.71138504,43.8308496
3246,950,394.8458448,43.72221888
3247,889,20.3661264,18.4562496
3247,890,25.46914896,27.08196768
3247,891,34.2401652,33.20259552
3247,892,43.47633672,33.29366976
3247,893,52.30953216,21.27406464
3247,894,59.72269488,32.23040544
3247,895,68.81170896,32.93815104
3247,896,78.04568592,32.44547232
3247,897,86.80240704,31.23297792
3247,898,95.39069568,29.95903584
3247,899,104.06749824,33.16857984
3247,900,113.07193032,31.36355424
3247,901,118.3062912,29.9502576
3257,936,264.15181104,27.69973632
3257,937,269.79679848,27.40895712
3257,938,278.1729768,32.91730272
3257,939,287.21620992,30.58887456
3257,940,294.98845752,24.60321216
3257,941,301.08439656,18.60109056
3257,942,305.77545144,16.3659312
3257,943,310.77350088,19.97488512
3257,944,316.37133576,20.2941936
3257,945,319.7540976,20.2887072
3261,915,21.5065356,31.2834528
3261,916,27.65310192,32.54422752
3261,917,37.1991636,35.33131872
3261,918,46.82871,33.48459648
3261,919,56.55195192,37.89675936
3261,920,67.20815616,38.46405312
3261,921,77.93479968,38.68680096
3261,922,88.113108,34.30865376
3261,923,97.7678004,36.7643664
3261,924,108.04273032,33.2695296
3261,925,116.62708704,31.05082944
3261,926,125.34083136,30.68214336
3261,927,134.19402168,34.82876448
3261,928,143.55461256,32.93376192
3261,929,152.83879008,34.69489632
3261,930,162.81556464,36.03357792
3261,931,172.65063768,35.31266496
3261,932,178.5658608,36.018216
3263,935,242.48388384,18.1819296
3263,936,246.54878808,20.02426272
3263,937,252.11870328,20.23164864
3263,938,257.75692416,20.97670176
3263,939,263.92299768,24.11053344
3263,940,270.82751016,24.18075936
3263,941,277.5479844,23.69795616
3263,942,284.22581712,23.78793312
3263,943,290.44190832,20.3874624
3263,944,296.32710864,22.19577984
3263,945,302.261016,21.57033024
3263,946,309.15059328,28.42942752
3263,947,317.10962232,28.8639504
3263,948,325.1274168,28.85736672
3263,949,333.14347392,28.8639504
3263,950,341.11826112,28.97697024
3263,951,349.74693576,34.48421856
3263,952,359.22847128,32.96668032
3263,953,368.37573264,32.3752464
3263,954,376.63822056,27.01832544
3263,955,384.1321248,27.10720512
3263,956,391.65833784,26.96126688
3263,957,399.18890952,26.05162176
3263,958,405.17512056,14.62454784
3263,959,408.80089944,11.48632704
3263,960,411.94936152,12.00863232
3263,961,415.39799064,12.50240832
3263,962,418.8579888,12.40913952
3263,963,422.3045148,12.4705872
3263,964,425.74765752,11.74528512
3263,965,429.03751632,11.52802368
3263,966,432.02345904,10.58107104
3263,967,435.13878936,11.41500384
3263,968,440.15006712,6.7427856
3263,969,441.9749352,0
3263,970,442.1236776,2.44254528
3263,971,443.35071096,5.2230528
3263,972,444.9383532,8.00356032
3263,973,447.69356232,10.69957728
3263,974,450.79313448,13.13883072
3263,975,454.92866088,15.59015424
3263,976,459.27571848,15.82716672
3263,977,463.94769288,18.0667152
3263,978,469.35417432,20.9964528
3263,979,475.22608536,21.21810336
3263,980,480.9838488,19.30334976
3263,981,486.12484944,19.21995648
3263,982,491.57086344,22.18590432
3263,983,497.357332266667,21.36648
3274,938,240.103914,16.94639232
3274,939,245.07248928,20.9470752
3274,940,251.24453688,23.4927648
3274,941,257.87981952,24.28939008
3274,942,264.94087728,25.89141888
3274,943,271.89141456,22.35817728
3274,944,278.08098816,23.38742592
3274,945,284.26300272,21.83806656
3274,946,290.28048624,20.86807104
3274,947,296.1205152,21.84903936
3274,948,302.37391392,24.606504
3274,949,309.72980472,27.22680864
3274,950,317.49336552,30.18836736
3274,951,326.86809912,36.8905536
3274,952,336.87785304,35.72963136
3274,953,347.25995064,37.54014336
3274,954,357.07063968,32.57714592
3274,955,365.41591128,27.62073216
3274,956,372.5004996,22.16066688
3274,957,377.9046036,16.59745728
3274,958,382.41302232,15.80302656
3274,959,386.76995544,15.75584352
3274,960,391.14087888,15.50237184
3274,961,394.77912408,10.15313184
3274,962,397.77707592,11.5982496
3274,963,400.97939616,11.3897664
3274,964,404.29558968,12.27966048
3274,965,407.71623816,12.81513312
3274,966,411.25286304,12.61872
3274,967,415.16887248,9.491472
3274,968,418.3084344,6.86129184
3274,969,420.2068812,6.65171136
3274,970,421.94725872,6.03394272
3274,971,423.6235368,6.03504
3274,972,425.32633248,7.02368928
3274,973,427.71910392,9.60010272
3274,974,430.44858792,11.01778848
3274,975,433.77590664,12.33781632
3274,976,437.1949092,12.975336
3274,977,441.28770264,16.55905248
3274,978,446.2788636,19.20459456
3274,979,451.26877488,17.42261184
3274,980,456.29425632,18.88748064
3274,981,461.42321736,18.22691808
3274,982,466.71024768,21.46499136
3274,983,473.13335904,24.25756896
3274,984,479.84776776,23.59920096
3274,985,486.43568448,24.13247904
3274,986,492.8550468,21.2378544
3274,987,498.01272,20.8126584
3281,912,17.116044,33.7084416
3281,913,22.72369344,32.9238864
3281,914,31.8747648,33.8401152
3281,915,41.78164872,39.55365216
3281,916,53.40102096,42.70833216
3281,917,64.22056752,16.92993312
3281,918,68.39794296,24.56700192
3281,919,77.9189196,35.65282176
3281,920,87.67989576,33.75452736
3281,921,96.57447792,31.11995808
3281,922,105.2302188,30.92244768
3281,923,113.97642432,35.11076544
3281,924,124.10620848,32.5178928
3281,925,133.04952816,33.63053472
3281,926,142.33053576,32.53215744
3281,927,151.2687348,32.23150272
3281,928,160.19644872,32.65615008
3281,929,169.39948848,31.8595248
3281,930,177.83909568,30.14886528
3281,931,186.26120736,29.51902656
3281,932,194.17262664,28.22862528
3281,933,202.0308888,27.94113792
3281,934,209.68359384,27.41444352
3281,935,217.28737848,27.3881088
3281,936,224.73477024,24.71842656
3281,937,230.82958152,19.45587168
3281,938,235.95714048,16.93322496
3281,939,240.16850112,14.39850816
3281,940,243.88169664,11.7902736
3281,941,247.6323216,17.09781696
3281,942,252.650244,19.15082784
3281,943,258.209034,20.47743936
3281,944,264.03842544,21.1665312
3281,945,269.8542228,20.43354816
3281,946,275.73189456,21.88963872
3281,947,281.66702112,19.94086944
3281,948,286.58563968,16.97931072
3281,949,291.99364512,22.83000768
3281,950,298.81217352,26.6803632
3281,951,306.40708848,27.40237344
3281,952,313.95174192,27.17523648
3281,953,321.6494964,29.91843648
3281,954,330.57614352,33.30573984
3281,955,339.75739008,32.58043776
3281,956,348.53413656,29.08999008
3281,957,356.25398904,26.7626592
3281,958,363.04980984,21.85123392
3281,959,369.13395312,21.45840768
3281,960,374.64680976,17.61792768
3281,961,379.23907896,15.12929664
3281,962,383.48485152,15.9599376
3281,963,387.9482208,16.13330784
3281,964,392.36977152,14.46653952
3281,965,395.78728056,11.85501312
3281,966,399.60992976,14.55980832
3281,967,403.27359528,12.29831424
3281,968,406.57445736,10.96950816
3281,969,409.43122584,10.1114352
3281,970,412.10578488,8.57963232
3281,971,414.28129488,7.73911584
3281,972,416.36088432,6.82837344
3281,973,418.1371368,6.27973344
3281,974,419.88900528,6.58148544
3281,975,421.93399992,9.00757152
3281,976,424.75742328,11.94718464
3281,977,428.8915476,17.55318816
3281,978,433.76785992,17.51588064
3281,979,438.5887596,17.19547488
3281,980,443.35833096,17.43248736
3281,981,448.11577128,15.992856
3281,982,452.66597808,17.68156992
3281,983,457.64811696,19.41417504
3281,984,463.13143848,19.51841664
3281,985,469.13371248,24.62186592
3281,986,475.91279976,23.9591088
3281,987,482.16604608,19.5754752
3281,988,487.27580472,19.50524928
3281,989,493.24601376,23.11310592
3281,990,499.73465712,23.51690496
3281,991,505.947239733333,23.5842048
3289,919,22.7353368,28.48099968
3289,920,30.7593492,31.03985664
3289,921,39.75725856,33.44948352
3289,922,49.21904304,34.42606272
3289,923,59.11544184,38.5803648
3289,924,70.44754008,41.33782944
3289,925,81.75662592,35.32473504
3289,926,90.46271976,27.92248416
3289,927,98.22570144,29.95354944
3289,928,107.0690772,32.83171488
3289,929,116.25154296,33.34524192
3289,930,125.37621864,31.1188608
3289,931,134.59721112,36.96297408
3289,932,144.50647248,34.33608576
3289,933,154.16457864,36.11367936
3289,934,164.41411872,37.33604928
3289,935,174.88457784,37.23180768
3289,936,185.1928224,38.07342144
3289,937,195.8641752,38.49587424
3289,938,206.29744872,36.0017568
3289,939,216.1734564,33.27721056
3289,940,224.12242704,21.60983232
3289,941,229.97086848,20.23164864
3289,942,234.95806704,16.56453888
3289,943,239.402112,14.79572352
3289,944,243.49917264,15.38167104
3289,945,248.01335208,16.45810272
3289,946,252.57248952,17.1834048
3289,947,258.03508464,22.4997264
3289,948,264.39665688,22.58421696
3289,949,270.47025408,21.3859872
3289,950,276.46832184,21.6548208
3289,951,282.96796848,26.55746784
3289,952,290.55526344,27.432
3289,953,298.1754768,27.432
3289,954,305.81029008,27.93345696
3289,955,313.83262608,30.339792
3289,956,322.83309576,34.49628864
3289,957,332.63756688,34.5039696
3289,958,341.88321768,32.72747328
3289,959,350.43166896,27.84567456
3289,960,358.04478048,27.11817792
3289,961,365.12168784,23.27111424
3289,962,370.94425176,17.79458976
3289,963,375.59333568,15.10296192
3289,964,379.27592928,11.73211776
3289,965,382.66335456,13.64138496
3289,966,386.63703216,14.50384704
3289,967,390.65261976,14.346936
3289,968,394.63617288,14.37765984
3289,969,398.29447392,10.92122784
3289,970,401.18150904,8.54342208
3289,971,403.55980248,9.86344992
3289,972,406.44293616,10.53498528
3289,973,408.92556264,6.66707328
3289,974,410.68785528,6.2325504
3289,975,412.5908436,7.66779264
3289,976,414.76364088,7.91577792
3289,977,416.95655496,7.81812
3289,978,419.10697992,7.95418272
3289,979,422.2092648,16.47127008
3289,980,426.91687032,17.0846496
3289,981,431.67309144,17.3809152
3289,982,436.63669848,18.9609984
3289,983,442.1843328,20.79455328
3289,984,448.2242496,22.74222528
3289,985,454.54753896,22.89913632
3289,986,461.24021544,25.16392224
3289,987,468.2462568,25.32741696
3289,988,475.27116528,25.01688672
3289,989,481.85447952,22.50960192
3289,990,488.10355008,22.47997536
3289,991,494.3103144,22.22211456
3289,992,500.47398,22.1485968
3296,920,20.0994264,30.7128672
3296,921,24.6426228,30.66458688
3296,922,33.35709864,32.32257696
3296,923,42.88773744,36.63379008
3296,924,53.00676216,36.33423264
3296,925,63.23661216,36.9728496
3296,926,73.50700056,37.17255456
3296,927,83.74508016,35.8207056
3296,928,93.31500768,32.40597024
3296,929,102.04228512,31.49522784
3296,930,111.0278196,32.46741792
3296,931,119.89237896,30.8939184
3296,932,128.1252708,30.35295936
3296,933,136.95328464,32.38402464
3296,934,145.65444072,31.51827072
3296,935,154.66012248,32.90523264
3296,936,163.76989344,32.69784672
3296,937,173.02636464,34.93958976
3296,938,182.98351008,35.34997248
3296,939,192.55249272,34.53579072
3296,940,202.24708344,32.57056224
3296,941,210.5948544,28.65217536
3296,942,218.55199368,28.66424544
3296,943,226.30595328,22.99240512
3296,944,231.63208944,16.49979936
3296,945,236.1776328,16.4592
3296,946,240.72055488,16.28582976
3296,947,245.26725648,16.63147296
3296,948,250.40673312,21.15665568
3296,949,256.52525784,23.53446144
3296,950,263.45375808,25.18696512
3296,951,270.26329488,24.57797472
3296,952,277.47794136,27.32336928
3296,953,285.06615072,27.41334624
3296,954,292.68590688,27.43309728
3296,955,300.39963288,28.00368288
3296,956,308.56799856,31.574232
3296,957,317.4281688,31.89902688
3296,958,326.27550696,31.8814704
3296,959,335.03670864,31.08923424
3296,960,343.58647056,32.16566592
3296,961,351.95070072,24.9302016
3296,962,358.67175408,23.83511616
3296,963,364.45448064,16.41201696
3296,964,368.88889392,15.90836544
3296,965,373.30803672,16.00821792
3296,966,377.53003488,14.12857728
3296,967,381.40514016,13.92887232
3296,968,385.2754296,14.05505952
3296,969,389.18994552,14.06383776
3296,970,392.68045416,10.4954832
3296,971,395.51722776,10.1992176
3296,972,397.97787816,6.99186816
3296,973,400.3381884,9.47062368
3296,974,402.42003336,5.50944288
3296,975,403.94446008,5.4864
3296,976,405.468582,5.48420544
3296,977,406.99252104,5.48530272
3296,978,408.50213448,5.68281312
3296,979,410.71315368,11.10996
3296,980,414.3815436,15.84582048
3296,981,418.90776264,16.30887264
3296,982,423.75466176,19.37138112
3296,983,429.4103172,21.26418912
3296,984,435.42877608,20.75175936
3296,985,441.16038768,21.08533248
3296,986,447.05098296,21.1006944
3296,987,453.09714816,21.94669728
3296,988,459.193392,21.9456
3296,989,465.29512224,22.33842624
3296,990,471.8698716,24.54395904
3296,991,478.65316512,25.3032768
3296,992,486.250488,28.38004992
3296,993,493.64636856,24.5680992
3296,994,498.46979808,22.56666048
3297,922,21.1411312,33.3134208
3297,923,27.22982616,35.07345792
3297,924,37.66142328,36.704016
3297,925,47.01911856,32.24796192
3297,926,56.85025968,38.07671328
3297,927,67.70912544,41.60995488
3297,928,79.53414624,41.43219552
3297,929,89.85369888,31.83099552
3297,930,98.94283488,32.79989376
3297,931,107.83302792,31.42280736
3297,932,116.53003872,32.7976992
3297,933,125.83232136,22.97923776
3297,934,132.47693088,31.08374784
3297,935,141.5143728,34.8276672
3297,936,151.68271416,33.9772752
3297,937,160.75749408,32.45095872
3297,938,169.93992936,33.91802208
3297,939,179.85260448,38.05037856
3297,940,190.39844064,36.22889376
3297,941,200.76944352,37.47320928
3297,942,210.10263288,28.43491392
3297,943,217.864944,24.6942864
3297,944,223.6598016,16.48772928
3297,945,227.41060944,10.99694016
3297,946,230.45309256,11.14507296
3297,947,234.06866064,15.67135296
3297,948,238.68260112,18.49355712
3297,949,244.56106536,24.67343808
3297,950,252.52631232,34.31084832
3297,951,263.2585032,42.1300656
3306,926,48.0584594666667,31.9723008
3306,927,56.54152776,34.8770448
3306,928,66.62568336,36.60745536
3306,929,76.82563248,36.8247168
3306,930,86.59681944,30.668976
3306,931,94.6757568,29.23044192
3306,932,102.82074432,28.30543488
3306,933,110.53690872,28.05635232
3306,934,118.24027152,25.37350272
3306,935,125.00192424,23.66942688
3306,936,132.07584456,28.85517216
3306,937,140.25429912,29.54097216
3306,938,148.45226088,28.7926272
3306,939,156.67357032,32.1118992
3306,940,165.87462888,34.1473536
3306,941,175.77666648,37.56318624
3306,942,186.40613976,38.42235648
3306,943,196.976238,36.07637184
3306,944,205.67861328,24.93459072
3306,945,212.538564,24.6174768
3306,946,219.45301296,22.90462272
3306,947,224.43478608,12.18309984
3306,948,228.01892928,13.82792256
3306,949,232.44188208,18.74483424
3306,950,238.29410304,24.46276032
3306,951,245.99816688,32.51130912
3306,952,255.78623976,38.43003744
3306,953,267.14031408,42.30343584
3306,954,279.01992456,45.13332096
3308,897,24.2619493714286,23.7529769142857
3308,898,30.14828616,24.81608448
3308,899,37.10565096,24.63832512
3308,900,43.78351416,26.90091648
3308,901,51.30262536,25.17270048
3308,902,58.36121424,27.3167856
3308,903,66.10276848,28.01246112
3308,904,73.88211792,28.28019744
3308,905,81.71392344,26.34679008
3308,906,85.882734,22.5052128
3318,925,21.704427,34.0047072
3318,926,28.13099784,34.18136928
3318,927,38.0989332,35.54858016
3318,928,47.65483992,34.98896736
3318,929,57.69415944,36.57892608
3318,930,67.9038012,36.78192288
3318,931,78.16141848,37.00467072
3318,932,87.93611064,30.32004096
3318,933,95.88453264,29.09108736
3318,934,104.19746496,30.06218016
3318,935,112.5682788,30.48682752
3318,936,120.83713704,28.29665664
3318,937,128.32336032,26.06698368
3318,938,136.09286472,28.67302368
3318,939,143.44854216,25.57540224
3318,940,151.26708888,31.6510416
3318,941,160.05706368,32.54642208
3318,942,169.23236664,33.34853376
3318,943,178.86843576,35.68574016
3318,944,188.78632296,33.0610464
3318,945,197.23284912,28.22972256
3318,946,205.02969408,24.10614432
3318,947,210.34043784,15.03712512
3318,948,214.5101628,14.95482912
3318,949,218.67114,15.03383328
3318,950,222.81745632,14.76609696
3318,951,226.9490508,16.6896288
3318,952,232.3700712,22.75319808
3318,953,239.30094888,26.32264992
3318,954,246.87775872,30.52523232
3318,955,256.10496912,34.96263264
3318,956,265.845798,34.80133248
3318,957,275.5372188,35.49371616
3318,958,285.50170992,35.37191808
3318,959,295.0762704,34.22087136
3318,960,304.39443312,33.47142912
3318,961,313.95271728,35.79766272
3318,962,323.661024,32.6495664
3318,963,333.33302904,36.45273888
3318,964,339.4042488,37.0277136
3319,927,19.24732752,40.0616928
3319,928,27.54864696,40.53242592
3319,929,39.31788936,43.84401696
3319,930,51.12200088,40.92196032
3319,931,62.67017184,30.23445312
3319,932,70.35994056,31.875984
3319,933,80.28794712,36.3638592
3319,934,89.96357928,31.56216192
3319,935,98.79607368,31.24614528
3319,936,107.0734968,28.25166816
3319,937,114.78319944,27.88517664
3319,938,122.5382868,27.18950112
3319,939,129.77173944,26.56295424
3319,940,137.4209088,25.39435104
3319,941,144.57045,26.43566976
3319,942,152.43392424,31.0969152
3319,943,161.3568528,31.87708128
3319,944,170.40005544,34.0101936
3319,945,179.65085736,33.63821568
3319,946,189.13638576,34.1857584
3319,947,197.76685872,25.4184912
3319,948,203.153772,12.58360704
3319,949,206.27894736,10.97170272
3319,950,209.29765608,10.70506368
3319,951,212.92288632,17.50819968
3319,952,217.9515072,20.18885472
3319,953,224.6168736,27.15768
3319,954,232.2155376,27.432
3319,955,239.80127808,27.45504288
3319,956,248.08421808,33.3792576
3319,957,258.15609024,39.57230592
3319,958,269.0384256,37.95272064
3319,959,279.47404608,37.52917056
3319,960,290.00296584,36.5888016
3319,961,299.61907056,33.03032256
3319,962,308.74255752,32.6385936
3319,963,317.81194248,33.91582752
3319,964,328.03822632,39.93879744
3319,965,338.50780152,33.549336
3319,966,347.56798152,31.62141504
3319,967,355.92675576,28.03879584
3319,968,362.98945944,22.98033504
3319,969,369.48041928,22.20126624
3319,970,374.79344904,15.88532256
3319,971,379.19774808,15.85240416
3319,972,383.60140704,15.85350144
3319,973,388.062978,14.66075808
3319,974,391.13941584,7.30898208
3319,975,393.15917304,7.26948
3319,976,395.1782292,7.27057728
3319,977,397.19908368,7.31446848
3319,978,399.51135744,9.47830464
3319,979,402.19789512,9.69556608
3319,980,404.86727256,9.8535744
3319,981,408.55105488,18.91820448
3319,982,413.94875808,19.47891456
3319,983,419.51312592,21.10947264
3319,984,425.53841232,21.8413584
3319,985,431.73691656,22.78940832
3319,986,437.87820984,21.86440128
3319,987,443.9561352,21.9456
3319,988,450.06057816,21.85123392
3319,989,456.22747464,23.52897504
3319,990,462.98397624,24.45178752
3319,991,469.8001272,24.6229632
3319,992,476.48052024,23.17674816
3319,993,482.83675848,23.0319072
3319,994,488.59933776,19.42843968
3319,995,495.64460688,28.32957504
3319,996,499.9297596,23.0209344
3322,929,20.9007456,32.4355968
3322,930,26.11032624,33.92460576
3322,931,36.32002896,38.96660736
3322,932,46.53561432,33.40010592
3322,933,55.68510072,32.88767616
3322,934,65.4376644,38.52111168
3322,935,76.2649224,39.13668576
3322,936,86.68332168,32.88109248
3322,937,95.33470392,31.09252608
3322,938,104.11715016,32.31709056
3322,939,113.15767056,31.96815552
3322,940,121.55808048,27.29045088
3322,941,128.60274,26.22060288
3322,942,136.58795136,30.04462368
3322,943,144.64960656,27.85116096
3322,944,152.8997196,32.25015648
3322,945,161.97196968,33.54494688
3322,946,171.44777496,33.8346288
3322,947,180.68961576,32.76807264
3322,948,189.29210808,28.10792448
3322,949,196.10127912,19.35711648
3322,950,200.69684016,14.22952704
3322,951,204.14455488,11.01339936
3322,952,207.25336248,12.30380064
3322,953,211.4231484,20.64642048
3322,954,217.83955416,24.70306464
3322,955,225.07413456,27.19169568
3322,956,232.83281856,30.092904
3322,957,241.7108196,32.73844608
3322,958,250.84037208,32.70113856
3322,959,260.1611256,35.95567104
3322,960,270.54557016,37.8506736
3322,961,281.1146016,38.26544544
3322,962,291.774372,38.40589728
3322,963,302.44249392,38.4048
3322,964,313.05498984,38.157912
3322,965,323.82659136,39.67874208
3322,966,334.64818008,34.3064592
3322,967,343.00293096,27.185112
3322,968,350.43520464,24.77548512
3322,969,356.77196616,21.81063456
3322,970,362.75229456,21.60763776
3322,971,368.78724312,20.3655168
3322,972,373.7933088,16.46249184
3322,973,378.34354608,15.389352
3322,974,381.88014048,10.27931904
3322,975,384.6348924,9.848088
3322,976,387.392418,10.00609632
3322,977,390.14942544,9.8426016
3322,978,392.70910536,7.27606368
3322,979,394.3215888,4.75012512
3322,980,395.71388472,5.6564784
3322,981,397.79362656,10.8246672
3322,982,401.69460936,18.90174528
3322,983,407.68231392,23.41814976
3322,984,414.33000192,24.2334288
3322,985,421.0952208,25.00591392
3322,986,428.34293808,26.61013728
3322,987,435.68026656,25.2538992
3322,988,442.26254448,22.96497312
3322,989,448.65788856,22.9770432
3322,990,455.0164128,22.741128
3322,991,461.22613368,22.07288448
3322,992,467.36550672,22.22101728
3322,993,473.53014768,22.07288448
3322,994,479.65540848,22.00375584
3322,995,485.86775064,24.00080544
3322,996,492.67256304,23.33585376
3322,997,497.9274268,22.8526848
3342,79,21.0531456,35.716464
3342,80,25.79434008,33.0116688
3342,81,34.72269408,34.180272
3342,82,44.0876436,30.43086624
3342,83,51.93575592,28.77726528
3342,84,60.230004,30.19824288
3342,85,68.62026408,30.19934016
3342,86,77.08547448,29.58596064
3342,87,84.17393376,20.0143872
3342,88,89.3123436,17.1120816
3342,89,94.47516792,20.44671552
3342,90,100.15203744,20.2941936
3342,91,106.25760816,23.75391744
3342,92,112.9259616,25.76084256
3342,93,120.52819176,28.48758336
3342,94,126.5301,29.12839488
3343,106,22.0581147428571,25.8331062857143
3343,107,27.44879448,25.76193984
3343,108,34.91962536,28.1342592
3343,109,42.57452496,25.36143264
3344,108,23.3345397333333,23.3318304
3344,109,29.8639992,25.4404368
3344,110,37.03957032,28.22862528
3344,111,44.88536616,27.30142368
3344,112,52.13152896,25.78608
3344,113,59.6126316,28.8365184
3344,114,68.18180928,32.12616384
3344,115,77.08001856,30.95646336
3344,116,84.97424712,24.7820688
3344,117,92.07325248,25.98249312
3344,118,99.1009956,24.74476128
3344,119,105.86685456,23.73745824
3344,120,111.82194552,19.18923264
3344,121,117.51204336,22.04764704
3344,122,124.26793536,26.04503808
3344,123,132.07252224,31.72894848
3344,124,137.6865928,28.364688
3352,562,23.0259636,26.6474448
3352,563,28.81902288,17.2437552
3352,564,34.48711416,28.19570688
3352,565,42.9499776,32.89864896
3352,566,51.77479104,28.20338784
3352,567,59.92441152,33.0939648
3352,568,69.34452984,34.03543104
3352,569,78.8513028,34.29768096
3352,570,88.58649288,36.83130048
3352,571,97.883472,26.1372096
3352,572,104.86177656,27.69205536
3352,573,112.68129864,25.87057056
3352,574,119.61400512,24.53188896
3352,575,126.27080664,22.43827872
3352,576,133.16266992,28.34164512
3352,577,140.49402432,23.54104512
3352,578,146.81710032,23.08567392
3352,579,153.13560432,21.9675456
3352,580,159.275526,22.56446592
3352,581,165.74889888,25.45799328
3352,582,173.2745328,30.22896672
3352,583,182.02646856,31.00474368
3352,584,190.2116592,27.9038304
3352,585,197.91169968,28.0739088
3352,586,205.89791688,29.48281632
3352,587,214.16083152,29.73189888
3352,588,222.39683232,29.40381216
3352,589,231.19393944,36.41104224
3352,590,241.10161584,32.90413536
3352,591,250.08334032,30.86209728
3352,592,258.17056824,27.85774464
3352,593,265.76097216,26.97443424
3352,594,273.18349224,27.20376576
3352,595,280.94595576,26.26559136
3352,596,287.71638672,23.58932544
3352,597,294.2542248,23.344632
3352,598,300.64749624,22.55129856
3352,599,306.727098,20.30297184
3352,600,311.59530264,13.80487968
3352,601,315.8935008,24.16978656
3352,602,323.2688988,25.68622752
3352,603,330.51265368,24.71184288
3352,604,336.91833048,24.50884608
3352,605,344.46283152,27.48466944
3352,606,351.44296488,22.165056
3352,607,357.10590504,20.04291648
3352,608,362.84909904,19.6303392
3352,609,367.84495392,17.00893728
3352,610,372.63299616,18.88638336
3352,611,378.42782328,22.00924224
3352,612,384.71188488,23.30183808
3352,613,391.2394512,21.99058848
3352,614,396.46716744,16.71267168
3352,615,402.16707984,17.74740672
3352,616,406.0952508,10.59204384
3352,617,408.12595032,4.81047552
3352,618,409.45234848,4.74354144
3352,619,410.95120248,5.32839168
3352,620,412.72239528,7.62829056
3352,621,414.44619168,5.2449984
3352,622,416.30626416,8.45673696
3352,623,417.9716304,2.89352736
3352,624,418.66761072,2.20882464
3352,625,419.27778984,2.2055328
3352,626,419.81914512,1.69858944
3352,627,420.06883728,0.04279392
3352,628,420.20651544,0.87124032
3352,629,420.50034264,1.1082528
3352,630,421.00524384,3.49154496
3352,631,422.38050144,4.00397472
3352,632,425.31980976,17.25143616
3352,633,430.1195868,17.02210464
3352,634,434.84395632,17.60256576
3352,635,439.63678392,16.38897408
3352,636,444.40547136,18.022824
3352,637,449.57905512,19.6358256
3352,638,455.40296016,22.04545248
3352,639,461.61764928,22.61274624
3352,640,467.912196,22.76965728
3352,641,474.22908456,22.84317504
3352,642,480.77539608,23.88888288
3352,643,487.19457552,22.88487168
3352,644,493.00799544,16.45261632
3352,645,497.24547744,17.00015904
3352,646,499.9168056,17.501616
3355,80,357.4071465,28.9901376
3355,81,364.65775176,29.30505696
3355,82,372.72943488,28.69167744
3355,83,380.75103936,30.66568416
3355,84,389.70877608,33.03471168
3355,85,398.78160528,32.1009264
3355,86,407.69551176,31.5961776
3355,87,413.8237596,32.1064128
3357,891,18.48892416,29.80980576
3357,892,26.7594588,30.32113824
3357,893,35.52090432,33.3189072
3357,894,44.65134072,29.5881552
3357,895,51.98342664,24.57797472
3357,896,59.1752436,28.85407488
3357,897,68.0720508,34.7728032
3357,898,77.77045152,35.222688
3357,899,87.08382888,30.30577632
3357,900,95.98404984,37.55550528
3357,901,105.931716,29.61778176
3357,902,114.14382048,31.12105536
3357,903,122.11650456,16.20243648
3357,904,128.37548112,31.35148416
3357,905,138.04474296,36.10160928
3357,906,146.88702144,26.59038624
3357,907,154.48093056,28.08817344
3357,908,162.85439616,34.1034624
3357,909,172.28615784,33.26623776
3357,910,181.42180632,32.26112928
3357,911,189.9463308,29.26226304
3357,912,197.72753952,27.3935952
3357,913,206.16982896,34.26695712
3357,914,215.22909456,30.46378464
3357,915,223.69168368,29.06914176
3357,916,230.51609472,18.41455296
3357,917,235.27475424,15.98517504
3357,918,239.61178392,15.2028144
3357,919,243.77510808,14.70135744
3357,920,248.01478464,16.25949504
3357,921,252.53530392,16.20902016
3357,922,257.2195008,18.2313072
3357,923,262.5140292,18.72837504
3357,924,267.62235528,18.14462208
3357,925,272.59751424,17.803368
3357,926,278.87611992,35.990784
3357,927,289.46228112,34.88033664
3357,928,298.3002924,27.12805344
3357,929,305.24372784,21.9894912
3357,930,311.1547752,21.63177792
3357,931,317.21270568,22.027896
3357,932,323.63414064,26.05271904
3357,933,331.29842808,29.56291776
3357,934,340.02686376,31.025592
3357,935,348.27161232,29.269944
3357,936,356.45037168,28.831032
3357,937,364.05257136,23.83072704
3357,938,371.21204904,29.72092608
3357,939,380.0072664,34.125408
3357,940,389.72660688,35.15465664
3357,941,399.510504,35.64404352
3357,942,409.00002528,31.2944256
3357,943,416.4960936,19.2243456
3357,944,420.866316,10.91025504
3357,945,423.71744568,10.53608256
3357,946,426.80333232,12.4925328
3357,947,430.373028,10.122408
3357,948,432.60251808,6.76912032
3357,949,434.17062264,3.81633984
3357,950,434.8130496,1.4209776
3357,951,435.47824512,3.93813792
3357,952,436.93418328,6.63196032
3357,953,439.07921328,8.14291488
3357,954,441.3523812,8.92966464
3357,955,444.33219744,12.50131104
3357,956,448.16978184,14.64429888
3357,957,452.09502672,14.04957312
3357,958,456.30138864,13.32756288
3357,959,458.92849032,6.02516448
3357,960,460.60016592,6.01748352
3357,961,462.27150624,6.01748352
3357,962,463.94299896,6.01967808
3357,963,465.61449168,6.01748352
3357,964,467.28580152,6.0185808
3357,965,468.9701568,6.1722
3357,966,470.67158088,6.01638624
3357,967,472.34289072,6.01748352
3357,968,474.01493208,8.4710016
3357,969,478.09254648,18.88638336
3357,970,482.83267416,14.26244544
3357,971,487.20783432,18.88528608
3357,972,492.61754664,18.32238144
3357,973,497.2261836,16.4701728
3357,974,500.07012,19.4876928
3361,187,20.5959456,31.2944256
3361,188,25.54385544,33.62834016
3361,189,35.64764016,38.63083968
3361,190,46.19003208,37.11439872
3361,191,56.55981576,39.47025888
3361,192,67.87569864,40.99657536
3361,193,79.31127648,41.19847488
3361,194,90.287856,34.8441264
3361,195,99.53070264,33.92131392
3361,196,108.76440528,31.4151264
3361,197,117.05039328,27.33763392
3361,198,123.9341184,22.02350688
3361,199,129.66444984,21.12044544
3361,200,135.88489968,22.90352544
3361,201,142.458948,23.45545728
3361,202,148.82533608,21.83258016
3361,203,155.01283704,23.68588608
3361,204,161.97072,26.42469696
3361,205,169.4593512,27.36835776
3361,206,177.22114416,29.3686992
3361,207,185.5777848,30.12253056
3361,208,194.3575488,33.78086208
3361,209,203.50343856,31.33941408
3361,210,212.54520864,34.43484096
3361,211,222.171006,34.66197792
3361,212,231.50084256,30.99377088
3361,213,239.60157312,29.41039584
3361,214,248.37807576,33.110424
3361,215,257.5703256,31.44914208
3361,216,265.83641016,28.96709472
3361,217,273.83707488,30.82917888
3361,218,282.62863464,31.19896224
3361,219,290.66438184,26.718768
3361,220,298.18404168,27.3167856
3361,221,305.8130028,26.42030784
3361,222,312.64750272,20.82417984
3361,223,318.19233288,18.71740224
3361,224,323.81756928,24.02055648
3361,225,330.8021832,25.47664704
3361,226,338.16700464,27.31459104
3361,227,345.4592532,23.87461824
3361,228,351.97712688,25.0344432
3361,229,358.808274,25.12880928
3361,230,366.49642728,29.45318976
3361,231,374.7720216,29.9173392
3361,232,383.08312512,30.0490128
3361,233,391.47433008,30.55266432
3361,234,399.98900952,29.11522752
3361,235,407.5247628,23.59261728
3361,236,414.3981552,28.5676848
3361,237,421.88992584,21.51656352
3361,238,427.32298584,17.83299456
3361,239,431.6373384,12.1468896
3361,240,434.79607224,11.23834176
3361,241,437.98315248,11.81331648
3361,242,441.25822848,11.56972032
3361,243,444.71725128,13.58871552
3361,244,448.12875576,10.21787136
3361,245,451.37082192,13.82133888
3361,246,456.02700768,20.37539232
3361,247,461.89873584,21.58459488
3361,248,468.55206264,30.08302848
3361,249,477.53302512,32.7099168
3361,250,486.16721664,30.1587408
3361,251,494.38212528,27.9038304
3361,252,499.412768,23.6244384
3365,680,19.8130668,31.7772288
3365,681,26.04857376,32.20297344
3365,682,32.84561376,33.02593344
