VehID,Time,Position,Speed
7,4539,24.4230144,55.885842
7,4540,38.39544264,56.3343552
7,4541,53.38855464,48.13877088
7,4542,65.48884032,42.46802784
7,4543,77.60838936,44.62528032
7,4544,90.03889536,44.467272
7,4545,101.6366268,38.78775072
7,4546,112.26082704,38.23691616
7,4547,122.88691704,38.15462016
7,4548,133.39895088,37.60268832
7,4549,143.82442152,37.48089024
7,4550,154.23693816,37.4611392
7,4551,164.52201792,36.54929952
7,4552,174.65683128,36.30570336
7,4553,184.13510544,31.7168784
7,4554,192.82666032,31.50071424
7,4555,202.22288232,36.30680064
7,4556,212.69068968,38.76361056
7,4557,223.42653816,38.27751552
7,4558,233.95420824,37.98893088
7,4559,244.60468224,38.39821632
7,4560,255.2713716,38.41687008
7,4561,265.93598832,38.24679168
7,4562,276.0402912,34.19563392
7,4563,285.4956444,34.15284
7,4564,294.7665936,32.78892096
7,4565,304.06783992,35.38289088
7,4566,314.4876108,38.42784288
7,4567,326.03303856,46.47858624
7,4568,339.11825496,46.05723072
7,4569,352.03711152,46.44566784
7,4570,365.00604672,47.94235776
7,4571,378.73935936,51.85855008
7,4572,393.87868392,54.1562544
7,4573,408.36915024,52.12409184
7,4574,422.7615624,50.33662272
7,4575,436.51999056,49.37430816
7,4576,450.15887616,48.82566816
7,4577,463.81047192,49.72214592
7,4578,477.71749008,48.91893696
7,4579,490.62445944,44.46836928
7,4580,498.5518096,43.2657504
13,4540,21.29198688,54.918864
13,4541,32.721804,55.4510448
13,4542,48.13331496,53.93021472
13,4543,61.92176592,47.0294208
13,4544,74.66155248,44.48482848
13,4545,86.85080928,42.81367104
13,4546,98.71536264,43.15273056
13,4547,110.33235744,40.09351392
13,4548,121.20945024,38.54086272
13,4549,131.86117392,38.42455104
13,4550,142.5432252,38.39821632
13,4551,153.209244,38.4048
13,4552,163.76833896,36.4735872
13,4553,173.29087008,33.59651904
13,4554,182.8842672,34.90557408
13,4555,192.69465144,35.64952992
13,4556,202.5648984,36.01492416
13,4557,212.93157312,37.91321856
13,4558,222.86829696,33.55921152
13,4559,232.12842576,33.4725264
13,4560,241.50038568,34.96263264
13,4561,251.76736032,38.2621536
13,4562,262.43603088,38.36200608
13,4563,272.78834952,35.30827584
13,4564,282.1490928,32.96668032
13,4565,292.10285496,39.69300672
13,4566,302.38260072,33.14114784
13,4567,311.5432428,33.77318112
13,4568,321.89604912,42.02911584
13,4569,334.2956484,44.37729504
13,4570,346.65531888,46.2338928
13,4571,359.91417984,48.7905552
13,4572,373.59250656,49.7177568
13,4573,388.31455992,55.71219744
13,4574,403.2296736,51.37135776
13,4575,417.54250248,51.819048
13,4576,431.72981472,50.83588512
13,4577,445.8274548,50.51547936
13,4578,459.7386792,50.00195232
13,4579,473.88243552,51.27808896
13,4580,487.64817888,48.11353344
13,4581,497.49998544,45.44055936
19,4542,20.9720688,51.0015744
19,4543,31.00568856,52.09665984
19,4544,46.18225968,58.51355328
19,4545,63.00042264,58.2491088
19,4546,77.24095296,46.60367616
19,4547,89.76713568,43.21308096
19,4548,101.771196,43.80122304
19,4549,113.8220736,42.68199744
19,4550,125.2691424,39.8751552
19,4551,136.29378888,39.53719296
19,4552,147.1004424,38.02294656
19,4553,157.62826488,38.26434816
19,4554,168.06592752,35.65282176
19,4555,177.50921064,33.19710912
19,4556,186.65857512,32.92278912
19,4557,195.86380944,33.60639456
19,4558,205.27280256,34.39753344
19,4559,215.25503304,36.1169712
19,4560,224.7226392,32.89864896
19,4561,233.86484088,32.91730272
19,4562,243.00554904,32.90413536
19,4563,252.57590328,36.84007872
19,4564,262.97196072,36.72376704
19,4565,272.68630248,33.32658816
19,4566,281.84164104,32.88657888
19,4567,290.95223496,32.82074208
19,4568,300.09382704,32.9184
19,4569,309.23569344,32.89755168
19,4570,318.8442696,38.31043392
19,4571,330.8189472,45.56345472
19,4572,343.22040576,44.62528032
19,4573,356.05809408,47.76569568
19,4574,369.62541264,49.37321088
19,4575,383.7672792,54.02348352
19,4576,398.93604744,52.35890976
19,4577,413.05654752,50.71518432
19,4578,427.3084164,51.52168512
19,4579,441.4653096,50.33442816
19,4580,455.27064648,49.3721136
19,4581,469.3529856,52.78026528
19,4582,483.75259104,49.31944416
19,4583,495.7808982,47.6384112
28,4544,24.7453023,49.3776
28,4545,37.0816632,48.96282816
28,4546,51.64238592,57.96820512
28,4547,68.14340448,55.933848
28,4548,82.02741024,46.65305376
28,4549,94.8978036,46.24157376
28,4550,107.4494676,42.41974752
28,4551,118.4359836,38.43881568
28,4552,129.09368136,38.39053536
28,4553,139.7238252,37.94284512
28,4554,150.31355256,38.41138368
28,4555,160.9813392,38.3938272
28,4556,171.26007912,35.195256
28,4557,180.88685184,34.51933152
28,4558,190.52703576,34.2570816
28,4559,199.81063416,33.45277536
28,4560,209.29085904,35.48713248
28,4561,219.27147408,34.58407104
28,4562,228.53422416,32.95570752
28,4563,237.6324432,31.99449024
28,4564,246.51230352,32.73515424
28,4565,255.6429228,32.70004128
28,4566,264.675366,32.5233792
28,4567,273.76913496,32.89535712
28,4568,282.91151952,32.85036864
28,4569,292.020498,32.85585504
28,4570,301.1643456,32.9184
28,4571,310.41417216,34.81888896
28,4572,320.88487512,40.12314048
28,4573,332.56959648,43.47642816
28,4574,344.76351672,44.72403552
28,4575,357.46678824,46.57185504
28,4576,370.84796544,49.3940592
28,4577,385.22144952,55.53663264
28,4578,400.921728,55.58162112
28,4579,416.31043992,55.3797216
28,4580,431.58156,54.81681696
28,4581,446.75706432,54.82449792
28,4582,461.845152,53.7228288
28,4583,477.18168216,55.18989216
28,4584,491.73935688,50.07656736
28,4585,499.9584108,48.5326944
36,4545,9.92232857142857,46.9526112
36,4546,21.00413376,46.92188736
36,4547,34.37570976,50.65373664
36,4548,48.90589152,52.67273184
36,4549,63.53741928,52.63871616
36,4550,77.20663248,45.3944736
36,4551,90.04313208,47.4354144
36,4552,103.06854672,45.34729056
36,4553,115.1852916,42.72479136
36,4554,126.19987968,36.50760288
36,4555,136.5993204,38.50245792
36,4556,146.69685672,34.05189024
36,4557,156.69825912,37.96479072
36,4558,167.04183,36.3364272
36,4559,176.853342,34.5972384
36,4560,186.751722,34.591752
36,4561,196.0926228,33.63492384
36,4562,206.44594728,42.0367968
36,4563,217.76594496,39.44282688
36,4564,229.01013888,41.68676448
36,4565,239.26406808,29.10864384
36,4566,246.87477168,28.7597088
36,4567,254.9266428,30.17629728
36,4568,264.01224312,34.2680544
36,4569,273.52861728,33.51532032
36,4570,281.6967696,25.6653792
36,4571,288.48628104,24.32340576
36,4572,296.1910764,31.43268288
36,4573,305.27737776,32.9129136
36,4574,314.62983048,35.1239328
36,4575,325.17395976,41.62312224
36,4576,337.17957456,43.25916672
36,4577,349.16766336,43.38754848
36,4578,361.3262268,44.0119008
36,4579,373.77386256,45.54150912
36,4580,387.40823712,52.89328512
36,4581,401.89422288,51.52936608
36,4582,416.38920024,52.36439616
36,4583,430.93389048,52.3567152
36,4584,445.46648016,52.49606976
36,4585,460.23315624,53.05129344
36,4586,475.54472328,57.95723232
36,4587,490.68660816,49.90209984
36,4588,499.5213784,49.1252256
46,4547,19.0643256,52.285392
46,4548,27.09239184,51.92109504
46,4549,41.53192608,52.50265344
46,4550,56.14114248,52.48619424
46,4551,70.70732112,52.43023296
46,4552,84.61878936,46.26022752
46,4553,96.96532296,44.13040704
46,4554,108.99340152,41.8941504
46,4555,120.45857544,41.17433472
46,4556,131.37727344,36.41762592
46,4557,141.12654528,34.83644544
46,4558,150.54486528,32.3642736
46,4559,159.33523632,31.53363264
46,4560,168.35088504,34.01238816
46,4561,178.00079208,34.84083456
46,4562,187.67931984,34.84302912
46,4563,197.35635408,34.83864
46,4564,207.57712104,39.9739104
46,4565,219.08390016,41.67140256
46,4566,230.57790816,40.0946112
46,4567,240.254028,28.419552
46,4568,246.685308,20.8976976
46,4569,253.02371544,23.93057952
46,4570,260.36009904,29.68581312
46,4571,268.90486224,30.86209728
46,4572,277.05186144,27.62841312
46,4573,284.67728688,28.20777696
46,4574,293.43031992,34.33718304
46,4575,303.52401576,38.27751552
46,4576,314.19015648,38.39711904
46,4577,325.32699984,42.85756224
46,4578,337.11952896,40.01670432
46,4579,348.30081216,41.74382304
46,4580,360.1239432,43.4193696
46,4581,372.35742648,44.46398016
46,4582,385.35809136,50.59338624
46,4583,399.80210616,51.26931072
46,4584,414.12660888,53.36511552
46,4585,429.30385056,55.18111392
46,4586,444.88452552,57.05746272
46,4587,460.71150936,55.8405792
46,4588,475.97732592,53.99056512
46,4589,490.22175768,50.45183712
46,4590,499.612412,53.7228288
54,4550,21.4683594,51.5063232
54,4551,31.50818184,51.26053248
54,4552,45.17995536,47.72509632
54,4553,58.4246736,47.44528992
54,4554,71.48645088,47.67571872
54,4555,85.13591304,49.68703296
54,4556,98.6610168,46.05613344
54,4557,110.75816304,42.63371712
54,4558,122.09245584,38.06793504
54,4559,132.18203688,36.14550048
54,4560,142.37159232,36.52625664
54,4561,152.50686288,37.25923968
54,4562,163.0391964,37.34702208
54,4563,173.38346832,37.25923968
54,4564,183.70131408,37.8616464
54,4565,194.41533888,39.50427456
54,4566,205.47579936,39.23763552
54,4567,216.41049936,40.45561632
54,4568,227.4886992,35.38069632
54,4569,235.74884016,26.55746784
54,4570,242.3976864,21.98729664
54,4571,248.49149184,21.9456
54,4572,254.65878456,23.10103584
54,4573,261.36642672,24.40679904
54,4574,267.99573528,23.63870304
54,4575,275.05484232,27.23010048
54,4576,282.62576952,26.05710816
54,4577,289.56515112,26.40384864
54,4578,297.9555636,32.72527872
54,4579,307.09919784,32.96009664
54,4580,316.79549544,37.7848368
54,4581,328.26874656,43.85060064
54,4582,340.19282736,42.77965536
54,4583,352.48346064,44.90398944
54,4584,365.02015896,46.38092832
54,4585,378.53221728,51.21115488
54,4586,393.63018048,55.1218608
54,4587,408.41947272,53.02825056
54,4588,423.49091832,54.87277824
54,4589,438.77474856,55.76815872
54,4590,454.41175056,56.4660288
54,4591,469.15904136,46.23499008
54,4592,483.92992368,67.44212064
54,4593,497.62800144,53.89619904
63,4552,21.201507,48.6753408
63,4553,30.6348384,48.6918
63,4554,44.27018832,50.96426688
63,4555,59.2906104,55.05382944
63,4556,73.24752432,45.0213984
63,4557,85.47253416,43.89558912
63,4558,97.64018064,43.13517408
63,4559,109.14778272,39.95964576
63,4560,119.91499512,37.29325536
63,4561,129.92316408,35.42787936
63,4562,139.80746232,35.92933632
63,4563,150.0365808,37.84628448
63,4564,160.67611248,38.39053536
63,4565,171.34082064,38.40370272
63,4566,182.0091864,38.40699456
63,4567,192.67877136,38.4102864
63,4568,203.34506448,38.38724352
63,4569,213.9984036,37.86493824
63,4570,223.48722384,29.49598368
63,4571,230.76706704,23.31500544
63,4572,236.91256656,21.94121088
63,4573,243.00445176,21.93243264
63,4574,249.0999336,21.9456
63,4575,255.2169648,22.61713536
63,4576,261.8715108,24.9192288
63,4577,269.12623848,27.26960256
63,4578,277.0732584,30.99925728
63,4579,286.18900344,34.18466112
63,4580,296.21387544,37.28447712
63,4581,306.5858232,37.83750624
63,4582,317.25242112,39.31663968
63,4583,329.40235872,47.44199808
63,4584,342.14296824,44.48153664
63,4585,354.88924704,47.49247296
63,4586,368.40481056,49.36882176
63,4587,382.48099272,53.87864256
63,4588,397.76116536,53.63833824
63,4589,412.4823348,52.95583008
63,4590,426.89907,49.85162496
63,4591,440.44837488,49.20532704
63,4592,454.81253208,54.25610688
63,4593,470.57636136,60.10131744
63,4594,487.12806816,56.05893792
63,4595,497.738781,54.8201088
75,4553,19.368516,53.821584
75,4554,27.59512896,54.41521248
75,4555,42.85509336,55.23049152
75,4556,58.1972928,55.2315888
75,4557,72.89785776,48.52830528
75,4558,85.87020672,46.8319104
75,4559,98.62102704,44.81730432
75,4560,110.45421648,39.82248576
75,4561,120.87340824,34.85839104
75,4562,130.21735704,33.87632544
75,4563,139.57224816,33.05226816
75,4564,148.81963632,33.6535776
75,4565,158.62429032,37.37994048
75,4566,169.20740352,38.3993136
75,4567,179.87561688,38.40589728
75,4568,190.54492752,38.40918912
75,4569,201.2112816,38.18753856
75,4570,211.48834512,35.89422336
75,4571,220.658436,27.56696544
75,4572,226.92750144,18.9171072
75,4573,231.65552856,16.4592
75,4574,236.22673608,16.45700544
75,4575,241.22765064,20.56192992
75,4576,247.27229184,21.9456
75,4577,253.52840328,24.61418496
75,4578,261.16565496,28.77397344
75,4579,269.02489248,28.81676736
75,4580,277.7270544,32.91949728
75,4581,287.30298648,37.03649184
75,4582,297.895518,38.2731264
75,4583,308.67464808,40.29980256
75,4584,320.66054232,46.74083616
75,4585,334.27498296,47.86884
75,4586,347.34163704,48.0224592
75,4587,360.80352528,49.00342752
75,4588,374.59511568,50.69543328
75,4589,389.2655664,54.86509728
75,4590,404.47898784,54.3647376
75,4591,419.70719208,55.22829696
75,4592,434.96157864,54.46020096
75,4593,450.04643544,54.76414752
75,4594,465.53807832,57.45028896
75,4595,481.9621044,57.63572928
75,4596,495.169371428571,56.1619254857143
81,4555,18.5143986666667,45.3018144
81,4556,30.46174248,45.26389728
81,4557,43.15361448,46.26790848
81,4558,56.05366488,46.45005696
81,4559,68.95743384,46.20865536
81,4560,81.20472456,42.91571808
81,4561,93.55512912,45.38130624
81,4562,106.00438032,43.64650656
81,4563,117.85043232,41.41573632
81,4564,128.81631336,38.3883408
81,4565,139.60324632,38.95673184
81,4566,150.31376592,38.40041088
81,4567,160.99542096,38.80311264
81,4568,171.85928544,39.23214912
81,4569,182.82918984,39.00062304
81,4570,192.81254808,33.39791136
81,4571,202.10824704,35.69561568
81,4572,211.60322424,30.55046976
81,4573,219.47008176,23.29415712
81,4574,224.79256032,18.02062944
81,4575,230.08791168,20.84832
81,4576,236.15236488,21.94450272
81,4577,242.245134,21.93352992
81,4578,248.340372,21.9456
81,4579,254.54606952,23.95801152
81,4580,261.92037024,27.85006368
81,4581,269.75284632,29.29847328
81,4582,278.35293072,32.57056224
81,4583,288.16322352,37.80349056
81,4584,298.725336,37.86054912
81,4585,309.31536816,38.38724352
81,4586,320.09236464,41.00315904
81,4587,332.70892056,46.9965024
81,4588,345.23086656,44.92703232
81,4589,358.15484376,47.99941632
81,4590,371.75928696,49.47196608
81,4591,386.26060416,55.80327168
81,4592,401.85408072,55.2041568
81,4593,417.04083216,54.3208464
81,4594,432.23712384,55.28206368
81,4595,447.49062648,54.44374176
81,4596,462.7200804,56.26412928
81,4597,478.83503928,56.97845856
81,4598,494.21533872,56.09953728
86,4573,206.99160024,17.91419328
86,4574,212.28301968,19.56340512
86,4575,217.70946552,19.56121056
86,4576,223.18681296,20.38417056
86,4577,229.14135528,21.94889184
86,4578,235.23705048,21.9456
86,4579,241.33064256,21.93243264
86,4580,247.43788968,22.52606112
86,4581,254.37681408,27.57245184
86,4582,262.3640676,29.08999008
86,4583,270.51374904,30.99925728
86,4584,279.55567152,33.1049376
86,4585,289.36486704,37.81336608
86,4586,300.019212,38.4048
86,4587,310.68483456,38.38504896
86,4588,321.77571408,44.13040704
86,4589,334.96389192,47.00528064
86,4590,347.86302792,47.75252832
86,4591,361.40663304,49.17240864
86,4592,375.15198528,50.72944896
86,4593,390.54255648,58.51465056
86,4594,405.9878088,53.41668768
86,4595,421.10722992,55.42690464
86,4596,436.45467192,54.85741632
86,4597,451.78089984,56.10282912
86,4598,467.96718192,61.24139136
86,4599,485.45654496,61.42792896
86,4600,497.70450624,57.3219072
92,4560,70.9510392,35.1458784
92,4561,78.21795888,33.59651904
92,4562,86.72568888,28.80689184
92,4563,94.78322928,30.41879616
92,4564,104.08535952,35.36972352
92,4565,113.9031504,35.0196912
92,4566,123.41281896,33.6645504
92,4567,132.7481724,33.33097728
92,4568,141.7559268,31.80795264
92,4569,150.60570336,32.2271136
92,4570,159.77332536,33.45716448
92,4571,169.01894568,32.16237408
92,4572,177.27680064,28.25276544
92,4573,185.08498416,27.09952416
92,4574,192.00467568,23.58932544
92,4575,198.557388,23.58822816
92,4576,205.07193936,22.5326448
92,4577,210.77883168,19.34394912
92,4578,216.13965408,19.29347424
92,4579,221.51099208,19.33956
92,4580,226.93603584,20.50487136
92,4581,232.95236112,21.9894912
92,4582,239.04659328,21.93901632
92,4583,245.13948432,22.13872128
92,4584,251.92570392,27.10720512
92,4585,260.10909624,31.5687456
92,4586,269.05125768,32.65285824
92,4587,278.33991576,35.38728
92,4588,288.75005496,38.27641824
92,4589,299.408088,38.4048
92,4590,310.07749008,38.69887104
92,4591,321.61103064,46.00675584
92,4592,334.9460916,46.58831424
92,4593,347.38318128,44.88862752
92,4594,359.9220132,44.50238496
92,4595,372.17198616,44.7251328
92,4596,385.57721208,52.42694112
92,4597,400.1289432,50.8205232
92,4598,414.34213296,51.49864224
92,4599,428.643288,51.61934304
92,4600,442.76519016,50.09741568
92,4601,456.83527632,51.77296224
92,4602,471.80842392,56.43969408
92,4603,487.07503296,53.05458528
92,4604,497.584095,55.4016672
103,4558,23.1519984,46.4447273142857
103,4559,34.36342632,47.27301696
103,4560,47.30959296,45.98590752
103,4561,59.16536808,39.8202912
103,4562,70.05322032,37.77276672
103,4563,79.96281696,33.76988928
103,4564,89.13004272,32.9074272
103,4565,98.19067992,32.34891168
103,4566,107.25753504,32.71650048
103,4567,116.02443648,30.915864
103,4568,124.53222744,30.12691968
103,4569,132.88112616,30.26407968
103,4570,141.39897552,30.31016544
103,4571,149.44493352,28.10024352
103,4572,157.26363264,27.96747264
103,4573,164.9720856,27.80836704
103,4574,172.74134616,27.87969024
103,4575,179.71041528,21.39805728
103,4576,185.33586504,20.11533696
103,4577,190.92556176,20.09558592
103,4578,196.59514656,21.24114624
103,4579,202.66042272,21.93791904
103,4580,208.8541416,23.24807136
103,4581,215.54230704,24.20819136
103,4582,221.98026216,22.09263552
103,4583,228.07422,21.9456
103,4584,234.17022,21.9456
103,4585,240.26475696,21.93133536
103,4586,246.52672056,24.4089936
103,4587,253.91665752,28.13316192
103,4588,262.33514208,31.9418208
103,4589,271.3288452,32.82952032
103,4590,280.4702544,32.91071904
103,4591,289.69155168,34.71574464
103,4592,300.01713936,38.40699456
103,4593,310.68379824,38.38943808
103,4594,321.75446952,43.8473088
103,4595,334.8127416,46.3161888
103,4596,347.23047648,44.88862752
103,4597,359.78345112,44.91386496
103,4598,372.42347664,47.53307232
103,4599,386.41166304,52.99752672
103,4600,401.12329224,51.00815808
103,4601,415.2592152,51.51510144
103,4602,429.68497248,51.87610656
103,4603,444.06915504,52.11421632
103,4604,458.4391644,51.65006688
103,4605,473.18590656,54.88704288
103,4606,488.11927776,52.27551648
103,4607,498.36705,53.1851616
104,4559,19.2182496,53.5143456
104,4560,27.20608224,52.53118272
104,4561,40.75779504,45.3944736
104,4562,53.55628608,47.57037984
104,4563,66.6344616,43.5675024
104,4564,76.82663832,31.80027168
104,4565,85.55105064,31.91658336
104,4566,94.38281352,31.92975072
104,4567,103.44253632,32.43779136
104,4568,112.00019256,30.06108288
104,4569,120.46058712,30.83027616
104,4570,129.32072688,32.22491904
104,4571,138.2150652,32.4301104
104,4572,147.0958704,30.44293632
104,4573,155.0392632,27.4704048
104,4574,162.65670288,27.41883264
104,4575,170.2746912,27.432
104,4576,177.83275584,26.02857888
104,4577,184.37342856,21.97961568
104,4578,190.46927616,21.94889184
104,4579,196.56542856,21.9456
104,4580,202.66020936,21.93791904
104,4581,208.83012336,22.933152
104,4582,215.37210672,23.5421424
104,4583,221.626176,20.59923744
104,4584,226.62547512,16.45590816
104,4585,231.21722616,17.3315376
104,4586,236.75788056,21.89293056
104,4587,242.90231328,23.30732448
104,4588,250.09547136,27.90492768
104,4589,258.78946464,35.03724768
104,4590,268.97786184,37.90882944
104,4591,279.63010368,38.39711904
104,4592,290.26823328,38.2840992
104,4593,300.9302592,38.4048
104,4594,311.69070504,40.297608
104,4595,323.75142768,46.06820352
104,4596,336.81308304,47.21156928
104,4597,349.9259448,47.21925024
104,4598,363.036612,47.35202112
104,4599,376.33607232,49.09120992
104,4600,390.86491296,54.2220912
104,4601,405.35409912,50.2334784
104,4602,419.36066496,51.50412864
104,4603,433.80437496,52.27332192
104,4604,448.17630456,50.4035568
104,4605,462.24194064,52.73856864
104,4606,477.54945384,54.671976
104,4607,492.104934,51.80478336
104,4608,500.1771048,53.2290528
113,4562,23.09628096,48.86078112
113,4563,36.7631472,49.57949952
113,4564,50.55598728,49.40942112
113,4565,63.66406368,43.92631296
113,4566,74.5301532,34.28231904
113,4567,83.32305408,30.0819312
113,4568,91.58221968,29.516832
113,4569,99.74317872,29.67264576
113,4570,108.04952736,29.57498784
113,4571,116.32164696,30.56363712
113,4572,125.09293752,32.51021184
113,4573,134.22956136,33.00727968
113,4574,143.38221768,32.87011968
113,4575,152.36699016,31.49632512
113,4576,160.91053416,30.02816448
113,4577,169.17442416,29.30725152
113,4578,176.64574272,23.86474272
113,4579,182.73823752,21.0897216
113,4580,188.10841728,17.45882208
113,4581,192.9720804,18.0612288
113,4582,198.27054072,20.0637648
113,4583,204.04595208,21.53631456
113,4584,210.1925184,22.49862912
113,4585,216.4569204,22.3680528
113,4586,222.58998408,21.88744416
113,4587,228.55909584,21.43755936
113,4588,234.625896,21.9456
113,4589,240.76246488,23.02532352
113,4590,247.80947136,27.1631664
113,4591,255.68114472,30.74798016
113,4592,264.77756544,33.40778688
113,4593,274.61410152,37.79142048
113,4594,285.43322136,40.63008384
113,4595,297.21038856,43.46106624
113,4596,309.38656944,43.87364352
113,4597,321.86553864,48.2364288
113,4598,336.04577952,49.26677472
113,4599,349.03937304,47.26972512
113,4600,362.47236624,49.03963776
113,4601,376.19921712,50.33881728
113,4602,390.96095544,54.53591328
113,4603,405.57980352,51.84538272
113,4604,419.9234172,50.75688096
113,4605,433.97963496,50.78321568
113,4606,448.1722812,51.29893728
113,4607,462.39001248,52.28210016
113,4608,477.77086056,55.63867968
113,4609,492.7390704,54.1782
113,4610,501.092724,54.8749728
129,4564,21.96370512,53.711856
129,4565,33.00246384,51.7148064
129,4566,47.25515568,51.0015744
129,4567,60.61280232,44.82717984
129,4568,71.71980576,34.60711392
129,4569,80.63298072,29.95464672
129,4570,88.93329432,30.54498336
129,4571,97.1737452,29.22715008
129,4572,105.43760472,29.57279328
129,4573,113.798604,31.03985664
129,4574,122.54861952,31.8924432
129,4575,131.24773344,31.2395616
129,4576,139.98083256,31.08155328
129,4577,148.72740384,31.08923424
129,4578,157.21349304,31.27467456
129,4579,165.68547,27.57025728
129,4580,172.28405472,20.47414752
129,4581,177.2849388,16.5908736
129,4582,182.02415208,18.10512
129,4583,187.08980616,17.88237216
129,4584,192.19078656,19.70275968
129,4585,198.08952,21.9456
129,4586,204.18274632,21.99278304
129,4587,210.49012512,23.48947296
129,4588,217.01766096,22.97594592
129,4589,223.1990964,21.93023808
129,4590,229.29305424,21.9456
129,4591,235.3888104,21.9456
129,4592,241.48246344,21.93243264
129,4593,247.58224296,22.41304128
129,4594,254.5364988,28.05306048
129,4595,262.82193816,30.81271968
129,4596,271.65464592,33.61627008
129,4597,281.76556296,38.59901856
129,4598,293.09619816,43.24709664
129,4599,305.3833872,45.75547872
129,4600,318.74502672,51.44158368
129,4601,334.31204664,57.28459968
129,4602,349.6607688,54.98140896
129,4603,365.1604584,56.3947056
129,4604,381.04797552,59.34529152
129,4605,397.97574456,59.24543904
129,4606,413.65410792,54.58090176
129,4607,428.4980508,52.57946304
129,4608,442.91728536,51.74004384
129,4609,457.2771144,51.5282688
129,4610,472.38647712,57.86286624
129,4611,487.58331744,49.68703296
129,4612,497.67664752,48.5217216
136,4573,14.6969988,48.582072
136,4574,26.84303496,48.56232096
136,4575,40.26447624,47.93577408
136,4576,53.53223736,47.71960992
136,4577,66.87491832,49.8000528
136,4578,80.1919656,42.18054048
136,4579,90.86965824,37.11659328
136,4580,101.37776016,39.4417296
136,4581,112.64734392,40.28444064
136,4582,123.495054,38.26105632
136,4583,133.93488072,36.59538528
136,4584,143.94716448,35.9194608
136,4585,153.84060672,35.11186272
136,4586,163.52340168,34.811208
136,4587,173.13252648,34.22306592
136,4588,182.58940368,34.01787456
136,4589,192.362328,37.11439872
136,4590,202.91614992,38.11182624
136,4591,213.51648432,38.31811488
136,4592,223.74493224,34.2735408
136,4593,232.88841408,33.2036928
136,4594,242.69788392,36.731448
136,4595,252.89356584,36.49882464
136,4596,262.9491312,36.12026304
136,4597,273.02191776,36.90042912
136,4598,283.61850312,39.80602656
136,4599,295.32806568,44.384976
136,4600,307.96888368,45.5151744
136,4601,320.53993296,47.31032448
136,4602,334.72346568,51.3965952
136,4603,348.1321968,47.47162464
136,4604,361.704636,49.3062768
136,4605,375.50756496,51.71809824
136,4606,391.11347736,56.59550784
136,4607,405.9420888,53.20271808
136,4608,421.46262672,58.11633792
136,4609,437.61635616,56.811672
136,4610,452.0133708,49.55206752
136,4611,467.13096312,58.36871232
136,4612,482.86845768,52.62445152
136,4613,495.528219,51.030378
143,4567,22.9800912,53.7996384
143,4568,34.92727584,53.1687024
143,4569,48.72157896,46.4314032
143,4570,61.47078384,44.34437664
143,4571,72.46586472,36.42859872
143,4572,82.670142,36.31118976
143,4573,92.00970168,31.1792112
143,4574,100.61240736,30.90050208
143,4575,109.05411768,29.93489568
143,4576,117.36793392,30.34857024
143,4577,126.41753736,34.57748736
143,4578,136.09728432,34.54566624
143,4579,145.35707784,32.47070976
143,4580,154.25504328,32.09763456
143,4581,163.1864148,30.4385472
143,4582,170.8048908,24.41009088
143,4583,176.94466008,21.12922368
143,4584,182.69754672,19.74884544
143,4585,187.9093524,18.51769728
143,4586,193.0071324,18.07878528
143,4587,197.75908632,17.44565472
143,4588,202.76859624,16.0093152
143,4589,207.9232824,23.20527744
143,4590,214.74321288,24.96641184
143,4591,221.36669976,22.37244192
143,4592,227.46702792,21.94450272
143,4593,233.5630584,21.9456
143,4594,239.65756488,21.93243264
143,4595,245.7512484,21.9456
143,4596,251.84535864,22.01033952
143,4597,258.64495896,27.94113792
143,4598,266.67253752,29.04061248
143,4599,275.2971888,33.32110176
143,4600,285.23644248,38.79762624
143,4601,296.50236864,40.93622496
143,4602,307.7722572,40.54778784
143,4603,319.70048328,46.34581536
143,4604,332.90704056,47.69766432
143,4605,345.8846016,45.29462112
143,4606,358.462326,46.08356544
143,4607,371.759226,49.40612928
143,4608,386.09281176,54.39326688
143,4609,400.80672696,49.85272224
143,4610,414.60148728,51.02352
143,4611,428.95031304,51.7038336
143,4612,443.3108736,51.69944448
143,4613,457.35492984,48.03233472
143,4614,470.8117584,52.22723616
143,4615,485.50778184,49.58498592
143,4616,496.2178544,49.624488
147,4569,20.6671164,49.4653824
147,4570,28.93981512,48.72581568
147,4571,41.93063496,45.13222368
147,4572,54.67103112,46.80118656
147,4573,67.42703304,42.17285952
147,4574,77.54596632,33.07860288
147,4575,86.5688388,32.41145664
147,4576,95.67827448,32.89206528
147,4577,104.75787024,32.35439808
147,4578,113.70341496,32.26881024
147,4579,122.53606176,31.38659712
147,4580,131.29683672,31.83538464
147,4581,140.33391288,32.91949728
147,4582,149.4774252,32.86243872
147,4583,158.0657748,28.30762944
147,4584,165.471348,24.40021536
147,4585,171.72364944,21.91048704
147,4586,177.49851216,19.78505568
147,4587,183.30528744,21.9510864
147,4588,189.18969528,20.34796032
147,4589,194.87253888,20.7989424
147,4590,200.83207992,21.9401136
147,4591,207.0302184,23.62773024
147,4592,214.01019936,25.65001728
147,4593,220.75435656,22.47668352
147,4594,226.85651352,21.94121088
147,4595,232.952544,21.9456
147,4596,239.04753816,21.93243264
147,4597,245.1410388,21.9456
147,4598,251.2983036,23.36328576
147,4599,258.70491312,29.35992096
147,4600,266.96660856,30.58997184
147,4601,275.90492952,33.21905472
147,4602,285.62192304,37.13963616
147,4603,296.22417768,38.85578208
147,4604,307.58230584,43.15382784
147,4605,319.84486704,46.11209472
147,4606,333.53590392,49.27226112
147,4607,346.62767352,46.99211328
147,4608,359.40016512,42.32099232
147,4609,371.13017976,46.42920864
147,4610,385.19231064,53.90607456
147,4611,400.0509144,50.92586208
147,4612,414.02209296,51.03339552
147,4613,428.55294528,53.26636032
147,4614,443.18919744,52.06374144
147,4615,457.78966608,52.87463136
147,4616,472.84267128,56.1971952
147,4617,488.17152048,53.77001184
147,4618,498.587268,52.9327872
161,4571,20.9980784,54.9078912
161,4572,30.8481984,52.11421632
161,4573,43.45972512,43.1285904
161,4574,56.2109112,46.20426624
161,4575,68.62773168,41.03717472
161,4576,78.92378424,34.90886592
161,4577,88.36310496,33.18064992
161,4578,97.50552,32.89535712
161,4579,106.75565136,34.24391424
161,4580,116.46828624,35.15355936
161,4581,126.10499544,33.73258176
161,4582,135.35921112,33.3189072
161,4583,144.2444664,29.43124416
161,4584,151.9632216,27.432
161,4585,159.58313016,27.43090272
161,4586,166.82444664,23.31610272
161,4587,172.803312,21.13032096
161,4588,178.31772312,17.63438688
161,4589,182.9232816,16.4592
161,4590,187.49598264,16.46358912
161,4591,192.06853128,16.46139456
161,4592,196.85636016,18.79092
161,4593,202.41383952,20.97121536
161,4594,208.66077648,24.31133568
161,4595,215.68900728,24.93129888
161,4596,222.1297056,21.93682176
161,4597,228.2202192,21.9456
161,4598,234.3162192,21.9456
161,4599,240.42361872,22.46900256
161,4600,247.22102448,26.61781824
161,4601,254.88406224,29.00879136
161,4602,263.50526928,32.122872
161,4603,272.6186064,34.22635776
161,4604,282.68419968,37.89895392
161,4605,293.59988016,39.89051712
161,4606,304.68637056,42.300144
161,4607,317.36922048,46.42701408
161,4608,329.58786,41.74382304
161,4609,342.79359432,52.44340032
161,4610,356.9427456,50.60216448
161,4611,370.831872,49.4269776
161,4612,385.15908744,55.11417984
161,4613,400.38168336,52.65956448
161,4614,414.88516464,52.6913856
161,4615,429.88431168,54.9133776
161,4616,445.2920736,55.8625248
161,4617,460.68724728,55.13832
161,4618,476.2737744,55.96786368
161,4619,491.32894368,53.63943552
161,4620,500.32158,53.5253184
174,4602,258.5548296,25.2484128
174,4603,262.39527912,25.09589088
174,4604,269.37681456,25.19135424
174,4605,276.53659704,27.89724672
174,4606,285.1842912,32.8854816
174,4607,294.32253048,32.79111552
174,4608,303.43806216,32.9129136
174,4609,312.82221408,35.91507168
174,4610,323.60423976,42.05215872
174,4611,335.52390096,40.709088
174,4612,346.32052656,38.6352288
174,4613,357.10386288,38.980872
174,4614,368.37448296,42.75880704
174,4615,380.7115068,47.02612896
174,4616,394.51586832,50.34759552
174,4617,408.10238928,46.57185504
174,4618,420.553896,44.7031872
174,4619,433.46711376,48.0937824
174,4620,446.99904504,49.3721136
174,4621,460.7769804,50.29053696
174,4622,475.38049704,53.86657248
174,4623,489.70847448,49.13839296
174,4624,498.4898336,48.2912928
176,4577,24.8885583,36.4927896
176,4578,33.83795112,35.2610928
176,4579,43.56875208,35.84923488
176,4580,54.64597656,44.06566752
176,4581,67.22662704,43.34256
176,4582,78.0822924,36.90262368
176,4583,88.03666416,33.82804512
176,4584,97.32367632,33.41985696
176,4585,106.4949864,32.95899936
176,4586,115.76435064,33.43851072
176,4587,124.93806864,32.8799952
176,4588,134.0803008,32.96119392
176,4589,143.12237568,31.90780512
176,4590,151.62190656,28.70594208
176,4591,159.30475632,27.42980544
176,4592,166.91872128,26.9601696
176,4593,173.8437468,23.24368224
176,4594,180.10625904,21.93901632
176,4595,186.25203288,23.3172
176,4596,193.44110664,27.43419456
176,4597,201.06119808,27.42761088
176,4598,208.74310296,28.7432496
176,4599,217.18365504,30.80284416
176,4600,225.24610272,27.51539328
176,4601,232.8644568,27.432
176,4602,240.4838472,27.42761088
176,4603,248.10351192,27.29484
176,4604,255.35141208,24.1456464
176,4605,262.17329328,26.20085184
176,4606,269.5736544,27.0040608
176,4607,277.17112968,27.432
176,4608,284.8700424,28.88150688
176,4609,293.3413488,31.6126368
176,4610,302.3594664,32.92498368
176,4611,311.5019424,32.90852448
176,4612,320.76853296,35.31376224
176,4613,331.3988292,39.31663968
176,4614,342.0342156,37.84299264
176,4615,352.43630808,36.94322304
176,4616,362.89216728,38.33128224
176,4617,373.55824704,38.41248096
176,4618,384.80478792,43.8582816
176,4619,397.34770416,44.6922144
176,4620,409.58953896,43.89229728
176,4621,421.93607256,45.81473184
176,4622,435.02622672,47.73497184
176,4623,448.28380752,47.86006176
176,4624,461.92098624,51.4953504
176,4625,477.03757272,54.38997504
176,4626,491.43699528,51.13105344
176,4627,500.0062644,51.9123168
187,4579,22.8727677333333,34.1046816
187,4580,32.0189352,36.402264
187,4581,42.72570576,38.77129152
187,4582,53.7307536,41.17652928
187,4583,65.15535864,39.65131008
187,4584,75.39359064,35.37740448
187,4585,85.13914392,34.4710512
187,4586,94.4645304,33.302448
187,4587,104.07240552,34.96372992
187,4588,113.5604028,33.81707232
187,4589,122.82678,32.98094496
187,4590,132.16743696,33.90704928
187,4591,141.40101768,32.90962176
187,4592,150.54358512,32.88218976
187,4593,159.24303432,28.82774016
187,4594,166.88946048,26.47297728
187,4595,173.55119976,22.07507904
187,4596,179.64674256,21.94889184
187,4597,185.7431388,21.94889184
187,4598,191.9179296,23.44777632
187,4599,199.08341184,27.56916
187,4600,207.05600448,30.47256288
187,4601,215.84799096,30.25310688
187,4602,223.58594856,28.45685952
187,4603,231.9767268,30.53949696
187,4604,240.45921936,30.50877312
187,4605,248.2503036,24.09846336
187,4606,254.50623216,23.097744
187,4607,261.2161908,24.43752288
187,4608,267.6813036,22.06739808
187,4609,274.19661696,26.05052448
187,4610,281.78375952,28.19680416
187,4611,290.34172056,32.84817408
187,4612,299.48569008,32.9184
187,4613,308.62755648,32.89425984
187,4614,317.7675636,33.24319488
187,4615,327.91514808,40.11436224
187,4616,339.00212616,38.76251328
187,4617,349.6723512,38.40370272
187,4618,360.33483432,38.36310336
187,4619,370.99716504,38.40260544
187,4620,381.97438464,42.3604944
187,4621,394.4009892,44.55944352
187,4622,406.14651816,41.82941088
187,4623,417.93575544,42.492168
187,4624,430.25921568,45.15636384
187,4625,442.77357216,45.03346848
187,4626,455.66298504,51.407568
187,4627,471.21598416,57.49527744
187,4628,486.78416232,51.5392416
187,4629,497.3784312,39.3657037714286
200,4580,19.5218304,34.6082112
200,4581,24.84802752,35.28084384
200,4582,34.5679776,33.09725664
200,4583,42.77916768,29.53658304
200,4584,52.1317728,37.3514112
200,4585,63.18025464,40.0452336
200,4586,73.34198184,33.27830784
200,4587,82.48061736,32.64078816
200,4588,91.45944624,32.34123072
200,4589,100.55217888,32.90852448
200,4590,109.6146144,31.58849664
200,4591,118.3297608,32.04496512
200,4592,127.15426944,31.354776
200,4593,136.06351248,32.8745088
200,4594,145.17825168,31.95608544
200,4595,153.36396048,27.38591424
200,4596,160.44434256,23.98215168
200,4597,167.29042488,25.23963456
200,4598,174.25062432,24.18514848
200,4599,180.5996388,22.21882272
200,4600,186.84145512,23.66064864
200,4601,193.91717376,26.3402064
200,4602,201.43780896,30.07534752
200,4603,211.07573736,37.02003264
200,4604,221.16970752,33.69966336
200,4605,229.4951976,27.8873712
200,4606,236.68152816,23.39620416
200,4607,243.85353312,31.16714112
200,4608,253.172976,31.84416288
200,4609,258.83439216,15.8063184
200,4610,264.65244504,19.90904832
200,4611,270.55867656,24.33986496
200,4612,277.8035592,27.3990816
200,4613,285.46799904,28.03989312
200,4614,294.06210936,34.8002352
200,4615,304.2914412,37.97795808
200,4616,314.94990096,38.432232
200,4617,326.10920808,42.37914816
200,4618,337.492848,38.69448192
200,4619,348.11549376,38.03940576
200,4620,358.67023008,38.18863584
200,4621,369.32411784,38.4048
200,4622,380.09562792,40.47097824
200,4623,392.03830152,43.4193696
200,4624,403.3176084,38.47941504
200,4625,414.17851632,39.99914784
200,4626,425.32800888,42.25735008
200,4627,438.0655704,47.27521152
200,4628,451.12957272,46.08466272
200,4629,463.48613424,45.66440448
200,4630,477.40110768,50.88416544
200,4631,491.39264688,51.25504608
200,4632,499.8791628,50.47488
205,4583,26.0382512,35.8578912
205,4584,35.30900736,34.482024
205,4585,44.27750352,31.75967232
205,4586,54.06051672,38.64949344
205,4587,65.21982384,40.28005152
205,4588,75.7911108,35.61880608
205,4589,85.56321216,35.030664
205,4590,94.86903048,31.81782816
205,4591,103.62965304,31.55887008
205,4592,112.47248016,32.14810944
205,4593,121.42067664,32.1941952
205,4594,130.3475676,31.95059904
205,4595,138.51602472,26.51138208
205,4596,145.73557848,25.9616448
205,4597,152.94830472,25.6982976
205,4598,159.63369648,22.51179648
205,4599,165.8880096,22.49314272
205,4600,172.02899808,21.9456
205,4601,178.12505904,21.9456
205,4602,184.2398652,22.6752912
205,4603,190.92495216,25.3361952
205,4604,198.3178152,27.42541632
205,4605,205.93592544,27.45284832
205,4606,213.92019192,30.49011936
205,4607,222.29822952,28.56549024
205,4608,229.9676376,27.432
205,4609,237.5874852,27.42870816
205,4610,245.2061136,27.43090272
205,4611,252.82556496,27.42322176
205,4612,260.62817064,29.21946912
205,4613,268.8293328,29.66715936
205,4614,277.54764912,32.87231424
205,4615,287.12483088,37.00467072
205,4616,297.72958488,39.04561152
205,4617,308.98365432,40.40953056
205,4618,319.85190792,39.73141152
205,4619,331.49197608,41.89305312
205,4620,342.42798672,37.70473536
205,4621,352.73738952,36.9454176
205,4622,363.1923648,38.3663952
205,4623,374.30287344,42.67212192
205,4624,387.11928672,48.87614304
205,4625,400.48790616,47.03600448
205,4626,413.5448676,46.63769184
205,4627,426.29699856,45.68196096
205,4628,439.12069656,46.62452448
205,4629,452.48547552,49.51585728
205,4630,466.37609544,50.36624928
205,4631,480.43005768,50.62959648
205,4632,494.24938488,49.45002048
213,4585,20.6424784,39.7873728
213,4586,28.0120344,42.14323296
213,4587,40.02188592,43.14395232
213,4588,51.65207856,39.81590208
213,4589,62.79791352,41.55618816
213,4590,73.42644192,33.51202848
213,4591,82.34330496,30.57460992
213,4592,90.60969432,30.61301472
213,4593,99.16597896,30.61082016
213,4594,107.783376,31.4974224
213,4595,116.58560376,32.41255392
213,4596,125.71966728,32.66712288
213,4597,134.91511752,33.26184864
213,4598,143.25880416,25.54138656
213,4599,149.62787448,21.93791904
213,4600,155.72393544,21.94340544
213,4601,162.07426056,25.23524544
213,4602,169.66359768,27.9477216
213,4603,177.42813384,27.95211072
213,4604,185.19273096,27.953208
213,4605,192.95809008,27.94991616
213,4606,200.7216204,27.94333248
213,4607,208.48454112,27.94881888
213,4608,215.7383544,22.9002336
213,4609,223.25249736,31.1792112
213,4610,231.02983512,24.96421728
213,4611,237.36961416,21.93243264
213,4612,243.46183464,21.93901632
213,4613,249.55762128,21.94340544
213,4614,255.9699732,25.99017408
213,4615,263.90233224,29.92392288
213,4616,272.6973972,32.92827552
213,4617,282.39436536,37.53575424
213,4618,293.20123224,40.32174816
213,4619,304.96712184,43.44570432
213,4620,316.33232136,37.14951168
213,4621,326.59957032,39.12022656
213,4622,337.1799708,34.77719232
213,4623,346.59243864,35.43007392
213,4624,356.8747752,37.96149888
213,4625,368.18114832,43.42266144
213,4626,380.61951816,47.70315072
213,4627,394.73023416,50.78102112
213,4628,408.17538888,47.30812992
213,4629,421.16937864,45.68854464
213,4630,433.45126416,43.63992288
213,4631,446.06059632,46.05942528
213,4632,459.1746468,49.74409152
213,4633,473.71144272,53.55933408
213,4634,488.00701992,50.14130688
213,4635,497.7642318,49.8055392
222,4586,19.5231512,43.9899552
222,4587,27.46330296,43.98776064
222,4588,39.68163768,43.99105248
222,4589,51.9022584,43.99105248
222,4590,62.09501424,19.69946784
222,4591,67.61811216,35.00981568
222,4592,79.130652,42.24637728
222,4593,89.58873624,32.34891168
222,4594,98.34679848,32.0350896
222,4595,107.18011584,31.26479904
222,4596,116.17403232,33.50325024
222,4597,125.53032552,34.00909632
222,4598,134.96044128,32.59689696
222,4599,142.81903872,23.90643936
222,4600,149.01833544,21.94450272
222,4601,155.11436592,21.9456
222,4602,161.21006112,21.93572448
222,4603,167.30130624,21.97742112
222,4604,173.61322656,23.00776704
222,4605,179.79978264,21.94779456
222,4606,185.89627032,21.94998912
222,4607,191.99327616,21.9456
222,4608,198.0893676,21.93901632
222,4609,204.36724176,24.62076864
222,4610,212.47583616,32.84817408
222,4611,221.34283392,30.67665696
222,4612,229.64125776,27.72936288
222,4613,236.56110168,22.79928384
222,4614,242.70160248,21.93572448
222,4615,248.8467972,23.30842176
222,4616,256.45372128,32.00656032
222,4617,265.9742712,35.9523792
222,4618,276.43583016,38.70326016
222,4619,287.79941424,43.30854432
222,4620,299.97800304,43.8308496
222,4621,311.808876,40.23506304
222,4622,322.68005568,39.87844704
222,4623,333.70896936,37.50283584
222,4624,343.55656968,34.53798528
222,4625,353.20851888,35.25012
222,4626,363.25923792,37.60817472
222,4627,373.89416712,38.43332928
222,4628,385.40868816,46.26022752
222,4629,398.83744464,48.74446944
222,4630,412.56536232,49.73311872
222,4631,426.72332232,52.59701952
222,4632,441.3484188,52.16249664
222,4633,455.67383592,52.26564096
222,4634,471.05931696,57.85518528
222,4635,486.4007544,52.83622656
222,4636,497.81508768,57.97808064
226,4588,19.0664592,62.106048
226,4589,26.75510016,60.52157568
226,4590,41.3741616,47.01625344
226,4591,53.34902208,41.28516
226,4592,64.78130808,39.6995904
226,4593,74.31478152,30.12472512
226,4594,82.60144008,30.06327744
226,4595,91.14303336,30.77980128
226,4596,99.76463664,31.30759296
226,4597,108.33329616,30.06218016
226,4598,116.47602816,29.11193568
226,4599,124.96028856,34.0924896
226,4600,134.793228,32.0241168
226,4601,142.61796216,26.00882784
226,4602,149.17238136,21.98729664
226,4603,155.2667964,21.9456
226,4604,161.361882,21.93133536
226,4605,167.37381816,21.11934816
226,4606,173.25453792,21.9456
226,4607,179.4900144,22.22211456
226,4608,185.66706072,22.49204544
226,4609,191.94706848,23.0922576
226,4610,198.4805784,23.59042272
226,4611,205.53313224,28.33945056
226,4612,213.78080688,29.87125344
226,4613,221.69396352,26.18000352
226,4614,228.66763512,24.96421728
226,4615,235.51630824,24.13796544
226,4616,242.15119464,23.84608896
226,4617,249.05524992,26.52893856
226,4618,256.90171632,30.78309312
226,4619,266.12200776,34.88582304
226,4620,276.0796104,35.87227776
226,4621,286.3248528,38.13267456
226,4622,297.10568976,39.5130528
226,4623,307.94148216,38.38395168
226,4624,318.6357864,39.54706848
226,4625,330.5138424,44.2423296
226,4626,341.90242008,38.46844224
226,4627,352.56496416,38.40260544
226,4628,363.22336296,38.36200608
226,4629,374.08457568,40.97133792
226,4630,385.9376076,43.60261536
226,4631,398.31605376,45.13332096
226,4632,410.85202056,45.13990464
226,4633,423.3775632,44.4233808
226,4634,435.10818744,42.71381856
226,4635,448.77910752,55.69683552
226,4636,464.97291816,58.8745584
226,4637,481.06937568,55.54211904
226,4638,494.960825333333,51.316128
238,4590,23.0953564,52.9108416
238,4591,34.61817816,49.25251008
238,4592,47.38210488,43.36121376
238,4593,58.9722468,41.2083504
238,4594,69.98211048,36.55478592
238,4595,79.270098,31.11776352
238,4596,87.67504944,30.6634896
238,4597,96.45079008,31.97254464
238,4598,105.33692928,31.99778208
238,4599,113.96871288,29.06255808
238,4600,121.66695504,27.44187552
238,4601,129.3735792,27.94662432
238,4602,136.99574328,26.05271904
238,4603,143.53531872,21.97193472
238,4604,149.62796592,21.9456
238,4605,155.72396592,21.9456
238,4606,161.81917344,21.9291408
238,4607,167.91182064,21.94450272
238,4608,174.00779016,21.9456
238,4609,180.10436928,21.9456
238,4610,186.20024736,21.9510864
238,4611,192.49561704,24.09956064
238,4612,199.14242112,22.65992928
238,4613,205.77569208,26.38848672
238,4614,213.56790408,28.76629248
238,4615,221.00532888,23.58932544
238,4616,227.16106968,22.19468256
238,4617,233.7189636,24.87314304
238,4618,240.653316,25.1222256
238,4619,247.9186812,27.08964864
238,4620,255.46074384,27.3442176
238,4621,263.39273712,29.67484032
238,4622,271.67171472,29.96561952
238,4623,280.22071464,31.49303328
238,4624,288.96356736,30.67775424
238,4625,297.18896112,29.93270112
238,4626,305.90011464,32.46412608
238,4627,315.0272592,32.90523264
238,4628,324.5207124,36.7643664
238,4629,334.99681032,36.31228704
238,4630,345.02814408,37.37774592
238,4631,355.6267716,38.97428832
238,4632,367.11751824,43.5784752
238,4633,379.4534448,46.66841568
238,4634,393.35793312,51.23858688
238,4635,407.46523536,51.8519664
238,4636,422.49233256,55.80327168
238,4637,437.83090488,53.88522624
238,4638,452.72718192,53.6185872
238,4639,467.67000192,56.76009984
238,4640,484.66327248,62.97509376
238,4641,497.88311904,64.39716864
245,4597,27.6702393,37.3116348
245,4598,36.86028696,36.09283104
245,4599,46.81340904,35.84594304
245,4600,56.77232232,35.72414496
245,4601,65.75880168,29.6320464
245,4602,74.44139544,32.37963552
245,4603,83.29809096,31.83538464
245,4604,92.56169448,34.39863072
245,4605,102.1151628,34.39643616
245,4606,111.4572828,31.6236096
245,4607,119.75933376,29.379672
245,4608,127.86865968,28.88479872
245,4609,135.86694696,28.78823808
245,4610,143.84374584,28.39541184
245,4611,151.3298472,26.25352128
245,4612,158.8478916,27.43090272
245,4613,166.46441688,27.42212448
245,4614,174.0840816,27.432
245,4615,181.70463024,27.43309728
245,4616,189.32554464,27.43638912
245,4617,196.96432032,27.78642144
245,4618,204.77750256,28.24727904
245,4619,212.79889368,30.5373024
245,4620,221.67049392,32.27429664
245,4621,230.58077328,31.4864496
245,4622,239.02254456,28.89028512
245,4623,246.73047936,27.42980544
245,4624,254.49879504,29.1547296
245,4625,263.00097768,32.23479456
245,4626,272.21630088,33.10384032
245,4627,281.36069712,32.9129136
245,4628,290.4760764,32.80428288
245,4629,299.6144376,32.9184
245,4630,308.7575232,32.90523264
245,4631,317.90399208,33.37047936
245,4632,327.86183856,37.90773216
245,4633,337.82212344,33.37047936
245,4634,347.13912792,35.17660224
245,4635,357.33322488,37.4885712
245,4636,367.94694,39.35723904
245,4637,379.68743976,46.00675584
245,4638,393.27953856,50.1072912
245,4639,407.06856864,49.41929664
245,4640,420.95428128,50.80077216
245,4641,435.27052392,52.15701024
245,4642,450.000624,54.08932032
245,4643,465.31014888,56.95761024
245,4644,481.74959784,59.74799328
245,4645,495.520239771429,56.7309435428571
251,4598,9.44213794285714,37.4971926857143
251,4599,18.29921664,37.5160032
251,4600,28.71618336,37.4885712
251,4601,39.07532952,36.89604
251,4602,49.25138232,36.57673152
251,4603,59.411616,36.57892608
251,4604,69.0375048,31.42500192
251,4605,77.44157232,30.56802624
251,4606,86.00514168,31.13532
251,4607,94.78027272,31.38001344
251,4608,103.50389256,31.39647264
251,4609,112.00223472,30.37709952
251,4610,120.18471264,28.31750496
251,4611,127.89938352,27.3387312
251,4612,135.53050872,27.51649056
251,4613,143.15288616,27.42322176
251,4614,150.72594696,26.74839456
251,4615,157.99527456,25.8244848
251,4616,165.25963392,26.96785056
251,4617,172.8648816,27.432
251,4618,180.48536928,27.43419456
251,4619,188.10622272,27.43638912
251,4620,195.72689328,27.432
251,4621,203.34390624,27.45284832
251,4622,211.3845912,30.96414432
251,4623,219.96522936,29.21617728
251,4624,227.68770312,27.42761088
251,4625,235.30776408,27.43090272
251,4626,242.92462464,27.41992992
251,4627,250.54249104,27.45614016
251,4628,258.548886,30.6909216
251,4629,267.18441864,31.0475376
251,4630,276.04117512,32.77465632
251,4631,285.18483984,32.85146592
251,4632,294.29473272,32.8580496
251,4633,303.4387632,32.9184
251,4634,312.578496,32.89755168
251,4635,321.82905408,34.67624256
251,4636,331.8321024,35.47067328
251,4637,341.20205064,32.9019408
251,4638,350.49372624,34.18466112
251,4639,359.97517032,34.25269248
251,4640,370.06831752,38.23033248
251,4641,380.9218188,41.2796736
251,4642,393.08483232,44.57041632
251,4643,405.34507704,44.0667648
251,4644,418.00000728,46.87909344
251,4645,431.1290844,47.27960064
251,4646,444.3735588,48.58536384
251,4647,457.74623208,48.2858064
251,4648,471.90541128,53.7722064
251,4649,486.00978744,47.47820832
251,4650,497.0219168,52.4170656
260,4602,20.9732118,37.7903232
260,4603,28.22902152,37.04856192
260,4604,38.53552872,36.80167392
260,4605,48.97136256,39.68203392
260,4606,60.30288168,41.03717472
260,4607,70.97499648,33.99592896
260,4608,79.96815096,32.39280288
260,4609,88.80878352,31.47328224
260,4610,97.36814664,30.27834432
260,4611,105.8846244,31.35148416
260,4612,114.7666488,32.11848288
260,4613,123.61709592,31.18798944
260,4614,131.97029232,29.11851936
260,4615,139.80115296,27.47259936
260,4616,147.41837928,27.432
260,4617,154.9178004,26.23486752
260,4618,162.13735416,26.41591872
260,4619,169.66573128,27.43419456
260,4620,177.28579224,27.432
260,4621,184.90618848,27.43529184
260,4622,192.5270724,27.432
260,4623,200.14618848,27.56038176
260,4624,208.11338616,30.6086256
260,4625,216.95319576,31.1408064
260,4626,224.9520012,27.4155408
260,4627,232.57038576,27.432
260,4628,240.22062192,28.37456352
260,4629,248.79306096,32.51569824
260,4630,257.73604536,32.01204672
260,4631,266.647422,32.35549536
260,4632,275.74612872,32.91620544
260,4633,284.64613632,31.13970912
260,4634,293.22189768,31.27248
260,4635,302.2276404,32.91949728
260,4636,311.36993352,32.90523264
260,4637,320.54127408,33.76440288
260,4638,330.35540736,35.80205184
260,4639,339.84657456,33.19930368
260,4640,349.34466072,35.24682816
260,4641,359.503218,38.96002368
260,4642,370.81949712,41.1918912
260,4643,382.26086616,41.1973776
260,4644,393.70485648,41.19408576
260,4645,405.1464084,41.1918912
260,4646,416.58972816,41.19847488
260,4647,428.03265168,41.19079392
260,4648,439.674762,43.69149504
260,4649,452.13160272,45.61722144
260,4650,465.32618136,50.255424
260,4651,479.80543104,50.67568224
260,4652,493.27356768,48.60072576
260,4653,500.7815232,49.3885728
266,4606,21.71998704,34.1144352
266,4607,28.8543492,34.03543104
266,4608,38.46960048,35.19196416
266,4609,48.23411232,36.68865408
266,4610,59.3535516,41.9490144
266,4611,70.32117,35.5847904
266,4612,79.67849952,33.06872736
266,4613,88.91485392,33.46374816
266,4614,98.11478472,32.9074272
266,4615,107.25716928,32.91510816
266,4616,116.3004024,31.43268288
266,4617,124.54085328,28.07720064
266,4618,132.16960104,27.46930752
266,4619,139.7998728,27.432
266,4620,147.41840976,27.42541632
266,4621,155.038044,27.432
266,4622,162.65694672,27.42322176
266,4623,170.27536176,27.43090272
266,4624,178.12734504,30.45171456
266,4625,187.11629328,32.92169184
266,4626,196.26090288,32.91730272
266,4627,205.41099888,33.29366976
266,4628,214.9858032,35.03395584
266,4629,223.95234864,29.43343872
266,4630,231.80972688,27.46711296
266,4631,239.42747136,27.41773536
266,4632,247.36937064,31.00474368
266,4633,256.53284736,34.44800832
266,4634,266.23956912,34.03982016
266,4635,275.44065816,32.91071904
266,4636,284.58496296,32.91071904
266,4637,293.7002508,32.79879648
266,4638,302.8367832,32.9184
266,4639,311.97810096,32.90084352
266,4640,321.1686744,33.933384
266,4641,330.92898,35.11625184
266,4642,340.29920256,32.89206528
266,4643,349.67317416,35.16562944
266,4644,359.76531552,37.50283584
266,4645,370.32660504,37.44577728
266,4646,380.83705392,39.69739584
266,4647,392.23221528,40.94280864
266,4648,403.54764096,41.69334816
266,4649,415.3879932,42.94095552
266,4650,427.43030592,43.24709664
266,4651,439.25166912,42.8817024
266,4652,451.45735464,44.98848
266,4653,464.39748624,49.41710208
266,4654,479.05367232,53.4265632
266,4655,493.73381568,53.27074944
278,4610,23.8394367,36.6546384
278,4611,33.03120648,36.49333824
278,4612,42.99475272,35.84704032
278,4613,53.1976584,35.72414496
278,4614,62.56254696,33.1268832
278,4615,71.76138048,33.51861216
278,4616,81.29558544,34.03543104
278,4617,90.49914336,32.89974624
278,4618,99.63829704,32.91181632
278,4619,108.7806816,32.91730272
278,4620,117.92934504,32.80647744
278,4621,126.89942616,31.80356352
278,4622,135.4519008,28.95502464
278,4623,143.15230704,27.42541632
278,4624,150.75584784,27.02490912
278,4625,158.11457328,25.91885088
278,4626,165.06578112,24.9466608
278,4627,172.7304648,30.49231392
278,4628,181.62782064,32.8799952
278,4629,190.77407616,32.92278912
278,4630,199.90176936,32.87011968
278,4631,209.18402664,34.58187648
278,4632,218.94908712,33.76111104
278,4633,227.92246008,32.30611776
278,4634,236.52665928,30.31674912
278,4635,245.31651216,32.40926208
278,4636,254.4808728,33.97508064
278,4637,264.25864344,35.0690688
278,4638,273.6026532,32.88767616
278,4639,282.74485488,32.85366048
278,4640,291.85490016,32.85914688
278,4641,300.9988392,32.9184
278,4642,310.14122376,32.9019408
278,4643,319.29683664,33.60858912
278,4644,329.21694888,36.93005568
278,4645,338.917026,33.04897632
278,4646,348.02813808,32.616648
278,4647,357.06500088,32.64408
278,4648,366.18236136,32.91181632
278,4649,375.33337176,33.46265088
278,4650,385.7260764,41.62312224
278,4651,397.27766112,40.10338944
278,4652,408.1849596,39.22885728
278,4653,419.3942844,42.11031456
278,4654,431.41032336,43.62126912
278,4655,443.46263352,43.74745632
278,4656,455.90743464,45.44494848
278,4657,468.95775144,49.53560832
278,4658,482.45752632,45.7401168
278,4659,494.566007733333,46.9184736
281,4612,21.50662704,32.9293728
281,4613,28.27495488,31.86171936
281,4614,36.98903448,31.08813696
281,4615,45.72316992,32.6221344
281,4616,55.97139936,41.03388288
281,4617,67.29825504,38.04379488
281,4618,77.04393024,33.66893952
281,4619,86.12462328,32.36866272
281,4620,95.22061728,32.90413536
281,4621,104.36205696,32.91401088
281,4622,113.61371232,33.48130464
281,4623,122.80766904,32.90852448
281,4624,131.88144312,32.3752464
281,4625,140.89270272,31.55338368
281,4626,148.94268408,27.42870816
281,4627,156.562044,27.432
281,4628,164.18076384,27.42541632
281,4629,171.79994088,27.42980544
281,4630,179.58764184,29.89758816
281,4631,188.48685696,32.973264
281,4632,198.04696992,36.43627968
281,4633,208.48359624,37.82433888
281,4634,218.75398464,35.03176128
281,4635,227.83486056,30.861
281,4636,236.24822448,31.40305632
281,4637,245.31178776,33.35950656
281,4638,255.02222808,36.8905536
281,4639,265.4009424,36.74351808
281,4640,275.24540328,34.04201472
281,4641,284.71310088,34.41289536
281,4642,294.01705992,32.80208832
281,4643,303.1473744,32.9184
281,4644,312.26872776,32.03289504
281,4645,320.48260008,28.62145152
281,4646,329.01678672,31.86940032
281,4647,337.33371192,27.81385344
281,4648,344.9595336,27.61414848
281,4649,352.7357436,28.2110688
281,4650,360.58614192,29.44221696
281,4651,369.41022384,33.39242496
281,4652,379.45411536,40.03755264
281,4653,391.4741472,44.75695392
281,4654,403.8130608,44.21709216
281,4655,416.14993224,44.7580512
281,4656,428.76545184,46.00236672
281,4657,441.53288376,45.29132928
281,4658,454.5333048,51.81465888
281,4659,469.70253024,52.34135328
281,4660,481.77413424,37.334952
281,4661,493.37296296,46.88457984
281,4662,500.6376576,49.5860832
292,4614,21.9048438857143,27.3050290285714
292,4615,28.3040328,23.67710784
292,4616,35.70165072,31.97254464
292,4617,43.92832464,29.60351712
292,4618,53.56701504,37.28118528
292,4619,64.0974588,37.49186304
292,4620,73.79951712,33.38364672
292,4621,82.95784272,32.19200064
292,4622,92.01125616,32.42901312
292,4623,100.79632368,31.17153024
292,4624,109.38933672,30.67665696
292,4625,117.80391984,29.9941488
292,4626,126.2803164,31.40964
292,4627,135.15728112,31.2505344
292,4628,143.47457208,28.93417632
292,4629,151.30582896,28.54903104
292,4630,159.363918,28.22313888
292,4631,166.84459392,26.32155264
292,4632,174.332646,27.70522272
292,4633,182.16393336,29.36101824
292,4634,190.08879432,25.402032
292,4635,197.7165972,31.37891616
292,4636,206.674212,33.67442592
292,4637,216.43003704,35.0526096
292,4638,225.84043224,33.89168736
292,4639,235.7812404,37.66852512
292,4640,246.426228,38.40041088
292,4641,257.09556912,38.46076128
292,4642,267.75524808,38.11072896
292,4643,278.2048284,37.03649184
292,4644,288.35381496,35.6670864
292,4645,297.79846968,32.92059456
292,4646,306.94201248,32.89974624
292,4647,315.743082,29.33797536
292,4648,323.84231904,31.5138816
292,4649,332.98220424,31.51827072
292,4650,340.97296296,27.40017888
292,4651,348.74155296,28.90674432
292,4652,356.94722616,30.58997184
292,4653,365.87359896,33.10713216
292,4654,375.70873296,38.17327392
292,4655,387.17994192,44.24891328
292,4656,399.59545176,45.34619328
292,4657,412.7078868,47.49137568
292,4658,424.74955944,40.09241664
292,4659,435.83406864,40.9065984
292,4660,447.39720528,41.45853024
292,4661,459.27833976,44.1326016
292,4662,472.37306592,49.96793664
292,4663,485.64390552,45.13002912
292,4664,496.540100571429,48.7317723428571
298,4615,20.743926,33.412176
298,4616,26.81395704,30.2081184
298,4617,34.84494936,28.831032
298,4618,43.00679232,29.62985184
298,4619,51.45700656,32.4959472
298,4620,60.98715768,34.84302912
298,4621,70.51200528,34.10675424
298,4622,80.38158168,36.55917504
298,4623,90.35311368,34.20441216
298,4624,99.45087552,32.35549536
298,4625,108.26620968,30.4275744
298,4626,116.48956128,29.11522752
298,4627,124.67868384,30.35734848
298,4628,133.18943136,30.9597552
298,4629,141.5866104,28.5183072
298,4630,149.24708784,27.42870816
298,4631,156.8669964,27.432
298,4632,164.484558,27.41663808
298,4633,172.10291208,27.42431904
298,4634,180.04664016,31.00803552
298,4635,189.0360456,32.3752464
298,4636,197.90539032,30.85222176
298,4637,206.2135068,31.06728864
298,4638,215.51682576,34.55005536
298,4639,225.16334952,35.58259584
298,4640,235.406184,37.48527936
298,4641,245.81745096,37.48747392
298,4642,256.18601544,36.73803168
298,4643,266.31387936,37.19888928
298,4644,276.833076,37.8397008
298,4645,287.3834232,37.42931808
298,4646,297.03924336,32.36646816
298,4647,305.461416,28.28678112
298,4648,313.12448424,27.41334624
298,4649,320.78313288,28.57426848
298,4650,329.32173912,31.88366496
298,4651,337.64070648,27.80178336
298,4652,345.48473448,29.75164992
298,4653,354.01434912,31.02449472
298,4654,362.85595704,33.1872336
298,4655,372.82889112,38.20619232
298,4656,384.08018688,44.66149056
298,4657,397.12126824,46.01663136
298,4658,409.34646096,43.4852064
298,4659,421.44991656,43.34365728
298,4660,433.44452808,42.7884336
298,4661,445.45017336,43.88900544
298,4662,457.80932568,45.05212224
298,4663,470.80371168,49.40612928
298,4664,484.3253712,46.5027264
298,4665,495.8754243,47.128176
299,4617,20.2102212,30.6250848
299,4618,25.35679968,30.32772192
299,4619,33.58298592,29.34785088
299,4620,41.69627424,29.52890208
299,4621,50.4815856,35.058096
299,4622,60.96765048,38.53537632
299,4623,71.00221512,33.31561536
299,4624,80.13582144,32.94254016
299,4625,89.2815588,32.90632992
299,4626,98.37423048,32.35549536
299,4627,107.37604128,32.09105088
299,4628,116.10950616,31.30210656
299,4629,124.67389848,30.32991648
299,4630,133.01840808,29.63643552
299,4631,141.36054024,30.68104608
299,4632,149.54631,27.8818848
299,4633,157.29484416,27.94004064
299,4634,164.94169704,27.41883264
299,4635,172.5606912,27.432
299,4636,180.18105696,27.43419456
299,4637,187.80584232,27.70193088
299,4638,195.99825672,31.82770368
299,4639,205.13149728,33.89278464
299,4640,215.05060368,36.59099616
299,4641,225.16145976,36.21682368
299,4642,235.46345592,38.13925824
299,4643,245.84095104,36.33971904
299,4644,255.78249072,35.87666688
299,4645,265.7526816,34.53798528
299,4646,274.98165984,32.89974624
299,4647,284.11822272,32.79111552
299,4648,293.23308384,32.91730272
299,4649,302.3777544,32.9184
299,4650,311.46116016,31.77064512
299,4651,319.68990672,28.6719264
299,4652,328.34561712,33.16419072
299,4653,336.99885864,28.36797984
299,4654,344.65430688,27.90273312
299,4655,352.66414608,29.4180768
299,4656,361.17812448,32.33354976
299,4657,370.31224896,33.384744
299,4658,380.3824752,40.12094592
299,4659,392.25224064,43.76281824
299,4660,404.1375204,42.37256448
299,4661,416.11756248,43.3480464
299,4662,428.2042236,43.48740096
299,4663,440.25729576,43.74745632
299,4664,452.44896048,43.89778368
299,4665,464.58478584,44.32572288
299,4666,477.41595144,45.77632704
299,4667,489.5539104,44.25769152
299,4668,498.4690056,47.1501216
306,4620,21.2778594,30.7128672
306,4621,27.34732656,31.19896224
306,4622,36.07792632,31.053024
306,4623,44.4316104,30.93122592
306,4624,53.94633864,37.39310784
306,4625,64.62903,38.0372112
306,4626,74.38296528,32.26881024
306,4627,83.33777592,32.78562912
306,4628,92.4798252,32.89425984
306,4629,101.61876552,32.91181632
306,4630,110.76072336,33.05556
306,4631,120.050052,33.36060384
306,4632,129.16668096,32.3478144
306,4633,137.75600592,28.8200592
306,4634,145.4380632,27.42541632
306,4635,153.05690496,27.40785984
306,4636,160.65221616,27.35080128
306,4637,168.26490096,27.45284832
306,4638,176.2714788,30.6744624
306,4639,184.94614776,31.29662016
306,4640,193.96539312,34.05079296
306,4641,203.55449256,34.55663904
306,4642,213.15148632,34.51055328
306,4643,222.74259744,34.60491936
306,4644,232.73192976,37.80239328
306,4645,243.385086,38.39821632
306,4646,253.84847376,36.20585088
306,4647,263.77760808,35.3159568
306,4648,273.15036048,32.88657888
306,4649,282.29277552,32.91949728
306,4650,291.4112028,32.78892096
306,4651,300.5456016,32.9184
306,4652,309.68947968,32.87011968
306,4653,318.52919784,30.4824384
306,4654,327.32895672,33.44728896
306,4655,336.1930284,29.0011104
306,4656,343.8809988,27.9696672
306,4657,352.1249244,30.93890688
306,4658,360.87369024,32.4026784
306,4659,370.429536,37.03539456
306,4660,381.13597128,39.83565312
306,4661,392.52899904,40.79577312
306,4662,403.46247984,39.12790752
306,4663,414.86818728,42.62164704
306,4664,426.84438888,43.47862272
306,4665,438.87841104,43.06385088
306,4666,450.82760736,42.6128688
306,4667,462.5466492,43.21308096
306,4668,475.3519068,47.11061952
306,4669,487.89308568,44.36522496
306,4670,497.3275296,46.22401728
315,4622,21.23218512,31.2615072
315,4623,28.07781024,35.01749664
315,4624,38.05190256,35.98968672
315,4625,48.05114088,35.9962704
315,4626,58.05080592,35.96444928
315,4627,65.95097808,21.77771616
315,4628,74.65225608,40.01670432
315,4629,84.89935776,32.54422752
315,4630,93.5140116,30.54717792
315,4631,102.15564024,32.08885632
315,4632,111.21783192,32.92827552
315,4633,120.37125024,32.94692928
315,4634,129.46825008,32.39828928
315,4635,138.33692424,30.41989344
315,4636,146.20000224,27.4155408
315,4637,153.81494256,27.15877728
315,4638,161.18290344,26.59477536
315,4639,168.74877096,27.56038176
315,4640,176.9347236,31.96815552
315,4641,186.04693296,33.10713216
315,4642,195.4668684,34.4161872
315,4643,205.2366228,36.4242096
315,4644,215.65639368,37.44138816
315,4645,225.33037992,32.93705376
315,4646,234.47108808,32.91401088
315,4647,243.61118664,32.90523264
315,4648,252.76259328,33.34195008
315,4649,262.3904328,35.18867232
315,4650,271.78336296,32.87560608
315,4651,280.92230328,32.9184
315,4652,290.06737008,32.8854816
315,4653,298.63609056,29.5332912
315,4654,307.40418072,32.89974624
315,4655,316.54086552,32.93047008
315,4656,325.98018624,35.3763072
315,4657,335.47921728,32.16017952
315,4658,343.9869168,29.13168672
315,4659,352.20975024,30.54717792
315,4660,360.87844512,32.2929504
315,4661,370.12180992,34.83534816
315,4662,380.38302384,38.97099648
315,4663,391.69899816,41.10740064
315,4664,402.68633712,38.61767232
315,4665,414.00209808,42.51301632
315,4666,426.08653416,44.95336704
315,4667,438.48201864,44.28951264
315,4668,450.66667296,43.20320544
315,4669,462.6664356,43.7759856
315,4670,475.57239912,47.77447392
315,4671,488.74439208,48.31982208
315,4672,498.2704284,49.3995456
320,4623,10.7172252,30.4824384
320,4624,17.48930208,30.48134112
320,4625,25.92878736,30.14886528
320,4626,34.24882152,29.8953936
320,4627,42.69129384,31.7168784
320,4628,51.82069392,33.19381728
320,4629,60.94957584,31.98461472
320,4630,69.62122728,31.00035456
320,4631,77.96552352,29.49817824
320,4632,86.60014176,32.3642736
320,4633,95.61707064,32.33574432
320,4634,104.65103784,32.5014336
320,4635,113.62849512,32.29953408
320,4636,122.54904624,32.31709056
320,4637,131.54159112,32.24686464
320,4638,140.43882504,31.09801248
320,4639,148.48633752,27.459432
320,4640,156.104844,27.432
320,4641,163.72246656,27.41773536
320,4642,171.67683216,30.99925728
320,4643,180.76273728,33.87742272
320,4644,190.63359384,37.17694368
320,4645,201.21155592,38.41687008
320,4646,212.18033256,40.79796768
320,4647,223.2710292,38.5913376
320,4648,233.93738328,38.40150816
320,4649,244.58773536,37.98454176
320,4650,254.88857328,36.45273888
320,4651,264.9387132,34.93849248
320,4652,274.21627656,32.88438432
320,4653,283.3583868,32.8525632
320,4654,292.46821872,32.8580496
320,4655,301.6120968,32.9184
320,4656,310.7532012,32.89864896
320,4657,319.92740688,33.8894928
320,4658,329.84148408,36.22999104
320,4659,339.37959048,32.92827552
320,4660,348.40167048,31.6181232
320,4661,357.0314424,31.02668928
320,4662,365.88106656,32.78014272
320,4663,375.05673528,33.7578192
320,4664,385.25930568,39.83784768
320,4665,396.48883872,39.73141152
320,4666,407.42835456,40.2811488
320,4667,419.2200912,43.90107552
320,4668,431.44628976,44.67136608
320,4669,444.16528896,46.80777024
320,4670,457.3613916,47.3531184
320,4671,470.76530688,49.98988224
320,4672,484.12216104,45.54480096
320,4673,495.5321052,46.366938
323,4626,20.1308208,31.1188608
323,4627,24.80992752,30.11923872
323,4628,32.99624592,30.15764352
323,4629,41.57984064,31.59288576
323,4630,50.8286004,35.71865856
323,4631,61.24194,38.00319552
323,4632,71.27348712,32.68029024
323,4633,79.75223064,29.65289472
323,4634,87.71333232,28.20997152
323,4635,95.66404032,28.4085792
323,4636,103.369872,27.41992992
323,4637,111.1572072,28.5347664
323,4638,118.92153,27.4649184
323,4639,126.53339184,27.29593728
323,4640,134.15165448,27.55928448
323,4641,141.87437208,28.92868992
323,4642,150.5413296,32.78233728
323,4643,159.62494872,32.35220352
323,4644,168.673272,32.92059456
323,4645,177.83577336,33.64589664
323,4646,187.73787192,37.40956704
323,4647,198.32153376,38.66595264
323,4648,209.4172596,41.87110752
323,4649,221.17062192,41.120568
323,4650,232.11093024,38.40150816
323,4651,242.77530312,38.3883408
323,4652,253.44141336,38.40589728
323,4653,264.10164096,37.90334304
323,4654,274.04949,33.59981088
323,4655,283.20955296,32.85036864
323,4656,292.3188972,32.8580496
323,4657,301.4627448,32.9184
323,4658,310.6032396,32.89425984
323,4659,319.79253288,34.27024896
323,4660,329.99790744,37.48966848
323,4661,339.69133992,32.94912384
323,4662,348.64993008,31.19896224
323,4663,357.27150288,31.85184384
323,4664,366.355122,33.49776384
323,4665,376.32921432,38.40260544
323,4666,387.5720976,42.09495264
323,4667,399.02882856,39.85101504
323,4668,410.19020832,41.88427488
323,4669,422.18329584,44.02726272
323,4670,434.60813256,45.66659904
323,4671,447.62626248,47.39920416
323,4672,460.6232088,46.60038432
323,4673,474.1711116,49.98000672
323,4674,487.38263712,45.66111264
323,4675,497.7227536,47.8981008
329,4629,20.2850496,31.3053984
329,4630,25.24938816,31.70151648
329,4631,34.378392,32.94802656
329,4632,43.07360448,31.98680928
329,4633,53.10237792,39.63814272
329,4634,64.37049864,39.27604032
329,4635,74.15086008,32.08007808
329,4636,82.6193928,28.84529664
329,4637,90.42477216,27.54831168
329,4638,98.01386544,27.1960848
329,4639,105.65078184,27.65365056
329,4640,113.2761768,27.44626464
329,4641,120.90419304,27.44736192
329,4642,128.50712424,27.50442048
329,4643,136.50958728,30.40672608
329,4644,145.3604916,32.8745088
329,4645,154.504644,32.9184
329,4646,163.64690664,32.90523264
329,4647,172.7889864,32.9184
329,4648,182.00830248,34.02336096
329,4649,191.8574268,37.0332
329,4650,202.43797968,38.92271616
329,4651,214.08066912,44.59675104
329,4652,226.396296,43.89558912
329,4653,238.58573568,43.87803264
329,4654,250.77377328,43.59164256
329,4655,262.40713584,40.01341248
329,4656,273.09519168,36.68316768
329,4657,282.82114632,33.67771776
329,4658,292.01168928,32.89206528
329,4659,301.1567256,32.9184
329,4660,310.29865296,32.89864896
329,4661,319.46630544,33.94874592
329,4662,329.73090264,38.6955792
329,4663,339.68582304,33.14443968
329,4664,348.82525104,32.91730272
329,4665,357.96775752,32.88877344
329,4666,367.10456424,32.91620544
329,4667,376.34198544,34.96043808
329,4668,387.2032896,42.18602688
329,4669,398.78392176,41.20066944
329,4670,410.54816544,43.53238944
329,4671,422.94133344,45.39776544
329,4672,435.73119864,47.04149088
329,4673,448.97006472,47.59671456
329,4674,462.30088896,49.5531648
329,4675,476.67303192,52.20748512
329,4676,490.49394408,48.41528544
329,4677,499.312184,49.7506752
335,4632,22.8163755,36.882324
335,4633,31.68993408,34.78597056
335,4634,41.64561648,39.01269312
335,4635,53.48785848,43.8143904
335,4636,63.78531312,21.54728736
335,4637,70.13457144,39.17399328
335,4638,83.2779132,44.08212672
335,4639,93.1505376,31.39756992
335,4640,101.49160296,28.5951168
335,4641,109.16027952,27.432
335,4642,116.785644,27.47150208
335,4643,124.410216,27.36396864
335,4644,132.03542808,28.17376128
335,4645,140.49088488,32.50472544
335,4646,149.62735632,32.91181632
335,4647,158.92415256,34.00141536
335,4648,168.30784728,33.60200544
335,4649,177.64914432,33.5109312
335,4650,187.3303848,36.8576352
335,4651,197.85988368,38.39821632
335,4652,208.72789344,41.065704
335,4653,220.33162944,40.4951184
335,4654,231.19393944,38.4432048
335,4655,241.85782464,38.38504896
335,4656,252.52308144,38.40260544
335,4657,263.19900624,38.1798576
335,4658,273.14594088,33.32768544
335,4659,282.2742132,32.26990752
335,4660,291.10954224,32.34671712
335,4661,300.23991768,32.9184
335,4662,309.39525624,33.34304736
335,4663,318.83384544,34.84851552
335,4664,329.38388784,40.01889888
335,4665,339.53110656,33.21905472
335,4666,348.598998,32.23150272
335,4667,357.53277744,32.44986144
335,4668,366.63712296,32.9129136
335,4669,375.96808728,35.66818368
335,4670,387.24263928,44.66149056
335,4671,399.57871824,42.96838752
335,4672,412.0604916,48.94636896
335,4673,426.12082416,50.8699008
335,4674,440.24979768,50.85673344
335,4675,454.37852736,50.8699008
335,4676,468.66584448,53.300376
335,4677,483.10321464,47.7700848
335,4678,495.5221992,48.1267008
338,4675,418.09266648,35.94799008
338,4676,428.33257488,36.79618752
338,4677,438.65188368,40.23396576
338,4678,450.59598984,43.781472
338,4679,462.75750984,43.79354208
338,4680,474.92619264,43.7979312
338,4681,487.08786504,43.77927744
338,4682,496.84051,43.973496
342,4634,20.99818,34.7947488
342,4635,27.24979056,35.43446304
342,4636,37.23372792,36.39458304
342,4637,47.56751472,39.10376736
342,4638,59.27710776,43.7759856
342,4639,70.83850704,37.28118528
342,4640,80.28886152,32.9403456
342,4641,89.43481224,32.90523264
342,4642,98.571558,32.90084352
342,4643,107.71470456,32.87011968
342,4644,116.47645488,29.8515024
342,4645,124.61882112,29.62985184
342,4646,133.10042976,31.66859808
342,4647,142.16262144,32.9129136
342,4648,151.30430496,32.91510816
342,4649,160.523682,33.4560672
342,4650,169.74062064,32.91620544
342,4651,178.8849864,32.92059456
342,4652,188.05035288,33.796224
342,4653,198.16352544,38.34115776
342,4654,209.17933272,42.28478208
342,4655,221.36136576,43.58505888
342,4656,232.84440096,39.08401632
342,4657,243.5362668,38.39272992
342,4658,254.1937512,38.22594336
342,4659,264.70566312,36.60855264
342,4660,274.21871496,32.8799952
342,4661,283.3614348,32.91071904
342,4662,292.47574728,32.7976992
342,4663,301.61389512,32.9184
342,4664,310.7548776,32.8964544
342,4665,319.95703344,34.52262336
342,4666,330.3480312,38.30165568
342,4667,340.1444556,32.96997216
342,4668,349.3181736,33.26184864
342,4669,358.56379392,33.08079744
342,4670,368.036856,36.49224096
342,4671,378.70034496,40.58728992
342,4672,391.08269256,46.98882144
342,4673,404.16903672,47.9291904
342,4674,417.66878112,48.83883552
342,4675,431.33915256,49.4160048
342,4676,445.16951352,49.9481856
342,4677,459.52614216,53.32122432
342,4678,474.23076096,54.25062048
342,4679,489.29135568,51.85964736
342,4680,498.4908496,50.9576832
349,4636,17.6340135,34.8743016
349,4637,26.34700344,34.84632096
349,4638,36.52180656,39.56023584
349,4639,47.89206576,41.15129184
349,4640,59.3889084,41.79100608
349,4641,71.05061736,41.97315456
349,4642,81.95002152,35.34448608
349,4643,91.26361224,32.88877344
349,4644,100.47591792,33.45826176
349,4645,109.69514256,32.87670336
349,4646,118.71713112,32.17115232
349,4647,127.6758432,32.58153504
349,4648,136.82950536,32.9348592
349,4649,145.6825128,30.65032224
349,4650,154.27628784,31.27467456
349,4651,163.02185328,31.81124448
349,4652,171.83822376,31.64445792
349,4653,180.53386296,30.17629728
349,4654,188.28827976,27.17633376
349,4655,196.8902844,32.62103712
349,4656,206.19960792,37.5928128
349,4657,217.3935708,40.74090912
349,4658,228.99157656,43.56530784
349,4659,239.74906584,32.95461024
349,4660,249.45139848,38.63303424
349,4661,260.30730768,38.12609088
349,4662,270.36543336,34.99006464
349,4663,280.547826,38.2292352
349,4664,291.07098504,35.79656544
349,4665,300.4852512,34.04420928
349,4666,310.14552144,34.97909184
349,4667,319.86464856,35.003232
349,4668,329.587098,35.003232
349,4669,339.30832824,34.97689728
349,4670,349.02492552,35.00103744
349,4671,358.74280296,34.948368
349,4672,368.4554988,34.80352704
349,4673,378.5507796,39.94867296
349,4674,390.76676736,45.4219056
349,4675,402.97351968,43.20430272
349,4676,414.9819996,43.23502656
349,4677,426.99026616,43.2218592
349,4678,438.9761604,42.30892224
349,4679,449.9225952,37.30093632
349,4680,460.77185976,41.63409504
349,4681,472.6108404,42.74344512
349,4682,484.47847224,42.71491584
349,4683,495.824730133333,43.67784
352,4638,24.5220744,42.1136064
352,4639,35.70494256,41.73723936
352,4640,47.28402024,42.20577792
352,4641,58.44360168,38.31482304
352,4642,69.02522136,37.79471232
352,4643,79.52884272,37.4391936
352,4644,89.417652,33.63053472
352,4645,98.58170784,33.03580896
352,4646,107.71741728,32.77465632
352,4647,116.861844,32.9622912
352,4648,125.86505688,31.30978752
352,4649,134.42643168,30.62069568
352,4650,142.75122072,29.9337984
352,4651,151.3533168,32.10202368
352,4652,160.44294048,32.62981536
352,4653,169.37882304,32.08775904
352,4654,178.36505856,31.52156256
352,4655,186.429396,27.59988384
352,4656,194.61516576,31.96815552
352,4657,203.7258816,33.18613632
352,4658,213.76510968,39.28701312
352,4659,224.64226344,38.46405312
352,4660,235.56678312,41.4113472
352,4661,247.57084344,43.88351904
352,4662,259.64872632,42.74344512
352,4663,271.03480464,39.19045248
352,4664,281.75827824,38.4048
352,4665,292.41920688,38.2786128
352,4666,303.06023208,38.35322784
352,4667,313.16688192,33.76220832
352,4668,322.48352064,35.35875072
352,4669,332.81267448,36.45932256
352,4670,342.27284352,32.8470768
352,4671,351.343722,32.47839072
352,4672,360.40030536,32.80099104
352,4673,369.536472,32.9184
352,4674,378.714762,34.12321344
352,4675,389.16812184,40.28005152
352,4676,400.1842644,37.96808256
352,4677,410.91773544,41.25443616
352,4678,422.65195632,43.25806944
352,4679,434.76720768,42.91571808
352,4680,446.66053416,42.47351424
352,4681,458.3722608,41.92487424
352,4682,470.25494976,44.49689856
352,4683,482.56115832,42.6677328
352,4684,494.18851632,41.68895904
352,4685,500.62638,41.3784288
359,4640,20.400645,44.8129152
359,4641,29.0849304,44.37839232
359,4642,40.73466072,40.44464352
359,4643,52.949856,47.402496
359,4644,66.09185664,44.99835552
359,4645,77.49655824,39.06426528
359,4646,88.21500264,36.93005568
359,4647,98.01282912,34.40631168
359,4648,107.40396096,33.18833088
359,4649,116.55631248,32.95241568
359,4650,125.51721912,31.51497888
359,4651,134.05390512,30.19495104
359,4652,142.68459144,31.67737632
359,4653,151.60861728,32.78453184
359,4654,160.752282,32.90632992
359,4655,169.89326448,32.91730272
359,4656,179.03747784,32.92608096
359,4657,187.86412008,29.8240704
359,4658,196.19765688,30.88184832
359,4659,205.141068,34.46446752
359,4660,215.36768712,38.2786128
359,4661,226.01127264,38.38943808
359,4662,236.67771816,38.39272992
359,4663,247.34254824,38.40041088
359,4664,258.11171136,39.35175264
359,4665,268.96094544,38.45198304
359,4666,279.62159976,38.40589728
359,4667,290.26786752,38.27751552
359,4668,300.92276112,38.4048
359,4669,311.54394384,37.6476768
359,4670,321.5347392,35.79107904
359,4671,332.12108328,38.0975616
359,4672,341.8107972,32.94802656
359,4673,351.1236564,34.180272
359,4674,360.53667288,33.22673568
359,4675,369.79527768,34.83534816
359,4676,380.07231072,38.96770464
359,4677,391.38526752,41.23687968
359,4678,402.58407672,40.06498464
359,4679,414.13834368,42.71381856
359,4680,426.24472536,44.467272
359,4681,438.24988296,41.99948928
359,4682,449.92192464,42.02692128
359,4683,461.59631328,42.02692128
359,4684,473.27481672,42.0477696
359,4685,484.95033312,42.0367968
359,4686,495.6261741,43.973496
366,4641,13.6173318857143,40.0899085714286
366,4642,23.08094952,40.07156832
366,4643,34.1424768,39.32870976
366,4644,44.98113432,38.95563456
366,4645,56.073294,42.61725792
366,4646,68.634864,46.12087296
366,4647,81.04150416,40.33711008
366,4648,90.92827128,33.40230048
366,4649,100.09558848,32.77355904
366,4650,109.07112552,31.99778208
366,4651,117.92916216,31.71358656
366,4652,126.51339696,30.43744992
366,4653,135.08815248,30.41221248
366,4654,143.307816,29.78786016
366,4655,152.06499432,32.88438432
366,4656,161.20923816,32.90523264
366,4657,170.35061688,32.9184
366,4658,179.49495216,32.92278912
366,4659,188.56381896,32.37305184
366,4660,197.63195424,32.91510816
366,4661,206.86721136,34.811208
366,4662,217.19441448,38.30385024
366,4663,227.84229768,38.52659808
366,4664,238.75236984,39.9025872
366,4665,249.63129144,38.45527488
366,4666,260.53292064,39.91794912
366,4667,271.4035212,38.38724352
366,4668,282.06615672,38.37407616
366,4669,292.70105544,38.30823936
366,4670,303.36658656,38.4102864
366,4671,313.86350232,36.72705888
366,4672,324.04769328,37.91980224
366,4673,334.62486288,35.80753824
366,4674,343.95204768,32.97545856
366,4675,353.18282424,33.37596576
366,4676,362.38120056,32.94802656
366,4677,372.0774372,37.526976
366,4678,382.97080632,41.15238912
366,4679,394.66732344,41.34221856
366,4680,406.18099104,42.86414592
366,4681,418.20087048,43.48740096
366,4682,430.627536,45.7620624
366,4683,443.43465288,45.75438144
366,4684,455.8658904,44.12382336
366,4685,468.28112592,46.0473552
366,4686,480.96004392,43.80670944
366,4687,492.84504936,42.56568576
366,4688,499.9462188,43.1340768
380,4644,22.78794528,43.8912
380,4645,31.78771392,42.94315008
380,4646,43.82850264,43.42924512
380,4647,55.17532272,37.55550528
380,4648,65.12061144,35.69890752
380,4649,75.31818312,37.31959008
380,4650,85.43815272,34.97689728
380,4651,94.76463648,32.8854816
380,4652,103.82780352,32.3587872
380,4653,112.62082632,30.83795712
380,4654,120.92138376,28.96160832
380,4655,128.8670016,28.80469728
380,4656,136.98211872,29.07353088
380,4657,144.82916424,27.49673952
380,4658,152.79971472,30.95536608
380,4659,161.81841144,32.90084352
380,4660,170.95902816,32.9184
380,4661,180.10412544,32.92278912
380,4662,188.54175144,25.48103616
380,4663,196.1218836,32.12726112
380,4664,205.1442684,32.7208896
380,4665,214.9028976,36.96955776
380,4666,225.13555176,37.1319552
380,4667,235.61384424,38.11731264
380,4668,246.21234984,37.8451872
380,4669,256.678938,37.35360576
380,4670,266.90790408,35.75925792
380,4671,276.34350624,32.945832
380,4672,285.48311712,32.81745024
380,4673,294.59489976,32.89425984
380,4674,303.7399056,32.9184
380,4675,312.98397144,34.02555552
380,4676,322.96038024,39.36492
380,4677,334.45143168,40.34479104
380,4678,345.23455464,38.38175712
380,4679,355.90045152,38.37407616
380,4680,366.55839312,38.39492448
380,4681,377.24404104,39.19813344
380,4682,388.807452,43.3864512
380,4683,400.58663088,41.7076128
380,4684,412.42737936,43.26794496
380,4685,424.60554144,44.89960032
380,4686,437.04110712,44.055792
380,4687,449.38501944,44.9006976
380,4688,461.90419176,46.03747968
380,4689,475.3602888,48.88821312
380,4690,488.28069984,45.53821728
380,4691,497.8932384,47.07111744
389,4647,22.9123820571429,41.8565293714286
389,4648,32.56995264,40.61143008
389,4649,43.98779112,41.26211712
389,4650,55.30477128,39.74018976
389,4651,66.15077448,38.80640448
389,4652,76.62559224,35.40264192
389,4653,86.020656,33.47142912
389,4654,95.22086112,32.89425984
389,4655,104.33322288,32.26881024
389,4656,112.92757704,30.28273344
389,4657,121.54457784,30.7896768
389,4658,129.805176,29.70446688
389,4659,138.16821744,30.63276576
389,4660,146.8346568,30.9871872
389,4661,155.5293816,32.05813248
389,4662,164.56033128,32.90632992
389,4663,173.700948,32.85914688
389,4664,182.84878848,33.07421376
389,4665,192.0450312,33.10713216
389,4666,201.23971944,33.2366112
389,4667,210.699858,34.76073312
389,4668,220.36659,34.72232832
389,4669,229.8358116,33.4889856
389,4670,239.0887776,33.18833088
389,4671,248.31028824,33.6206592
389,4672,258.27356016,37.79690688
389,4673,268.8197316,38.18095488
389,4674,279.47517384,38.40699456
389,4675,290.11738776,38.27751552
389,4676,300.69955608,37.85396544
389,4677,311.25965688,37.746432
389,4678,321.69756336,39.337488
389,4679,333.18239688,40.78260576
389,4680,344.0364468,38.65607712
389,4681,354.91241184,39.2113008
389,4682,365.65588032,38.38504896
389,4683,376.35341544,39.51415008
389,4684,388.36186488,46.13623488
389,4685,400.93294464,44.09090496
389,4686,413.12671248,43.89778368
389,4687,425.32145568,43.84950336
389,4688,437.38851816,43.37657568
389,4689,449.55512832,44.15344992
389,4690,461.78330808,43.96581504
389,4691,474.56000592,47.65157856
389,4692,487.32844368,43.88132448
389,4693,497.0202912,43.8052464
393,4650,21.9345764,43.6388256
393,4651,31.40573856,41.41354176
393,4652,42.58113912,40.5006048
393,4653,54.98217096,48.17717568
393,4654,68.01471792,42.95522016
393,4655,78.99343104,38.43881568
393,4656,89.6509764,37.79690688
393,4657,99.58986432,33.76001376
393,4658,108.77909664,32.92278912
393,4659,117.83839272,32.40487296
393,4660,126.86534952,32.25893472
393,4661,135.7592916,31.5577728
393,4662,144.47776032,31.62251232
393,4663,153.43290624,32.50911456
393,4664,162.29511864,32.21504352
393,4665,171.3725808,32.33354976
393,4666,180.11665272,30.35954304
393,4667,188.1062532,27.56586816
393,4668,195.74018256,27.88078752
393,4669,203.9474712,31.83977376
393,4670,213.1902264,33.5328768
393,4671,222.29774184,32.51130912
393,4672,231.42217368,32.91620544
393,4673,240.99447864,37.01783808
393,4674,251.62730472,39.17070144
393,4675,263.16779472,43.34914368
393,4676,275.28493584,43.84840608
393,4677,287.4617568,43.63004736
393,4678,299.06750448,39.36272544
393,4679,309.751476,37.79361504
393,4680,319.60102704,33.92021664
393,4681,329.52946032,36.9563904
393,4682,339.23270736,33.04019808
393,4683,348.5285892,34.70038272
393,4684,358.32358104,34.79255424
393,4685,368.14253016,37.1648736
393,4686,378.92641512,40.40514144
393,4687,390.9003612,44.91825408
393,4688,403.26871848,44.88862752
393,4689,416.27782632,47.91712032
393,4690,429.93179952,50.8644144
393,4691,443.4745512,45.06748416
393,4692,455.52241128,41.69554272
393,4693,466.69022232,41.19079392
393,4694,478.62524544,42.45815232
393,4695,489.52169304,36.4461552
393,4696,497.6758144,38.3261616
399,4652,21.0500976,41.6088576
399,4653,28.059126,41.11398432
399,4654,39.36714504,39.87186336
399,4655,50.519076,42.39451008
399,4656,62.8701816,44.89301664
399,4657,74.403204,36.59867712
399,4658,84.0865476,34.5259152
399,4659,93.39721224,33.165288
399,4660,102.74210592,33.73806816
399,4661,111.98071584,32.9184
399,4662,121.13197008,32.9403456
399,4663,130.26505824,32.91401088
399,4664,139.4191776,32.9184
399,4665,148.56144024,32.91071904
399,4666,157.705044,32.91510816
399,4667,166.84596552,32.90852448
399,4668,175.98981312,32.91949728
399,4669,185.13442272,32.92278912
399,4670,194.27939808,32.9184
399,4671,203.4210816,32.92827552
399,4672,212.83647552,35.15575392
399,4673,222.42804384,33.26623776
399,4674,231.62556672,34.28780544
399,4675,241.86035448,38.3938272
399,4676,252.53484672,38.78445888
399,4677,263.61524112,40.14618336
399,4678,274.44484608,38.37078432
399,4679,285.10074552,38.27093184
399,4680,295.74433104,38.41138368
399,4681,306.4122396,38.39163264
399,4682,317.07868512,38.80311264
399,4683,328.47954624,42.6896784
399,4684,339.76062096,38.53757088
399,4685,350.20157544,36.566856
399,4686,360.48409488,37.89675936
399,4687,371.00326104,37.99002816
399,4688,381.9649968,42.34732704
399,4689,394.39833744,45.18708768
399,4690,406.96813704,46.35898272
399,4691,420.36260352,49.34797344
399,4692,433.88121504,48.27593088
399,4693,447.26205696,47.22473664
399,4694,460.25507136,46.77814368
399,4695,473.222574,46.29204864
399,4696,485.05183152,39.77969184
399,4697,495.861001333333,41.397936
409,4655,23.0684324,51.1771392
409,4656,34.31328672,48.17278656
409,4657,46.56060792,43.6607712
409,4658,59.35394784,47.05246368
409,4659,71.68950864,39.87076608
409,4660,81.87714384,35.31485952
409,4661,91.40894088,33.33317184
409,4662,101.13282288,37.40188608
409,4663,111.61559592,37.32068736
409,4664,121.89357384,35.88434784
409,4665,131.3320716,33.25416768
409,4666,140.6344152,33.19052544
409,4667,149.6749356,31.8540384
409,4668,158.61813336,32.87231424
409,4669,167.75935968,32.91071904
409,4670,176.90384736,32.91510816
409,4671,185.9625948,32.21394624
409,4672,194.880738,32.09434272
409,4673,203.88852288,32.99411232
409,4674,213.12417624,33.2311248
409,4675,222.35583672,33.28489152
409,4676,231.59682408,33.22124928
409,4677,240.81565248,33.2091792
409,4678,250.89279768,41.02291008
409,4679,262.67959656,41.4936432
409,4680,273.68470536,38.37407616
409,4681,284.5935888,41.22810144
409,4682,296.06302992,39.84882048
409,4683,306.86995776,38.39163264
409,4684,317.53420872,38.70216288
409,4685,328.76325408,41.44646016
409,4686,339.53418504,35.74060416
409,4687,349.11831624,34.33279392
409,4688,358.70698896,34.66088064
409,4689,368.74557696,37.72777824
409,4690,379.49014272,40.75407648
409,4691,391.629138,45.05651136
409,4692,404.02785336,45.16514208
409,4693,417.08487576,48.42955008
409,4694,430.56075432,47.81507328
409,4695,443.76478176,47.50015392
409,4696,456.99846624,47.58025536
409,4697,470.05612872,46.97126496
409,4698,482.3175012,40.5115776
409,4699,493.4218224,39.89600352
409,4700,500.0964852,40.2262848
414,4656,17.8442789333333,48.8679744
414,4657,30.733746,48.80043072
414,4658,43.93771248,45.82351008
414,4659,56.51942976,44.8622928
414,4660,67.93059312,37.79800416
414,4661,78.521814,37.84738176
414,4662,88.36462896,33.220152
414,4663,97.50542856,32.90413536
414,4664,106.46825544,30.71615904
414,4665,114.80106072,31.75747776
414,4666,124.2812856,34.84193184
414,4667,133.97563248,35.01201024
414,4668,143.52718056,32.98752864
414,4669,152.42036064,31.82221728
414,4670,161.2588596,31.80685536
414,4671,170.09428008,32.0570352
414,4672,178.22838624,25.07504256
414,4673,184.81295016,23.52787776
414,4674,191.34984336,23.53007232
414,4675,197.88554784,23.52458592
414,4676,204.41927112,23.52129408
414,4677,214.63577088,58.43235456
414,4678,228.3314712,35.16014304
414,4679,240.7452132,46.42811136
414,4680,252.21495912,41.23139328
414,4681,263.69317848,40.85831808
414,4682,275.38951272,43.1834544
414,4683,287.46276264,43.7650128
414,4684,299.30753448,40.32504
414,4685,310.06865088,38.38724352
414,4686,320.78682096,39.52073376
414,4687,332.10492888,40.4951184
414,4688,342.942672,37.69595712
414,4689,352.82925624,33.87852
414,4690,362.07661392,32.88767616
414,4691,371.54126352,36.49114368
414,4692,382.32380736,41.05034208
414,4693,394.21740816,43.57737792
414,4694,406.36000008,43.71673248
414,4695,418.50390264,43.8912
414,4696,431.53428552,50.83807968
414,4697,445.7399772,49.26677472
414,4698,458.95921416,46.03747968
414,4699,471.6754092,46.61135712
414,4700,483.87073152,39.8202912
414,4701,494.43324024,37.66633056
414,4702,500.0173896,37.58184
436,4667,23.1504066666667,48.55464
436,4668,35.96130984,48.71045376
436,4669,50.52102672,57.25936224
436,4670,66.84011016,58.42357632
436,4671,81.66509448,48.8179872
436,4672,95.38831824,50.40684864
436,4673,109.31435592,49.41381024
436,4674,123.0346536,49.31395776
436,4675,136.72541616,48.63583872
436,4676,149.60105208,44.4343536
436,4677,161.81981352,43.82426592
436,4678,173.45549256,39.22995456
436,4679,183.58914768,33.80280768
436,4680,192.43154808,29.34894816
436,4681,200.14563984,27.42431904
436,4682,207.84781392,29.15582688
436,4683,216.5501892,32.44327776
436,4684,225.68269824,34.27024896
436,4685,235.91818704,38.3938272
436,4686,246.58265136,38.39602176
436,4687,257.3961324,40.0452336
436,4688,268.4974056,38.86785216
436,4689,279.17013,38.40589728
436,4690,289.71755112,36.36056736
436,4691,299.40394272,34.56322272
436,4692,308.83728936,34.29768096
436,4693,319.08847536,39.54377664
436,4694,330.95753976,43.73867808
436,4695,342.2009412,38.47941504
436,4696,353.03133864,39.37808736
436,4697,363.82903104,38.40809184
436,4698,374.26318848,35.90519616
436,4699,384.33905352,38.8217664
436,4700,395.54024016,39.92782464
436,4701,406.34448576,38.40150816
436,4702,417.01404024,38.41467552
436,4703,427.68432624,38.36420064
436,4704,438.1783464,36.93225024
436,4705,448.19593368,35.20293696
436,4706,457.69273968,33.22893024
436,4707,467.2402644,36.96516864
436,4708,478.0996788,39.94208928
436,4709,489.3542664,41.65165152
436,4710,498.0977592,41.44646016
440,4668,22.11616608,49.3776
440,4669,32.40337944,49.37101632
440,4670,46.61071704,57.58854624
440,4671,63.07448904,51.14092896
440,4672,78.58570008,62.80940448
440,4673,93.77617008,49.39186464
440,4674,107.48333088,49.41929664
440,4675,121.43737968,50.4035568
440,4676,135.22046616,49.4269776
440,4677,148.880322,47.96430336
440,4678,161.51041104,43.44241248
440,4679,172.77170424,36.68536224
440,4680,182.175912,31.5083952
440,4681,190.2415296,27.46930752
440,4682,197.86055424,27.42870816
440,4683,205.50655368,28.25825184
440,4684,213.79452288,30.63386304
440,4685,221.95020888,29.01647232
440,4686,230.66498952,33.38803584
440,4687,240.63972192,38.1963168
440,4688,251.34850416,39.49000992
440,4689,262.75975896,41.10301152
440,4690,273.68427864,38.35981152
440,4691,284.33883696,38.27093184
440,4692,294.98242248,38.41138368
440,4693,305.65057488,38.39492448
440,4694,316.31177784,38.58475392
440,4695,327.66256032,43.1615088
440,4696,339.14526024,38.84810112
440,4697,349.77077112,37.99222272
440,4698,360.32925648,38.23362432
440,4699,370.98856968,38.26983456
440,4700,381.6054852,39.14765856
440,4701,392.76671256,39.9793968
440,4702,403.59768912,38.40260544
440,4703,414.26642064,38.41248096
440,4704,424.9357008,38.4048
440,4705,435.60345696,38.40041088
440,4706,446.19117264,37.07489664
440,4707,456.28572192,37.0441728
440,4708,466.81906128,38.37407616
440,4709,477.66683232,38.57707296
440,4710,487.6565304,35.25450912
440,4711,497.0336262,38.8560564
441,4659,20.8935828,46.0967328
441,4660,29.80163712,44.933616
441,4661,41.87948952,42.79282272
441,4662,53.86894992,44.81401248
441,4663,64.9973372571429,48.5969636571429
442,4664,25.3764288,49.0923072
442,4665,32.87777016,49.09559904
442,4666,46.51604616,48.9825792
442,4667,60.0131388,48.79494432
442,4668,74.04357048,51.77625408
442,4669,88.43195928,51.7586976
442,4670,102.8018772,51.55460352
442,4671,116.95733784,50.52096576
442,4672,130.95094968,49.9426992
442,4673,144.7737516,49.7287296
442,4674,158.51693976,49.35894624
442,4675,171.6619884,44.03494368
442,4676,183.4688736,42.2562528
442,4677,194.8292268,37.54233792
442,4678,204.33560352,32.90413536
442,4679,213.48045696,33.15870432
442,4680,223.07162904,35.56394208
442,4681,232.387902,31.40634816
442,4682,241.06147368,31.26040992
442,4683,249.74546952,31.29881472
442,4684,259.10258568,37.10232864
442,4685,269.74641504,38.37956256
442,4686,280.34900496,37.81556064
442,4687,290.86234944,37.85725728
442,4688,301.22076408,36.50321376
442,4689,311.15910336,35.45750592
442,4690,321.09454704,37.71241632
442,4691,332.23111608,39.81699936
442,4692,342.84510552,37.03758912
442,4693,352.97114064,36.6107472
442,4694,363.23174496,37.2636288
442,4695,373.71369504,38.26544544
442,4696,384.70097304,41.48376768
442,4697,396.29903976,40.28882976
442,4698,407.31213432,39.45709152
442,4699,418.16392872,39.09828096
442,4700,429.01566216,38.81737728
442,4701,439.69753056,38.39821632
442,4702,450.39387696,38.91393792
442,4703,461.18964912,38.85578208
442,4704,472.5216864,42.27600384
442,4705,482.93383728,32.1722496
442,4706,492.75961392,38.97428832
442,4707,499.2477696,38.020752
450,4670,19.4141598,59.5713312
450,4671,30.99916584,59.5658448
450,4672,45.32074248,34.87046112
450,4673,56.69746344,57.10464576
450,4674,72.83034456,55.73853216
450,4675,87.4091724,51.23419776
450,4676,101.74263624,52.43023296
450,4677,116.52455232,52.38634176
450,4678,130.49609664,49.36991904
450,4679,144.07892952,47.44528992
450,4680,156.53168592,41.96766816
450,4681,167.53310664,38.25776448
450,4682,177.72561864,34.56541728
450,4683,187.10099232,33.33646368
450,4684,196.25608704,32.64298272
450,4685,205.26524352,32.808672
450,4686,214.4691672,32.31050688
450,4687,222.68602656,28.18692864
450,4688,231.13462536,32.47180704
450,4689,240.41977824,35.37301536
450,4690,250.85975736,38.69448192
450,4691,261.83697696,39.71275776
450,4692,272.62482432,38.3609088
450,4693,283.2823392,38.27641824
450,4694,293.92104792,38.40370272
450,4695,304.5898404,38.40041088
450,4696,315.2514396,38.44978848
450,4697,326.52535152,43.35024096
450,4698,338.22061896,39.34736352
450,4699,348.79120488,37.27679616
450,4700,359.12520504,37.43590176
450,4701,369.6244068,38.26983456
450,4702,380.36132208,39.83565312
450,4703,391.91939904,41.8776912
450,4704,402.81889464,37.00357344
450,4705,413.12326824,37.34811936
450,4706,423.49573416,37.33934112
450,4707,433.86682848,37.33604928
450,4708,444.24270816,37.41615072
450,4709,454.60197624,36.4900464
450,4710,464.20655952,33.80609952
450,4711,474.19494696,37.61695296
450,4712,484.40059584,36.28375776
450,4713,494.03270256,32.87670336
450,4714,499.5688764,34.4765376
457,4671,15.3213816,49.6958112
457,4672,24.28948152,49.66728192
457,4673,38.09722632,50.12484768
457,4674,52.27390104,51.5776464
457,4675,66.662808,53.51215104
457,4676,82.99911264,60.00146496
457,4677,97.93751304,50.26968864
457,4678,112.01092152,50.87099808
457,4679,125.92665696,49.36882176
457,4680,139.55249712,47.50893216
457,4681,152.0165616,42.50972448
457,4682,163.11469536,38.39272992
457,4683,173.34908688,34.28780544
457,4684,182.54325696,32.92169184
457,4685,191.68527576,32.61225888
457,4686,200.37969576,30.51206496
457,4687,209.10206592,32.30831232
457,4688,218.0892768,30.90708576
457,4689,226.3400604,30.98499264
457,4690,235.40886624,33.78415392
457,4691,245.51825928,38.34664416
457,4692,256.26459288,39.44063232
457,4693,267.27284112,38.92271616
457,4694,277.95513624,38.40370272
457,4695,288.60119064,38.27532096
457,4696,299.255688,38.4048
457,4697,309.9218592,38.38724352
457,4698,320.68017144,40.28882976
457,4699,332.43810576,41.93474976
457,4700,343.41886104,38.20948416
457,4701,353.89447128,37.47979296
457,4702,364.41455184,37.8671328
457,4703,374.8957704,37.82763072
457,4704,385.7948088,41.1095952
457,4705,397.1525712,39.51415008
457,4706,407.87357592,38.41138368
457,4707,418.45156848,37.8616464
457,4708,428.90334336,36.97943328
457,4709,439.01587584,36.02699424
457,4710,449.2049436,36.80386848
457,4711,459.2735544,36.25303392
457,4712,469.38623928,37.50393312
457,4713,479.90244888,35.24134176
457,4714,489.21579576,33.95203776
457,4715,497.136332914286,32.9074272
462,4673,14.6833844,52.4280384
462,4674,26.33222064,52.40170368
462,4675,41.04577008,54.50957856
462,4676,56.56045584,56.2356
462,4677,71.5133952,50.17203072
462,4678,85.26828768,50.15776608
462,4679,99.106482,49.39186464
462,4680,112.82037888,49.40722656
462,4681,126.53412336,49.350168
462,4682,140.21497992,48.30446016
462,4683,152.95632096,43.28440416
462,4684,164.18155632,38.44101024
462,4685,174.79545432,37.07818848
462,4686,184.49598864,33.42753792
462,4687,193.66967616,32.91949728
462,4688,202.80825072,32.60896704
462,4689,211.69688928,31.83977376
462,4690,220.307916,28.95283008
462,4691,227.99524632,27.42761088
462,4692,235.62003168,27.89614944
462,4693,244.06896576,32.7154032
462,4694,253.2154956,33.26075136
462,4695,263.0145108,37.19559744
462,4696,273.53279304,38.349936
462,4697,284.19847656,38.33786592
462,4698,294.83666712,38.75812416
462,4699,305.96863368,41.5978848
462,4700,317.91953688,42.33635424
462,4701,329.65787256,45.19915776
462,4702,341.72124696,39.3594336
462,4703,352.48989192,38.8930896
462,4704,363.22186944,38.39821632
462,4705,373.88980848,38.22594336
462,4706,384.35709768,38.06574048
462,4707,395.1105636,37.63231488
462,4708,405.01668552,34.9538544
462,4709,414.59401968,33.80280768
462,4710,424.27812528,36.75997728
462,4711,434.84325528,38.4048
462,4712,445.43520768,37.81446336
462,4713,455.77798608,36.56356416
462,4714,465.83876352,36.3364272
462,4715,476.22153168,37.70692992
462,4716,485.8761936,32.88328704
462,4717,495.04607112,31.70261376
462,4718,499.8744384,30.6799488
475,4677,27.93485904,61.49266848
475,4678,45.29715096,63.37450368
475,4679,62.71083216,61.62214752
475,4680,79.92779544,61.99302816
475,4681,96.37769904,56.23230816
475,4682,111.4923348,52.42145472
475,4683,125.1313728,45.71597664
475,4684,137.43547824,43.9844688
475,4685,149.47263984,41.41354176
475,4686,160.37116008,38.38614624
475,4687,170.97021432,37.58074272
475,4688,181.29756984,37.17474912
475,4689,191.73501912,37.7683776
475,4690,201.92561088,34.78706784
475,4691,211.18927536,32.89206528
475,4692,220.0799256,29.78676288
475,4693,227.83970688,27.42761088
475,4694,235.45955448,27.42761088
475,4695,243.07568352,27.41115168
475,4696,251.01679032,31.0639968
475,4697,260.69190432,38.0372112
475,4698,271.3986444,38.37078432
475,4699,282.44346864,41.93036064
475,4700,294.47099856,43.76391552
475,4701,306.63742584,43.8747408
475,4702,318.86569704,45.0817488
475,4703,331.9322292,47.02832352
475,4704,344.09219472,40.69921248
475,4705,355.16829144,39.62607264
475,4706,365.95525488,38.38504896
475,4707,376.62395592,38.58694848
475,4708,387.63921456,40.55327424
475,4709,398.3618652,35.51236992
475,4710,407.7806424,33.19162272
475,4711,416.95826184,33.48020736
475,4712,426.7820268,37.57745088
475,4713,437.4288432,38.39821632
475,4714,448.00659192,37.3020336
475,4715,458.33483136,37.72229184
475,4716,468.92388816,38.95344
475,4717,479.65031832,35.64404352
475,4718,488.72948736,31.96157184
475,4719,497.0005554,34.2790272
478,4678,14.7630218666667,51.3417312
478,4679,28.30400232,51.37574688
478,4680,43.25105904,57.05197632
478,4681,59.37504,58.34676672
478,4682,77.45278896,74.45483712
478,4683,96.65607288,57.81239136
478,4684,111.3451164,50.63288832
478,4685,125.08833504,48.35054592
478,4686,138.14761296,45.19037952
478,4687,150.39036216,43.75184544
478,4688,162.25823784,41.1315408
478,4689,173.53739232,40.4676864
478,4690,184.44938472,38.40809184
478,4691,195.01015608,36.62281728
478,4692,204.62760192,33.439608
478,4693,214.00712088,34.17149376
478,4694,222.81328056,29.21617728
478,4695,231.02386104,29.35443456
478,4696,238.81454904,27.41663808
478,4697,246.44613144,27.88407936
478,4698,254.4543552,30.5208432
478,4699,263.61332088,34.00251264
478,4700,273.12219696,35.44543584
478,4701,283.11177312,35.2885248
478,4702,293.41096512,40.47427008
478,4703,305.26856904,43.8473088
478,4704,317.47748544,44.7361056
478,4705,330.51564072,46.98333504
478,4706,342.79999512,42.28149024
478,4707,354.37233672,41.59130112
478,4708,365.62533936,39.04890336
478,4709,376.32174672,38.57268384
478,4710,387.31018296,40.4457408
478,4711,398.12189616,35.91726624
478,4712,407.5285728,33.82585056
478,4713,416.96755824,33.15212064
478,4714,426.16980552,33.42644064
478,4715,435.40396536,33.4615536
478,4716,444.95706792,34.85071008
478,4717,454.18083408,33.03032256
478,4718,464.02041816,34.78816512
478,4719,473.59043712,37.31190912
478,4720,483.13933344,29.97549504
478,4721,491.3281512,29.29079232
478,4722,498.235732,33.6462624
482,4681,21.42747048,53.78756832
482,4682,36.36312768,54.04104
482,4683,52.2002004,60.26481216
482,4684,69.08255424,59.8401648
482,4685,84.67676232,53.5692096
482,4686,99.53234856,53.23234464
482,4687,114.11373672,50.82930144
482,4688,127.9052052,49.3666272
482,4689,141.597126,48.5601264
482,4690,154.50507072,44.97860448
482,4691,166.98413136,44.42557536
482,4692,179.1871956,43.58505888
482,4693,190.68230088,38.68680096
482,4694,200.68096008,33.58554624
482,4695,209.96647872,34.72232832
482,4696,219.86302992,34.71684192
482,4697,229.13510688,32.91620544
482,4698,238.2024192,32.22382176
482,4699,246.977916,31.26918816
482,4700,255.58339536,30.72822912
482,4701,264.39214584,32.43998592
482,4702,273.44885112,32.91620544
482,4703,283.14584976,37.4666256
482,4704,293.85435768,40.26139776
482,4705,305.72256864,43.8857136
482,4706,317.94727368,45.16185024
482,4707,331.43247912,49.64753088
482,4708,344.2478256,43.88461632
482,4709,356.43473544,43.85608704
482,4710,368.59805376,43.01776512
482,4711,379.90653,40.20324192
482,4712,391.65629568,42.64688448
482,4713,402.68886696,36.56027232
482,4714,412.33020912,33.70624704
482,4715,421.53919248,31.59727488
482,4716,429.92521584,29.83723776
482,4717,438.21184392,29.82626496
482,4718,446.49338184,29.70446688
482,4719,454.68728976,29.41149312
482,4720,462.55789632,27.42761088
482,4721,470.68359,31.52814624
482,4722,479.59755744,31.47437952
482,4723,487.97263848,29.07572544
482,4724,496.31736144,32.20407072
490,4685,22.5712673142857,53.2980246857143
490,4686,35.28340416,53.2619712
490,4687,50.3520456,58.3917552
490,4688,66.99348552,56.20597344
490,4689,81.16101624,49.35345984
490,4690,95.00049072,50.62740192
490,4691,109.53347664,53.0425152
490,4692,124.23459024,53.20600992
490,4693,139.11236592,53.64711648
490,4694,154.01449512,52.9547328
490,4695,168.06909744,48.26166624
490,4696,180.86545488,44.15893632
490,4697,192.50625456,39.28042944
490,4698,203.13069864,37.75630752
490,4699,213.60478488,37.39420512
490,4700,223.33491528,33.06214368
490,4701,232.48659624,32.55190848
490,4702,241.2943104,30.8390544
490,4703,249.60724272,29.35443456
490,4704,258.149598,32.78453184
490,4705,267.37217544,32.9238864
490,4706,276.536658,33.8675472
490,4707,286.6355964,38.17217664
490,4708,297.27061704,38.5090416
490,4709,308.50365528,42.91900992
490,4710,320.83936848,47.210472
490,4711,334.84956144,50.05132992
490,4712,347.81008416,44.86668192
490,4713,360.2341284,44.28841536
490,4714,372.30411696,41.92816608
490,4715,383.7200352,42.601896
490,4716,395.863572,41.91719328
490,4717,406.80430704,38.4048
490,4718,417.37026,37.1813328
490,4719,427.3922364,34.97909184
490,4720,436.6452024,31.40086176
490,4721,444.76391616,27.69973632
490,4722,452.37803352,27.29593728
490,4723,459.85630152,26.37531936
490,4724,467.45505696,29.67703488
490,4725,476.31083808,33.0610464
490,4726,485.2060908,31.00145184
490,4727,493.72470216,30.13240608
490,4728,499.3148256,31.766256
496,4691,24.402288,48.883824
496,4692,35.73618456,46.89006624
496,4693,49.23925128,52.20090144
496,4694,64.23397872,52.94376
496,4695,77.54502144,44.22148128
496,4696,90.18410208,47.49686208
496,4697,103.99376712,51.26821344
496,4698,118.5575988,54.14089248
496,4699,133.771386,54.88375104
496,4700,149.02354752,55.1218608
496,4701,164.66439,58.09987872
496,4702,181.11057504,59.40235008
496,4703,197.4002148,57.22424928
496,4704,213.16648248,57.38554944
496,4705,228.83701248,54.76195296
496,4706,243.38011776,49.83077664
496,4707,257.07277008,49.0374432
496,4708,270.65545056,49.07804256
496,4709,284.34627408,49.25031552
496,4710,298.03316568,49.37650272
496,4711,311.74477656,49.37540544
496,4712,326.21911896,56.07868896
496,4713,341.2714536,50.33991456
496,4714,355.09803504,49.32712512
496,4715,368.01747072,43.7704992
496,4716,379.59063528,40.59936
496,4717,391.28696952,42.67431648
496,4718,402.53893584,38.55732192
496,4719,413.207454,38.37517344
496,4720,423.58537584,35.43226848
496,4721,432.94014504,32.64517728
496,4722,441.58750392,29.06365536
496,4723,449.32482144,27.42980544
496,4724,456.9461016,27.3990816
496,4725,464.2291452,25.30437408
496,4726,471.63825408,27.82263168
496,4727,479.20287192,25.44482592
496,4728,486.149142,26.9876016
496,4729,494.04294384,29.10864384
496,4730,499.4135808,31.107888
501,4693,23.8101759,48.376332
501,4694,35.66467848,45.56674656
501,4695,48.71139864,52.4335248
501,4696,64.35797136,55.23378336
501,4697,78.11408304,46.50711552
501,4698,91.33737384,48.198024
501,4699,105.01527384,50.33113632
501,4700,119.04293184,50.6175264
501,4701,133.30047,52.971192
501,4702,148.41297216,55.1602656
501,4703,164.23730424,59.20154784
501,4704,180.94610496,60.63349824
501,4705,197.9336148,62.06654592
501,4706,215.7942852,64.7998704
501,4707,233.02405008,60.27688224
501,4708,249.22545024,55.41373728
501,4709,263.866884,50.4639072
501,4710,277.56715632,47.88639648
501,4711,290.591748,47.41017696
501,4712,304.12767216,49.36333536
501,4713,318.2511288,53.51215104
501,4714,329.1147342,58.9568544
507,4694,19.0336424,49.9555008
507,4695,32.04526992,48.53708352
507,4696,45.5438256,48.97819008
507,4697,59.18137008,49.0977936
507,4698,73.62450096,56.83581216
507,4699,89.06661384,51.30771552
507,4700,103.34329344,53.08092
507,4701,118.32207984,53.52861024
507,4702,132.75490848,51.27699168
507,4703,147.43642344,55.04066208
507,4704,163.19976504,57.50734752
507,4705,179.31423624,59.48574336
507,4706,196.48883232,64.35766656
507,4707,215.0222268,67.8832272
507,4708,233.56074192,65.7654768
507,4709,250.96738224,56.63720448
507,4710,265.25988096,47.5616016
507,4711,277.72418928,43.8802272
507,4712,289.9163112,43.8912
507,4713,302.14875816,45.13771008
507,4714,315.453522,51.0125472
507,4715,331.15114872,59.44624128
507,4716,346.81890504,54.47117376
507,4717,361.67568,51.6489696
507,4718,375.46108296,48.55354272
507,4719,388.950708,48.62157408
507,4720,402.45036096,48.48770592
507,4721,414.71904864,37.48418208
507,4722,424.2683412,33.79951584
507,4723,433.46062152,31.24285344
507,4724,441.8065332,30.11375232
507,4725,450.37464408,31.37452704
507,4726,459.08957712,31.3712352
507,4727,467.81584872,31.66530624
507,4728,476.6527932,29.79883296
507,4729,483.45870288,23.09884128
507,4730,490.21358904,23.33475648
507,4731,496.82930352,25.69610304
512,4698,22.1829085714286,50.3071529142857
512,4699,33.83520792,48.79384704
512,4700,47.8625916,54.08712576
512,4701,63.477648,53.96093856
512,4702,77.21108256,47.56379616
512,4703,87.12519024,47.17645632
512,4706,137.6259376,56.8610496
512,4707,148.85249376,64.26988416
512,4708,167.406828,69.27567552
512,4709,186.325002,62.69748192
512,4710,204.35840256,71.81807328
512,4711,224.88345168,73.84474944
512,4712,245.00994432,73.1666304
512,4713,265.84159176,74.37144384
512,4714,285.6812676,68.23764864
512,4715,304.54619304,69.4797696
512,4716,324.61724256,74.86521984
512,4717,344.04458496,63.73770336
512,4718,362.56694568,70.73834976
512,4719,381.2310384,61.4531664
512,4720,390.28878,58.3972416
512,4722,428.80382616,47.94455232
512,4723,442.65439536,55.28535552
512,4724,459.17528688,59.09181984
512,4725,474.79878624,56.08307808
512,4726,489.85328496,52.05825504
512,4727,500.1867822,54.2824416
515,4697,25.147524,48.6924096
515,4698,37.9349508,48.27154176
515,4699,51.33325776,47.66474592
515,4700,64.32288888,46.13842944
515,4701,76.96897992,45.9979776
515,4702,90.40736808,50.25213216
515,4703,104.47062672,51.35050944
515,4704,119.13010464,52.39292544
515,4705,133.39687824,51.77844864
515,4706,147.81151032,52.70345568
515,4707,162.85759656,54.60504192
515,4708,178.01694648,54.58968
515,4709,193.33140912,56.56807584
515,4710,209.38873032,58.11633792
515,4711,225.41645544,56.63281536
515,4712,241.29464568,60.16276512
515,4713,258.23277792,58.47514848
515,4714,273.74365368,53.98507872
515,4715,288.46686528,53.63724096
515,4716,302.91088008,49.42368576
515,4717,316.6332504,50.09302656
515,4718,332.11416432,59.8127328
515,4719,347.8456848,53.99605152
515,4720,362.80066632,54.05091552
515,4721,377.65140624,52.65078624
515,4722,392.50016496,53.3442672
515,4723,406.08424752,44.8568064
515,4724,417.87717288,39.78847008
515,4725,428.26881072,34.51603968
515,4726,437.1054504,30.44842272
515,4727,445.3079232,28.80250272
515,4728,453.11696016,27.05673024
515,4729,460.55344008,26.37531936
515,4730,468.11403456,29.2534848
515,4731,476.42855184,29.16241056
515,4732,483.42206592,22.165056
515,4733,490.23020064,27.16755552
515,4734,497.3830794,29.921454
521,4699,25.53132816,49.98988224
521,4700,39.86899824,49.67825472
521,4701,54.69916416,58.4191872
521,4702,70.62310488,52.17346944
521,4703,84.09380184,47.402496
521,4704,97.43294712,49.17131136
521,4705,111.51339648,52.13506464
521,4706,126.00072336,51.7422384
521,4707,140.56175088,53.1851616
521,4708,155.37070272,53.76342816
521,4709,170.50371792,54.85961088
521,4710,185.7432912,54.9024048
521,4711,201.36782688,58.60243296
521,4712,218.29754664,61.6616496
521,4713,235.16222208,60.3394272
521,4714,251.88425112,59.2202016
521,4715,267.67069656,55.08016416
521,4716,282.913836,54.81352512
521,4717,297.57553896,50.1237504
521,4718,311.36572728,49.62009888
521,4719,324.71861904,46.88896896
521,4720,337.53692208,44.65600416
521,4721,350.08303872,47.100744
521,4722,363.53995872,49.15156032
521,4723,377.30533632,50.88306816
521,4724,392.16491544,53.90388
521,4725,406.12716336,46.31179968
521,4726,417.9156996,38.8217664
521,4727,427.92508776,34.20441216
521,4728,437.21999424,32.91401088
521,4729,446.31806088,31.86171936
521,4730,454.9671876,30.4166016
521,4731,462.88226448,27.04685472
521,4732,470.64936096,29.65070016
521,4733,479.013774,29.4894
521,4734,486.8535348,29.9337984
521,4735,496.259882933333,39.3582144
532,4700,19.2179448,52.888896
532,4701,27.20724048,53.26636032
532,4702,41.80182648,50.93683488
532,4703,56.687466,58.01758272
532,4704,72.00787224,49.01769216
532,4705,84.97415568,46.7386416
532,4706,98.05348944,47.84031072
532,4707,111.74263656,50.53852224
532,4708,125.95414992,52.07800608
532,4709,140.61801696,52.98435936
532,4710,155.5709868,54.72245088
532,4711,170.79312552,54.58529088
532,4712,186.21713328,57.61049184
532,4713,203.002134,62.91364608
532,4714,220.68013776,64.09431936
532,4715,238.71899424,64.85912352
532,4716,256.10951064,60.103512
532,4717,272.51936352,58.16242368
532,4718,287.41323264,50.32784448
532,4719,300.05999424,43.48081728
532,4720,313.531758,50.0414544
532,4721,328.02341304,54.17929728
532,4722,342.25775592,47.68669152
532,4723,355.0887996,45.22220064
532,4724,367.23681696,43.07811552
532,4725,379.4572548,44.43654816
532,4726,391.80406272,44.44642368
532,4727,404.14730448,44.43654816
532,4728,416.4921312,44.4453264
532,4729,428.44419264,38.45746944
532,4730,437.16421584,28.28129472
532,4731,445.25470512,28.9078416
532,4732,453.22406688,28.7377632
532,4733,460.78310688,23.08238208
532,4734,467.14583736,27.04136832
532,4735,475.24230072,30.06327744
532,4736,483.91035552,31.82441184
532,4737,492.47051112,27.2454624
532,4738,498.2335476,20.6412084
556,4706,20.0578212,56.0600352
556,4707,29.49863544,55.45433664
556,4708,43.77290712,51.36587136
556,4709,60.36631056,63.69381216
556,4710,76.07021616,49.97890944
556,4711,90.00113064,49.35236256
556,4712,103.44588912,48.98916288
556,4713,117.48631824,51.57545184
556,4714,131.85776016,52.16908032
556,4715,146.33472384,52.69577472
556,4716,161.36148576,54.85741632
556,4717,176.83218888,57.88371456
556,4718,193.49752512,62.13128544
556,4719,211.40754264,65.8313136
556,4720,229.74805968,65.83350816
556,4721,248.03179248,65.60966304
556,4722,265.94086512,63.66638016
556,4723,283.57522152,62.22784608
556,4724,300.46921872,60.35149728
556,4725,317.35017048,63.07933536
556,4726,335.76941736,65.1839184
556,4727,352.86150408,60.20336448
556,4728,369.0539736,55.80656352
556,4729,384.65796576,57.9144384
556,4730,400.1408304,51.47559936
556,4731,413.60927184,45.8224128
556,4732,425.48278632,39.77530272
556,4733,435.84595584,34.8331536
556,4734,444.898272,31.26589632
556,4735,453.64459944,31.86830304
556,4736,462.38696448,30.861
556,4737,471.09860568,32.589216
556,4738,480.24672048,31.56984288
556,4739,488.77889544,31.05631584
556,4740,496.864301333333,29.9386752
564,4708,15.1432042285714,54.7213536
564,4709,28.06052808,54.68185152
564,4710,43.25072376,54.60723648
564,4711,55.65928416,34.11772704
564,4712,68.75102328,54.918864
564,4713,85.12033776,63.76403808
564,4714,100.50911064,52.56629568
564,4715,115.2983724,53.03263968
564,4716,129.97049952,53.82377856
564,4717,145.13612832,53.98946784
564,4718,159.91216176,53.66467296
564,4719,175.0754436,54.8585136
564,4720,190.41294912,55.88776224
564,4721,206.48166984,60.52267296
564,4722,223.84996632,63.44911872
564,4723,241.78147224,65.77754688
564,4724,259.88753712,64.14259968
564,4725,277.87095048,65.7654768
564,4726,296.1298116,65.71719648
564,4727,314.43545952,66.93846912
564,4728,334.1360856,71.58764448
564,4729,352.39866528,61.8536736
564,4730,369.2586468,58.96672992
564,4731,385.31194464,58.3588368
564,4732,400.79505312,51.0838704
564,4733,414.38389056,46.92079008
564,4734,426.5956416,40.67836416
564,4735,436.73844072,33.37596576
564,4736,445.85653272,32.41145664
564,4737,454.81561056,32.18541696
564,4738,463.73286984,32.7976992
564,4739,473.3920428,36.23108832
564,4740,482.7093216,30.29919264
564,4741,491.10796368,30.50218944
564,4742,497.9947876,32.1393312
566,4703,24.7649322666667,50.3578368
566,4704,39.3708636,59.50329984
566,4705,55.96551672,57.32849088
566,4706,69.71833656,50.24115936
566,4707,82.65435336,40.19665824
566,4708,95.60423856,49.34358432
566,4709,109.09928904,47.77666848
566,4710,122.4402936,48.15084096
566,4711,135.98292336,49.35236256
566,4712,149.47773,47.76350112
566,4713,162.50119392,45.34399872
566,4714,174.4449648,40.32174816
566,4715,184.97632296,35.39057184
566,4716,194.11008168,30.4550064
566,4717,198.5455008,27.4210272
576,4712,25.9901944,58.5362304
576,4713,40.84384008,54.59187456
576,4714,55.99569192,54.9956736
576,4715,72.76115496,61.83392256
576,4716,88.34820024,53.7776928
576,4717,103.06403568,50.43537792
576,4718,116.26592952,46.38970656
576,4719,129.17146632,47.25546048
576,4720,142.69687488,50.88745728
576,4721,158.08168536,58.13169984
576,4722,174.54070248,60.11558208
576,4723,191.0320284,60.28566048
576,4724,208.0919892,61.01096256
576,4725,224.66996976,60.75419904
576,4726,242.2353804,64.96555968
576,4727,259.8467244,58.40711712
576,4728,275.08544424,52.78355712
576,4729,289.30140768,51.9123168
576,4730,304.39184232,55.80546624
576,4731,320.22617184,58.52562336
576,4732,336.76367496,56.98504224
576,4733,351.6060024,53.0041104
576,4734,366.37557408,51.7751568
576,4735,380.80623864,55.68366816
576,4736,397.10438232,57.59293536
576,4737,412.4753244,54.14308704
576,4738,427.1179164,50.89074912
576,4739,440.6045544,46.40067936
576,4740,452.86702416,41.15019456
576,4741,463.56812544,36.52186752
576,4742,473.8579296,38.72520576
576,4743,484.7048472,37.87591104
576,4744,494.0420904,33.35511744
576,4745,500.2536096,39.9629376
580,4713,20.1638154,48.8728512
580,4714,29.48851608,50.18080896
580,4715,44.34836952,58.26776256
580,4716,61.15117056,60.64776288
580,4717,76.50257496,50.996088
580,4718,91.33688616,53.20271808
580,4719,105.8366184,53.20930176
580,4720,120.68589528,52.66505088
580,4721,135.28142616,52.340256
580,4722,150.1097328,55.67379264
580,4723,165.7368288,56.8061856
580,4724,182.00443152,60.57753696
580,4725,199.56563592,65.15209728
580,4726,217.72577232,65.70951552
580,4727,235.99271064,65.35509408
580,4728,253.36109856,59.16204576
580,4729,269.18491248,55.33253856
580,4730,284.00230728,51.46462656
580,4731,298.61359632,52.92291168
580,4732,312.66204168,49.47854976
580,4733,327.2634552,55.94152896
580,4734,342.05369232,49.9481856
580,4735,355.9884168,50.23786752
580,4736,369.77860512,49.36772448
580,4737,383.98911264,54.73013184
580,4738,399.66104472,55.26889632
580,4739,414.35600136,50.78541024
580,4740,428.15615664,49.3830864
580,4741,441.60768168,45.26718912
580,4742,452.49870384,35.54199648
580,4743,462.56070048,36.71608608
580,4744,472.76388048,36.73803168
580,4745,482.96425632,36.7204752
580,4746,492.32704176,26.8120368
580,4747,497.8746075,22.370796
583,4688,21.0483704,46.7112096
583,4689,29.11656864,40.9943808
583,4690,39.43987032,35.89093152
583,4691,45.9212696,35.899344
585,4715,22.9579278857143,61.8207552
585,4716,37.33924968,60.35917824
585,4717,54.11492352,60.95719584
585,4718,71.5658208,64.23696576
585,4719,89.35026072,62.2925856
585,4720,105.39218952,54.59736096
585,4721,120.561354,54.53920512
585,4722,135.66184704,54.15735168
585,4723,150.62399136,53.74696896
585,4724,165.60137568,54.27476064
585,4725,180.74938704,54.5951664
585,4726,196.37017368,59.58998496
585,4727,214.02129408,65.92019328
585,4728,232.3356288,65.75230944
585,4729,250.10498112,60.72676704
585,4730,266.12395848,55.55418912
585,4731,281.39678544,54.16393536
585,4732,295.96768848,50.76675648
585,4733,309.76354608,49.29310944
585,4734,323.69507016,52.98326208
585,4735,338.38472328,50.13801504
585,4736,352.104198,49.3611408
585,4737,365.79904488,49.69142208
585,4738,380.30971944,54.49531392
585,4739,395.48616864,54.61382016
585,4740,410.65542456,54.62150112
585,4741,425.80334448,53.57030688
585,4742,439.51096248,45.5755248
585,4743,451.82250504,42.37585632
585,4744,462.88357512,38.61657504
585,4745,473.70653544,39.16631232
585,4746,484.45686192,37.44577728
585,4747,494.61133488,36.34959456
585,4748,504.7059756,36.34301088
585,4749,514.8027804,36.3528864
585,4750,522.37556688,36.3528864
594,4716,19.37004,50.2993152
594,4717,26.82813024,50.2444512
594,4718,40.55263416,49.4105184
594,4719,55.66342944,60.20665632
594,4720,71.96001864,53.53519392
594,4721,86.11063296,50.92257024
594,4722,100.47006576,52.37646624
594,4723,115.26502728,53.93350656
594,4724,130.24869048,54.57541536
594,4725,145.69339416,55.64526336
594,4726,161.08271568,55.40605632
594,4727,176.61038592,56.57246496
594,4728,192.3816828,56.77765632
594,4729,208.01758752,55.61234496
594,4730,223.40032536,55.5443136
594,4731,239.68612464,61.36428672
594,4732,256.09466688,56.37495456
594,4733,271.4806356,54.89362656
594,4734,286.71505776,54.79596864
594,4735,301.88864184,53.98398144
594,4736,316.3235736,50.84685792
594,4737,331.38386352,55.49932512
594,4738,345.72433776,49.66069824
594,4739,359.5571676,49.58279136
594,4740,373.2891696,50.02718976
594,4741,388.29480888,57.64999392
594,4742,403.77383304,53.28281952
594,4743,418.29042072,50.81284224
594,4744,432.22654728,49.92843456
594,4745,445.78575816,47.03161536
594,4746,458.40706896,44.43874272
594,4747,470.85238824,46.23828192
594,4748,482.98504368,39.55474944
594,4749,493.65094056,37.21754304
594,4750,499.645686,34.619184
603,4720,23.9638549714286,48.2191858285714
603,4721,35.4508308,49.38198912
603,4722,49.68901416,55.83948192
603,4723,66.05433576,56.59331328
603,4724,80.36938968,49.54548384
603,4725,94.26985464,50.71518432
603,4726,108.9368916,54.60723648
603,4727,124.17561144,54.82669248
603,4728,139.41835464,54.90459936
603,4729,154.65707448,54.85961088
603,4730,169.89372168,54.85412448
603,4731,185.13427032,54.8694864
603,4732,200.37283776,55.04175936
603,4733,216.23965896,58.39285248
603,4734,231.8828484,54.85412448
603,4735,247.11885552,54.84973536
603,4736,262.35653904,54.79706592
603,4737,277.57215504,54.81023328
603,4738,292.7788404,54.76634208
603,4739,308.01466464,54.8420544
603,4740,323.58762816,59.0172048
603,4741,339.95496144,55.97883648
603,4742,355.01512944,53.86876704
603,4743,370.15390536,54.86070816
603,4744,385.87615992,59.36613984
603,4745,401.92897008,52.56849024
603,4746,415.6921836,51.04985472
603,4747,430.50878592,52.367688
603,4748,444.3135132,47.77337664
603,4749,457.44999696,47.47711104
603,4750,470.20944312,46.1022192
603,4751,483.23857632,43.6278528
603,4752,494.37191448,38.8491984
603,4753,500.8491888,38.8656576
606,4722,24.85875648,46.46322432
606,4723,37.3671084,42.60518784
606,4724,50.1252744,52.00229376
606,4725,65.08464504,51.98802912
606,4726,78.60633504,48.99135744
606,4727,92.85390624,51.84757728
606,4728,107.30343792,52.38743904
606,4729,121.92478536,52.614576
606,4730,136.61587104,53.46277344
606,4731,151.53677592,53.75464992
606,4732,166.72553904,56.60977248
606,4733,182.80575072,58.15913184
606,4734,199.09039176,59.59766592
606,4735,215.81162832,60.29992512
606,4736,232.10910144,55.35338688
606,4737,247.65170688,60.03328608
606,4738,264.22795008,57.05087904
606,4739,280.16563728,58.87785024
606,4740,296.3390568,56.1971952
606,4741,311.83853304,57.5907408
606,4742,328.64105976,62.73808128
606,4743,345.22662984,56.04796512
606,4744,360.82568424,55.68257088
606,4745,376.266456,56.45725056
606,4746,392.73254448,60.24835296
606,4747,408.5353272,54.19685376
606,4748,423.33571416,52.69358016
606,4749,437.24483544,46.79131104
606,4750,449.8264308,44.25769152
606,4751,461.76093576,42.29575488
606,4752,473.79334248,43.61797728
606,4753,485.50186872,40.94610048
606,4754,496.24128336,36.24645024
616,4724,18.52982832,44.1984384
616,4725,27.73448352,44.16442272
616,4726,40.280082,48.362616
616,4727,54.73165584,53.49569184
616,4728,69.01272456,46.6344
616,4729,81.37879584,45.08065152
616,4730,93.68991168,44.12272608
616,4731,106.31341704,46.65854016
616,4732,119.68313376,49.24482912
616,4733,133.48298424,50.26420224
616,4734,147.96509904,54.26927424
616,4735,163.18799976,54.97482528
616,4736,178.99297704,59.362848
616,4737,195.60226056,59.84126208
616,4738,212.80517256,64.00763424
616,4739,230.12921208,60.3833184
616,4740,246.88644552,60.27578496
616,4741,263.4506796,59.23775808
616,4742,279.93161184,58.81311072
616,4743,296.36109384,60.103512
616,4744,313.00113168,59.23556352
616,4745,329.25291528,55.39837536
616,4746,344.52815016,58.35005856
616,4747,360.90417024,58.32921024
616,4748,377.18591568,59.829192
616,4749,394.48380336,62.38804896
616,4750,410.73677568,55.89105408
616,4751,425.88460416,52.22174976
616,4752,438.85521576,41.1644592
616,4753,449.91427416,39.6447264
616,4754,460.92761256,39.6447264
616,4755,471.94527912,39.6721584
616,4756,482.96145216,39.64911552
616,4757,493.58665824,34.2954864
616,4758,499.2043864,29.242512
624,4728,21.64040376,38.42564832
624,4729,32.32138824,39.12461568
624,4730,44.93815752,52.27661376
624,4731,59.80822176,52.68370464
624,4732,72.94723536,42.51191904
624,4733,85.02255792,44.6483232
624,4734,97.60677456,46.65524832
624,4735,110.7282012,47.33446464
624,4736,124.05713568,48.46576032
624,4737,137.6633772,49.47745248
624,4738,151.40842464,49.91636448
624,4739,165.56653704,51.45914016
624,4740,179.87403192,51.83111808
624,4741,194.4759636,54.32743008
624,4742,210.24866256,59.51427264
624,4743,227.3134392,61.42134528
624,4744,244.1461716,60.322968
624,4745,260.82674784,59.77323072
624,4746,277.48354968,59.774328
624,4747,294.06134736,60.34381632
624,4748,310.96482384,60.679584
624,4749,328.76968536,68.43406176
624,4750,347.1545508,63.27794304
624,4751,364.6304112,62.42755104
624,4752,381.89403936,62.4516912
624,4753,399.18875712,59.22788256
624,4754,414.46999656,53.7447744
624,4755,428.71433688,46.30960512
624,4756,440.8945716,43.38535392
624,4757,452.94828384,43.397424
624,4758,465.00406872,43.42266144
624,4759,476.71585632,39.86308512
624,4760,487.36748856,37.81885248
624,4761,496.729139466667,31.5943488
631,4730,21.81136608,38.3609088
631,4731,29.90261736,39.39564384
631,4732,41.1827472,42.0697152
631,4733,53.23816632,43.67393856
631,4734,65.1528288,42.84220032
631,4735,77.1515856,43.77927744
631,4736,89.62458072,45.5480928
631,4737,102.38375256,46.58392512
631,4738,115.71695424,49.27665024
631,4739,129.43182648,49.6683792
631,4740,143.57030976,51.81575616
631,4741,157.96089312,51.32198016
631,4742,171.776136,48.57219648
631,4743,185.2047096,47.66364864
631,4744,198.91625952,59.55158016
631,4745,217.7675604,66.78375264
631,4746,235.99578912,65.82363264
631,4747,254.1558036,63.79147008
631,4748,271.25224896,60.38002656
631,4749,288.01134168,60.3504
631,4750,304.7713488,60.22860192
631,4751,321.85834536,65.42422272
631,4752,340.15597704,62.41109184
631,4753,357.09858984,60.74322624
631,4754,373.89819048,60.95500128
631,4755,391.63230792,65.17514016
631,4756,408.76603032,58.48282944
631,4757,424.41562056,53.7283152
631,4758,438.29337792,47.32678368
631,4759,451.39913784,46.14940224
631,4760,462.97022976,37.55550528
631,4761,473.41712784,38.34006048
631,4762,483.77438424,34.67075616
631,4763,492.52016304,29.56730688
631,4764,498.81263712,31.82989824
634,4732,20.5913736,36.594288
634,4733,27.17450496,36.51967296
634,4734,37.13244288,34.15942368
634,4735,47.67477384,46.16476416
634,4736,61.9870236,52.66285632
634,4737,75.40483776,44.53640064
634,4738,88.16266848,47.33007552
634,4739,101.41774992,48.71155104
634,4740,115.19958672,49.97342304
634,4741,129.01434192,50.090832
634,4742,143.27785416,52.33806144
634,4743,158.16096384,54.72025632
634,4744,173.42565264,55.50151968
634,4745,189.18167904,57.57098976
634,4746,205.24357224,58.07244672
634,4747,221.3820312,58.20850944
634,4748,238.31720688,64.57053888
634,4749,256.33789728,62.81269632
634,4750,273.15990072,58.69789632
634,4751,289.37684568,59.58340128
634,4752,306.10969512,60.33723264
634,4753,323.07129696,63.52592832
634,4754,340.6332024,59.5384128
634,4755,356.71859568,57.7279008
634,4756,372.5439336,56.1039264
634,4757,388.74423648,60.8496624
634,4758,404.89543608,55.15368192
634,4759,420.18258864,55.42141824
634,4760,435.39284016,52.4883888
634,4761,448.7838624,44.0448192
634,4762,459.97221696,37.1319552
634,4763,469.9508508,35.82290016
634,4764,480.0552756,35.97651936
634,4765,489.71783184,33.98385888
634,4766,497.707832914286,33.8871414857143
649,4734,23.5871850666667,37.2112032
649,4735,32.31675528,26.64634752
649,4736,39.10260912,24.40570176
649,4737,47.48302416,38.04489216
649,4738,58.718958,42.55581024
649,4739,70.97231424,44.47056384
649,4740,83.33250288,44.49031488
649,4741,95.706438,44.7635376
649,4742,108.19031448,44.89082208
649,4743,119.71117536,40.37770944
649,4744,132.47610792,49.36991904
649,4745,146.37254952,51.09045408
649,4746,160.10317992,46.963584
649,4747,173.05541208,46.63549728
649,4748,186.01063128,46.63878912
649,4749,199.0159596,48.8399328
649,4750,219.24105504,83.23088256
649,4751,237.60025632,55.85045472
649,4752,253.06641792,55.58491296
649,4753,268.5329148,56.48358528
649,4754,284.79442152,59.89393152
649,4755,301.81238088,62.1828576
649,4756,318.62548416,60.9868224
649,4757,336.28922328,61.96559616
649,4758,352.410522,56.5977024
649,4759,367.87128864,54.85631904
649,4760,383.4713184,58.82188896
649,4761,399.8128656,56.37934368
649,4762,415.15582704,55.42141824
649,4763,430.49077224,54.32194368
649,4764,445.0203444,49.72214592
649,4765,457.81100208,42.17505408
649,4766,469.45987896,43.85169792
649,4767,481.13554776,36.25632576
649,4768,491.02987392,37.50612768
649,4769,498.51448176,33.71063616
656,4737,19.3694304,34.454592
656,4738,25.70161992,37.05185376
656,4739,36.3762036,38.20838688
656,4740,46.986444,39.00501216
656,4741,58.54747752,43.56969696
656,4742,70.57174608,41.669208
656,4743,82.35336336,45.5864976
656,4744,95.11503456,45.37143072
656,4745,108.25133544,48.84980832
656,4746,121.654824,47.60439552
656,4747,135.07184568,49.56304032
656,4748,149.2921068,53.30695968
656,4749,164.48221104,55.12844448
656,4750,179.69993016,54.97701984
656,4751,194.8612308,55.57613472
656,4752,211.32719736,61.91073216
656,4753,229.13913024,65.62941408
656,4754,246.74178744,59.3244432
656,4755,262.45486752,55.30620384
656,4756,277.67197704,53.49020544
656,4757,292.5185412,55.80875808
656,4758,308.72753088,59.74470144
656,4759,325.81544184,64.24793856
656,4760,342.85665744,56.32777152
656,4761,358.24978896,55.1876976
656,4762,373.2757584,52.15042656
656,4763,388.11762864,56.13465024
656,4764,403.10857656,50.52535488
656,4765,416.75051016,47.88200736
656,4766,429.49925784,43.78256928
656,4767,441.1618812,39.64143456
656,4768,451.683882,37.40737248
656,4769,461.8683168,35.01201024
656,4770,471.95524608,39.4636752
656,4771,482.6511048,35.92055808
656,4772,493.01494488,39.15424224
656,4773,499.5672,39.2716512
660,4740,23.36541936,35.18538048
660,4741,33.5898744,37.03649184
660,4742,43.51961832,36.72486432
660,4743,55.61719128,49.81431744
660,4744,69.4299348,47.01186432
660,4745,82.03439016,46.3655664
660,4746,95.2768224,49.45331232
660,4747,109.63908984,52.95583008
660,4748,124.39525032,53.35743456
660,4749,139.47361488,55.81204992
660,4750,155.10909288,55.4565312
660,4751,170.591988,56.50772544
660,4752,186.38788224,56.34313344
660,4753,201.77543592,56.1313584
660,4754,217.8411696,58.16022912
660,4755,234.3357264,60.89574816
660,4756,250.82101728,57.18035808
660,4757,266.42443032,55.47189312
660,4758,281.69122224,55.19208672
660,4759,296.99260896,53.82268128
660,4760,311.2896492,49.70897856
660,4761,326.05434408,58.74178752
660,4762,342.51784176,58.5344016
660,4763,359.11740216,60.32406528
660,4764,375.78816384,59.38040448
660,4765,392.3123472,57.98356704
660,4766,406.80842184,46.94493024
660,4767,419.1673608,42.876216
660,4768,430.49628912,39.15533952
660,4769,441.198762,37.92419136
660,4770,452.01486432,40.29431616
660,4771,463.28115624,40.17471264
660,4772,474.52221072,40.60704096
660,4773,484.60347072,31.88585952
660,4774,493.15530528,29.15692416
660,4775,498.8582352,25.99895232
671,4742,24.8247746666667,37.386768
671,4743,34.5981528,37.2416832
671,4744,44.9485512,38.49697152
671,4745,57.06416832,47.66145408
671,4746,70.06114512,43.33926816
671,4747,81.34465824,40.63008384
671,4748,93.28379616,45.18379584
671,4749,105.90370488,46.195488
671,4750,118.96356192,47.40907968
671,4751,132.47686992,49.38198912
671,4752,146.38513776,51.37574688
671,4753,161.08561128,54.21550752
671,4754,176.29470456,54.86509728
671,4755,191.5344912,55.04614848
671,4756,207.3246552,59.39466912
671,4757,224.17500504,60.707016
671,4758,240.94656408,60.33723264
671,4759,257.63421168,59.39466912
671,4760,274.14409992,60.0980256
671,4761,290.04353472,54.20124288
671,4762,305.95421664,60.32406528
671,4763,323.086476,64.90740384
671,4764,341.08378824,61.60349376
671,4765,357.7679916,59.89393152
671,4766,374.50462056,60.91659648
671,4767,391.81092072,61.50912768
671,4768,407.46633264,52.0275312
671,4769,421.27551,47.31800544
671,4770,433.3663164,38.38395168
671,4771,443.09437416,33.96301056
671,4772,452.5329024,34.22855232
671,4773,462.31908552,36.6710976
671,4774,473.3039556,41.88756672
671,4775,484.21436304,35.7877872
671,4776,493.54767432,31.9253616
671,4777,499.2576248,31.4260992
676,4743,21.9595192,36.1663488
676,4744,30.23811072,38.87224128
676,4745,41.08191936,38.76799968
676,4746,51.85239312,38.76799968
676,4747,62.83829952,43.2383184
676,4748,76.60779192,49.36223808
676,4749,88.38249024,39.98159136
676,4750,99.95135712,43.14175776
676,4751,112.13174424,44.00970624
676,4752,124.74369768,47.10403584
676,4753,138.13593912,49.03963776
676,4754,152.03954352,51.8848848
676,4755,166.99287912,54.53920512
676,4756,181.96937952,53.5362912
676,4757,196.81822968,52.3018512
676,4758,211.24002456,53.26306848
676,4759,225.70464384,49.77591264
676,4760,239.4412788,50.23457568
676,4761,254.12428728,54.8475408
676,4762,269.35041888,54.72793728
676,4763,284.57313672,54.76305024
676,4764,299.78469888,55.10430432
676,4765,315.64673472,60.90233184
676,4766,333.82491528,65.72816928
676,4767,351.27044808,62.59872672
676,4768,368.94799464,63.87047424
676,4769,386.89059528,65.87739936
676,4770,404.03919192,55.44994752
676,4771,418.2746016,47.01186432
676,4772,430.34120688,40.91537664
676,4773,441.23859936,38.39821632
676,4774,451.81543368,37.6751088
676,4775,462.16132104,37.12756608
676,4776,472.83666672,39.57230592
676,4777,482.93865312,32.58702144
676,4778,492.03303168,33.0061824
676,4779,498.4251906,32.9842368
691,4746,15.1032464,36.4955328
691,4747,23.2153968,36.4955328
691,4748,33.48703488,38.29178016
691,4749,44.44450344,39.7764
691,4750,55.96856472,45.68086368
691,4751,69.6720984,50.51438208
691,4752,83.27321928,45.67647456
691,4753,95.06724192,41.8776912
691,4754,107.1050436,43.88461632
691,4755,119.30057928,44.0448192
691,4756,131.62221072,44.34437664
691,4757,143.96091096,44.39375424
691,4758,156.32268456,45.76535424
691,4759,169.35977304,47.77118208
691,4760,182.92422648,49.38089184
691,4761,196.64162856,49.3721136
691,4762,210.5255124,51.6050784
691,4763,224.91804648,50.30041248
691,4764,238.66187472,49.36882176
691,4765,252.37568016,49.49500896
691,4766,266.29851744,50.2499376
691,4767,280.09568568,49.8274848
691,4768,294.07277736,50.0414544
691,4769,308.34073968,53.87535072
691,4770,323.96134344,59.83248384
691,4771,340.5506016,56.58892416
691,4772,356.05458888,55.72207296
691,4773,371.36636928,54.93422592
691,4774,387.28707912,60.21433728
691,4775,403.5103944,55.4510448
691,4776,418.76475048,55.14600096
691,4777,434.05635312,53.63175456
691,4778,448.25911872,49.68044928
691,4779,461.63456568,46.6563456
691,4780,474.92436384,48.56232096
691,4781,487.72980432,44.1435744
691,4782,497.4375116,42.8524416
705,4749,20.8203546,38.7120384
705,4750,28.96752144,43.18784352
705,4751,40.20793584,37.74204288
705,4752,52.09202688,45.32753952
705,4753,64.7190984,47.59671456
705,4754,78.19662288,48.51404064
705,4755,90.87773544,41.86562112
705,4756,102.18413904,40.60704096
705,4757,113.82106776,43.65418752
705,4758,126.07527744,44.09090496
705,4759,138.60054576,46.32057792
705,4760,151.54643808,46.469808
705,4761,164.18670744,45.98261568
705,4762,177.4556268,48.28141728
705,4763,190.909956,49.15375488
705,4764,204.86635176,50.7601728
705,4765,218.93259744,50.22579744
705,4766,232.73403288,49.56633216
705,4767,246.6001164,50.5736352
705,4768,260.86487832,51.681888
705,4769,275.25750384,52.4829024
705,4770,290.16390024,54.32194368
705,4771,305.01439632,52.89657696
705,4772,320.01400056,57.42175968
705,4773,336.79324056,59.1598512
705,4774,352.49010528,55.16684928
705,4775,367.58931816,52.90206336
705,4776,382.32225288,56.20487616
705,4777,398.42291664,56.59111872
705,4778,414.0493116,57.57098976
705,4779,430.20465648,56.9159136
705,4780,444.41245128,46.02650688
705,4781,457.34859,48.33079488
705,4782,470.90298504,49.18886784
705,4783,484.3272,46.3984848
705,4784,495.7250055,44.6277492
711,4751,23.9362488,36.601146
711,4752,33.19326864,37.58842368
711,4753,43.89540624,40.41611424
711,4754,56.3526432,48.2638608
711,4755,69.45498936,43.64211744
711,4756,80.8721268,40.80894048
711,4757,92.51484672,43.27562592
711,4758,104.80435224,44.42996448
711,4759,117.07846536,44.88094656
711,4760,129.94282368,46.90652544
711,4761,142.64877744,44.87436288
711,4762,155.11884648,44.67685248
711,4763,167.5107648,45.11795904
711,4764,180.15024168,45.6358752
711,4765,192.95571264,47.4957648
711,4766,206.63903808,51.26711616
711,4767,221.2053996,51.18372288
711,4768,235.00543296,49.36552992
711,4769,248.88605544,51.7806432
711,4770,263.69631792,53.73599616
711,4771,278.78998344,54.81791424
711,4772,293.85152304,53.41120128
711,4773,308.39599992,50.99828256
711,4774,322.7400708,55.35448416
711,4775,338.72171016,56.16756864
711,4776,353.88502248,53.80622208
711,4777,368.91827664,54.3592512
711,4778,384.19092072,57.39103584
711,4779,400.28091648,56.071008
711,4780,415.56425904,54.87058368
711,4781,430.74162264,53.35085088
711,4782,445.1605524,51.48218304
711,4783,459.34503,50.22579744
711,4784,473.38299024,51.11020512
711,4785,486.839514,45.88934688
711,4786,497.1840704,47.9218752
723,4754,21.6319608,33.2914752
723,4755,29.2489128,35.06248512
723,4756,39.11089968,35.54309376
723,4757,49.15744296,38.87992224
723,4758,60.86011704,43.40071584
723,4759,72.31230648,38.06244864
723,4760,82.66685016,37.4666256
723,4761,92.96500584,37.31629824
723,4762,103.75663272,40.35576384
723,4763,115.356894,42.28149024
723,4764,127.0084836,42.56788032
723,4765,139.11370704,43.93838304
723,4766,151.30430496,43.88132448
723,4767,163.5847884,44.47385568
723,4768,176.14099392,46.42372224
723,4769,189.054486,47.08538208
723,4770,202.59714624,50.00743872
723,4771,216.95337864,51.90902496
723,4772,230.89206552,49.36772448
723,4773,244.60529184,49.36223808
723,4774,258.48573144,50.85563616
723,4775,272.4701688,49.45111776
723,4776,286.32308496,51.71261184
723,4777,301.31119824,54.86509728
723,4778,316.60667184,56.64708
723,4779,333.4777176,61.22054304
723,4780,349.28592576,54.84424896
723,4781,364.38065808,52.87682592
723,4782,378.69427944,53.02166688
723,4783,394.32866016,56.55161664
723,4784,409.43957736,53.67015936
723,4785,424.44012648,53.7338016
723,4786,439.03388952,51.20237664
723,4787,452.98610952,49.77591264
723,4788,467.09414328,52.74515232
723,4789,481.37396232,47.32678368
723,4790,494.2013484,46.92627648
728,4756,23.7747048,36.4918752
728,4757,33.93893136,40.14508608
728,4758,45.246798,40.19775552
728,4759,56.3860188,40.13740512
728,4760,67.39673592,38.24898624
728,4761,77.49396744,35.60563872
728,4762,87.31312992,34.10236512
728,4763,96.79862784,36.14879232
728,4764,107.07840408,36.62610912
728,4765,117.65359248,39.51963648
728,4766,128.63175696,40.35576384
728,4767,140.2174488,42.3769536
728,4768,152.2149864,43.58066976
728,4769,164.050218,42.66663552
728,4770,176.34746544,45.53273088
728,4771,189.12971064,46.113192
728,4772,202.23778704,48.6479088
728,4773,215.86146312,49.185576
728,4774,230.42444136,56.48907168
728,4775,245.41173168,49.7671344
728,4776,259.427472,51.96279168
728,4777,273.72036696,50.51218752
728,4778,287.4292956,48.8179872
728,4779,301.34530536,51.17823648
728,4780,315.42154848,50.66470944
728,4781,330.73427376,58.4246736
728,4782,346.25383632,53.58347424
728,4783,361.16389032,53.90168544
728,4784,375.8926188,52.80769728
728,4785,391.40443944,57.9693024
728,4786,407.0296152,54.93093408
728,4787,422.4229296,56.01394944
728,4788,438.15173736,56.455056
728,4789,453.787002,56.56697856
728,4790,469.44875376,57.07063008
728,4791,484.50913512,51.29893728
728,4792,496.1557768,52.8486624
733,4758,21.1253832,38.3060448
733,4759,28.54458096,37.60817472
733,4760,38.97008208,37.80787968
733,4761,49.35879384,37.59720192
733,4762,59.6266524,35.65940544
733,4763,69.6649356,37.47320928
733,4764,79.93666512,36.429696
733,4765,90.28666728,37.28337984
733,4766,100.73600376,38.25337536
733,4767,111.34179408,38.0097792
733,4768,121.97184648,38.40041088
733,4769,132.67529472,39.24202464
733,4770,143.69707608,39.36162816
733,4771,154.59443808,39.45379968
733,4772,165.91952592,42.41865024
733,4773,177.97022064,43.89449184
733,4774,190.16407992,43.8912
733,4775,202.51588656,45.65452896
733,4776,215.97250176,50.51547936
733,4777,229.82800872,49.36552992
733,4778,243.5409912,49.3611408
733,4779,257.37802728,50.71957344
733,4780,271.40614248,49.60034784
733,4781,285.11458344,49.24921824
733,4782,298.80117024,49.37869728
733,4783,312.51409176,49.3776
733,4784,326.89406808,54.96385248
733,4785,341.59554744,49.61241792
733,4786,355.20008208,48.91564512
733,4787,368.86902096,49.36991904
733,4788,382.92828672,53.74367712
733,4789,398.3760384,55.110888
733,4790,413.47259952,54.36144576
733,4791,428.75932536,55.45214208
733,4792,444.2903484,55.91958336
733,4793,459.64873272,55.95250176
733,4794,476.16904512,61.63092576
733,4795,492.65787168,57.07392192
739,4761,22.5600006,39.995856
739,4762,32.50378056,39.22995456
739,4763,42.82991688,36.48017088
739,4764,53.95831728,43.70246784
739,4765,66.26208744,42.37475904
739,4766,76.84212216,35.88434784
739,4767,86.93152032,35.38728
739,4768,96.33155232,33.8017104
739,4769,105.78080952,34.10126784
739,4770,115.70256768,37.11988512
739,4771,126.13468296,38.30385024
739,4772,137.01162336,40.04742816
739,4773,148.42428024,41.45194656
739,4774,160.08001512,42.876216
739,4775,172.17883776,43.89339456
739,4776,184.37038056,43.93070208
739,4777,196.90226304,46.90213632
739,4778,210.61667808,51.72687648
739,4779,224.79499872,49.59266688
739,4780,238.50740208,49.36004352
739,4781,252.2069124,49.00342752
739,4782,265.67203152,48.56671008
739,4783,279.32143272,49.30847136
739,4784,293.0031732,49.32493056
739,4785,306.39495744,45.784008
739,4786,318.73213368,45.39337632
739,4787,332.01510432,47.81178144
739,4788,344.57082216,44.07444576
739,4789,356.87376936,44.28841536
739,4790,369.57530352,47.89407744
739,4791,383.53706376,53.32451616
739,4792,398.4853092,52.20090144
739,4793,413.00570688,52.6474944
739,4794,427.47188064,51.90463584
739,4795,442.14138648,53.32122432
739,4796,457.02093,54.6061392
739,4797,472.82112192,59.10388992
739,4798,488.51762088,53.3991312
739,4799,498.9513516,54.8201088
747,4765,23.1199266666667,42.79392
747,4766,34.4131392,42.77526624
747,4767,46.10697408,41.17872384
747,4768,57.46833312,40.80564864
747,4769,69.19133736,45.38679264
747,4770,82.40929416,47.72509632
747,4771,94.19359368,36.10160928
747,4772,103.58600568,32.40048384
747,4773,112.02290016,28.25166816
747,4774,119.68545024,27.6075648
747,4775,127.59059064,29.81748672
747,4776,136.975596,39.44392416
747,4777,148.66552944,41.41463904
747,4778,159.6607932,39.97829952
747,4779,172.20227688,49.08572352
747,4780,185.80068504,48.83554368
747,4781,199.55643096,51.79381056
747,4782,214.66295904,55.37862432
747,4783,230.05447512,55.78900704
747,4784,245.255034,53.12371392
747,4785,259.93728048,52.74734688
747,4786,274.82255424,54.02128896
747,4787,288.773616,47.60768736
747,4788,302.69553888,51.42512448
747,4789,316.62904416,49.65850368
747,4790,331.81722816,58.94368704
747,4791,346.978986,50.59887264
747,4792,360.865674,47.97198432
747,4793,374.05214496,49.0648752
747,4794,388.38502968,53.86437792
747,4795,403.08400968,51.8409936
747,4796,417.86446272,54.59845824
747,4797,433.16466072,55.50481152
747,4798,448.42413744,53.40242304
747,4799,462.96108576,53.48581632
747,4800,478.35970368,55.38630528
747,4801,493.4966508,53.98837056
755,4766,20.0815448,48.3681024
755,4767,28.38346368,48.69948096
755,4768,41.94861816,48.82676544
755,4769,55.51355928,48.70935648
755,4770,67.7667936,41.75040672
755,4771,79.85522256,41.62202496
755,4772,90.61441872,36.92456928
755,4773,100.71195504,35.65501632
755,4774,110.1519768,32.91510816
755,4775,119.24224056,31.98790656
755,4776,128.11289592,32.37305184
755,4777,137.25595104,33.36389568
755,4778,146.56600608,33.95971872
755,4779,156.2581584,36.48894912
755,4780,166.8194784,39.76323264
755,4781,178.59274416,44.34437664
755,4782,191.32850736,47.92809312
755,4783,205.9954224,57.43931616
755,4784,222.14835936,58.18436928
755,4785,238.32519264,58.26117888
755,4786,252.16201536,31.42171008
755,4787,262.4364576,54.86180544
755,4788,277.723092,51.39440064
755,4789,291.51474336,49.07145888
755,4790,305.05365456,48.99794112
755,4791,318.8514324,51.59300832
755,4792,334.1089584,54.754272
755,4793,348.4180992,50.68994688
755,4794,362.47382928,50.08644288
755,4795,376.35567096,50.47158816
755,4796,391.1082348,54.37241856
755,4797,405.57690792,50.94451584
755,4798,420.10958904,53.64492192
755,4799,435.04826376,53.21478816
755,4800,449.87599128,54.2714688
755,4801,465.25732704,57.42505152
755,4802,481.60606752,57.552336
755,4803,495.4640205,55.3262292
759,4767,16.7118411,44.1902088
759,4768,27.75740448,44.16442272
759,4769,39.98134752,43.75404
759,4770,52.10199384,43.62017184
759,4771,64.696848,48.1651056
759,4772,78.44674176,49.6464336
759,4773,90.92921616,37.74752928
759,4774,100.70421312,35.19086688
759,4775,110.21107752,32.18980608
759,4776,118.724934,29.70775872
759,4777,127.0831596,31.3218576
759,4778,135.9714324,32.397192
759,4779,145.21199304,34.8276672
759,4780,155.3099256,37.30971456
759,4781,165.855396,38.39492448
759,4782,176.8588284,41.97315456
759,4783,189.07859568,45.57771936
759,4784,202.35025824,50.22579744
759,4785,217.08017544,53.58127968
759,4786,231.19869432,49.3721136
759,4787,244.82026728,48.80262528
759,4788,258.65776056,51.49096128
759,4789,273.46646856,54.58638816
759,4790,288.68251128,54.73122912
759,4791,303.90538152,54.86619456
759,4792,318.99813264,54.37790496
759,4793,334.43411904,53.8819344
759,4794,348.45217584,49.36882176
759,4795,362.16433536,49.35675168
759,4796,375.90590808,50.4309888
759,4797,390.76070184,55.11308256
759,4798,405.47028888,51.67201248
759,4799,420.09922584,53.26855488
759,4800,434.85215544,53.02276416
759,4801,449.67735312,53.90278272
759,4802,465.07941528,57.65548032
759,4803,481.21860576,56.5263792
759,4804,495.1730508,56.8377324
762,4770,25.7423412,52.50923712
762,4771,39.93187848,48.96612
762,4772,53.35429512,48.40211808
762,4773,67.25277888,51.8409936
762,4774,81.7231284,51.18701472
762,4775,93.89549928,35.89422336
762,4776,103.46262264,34.14845088
762,4777,112.69669104,32.397192
762,4778,121.51205568,30.5647344
762,4779,129.78944832,30.37051584
762,4780,138.59630904,32.33025792
762,4781,147.6464916,32.9513184
762,4782,156.9471588,34.19892576
762,4783,166.81298616,37.33934112
762,4784,177.51131376,39.15204768
762,4785,188.94905568,43.42705056
762,4786,201.17976528,44.7525648
762,4787,214.50135408,50.84905248
762,4788,228.45500664,49.37430816
762,4789,241.75568616,46.11538656
762,4790,255.05218992,50.76895104
762,4791,269.68118784,54.15844896
762,4792,284.8570884,54.02019168
762,4793,299.61571776,53.6734512
762,4794,314.33438784,52.63542432
762,4795,330.1546356,59.30359488
762,4796,345.45684528,51.70712544
762,4797,359.809542,51.44158368
762,4798,374.24788752,53.45618976
762,4799,390.13199088,60.27139584
762,4800,406.5623568,58.2271632
762,4801,422.97867144,59.80395456
762,4802,439.5747876,59.51866176
762,4803,456.11860008,59.42649024
762,4804,472.9974792,62.31892032
762,4805,489.57634368,56.68438752
762,4806,499.7741592,56.5757568
767,4773,21.2517736,45.1091808
767,4774,29.38930368,45.1420992
767,4775,42.73296,54.74110464
767,4776,58.87382688,48.17168928
767,4777,68.68427208,44.54078976
767,4778,84.7159596,52.42364928
767,4779,96.70919952,39.7544544
767,4780,107.48464152,37.1045232
767,4781,117.42551064,35.25012
767,4782,127.27954224,35.19745056
767,4783,136.84383096,34.01568
767,4784,146.12404608,32.91071904
767,4785,155.36149776,34.83095904
767,4786,165.7077204,38.66595264
767,4787,176.9467632,42.80379552
767,4788,189.10130328,44.16881184
767,4789,201.77116872,47.84908896
767,4790,215.8287276,51.87720384
767,4791,229.82642376,49.36772448
767,4792,243.218208,46.21084992
767,4793,255.81114192,46.52138016
767,4794,269.28098544,49.25470464
767,4795,282.81483696,46.9032336
767,4796,295.54767408,47.33336736
767,4797,309.15821328,49.35894624
767,4798,323.35284072,55.35558144
767,4799,339.31695408,55.63538784
767,4800,354.17741712,52.80769728
767,4801,369.04321416,54.1562544
767,4802,384.62891832,59.66569728
767,4803,401.13167424,57.49966656
767,4804,417.46950288,60.44586336
767,4805,434.4544524,61.7165136
767,4806,451.8190608,63.01349856
767,4807,469.03193976,59.70190752
767,4808,485.06094504,57.14743968
767,4809,497.01949872,57.81348864
774,4775,22.5180652,44.43984
774,4776,32.39371728,44.43545088
774,4777,44.78331912,45.04663584
774,4778,57.40234392,45.53931456
774,4779,70.26807384,49.3666272
774,4780,84.30792384,45.64465344
774,4781,95.46418296,38.79543168
774,4782,106.20259176,37.6696224
774,4783,116.3144232,35.6012496
774,4784,125.8497864,32.95461024
774,4785,134.99357304,33.1433424
774,4786,144.61610904,36.89165088
774,4787,155.18949912,38.53318176
774,4788,166.42116576,42.92998272
774,4789,178.58103984,43.8912
774,4790,190.7741676,43.89229728
774,4791,203.15654568,46.6728048
774,4792,216.92152704,50.58021888
774,4793,230.74039704,49.36991904
774,4794,244.45411104,49.36552992
774,4795,258.26334936,50.33113632
774,4796,272.1656736,49.4214912
774,4797,285.86335512,49.2459264
774,4798,299.5588116,49.38198912
774,4799,313.27063584,49.51914912
774,4800,328.01015424,56.90603808
774,4801,343.15670256,51.77296224
774,4802,357.75049608,53.71075872
774,4803,372.900702,55.15148736
774,4804,389.05766232,61.03729728
774,4805,405.57376848,58.53330432
774,4806,422.19664608,60.35259456
774,4807,439.116216,61.89317568
774,4808,456.57887856,63.17699328
774,4809,474.80808264,68.64254496
774,4810,493.36765944,64.52664768
776,4777,23.9728248,45.3752712
776,4778,36.3666024,53.09299008
776,4779,51.19338504,53.37828288
776,4780,64.45245936,39.29688864
776,4781,76.70096928,51.31100736
776,4782,89.68895448,41.61763584
776,4783,100.763832,38.80420992
776,4784,111.01855368,34.24830336
776,4785,120.09324216,32.4410832
776,4786,128.99931528,30.82040064
776,4787,137.45148024,31.162752
776,4788,146.4269868,32.91181632
776,4789,156.0015168,37.03210272
776,4790,167.05304664,42.77855808
776,4791,179.7669252,48.28909824
776,4792,193.44153336,49.37979456
776,4793,207.2496744,50.88745728
776,4794,221.5493664,50.48365824
776,4795,235.31483544,49.3721136
776,4796,249.02821416,49.39296192
776,4797,262.83202704,49.82529024
776,4798,276.58731576,49.30188768
776,4799,289.45243608,44.36961408
776,4800,302.61034728,49.37430816
776,4801,316.34957304,50.47158816
776,4802,331.71319992,58.20741216
776,4803,347.11486584,53.68332672
776,4804,361.946952,53.38925568
776,4805,377.10048024,56.8555632
776,4806,393.82129008,61.23041856
776,4807,410.36025624,58.9568544
776,4808,426.85825728,59.72824224
776,4809,443.47665432,59.97293568
776,4810,460.47717912,63.12432384
776,4811,478.72820688,66.05954784
776,4812,494.5645176,61.6067856
781,4778,20.9982816,41.9599872
781,4779,28.5532068,43.01227872
781,4780,40.41562656,42.89925888
781,4781,53.2947372,49.9756176
781,4782,67.2887148,47.5561152
781,4783,79.04945328,39.2497056
781,4784,89.81398344,38.38395168
781,4785,100.47171168,38.12389632
781,4786,110.67245328,34.55773632
781,4787,119.79063672,31.85294112
781,4788,128.40007848,30.1148496
781,4789,136.64162664,29.40600672
781,4790,144.99771864,31.53363264
781,4791,154.14217584,34.83095904
781,4792,164.48946528,38.86675488
781,4793,175.98822816,43.70027328
781,4794,188.23240992,45.26499456
781,4795,201.51842856,49.70020032
781,4796,215.80925088,52.21297152
781,4797,229.82447304,49.36443264
781,4798,243.53766888,49.36333536
781,4799,257.3531556,50.6778768
781,4800,271.3981872,49.62558528
781,4801,285.1067196,49.25031552
781,4802,298.81470336,50.27517504
781,4803,313.5585804,55.55309184
781,4804,329.86714824,60.56875872
781,4805,345.80187888,55.21293504
781,4806,361.15733712,55.02420288
781,4807,376.44199032,56.25535104
781,4808,393.1129044,61.73516736
781,4809,409.8540444,60.00256224
781,4810,426.4581768,59.48684064
781,4811,443.05426248,59.82260832
781,4812,459.8046684,61.88768928
781,4813,477.96431712,66.45895776
781,4814,493.8920145,61.8989364
784,4780,18.988278,40.4457408
784,4781,25.51319256,39.86089056
784,4782,36.5301276,39.50098272
784,4783,47.58607704,40.19995008
784,4784,58.78656264,40.25700864
784,4785,70.32897288,44.61101568
784,4786,83.3214996,46.92847104
784,4787,94.95681288,35.70658848
784,4788,104.41155648,33.88729824
784,4789,113.81939136,33.7578192
784,4790,123.2218008,33.55262784
784,4791,132.39600648,32.92827552
784,4792,141.38489376,31.85733024
784,4793,150.3893868,32.9129136
784,4794,159.6408288,34.82437536
784,4795,169.96824528,38.40150816
784,4796,181.06845168,42.51850272
784,4797,193.38032952,45.94969728
784,4798,206.85142272,51.67310976
784,4799,221.40156888,50.7876048
784,4800,235.57751208,53.51654016
784,4801,251.312934,58.23484416
784,4802,267.16427136,56.13026112
784,4803,282.70132944,53.27404128
784,4804,297.62016168,57.60829728
784,4805,313.46296464,56.05345152
784,4806,330.84893952,66.90884256
784,4807,348.07300464,59.75677152
784,4808,365.21724264,61.4860848
784,4809,382.11169704,63.12212928
784,4810,399.81039672,60.6576384
784,4811,416.18547192,60.8222304
784,4812,433.16755632,56.6031888
784,4813,449.81280624,65.35070496
784,4814,467.08353624,62.52411168
784,4815,485.06256048,63.33829344
784,4816,497.84550672,59.22897984
789,4782,21.06039984,40.6432512
789,4783,29.34702792,39.18277152
789,4784,40.17206088,39.50537184
789,4785,51.94931952,45.03017664
789,4786,64.46827848,43.49837376
789,4787,75.36786552,36.53503488
789,4788,85.32132288,34.47324576
789,4789,94.61638176,33.1598016
789,4790,103.990902,33.87522816
789,4791,113.39928552,33.90814656
789,4792,122.6573112,32.89535712
789,4793,131.7959772,33.07421376
789,4794,140.94832872,32.77794816
789,4795,150.08516592,32.9129136
789,4796,159.2337684,33.3792576
789,4797,169.20594048,38.20399776
789,4798,180.13628184,41.42232
789,4799,192.14506656,43.8966864
789,4800,204.64963896,48.24520704
789,4801,218.84649144,49.81870656
789,4802,232.9316652,54.56005344
789,4803,248.37234552,56.03040864
789,4804,264.88077072,62.94656448
789,4805,281.6978364,55.85045472
789,4806,297.40777704,59.30140032
789,4807,313.973718,60.57863424
789,4808,331.35588288,63.27026208
789,4809,348.41340528,59.8127328
789,4810,364.70770848,57.25168128
789,4811,380.4775728,58.73300928
789,4812,397.5235128,61.11630144
789,4813,414.20381472,60.39758304
789,4814,431.22719952,62.5010688
789,4815,448.90572144,64.23367392
789,4816,467.01245688,66.56429664
789,4817,485.10224544,63.70368768
789,4818,497.739924,66.330576
795,4784,24.9518424,44.41899168
795,4785,37.37734968,44.43325632
795,4786,49.72114008,44.43984
795,4787,61.64342256,34.9373952
795,4788,69.41186016,36.47797632
795,4789,82.0562748,41.10081696
795,4790,91.71806904,32.90084352
795,4791,100.91812176,33.46594272
795,4792,110.106714,32.36207904
795,4793,119.1487584,32.9513184
795,4794,128.25136656,32.85914688
795,4795,137.43813,32.96997216
795,4796,146.55161952,32.40158112
795,4797,155.57016384,32.87780064
795,4798,164.71343232,32.90523264
795,4799,173.86846608,33.50105568
795,4800,183.8414916,38.09975616
795,4801,194.73988992,41.42341728
795,4802,206.88175032,46.0144368
795,4803,220.2183048,47.59342272
795,4804,233.15932032,45.89593056
795,4805,247.1598816,57.67742592
795,4806,263.35658784,56.06771616
795,4807,278.604726,55.0999152
795,4808,293.75746176,53.10067104
795,4809,309.46264752,60.46890624
795,4810,327.4774248,70.16227776
795,4811,346.48204008,65.10052512
795,4812,364.52354832,65.14990272
795,4813,382.66195248,67.46516352
795,4814,401.57092152,67.4772336
795,4815,420.39213864,65.84009184
795,4816,437.98031784,63.3788928
795,4817,456.0640104,66.02992128
795,4818,474.93609864,69.8473584
795,4819,493.482613066667,70.0345056
803,4786,40.0107404,36.7625376
803,4787,48.14282472,36.1498896
803,4788,58.03081104,35.38728
803,4789,67.84122576,36.11477664
803,4790,78.34600536,36.74900448
803,4791,87.758016,32.91510816
803,4792,96.89592,32.89974624
803,4793,106.03754256,32.91181632
803,4794,115.1836152,32.94802656
803,4795,124.28680248,32.25674016
803,4796,132.97335864,30.00951072
803,4797,141.269466,31.03546752
803,4798,150.2226612,32.42572128
803,4799,158.78818128,29.00879136
803,4800,167.08703184,31.77503424
803,4801,176.14151208,32.92169184
803,4802,185.48789928,35.38508544
803,4803,195.8998368,39.28481856
803,4804,207.6421044,45.96615648
803,4805,221.13212568,49.58498592
803,4806,234.8945772,50.00195232
803,4807,249.71892144,57.98466432
803,4808,266.23185768,59.2421472
803,4809,282.85147392,60.91440192
803,4810,300.40261992,65.41215264
803,4811,318.97271232,70.87221792
803,4812,339.66918096,73.58469408
803,4813,359.57067024,71.295768
803,4814,379.6096548,74.82571776
803,4815,400.60190136,72.78477696
803,4816,420.22818672,69.7156848
803,4817,439.04114376,66.02992128
803,4818,457.32563856,65.96737632
803,4819,476.1267084,69.16046112
803,4820,493.698005066667,63.160656
816,4786,21.4681308,51.57216
816,4787,30.19793808,48.30336288
816,4788,42.0908988,39.57669504
816,4789,53.076348,39.5459712
816,4790,64.05027576,38.85907392
816,4791,74.03308536,33.439608
816,4792,83.0950332,31.96596096
816,4793,91.84510968,31.10130432
816,4794,100.62813504,32.2271136
816,4795,109.47693624,30.44293632
816,4796,117.62363064,28.61267328
816,4797,125.57732568,28.88699328
816,4798,133.63401264,29.21508
816,4799,141.55738008,28.66424544
816,4800,149.59224336,28.38004992
816,4801,157.50625344,29.04939072
816,4802,165.41444184,27.86871744
816,4803,173.17050456,27.56916
816,4804,180.85009296,28.03330944
816,4805,188.6138976,27.85664736
816,4806,197.12735784,35.04931776
816,4807,207.8071536,40.81552416
816,4808,219.45496368,42.8432976
816,4809,231.5754576,43.88900544
816,4810,243.76398288,43.87364352
816,4811,256.04330808,45.07187328
816,4812,268.57522104,44.26317792
816,4813,280.77042144,43.88351904
816,4814,293.0115552,45.2298816
816,4815,306.13682232,48.71813472
816,4816,320.01351288,52.94156544
816,4817,335.73235368,56.38483008
816,4818,350.64426696,53.29927872
816,4819,365.73147072,54.77402304
816,4820,381.2429256,58.98209184
816,4821,398.47080072,61.99193088
816,4822,415.39796016,60.91220736
816,4823,432.25894752,60.61264992
816,4824,449.15946744,60.48975456
816,4825,466.16867904,63.2636784
816,4826,483.78916704,61.64957952
816,4827,496.4058144,60.09363648
821,4788,26.52817656,40.23067392
821,4789,37.7846844,40.72444992
821,4790,48.96160896,39.15204768
821,4791,58.99364376,33.80280768
821,4792,68.3489616,33.4505808
821,4793,77.5112496,32.12616384
821,4794,85.88215488,29.07023904
821,4795,94.26552648,31.52924352
821,4796,103.18199328,31.52704896
821,4797,111.72209304,30.78309312
821,4798,120.386094,31.21322688
821,4799,128.95133976,30.77212032
821,4800,137.5205784,30.42867168
821,4801,145.91973864,30.53401056
821,4802,154.20206904,28.4360112
821,4803,161.9388684,28.008072
821,4804,169.82105736,28.76190336
821,4805,177.93815568,29.22276096
821,4806,185.87993304,28.5237936
821,4807,194.17674144,31.68834912
821,4808,203.36146272,34.4381328
821,4809,213.79467528,40.15935072
821,4810,225.11866584,41.56606368
821,4811,237.06158328,43.88242176
821,4812,249.2502,43.90546464
821,4813,261.78735552,46.52357472
821,4814,274.49910048,44.75146752
821,4815,287.12345928,47.00966976
821,4816,300.62299032,49.37979456
821,4817,314.33938656,49.84065216
821,4818,329.41165512,58.36542048
821,4819,345.20803704,55.51468704
821,4820,360.77871456,57.21986016
821,4821,377.29222992,61.50034944
821,4822,394.22914296,59.14668384
821,4823,410.49674568,58.50367776
821,4824,426.32885016,54.03445632
821,4825,440.31694512,46.8977472
821,4826,452.48465256,40.65312672
821,4827,463.21419168,36.90262368
821,4828,470.1293112,34.90722
829,4791,23.8548672,39.9861024
829,4792,34.0816692,37.16048448
829,4793,44.18079048,35.92055808
829,4794,54.13833216,35.8481376
829,4795,64.08398664,35.16892128
829,4796,73.08884544,30.7348128
829,4797,81.80012088,31.50181152
829,4798,90.543888,31.41622368
829,4799,99.13830312,30.43525536
829,4800,107.56876632,30.35515392
829,4801,116.00758104,30.2739552
829,4802,123.94076304,26.63208288
829,4803,131.23523664,26.35447104
829,4804,138.56784072,26.45651808
829,4805,146.50690536,31.46011488
829,4806,155.571444,32.9184
829,4807,164.71388952,32.76916992
829,4808,173.71850448,32.50692
829,4809,182.84827032,32.91949728
829,4810,191.99272752,32.91949728
829,4811,201.50428584,36.49882464
829,4812,212.39247336,41.33344032
829,4813,224.08289448,42.72918048
829,4814,236.14876824,43.87912992
829,4815,248.33750688,43.91095104
829,4816,260.87825904,46.86921792
829,4817,274.15940088,48.20570496
829,4818,287.4398112,48.14974368
829,4819,301.0828116,49.37650272
829,4820,314.7988116,49.77591264
829,4821,329.6718324,56.59111872
829,4822,344.77049664,52.62445152
829,4823,359.5323264,54.01689984
829,4824,374.73959088,55.51468704
829,4825,391.05023136,60.68945952
829,4826,407.18484984,56.0874672
829,4827,422.85733056,57.16170432
829,4828,438.83735448,57.73667904
829,4829,454.89699216,57.84201792
829,4830,471.25810752,60.45793344
829,4831,488.04326064,60.1254576
829,4832,498.9627816,60.6905568
843,4793,9.6691704,38.459664
843,4794,16.60782048,38.43881568
843,4795,27.2512536,37.5214896
843,4796,37.20486336,34.82876448
843,4797,46.87997736,34.7728032
843,4798,56.50312296,34.56432
843,4799,65.92144296,31.32295488
843,4800,74.10855384,29.48062176
843,4801,82.1041284,28.29555936
843,4802,90.23469888,30.38258592
843,4803,98.92165128,32.23589184
843,4804,107.832144,31.0914288
843,4805,116.11685184,28.46124864
843,4806,123.80018928,27.404568
843,4807,131.50937376,28.51062624
843,4808,139.55560608,29.63094912
843,4809,147.89529984,29.928312
843,4810,156.20823216,30.04023456
843,4811,164.60656944,30.43196352
843,4812,172.91901408,29.08011456
843,4813,181.04879208,29.45209248
843,4814,188.60441832,24.67892448
843,4815,197.10428448,36.70621056
843,4816,207.1632636,37.51710048
843,4817,218.17772976,40.36783392
843,4818,229.90228848,43.87912992
843,4819,242.09239872,43.87803264
843,4820,254.24962104,43.36231104
843,4821,265.97262528,40.48853472
843,4822,277.17478728,41.68895904
843,4823,289.1366328,43.81658496
843,4824,301.8669096,48.5052624
843,4825,315.57458856,50.17203072
843,4826,330.53270952,55.7473104
843,4827,345.09596208,50.02389792
843,4828,358.94409288,49.66399008
843,4829,372.68819544,50.07108096
843,4830,387.5751456,57.5413632
843,4831,403.15755792,52.44230304
843,4832,417.57139752,54.02787264
843,4833,432.98205504,53.56262592
843,4834,447.20310864,50.82710688
843,4835,461.52794664,52.66066176
843,4836,477.64638024,67.73838624
843,4837,494.9118372,61.1363268
851,4798,21.12645,38.3609088
851,4799,27.61643448,37.1209824
851,4800,37.16953704,29.68581312
851,4801,44.63805144,27.7556976
851,4802,53.11167432,32.82183936
851,4803,62.36616432,33.33646368
851,4804,71.25879576,30.18397824
851,4805,79.64259408,30.71067264
851,4806,88.12929288,30.85661088
851,4807,96.95401488,32.03070048
851,4808,105.65422608,31.1133744
851,4809,114.14491776,29.8953936
851,4810,122.38518576,28.62035424
851,4811,130.25807832,29.20739904
851,4812,138.71716224,31.82880096
851,4813,147.79962312,32.9074272
851,4814,156.94307448,32.91730272
851,4815,166.08359976,32.9019408
851,4816,175.22686824,32.92059456
851,4817,184.3715388,32.92169184
851,4818,193.51559976,33.11371584
851,4819,203.35164816,38.23581888
851,4820,214.58593608,41.84587008
851,4821,226.27617432,43.0188624
851,4822,238.43217744,43.87364352
851,4823,250.62198288,44.110656
851,4824,263.20985712,45.81144
851,4825,276.0209364,47.96430336
851,4826,289.67061192,49.2459264
851,4827,303.365916,49.36991904
851,4828,317.14086432,51.28357536
851,4829,332.77170936,58.63974048
851,4830,348.36859968,54.83876256
851,4831,363.60052248,54.82340064
851,4832,378.96984912,57.41627328
851,4833,395.58900816,59.03146944
851,4834,411.3120552,55.78461792
851,4835,426.85947648,56.06332704
851,4836,442.35748968,55.2645072
851,4837,457.57859208,55.43897472
851,4838,473.7858444,60.75200448
851,4839,489.99120696,55.76267232
851,4840,499.3358568,56.4989472
855,4799,17.6000664,35.6725728
855,4800,23.05153632,35.6670864
855,4801,32.95259856,35.18538048
855,4802,42.02631168,30.37600224
855,4803,50.40931752,30.48134112
855,4804,59.38579944,34.00251264
855,4805,68.6170332,31.3986672
855,4806,77.08550496,30.65910048
855,4807,85.73060832,31.74211584
855,4808,94.63668144,32.11080192
855,4809,103.59042528,32.09324544
855,4810,112.148874,29.66606208
855,4811,120.501156,30.38807232
855,4812,128.9275044,30.46159008
855,4813,137.29402056,29.34236448
855,4814,145.365978,29.88880992
855,4815,154.03092384,31.8650112
855,4816,163.03672752,32.90632992
855,4817,172.17941688,32.9184
855,4818,181.25910408,32.09982912
855,4819,189.77405784,30.04572096
855,4820,198.70853832,34.41399264
855,4821,209.0210196,39.47903712
855,4822,220.1454576,41.58362016
855,4823,232.1856672,43.88900544
855,4824,244.37449728,43.87803264
855,4825,256.68232128,45.4438512
855,4826,269.33082024,44.42996448
855,4827,281.8057356,46.48297536
855,4828,295.18163976,50.32894176
855,4829,309.70197648,53.2564848
855,4830,325.19532624,60.07827456
855,4831,341.65541016,56.07539712
855,4832,357.31969176,56.67012288
855,4833,372.74763144,55.27548
855,4834,389.21655456,63.26697024
855,4835,406.37118624,60.0157296
855,4836,423.07090392,60.0431616
855,4837,439.62148296,58.91406048
855,4838,455.99555232,59.03476128
855,4839,472.75037784,61.41256704
855,4840,489.08540232,57.0091824
855,4841,499.5177208,58.6057248
864,4804,23.7264593142857,49.5500297142857
864,4805,34.98729096,44.99506368
864,4806,47.04335016,44.7745104
864,4807,60.15971712,48.02355648
864,4808,72.53682216,40.01889888
864,4809,82.7887092,34.01129088
864,4810,91.90110144,32.61555072
864,4811,101.43887256,37.15828992
864,4812,112.12665408,38.64290976
864,4813,121.87897392,29.8624752
864,4814,129.5512776,26.52564672
864,4815,136.32832272,22.56666048
864,4816,142.46769576,21.94121088
864,4817,148.69207752,24.9302016
864,4818,157.63472664,37.88468928
864,4819,167.96942784,34.82547264
864,4820,177.20879976,32.89974624
864,4821,186.59051328,34.17259104
864,4822,196.16004456,35.75377152
864,4823,206.65601544,40.29321888
864,4824,218.17550472,42.18712416
864,4825,230.20714944,43.89229728
864,4826,242.28868992,43.32939264
864,4827,254.49105312,45.10588896
864,4828,267.29143392,45.79717536
864,4829,280.35696024,48.26276352
864,4830,293.76505128,50.99389344
864,4831,308.79665952,55.2974256
864,4832,325.07852688,63.02995776
864,4833,342.0112032,57.52051488
864,4834,357.77457528,55.72865664
864,4835,373.68095952,58.99196736
864,4836,390.75262464,63.2911104
864,4837,407.50674912,58.83505632
864,4838,424.6124604,64.47507552
864,4839,442.30009584,60.45354432
864,4840,458.81123376,61.19091648
864,4841,476.09872776,59.45501952
864,4842,491.7525852,54.82230336
864,4843,500.1768,53.2071072
873,4807,22.1159832,41.9929056
873,4808,30.37981224,41.98961376
873,4809,41.62095816,39.26726208
873,4810,53.53891248,47.26862784
873,4811,66.79100688,44.99286912
873,4812,77.91233592,36.27278496
873,4813,87.67821936,34.23733056
873,4814,96.89592,32.89864896
873,4815,106.01011056,32.22821088
873,4816,114.77006256,31.94950176
873,4817,123.58567104,31.12654176
873,4818,132.22565376,30.53071872
873,4819,140.67217992,31.08813696
873,4820,149.6267772,32.91401088
873,4821,158.8920876,34.05189024
873,4822,168.53699592,35.058096
873,4823,178.53699624,37.5928128
873,4824,189.1735104,38.40918912
873,4825,199.88610264,38.94356448
873,4826,210.99438624,41.93145792
873,4827,223.04980536,43.79683392
873,4828,235.23537408,43.88132448
873,4829,247.42441752,43.88242176
873,4830,259.80027288,45.96067008
873,4831,272.86634784,48.03782112
873,4832,286.47627744,49.23714816
873,4833,300.3512916,51.84867456
873,4834,315.34580568,55.71658656
873,4835,331.81296096,60.5040192
873,4836,347.67493584,55.69903008
873,4837,363.18508008,56.17634688
873,4838,379.40370144,61.67591424
873,4839,397.17780864,63.11774016
873,4840,414.21308064,61.21944576
873,4841,431.62874304,64.15576704
873,4842,449.6094132,64.96336512
873,4843,467.66914848,66.37336992
873,4844,485.95788,62.9454672
873,4845,497.830602,59.4286848
879,4810,20.4388212,36.4955328
879,4811,26.45487216,36.649152
879,4812,36.77591832,36.94432032
879,4813,46.97544072,37.60159104
879,4814,57.8530212,42.1190928
879,4815,70.45613544,46.67499936
879,4816,83.01103032,40.60045728
879,4817,92.78453376,32.88987072
879,4818,101.92399224,32.91071904
879,4819,110.77459176,29.90526912
879,4820,118.61502312,27.59439744
879,4821,126.50559408,29.242512
879,4822,135.0171036,31.81453632
879,4823,144.83504688,40.02219072
879,4824,155.94851208,38.66924448
879,4825,166.46167368,35.92384992
879,4826,175.9395516,35.64294624
879,4827,187.89353328,48.71155104
879,4828,201.4991652,48.97599552
879,4829,214.43374944,39.74238432
879,4830,226.30680672,51.3636768
879,4831,240.01799088,46.16476416
879,4832,252.777498,45.92007072
879,4833,265.81053264,46.44566784
879,4834,278.18145024,43.87803264
879,4835,290.83382016,49.31286048
879,4836,304.8460248,50.36076288
879,4837,319.25352456,53.80841664
879,4838,335.50546056,60.5479104
879,4839,351.48548448,55.6430688
879,4840,366.8452404,55.10320704
879,4841,382.27412496,58.42138176
879,4842,399.09573216,59.40454464
879,4843,415.66737288,61.52558688
879,4844,433.06645416,63.11883744
879,4845,450.8462916,65.16636192
879,4846,469.57820232,69.7376304
879,4847,488.43063096,65.13563808
879,4848,499.3382952,65.8258272
887,4813,21.44554512,36.594288
887,4814,29.0201604,36.88945632
887,4815,39.5648688,38.39821632
887,4816,50.71036848,43.56530784
887,4817,63.3965712,45.04114944
887,4818,74.87689368,38.53757088
887,4819,85.51685208,37.62682848
887,4820,95.65425624,35.86349952
887,4821,105.50078976,34.23623328
887,4822,114.52573488,31.7607696
887,4823,123.57347904,33.53616864
887,4824,132.90861912,33.49008288
887,4825,142.42340832,35.0471232
887,4826,152.19163872,35.10857088
887,4827,162.136074,36.95309856
887,4828,172.55163864,37.57854816
887,4829,183.37862232,41.29503552
887,4830,195.1457616,42.57007488
887,4831,208.14194592,53.31573792
887,4832,222.74162208,47.19730464
887,4833,235.08282168,43.88132448
887,4834,247.27028016,43.92521568
887,4835,259.94602824,47.54623968
887,4836,272.989548,46.39190112
887,4837,285.68602248,45.54919008
887,4838,299.1119748,50.31467712
887,4839,312.99323736,50.0853456
887,4840,328.0832148,59.04792864
887,4841,344.16696216,55.66611168
887,4842,359.49282432,54.82230336
887,4843,374.76004296,55.2096432
887,4844,390.98076744,61.33027104
887,4845,407.41372416,57.78495936
887,4846,423.87374712,60.35369184
887,4847,440.820048,61.30722816
887,4848,457.82861952,61.31710368
887,4849,474.6828708,58.11962976
887,4850,490.15241568,55.73194848
887,4851,499.646448,57.1024512
902,4816,21.20265,38.8327392
902,4817,27.51664296,39.13558848
902,4818,37.9204728,32.7976992
902,4819,47.2811856,41.19518304
902,4820,60.24612792,48.38236704
902,4821,72.64066752,39.4088112
902,4822,83.03288448,37.31520096
902,4823,93.34832232,36.82691136
902,4824,103.63151232,36.69743232
902,4825,113.64312552,35.87995872
902,4826,123.46064208,34.14954816
902,4827,132.65709816,32.36207904
902,4828,141.15099024,28.3043376
902,4829,148.78985736,27.4265136
902,4830,156.34865352,26.87677632
902,4831,163.87782312,27.73265472
902,4832,172.19194416,32.33574432
902,4833,181.414674,33.93228672
902,4834,190.68336768,33.275016
902,4835,200.44480104,35.92823904
902,4836,210.78797568,39.77749728
902,4837,222.33020304,42.93108
902,4838,234.4710576,43.88242176
902,4839,246.65936952,43.88132448
902,4840,258.74645736,43.37657568
902,4841,270.89444424,44.63515584
902,4842,284.03723736,49.2020352
902,4843,298.15737168,53.49130272
902,4844,313.42206048,56.83252032
902,4845,330.99691992,66.92530176
902,4846,348.76630272,62.67553632
902,4847,366.15602664,61.69895712
902,4848,383.68217904,66.54125376
902,4849,401.8792572,61.94255328
902,4850,418.89657648,61.5793536
902,4851,435.65243832,59.4396576
902,4852,452.0289156,57.9747888
902,4853,467.81965872,57.41188416
902,4854,483.93428232,55.29523104
902,4855,495.9846316,55.8716688
909,4818,21.3917784,36.5613696
909,4819,28.39269912,33.92680032
909,4820,37.5641616,33.00289056
909,4821,47.43660312,38.89747872
909,4822,58.53110976,39.86527968
909,4823,69.26247768,38.38504896
909,4824,80.23994112,39.77420544
909,4825,90.8400012,36.3528864
909,4826,100.82625504,35.89970976
909,4827,110.79315408,35.62209792
909,4828,120.44239056,33.88839552
909,4829,129.74424648,32.87560608
909,4830,138.5212368,30.5427888
909,4831,146.9591676,29.5771824
909,4832,155.04218928,29.26226304
909,4833,163.1417616,29.599128
909,4834,171.8730624,32.8854816
909,4835,181.1155128,34.78816512
909,4836,191.07844944,35.76364704
909,4837,201.36231,38.36420064
909,4838,212.24723616,40.18019904
909,4839,223.43610888,39.7764
909,4840,234.67518216,42.51082176
909,4841,246.81323256,43.88242176
909,4842,259.0089816,43.9021728
909,4843,271.17937128,43.7924448
909,4844,283.42827744,44.8403472
909,4845,296.51489592,49.38967008
909,4846,310.79879928,53.78537376
909,4847,326.92872384,63.0332496
909,4848,344.33761968,60.56217504
909,4849,361.09470072,60.31967616
909,4850,378.02536536,63.54019296
909,4851,396.5574492,66.74644512
909,4852,414.80335632,65.57016096
909,4853,432.95047776,65.5131024
909,4854,450.7737492,60.66202752
909,4855,467.12072184,62.89499232
909,4856,484.21637472,51.78722688
909,4857,496.144383085714,55.9785229714286
914,4821,24.5649157333333,41.1492192
914,4822,35.5180392,40.94719776
914,4823,46.6872828,42.42303936
914,4824,59.48632248,47.88200736
914,4825,71.9997036,40.29431616
914,4826,82.64569704,38.1085344
914,4827,93.03389064,36.86421888
914,4828,103.29449496,37.30861728
914,4829,113.74974456,38.02514112
914,4830,124.26583224,36.7533936
914,4831,133.926072,33.19162272
914,4832,143.03145384,32.36976
914,4833,151.8655332,30.861
914,4834,160.02280416,28.0958544
914,4835,168.00710112,31.00145184
914,4836,177.07672992,33.79183488
914,4837,187.19035968,38.35981152
914,4838,197.86052376,38.39821632
914,4839,208.60978344,39.74787072
914,4840,219.92161248,40.72225536
914,4841,230.98954056,40.3634448
914,4842,242.85409392,43.8857136
914,4843,255.05520744,44.14467168
914,4844,267.36123312,44.09309952
914,4845,279.65025096,45.77413248
914,4846,293.009574,49.28872032
914,4847,306.73459608,49.94489376
914,4848,321.58103832,59.061096
914,4849,338.55464928,59.7359232
914,4850,354.93987432,59.34529152
914,4851,371.60722224,60.76078272
914,4852,389.57298768,68.360544
914,4853,408.13274736,65.3649696
914,4854,426.473112,66.6652464
914,4855,445.02586128,66.60599328
914,4856,463.42151664,66.71133216
914,4857,482.12063088,65.53175616
914,4858,495.9316472,58.6551024
920,4822,14.4348708,41.1699456
920,4823,22.4730564,41.83489728
920,4824,34.32480816,43.06385088
920,4825,46.40019168,45.2737728
920,4826,59.74150104,49.38418368
920,4827,73.06921632,43.93618848
920,4828,84.6580476,41.79210336
920,4829,95.33424672,35.13051648
920,4830,105.0061908,34.90118496
920,4831,115.00527672,37.09245312
920,4832,125.01134256,34.0870032
920,4833,134.22898224,33.0171552
920,4834,143.31717336,32.0515488
920,4835,151.95093816,30.3507648
920,4836,160.17389352,29.74506624
920,4837,168.83643144,32.09763456
920,4838,177.82278888,32.63969088
920,4839,187.0204032,33.80280768
920,4840,197.41536336,41.63958144
920,4841,209.3950092,43.95264768
920,4842,221.674182,43.973496
920,4843,233.86502376,43.88461632
920,4844,246.05296992,43.88132448
920,4845,258.355338,44.88533568
920,4846,270.78581352,44.46507744
920,4847,283.06068864,43.94825856
920,4848,295.78380264,48.36371328
920,4849,309.46670136,49.69361664
920,4850,324.23874192,57.01686336
920,4851,340.2776532,57.78057024
920,4852,356.32698864,57.7553328
920,4853,372.37120344,57.79264032
920,4854,389.4499704,66.9999168
920,4855,408.0538956,68.08732128
920,4856,428.34726624,73.17101952
920,4857,448.5743124,74.19478176
920,4858,469.19839104,74.55578688
920,4859,488.54246208,64.78999488
920,4860,499.4198292,67.2303456
931,4825,21.4685118,38.2182624
931,4826,29.1125148,40.12862688
931,4827,40.67385312,42.77416896
931,4828,53.2147272,47.8030032
931,4829,66.49446696,45.26718912
931,4830,77.96567592,39.2387328
931,4831,88.83999504,38.94027264
931,4832,99.56298096,38.35322784
931,4833,110.02847184,37.34702208
931,4834,120.59917968,38.295072
931,4835,130.86094224,35.55077472
931,4836,140.60792808,34.8331536
931,4837,150.20425128,33.2091792
931,4838,158.85910824,30.16203264
931,4839,167.28801696,31.22090784
931,4840,176.33216448,33.20040096
931,4841,185.56230096,33.38913312
931,4842,194.9039028,33.74245728
931,4843,204.28890816,34.03104192
931,4844,213.84210216,34.52262336
931,4845,223.39822224,33.80390496
931,4846,232.74037272,36.38141568
931,4847,244.22380416,43.8857136
931,4848,256.37709456,43.30086336
931,4849,268.23576528,42.73137504
931,4850,280.31364816,43.89558912
931,4851,292.47986208,43.75623456
931,4852,304.95617952,46.9471248
931,4853,318.5412984,51.54911712
931,4854,333.73643184,54.20343744
931,4855,347.977206,51.2484624
931,4856,362.70553824,54.32523552
931,4857,378.00637632,56.8500768
931,4858,394.66561656,59.99488128
931,4859,410.812488,58.97989728
931,4860,427.5281772,60.3504
931,4861,444.30580176,60.4381824
931,4862,461.15648688,61.82733888
931,4863,479.08256736,65.5679664
931,4864,494.8775472,61.17336
938,4829,24.2233026666667,40.2445728
938,4830,34.7945964,40.8791664
938,4831,46.40616576,41.69883456
938,4832,57.98884008,41.69664
938,4833,69.48379296,40.270176
938,4834,80.7340524,41.70432096
938,4835,92.35915488,41.81295168
938,4836,103.97572296,41.83709184
938,4837,115.540536,40.25700864
938,4838,125.85810744,35.13271104
938,4839,135.66437688,35.45421408
938,4840,145.4857644,35.57710944
938,4841,155.52590688,36.48565728
938,4842,165.62838096,35.64184896
938,4843,175.10372904,33.19162272
938,4844,184.37205696,34.50067776
938,4845,194.6324784,38.40809184
938,4846,205.34869776,39.77969184
938,4847,217.10730264,43.86815712
938,4848,229.25919096,43.07262912
938,4849,241.02224592,42.15530304
938,4850,252.44642424,40.15605888
938,4851,264.0711,43.5455568
938,4852,275.67700008,40.07376288
938,4853,286.9483212,42.03021312
938,4854,299.02903872,43.89229728
938,4855,311.21860032,43.8912
938,4856,324.22258752,51.873912
938,4857,338.82903024,50.36186016
938,4858,352.6511616,49.898808
938,4859,366.47484744,50.08863744
938,4860,381.35058096,59.43087936
938,4861,398.549622,59.225688
938,4862,414.51248568,57.82446144
938,4863,431.31248256,64.986408
938,4864,449.64394704,65.233296
938,4865,466.97542368,59.9498928
938,4866,482.96248848,53.40900672
938,4867,495.9908673,52.3690596
943,4830,22.60445568,40.3140672
943,4831,30.92680632,40.02438528
943,4832,42.15999696,40.97133792
943,4833,53.5445208,40.81223232
943,4834,64.875156,40.46658912
943,4835,75.85045536,39.1235184
943,4836,87.0552996,41.14470816
943,4837,98.40568584,40.4402544
943,4838,109.23736344,36.89604
943,4839,118.85971656,33.07311648
943,4840,127.97869248,32.87341152
943,4841,137.14625352,33.50215296
943,4842,146.90393784,36.58221792
943,4843,157.01662272,35.70110208
943,4844,166.54284192,33.04129536
943,4845,175.91742312,35.93921184
943,4846,186.52519464,40.32065088
943,4847,198.39410664,43.8857136
943,4848,210.78197112,46.0418688
943,4849,223.49603256,44.35973856
943,4850,235.69687176,43.74416448
943,4851,247.67350008,42.3440352
943,4852,259.07500128,40.08034656
943,4853,270.03350616,38.58914304
943,4854,280.8075156,40.32284544
943,4855,292.64475888,43.76391552
943,4856,304.86970776,45.25621632
943,4857,318.20809104,50.88745728
943,4858,332.95577808,52.71662304
943,4859,346.8712392,48.60840672
943,4860,360.34787976,49.01659488
943,4861,374.10426576,50.72396256
943,4862,389.59709736,59.72604768
943,4863,405.55968672,55.85045472
943,4864,421.36975416,58.21399584
943,4865,437.82730824,59.93233632
943,4866,454.686924,61.14153888
943,4867,472.137486,65.45933568
943,4868,490.12748304,61.74614016
943,4869,500.1086772,59.3189568
950,4836,16.7749728,53.1412704
950,4837,24.67130448,53.17199424
950,4838,38.8667244,47.87103456
950,4839,51.7402572,46.08246816
950,4840,64.8369036,49.80115008
950,4841,79.00044144,47.60659008
950,4842,90.48960312,38.08000512
950,4843,101.4830076,45.12454272
950,4844,115.942872,50.86551168
950,4845,128.08119672,43.40071584
950,4846,141.44643288,49.97122848
950,4847,155.46494688,52.37536896
950,4848,170.61722544,55.4016672
950,4849,185.8542384,53.66577024
950,4850,201.67308408,62.7699024
950,4851,219.75991608,65.41215264
950,4852,236.210094,50.63179104
950,4853,251.02346544,59.20593696
950,4854,267.56615016,59.62729248
950,4855,284.791404,62.87304672
950,4856,301.10180064,57.42944064
950,4857,317.295106666667,62.4998496
950,4860,380.44239888,79.77883968
950,4861,393.73277616,59.98500576
950,4865,466.62277008,80.31211776
950,4866,490.587792,69.56316288
950,4867,502.0016376,77.5338048
951,4833,25.10497392,44.247816
951,4834,38.08189488,48.26276352
951,4835,51.48769992,48.25947168
951,4836,63.88632384,37.32288192
951,4837,75.31041072,46.89335808
951,4838,86.91929784,38.40260544
951,4839,97.6269828,38.93807808
951,4840,108.40108368,38.27202912
951,4841,118.7804076,36.19158624
951,4842,128.61892488,34.89679584
951,4843,138.18531672,33.988248
951,4844,147.83101752,36.6162336
951,4845,158.39078304,38.40041088
951,4846,169.05613128,38.40041088
951,4847,179.75607432,39.22117632
951,4848,191.2453884,43.35463008
951,4849,203.44711152,44.8622928
951,4850,216.60072504,47.66913504
951,4851,229.21971936,44.49141216
951,4852,241.48429224,43.88242176
951,4853,253.67492064,43.89888096
951,4854,265.79742624,42.38682912
951,4855,276.88986024,38.43113472
951,4856,287.5416144,38.27202912
951,4857,298.1890404,38.40918912
951,4858,308.90589984,39.76213536
951,4859,320.84348328,47.20608288
951,4860,334.93088208,51.14092896
951,4861,348.510606,47.539656
951,4862,361.86337584,49.0319568
951,4863,375.58928184,50.282856
951,4864,390.76262208,58.02306912
951,4865,406.44747768,55.72097568
951,4866,422.5323528,59.80066272
951,4867,439.24414056,60.11777664
951,4868,455.94739392,60.47219808
951,4869,473.28819744,64.46300544
951,4870,491.07452712,62.47034496
951,4871,500.3356008,61.5354624
955,4833,16.9288968,40.654224
955,4834,23.59676256,40.33272096
955,4835,35.2077528,44.32901472
955,4836,48.04443528,46.64647008
955,4837,60.72947976,43.49727648
955,4838,71.90134464,38.03501664
955,4839,82.63697976,38.4486912
955,4840,92.99832048,37.07599392
955,4841,103.27242744,36.55698048
955,4842,113.55945792,38.13486912
955,4843,124.23108504,38.14255008
955,4844,134.36830632,34.74646848
955,4845,143.90693088,34.25817888
955,4846,153.54418872,35.61990336
955,4847,163.70679984,35.7823008
955,4848,173.16193968,34.8331536
955,4849,183.66031848,41.28954912
955,4850,196.0325772,44.94129696
955,4851,208.47625056,46.74083616
955,4852,221.50139088,46.03309056
955,4853,234.68475288,48.81908448
955,4854,248.47527648,50.25103488
955,4855,262.11983136,48.3461568
955,4856,276.17397648,54.80255232
955,4857,290.34802992,45.37033344
955,4858,303.99224952,54.67855968
955,4859,320.07965448,60.63788736
955,4861,355.35278688,45.64245888
955,4862,366.78223824,60.3119952
955,4863,384.152013,63.98514
955,4864,402.18164928,62.69528736
955,4865,420.25327176,68.22667584
955,4866,438.05301264,61.49266848
955,4867,457.52211264,74.42740512
955,4868,476.58430464,63.43595136
955,4869,493.30761384,61.12178784
955,4870,505.0281492,76.5462528
961,4835,23.3131995,40.3620732
961,4836,33.40452552,40.242744
961,4837,44.43310392,40.2043392
961,4838,56.45081928,45.74670048
961,4839,68.81189184,41.19957216
961,4840,79.34102496,35.83058112
961,4841,88.93268472,33.58335168
961,4842,98.17985952,33.72928992
961,4843,107.61552264,34.27792992
961,4844,117.48951864,36.93225024
961,4845,127.66846704,35.56174752
961,4846,137.4125268,34.74976032
961,4847,146.88223608,33.22454112
961,4848,156.028644,32.9184
961,4849,165.17011416,32.90523264
961,4850,174.31051752,32.81196384
961,4851,183.88257864,37.14402528
961,4852,194.50616928,38.45527488
961,4853,205.78788408,44.26646976
961,4854,218.6388312,45.79278624
961,4855,231.39839928,48.00161088
961,4856,245.06160792,49.36333536
961,4857,258.90105192,50.40245952
961,4858,272.77554792,49.35675168
961,4859,286.47258936,49.2459264
961,4860,300.16798488,49.38198912
961,4861,313.87840704,49.5257328
961,4862,328.65681792,56.8171584
961,4863,343.81555824,52.49058336
961,4864,358.62902112,54.16283808
961,4865,373.82141136,55.45323936
961,4866,390.04667736,60.22531008
961,4867,406.03084656,56.21584896
961,4868,422.12120808,59.35845888
961,4869,438.78102744,59.83577568
961,4870,455.38951848,59.86979136
961,4871,472.59593568,64.53323136
961,4872,489.97715568,59.83248384
961,4873,499.8716952,59.80176
967,4836,14.18472144,40.0616928
967,4837,22.53298008,40.06388736
967,4838,33.63577728,39.67545024
967,4839,44.5661796,39.22995456
967,4840,55.44028536,38.85687936
967,4841,66.58877208,45.67647456
967,4842,80.73956928,46.81984032
967,4843,91.110054,33.02703072
967,4844,100.24753128,32.91071904
967,4845,109.38973296,32.91620544
967,4846,118.77315336,35.79107904
967,4847,128.82941976,35.80205184
967,4848,139.06673736,37.88688384
967,4849,149.70431832,38.3993136
967,4850,160.36009584,37.7628912
967,4851,170.4158136,34.87814208
967,4852,179.81581512,33.7303872
967,4853,189.92978016,38.45746944
967,4854,200.74256016,40.34040192
967,4855,212.8305624,45.8882496
967,4856,225.33351936,43.94496672
967,4857,237.52192272,43.87803264
967,4858,249.71267304,44.16552
967,4859,262.3959192,46.3491072
967,4860,274.9573368,44.36083584
967,4861,287.19679416,45.1036944
967,4862,300.55224624,49.96025568
967,4863,314.34231264,49.72434048
967,4864,329.16488904,56.8720224
967,4865,344.35916904,52.18444224
967,4866,359.07814392,54.21770208
967,4867,374.118378,54.41192064
967,4868,390.29371776,60.71140512
967,4869,406.47634224,56.95212384
967,4870,422.17704744,56.071008
967,4871,437.9948568,57.5962272
967,4872,454.02980568,58.10536512
967,4873,470.71760568,62.95205088
967,4874,487.96297632,60.1474032
967,4875,498.9121848,62.325504
975,4885,483.54733872,43.91095104
975,4886,492.89811504,46.78143552
975,4887,500.6269896,49.6628928
977,4839,20.7436974,40.709088
977,4840,28.57618872,40.791384
977,4841,39.2655552,35.87227776
977,4842,49.39536984,38.75812416
977,4843,60.65139,41.20176672
977,4844,71.72474352,38.10633984
977,4845,81.65735256,33.4066896
977,4846,90.80522352,32.89206528
977,4847,99.94282272,32.91181632
977,4848,109.15220232,35.06467968
977,4849,120.48262416,44.49360672
977,4850,132.85704696,44.38717056
977,4851,144.67216176,42.1190928
977,4852,156.23106168,41.45414112
977,4853,168.25465968,41.03059104
977,4854,178.18406832,34.72671744
977,4855,189.09231168,41.25882528
977,4856,199.99854336,38.8656576
977,4857,211.70777064,45.58759488
977,4858,224.26455528,44.0612784
977,4859,236.45490936,43.87912992
977,4860,248.64309936,43.9515504
977,4861,261.08899776,45.41751648
977,4862,273.465798,44.13040704
977,4863,285.90307056,44.61101568
977,4864,298.1738004,45.27157824
977,4865,311.4432684,49.32712512
977,4866,325.6373472,53.91375552
977,4867,340.67614872,52.04508768
977,4868,354.84441096,51.01364448
977,4869,368.950494,50.29712064
977,4870,383.54465328,57.43821888
977,4871,399.86596176,57.75423552
977,4872,416.18074752,59.80834368
977,4873,433.02762264,62.7424704
977,4874,450.45633048,60.10241472
977,4875,466.6341696,57.77508384
977,4876,482.44533432,54.47666016
977,4877,495.5042541,51.6242808
988,4842,17.38679784,37.32727104
988,4843,27.7529544,37.36457856
988,4844,38.35606248,39.06975168
988,4845,49.26409248,39.93660288
988,4846,61.7515656,48.86626752
988,4847,73.52318544,36.0511344
988,4848,83.18866776,33.79732128
988,4849,92.57157,34.62247584
988,4850,102.57534984,36.6272064
988,4851,112.81001568,37.05295104
988,4852,123.20741424,38.24898624
988,4853,134.4850752,42.2343072
988,4854,145.55074776,37.62682848
988,4855,156.15595896,38.67473088
988,4856,166.91174136,39.10376736
988,4857,177.76310904,39.42197856
988,4858,188.25030168,32.19529248
988,4859,198.11027688,42.90803712
988,4860,210.3115428,44.24562144
988,4861,222.5891916,43.95813408
988,4862,234.77975904,43.88461632
988,4863,246.9675528,43.93838304
988,4864,259.37251656,45.21451968
988,4865,271.56226104,42.9146208
988,4866,283.14917208,40.68933696
988,4867,294.91865832,43.72880256
988,4868,307.1030688,43.91643744
988,4869,319.78143816,49.36552992
988,4870,334.51080672,52.83293472
988,4871,348.45241968,49.36882176
988,4872,362.164884,49.3556544
988,4873,375.89024136,49.97122848
988,4874,390.27085776,52.57836576
988,4875,404.31153072,48.84322464
988,4876,418.01168112,50.07656736
988,4877,431.95774416,49.78798272
988,4878,445.65694968,49.50598176
988,4879,459.55817664,50.7656592
988,4880,474.2014392,53.00301312
988,4881,487.94359104,49.1965488
988,4882,498.0704034,54.699408
998,4846,21.9937148571429,38.3436658285714
998,4847,31.05418224,39.1838688
998,4848,41.80655088,38.70764928
998,4849,53.199792,44.28402624
998,4850,65.96426736,43.5675024
998,4851,76.58980872,35.7877872
998,4852,86.61141936,35.2446336
998,4853,96.30680256,35.9523792
998,4854,106.72337304,39.31663968
998,4855,118.14374136,41.641776
998,4856,129.46785384,39.89490624
998,4857,140.79345984,42.33964608
998,4858,152.81336976,43.34036544
998,4859,164.667438,42.77965536
998,4860,176.54875536,42.5250864
998,4861,188.49213,43.62126912
998,4862,200.67830832,43.97678784
998,4863,213.24228624,46.34800992
998,4864,225.79114608,43.95593952
998,4865,237.9799152,43.87803264
998,4866,250.16880624,43.77488832
998,4867,262.16238144,42.84988128
998,4868,274.22511576,43.86267072
998,4869,286.41473832,43.82316864
998,4870,298.57196064,43.8308496
998,4871,310.8565284,45.784008
998,4872,324.69527136,54.13540608
998,4873,339.58155096,50.5955808
998,4874,353.41313112,49.88893248
998,4875,367.19115792,49.36882176
998,4876,381.07921752,52.08678432
998,4877,396.0386796,52.68809376
998,4878,410.0120832,49.3337088
998,4879,423.4225212,47.32897824
998,4880,436.38950568,45.29132928
998,4881,449.13203544,47.77886304
998,4882,462.71712384,49.70897856
998,4883,477.10127592,53.05239072
998,4884,491.60274552,52.1317728
998,4885,500.2626012,51.8025888
1004,4848,24.68508144,40.70799072
1004,4849,36.23755008,39.66557472
1004,4850,47.33973768,43.9680096
1004,4851,59.92822152,41.93036064
1004,4852,69.53106744,37.55660256
1004,4853,81.8355996,40.63557024
1004,4854,92.22842616,37.68717888
1004,4855,102.94367016,38.55073824
1004,4856,113.61045096,39.694104
1004,4857,125.21281536,42.98923584
1004,4858,137.28192,43.9296048
1004,4859,149.47596216,43.88351904
1004,4860,161.66592,43.87912992
1004,4861,173.94597672,44.95446432
1004,4862,186.35490288,43.93179936
1004,4863,198.54571416,43.87912992
1004,4864,210.97042896,46.10331648
1004,4865,223.6473048,44.29060992
1004,4866,235.84415112,43.88132448
1004,4867,248.0338956,43.80561216
1004,4868,259.88775048,41.28516
1004,4869,271.11432696,40.14069696
1004,4870,282.18874728,40.09351392
1004,4871,293.8491456,43.48081728
1004,4872,306.03392184,44.00970624
1004,4873,318.79379472,50.08754016
1004,4874,333.94457976,55.12076352
1004,4875,348.45686976,51.31539648
1004,4876,362.91094296,52.53447456
1004,4877,377.29314432,51.56008992
1004,4878,392.27269272,54.5787072
1004,4879,406.6472436,49.64533632
1004,4880,420.33974352,48.73898304
1004,4881,433.71168528,47.100744
1004,4882,446.3073624,44.47385568
1004,4883,458.77538928,46.2338928
1004,4884,472.43935992,51.15299904
1004,4885,486.1534092,48.39663168
1004,4886,497.2464528,51.5337552
1008,4850,22.9917752,42.1245792
1008,4851,32.28569616,41.70871008
1008,4852,43.56174168,40.7200608
1008,4853,55.18364376,42.31879776
1008,4854,68.07945744,50.5955808
1008,4855,82.22260416,49.61790432
1008,4856,94.38128952,38.75483232
1008,4857,105.002076,37.883592
1008,4858,115.56464568,38.40041088
1008,4859,126.22944528,38.322504
1008,4860,136.90082856,38.65607712
1008,4861,147.99865752,40.41391968
1008,4862,159.27805584,42.5086272
1008,4863,171.41744736,43.89010272
1008,4864,183.61011792,43.8966864
1008,4865,195.80327616,43.88790816
1008,4866,208.22241312,46.88238528
1008,4867,221.4336948,45.69732288
1008,4868,233.71021584,43.88461632
1008,4869,245.89880208,43.88351904
1008,4870,258.1342056,44.35644672
1008,4871,270.41392704,43.87583808
1008,4872,282.59583816,43.78915296
1008,4873,294.75507216,43.86705984
1008,4874,306.94719408,43.8747408
1008,4875,319.23861984,46.3271616
1008,4876,333.26825904,52.07361696
1008,4877,347.1972228,48.97928736
1008,4878,360.79081512,49.17789504
1008,4879,374.50175544,49.83955488
1008,4880,389.04211752,54.19356192
1008,4881,403.44778848,49.59815328
1008,4882,417.4833408,51.67969344
1008,4883,431.72219472,50.20275456
1008,4884,445.39024968,48.7411776
1008,4885,458.62335504,46.57295232
1008,4886,471.70628544,48.02575104
1008,4887,484.22411664,43.44899616
1008,4888,496.019328,49.82337
1013,4853,25.54986,38.65059072
1013,4854,36.69874296,41.34770496
1013,4855,48.55070808,46.34471808
1013,4856,62.66331384,52.17456672
1013,4857,75.90361248,43.781472
1013,4858,87.91187904,41.87878848
1013,4859,99.6080304,43.16809248
1013,4860,111.43113096,41.80417344
1013,4861,123.26285736,43.6882032
1013,4862,135.44806032,43.97020416
1013,4863,147.64734504,43.88351904
1013,4864,159.8427588,44.3465712
1013,4865,172.81583928,48.18375936
1013,4866,185.82494712,47.09306304
1013,4867,199.38269496,49.39625376
1013,4868,213.5015796,52.40719008
1013,4869,227.6785896,49.02208128
1013,4870,240.6993408,44.60004288
1013,4871,252.92252184,44.35096032
1013,4872,265.44913128,44.98518816
1013,4873,277.72010496,43.88132448
1013,4874,289.88668464,43.76281824
1013,4875,302.06902248,43.89010272
1013,4876,314.25462168,43.94716128
1013,4877,327.11916288,49.18228416
1013,4878,340.33169424,45.72694944
1013,4879,353.4402888,48.37139424
1013,4880,367.02260352,49.34907072
1013,4881,380.89389912,51.84538272
1013,4882,395.74643736,52.39073088
1013,4883,409.69317096,49.37979456
1013,4884,423.48762648,49.93392096
1013,4885,437.28016176,49.24153728
1013,4886,450.47431368,45.52175808
1013,4887,462.8871108,45.0598032
1013,4888,475.88929968,46.77924096
1013,4889,488.3222136,44.7251328
1013,4890,498.05094192,48.55464
1018,4855,20.553045,42.24528
1018,4856,28.94566728,43.25038848
1018,4857,41.0853636,43.1340768
1018,4858,53.01392496,44.32791744
1018,4859,68.63358384,67.85360064
1018,4860,84.98110512,47.31142176
1018,4861,97.7290908,46.34691264
1018,4862,110.62697712,45.67757184
1018,4863,123.18687072,44.9500752
1018,4864,135.588756,44.39265696
1018,4865,148.017738,45.66769632
1018,4866,161.03922072,48.36919968
1018,4867,174.6955104,49.3776
1018,4868,188.41221144,49.38089184
1018,4869,202.25951928,51.69176352
1018,4870,217.3329156,54.40094784
1018,4871,232.11211896,51.79051872
1018,4872,245.97990936,49.09011264
1018,4873,259.41095184,47.56050432
1018,4874,272.20496232,44.52542784
1018,4875,284.44688856,44.16222816
1018,4876,296.74556856,44.03604096
1018,4877,308.93787336,43.87803264
1018,4878,321.31921512,46.86812064
1018,4879,334.78168248,46.86702336
1018,4880,347.18804832,44.21818944
1018,4881,359.49489696,44.08102944
1018,4882,371.92269024,46.52357472
1018,4883,385.86741216,54.22648032
1018,4884,400.84564992,50.85014976
1018,4885,414.51815496,49.03415136
1018,4886,428.13667992,49.0264704
1018,4887,441.7545648,49.07255616
1018,4888,455.3440728,48.1760784
1018,4889,468.60384816,48.45149568
1018,4890,481.74353232,44.23464864
1018,4891,493.98847608,44.6702688
1018,4892,500.6440584,43.177968
1033,4859,25.5788498666667,44.1326016
1033,4860,37.9312932,48.76641504
1033,4861,51.4793484,48.774096
1033,4862,64.66191792,43.67284128
1033,4863,77.38640352,51.27808896
1033,4864,91.49925312,49.10218272
1033,4865,105.04136472,48.6808272
1033,4866,118.59118776,48.47892768
1033,4867,132.02369328,49.06816704
1033,4868,145.54510896,47.75801472
1033,4869,158.99858472,49.32602784
1033,4870,172.7132436,49.37979456
1033,4871,186.43354128,49.6958112
1033,4872,200.61683016,52.77697344
1033,4873,215.93488944,55.93713984
1033,4874,231.06500904,55.19757312
1033,4875,246.511572,54.77841216
1033,4876,261.40696512,51.75650304
1033,4877,275.2994748,47.978568
1033,4878,287.92712544,43.79902848
1033,4879,300.0890112,43.89010272
1033,4880,312.27890808,43.86705984
1033,4881,325.00250976,49.49500896
1033,4882,338.57251056,45.32534496
1033,4883,350.86710624,44.38826784
1033,4884,363.1445112,43.91204832
1033,4885,375.34065648,44.40582432
1033,4886,388.43794296,49.6299744
1033,4887,402.04451976,48.18046752
1033,4888,415.50232368,48.97380096
1033,4889,429.2044248,49.3776
1033,4890,442.91987616,49.23605088
1033,4891,456.46875432,48.45369024
1033,4892,470.07469104,50.30260704
1033,4893,484.00819632,48.11682528
1033,4894,495.9758432,43.415712
1038,4861,22.8198045,46.2105756
1038,4862,34.53073104,47.951136
1038,4863,48.08637576,49.10766912
1038,4864,61.6383324,48.82566816
1038,4865,75.71613,52.18444224
1038,4866,90.07882416,50.41782144
1038,4867,103.87779072,50.19178176
1038,4868,117.84948744,49.679352
1038,4869,131.55951336,49.37869728
1038,4870,145.32809136,50.45951808
1038,4871,159.97370088,53.711856
1038,4872,174.2386152,49.42258848
1038,4873,188.22826464,51.96059712
1038,4874,201.44433168,36.72705888
1038,4875,215.54239848,75.74414112
1038,4876,234.96455928,58.59804384
1038,4877,251.20604064,55.62551232
1038,4878,266.26102704,52.916328
1038,4879,280.3943592,49.36004352
1038,4880,293.5227048,44.7306192
1038,4881,305.7340596,43.87803264
1038,4882,317.95925232,45.16733664
1038,4883,331.46018544,50.0963184
1038,4884,344.74413144,45.8553312
1038,4885,357.18859728,44.19404928
1038,4886,369.21329256,41.42012544
1038,4887,380.29310784,41.2687008
1038,4888,392.74479744,46.21523904
1038,4889,405.233124,44.74049472
1038,4890,418.25744136,49.24702368
1038,4891,432.03851616,48.45807936
1038,4892,445.46760792,48.57439104
1038,4893,458.78331408,47.74155552
1038,4894,472.5803604,51.99790464
1038,4895,486.7357296,48.97270368
1038,4896,497.4783548,48.0114864
1041,4863,24.1865912,49.04232
1041,4864,37.57571352,52.21297152
1041,4865,52.34165808,56.95761024
1041,4866,68.6932332,55.65513888
1041,4867,83.20250568,52.29197568
1041,4868,98.140266,54.45032544
1041,4869,113.29123392,54.44044992
1041,4870,128.22195336,52.80001632
1041,4871,142.54602936,51.42622176
1041,4872,157.0491144,52.65188352
1041,4873,171.86797224,52.43681664
1041,4874,186.04818264,51.1277616
1041,4875,200.23354416,51.07728672
1041,4876,215.0025672,54.5457888
1041,4877,229.9019532,53.23563648
1041,4878,244.714776,53.98946784
1041,4879,259.80301608,53.7776928
1041,4880,274.54293072,52.27003008
1041,4881,288.27136656,46.4643216
1041,4882,301.24170384,47.80958688
1041,4883,314.57746584,47.19181824
1041,4884,328.24774584,51.4569456
1041,4885,341.66546856,44.34986304
1041,4886,353.56217832,46.20426624
1041,4887,367.08987288,46.70901504
1041,4888,379.95417024,46.661832
1041,4889,392.72754576,44.4178944
1041,4890,404.37367944,40.82649696
1041,4891,416.06169264,42.217848
1041,4892,427.7077044,43.1011584
1041,4893,440.93620728,51.37684416
1041,4894,455.23227216,51.462432
1041,4895,469.53086688,51.48876672
1041,4896,483.80169432,50.28614784
1041,4897,495.940858933333,42.982896
1046,4865,21.9622116,43.9899552
1046,4866,31.73998224,44.43764544
1046,4867,45.93759672,58.91076864
1046,4868,61.40116752,41.01742368
1046,4869,73.7213664,63.06726528
1046,4870,91.14196656,54.7652448
1046,4871,106.03629288,54.72574272
1046,4872,121.28561976,55.0779696
1046,4873,136.7611692,56.04467328
1046,4874,152.32096536,55.80875808
1046,4875,168.0525468,57.73997088
1046,4876,184.00574832,57.65218848
1046,4877,200.3989896,59.53731552
1046,4878,217.16399544,61.87781376
1046,4879,233.72393184,54.86838912
1046,4880,248.13795432,51.31100736
1046,4881,262.52890344,51.43280544
1046,4882,276.53034864,49.89771072
1046,4883,290.01463968,47.60329824
1046,4884,303.436782,48.80481984
1046,4885,317.00199744,48.68960544
1046,4886,330.50259528,48.55134816
1046,4887,342.90798576,39.57559776
1046,4888,354.2344452,43.31841984
1046,4889,366.2069892,43.0462944
1046,4890,378.47966976,45.05760864
1046,4891,391.00067088,45.07516512
1046,4892,403.51734384,45.0543168
1046,4893,416.03490072,45.070776
1046,4894,428.55233568,45.0543168
1046,4895,441.06577776,45.04114944
1046,4896,453.54614904,43.88351904
1046,4897,465.12528768,42.50423808
1046,4898,477.74010624,45.27048096
1046,4899,490.67240448,47.39920416
1046,4900,498.9540186,35.4531168
1070,4870,25.16501952,43.3864512
1070,4871,34.18548408,41.11727616
1070,4872,45.6172824,41.16226464
1070,4873,58.4135484,50.19068448
1070,4874,72.29127528,47.04149088
1070,4875,84.98217192,46.16586144
1070,4876,97.9807032,48.28141728
1070,4877,111.60895128,49.73202144
1070,4878,125.60622072,49.87357056
1070,4879,139.3303284,50.14789056
1070,4880,153.57585744,51.53046336
1070,4881,167.87167848,51.39220608
1070,4882,181.84349712,51.06521664
1070,4883,196.86989328,55.3797216
1070,4884,211.74337128,52.09117344
1070,4885,227.5397532,58.8745584
1070,4886,243.16992768,55.8570384
1070,4887,258.29337216,54.79926048
1070,4888,273.72042792,53.8325568
1070,4889,287.9584284,47.36299392
1070,4890,301.76562456,54.54469152
1070,4891,317.05515456,56.50882272
1070,4892,333.74850192,60.23628288
1070,4893,349.38397992,54.36802944
1070,4894,364.36255296,52.58933856
1070,4895,378.51697728,51.3197856
1070,4896,393.44202744,53.71514784
1070,4897,407.5557,49.3721136
1070,4898,421.27279728,49.38089184
1070,4899,434.98873632,49.37540544
1070,4900,448.70296848,49.41819936
1070,4901,462.55814016,50.58570528
1070,4902,477.03909672,52.51252896
1070,4903,491.3266272,51.3856224
1070,4904,499.8710856,51.0564384
1072,4905,388.2870568,40.3469856
1072,4906,395.31895536,36.90920736
1072,4907,404.94972096,35.06797152
1072,4908,416.20589352,45.24414624
1072,4909,428.21562312,40.38758496
1072,4910,439.31805456,40.14289152
1072,4911,450.31033128,39.40990848
1072,4912,461.35866072,39.69629856
1072,4913,473.23497936,46.14391584
1072,4914,485.96373216,44.47714752
1072,4915,496.240046742857,43.4977467428571
1074,4872,21.5370537,41.8036248
1074,4873,31.9957704,41.91829056
1074,4874,43.5815232,42.86853504
1074,4875,56.4579516,48.50087328
1074,4876,69.20919864,41.504616
1074,4877,80.26688544,40.83856704
1074,4878,92.04039504,43.46106624
1074,4879,104.26906248,44.15783904
1074,4880,116.6155656,45.75986784
1074,4881,129.89073336,49.10108544
1074,4882,143.47054872,49.14058752
1074,4883,157.7946552,53.66686752
1074,4884,172.89783048,55.77145056
1074,4885,188.655198,57.5633088
1074,4886,205.61881152,62.9783856
1074,4887,222.46471128,57.32958816
1074,4888,238.56906312,62.46156672
1074,4889,253.9209552,46.1735424
1074,4890,267.98842008,54.8036496
1074,4891,283.55946336,56.34313344
1074,4892,298.98429408,55.40495904
1074,4893,314.27053224,55.2864528
1074,4894,330.70964592,61.95023424
1074,4895,346.85926056,54.93093408
1074,4896,362.05811256,54.01031616
1074,4897,376.50167016,50.97633696
1074,4898,391.36359624,54.83876256
1074,4899,405.65972208,48.89699136
1074,4900,418.91105448,45.95189184
1074,4901,431.42181432,44.4562992
1074,4902,444.86099496,51.93316512
1074,4903,457.89552312,41.99071104
1074,4904,470.24821368,48.63254688
1074,4905,483.83116848,47.99941632
1074,4906,495.8742432,48.5038908
1080,4873,15.044674,42.2672256
1080,4874,24.30091152,40.45012992
1080,4875,35.21269056,38.9424672
1080,4876,46.62239088,46.20207168
1080,4877,60.69424488,52.1208
1080,4878,74.37055992,44.48043936
1080,4879,86.4792276,44.43654816
1080,4880,98.95136928,46.06052256
1080,4881,111.8727252,46.66512384
1080,4882,124.89268392,46.90652544
1080,4883,138.05858088,48.27263904
1080,4884,151.76071248,50.48365824
1080,4885,166.0114536,51.55350624
1080,4886,180.49612872,53.69210496
1080,4887,195.6703224,53.91156096
1080,4888,210.37756248,52.63871616
1080,4889,223.92125904,44.17759008
1080,4890,241.04245416,74.28256416
1080,4891,259.00300752,59.4122256
1080,4892,275.36951784,59.94879552
1080,4893,292.198044,60.77614464
1080,4894,309.0073068,60.35478912
1080,4895,326.43311904,65.919096
1080,4896,344.12944128,59.60863872
1080,4897,360.06593976,55.65513888
1080,4898,375.3662292,55.8350928
1080,4899,391.61981112,59.35626432
1080,4900,407.3260332,54.46459008
1080,4901,422.10666912,51.12117792
1080,4902,435.57882912,46.35020448
1080,4903,447.9941256,43.65747936
1080,4904,460.15369488,44.40582432
1080,4905,473.25021936,49.73202144
1080,4906,486.61874736,46.7221824
1080,4907,497.2497548,48.682656
1088,4875,18.76044,42.9694848
1088,4876,25.25392968,43.15382784
1088,4877,37.55422512,44.86009824
1088,4878,49.87844736,44.22477312
1088,4879,62.218062,44.03823552
1088,4880,73.9446324,40.8297888
1088,4881,85.84140312,45.2518272
1088,4882,98.54232768,45.87837408
1088,4883,111.22054464,46.003464
1088,4884,124.55435592,49.27116384
1088,4885,138.2735868,49.45660416
1088,4886,152.03997024,50.74481088
1088,4887,166.84572168,54.84973536
1088,4888,182.0846244,55.00116
1088,4889,197.7966072,58.25130336
1088,4890,214.03568064,58.39943616
1088,4891,229.94011416,54.34608384
1088,4892,244.67097624,55.36655424
1088,4893,260.37073656,55.31278752
1088,4894,275.59519176,54.8694864
1088,4895,291.27395136,58.3862688
1088,4896,307.77512232,59.7798144
1088,4897,324.85891848,64.75817376
1088,4898,342.28997328,58.32811296
1088,4899,358.21184136,57.57318432
1088,4900,374.37316032,58.82956992
1088,4901,391.4116632,62.68650912
1088,4902,407.64692664,54.54469152
1088,4903,421.98042096,48.97050912
1088,4904,435.2176716,46.68158304
1088,4905,447.96559632,44.44093728
1088,4906,460.07008824,42.73247232
1088,4907,472.1408388,45.10040256
1088,4908,484.43878728,43.98666336
1088,4909,495.7809363,45.0460872
1095,4877,20.1329544,44.2313568
1095,4878,27.05825424,44.09309952
1095,4879,39.5796516,44.90508672
1095,4880,51.71995752,41.888664
1095,4881,62.53986984,37.55331072
1095,4882,73.33085664,40.6761696
1095,4883,85.39304232,45.75767328
1095,4884,98.375724,48.94746624
1095,4885,112.7854488,53.67454848
1095,4886,127.67261232,53.38376928
1095,4887,142.76987448,55.38411072
1095,4888,158.06632344,54.47885472
1095,4889,172.98332688,52.60031136
1095,4890,187.57648032,52.42145472
1095,4891,203.42132544,62.40999456
1095,4892,220.76764584,62.31123936
1095,4893,238.58588808,65.82253536
1095,4894,256.51843032,61.21066752
1095,4895,272.37927744,54.4141152
1095,4896,287.14391136,54.4909248
1095,4897,303.36600744,60.34930272
1095,4898,319.664334,53.4210768
1095,4899,333.89139216,55.65513888
1095,4900,350.30124504,58.83834816
1095,4901,366.30205632,56.62184256
1095,4902,382.02385368,58.54208256
1095,4903,398.36040216,55.13832
1095,4904,412.71980448,49.60034784
1095,4905,425.62613376,44.04811104
1095,4906,437.5812432,42.14213568
1095,4907,449.20375488,42.34074336
1095,4908,461.06065776,42.68090016
1095,4909,474.27038496,54.48763296
1095,4910,489.47889912,49.22068896
1095,4911,498.4056834,46.0418688
1100,4880,24.2290473,49.165002
1100,4881,36.36651096,47.17974816
1100,4882,49.35815376,49.48842528
1100,4883,63.9002532,51.96608352
1100,4884,76.80798456,41.641776
1100,4885,88.7911356,45.8772768
1100,4886,101.79887184,48.25617984
1100,4887,115.747038,51.23968416
1100,4888,130.31440536,53.99605152
1100,4889,145.516854,55.18111392
1100,4890,161.2859868,58.09987872
1100,4891,177.44041728,58.16022912
1100,4892,193.59655464,58.15693728
1100,4893,209.74891248,58.11085152
1100,4894,225.8924616,58.47075936
1100,4895,243.01914312,65.0906496
1100,4896,260.81739048,61.68469248
1100,4897,277.64655672,60.25054752
1100,4898,294.37516944,60.2900496
1100,4899,311.13487176,60.48097632
1100,4900,328.80781584,66.1275792
1100,4901,346.15035672,58.402728
1100,4902,361.9076328,55.42141824
1100,4903,377.22898392,56.537352
1100,4904,393.67654056,59.21252064
1100,4905,409.20960576,52.90645248
1100,4906,422.9715696,46.40616576
1100,4907,435.257448,42.73795872
1100,4908,447.0903936,42.29026848
1100,4909,458.56925304,40.9230576
1100,4910,470.6460996,47.02064256
1100,4911,483.8393676,46.90542816
1100,4912,495.7325112,47.8359216
1121,4883,20.7437736,43.8912
1121,4884,28.68420984,44.4343536
1121,4885,41.24428632,45.81802368
1121,4886,54.00117216,45.44275392
1121,4887,66.50236128,44.62747488
1121,4888,78.65601744,43.36670016
1121,4889,90.77510928,43.35792192
1121,4890,102.83635008,43.84072512
1121,4891,115.0312152,43.918632
1121,4892,127.31544768,44.68563072
1121,4893,139.87491456,46.06052256
1121,4894,152.843484,47.77666848
1121,4895,166.46548368,49.35675168
1121,4896,180.50414496,52.95363552
1121,4897,195.62149344,54.34937568
1121,4898,210.86954016,56.12367744
1121,4899,226.07268984,53.30257056
1121,4900,240.80940408,52.47851328
1121,4901,255.36064752,52.41816288
1121,4902,269.96337168,52.86256128
1121,4903,284.85934392,53.96203584
1121,4904,299.94127464,54.81901152
1121,4905,315.20888952,56.03479776
1121,4906,332.19874632,64.300608
1121,4907,349.32094728,59.84674848
1121,4908,365.92895064,59.582304
1121,4909,382.35410448,60.17593248
1121,4910,399.12048192,57.62146464
1121,4911,414.4772508,54.3647376
1121,4912,429.48938232,53.63394912
1121,4913,444.02419704,50.84356608
1121,4914,457.7891784,48.63913056
1121,4915,471.310716,49.76603712
1121,4916,484.99797336,48.12889536
1121,4917,496.635502971429,50.5563922285714
1128,4886,26.6710837333333,53.1717504
1128,4887,40.60862592,52.30294848
1128,4888,55.7165256,58.09878144
1128,4889,71.39906472,50.40026496
1128,4890,84.16052256,44.59675104
1128,4891,96.27254304,42.7610016
1128,4892,108.22676856,44.19185472
1128,4893,121.25139072,48.37249152
1128,4894,134.76415008,49.27994208
1128,4895,148.37929176,48.27154176
1128,4896,161.89445904,49.36991904
1128,4897,175.65889176,50.7492
1128,4898,190.4742444,54.91008576
1128,4899,205.66693944,55.39508352
1128,4900,221.4964836,56.27619936
1128,4901,236.70390048,55.24475616
1128,4902,252.28213704,55.65184704
1128,4903,267.53292696,54.76414752
1128,4904,282.75771744,54.86619456
1128,4905,297.7961532,52.31940768
1128,4906,311.75443872,49.34577888
1128,4907,326.39925576,57.77618112
1128,4908,342.4501152,56.06332704
1128,4909,358.31635728,58.814208
1128,4910,374.98120584,61.21615392
1128,4911,392.55752832,62.94436992
1128,4912,409.17376128,57.98685888
1128,4913,424.91107296,55.27438272
1128,4914,439.96124352,52.93717632
1128,4915,454.20287112,49.65082272
1128,4916,467.72876736,49.09011264
1128,4917,481.21339368,45.96286464
1128,4918,494.05736088,48.4119936
1129,4887,19.7157594,45.2998332
1129,4888,31.03333392,45.25402176
1129,4889,43.86215256,47.74155552
1129,4890,57.32169384,48.5601264
1129,4891,70.87465632,48.2309424
1129,4892,83.93030712,45.6962256
1129,4893,96.04269336,42.90474528
1129,4894,108.0496188,42.78623904
1129,4895,120.06227448,44.03604096
1129,4896,132.64386984,47.3366592
1129,4897,146.19981936,49.37101632
1129,4898,159.91420392,49.36552992
1129,4899,173.62709496,49.50707904
1129,4900,187.69099368,51.80368608
1129,4901,202.3446804,55.19757312
1129,4902,218.1403308,53.20052352
1129,4903,232.5153084,56.85227136
1129,4904,249.78113112,63.40193568
1129,4905,266.28336888,56.71181952
1129,4906,282.52472832,60.20885088
1129,4907,298.82857176,56.11709376
1129,4908,314.11008552,55.16355744
1129,4909,330.24598416,59.93892
1129,4910,346.10811144,55.21403232
1129,4911,361.4656728,55.03188384
1129,4912,376.7897976,56.8500768
1129,4913,393.44967792,59.99049216
1129,4914,409.2566364,55.41922368
1129,4915,424.5097428,53.49569184
1129,4916,438.6564252,49.37101632
1129,4917,452.3716632,49.37979456
1129,4918,465.88887264,49.05719424
1129,4919,479.98477536,49.71446496
1129,4920,493.3826556,49.01878944
1129,4921,500.9415432,49.8274848
1135,4889,20.60448,47.73168
1135,4890,29.22410208,47.72509632
1135,4891,42.55599312,49.59595872
1135,4892,57.28338048,55.12954176
1135,4893,72.34604784,50.50670112
1135,4894,85.01060976,43.42046688
1135,4895,97.0685892,43.5839616
1135,4896,109.1600052,42.96509568
1135,4897,121.40095608,45.82899648
1135,4898,134.232396,46.2722976
1135,4899,147.25122696,48.13986816
1135,4900,160.84899504,49.16143584
1135,4901,175.12783872,54.39436416
1135,4902,190.4951232,55.42032096
1135,4903,205.88901672,55.41373728
1135,4904,221.26891992,55.53114624
1135,4905,237.73128984,63.97032672
1135,4906,255.29441448,59.65252992
1135,4907,271.11828936,55.87130304
1135,4908,286.5750936,55.00335456
1135,4909,301.77016608,54.87058368
1135,4910,316.88114424,54.40094784
1135,4911,332.88597888,59.07974976
1135,4912,348.48643536,54.40094784
1135,4913,363.6084168,54.7158672
1135,4914,379.01434992,58.0570848
1135,4915,396.0808944,60.99340608
1135,4916,411.81835848,52.99642944
1135,4917,426.05955936,50.42879424
1135,4918,439.8814164,49.33151424
1135,4919,453.47238744,48.86846208
1135,4920,467.39641344,52.45656768
1135,4921,481.81528224,48.36042144
1135,4922,494.45058336,45.16075296
1142,4891,19.9790304,49.6628928
1142,4892,27.66962208,51.06411936
1142,4893,42.6898308,56.18731968
1142,4894,58.27559592,54.95617152
1142,4895,72.05215968,43.71673248
1142,4896,83.92869168,43.92302112
1142,4897,96.41360448,45.6139296
1142,4898,109.154214,45.89263872
1142,4899,121.95645408,46.25144928
1142,4900,134.82227544,46.44127872
1142,4901,148.12137,49.82090112
1142,4902,162.12598512,50.47378272
1142,4903,176.36605824,52.3183104
1142,4904,190.82366712,51.352704
1142,4905,205.94583144,59.90929344
1142,4906,223.23393504,62.84451744
1142,4907,241.1039628,64.59358176
1142,4908,258.25249848,58.19643936
1142,4909,273.73908168,53.86218336
1142,4910,288.37932672,54.03774816
1142,4911,303.74886672,54.9024048
1142,4912,319.07152848,56.99711232
1142,4913,335.622138,58.64522688
1142,4914,350.90676072,53.1577296
1142,4915,365.476536,52.7133312
1142,4916,380.73061776,58.15145088
1142,4917,397.36736376,58.14376992
1142,4918,412.83541512,55.41483456
1142,4919,428.47330104,56.60648064
1142,4920,443.99502768,53.74916352
1142,4921,458.0173212,48.6972864
1142,4922,471.531696,48.3681024
1142,4923,483.8293092,41.9106096
1142,4924,495.756319466667,47.3244672
1151,4894,23.157942,45.1832472
1151,4895,34.4928444,44.92922688
1151,4896,47.19245832,49.9426992
1151,4897,62.35253976,55.50700608
1151,4898,76.24056888,45.8278992
1151,4899,89.19341064,48.03014016
1151,4900,102.80306592,49.1416848
1151,4901,116.25038472,47.80410048
1151,4902,129.56633472,48.09268512
1151,4903,142.7997144,46.6234272
1151,4904,155.69565,47.31251904
1151,4905,169.20822648,49.37540544
1151,4906,182.95370064,49.88564064
1151,4907,196.94661144,51.48108576
1151,4908,212.23717776,57.49308288
1151,4909,228.20479632,58.82408352
1151,4910,244.91326176,60.32516256
1151,4911,261.5048364,59.19057504
1151,4912,278.10994416,60.33832992
1151,4913,294.68009136,57.75423552
1151,4914,310.1510688,54.86619456
1151,4915,326.116188,60.9484176
1151,4916,342.42064104,54.90898848
1151,4917,357.42338472,54.08273664
1151,4918,372.54396408,54.12553056
1151,4919,388.14948024,58.71764736
1151,4920,403.99240512,55.02420288
1151,4921,419.23185648,54.86838912
1151,4922,434.46822936,54.58638816
1151,4923,449.30302824,51.57435456
1151,4924,463.20870528,49.87576512
1151,4925,477.4175364,50.74700544
1151,4926,490.792008,47.13585696
1151,4927,499.2712392,46.6124544
1162,4896,21.2014816,46.1186784
1162,4897,29.19795024,45.87617952
1162,4898,41.91832104,46.81874304
1162,4899,56.08240752,54.46239552
1162,4900,70.66903824,47.95223328
1162,4901,83.00722032,43.73867808
1162,4902,95.44915632,45.31876128
1162,4903,108.0945768,45.53273088
1162,4904,120.77002008,46.41823584
1162,4905,134.1360792,49.44124224
1162,4906,147.87612792,49.36991904
1162,4907,161.58972,49.36552992
1162,4908,175.30407408,49.37979456
1162,4909,188.89239336,47.95991424
1162,4910,201.885804,47.24777952
1162,4911,215.98274304,51.40427616
1162,4912,229.99519152,55.97664192
1162,4913,247.56901464,65.26950624
1162,4914,264.90719688,59.99597856
1162,4915,281.5480272,59.692032
1162,4916,298.1876688,60.32625984
1162,4917,315.06371328,61.48498752
1162,4918,332.24736192,61.90963488
1162,4919,349.0793628,58.21180128
1162,4920,364.9541088,56.63391264
1162,4921,380.0366796,54.0904176
1162,4922,395.69931528,54.96385248
1162,4923,409.91375472,49.25360736
1162,4924,422.9026848,44.48153664
1162,4925,437.3182008,57.18145536
1162,4926,452.12108712,49.98329856
1162,4927,464.63693712,41.806368
1162,4928,477.57804408,53.80402752
1162,4929,493.06267656,57.15621792
1162,4930,502.7526648,62.9180352
1163,4917,297.5339109,37.7930664
1163,4918,309.02486328,52.14494016
1163,4919,323.95893552,47.10403584
1163,4920,340.13628696,79.56596736
1163,4921,362.58834264,73.32134688
1163,4922,380.24049936,60.13423584
1163,4923,397.1860992,58.7154528
1163,4924,412.7103252,55.385208
1163,4925,428.0567004,53.98837056
1163,4926,442.29555432,52.76051424
1163,4927,456.43687224,47.99831904
1163,4928,469.9663194,58.9088484
1173,4915,259.5454296,18.1490112
1173,4916,262.55252544,18.45295776
1173,4917,268.69558656,26.31387168
1173,4918,276.833076,32.23918368
1173,4919,286.63516968,38.27532096
1173,4920,298.11137736,43.74965088
1173,4921,310.855614,48.55464
1173,4922,325.68678576,59.7853008
1173,4923,342.33895464,56.9872368
1173,4924,357.91773984,55.58930208
1173,4925,373.13216712,54.56553984
1173,4926,389.13370992,60.3833184
1173,4927,405.21081264,55.11856896
1173,4928,420.45797544,55.0669968
1173,4929,435.63527808,54.62150112
1173,4930,450.77576088,53.57579328
1173,4931,465.6213192,55.00993824
1173,4932,481.45625832,56.64817728
1173,4933,495.0754767,52.7051016
1178,4901,30.4229262,54.2824416
1178,4902,40.71103872,51.73236288
1178,4903,54.33050856,51.53594976
1178,4904,70.29184824,59.088528
1178,4905,84.92663736,46.93286016
1178,4906,97.96793208,47.375064
1178,4907,111.02114448,46.2338928
1178,4908,123.7652592,45.41971104
1178,4909,136.40412648,46.3161888
1178,4910,149.21962536,45.1146672
1178,4911,161.60581344,45.38459808
1178,4912,174.76951584,48.69399456
1178,4913,188.40675552,49.11644736
1178,4914,201.88751088,48.54147264
1178,4915,215.6118624,50.58021888
1178,4916,229.68685584,48.87504576
1178,4917,242.80346664,46.04296608
1178,4918,255.17447568,43.27452864
1178,4919,266.67000768,39.99256416
1178,4920,277.72159848,40.04303904
1178,4921,289.28144328,43.2163728
1178,4922,301.47030384,44.76244032
1178,4923,314.63205552,49.79346912
1178,4924,329.70127608,58.34018304
1178,4925,345.43770384,54.58529088
1178,4926,360.54889536,54.59187456
1178,4927,375.64783392,54.66429504
1178,4928,391.64151288,58.8800448
1178,4929,407.31182952,54.86509728
1178,4930,422.553384,54.86509728
1178,4931,437.83248984,54.6280848
1178,4932,452.80758816,53.96203584
1178,4933,467.78302176,54.19795104
1178,4934,482.5840488,50.63069376
1178,4935,495.2590425,52.2085824
1189,4903,23.1814624,53.0754336
1189,4904,34.57194,49.27116384
1189,4905,47.8923096,47.73058272
1189,4906,61.34615112,49.61022336
1189,4907,75.2805708,50.25652128
1189,4908,88.88586744,46.87799616
1189,4909,101.80018248,47.59013088
1189,4910,115.07797152,47.79532224
1189,4911,128.36447784,47.82165696
1189,4912,141.53961024,46.12306752
1189,4913,154.14903384,45.40434912
1189,4914,166.91119272,46.66073472
1189,4915,180.15139992,48.33628128
1189,4916,193.56266088,47.91053664
1189,4917,207.07724904,50.44525344
1189,4918,220.9219356,46.67390208
1189,4919,233.2576488,43.89010272
1189,4920,245.44809432,43.88900544
1189,4921,257.30813664,40.86490176
1189,4922,268.34235384,38.86236576
1189,4923,279.0239784,38.4048
1189,4924,289.67713464,38.27093184
1189,4925,300.3230976,38.4486912
1189,4926,311.34305016,41.91390144
1189,4927,323.76331488,48.34725408
1189,4928,337.3517256,46.42701408
1189,4929,350.0329296,46.69145856
1189,4930,363.38737584,49.06158336
1189,4931,377.12836944,50.55937056
1189,4932,392.05439496,54.75756384
1189,4933,406.62578568,51.68079072
1189,4934,421.12192128,52.39402272
1189,4935,435.47669064,51.1497072
1189,4936,449.64882384,51.07618944
1189,4937,463.61143752,49.68044928
1189,4938,477.85928304,51.0454656
1189,4939,491.44970544,48.8344464
1189,4940,499.8040296,50.3870976
1202,4905,23.1438704,47.841408
1202,4906,33.6688176,46.60916256
1202,4907,43.99160112,33.86425536
1202,4908,57.12457968,55.29962016
1202,4909,71.72855352,47.95881696
1202,4910,84.30231552,44.31804192
1202,4911,96.46313448,43.56969696
1202,4912,108.6753732,44.85022272
1202,4913,121.57438728,47.10952224
1202,4914,134.65737864,47.28947616
1202,4915,147.77277024,46.80228384
1202,4916,160.76029824,46.98882144
1202,4917,174.08792208,49.10986368
1202,4918,187.80117888,49.38198912
1202,4919,201.51839808,49.64423904
1202,4920,215.71077,51.72797376
1202,4921,229.67463336,49.31395776
1202,4922,242.8269972,44.27853984
1202,4923,254.17771872,38.03282208
1202,4924,264.42290016,35.359848
1202,4925,273.81451968,34.24501152
1202,4926,284.04924648,38.33786592
1202,4927,294.74516616,39.748968
1202,4928,306.4922496,43.83743328
1202,4929,318.88380216,47.49795936
1202,4930,333.4353504,53.931312
1202,4931,347.90515128,51.92548416
1202,4932,362.57855856,53.2619712
1202,4933,377.14098816,52.45656768
1202,4934,392.73242256,57.91663296
1202,4935,408.25116216,54.45361728
1202,4936,423.10863816,53.05019616
1202,4937,437.52939672,50.73932448
1202,4938,451.6230744,49.82858208
1202,4939,465.25671744,50.49902016
1202,4940,479.68378536,50.36295744
1202,4941,492.92908272,47.47820832
1202,4942,500.3310288,49.322736
1211,4907,12.7165608,44.4727584
1211,4908,19.51366176,44.46946656
1211,4909,31.87991592,45.35826336
1211,4910,45.7145136,53.85559968
1211,4911,60.96402336,55.57394016
1211,4912,74.99098032,44.15783904
1211,4913,87.2019084,44.51774688
1211,4914,99.40006536,43.48849824
1211,4915,111.49221288,44.19075744
1211,4916,124.09237056,46.1735424
1211,4917,137.3575104,49.3940592
1211,4918,150.99843816,48.85310016
1211,4919,165.00360192,51.9397488
1211,4920,179.20606272,50.19397632
1211,4921,193.01691648,49.1691168
1211,4922,206.92814088,52.89877152
1211,4923,221.58210192,48.26495808
1211,4924,234.01623504,43.88461632
1211,4925,246.20521752,43.88900544
1211,4926,258.185412,41.5430208
1211,4927,269.2630632,38.72959488
1211,4928,279.9324348,38.45308032
1211,4929,291.00027144,41.14580544
1211,4930,302.58831024,42.89377248
1211,4931,314.82005616,46.1625696
1211,4932,329.31128448,56.866536
1211,4933,344.75004456,53.77110912
1211,4934,359.48639304,52.18553952
1211,4935,373.64819352,50.42330784
1211,4936,388.42581192,56.19280608
1211,4937,403.57434144,52.05276864
1211,4938,417.82191264,51.22212768
1211,4939,432.16424616,50.92147296
1211,4940,446.19891456,50.98182336
1211,4941,460.27595016,50.090832
1211,4942,474.58521288,52.1646912
1211,4943,488.249976,48.08390688
1211,4944,497.8089612,49.542192
1217,4911,26.52275112,45.25950816
1217,4912,39.10986336,45.26170272
1217,4913,51.87199176,48.81359808
1217,4914,66.46703496,54.07615296
1217,4915,81.05741472,48.21119136
1217,4916,93.3187872,43.06055904
1217,4917,105.34552464,43.45667712
1217,4918,118.42662624,51.21883584
1217,4919,132.4730904,48.90796416
1217,4920,145.36448448,43.88461632
1217,4921,156.92725536,40.78150848
1217,4922,169.91606352,51.30771552
1217,4923,183.51471552,45.80156448
1217,4924,196.12578504,47.69546976
1217,4925,211.12188408,59.04902592
1217,4926,226.1041452,46.7386416
1217,4927,238.86548112,47.79861408
1217,4928,251.83746432,44.57041632
1217,4929,264.4296972,45.80924544
1217,4930,276.81033792,43.86486528
1217,4931,288.87273696,43.21417824
1217,4932,300.71494848,40.87258272
1217,4933,311.59417488,38.37956256
1217,4934,323.05182024,49.16472768
1217,4935,338.34488592,53.37608832
1217,4936,352.40820552,50.4309888
1217,4937,366.37581792,49.898808
1217,4938,380.48251056,54.04542912
1217,4939,396.1834596,55.9503072
1217,4940,411.49551432,55.46860128
1217,4941,427.08219384,56.39251104
1217,4942,442.73897736,55.165752
1217,4943,457.33246608,50.55937056
1217,4944,471.61999656,52.99972128
1217,4945,485.37245064,46.95151392
1217,4946,496.4036808,52.8047712
1220,4912,23.4411229714286,57.9677348571429
1220,4913,37.12720032,57.95942688
1220,4914,50.5163328,32.78014272
1220,4915,61.12334232,49.58169408
1220,4916,74.76015528,48.40979904
1220,4917,88.51763856,50.50560384
1220,4918,102.83884944,53.01179136
1220,4919,117.69309456,53.32122432
1220,4920,131.63044032,46.1735424
1220,4921,144.005046,44.29390176
1220,4922,156.33396216,44.02397088
1220,4923,168.52267032,43.88132448
1220,4924,180.71329872,44.08980768
1220,4925,193.50843696,47.84360256
1220,4926,207.28570176,52.4444976
1220,4927,221.4163212,46.42920864
1220,4928,234.144312,51.1222752
1220,4929,249.91566984,48.8234736
1220,4930,260.8193412,43.1999136
1220,4931,274.07015544,46.73644704
1220,4932,286.2858384,43.1615088
1220,4933,298.42440696,43.7924448
1220,4934,310.613298,43.88461632
1220,4935,323.0875428,47.52978048
1220,4936,336.53352048,46.65963744
1220,4937,349.51205688,47.70095616
1220,4938,362.93002344,49.18667328
1220,4939,376.71399384,51.2484624
1220,4940,392.01190584,56.65476096
1220,4941,407.19932784,53.79524928
1220,4942,422.11041816,53.15443776
1220,4943,436.7828196,52.58933856
1220,4944,451.20263328,50.79528576
1220,4945,465.16664904,51.29015904
1220,4946,479.7721164,50.46610176
1220,4947,492.97830792,47.35970208
1220,4948,500.188992,47.9291904
1231,4918,21.6584784,55.4894496
1231,4919,31.50489,55.32046848
1231,4920,46.94188224,59.280552
1231,4921,64.99101048,65.18172384
1231,4922,81.26696472,54.34498656
1231,4923,96.2255124,53.77659552
1231,4924,111.3720912,54.8804592
1231,4925,126.610872,54.8420544
1231,4926,141.85708992,54.87607008
1231,4927,157.09516968,54.85412448
1231,4928,172.332396,54.86070816
1231,4929,187.57169496,54.918864
1231,4930,203.30565384,58.90528224
1231,4931,219.78027672,57.76959744
1231,4932,235.20839928,54.31316544
1231,4933,249.907044,51.40976256
1231,4934,264.10307352,50.81393952
1231,4935,277.95507528,49.36991904
1231,4936,291.64525872,49.24812096
1231,4937,305.35104792,49.36772448
1231,4938,319.1729964,51.91999776
1231,4939,334.43192448,53.87535072
1231,4940,348.52968648,50.25213216
1231,4941,362.46032664,49.5641376
1231,4942,376.21808424,50.71408704
1231,4943,391.36054824,56.77436448
1231,4944,406.73581848,54.62150112
1231,4945,421.86505416,54.18588096
1231,4946,436.84472448,53.89510176
1231,4947,452.06677176,54.77841216
1231,4948,467.278212,56.63171808
1231,4949,483.07224696,54.47885472
1231,4950,495.559428342857,52.3810121142857
1239,4919,12.6879858,50.4968256
1239,4920,22.50926664,50.49572832
1239,4921,36.6656112,53.05568256
1239,4922,52.30069296,57.89029824
1239,4923,68.0036232,51.67749888
1239,4924,81.40165584,51.97047264
1239,4925,98.00298408,63.13419936
1239,4926,114.74071032,57.01796064
1239,4927,129.68282928,50.60765088
1239,4928,143.31308904,51.16836096
1239,4929,158.9960244,57.79702944
1239,4930,173.91625872,50.73712992
1239,4931,188.71271376,55.2809664
1239,4932,203.43568152,52.46754048
1239,4933,218.6283156,54.94958784
1239,4934,233.38334832,51.1826256
1239,4935,247.42572816,52.21845792
1239,4936,261.98867592,51.2758944
1239,4937,276.09655728,49.89661344
1239,4938,289.5214428,48.44600928
1239,4939,303.288954,49.75725888
1239,4940,317.12605104,50.92257024
1239,4941,332.44014792,57.14963424
1239,4942,347.27851296,50.58021888
1239,4943,361.22908704,49.68593568
1239,4944,374.98955736,50.66470944
1239,4945,390.29572944,58.19534208
1239,4946,405.96336384,54.89582112
1239,4947,421.3163532,55.69464096
1239,4948,436.80327168,55.76706144
1239,4949,452.04927624,53.8051248
1239,4950,467.42204712,58.36651776
1239,4951,483.7563096,57.06185184
1239,4952,496.699685142857,53.2290528
1247,4921,19.6745352,45.1969632
1247,4922,26.74943088,44.9500752
1247,4923,39.20090712,44.70538176
1247,4924,52.13698488,50.26968864
1247,4925,66.76954896,53.2564848
1247,4926,81.13846104,48.61828224
1247,4927,94.06838184,46.05174432
1247,4928,107.27948064,50.776632
1247,4929,122.02582656,53.76781728
1247,4930,137.2490016,55.8570384
1247,4931,152.73668208,55.50700608
1247,4932,168.04882824,53.98727328
1247,4933,182.22827664,55.38630528
1247,4934,199.38589536,60.158376
1247,4935,216.12008592,61.32807648
1247,4936,232.85311824,59.21361792
1247,4937,249.109992,56.95102656
1247,4938,264.2771448,53.81719488
1247,4939,279.39269496,54.30548448
1247,4940,293.84439072,50.07547008
1247,4941,307.63320744,49.35236256
1247,4942,321.62989776,53.66138112
1247,4943,336.99395136,52.70894208
1247,4944,351.19077336,52.01326656
1247,4945,365.9335836,54.08932032
1247,4946,381.32555688,57.95394048
1247,4947,397.77920952,57.70705248
1247,4948,413.45537832,56.33764704
1247,4949,429.00993192,56.05015968
1247,4950,444.79506672,56.68877664
1247,4951,460.2268164,55.34899776
1247,4952,476.29489704,59.35626432
1247,4953,492.3509076,57.41078688
1247,4954,501.089676,58.1777856
1254,4926,17.612868,41.6308032
1254,4927,24.37308816,46.5850224
1254,4928,41.07841416,71.72590176
1254,4929,59.9700531428571,44.9649668571429
1254,4930,74.52926928,70.26322752
1254,4931,92.62664736,55.48835232
1254,4932,107.19212496,51.75101664
1254,4933,121.7846688,53.90497728
1254,4934,137.05539264,55.62441504
1254,4935,152.9198364,58.51903968
1254,4936,169.8167292,67.34446272
1254,4937,190.66678656,79.35419232
1254,4938,213.88038504,87.4148112
1254,4939,238.28249016,87.6068352
1254,4940,261.72298176,80.74993248
1254,4941,283.828236,76.84581024
1254,4942,304.06659024,70.84368864
1254,4943,324.07427184,75.3721632
1254,4944,344.49437832,68.38687872
1254,4945,361.68607368,61.33356288
1254,4946,373.2332388,86.4217728
1254,4949,448.8380406,71.6468976
1254,4950,453.6740736,70.1491104
1272,4923,22.42084416,44.8458336
1272,4924,31.57813344,45.33192864
1272,4925,44.81364672,48.83554368
1272,4926,57.8821296,41.98412736
1272,4927,68.1727872,36.32764896
1272,4928,78.74770128,38.98416384
1272,4929,89.62113648,39.20471712
1272,4930,100.596192,40.08144384
1272,4931,111.79704336,40.56314976
1272,4932,123.30885168,42.19261056
1272,4933,135.29620896,43.95923136
1272,4934,147.48004032,43.47752544
1272,4935,159.42710304,42.77855808
1272,4936,171.26596176,42.14871936
1272,4937,183.01389864,43.30744704
1272,4938,195.19392,43.89010272
1272,4939,207.484218,45.50639616
1272,4940,220.36256664,45.42410016
1272,4941,232.64411688,43.88790816
1272,4942,244.83328224,43.87803264
1272,4943,257.1695136,45.51297984
1272,4944,269.79256176,44.63625312
1272,4945,282.3200856,45.81473184
1272,4946,294.89716992,46.34142624
1272,4947,308.54257824,49.80115008
1272,4948,322.74132048,55.35338688
1272,4949,338.72064336,56.19390336
1272,4950,354.00615,54.84534624
1272,4951,369.23923104,54.8749728
1272,4952,385.16103816,61.19750016
1272,4953,402.18286848,59.73482592
1272,4954,418.84156008,60.35259456
1272,4955,435.57538488,60.03438336
1272,4956,452.07548904,58.06037664
1272,4957,467.8760772,55.74292128
1272,4958,482.34551232,49.74738336
1272,4959,495.2618619,53.1728172
1275,4927,36.7171901333333,60.6881184
1275,4928,52.75222368,60.9703632
1275,4929,70.16486856,65.40556896
1275,4930,86.69694624,50.6504448
1275,4931,100.17352584,48.03014016
1275,4932,113.13602976,44.07334848
1275,4933,124.65122136,40.79577312
1275,4934,136.4111064,43.42156416
1275,4935,148.1951316,40.35027744
1275,4936,159.00461976,38.66485536
1275,4937,169.82242896,39.32541792
1275,4938,181.50455952,44.14796352
1275,4939,193.62109104,43.26355584
1275,4940,205.80541008,45.19806048
1275,4941,218.44433832,44.65600416
1275,4942,230.66529432,43.8857136
1275,4943,242.85339288,43.86815712
1275,4944,255.12881664,44.81401248
1275,4945,267.53146392,43.99763616
1275,4946,279.60382992,43.31183616
1275,4947,291.7550172,44.45300736
1275,4948,304.92118848,48.96282816
1275,4949,318.09159648,48.59085024
1275,4950,332.83897872,53.94667392
1275,4951,346.98788616,44.2039248
1275,4952,360.5201832,61.8536736
1275,4953,377.03449104,55.3358304
1275,4954,393.27572856,58.86468288
1275,4955,408.89365008,56.59002144
1275,4956,425.56425936,59.54828832
1275,4957,440.86963896,52.83293472
1275,4958,455.79261648,54.4086288
1275,4959,471.24631176,57.15841248
1275,4960,487.12910448,57.15841248
1275,4961,503.00522208,57.15073152
1275,4962,518.88243696,57.16060704
1275,4963,533.1728478,57.1586868
1288,4925,20.2856592,38.6023104
1288,4926,26.97696408,42.76209888
1288,4927,39.84007272,47.70863712
1288,4928,51.02598888,23.24477952
1288,4929,57.64725072,37.13524704
1288,4930,69.07304448,42.00497568
1288,4931,80.55921912,39.3210288
1288,4932,90.57241728,34.36022592
1288,4933,100.23213888,35.45640864
1288,4934,110.01368904,34.98348096
1288,4935,120.20949288,37.15719264
1288,4936,130.28740008,36.45493344
1288,4937,140.60594688,37.29215808
1288,4938,150.96740952,37.8397008
1288,4939,161.56222704,37.84957632
1288,4940,171.74830776,35.2830384
1288,4941,181.540404,36.41104224
1288,4942,191.75239272,38.30933664
1288,4943,203.42175216,43.9350912
1288,4944,215.6975112,44.27305344
1288,4945,227.92249056,43.87583808
1288,4946,239.77055424,43.44899616
1288,4947,252.3082584,44.6263776
1288,4948,264.72712104,44.61979392
1288,4949,276.96654792,43.87035168
1288,4950,289.13611464,43.76062368
1288,4951,301.31455104,43.8857136
1288,4952,313.82418312,47.567088
1288,4953,328.27408056,55.0999152
1288,4954,342.9115824,50.5407168
1288,4955,357.1757652,52.41048192
1288,4956,371.93777784,53.54068032
1288,4957,387.36745488,58.5782928
1288,4958,403.9602792,59.307984
1288,4959,420.40167888,59.02378848
1288,4960,436.81881648,59.35077792
1288,4961,452.99305896,57.04319808
1288,4962,468.6563652,56.63171808
1288,4963,484.54427856,56.52528192
1288,4964,496.6643864,52.2451584
1292,4927,22.5372168,35.7603552
1292,4928,30.70165056,37.4775984
1292,4929,40.51438176,33.31451808
1292,4930,50.65254792,42.11470368
1292,4931,63.30705144,45.94201632
1292,4932,75.02578848,38.77129152
1292,4933,85.68647328,37.99770912
1292,4934,95.99925936,36.68645952
1292,4935,106.24547712,36.80167392
1292,4936,116.33197968,36.51089472
1292,4937,126.48943968,35.84374848
1292,4938,136.56530472,37.24936416
1292,4939,147.114006,38.3993136
1292,4940,157.78112208,38.39821632
1292,4941,168.44134968,38.1249936
1292,4942,178.96597176,38.13157728
1292,4943,189.63074088,38.40918912
1292,4944,200.29813128,38.3938272
1292,4945,211.175346,40.42050336
1292,4946,222.09105696,38.76031872
1292,4947,233.58000528,43.30196064
1292,4948,245.74673736,43.87803264
1292,4949,258.06224232,45.2408544
1292,4950,270.56209032,44.08980768
1292,4951,282.75177384,43.88351904
1292,4952,294.91417776,43.77159648
1292,4953,307.22297712,45.8333856
1292,4954,320.73960744,52.31501856
1292,4955,335.79383184,52.34354784
1292,4956,349.82465976,50.84685792
1292,4957,363.97655424,51.35050944
1292,4958,378.91407072,56.85117408
1292,4959,395.21501856,57.92321664
1292,4960,410.9947584,57.71802528
1292,4961,427.19298864,58.83505632
1292,4962,443.78492904,59.66240544
1292,4963,460.03720032,57.3932304
1292,4964,476.43449544,59.6042496
1292,4965,492.0572328,54.01689984
1292,4966,500.3273712,53.5253184
1299,4930,24.90191616,30.52413504
1299,4931,34.40774424,35.46628416
1299,4932,44.3772036,35.29730304
1299,4933,54.1817052,35.2994976
1299,4934,63.799212,31.68066816
1299,4935,71.92155288,31.3438032
1299,4936,81.35108952,34.03433376
1299,4937,90.64816008,32.89206528
1299,4938,99.89158584,34.3064592
1299,4939,109.74174648,37.14073344
1299,4940,120.54340128,40.15386432
1299,4941,132.0542952,42.43840128
1299,4942,143.9960544,43.47972
1299,4943,155.70637896,40.09241664
1299,4944,166.73925504,39.47574528
1299,4945,177.12494928,37.41834528
1299,4946,187.68727512,36.62610912
1299,4947,198.45073848,42.37256448
1299,4948,210.5805288,43.84950336
1299,4949,222.74442624,43.79573664
1299,4950,234.92929392,43.87803264
1299,4951,247.11733152,43.8857136
1299,4952,259.36715208,44.39485152
1299,4953,271.63419384,43.84621152
1299,4954,283.81308744,43.76611008
1299,4955,295.97597904,43.89010272
1299,4956,308.25975432,45.37362528
1299,4957,321.61532832,52.05386592
1299,4958,336.64760712,52.6749264
1299,4959,350.92358568,51.48218304
1299,4960,365.14165224,51.01035264
1299,4961,379.54726224,54.5512752
1299,4962,395.56538616,57.991248
1299,4963,411.39349776,56.9323728
1299,4964,427.57356192,59.47915968
1299,4965,443.93074536,58.23155232
1299,4966,459.534768,54.12004416
1299,4967,475.28738064,58.80213792
1299,4968,491.05678776,55.248048
1299,4969,500.4047904,56.1039264
1304,4930,14.088999,36.48456
1304,4931,21.18741,36.49663008
1304,4932,31.23349608,34.66088064
1304,4933,40.22564472,31.2669936
1304,4934,49.00803,33.18833088
1304,4935,58.89577248,36.76656096
1304,4936,68.85520392,33.27282144
1304,4937,77.57257536,31.40744544
1304,4938,86.34063504,31.82112
1304,4939,95.372682,33.01934976
1304,4940,104.943402,35.88873696
1304,4941,115.13512152,37.79361504
1304,4942,125.98828752,40.32942912
1304,4943,137.50667952,41.92048512
1304,4944,149.0947488,41.82392448
1304,4945,160.55428392,40.58728992
1304,4946,171.56311128,41.00974272
1304,4947,183.5100216,39.58327872
1304,4948,193.67147448,38.45746944
1304,4949,204.86751,41.32246752
1304,4950,216.81499944,43.78256928
1304,4951,228.98904672,43.88242176
1304,4952,241.17873024,43.87803264
1304,4953,253.38005712,44.14247712
1304,4954,265.68873456,44.110656
1304,4955,277.88131368,43.8747408
1304,4956,290.0432604,43.76940192
1304,4957,302.22922536,43.8857136
1304,4958,314.57536272,46.07149536
1304,4959,328.56482928,53.37389376
1304,4960,342.81822216,49.40942112
1304,4961,356.52833952,49.34687616
1304,4962,370.23626232,49.37321088
1304,4963,384.54278184,56.73925152
1304,4964,401.01457008,57.0969648
1304,4965,416.39880144,54.87387552
1304,4966,431.57787192,54.86180544
1304,4967,446.815464,54.90130752
1304,4968,462.2013108,56.27290752
1304,4969,478.40103456,59.19715872
1304,4970,493.5894624,56.5794144
1315,4934,16.66027656,36.41213952
1315,4935,26.77582656,36.39787488
1315,4936,36.88348224,36.34849728
1315,4937,46.83242856,35.22049344
1315,4938,56.58541896,35.20842336
1315,4939,66.93450672,38.95673184
1315,4940,77.20605336,34.67185344
1315,4941,86.41692648,32.45863968
1315,4942,95.52575256,32.89425984
1315,4943,104.65347624,32.32696608
1315,4944,113.201958,30.7841904
1315,4945,122.20099512,32.89974624
1315,4946,131.13904176,33.74465184
1315,4947,141.66497448,40.8791664
1315,4948,153.15965304,39.78078912
1315,4949,163.9372896,39.80054016
1315,4950,175.59156144,43.30525248
1315,4951,187.67569272,42.6677328
1315,4952,198.96865464,39.82906944
1315,4953,210.22272408,40.85941536
1315,4954,221.45271432,39.00720672
1315,4955,231.83359272,36.75778272
1315,4956,242.04222864,36.74680992
1315,4957,252.45099624,39.62936448
1315,4958,264.00300768,42.4976544
1315,4959,276.05239176,43.87912992
1315,4960,288.22256808,43.76062368
1315,4961,300.20294544,42.28697664
1315,4962,311.979564,42.4153584
1315,4963,324.4553328,48.58975296
1315,4964,338.15996376,47.80519776
1315,4965,350.88981384,46.15927776
1315,4966,364.0677504,48.29568192
1315,4967,377.76823608,51.02790912
1315,4968,392.756898,54.83437344
1315,4969,407.54530632,53.10067104
1315,4970,422.57033088,54.68514336
1315,4971,437.70264504,54.22099392
1315,4972,452.754492,53.77659552
1315,4973,468.00732408,57.69717696
1315,4974,484.11801576,55.82302272
1315,4975,496.2326372,54.5512752
1320,4937,25.0258072,46.1394048
1320,4938,36.92386824,42.57775584
1320,4939,48.014382,38.95673184
1320,4940,58.92771552,40.17910176
1320,4941,70.30443648,41.18421024
1320,4942,81.40772136,36.97943328
1320,4943,90.81345312,32.26442112
1320,4944,99.63857136,31.67079264
1320,4945,108.33884352,30.76005024
1320,4946,116.90988048,32.6001888
1320,4947,126.35355984,34.02006912
1320,4948,136.10773896,36.78411744
1320,4949,146.676618,39.08291904
1320,4950,157.62311376,38.94685632
1320,4951,168.6411156,41.55618816
1320,4952,180.71022024,44.16990912
1320,4953,192.90785904,43.89449184
1320,4954,205.10897256,44.40911616
1320,4955,217.832178,45.98042112
1320,4956,230.20635696,43.88351904
1320,4957,242.3961624,43.87803264
1320,4958,254.5561584,43.26465312
1320,4959,266.26188048,41.13483264
1320,4960,277.47434472,39.2167872
1320,4961,288.37527288,41.29393824
1320,4962,300.39646296,43.89997824
1320,4963,312.43670304,42.3166032
1320,4964,324.85193856,49.40174016
1320,4965,338.50353432,45.90361152
1320,4966,351.17739264,46.98223776
1320,4967,364.0413852,44.549568
1320,4968,376.2734664,43.8418224
1320,4969,389.69301792,53.876448
1320,4970,404.91012744,54.44044992
1320,4971,418.8793248,47.50234848
1320,4972,431.86005576,43.63224192
1320,4973,444.30058968,47.81836512
1320,4974,458.59729464,57.33507456
1320,4975,475.67359272,62.86207392
1320,4976,492.9559356,60.86831616
1322,4967,336.3309504,39.6776448
1322,4968,343.51042296,40.27675968
1322,4969,355.052376,42.6128688
1322,4970,367.2567204,46.47309984
1322,4971,380.82586776,49.09998816
1322,4972,395.19325584,52.69796928
1322,4973,408.9925272,48.85200288
1322,4974,422.07097704,44.63076672
1322,4975,434.30552712,43.49947104
1322,4976,446.28947064,47.6932752
1322,4977,461.9431452,61.58813184
1322,4978,479.14367976,53.74916352
1322,4979,491.17480632,40.60265184
1322,4980,498.669564,27.06550848
1330,4938,20.5508690666667,38.1573024
1330,4939,30.44385072,36.47578176
1330,4940,40.44260136,35.9414064
1330,4941,50.90242296,40.46000544
1330,4942,62.50573224,41.83160544
1330,4943,73.08835776,33.75123552
1330,4944,81.98004432,30.1422816
1330,4945,90.41654256,31.2615072
1330,4946,98.855022,30.95646336
1330,4947,107.75134152,31.61044224
1330,4948,116.7088344,33.58883808
1330,4949,126.23173128,35.31376224
1330,4950,136.35206664,37.38103776
1330,4951,146.96172792,38.39821632
1330,4952,157.68824952,39.35833632
1330,4953,168.9200076,41.69773728
1330,4954,180.96466728,43.68052224
1330,4955,192.67355928,42.31989504
1330,4956,204.82230816,44.72293824
1330,4957,217.58227248,45.67098816
1330,4958,229.90155696,43.88132448
1330,4959,242.09160624,43.87803264
1330,4960,254.23102824,42.83890848
1330,4961,265.7426232,40.19775552
1330,4962,276.73733832,40.85941536
1330,4963,288.67918896,43.76391552
1330,4964,300.85408968,43.89229728
1330,4965,313.04188344,43.89778368
1330,4966,326.00962992,51.08606496
1330,4967,340.20681768,48.26276352
1330,4968,353.34034488,47.42773344
1330,4969,366.46451472,46.73425248
1330,4970,379.86394944,51.4679184
1330,4971,394.41705216,51.59191104
1330,4972,408.42898248,48.85419744
1330,4973,422.33258688,53.04361248
1330,4974,436.62331776,48.42735552
1330,4975,450.16622184,49.99975776
1330,4976,464.85005328,55.07138592
1330,4977,478.57464864,45.00823104
1330,4978,492.28650336,54.56553984
1330,4979,503.079258,55.6650144
1338,4941,23.4937935,38.6942076
1338,4942,34.74387768,49.20313248
1338,4943,48.4406448,48.307752
1338,4944,59.64460512,31.9802256
1338,4945,68.22911424,31.79259072
1338,4946,77.16268032,33.4286352
1338,4947,86.60050752,32.06361888
1338,4948,95.38688568,32.44327776
1338,4949,104.4849828,32.4026784
1338,4950,113.32680408,31.47986592
1338,4951,122.36549568,33.77098656
1338,4952,131.9515776,35.72524224
1338,4953,142.25525016,38.5364736
1338,4954,153.22308192,40.13959968
1338,4955,164.86955088,43.60919904
1338,4956,177.05612544,43.89449184
1338,4957,188.5536996,37.05295104
1338,4958,199.46029704,43.58615616
1338,4959,211.64577432,43.83743328
1338,4960,223.80988512,43.81329312
1338,4961,235.99618536,43.87803264
1338,4962,248.1840096,43.88242176
1338,4963,260.31178824,43.36340832
1338,4964,272.39616336,43.78915296
1338,4965,284.5728624,43.75623456
1338,4966,296.81905584,45.36265248
1338,4967,309.5649384,45.50310432
1338,4968,322.28579688,46.54442304
1338,4969,335.3700684,47.12598144
1338,4970,348.3981348,46.94383296
1338,4971,361.48658208,47.14682976
1338,4972,374.6040768,47.26204416
1338,4973,388.2932544,51.76857312
1338,4974,402.0504024,45.26609184
1338,4975,414.17150592,45.14429376
1338,4976,427.563534,47.62304928
1338,4977,439.95417216,44.75037024
1338,4978,452.88973176,47.42663616
1338,4979,466.12518408,47.75033376
1338,4980,479.17772592,45.15197472
1338,4981,491.43531888,44.85132
1338,4982,500.95836816,46.05503616
1345,4944,24.3279168,46.104048
1345,4945,36.16323984,43.14395232
1345,4946,47.96646744,43.28330688
1345,4947,60.2175072,44.3685168
1345,4948,71.66698392,36.40116672
1345,4949,81.05116632,32.9348592
1345,4950,90.19577592,32.89974624
1345,4951,99.33343608,32.9074272
1345,4952,108.56390784,34.14954816
1345,4953,118.51129968,37.4775984
1345,4954,129.1344636,38.97648288
1345,4955,140.64130368,43.58176704
1345,4956,152.828244,43.88900544
1345,4957,165.01820184,43.87912992
1345,4958,177.20892168,43.8912
1345,4959,189.40217136,43.89558912
1345,4960,201.5942628,44.02726272
1345,4961,214.0453428,45.26938368
1345,4962,226.39931352,43.88351904
1345,4963,238.15758312,39.76103808
1345,4964,248.967498,40.31626176
1345,4965,260.83735488,43.85608704
1345,4966,273.0037212,43.89339456
1345,4967,285.73299216,48.37139424
1345,4968,299.40802704,49.38967008
1345,4969,312.84266616,46.3271616
1345,4970,325.56227496,47.00637792
1345,4971,338.50222368,45.10040256
1345,4972,351.1195416,46.49614272
1345,4973,364.21749864,48.09817152
1345,4974,377.88811392,50.32564992
1345,4975,392.33578632,52.12409184
1345,4976,406.07784672,47.813976
1345,4977,419.1955548,45.85862304
1345,4978,431.65032288,44.57919456
1345,4979,443.99551536,43.69698144
1345,4980,455.86418352,42.43401216
1345,4981,467.97352176,45.46250496
1345,4982,480.821238,45.39118176
1345,4983,493.0796844,43.49508192
1345,4984,500.335296,43.4413152
1350,4946,23.754969,41.8626036
1350,4947,34.2448896,41.68895904
1350,4948,45.84249912,41.9490144
1350,4949,58.0340724,49.15375488
1350,4950,72.49101072,46.94931936
1350,4951,83.50523304,36.36495648
1350,4952,93.16711872,33.57457344
1350,4953,102.38036928,32.9074272
1350,4954,111.52287576,32.92059456
1350,4955,120.886728,35.04492864
1350,4956,130.96756128,37.67620608
1350,4957,141.6338544,38.67143904
1350,4958,152.50107168,39.67435296
1350,4959,163.9695984,43.15273056
1350,4960,176.24880168,44.44203456
1350,4961,188.24368752,41.7076128
1350,4962,200.0678244,43.89888096
1350,4963,212.59458624,46.414944
1350,4964,225.18102792,43.96362048
1350,4965,237.36860832,43.87364352
1350,4966,249.5571336,43.88790816
1350,4967,261.75224256,43.87035168
1350,4968,273.920712,43.83304416
1350,4969,286.09436304,43.75184544
1350,4970,298.26633768,43.89888096
1350,4971,310.45818528,44.1326016
1350,4972,323.37064104,50.69653056
1350,4973,337.7805792,50.17422528
1350,4974,351.36082128,47.88091008
1350,4975,364.1911944,45.25072992
1350,4976,377.04031272,47.71851264
1350,4977,390.96464352,50.91598656
1350,4978,403.82595384,41.90951232
1350,4979,416.0785176,48.87724032
1350,4980,429.77574192,44.8348608
1350,4981,441.7547172,45.27596736
1350,4982,453.36832872,38.15681472
1350,4983,464.952588,41.00096448
1350,4984,475.85296752,45.38240352
1350,4985,490.5440532,56.50553088
1350,4986,499.5711624,53.876448
1360,4947,11.0780576,42.300144
1360,4948,20.47384272,42.272712
1360,4949,31.9655952,39.06645984
1360,4950,42.2641776,36.48565728
1360,4951,52.85997048,42.22113984
1360,4952,65.5748244,46.90872
1360,4953,77.76344112,38.34115776
1360,4954,87.65337816,34.5588336
1360,4955,97.02353976,33.67881504
1360,4956,106.38123504,33.77318112
1360,4957,115.9018764,35.19854784
1360,4958,125.73027432,35.1733104
1360,4959,135.73996728,37.38103776
1360,4960,146.22923256,37.88688384
1360,4961,156.86702688,38.40150816
1360,4962,167.62357128,39.89929536
1360,4963,179.34124152,43.75842912
1360,4964,191.5357104,43.89558912
1360,4965,203.73718968,44.41021344
1360,4966,216.46124856,45.9924912
1360,4967,228.83609808,43.87803264
1360,4968,241.02553776,43.87803264
1360,4969,253.23628296,44.32682016
1360,4970,265.66041864,44.47714752
1360,4971,277.88094792,43.87254624
1360,4972,290.04298608,43.76940192
1360,4973,302.38025376,46.08576
1360,4974,315.61180464,48.48221952
1360,4975,330.02838744,54.28683072
1360,4976,344.3403324,49.37101632
1360,4977,358.05127272,49.34138976
1360,4978,371.75898216,49.42478304
1360,4979,386.03121168,53.90497728
1360,4980,400.56410616,49.32163872
1360,4981,414.02992632,47.86774272
1360,4982,426.96539448,45.866304
1360,4983,439.75605216,45.70939296
1360,4984,452.22279888,43.80232032
1360,4985,464.0904612,40.63557024
1360,4986,475.04457696,42.89925888
1360,4987,487.91396448,46.52796384
1360,4988,497.42390736,44.3740032
1368,4950,23.998428,43.2849528
1368,4951,34.15357152,37.61256384
1368,4952,43.8166764,33.87193632
1368,4953,53.40571488,36.52954848
1368,4954,64.28235048,37.37774592
1368,4955,73.11213216,25.76742624
1368,4956,82.47528336,41.1095952
1368,4957,95.15852952,50.52206304
1368,4958,107.1704232,38.79872352
1368,4959,117.93044232,38.95234272
1368,4960,128.64538152,38.40918912
1368,4961,139.36297248,39.11583744
1368,4962,150.5497116,40.94829504
1368,4963,161.9289624,41.45962752
1368,4964,173.71777296,43.34694912
1368,4965,185.89636176,43.89558912
1368,4966,198.0889104,43.87912992
1368,4967,210.47665296,46.04406336
1368,4968,223.19077536,44.35644672
1368,4969,235.3092576,41.68676448
1368,4970,246.43851144,41.69444544
1368,4971,258.45982344,42.96619296
1368,4972,269.99510136,40.19226912
1368,4973,281.41775568,42.93876096
1368,4974,293.55940272,43.76172096
1368,4975,305.7930384,44.83266624
1368,4976,318.6603228,49.46867424
1368,4977,333.50883768,53.7447744
1368,4978,347.8010316,51.14860992
1368,4979,361.98651504,50.02060608
1368,4980,375.73439712,50.09412384
1368,4981,390.61006968,55.63099872
1368,4982,404.88912672,47.9401632
1368,4983,418.42084464,49.01988672
1368,4984,431.7501144,47.18633184
1368,4985,444.80655768,46.3984848
1368,4986,457.22191512,42.97277664
1368,4987,468.85911816,42.39780192
1368,4988,480.84233016,42.8048928
1368,4989,492.59371128,42.09604992
1368,4990,499.4228772,42.2013888
1371,4952,10.2745794,47.512224
1371,4953,19.50945552,47.49137568
1371,4954,32.6396604,46.30411872
1371,4955,45.09939672,44.16332544
1371,4956,57.44239464,45.7071984
1371,4957,70.6799196,48.5985312
1371,4958,83.89424928,44.00860896
1371,4959,94.97098608,38.59243488
1371,4960,106.04610744,40.39307136
1371,4961,117.11306016,39.50537184
1371,4962,128.04727248,40.33272096
1371,4963,139.60345968,41.85903744
1371,4964,151.22981184,41.51997792
1371,4965,162.34617264,38.7669024
1371,4966,173.37764664,40.8627072
1371,4967,184.91841096,39.79066464
1371,4968,195.71281152,41.90841504
1371,4969,207.93474288,45.4054464
1371,4970,220.70982528,44.98189632
1371,4971,232.94952648,43.88790816
1371,4972,245.13863088,43.87803264
1371,4973,257.45303856,45.23097888
1371,4974,269.95303896,44.10736416
1371,4975,282.0683208,43.34146272
1371,4976,294.15845664,43.76391552
1371,4977,306.3717012,44.83266624
1371,4978,319.72822008,53.04141792
1371,4979,335.57212032,57.27582144
1371,4980,351.02224944,55.38081888
1371,4981,366.3481116,54.87387552
1371,4982,381.73219056,57.3219072
1371,4983,397.95620688,56.76448896
1371,4984,413.25247296,54.36912672
1371,4985,428.06578344,52.08349248
1371,4986,442.1125524,48.94197984
1371,4987,455.14263048,44.26537248
1371,4988,466.96231728,43.45667712
1371,4989,479.11688784,40.38758496
1371,4990,489.8965056,40.24603584
1371,4991,498.26856912,38.54964096
1378,4955,22.90864608,53.4704544
1378,4956,34.030158,52.53008544
1378,4957,48.35444736,53.21588544
1378,4958,63.93749976,54.83985984
1378,4959,77.33867184,43.31293344
1378,4960,89.36815248,42.9914304
1378,4961,101.1739404,43.42266144
1378,4962,113.52498504,45.11795904
1378,4963,125.99810208,44.14247712
1378,4964,138.20107488,43.9131456
1378,4965,150.11771856,41.69225088
1378,4966,161.2805004,38.69996832
1378,4967,172.13055744,39.8696688
1378,4968,183.25664136,39.95525664
1378,4969,193.96911168,37.0277136
1378,4970,204.17847912,36.9454176
1378,4971,215.25808104,43.31183616
1378,4972,227.46221208,43.87803264
1378,4973,239.65247472,43.88242176
1378,4974,251.84029896,43.78586112
1378,4975,263.91815136,43.35463008
1378,4976,276.0447108,43.87912992
1378,4977,288.22546368,43.75842912
1378,4978,300.39311016,43.89778368
1378,4979,312.60065496,44.61650208
1378,4980,326.11179888,53.22576096
1378,4981,340.6653588,49.94489376
1378,4982,354.4834668,49.85272224
1378,4983,368.2467108,49.36882176
1378,4984,382.2943332,53.59554432
1378,4985,397.58541768,53.29159776
1378,4986,412.21819512,53.16760512
1378,4987,426.9373224,53.11603296
1378,4988,441.53611464,51.4404864
1378,4989,455.6819436,49.81541472
1378,4990,469.07049696,48.62815776
1378,4991,481.63691328,38.59901856
1378,4992,493.0252776,45.66220992
1378,4993,500.0222664,45.0323712
1383,4958,21.9000832,51.0332736
1383,4959,35.39240064,51.2484624
1383,4960,49.63945368,51.46572384
1383,4961,64.980312,59.5932768
1383,4962,80.04639312,47.91931488
1383,4963,93.08214048,45.8498448
1383,4964,105.96085488,47.18304
1383,4965,119.05384368,45.8224128
1383,4966,131.19418008,42.78623904
1383,4967,143.15105736,42.5250864
1383,4968,154.41414888,38.94575904
1383,4969,165.09229872,38.43991296
1383,4970,175.87008768,38.7284976
1383,4971,186.595512,35.36313984
1383,4972,196.49334336,41.3455104
1383,4973,208.1756568,40.85063712
1383,4974,219.75446016,42.96070656
1383,4975,231.90354432,44.90179488
1383,4976,246.44792976,55.49603328
1383,4977,258.10659072,38.82396096
1383,4978,271.5344328,50.87099808
1383,4979,285.01732176,45.92884896
1383,4980,298.18693728,49.31286048
1383,4981,311.90119992,49.39844832
1383,4982,326.54988792,57.77837568
1383,4983,342.60074736,56.06222976
1383,4984,358.31903952,56.6251344
1383,4985,373.8190644,55.66172256
1383,4986,389.96047992,59.746896
1383,4987,405.81800472,54.93312864
1383,4988,420.82504608,52.81647552
1383,4989,434.97620904,48.26824992
1383,4990,447.88631784,45.26389728
1383,4991,460.20663864,44.13040704
1383,4992,472.86891456,46.98662688
1383,4993,485.16914904,41.21164224
1383,4994,495.789204,39.727632
1388,4959,19.52244,54.327552
1388,4960,33.47112432,51.06850848
1388,4961,47.50466496,50.80186944
1388,4962,63.33353856,64.36754208
1388,4963,79.48031856,49.91855904
1388,4964,93.10945056,48.0114864
1388,4965,106.36739712,47.07989568
1388,4966,119.22925608,46.95370848
1388,4967,132.36714192,46.26242208
1388,4968,144.70276368,42.5141136
1388,4969,155.68098912,37.25375328
1388,4970,165.63417216,34.32950208
1388,4971,175.04593896,33.64370208
1388,4972,184.7068188,34.08041952
1388,4973,193.7191452,36.22779648
1388,4974,204.03726528,36.08515008
1388,4975,214.9582188,41.4716976
1388,4976,226.85419704,43.85389248
1388,4977,239.04506928,43.87803264
1388,4978,251.23542336,44.13699072
1388,4979,263.94082848,47.68449696
1388,4980,277.40323488,47.44858176
1388,4981,290.10129432,47.00089152
1388,4982,304.0902732,52.66944
1388,4983,319.0350744,55.94152896
1388,4984,335.40387072,58.11304608
1388,4985,350.99408592,56.4331104
1388,4986,366.50419968,54.91557216
1388,4987,382.00099368,58.21509312
1388,4988,398.39365584,56.97955584
1388,4989,413.69613984,54.18697824
1388,4990,428.50603656,51.57984096
1388,4991,442.04342376,45.8059536
1388,4992,454.34454216,44.20831392
1388,4993,466.70527944,45.26389728
1388,4994,479.46277488,44.30597184
1388,4995,490.75951632,38.04598944
1388,4996,498.3092142,40.6432512
1405,4961,24.5231412,54.2687256
1405,4962,36.67207296,42.73466688
1405,4963,48.3789228,47.6987616
1405,4964,62.69123352,51.77625408
1405,4965,75.78614256,42.96070656
1405,4966,87.6149124,42.28587936
1405,4967,99.52201584,44.23464864
1405,4968,111.78439416,43.36779744
1405,4969,123.85185288,43.0792128
1405,4970,135.16474872,38.39272992
1405,4971,145.58662272,35.92823904
1405,4972,154.96178304,32.91620544
1405,4973,164.10380184,32.90523264
1405,4974,173.24624736,32.9184
1405,4975,182.39076552,32.92059456
1405,4976,191.53741728,32.74393248
1405,4977,200.28228168,30.89611296
1405,4978,209.09014824,32.78343456
1405,4979,218.4469596,32.11848288
1405,4980,226.90473288,31.52924352
1405,4981,235.99834944,32.91181632
1405,4982,245.1390576,32.91181632
1405,4983,254.28135072,32.91510816
1405,4984,263.43111144,32.88218976
1405,4985,272.54807568,32.863536
1405,4986,281.68835712,32.90962176
1405,4987,291.1385592,36.36056736
1405,4988,301.8614232,40.87258272
1405,4989,313.80479784,44.02506816
1405,4990,326.98873896,51.82124256
1405,4991,341.28203016,49.51914912
1405,4992,354.79296072,48.45478752
1405,4993,368.2857252,48.40870176
1405,4994,381.99998784,51.64677504
1405,4995,396.62584632,51.34063392
1405,4996,410.48339544,50.0634
1405,4997,424.58530272,50.89294368
1405,4998,438.67709064,50.11606944
1405,4999,452.40385008,48.84871104
1405,5000,465.68785704,47.99722176
1405,5001,478.83357624,41.79320064
1405,5002,489.9920604,42.57775584
1405,5003,498.3446472,43.06824
1413,4962,25.06519752,46.35569088
1413,4963,37.61649576,44.2587888
1413,4964,49.9951248,44.57480544
1413,4965,62.33501376,44.4892176
1413,4966,75.65041512,52.31501856
1413,4967,90.44202384,51.87500928
1413,4968,103.2535908,41.41024992
1413,4969,114.8635752,42.66005184
1413,4970,126.57386928,40.80016224
1413,4971,137.50241232,37.92638592
1413,4972,147.44828016,33.63272928
1413,4973,156.10722144,29.1657024
1413,4974,164.05573488,28.5457392
1413,4975,172.4972928,32.37853824
1413,4976,181.628034,32.91949728
1413,4977,190.74603456,32.36976
1413,4978,199.21097064,28.25276544
1413,4979,206.92686072,29.0340288
1413,4980,215.55276168,31.62031776
1413,4981,223.73398992,27.54392256
1413,4982,231.3499056,27.432
1413,4983,238.968534,27.41444352
1413,4984,246.5851812,27.432
1413,4985,254.26092912,28.60828416
1413,4986,262.62842064,30.53291328
1413,4987,270.6480744,27.65803968
1413,4988,278.95210656,32.452056
1413,4989,288.16160808,34.70148
1413,4990,298.49320032,38.46185856
1413,4991,309.71392464,42.99472224
1413,4992,322.23535248,49.10657184
1413,4993,336.7686432,51.49205856
1413,4994,350.74747224,50.85014976
1413,4995,364.7476068,49.49720352
1413,4996,378.518928,50.90172192
1413,4997,393.34293696,53.21917728
1413,4998,407.28470232,48.9222288
1413,4999,420.80483784,48.12560352
1413,5000,433.76584824,45.51078528
1413,5001,446.54903832,45.7620624
1413,5002,459.20537064,45.9924912
1413,5003,472.47925824,49.85052768
1413,5004,485.74866528,42.88938336
1413,5005,495.904249066667,36.2980224
1420,4964,24.4147848,52.9632672
1420,4965,37.96155984,49.85162496
1420,4966,52.10635248,53.72502336
1420,4967,67.0543236,49.405032
1420,4968,79.32136536,42.22443168
1420,4969,91.17912168,42.94973376
1420,4970,103.2127476,43.14943872
1420,4971,115.1822436,43.7924448
1420,4972,127.34242248,43.17357888
1420,4973,138.84008808,39.33639072
1420,4974,148.99898064,33.78086208
1420,4975,157.97622456,31.08374784
1420,4976,166.45292592,30.85441632
1420,4977,175.03057704,30.07205568
1420,4978,183.22384488,28.95392736
1420,4979,191.00206656,27.43090272
1420,4980,198.62188368,27.42431904
1420,4981,206.30192928,28.74105504
1420,4982,214.7447064,30.8445408
1420,4983,222.8185536,27.50771232
1420,4984,230.4330672,27.432
1420,4985,238.02084984,26.50040928
1420,4986,244.90356912,23.756112
1420,4987,251.50383024,23.76379296
1420,4988,260.08635816,47.128176
1420,4989,272.34157368,30.58338816
1420,4990,280.67785368,31.10459616
1420,4991,289.5761544,32.86792512
1420,4992,299.14989192,36.48236544
1420,4993,309.61047552,38.52659808
1420,4994,321.161664,46.99321056
1420,4995,335.36775192,51.49864224
1420,4996,349.25002032,49.80663648
1420,4997,363.06319056,49.1197392
1420,4998,376.33357296,47.6054928
1420,4999,390.47071512,52.50704256
1420,5000,404.0983536,47.21156928
1420,5001,417.23133216,45.32644224
1420,5002,430.59160008,52.69028832
1420,5003,445.37568024,52.62335424
1420,5004,459.00170328,48.7027728
1420,5005,473.5503864,52.20748512
1420,5006,487.54783872,49.78249632
1420,5007,501.37499928,49.77481536
1420,5008,510.3626064,49.7835936
1425,4967,20.2100688,50.1237504
1425,4968,28.41379128,50.10070752
1425,4969,42.082212,49.22836992
1425,4970,56.6675016,55.30400928
1425,4971,71.16092448,46.71559872
1425,4972,83.37426048,43.6388256
1425,4973,95.41242792,43.1340768
1425,4974,107.48637888,43.23941568
1425,4975,119.24083848,41.85903744
1425,4976,131.05906224,42.25186368
1425,4977,142.34181336,39.21349536
1425,4978,153.056844,38.4048
1425,4979,163.69149888,37.4391936
1425,4980,173.39925696,33.04678176
1425,4981,182.54450664,32.87121696
1425,4982,191.33783424,30.778704
1425,4983,200.0838264,31.81453632
1425,4984,208.75072296,31.47328224
1425,4985,217.83772536,32.55300576
1425,4986,226.49940984,31.29552288
1425,4987,235.53837576,32.91181632
1425,4988,244.67859624,32.91181632
1425,4989,253.83558072,33.32988
1425,4990,263.29879776,34.10455968
1425,4991,272.54450952,32.86463328
1425,4992,281.8994616,35.43446304
1425,4993,292.24967712,38.23691616
1425,4994,302.90865504,38.40260544
1425,4995,314.00102808,42.629328
1425,4996,327.07261992,51.35380128
1425,4997,341.276178,49.26567744
1425,4998,354.56018496,46.80667296
1425,4999,367.24209,44.33450112
1425,5000,379.58341152,46.49724
1425,5001,393.38880936,50.74481088
1425,5002,407.07545712,48.41528544
1425,5003,420.78057576,49.88344608
1425,5004,434.13672888,46.53783936
1425,5005,447.05113536,46.36008
1425,5006,460.09950144,47.4409008
1425,5007,473.48848152,49.1197392
1425,5008,486.56409672,45.26060544
1425,5009,496.7934184,47.2141296
1431,4970,21.163407,48.664368
1431,4971,30.8003448,51.29784
1431,4972,46.71831144,61.78344768
1431,4973,61.949838,39.49769088
1431,4974,74.94202944,62.5285008
1431,4975,90.11780808,45.55467648
1431,4976,102.53691456,44.66368512
1431,4977,114.92017656,44.65600416
1431,4978,127.18834608,42.90474528
1431,4979,138.42656592,38.28629376
1431,4980,148.702014,35.51785632
1431,4981,158.21104248,33.91034112
1431,4982,167.76006072,34.47214848
1431,4983,177.28155552,33.78744576
1431,4984,186.55079784,33.47033184
1431,4985,195.84887424,33.46594272
1431,4986,205.1185128,33.33756096
1431,4987,214.52073936,33.51312576
1431,4988,223.0797672,29.58157152
1431,4989,231.88702416,32.92169184
1431,4990,241.04906832,33.77098656
1431,4991,251.15797368,38.39602176
1431,4992,261.9201264,38.86675488
1431,4993,272.62659216,38.35871424
1431,4994,283.27987032,38.26764
1431,4995,293.9229072,38.41138368
1431,4996,304.59127296,38.40041088
1431,4997,315.3012744,39.37699008
1431,4998,327.4608132,48.55683456
1431,4999,340.60040592,44.63625312
1431,5000,353.12975856,45.8333856
1431,5001,365.59077504,43.93399392
1431,5002,377.83574928,45.38020896
1431,5003,391.20311904,49.21191072
1431,5004,404.32552104,46.25364384
1431,5005,417.3143292,46.41823584
1431,5006,430.30670352,47.25765504
1431,5007,443.25262632,46.3655664
1431,5008,455.96751072,45.31437216
1431,5009,468.82403568,48.09817152
1431,5010,482.06311512,45.15197472
1431,5011,494.06812032,41.65933248
1431,5012,500.3371248,40.3689312
1440,4973,20.2841352,53.163216
1440,4974,28.23249624,55.39727808
1440,4975,45.13027296,58.92503328
1440,4976,56.38321464,36.27278496
1440,4977,69.57611688,49.06816704
1440,4978,82.3848492,45.29352384
1440,4979,94.93139256,44.5331088
1440,4980,107.1964836,43.33378176
1440,4981,119.21057184,43.36779744
1440,4982,131.02522944,41.00096448
1440,4983,142.3495248,41.29284096
1440,4984,153.50999016,38.67143904
1440,4985,164.18009328,38.3938272
1440,4986,174.84681312,38.4048
1440,4987,185.5110336,37.99551456
1440,4988,195.89550864,37.44358272
1440,4989,206.22938688,37.00905984
1440,4990,216.69609696,37.37664864
1440,4991,226.64662824,34.13528352
1440,4992,236.01459528,34.7892624
1440,4993,246.27812568,38.40370272
1440,4994,257.02384968,39.4527024
1440,4995,268.0283184,38.89089504
1440,4996,278.70857136,38.54196
1440,4997,289.48916448,38.68899552
1440,4998,300.16237656,38.4048
1440,4999,310.828182,38.38724352
1440,5000,321.8241468,43.29647424
1440,5001,334.87985856,46.99211328
1440,5002,347.69688144,47.10403584
1440,5003,360.98811216,48.45478752
1440,5004,374.39007672,46.96248672
1440,5005,387.94206384,51.40866528
1440,5006,401.82171096,47.45626272
1440,5007,414.6791808,46.14501312
1440,5008,427.42875144,45.30888576
1440,5009,439.89632112,44.8458336
1440,5010,452.36169624,44.99506368
1440,5011,464.8739496,44.81401248
1440,5012,477.6097128,46.66402656
1440,5013,490.55261808,46.98223776
1440,5014,499.1043104,47.4683328
1444,4975,23.2687876,45.6139296
1444,4976,33.50129952,47.11281408
1444,4977,46.97345952,50.47707456
1444,4978,61.67396352,53.52312384
1444,4979,75.608688,46.92079008
1444,4980,88.62230688,47.15889984
1444,4981,101.6247396,45.85642848
1444,4982,113.87385912,42.86304864
1444,4983,125.57190024,41.14031904
1444,4984,136.83048072,40.3305264
1444,4985,147.97875408,39.2990832
1444,4986,158.81844792,38.9040624
1444,4987,169.5125388,38.27093184
1444,4988,179.8775676,36.3967776
1444,4989,190.05688176,36.74461536
1444,4990,200.44589832,38.04598944
1444,4991,210.84268728,37.59720192
1444,4992,221.22146256,35.7877872
1444,4993,230.70821016,33.50215296
1444,4994,240.23235672,35.9194608
1444,4995,250.71241704,38.92710528
1444,4996,261.98050728,41.7185856
1444,4997,273.21519144,38.85358752
1444,4998,284.0115732,39.36162816
1444,4999,294.83221704,38.42235648
1444,5000,305.49969888,38.39492448
1444,5001,316.16346216,38.70326016
1444,5002,327.79316712,45.25072992
1444,5003,340.29261888,44.15674176
1444,5004,352.94227608,47.39262048
1444,5005,366.41589912,49.29201216
1444,5006,380.25381912,51.35050944
1444,5007,394.867638,51.33843936
1444,5008,408.49198464,48.1925376
1444,5009,421.68964176,46.91859552
1444,5010,434.51458944,45.2573136
1444,5011,447.09548376,45.46908864
1444,5012,459.4116288,42.46144416
1444,5013,471.2585952,43.91753472
1444,5014,482.764338,38.64400704
1444,5015,493.75548696,40.72444992
1444,5016,500.1749712,41.3345376
1452,4977,19.520916,50.1347232
1452,4978,27.24082944,51.41415168
1452,4979,41.14684176,49.01330304
1452,4980,56.12453088,58.74069024
1452,4981,71.7825336,51.04766016
1452,4982,85.28520408,48.5765856
1452,4983,98.8757484,49.05499968
1452,4984,112.49927208,48.45369024
1452,4985,125.34269064,44.49799584
1452,4986,137.74411872,44.7635376
1452,4987,150.10686768,43.42375872
1452,4988,161.21448072,37.37664864
1452,4989,171.56512296,36.96516864
1452,4990,181.54034304,35.13051648
1452,4991,191.30266032,35.49920256
1452,4992,201.48005424,37.4830848
1452,4993,211.89546648,37.45455552
1452,4994,222.35318496,38.843712
1452,4995,233.39962464,39.03683328
1452,4996,243.24841368,32.23369728
1452,4997,252.84952224,37.8945648
1452,4998,263.6140524,38.7559296
1452,4999,274.29845064,38.3718816
1452,5000,284.95834296,38.27641824
1452,5001,295.59711264,38.40370272
1452,5002,306.26529552,38.38943808
1452,5003,316.92884544,38.68570368
1452,5004,328.49978496,44.34547392
1452,5005,340.13147112,39.39674112
1452,5006,351.45445584,42.44059584
1452,5007,363.45324312,43.75404
1452,5008,375.67526592,45.0872352
1452,5009,389.32350888,52.0220448
1452,5010,403.13293008,48.00270816
1452,5011,416.63956296,48.42077184
1452,5012,430.10727288,48.5656128
1452,5013,443.3504976,46.21084992
1452,5014,455.70166416,44.07444576
1452,5015,468.26265504,46.4094576
1452,5016,480.78902064,42.06861792
1452,5017,492.41647008,42.72369408
1452,5018,499.4949624,41.148
1457,4979,19.9790304,45.3286368
1457,4980,26.81261592,45.92555712
1457,4981,39.60882096,46.08137088
1457,4982,52.5296892,48.39443712
1457,4983,66.77463912,52.70894208
1457,4984,81.32417568,50.80516128
1457,4985,94.753176,47.14353792
1457,4986,107.86289832,47.37067488
1457,4987,121.09679616,47.70534528
1457,4988,134.3075292,47.02064256
1457,4989,147.09529128,45.52395264
1457,4990,159.69224856,44.46836928
1457,4991,171.67530816,42.5141136
1457,4992,183.34043088,39.75116256
1457,4993,193.42169088,34.68063168
1457,4994,203.16843288,35.46628416
1457,4995,213.3415596,37.87920288
1457,4996,223.92784272,38.00868192
1457,4997,234.00309816,34.49519136
1457,4998,244.00029432,38.02184928
1457,4999,254.6684772,38.55073824
1457,5000,265.44861312,38.74276224
1457,5001,276.17985912,39.75335712
1457,5002,287.9226144,43.1999136
1457,5003,299.25556608,38.69448192
1457,5004,309.9242976,38.3828544
1457,5005,320.68196976,40.29431616
1457,5006,332.44334832,41.94681984
1457,5007,343.4294376,38.46295584
1457,5008,354.18957864,38.88979776
1457,5009,365.34736176,42.4592496
1457,5010,377.52140904,45.35936064
1457,5011,391.28642088,52.46424864
1457,5012,405.4926612,50.30809344
1457,5013,419.47514784,49.89112704
1457,5014,433.16673336,48.60072576
1457,5015,446.493138,46.84946688
1457,5016,459.25928976,45.893736
1457,5017,472.37123712,48.7027728
1457,5018,485.06262144,42.67102464
1457,5019,495.7927473,43.0504092
1461,5040,402.6901776,25.7805936
1461,5041,407.42823264,33.78195936
1461,5042,419.14864608,45.81034272
1461,5043,432.30658776,49.77481536
1461,5044,446.3786856,50.74590816
1461,5045,459.68082816,43.77269376
1461,5046,472.44283464,50.36186016
1461,5047,486.4444932,48.60072576
1461,5048,496.979194,46.6874352
1462,4982,25.1523669333333,52.797456
1462,4983,39.11626416,52.76929248
1462,4984,54.5300916,59.78639808
1462,4985,70.70122512,51.77844864
1462,4986,83.9702664,47.51880768
1462,4987,97.2118452,47.83921344
1462,4988,110.33391192,46.28107584
1462,4989,123.26700264,46.29534048
1462,4990,135.80537736,44.00860896
1462,4991,147.6205836,41.68456992
1462,4992,159.19633896,41.81624352
1462,4993,171.11161104,43.85718432
1462,4994,183.29248584,43.4468016
1462,4995,194.8394376,39.81370752
1462,4996,205.79510784,39.55365216
1462,4997,217.0646916,41.45304384
1462,4998,228.29617536,38.86456032
1462,4999,239.16549576,40.00463424
1462,5000,250.09217952,38.45637216
1462,5001,260.83860456,38.88650592
1462,5002,271.5568356,38.35761696
1462,5003,282.21697176,38.30165568
1462,5004,292.85196192,38.38065984
1462,5005,303.52078488,38.40370272
1462,5006,314.1841824,38.39053536
1462,5007,325.32194016,42.86853504
1462,5008,337.11876696,39.88941984
1462,5009,347.77951272,37.74533472
1462,5010,358.22528304,37.9219968
1462,5011,369.19546176,41.96766816
1462,5012,381.80366616,49.87466784
1462,5013,396.31903464,51.34392576
1462,5014,410.15704608,49.3885728
1462,5015,423.76261704,47.951136
1462,5016,436.69226352,45.94750272
1462,5017,449.375784,45.44275392
1462,5018,461.94128592,45.10040256
1462,5019,474.90455184,47.19291552
1462,5020,487.15220832,42.37914816
1462,5021,497.212053942857,41.861232
1468,4984,24.5310442285714,52.4546866285714
1468,4985,36.71184936,51.33843936
1468,4986,51.00639024,52.86036672
1468,4987,65.9081232,50.94232128
1468,4988,78.66071136,43.63772832
1468,4989,90.87599808,43.58066976
1468,4990,103.08165312,44.43874272
1468,4991,115.34009952,44.23464864
1468,4992,127.93449648,46.48736448
1468,4993,141.06061704,47.46174912
1468,4994,154.10959272,46.30850784
1468,4995,166.92734712,46.21084992
1468,4996,179.4912336,44.16771456
1468,4997,191.68670832,43.9680096
1468,4998,204.35215416,47.20718016
1468,4999,217.59455592,46.9580976
1468,5000,230.05474944,43.88132448
1468,5001,242.24440248,43.87803264
1468,5002,254.37379656,42.6238416
1468,5003,265.7083332,39.31225056
1468,5004,276.43098384,38.39602176
1468,5005,287.08795008,38.26983456
1468,5006,297.73113936,38.41138368
1468,5007,308.39807256,38.3938272
1468,5008,318.98472144,38.5035552
1468,5009,330.22995168,40.32065088
1468,5010,340.74229032,36.53613216
1468,5011,350.65636752,35.4915216
1468,5012,360.73409184,37.197792
1468,5013,371.30083728,38.40589728
1468,5014,382.34727696,43.18235712
1468,5015,395.1451584,46.42372224
1468,5016,407.63165616,45.21671424
1468,5017,420.5703552,46.72547424
1468,5018,433.58403504,46.86812064
1468,5019,446.5963128,46.168056
1468,5020,459.0685764,44.75475936
1468,5021,471.9605496,47.96649792
1468,5022,484.78604592,43.91972928
1468,5023,495.8910834,46.0747872
1474,4986,24.0537709714286,51.1457883428572
1474,4987,35.78821392,48.59085024
1474,4988,49.68355824,52.40499552
1474,4989,64.32273648,51.92548416
1474,4990,77.42066304,43.27343136
1474,4991,89.536524,43.69588416
1474,4992,102.06602904,46.62232992
1474,4993,115.05889104,47.8030032
1474,4994,128.5907004,48.8125008
1474,4995,142.19337576,48.83554368
1474,4996,155.62938648,47.85676992
1474,4997,168.81555264,47.2214448
1474,4998,182.00443152,46.73205792
1474,4999,194.5701468,45.71158752
1474,5000,207.80291688,49.4489232
1474,5001,221.57067192,47.38932864
1474,5002,234.24410352,44.93142144
1474,5003,246.50739624,43.75074816
1474,5004,258.27797976,40.99767264
1474,5005,269.41019016,38.86675488
1474,5006,280.08416424,38.40699456
1474,5007,290.608512,36.6326928
1474,5008,300.23690016,33.32000448
1474,5009,309.85651008,36.87299712
1474,5010,320.500248,39.90917088
1474,5011,332.04329832,41.22700416
1474,5012,342.95230368,37.94723424
1474,5013,353.12747256,35.52444
1474,5014,362.75500728,34.35693408
1474,5015,372.37973784,34.83425088
1474,5016,382.45990056,38.73178944
1474,5017,393.68784864,40.18678272
1474,5018,404.50870584,38.41138368
1474,5019,415.64618928,41.7899088
1474,5020,427.25556408,41.52985344
1474,5021,438.95988408,43.08689376
1474,5022,450.86464056,42.92888544
1474,5023,462.95450208,44.2258704
1474,5024,476.00811072,49.14936576
1474,5025,489.29796984,47.07550656
1474,5026,498.5531304,48.006
1480,4988,26.67252984,45.51956352
1480,4989,39.14201976,42.42962304
1480,4990,51.8489184,52.13835648
1480,4991,66.7958532,51.17275008
1480,4992,79.55505552,43.40181312
1480,4993,91.76250888,44.549568
1480,4994,104.3776932,45.3944736
1480,4995,116.9851356,46.89006624
1480,4996,130.35567528,48.77629056
1480,4997,144.03653184,48.95624448
1480,4998,157.62710664,49.33261152
1480,4999,171.24971592,48.81908448
1480,5000,184.90560936,49.38198912
1480,5001,198.61755552,49.09340448
1480,5002,212.32273512,50.47158816
1480,5003,226.0448616,46.76387904
1480,5004,238.57665264,44.14686624
1480,5005,250.77039,43.79134752
1480,5006,262.76820192,41.97973824
1480,5007,273.83122272,38.3828544
1480,5008,284.4951384,38.34554688
1480,5009,294.80643096,34.77170592
1480,5010,304.04473608,32.91730272
1480,5011,313.18449936,32.89974624
1480,5012,322.4802288,35.34558336
1480,5013,332.8035,36.4406688
1480,5014,342.26330328,32.890968
1480,5015,351.40495632,32.9184
1480,5016,360.54459768,32.8854816
1480,5017,369.70359384,33.59981088
1480,5018,379.63452648,39.05548704
1480,5019,391.27666728,42.92230176
1480,5020,402.91667448,41.36087232
1480,5021,414.59158128,42.19370784
1480,5022,426.18397872,40.94610048
1480,5023,437.75686896,43.03422432
1480,5024,449.8534056,44.2642752
1480,5025,462.33094224,45.09491616
1480,5026,475.305882,48.59633664
1480,5027,488.80062768,49.0923072
1480,5028,498.4725108,49.9481856
1484,4989,24.68764176,44.2148976
1484,4990,36.90338568,44.1600336
1484,4991,49.32087672,46.31399424
1484,4992,62.6144544,47.5780608
1484,4993,74.56633296,38.8766304
1484,4994,85.24993872,38.67692544
1484,4995,96.20094552,41.1370272
1484,4996,108.3871848,46.27558944
1484,4997,121.99796784,50.46500448
1484,4998,135.82747536,49.4708688
1484,4999,149.55228408,49.3666272
1484,5000,163.2652056,49.36004352
1484,5001,176.97928536,49.37979456
1484,5002,190.69687032,49.38418368
1484,5003,204.43435872,50.03816256
1484,5004,218.59908528,50.7546864
1484,5005,232.31606064,47.45845728
1484,5006,244.82703384,43.8747408
1484,5007,256.84624272,41.96766816
1484,5008,268.03770624,38.85249024
1484,5009,278.71000392,38.21058144
1484,5010,288.66346128,33.26184864
1484,5011,297.79529976,32.65176096
1484,5012,306.4735044,29.06584992
1484,5013,314.17607472,27.41115168
1484,5014,321.9491148,29.873448
1484,5015,330.83062104,32.14810944
1484,5016,339.56280576,31.9747392
1484,5017,348.84609936,34.63674048
1484,5018,358.71997344,36.39568032
1484,5019,369.14081112,38.38065984
1484,5020,379.98260808,41.43768192
1484,5021,392.53116312,46.59709248
1484,5022,405.03991128,43.63772832
1484,5023,417.09374544,43.8966864
1484,5024,429.3802944,43.57737792
1484,5025,441.26761632,42.82574112
1484,5026,453.3537288,44.03055456
1484,5027,465.85485696,47.03380992
1484,5028,479.4872808,49.45770144
1484,5029,492.7591872,46.09783008
1484,5030,500.0176944,45.1750176
1489,4991,22.0448632,38.733984
1489,4992,30.90437304,40.6103328
1489,4993,42.66657456,44.13150432
1489,4994,55.02176448,45.1695312
1489,4995,69.30310752,57.3657984
1489,4996,83.58780336,43.79134752
1489,4997,95.26520952,41.7295584
1489,4998,106.81478256,41.21493408
1489,4999,118.54162728,43.60700448
1489,5000,130.72588536,43.8857136
1489,5001,143.04373728,45.11576448
1489,5002,155.89328232,47.45736
1489,5003,169.36068744,49.23605088
1489,5004,183.07717512,49.38089184
1489,5005,196.79847864,49.64204448
1489,5006,210.9283056,52.47522144
1489,5007,225.25158912,49.66728192
1489,5008,238.61350296,45.84106656
1489,5009,250.92794112,43.99763616
1489,5010,263.3161104,44.79755328
1489,5011,275.1554568,39.74677344
1489,5012,285.81132576,36.90591552
1489,5013,295.3624776,32.92169184
1489,5014,304.50620328,32.91730272
1489,5015,313.54437672,31.26040992
1489,5016,321.74559984,29.73848256
1489,5017,330.63935904,32.82622848
1489,5018,339.537294,31.97693376
1489,5019,348.71936352,33.86644992
1489,5020,358.08815352,33.42644064
1489,5021,367.68097152,36.26071488
1489,5022,378.0355152,38.97319104
1489,5023,389.815578,44.70208992
1489,5024,402.10060296,43.42046688
1489,5025,414.13111992,42.20248608
1489,5026,425.2565028,39.18606336
1489,5027,436.15197504,39.584376
1489,5028,447.5168088,41.82941088
1489,5029,459.12063624,42.07959072
1489,5030,471.67498248,48.42516096
1489,5031,484.84813368,46.09783008
1489,5032,496.000909371429,48.4135611428571
1498,4993,21.9729812,40.0946112
1498,4994,30.99864768,41.54960448
1498,4995,42.87524064,44.37729504
1498,4996,56.51516256,53.14785408
1498,4997,69.74208048,35.75377152
1498,4998,79.88646456,44.1819792
1498,4999,92.32324944,44.14247712
1498,5000,104.5140912,43.88461632
1498,5001,116.70910872,43.91972928
1498,5002,128.8936716,43.8802272
1498,5003,141.09508992,44.02726272
1498,5004,153.58036848,46.72657152
1498,5005,166.95182256,48.8618784
1498,5006,180.63825696,49.38198912
1498,5007,194.35572,49.37650272
1498,5008,208.26901704,51.97925088
1498,5009,222.77956968,50.47707456
1498,5010,236.53025592,49.36772448
1498,5011,250.1213184,47.51332128
1498,5012,262.7411052,43.44570432
1498,5013,273.99520512,38.29287744
1498,5014,284.094174,33.87083904
1498,5015,293.23905792,32.3203824
1498,5016,301.5412308,27.62512128
1498,5017,309.15867048,27.41663808
1498,5018,316.77519576,27.42761088
1498,5019,324.71907624,30.55266432
1498,5020,333.3469584,30.18727008
1498,5021,341.96956752,32.808672
1498,5022,351.51514152,35.8591104
1498,5023,361.72024176,37.8067824
1498,5024,372.36580848,38.39821632
1498,5025,383.41343688,42.56788032
1498,5026,395.62759584,43.3261008
1498,5027,407.54932968,43.30305792
1498,5028,419.68396632,43.89888096
1498,5029,431.75252232,43.47094176
1498,5030,444.09737952,44.85351456
1498,5031,456.3820692,43.25368032
1498,5032,468.42742992,44.7470784
1498,5033,481.030026,43.92631296
1498,5034,492.9353616,43.1889408
1498,5035,500.1033432,43.7485536
1505,4995,23.6585379,42.2946576
1505,4996,34.4259408,43.12529856
1505,4997,46.63141296,47.35641024
1505,4998,60.87675912,52.65407808
1505,4999,74.21980584,43.39413216
1505,5000,86.219538,43.3370736
1505,5001,98.26672752,43.72770528
1505,5002,110.45650248,43.90546464
1505,5003,122.59552824,43.29647424
1505,5004,134.68734048,43.94496672
1505,5005,146.88436968,43.92521568
1505,5006,159.24833784,45.20135232
1505,5007,172.10114424,47.74155552
1505,5008,185.59101312,48.83225184
1505,5009,199.2754968,49.953672
1505,5010,213.54620232,52.49058336
1505,5011,227.694744,49.39076736
1505,5012,241.40797032,49.17021408
1505,5013,254.41409112,44.10736416
1505,5014,266.25663792,40.49292384
1505,5015,276.60981,34.2790272
1505,5016,285.79748784,32.65395552
1505,5017,294.47142528,29.72092608
1505,5018,302.45261328,27.74691936
1505,5019,310.0736496,27.41224896
1505,5020,317.68889472,27.4813776
1505,5021,325.85829672,31.99887936
1505,5022,334.89415368,32.34671712
1505,5023,343.95918,33.05226816
1505,5024,353.27594064,33.8675472
1505,5025,362.99845104,36.99150336
1505,5026,373.58607528,38.41906464
1505,5027,384.87288024,44.22257856
1505,5028,397.52445768,44.90398944
1505,5029,409.7626044,44.03823552
1505,5030,422.1893004,45.62929152
1505,5031,435.04869048,46.58831424
1505,5032,448.04783136,47.26643328
1505,5033,461.27612088,47.89846656
1505,5034,475.04006592,50.03706528
1505,5035,488.19608736,46.03857696
1505,5036,497.94133584,47.54733696
1513,4997,25.2126834666667,43.7436768
1513,4998,36.80283216,43.56311328
1513,4999,48.70865544,42.03021312
1513,5000,59.94507696,39.66008832
1513,5001,70.88983536,38.84480928
1513,5002,81.58563312,38.43332928
1513,5003,92.27231736,39.24751104
1513,5004,103.88778816,43.28659872
1513,5005,115.627404,41.76467136
1513,5006,127.41533064,43.2712368
1513,5007,139.57258344,43.91424288
1513,5008,151.76107824,43.88351904
1513,5009,164.2867428,47.44419264
1513,5010,177.8940816,49.38089184
1513,5011,191.61181896,49.3830864
1513,5012,205.41941136,51.2649216
1513,5013,220.08163248,51.7422384
1513,5014,233.786934,47.31690816
1513,5015,246.3567336,44.01409536
1513,5016,258.41011056,42.52289184
1513,5017,269.72419512,38.86236576
1513,5018,280.16137008,35.38728
1513,5019,289.43036856,32.3203824
1513,5020,297.73241952,27.63280224
1513,5021,305.12388048,25.2319536
1513,5022,311.88291192,23.29415712
1513,5023,318.06937656,21.96096192
1513,5024,324.81898968,28.07281152
1513,5025,333.1140912,30.5702208
1513,5026,341.97575496,32.863536
1513,5027,351.05925216,32.49704448
1513,5028,360.10727064,32.76916992
1513,5029,369.33670608,34.82108352
1513,5030,380.18347128,45.12234816
1513,5031,394.20917856,52.85926944
1513,5032,409.19756616,55.3413168
1513,5033,424.56579552,54.90679392
1513,5034,439.79601144,54.1562544
1513,5035,454.3865436,51.489864
1513,5036,468.74362944,52.37427168
1513,5037,482.84386032,47.62634112
1513,5038,495.41859768,43.41168864
1520,4999,20.209764,44.769024
1520,5000,27.66184968,44.5605408
1520,5001,39.7442436,42.1959024
1520,5002,51.9261852,46.8703152
1520,5003,65.22467016,46.11758112
1520,5004,76.87336416,39.36821184
1520,5005,87.66849624,38.37407616
1520,5006,98.70740736,41.27528448
1520,5007,110.07489288,40.55656608
1520,5008,121.62282,42.44498496
1520,5009,133.61697432,43.94167488
1520,5010,145.81912416,43.88242176
1520,5011,158.00956968,43.88132448
1520,5012,170.2905408,45.3944736
1520,5013,183.53300352,49.2514128
1520,5014,197.17469328,48.81688992
1520,5015,210.99191736,51.24626784
1520,5016,224.92203936,47.74045824
1520,5017,237.6696288,44.3465712
1520,5018,249.85897704,43.42156416
1520,5019,261.21750144,38.1140208
1520,5020,271.02904392,33.05117088
1520,5021,279.84334176,29.3467536
1520,5022,287.53591464,27.30142368
1520,5023,295.14216816,27.432
1520,5024,302.762412,27.432
1520,5025,310.37985168,27.41224896
1520,5026,317.99729136,27.73484928
1520,5027,326.57061432,34.29768096
1520,5028,336.1552332,33.63602112
1520,5029,345.29075976,32.10312096
1520,5030,353.93952072,30.9871872
1520,5031,362.84669112,32.87670336
1520,5032,372.0102288,33.7907376
1520,5033,382.35373872,41.37184512
1520,5034,394.37550792,43.4687472
1520,5035,406.42650744,43.80670944
1520,5036,419.12962656,48.00380544
1520,5037,432.9213084,51.20566848
1520,5038,447.40644072,52.5432528
1520,5039,461.6784264,50.5900944
1520,5040,476.11869216,51.69176352
1520,5041,489.46984656,45.73792224
1520,5042,498.2571696,44.0996832
1523,5001,20.9472784,46.798992
1523,5002,29.22303528,46.55429856
1523,5003,41.61629472,43.15711968
1523,5004,54.04094856,46.49285088
1523,5005,66.89585808,43.91204832
1523,5006,78.02090568,38.18973312
1523,5007,88.8673356,39.16302048
1523,5008,99.67438536,39.7654272
1523,5009,110.9406468,40.65202944
1523,5010,122.33510712,41.66262432
1523,5011,133.99943736,41.88427488
1523,5012,145.71028008,43.15492512
1523,5013,157.85738304,43.87803264
1523,5014,170.29029696,46.90652544
1523,5015,183.67062072,48.28361184
1523,5016,197.25052752,49.37321088
1523,5017,211.22804592,51.77296224
1523,5018,225.25317408,47.64499488
1523,5019,237.82806384,43.9131456
1523,5020,249.58630296,39.66338016
1523,5021,259.86995016,35.21390976
1523,5022,269.19274584,30.64264128
1523,5023,277.04043144,27.42980544
1523,5024,284.6569872,27.32885568
1523,5025,292.2439164,27.40676256
1523,5026,299.86480032,27.432
1523,5027,307.48440408,27.41444352
1523,5028,315.16088352,28.8255456
1523,5029,324.17967168,36.41652864
1523,5030,334.5093132,35.35765344
1523,5031,343.80242136,32.82622848
1523,5032,352.86327192,32.479488
1523,5033,361.92939552,32.836104
1523,5034,371.069616,32.9184
1523,5035,380.3573292,35.6506272
1523,5036,391.20884928,40.73761728
1523,5037,402.44746536,40.73761728
1523,5038,414.27955752,44.38058688
1523,5039,427.0798164,47.11939776
1523,5040,440.40183192,49.64862816
1523,5041,454.56079776,51.75430848
1523,5042,469.58877888,57.26594592
1523,5043,485.40981912,54.25391232
1523,5044,496.8920212,49.6464336
1527,5003,20.7948784,55.4236128
1527,5004,30.73310592,54.29670624
1527,5005,45.69198888,53.6624784
1527,5006,59.849766,47.36518848
1527,5007,71.93987136,39.70068768
1527,5008,82.65197592,38.42345376
1527,5009,93.31671456,38.51672256
1527,5010,104.12291088,39.2771376
1527,5011,115.6078968,42.91132896
1527,5012,127.24738584,41.22261504
1527,5013,138.70204416,41.05692576
1527,5014,149.90874768,40.27237056
1527,5015,161.17202208,40.90769568
1527,5016,172.94544024,43.61907456
1527,5017,185.1948036,44.5879728
1527,5018,197.61717144,44.28292896
1527,5019,210.18593472,47.78764128
1527,5020,223.3272648,44.79865056
1527,5021,235.53868056,43.88461632
1527,5022,247.24162896,37.8506736
1527,5023,256.6137108,31.75638048
1527,5024,265.17215952,28.94295456
1527,5025,272.3165496,23.646384
1527,5026,278.63813208,21.9840048
1527,5027,284.72858472,21.97961568
1527,5028,291.2664228,25.90019712
1527,5029,298.79464752,27.432
1527,5030,306.41800032,27.73704384
1527,5031,314.56146384,31.21651872
1527,5032,323.87401824,36.4406688
1527,5033,334.24468584,35.9523792
1527,5034,343.9948416,35.29291392
1527,5035,353.91306408,36.16854336
1527,5036,364.14861384,37.90114848
1527,5037,374.8005204,38.46405312
1527,5038,386.06976888,43.38754848
1527,5039,398.33525616,44.04262464
1527,5040,410.6450004,45.40764096
1527,5041,423.65636376,47.9401632
1527,5042,436.48871808,43.369992
1527,5043,448.32013968,42.52618368
1527,5044,460.67615256,47.66474592
1527,5045,474.33152784,49.40283744
1527,5046,487.59148608,44.69660352
1527,5047,497.6856696,49.4160048
1537,5006,9.5283528,44.7470784
1537,5007,16.98586392,44.74488384
1537,5008,29.41332192,44.83705536
1537,5009,42.0916608,48.4942896
1537,5010,57.68928264,60.12765216
1537,5011,72.53575536,45.24524352
1537,5012,84.21160704,41.63190048
1537,5013,95.43885408,40.46549184
1537,5014,107.2760364,45.11027808
1537,5015,120.32275656,46.38092832
1537,5016,132.86997048,45.0049392
1537,5017,145.21132248,43.82755776
1537,5018,156.84666624,39.27384576
1537,5019,167.66359152,40.52693952
1537,5020,179.75235576,44.77670496
1537,5021,191.91189456,42.64139808
1537,5022,203.77458864,43.973496
1537,5023,216.31006776,45.46908864
1537,5024,227.78947584,36.97504416
1537,5025,238.499904,39.2332464
1537,5026,248.2646292,30.49560576
1537,5027,256.09231992,28.20448512
1537,5028,264.03324384,28.25496
1537,5029,271.71057672,27.39030336
1537,5030,279.14275896,25.38118368
1537,5031,285.77221992,22.83659136
1537,5032,292.3114296,25.72134048
1537,5033,299.8649832,27.42541632
1537,5034,307.65234888,29.47074624
1537,5035,316.39130016,32.87341152
1537,5036,326.29534944,39.14985312
1537,5037,337.22291712,38.3170176
1537,5038,347.84224056,38.40260544
1537,5039,358.50646104,38.35213056
1537,5040,369.1649208,38.4048
1537,5041,379.94746464,40.64764032
1537,5042,392.01480144,44.6154048
1537,5043,403.914102,41.20396128
1537,5044,415.52344632,42.79282272
1537,5045,427.56874608,43.30744704
1537,5046,439.45292856,42.7829472
1537,5047,451.27935144,41.7953952
1537,5048,463.03256136,43.54884864
1537,5049,475.44904656,45.3780144
1537,5050,487.64058936,41.9051232
1537,5051,497.317863085714,40.2780137142857
1542,5010,20.5147164,54.370224
1542,5011,29.9502576,55.32266304
1542,5012,45.67293888,57.17816352
1542,5013,60.78644688,43.90656192
1542,5014,73.0363284,52.65188352
1542,5015,86.2960428,41.81843808
1542,5016,97.88862312,43.30634976
1542,5017,110.39898672,45.2298816
1542,5018,123.04788192,45.52943904
1542,5019,135.4444332,44.17868736
1542,5020,147.95150496,46.03747968
1542,5021,160.72762368,45.99029664
1542,5022,173.64139008,46.4862672
1542,5023,186.31884504,44.67246336
1542,5024,198.5450436,43.8802272
1542,5025,210.82781304,44.67904704
1542,5026,222.63997128,39.4033248
1542,5027,233.06916048,35.38947456
1542,5028,242.23879416,30.43415808
1542,5029,250.0894668,27.38920608
1542,5030,257.53978464,26.20743552
1542,5031,264.7148376,24.5571264
1542,5032,271.02645312,21.88415232
1542,5033,277.16494224,22.89913632
1542,5034,284.00224632,26.17122528
1542,5035,291.48505584,27.33982848
1542,5036,299.10280032,27.42980544
1542,5037,306.72304416,27.42212448
1542,5038,314.34255648,27.8873712
1542,5039,323.068188,36.25083936
1542,5040,333.62453976,36.45383616
1542,5041,343.23229296,34.35693408
1542,5042,352.90131096,35.11186272
1542,5043,362.49251352,34.07164128
1542,5044,372.21740136,36.57453696
1542,5045,383.00217024,41.43000096
1542,5046,394.851636,42.23540448
1542,5047,406.33427496,41.19957216
1542,5048,418.05328632,43.30086336
1542,5049,430.03232256,41.96108448
1542,5050,441.61310712,41.89305312
1542,5051,453.27743736,42.0587424
1542,5052,464.81128272,42.272712
1542,5053,476.92409568,41.88098304
1542,5054,487.95944064,41.00645088
1542,5055,497.6692104,45.884592
1549,5014,21.6088976,43.6388256
1549,5015,29.22839976,42.99801408
1549,5016,41.0454348,43.15273056
1549,5017,54.23605104,52.35561792
1549,5018,68.86919424,49.3885728
1549,5019,81.3849528,43.40400768
1549,5020,93.50056992,43.31951712
1549,5021,105.5786052,43.92302112
1549,5022,117.90008424,44.42776992
1549,5023,130.11235344,43.88461632
1549,5024,142.3144728,43.88351904
1549,5025,154.5550884,45.26499456
1549,5026,167.52993672,47.07440928
1549,5027,180.80464728,48.79823616
1549,5028,194.26431048,48.00270816
1549,5029,207.69084192,48.96831456
1549,5030,221.1139596,45.92555712
1549,5031,233.24908392,41.39159616
1549,5032,243.6580344,33.59103264
1549,5033,252.17359776,28.42394112
1549,5034,259.93621368,28.25934912
1549,5035,267.72540816,27.05014656
1549,5036,275.06581512,26.8778736
1549,5037,282.67185528,27.40127616
1549,5038,290.25896736,27.33543936
1549,5039,297.8766204,27.432
1549,5040,305.49649848,27.43090272
1549,5041,313.11622416,27.72716832
1549,5042,321.52425408,34.2186768
1549,5043,331.788516,37.11769056
1549,5044,341.75392152,35.85801312
1549,5045,351.88873488,36.813744
1549,5046,362.3009772,38.23801344
1549,5047,372.96553296,38.40150816
1549,5048,384.06342288,42.51521088
1549,5049,396.14222016,43.32390624
1549,5050,408.24061608,43.94167488
1549,5051,420.57273264,44.8568064
1549,5052,433.20696696,46.58611968
1549,5053,446.36195208,48.14645184
1549,5054,459.78525264,47.76569568
1549,5055,473.38954344,50.01292512
1549,5056,486.21488736,42.83451936
1549,5057,496.646258057143,45.9180329142857
1554,5016,26.36181672,53.29379232
1554,5017,39.9320004,44.10626688
1554,5018,52.66825128,50.13911232
1554,5019,66.9689796,49.2843312
1554,5020,79.46614536,42.90145344
1554,5021,91.16357688,40.98231072
1554,5022,102.6446004,41.81624352
1554,5023,114.37613904,42.33086784
1554,5024,125.97085296,41.51449152
1554,5025,137.57038272,42.42194208
1554,5026,149.63006904,43.83962784
1554,5027,161.72057064,43.92741024
1554,5028,174.17774664,45.80375904
1554,5029,187.23739032,47.7481392
1554,5030,200.4797616,47.82604608
1554,5031,214.38653592,50.94451584
1554,5032,227.4617244,43.98776064
1554,5033,239.49550272,41.36306688
1554,5034,249.7903056,32.79001824
1554,5035,258.193794,29.3686992
1554,5036,266.32573608,28.26922464
1554,5037,273.4295268,22.8014784
1554,5038,279.5453388,21.9456
1554,5039,285.6834012,23.19211008
1554,5040,292.84443336,27.43529184
1554,5041,300.465744,27.432
1554,5042,308.08556112,27.42322176
1554,5043,315.79639152,29.3412672
1554,5044,325.0407012,36.97614144
1554,5045,335.41146024,36.71608608
1554,5046,345.84586152,38.39602176
1554,5047,356.51270328,38.38614624
1554,5048,367.17415008,38.3993136
1554,5049,377.862084,39.26835936
1554,5050,389.49468456,43.82865504
1554,5051,401.51721576,42.78184992
1554,5052,413.4645528,43.34256
1554,5053,425.7033396,44.31255552
1554,5054,437.91502968,44.1161424
1554,5055,450.23388744,44.38278144
1554,5056,462.89134752,47.74375008
1554,5057,476.55958536,47.29057344
1554,5058,489.12365472,45.67428
1554,5059,498.1008072,47.1391488
1560,5019,23.0289898285714,41.7468013714286
1560,5020,32.94830088,42.01924032
1560,5021,44.58468096,41.88537216
1560,5022,56.22029904,41.73394752
1560,5023,67.66709352,41.8831776
1560,5024,79.69822008,43.56969696
1560,5025,91.18725984,38.68241184
1560,5026,101.69679432,38.3170176
1560,5027,112.82967528,41.15787552
1560,5028,124.27308648,41.56386912
1560,5029,136.28458392,44.49909312
1560,5030,148.83765,46.51040736
1560,5031,162.18429336,48.8234736
1560,5032,175.76045112,49.24373184
1560,5033,189.37495272,48.14754912
1560,5034,202.20023568,44.53640064
1560,5035,214.83699984,46.26351936
1560,5036,227.28555,43.38535392
1560,5037,238.91958312,39.6886176
1560,5038,249.19201368,34.32182112
1560,5039,258.3990768,32.95241568
1560,5040,267.30435744,29.78895744
1560,5041,275.06121264,27.42322176
1560,5042,282.6818832,27.40017888
1560,5043,290.26795896,27.47808576
1560,5044,298.1183268,29.74945536
1560,5045,306.95344248,32.91620544
1560,5046,316.10692176,33.55921152
1560,5047,326.4650316,41.10081696
1560,5048,337.5359772,37.99002816
1560,5049,348.08333736,37.68278976
1560,5050,358.527096,38.00209824
1560,5051,369.1726932,38.4048
1560,5052,379.91725896,39.99146688
1560,5053,391.56936672,42.24966912
1560,5054,402.72654024,39.02366592
1560,5055,413.4214236,37.81994976
1560,5056,424.33902432,41.51229696
1560,5057,436.28364864,43.8418224
1560,5058,448.72186608,45.08613792
1560,5059,461.15703552,45.30339936
1560,5060,474.46582272,49.38528096
1560,5061,487.22667096,43.30744704
1560,5062,497.0869408,45.8955648
1563,5020,20.4408024,41.4113472
1563,5021,26.85903696,40.64983488
1563,5022,37.78038672,37.75411296
1563,5023,48.63202872,43.09128288
1563,5024,61.54905648,47.39920416
1563,5025,73.63715016,39.29140224
1563,5026,84.37293768,38.81189088
1563,5027,95.06745528,38.57268384
1563,5028,106.00797696,39.49330176
1563,5029,116.83041912,38.89418688
1563,5030,127.6188456,39.1509504
1563,5031,139.03576968,42.903648
1563,5032,151.15126488,43.88681088
1563,5033,163.47070176,45.3012048
1563,5034,176.56707384,48.7850688
1563,5035,190.16496384,48.82676544
1563,5036,203.62953432,47.97747072
1563,5037,216.83853,46.4807808
1563,5038,228.73716,39.2661648
1563,5039,239.39244984,37.44358272
1563,5040,249.10072608,33.04787904
1563,5041,258.1029636,31.58301024
1563,5042,266.59310664,28.94734368
1563,5043,274.2916536,27.41444352
1563,5044,281.97450336,28.23081984
1563,5045,290.34738984,32.26881024
1563,5046,299.47855776,32.91620544
1563,5047,308.85326088,35.92384992
1563,5048,319.43936112,40.31296992
1563,5049,331.56500616,44.83266624
1563,5050,343.31263824,40.18349088
1563,5051,354.46886688,40.22299296
1563,5052,365.34967824,38.40041088
1563,5053,376.0160628,38.64400704
1563,5054,387.4916304,44.24013504
1563,5055,399.6246516,41.64067872
1563,5056,410.88128136,40.55656608
1563,5057,421.96365696,39.04780608
1563,5058,432.83014272,39.04231968
1563,5059,443.80428384,40.73542272
1563,5060,455.73199176,44.85461184
1563,5061,468.65563368,49.23275904
1563,5062,482.39836464,47.951136
1563,5063,494.816214666667,46.6490304
1564,5022,22.8593468571429,40.9943808
1564,5023,32.50877928,40.54559328
1564,5024,43.75958736,39.64033728
1564,5025,54.52061232,38.59353216
1564,5026,65.25332136,38.59243488
1564,5027,75.9419868,38.4157728
1564,5028,86.70410904,39.0906
1564,5029,97.70321328,40.32065088
1564,5030,108.78199224,39.49769088
1564,5031,119.72748216,39.10596192
1564,5032,130.5601656,39.27055392
1564,5033,141.93015048,42.74344512
1564,5034,154.047444,43.8912
1564,5035,166.23782856,43.88242176
1564,5036,178.6103616,45.5755248
1564,5037,191.36996016,45.50200704
1564,5038,203.8351524,45.18379584
1564,5039,216.83682312,46.86921792
1564,5040,229.06305216,40.86490176
1564,5041,239.45465952,34.28231904
1564,5042,248.61981264,32.23589184
1564,5043,257.18021208,30.07205568
1564,5044,265.50981696,28.95831648
1564,5045,273.23137632,27.40895712
1564,5046,281.203146,30.99047904
1564,5047,290.19416688,32.79989376
1564,5048,299.33161368,32.91730272
1564,5049,308.68964424,35.37520992
1564,5050,319.10612328,39.7873728
1564,5051,331.22872032,45.9924912
1564,5052,343.64551032,43.72221888
1564,5053,355.72427712,43.47862272
1564,5054,367.522506,40.31845632
1564,5055,378.36274848,39.7654272
1564,5056,390.12217632,43.6882032
1564,5057,401.62008576,38.86785216
1564,5058,412.29296256,38.40918912
1564,5059,422.96221224,38.4048
1564,5060,433.63018176,38.40370272
1564,5061,444.2449332,38.32469856
1564,5062,455.30944752,40.77053568
1564,5063,466.90477104,44.51335776
1564,5064,479.66732616,44.9555616
1564,5065,491.87179248,43.63553376
1564,5066,499.1935152,44.1216288
1569,5025,21.2924136,42.2013888
1569,5026,30.21957888,42.01594848
1569,5027,41.50394544,40.38209856
1569,5028,53.363622,43.70685696
1569,5029,66.147696,47.63511936
1569,5030,79.39012824,47.8359216
1569,5031,91.84672512,42.2123616
1569,5032,103.57579488,41.9325552
1569,5033,115.16270592,42.51191904
1569,5034,127.06420104,42.69406752
1569,5035,139.0538748,43.1834544
1569,5036,150.74240616,41.35538592
1569,5037,161.99839584,40.44135168
1569,5038,173.71798632,43.48081728
1569,5039,185.89642272,43.89558912
1569,5040,198.08842272,43.88242176
1569,5041,210.70522248,47.73936096
1569,5042,223.60231632,43.10774208
1569,5043,235.12031208,41.09642784
1569,5044,246.27818664,38.81518272
1569,5045,256.86873696,37.61914752
1569,5046,266.88449544,33.89278464
1569,5047,276.05025816,32.90852448
1569,5048,285.18602856,32.6934576
1569,5049,294.02452752,31.90122144
1569,5050,303.25012248,33.48569376
1569,5051,312.43533144,32.90084352
1569,5052,321.892422,37.59500736
1569,5053,333.44726808,43.01776512
1569,5054,345.49372608,44.08212672
1569,5055,357.7977096,44.16332544
1569,5056,370.00650408,43.89010272
1569,5057,382.36416288,46.08466272
1569,5058,395.442186,46.04296608
1569,5059,407.47498896,41.4168336
1569,5060,418.75959936,39.5514576
1569,5061,429.51727152,38.40370272
1569,5062,440.1846924,38.39821632
1569,5063,450.92688072,39.00501216
1569,5064,461.57573928,37.38103776
1569,5065,472.50836664,41.78881152
1569,5066,483.39030576,36.13672224
1569,5067,494.27273256,43.57079424
1573,5029,25.25652048,38.4048
1573,5030,35.90653728,38.57817024
1573,5031,47.16213072,43.83414144
1573,5032,60.1599,48.0224592
1573,5033,72.53563344,40.15935072
1573,5034,83.42699088,39.38028192
1573,5035,94.61592456,41.94243072
1573,5036,106.64668536,43.87912992
1573,5037,118.93582512,44.47056384
1573,5038,131.26849032,44.44642368
1573,5039,143.53385568,43.8802272
1573,5040,155.72387448,43.88681088
1573,5041,167.91191208,43.87803264
1573,5042,180.10293672,44.03165184
1573,5043,192.54240384,44.8568064
1573,5044,204.80362392,44.41460256
1573,5045,217.52606736,45.98042112
1573,5046,229.65387648,40.85612352
1573,5047,240.48729144,38.38943808
1573,5048,251.15285304,38.41467552
1573,5049,261.90278328,38.89967328
1573,5050,272.61671664,38.3444496
1573,5051,283.27999224,38.3389632
1573,5052,293.91382416,38.3444496
1573,5053,304.57789224,38.13267456
1573,5054,314.85178584,36.46590624
1573,5055,325.7761836,42.8432976
1573,5056,337.57078536,41.31368928
1573,5057,349.38041376,43.39413216
1573,5058,361.46515464,43.76062368
1573,5059,373.65032712,43.90875648
1573,5060,386.14331712,46.39519296
1573,5061,398.47704912,40.5335232
1573,5062,409.22853384,37.99002816
1573,5063,419.37023568,35.30278944
1573,5064,429.18348504,35.44543584
1573,5065,438.89349864,34.18905024
1573,5066,448.20196872,32.90962176
1573,5067,457.50187392,34.71135552
1573,5068,467.43268464,37.39749696
1573,5069,478.12552584,36.87299712
1573,5070,487.88028408,35.52663456
1573,5071,496.7961108,35.14725
1579,5031,24.10300488,42.47351424
1579,5032,35.72030448,40.571928
1579,5033,47.63652144,48.45149568
1579,5034,62.13997224,52.66724544
1579,5035,75.44863752,43.73648352
1579,5036,87.66654552,44.4727584
1579,5037,100.13067096,45.235368
1579,5038,112.7894112,46.57734144
1579,5039,125.95488144,47.75801472
1579,5040,139.09191384,45.8224128
1579,5041,151.45810704,43.92850752
1579,5042,163.60143048,43.33487904
1579,5043,175.46592288,41.9654736
1579,5044,187.21139088,43.06933728
1579,5045,199.19591352,43.06494816
1579,5046,211.24096944,44.01519264
1579,5047,223.34863128,41.44865472
1579,5048,234.24620664,38.40041088
1579,5049,244.892322,37.67181696
1579,5050,254.79600552,34.49958048
1579,5051,264.50263584,34.482024
1579,5052,273.76706232,32.87889792
1579,5053,282.95288088,33.43741344
1579,5054,292.46187888,35.82948384
1579,5055,302.9146596,38.4102864
1579,5056,313.54827816,37.8671328
1579,5057,324.37254912,41.50022688
1579,5058,335.9197752,39.59864064
1579,5059,346.68534168,39.37369824
1579,5060,357.85528632,40.9450032
1579,5061,369.70173456,43.89449184
1579,5062,381.95624904,44.71525728
1579,5063,394.31893704,42.24747456
1579,5064,405.19657848,37.81336608
1579,5065,415.36043928,34.3338912
1579,5066,424.52260536,32.37085728
1579,5067,433.49893488,32.22821088
1579,5068,442.26004512,31.27248
1579,5069,451.05376896,32.2326
1579,5070,459.99876504,32.08775904
1579,5071,469.42296768,36.82142496
1579,5072,479.9717604,36.17512704
1579,5073,489.64714872,36.6601248
1579,5074,497.72974368,40.03755264
1582,5032,19.3682112,44.5166496
1582,5033,26.6024868,43.75623456
1582,5034,38.5376928,42.49875168
1582,5035,51.54911712,55.62880416
1582,5036,65.24536608,41.21273952
1582,5037,79.18164504,52.065936
1582,5038,91.62632424,42.75990432
1582,5039,103.77955368,44.52323328
1582,5040,116.37821784,45.84655296
1582,5041,129.28527864,47.3202
1582,5042,142.1509476,44.46946656
1582,5043,154.15631856,41.70541824
1582,5044,165.23976096,38.69448192
1582,5045,176.03410056,39.09389184
1582,5046,187.05923472,39.68532576
1582,5047,198.2067156,41.18421024
1582,5048,210.08973984,45.03456576
1582,5049,222.47681184,42.20906976
1582,5050,233.48155488,38.39821632
1582,5051,244.14428184,38.39711904
1582,5052,254.63924688,36.78302016
1582,5053,264.65329848,34.76841408
1582,5054,273.91556088,32.86573056
1582,5055,283.31452608,35.83497024
1582,5056,293.76599616,38.38504896
1582,5057,304.43491056,38.39821632
1582,5058,315.09397992,38.42894016
1582,5059,326.30781576,42.58433952
1582,5060,336.81899616,33.22673568
1582,5061,346.66952256,33.4176624
1582,5062,357.49418976,49.6025424
1582,5063,370.32425808,40.13959968
1582,5064,381.2014728,40.88026368
1582,5065,393.09059304,41.92048512
1582,5066,403.43425536,33.8565744
1582,5067,413.01165048,34.87046112
1582,5068,422.30622168,32.5672704
1582,5069,431.20586352,31.95828
1582,5070,440.93078184,37.52368416
1582,5071,451.36877976,37.5708672
1582,5072,461.80595472,37.57196448
1582,5073,472.24770168,37.59610464
1582,5074,482.68688832,37.57415904
1582,5075,493.12452048,37.57306176
1582,5076,500.4296316,37.5598944
1587,5034,23.4988989,42.3440352
1587,5035,34.16448336,41.95888992
1587,5036,46.2378552,48.01916736
1587,5037,61.02943344,55.41702912
1587,5038,76.1483364,52.53666912
1587,5039,89.64878184,44.39375424
1587,5040,101.88055824,44.08761312
1587,5041,113.94557856,43.80012576
1587,5042,126.54756504,46.50601824
1587,5043,139.60004592,46.76278176
1587,5044,151.91122272,41.4168336
1587,5045,162.80730456,38.53757088
1587,5046,173.86520472,41.04046656
1587,5047,185.29742976,41.12495712
1587,5048,196.67655864,40.8133296
1587,5049,208.00905312,40.78480032
1587,5050,219.32618568,40.62788928
1587,5051,230.45397648,39.29469408
1587,5052,240.96494352,36.56356416
1587,5053,251.09564208,36.27278496
1587,5054,260.82824136,33.93557856
1587,5055,270.24485448,33.95642688
1587,5056,279.99793632,37.09464768
1587,5057,290.57455728,38.28300192
1587,5058,301.23646128,38.39821632
1587,5059,312.07246704,40.56534432
1587,5060,323.79068592,42.86195136
1587,5061,335.55511248,41.04266112
1587,5062,346.64471184,39.62607264
1587,5063,357.65259432,39.59864064
1587,5064,368.6348736,39.2113008
1587,5065,379.4609124,40.16703168
1587,5066,391.23698232,43.04409984
1587,5067,402.10551024,34.5314016
1587,5068,411.818328,36.13123584
1587,5069,421.00570104,30.62398752
1587,5070,429.48039072,28.61047872
1587,5071,436.4807628,24.74037216
1587,5072,444.39361464,34.14296448
1587,5073,455.11263816,35.60015232
1587,5074,463.61149848,33.16857984
1587,5075,474.93771408,44.18636832
1587,5076,486.58079976,40.0013424
1587,5077,496.4867007,40.2070824
1591,5036,24.5029397333333,50.7589536
1591,5037,37.04011896,44.75366208
1591,5038,49.4403888,46.28985408
1591,5039,64.4984232,59.28933024
1591,5040,78.43110552,43.28550144
1591,5041,90.83762376,45.44714304
1591,5042,103.69317336,47.70315072
1591,5043,116.9762964,46.54332576
1591,5044,129.56807208,45.43068384
1591,5045,142.15036848,44.11504512
1591,5046,153.80256768,39.68752032
1591,5047,164.96367312,40.0397472
1591,5048,175.84174128,39.64911552
1591,5049,186.51943392,33.48679104
1591,5050,196.31777856,41.94572256
1591,5051,208.4682648,44.16661728
1591,5052,220.75496616,44.02177632
1591,5053,232.9171872,42.79282272
1591,5054,244.43655456,40.7694384
1591,5055,255.42883128,37.42383168
1591,5056,265.29950496,34.18136928
1591,5057,274.52235672,32.89974624
1591,5058,283.66053504,32.8415904
1591,5059,293.2326876,36.98601696
1591,5060,303.82348176,38.40370272
1591,5061,314.6611944,40.48853472
1591,5062,326.22570264,43.09238016
1591,5063,337.91953752,39.20691168
1591,5064,348.5013096,37.3239792
1591,5065,358.7082996,35.81741376
1591,5066,368.32897632,34.93629792
1591,5067,378.564648,38.79213984
1591,5068,389.61861624,39.16302048
1591,5069,400.27146768,38.37846528
1591,5070,410.92980552,38.37846528
1591,5071,421.54903752,37.40408064
1591,5072,431.272188,32.48277984
1591,5073,439.8823308,30.6195984
1591,5074,448.41225024,30.85222176
1591,5075,457.17095256,31.77613152
1591,5076,466.49204136,36.57343968
1591,5077,476.995236,36.5229648
1591,5078,486.82204896,36.90481824
1591,5079,496.693003733333,35.7676704
1594,5037,23.0789607,38.0934468
1594,5038,32.8920348,41.0053536
1594,5039,44.93733456,46.53454752
1594,5040,59.194446,54.16393536
1594,5041,73.21677,45.76645152
1594,5042,85.60759104,44.30597184
1594,5043,97.94592552,44.9665344
1594,5044,110.49234696,45.7236576
1594,5045,123.38246088,45.86410944
1594,5046,135.75758472,43.94277216
1594,5047,147.95199264,43.8857136
1594,5048,160.14292584,43.88351904
1594,5049,172.23748128,42.11141184
1594,5050,183.3823104,39.22885728
1594,5051,194.20356384,38.53976544
1594,5052,205.03115712,40.4183088
1594,5053,216.92747064,44.09200224
1594,5054,228.57811536,39.34955808
1594,5055,239.27659536,38.39711904
1594,5056,249.94246176,38.28190464
1594,5057,260.38673856,36.80935488
1594,5058,270.11141304,33.16638528
1594,5059,279.2528832,32.91949728
1594,5060,288.3747852,32.78892096
1594,5061,297.50982408,33.38803584
1594,5062,307.4854404,38.20290048
1594,5063,318.19623432,39.82797216
1594,5064,330.35629128,45.85642848
1594,5065,342.0502176,38.7120384
1594,5066,352.63601304,37.91870496
1594,5067,363.21626112,37.91212128
1594,5068,373.35985272,34.73878752
1594,5069,382.9810476,36.48456
1594,5070,393.43388928,35.81741376
1594,5071,402.855684,35.4201984
1594,5072,413.74048824,42.05435328
1594,5073,425.06027256,37.51490592
1594,5074,434.92869072,34.31852928
1594,5075,444.22835208,32.77465632
1594,5076,453.19163616,32.09763456
1594,5077,462.037176,31.8704976
1594,5078,471.52794696,36.79509024
1594,5079,481.52215608,33.62395104
1594,5080,490.86939672,35.05919328
1594,5081,498.49259712,38.70326016
1598,5039,23.2915968,41.885616
1598,5040,34.28871984,41.45414112
1598,5041,46.01788104,42.97936032
1598,5042,57.69379368,41.00645088
1598,5043,69.08517552,40.89891744
1598,5044,80.62764672,43.2712368
1598,5045,92.59537488,42.6238416
1598,5046,104.78999616,44.39485152
1598,5047,117.01390872,43.91534016
1598,5048,129.19932504,43.88242176
1598,5049,141.3999204,43.88900544
1598,5050,153.590244,43.8912
1598,5051,165.8410704,44.43654816
1598,5052,178.12393128,43.88681088
1598,5053,190.3168152,43.89558912
1598,5054,202.51954416,44.44861824
1598,5055,215.31166488,46.49943456
1598,5056,227.76905424,43.87693536
1598,5057,239.96068848,43.68930048
1598,5058,251.45515368,38.74276224
1598,5059,261.97916616,36.81593856
1598,5060,271.747488,34.25598432
1598,5061,281.4014184,35.81192736
1598,5062,291.3403368,34.28670816
1598,5063,300.79334304,35.94030912
1598,5064,311.29172184,38.39053536
1598,5065,322.20789,42.20029152
1598,5066,334.48486824,42.20468064
1598,5067,345.3636984,37.62463392
1598,5068,355.4946408,35.0471232
1598,5069,364.8228924,32.89974624
1598,5070,373.96680096,32.91181632
1598,5071,383.38527336,35.97542208
1598,5072,393.93775416,40.54230144
1598,5073,405.8497344,42.2617392
1598,5074,416.65102344,36.75229632
1598,5075,426.8730096,36.9893088
1598,5076,437.06347944,36.42640416
1598,5077,447.0663144,34.93520064
1598,5078,456.40724568,32.64188544
1598,5079,465.4193892,33.40339776
1598,5080,475.47461928,38.03282208
1598,5081,485.58346368,35.08662528
1598,5082,495.4121664,34.99664832
1598,5083,500.635524,34.29
1602,5040,20.4897736,42.6732192
1602,5041,27.96945384,40.95707328
1602,5042,39.28347744,41.2632144
1602,5043,51.50766432,49.13729568
1602,5044,65.84789472,49.41710208
1602,5045,77.9471136,39.995856
1602,5046,89.01991848,39.20361984
1602,5047,100.03432368,40.95817056
1602,5048,111.33865464,40.71237984
1602,5049,122.85107256,41.66591616
1602,5050,134.64491232,43.1450496
1602,5051,146.7327012,43.88351904
1602,5052,158.92390872,43.88132448
1602,5053,171.1416948,44.3959488
1602,5054,183.45884568,43.93728576
1602,5055,195.65084568,43.88790816
1602,5056,208.01652072,46.21084992
1602,5057,221.00033016,45.27267552
1602,5058,233.25371688,43.88790816
1602,5059,245.4376092,43.41498048
1602,5060,256.70338296,37.57306176
1602,5061,266.70719328,34.13199168
1602,5062,275.89545024,32.90852448
1602,5063,284.91856656,30.48573024
1602,5064,293.25603528,31.92755616
1602,5065,302.5453944,35.38398816
1602,5066,312.96553104,38.38395168
1602,5067,324.01873728,42.64798176
1602,5068,335.9912508,40.67397504
1602,5069,346.687902,37.29325536
1602,5070,356.75919504,34.81230528
1602,5071,366.04014168,32.90962176
1602,5072,375.18298344,32.95022112
1602,5073,384.77564904,36.67438944
1602,5074,395.10361416,36.25632576
1602,5075,404.57594472,32.18431968
1602,5076,413.4098412,32.56068672
1602,5077,422.5795968,32.9184
1602,5078,431.7235968,32.9184
1602,5079,440.88155664,33.40449504
1602,5080,450.47349072,35.99188128
1602,5081,460.87494312,38.31372576
1602,5082,471.63468792,39.008304
1602,5083,482.22325704,36.4790736
1602,5084,492.01980336,34.32511296
1602,5085,498.6310068,34.4216736
1606,5042,18.4550304,39.50208
1606,5043,24.97954872,39.50208
1606,5044,35.95186104,39.48123168
1606,5045,46.87735608,40.03755264
1606,5046,60.33473328,57.03222528
1606,5047,74.63908872,42.9420528
1606,5048,86.14214928,41.85684288
1606,5049,97.68279168,41.82941088
1606,5050,109.31615424,40.89452832
1606,5051,120.7958976,41.68895904
1606,5052,132.54770544,43.72989984
1606,5053,144.66057936,43.46545536
1606,5054,156.8685204,43.70137056
1606,5055,168.8559996,43.38315936
1606,5056,181.01910456,43.89558912
1606,5057,193.2124152,43.89449184
1606,5058,205.51039416,46.01772864
1606,5059,218.76574992,46.5685632
1606,5060,231.1217628,43.88790816
1606,5061,243.31123296,43.87912992
1606,5062,255.3510768,41.90951232
1606,5063,266.51248704,38.80091808
1606,5064,276.9204012,36.83898144
1606,5065,287.21922744,36.39458304
1606,5066,296.74142328,32.92059456
1606,5067,305.88502704,32.91181632
1606,5068,315.02536944,32.90413536
1606,5069,324.61285344,37.73655648
1606,5070,335.59528512,38.95782912
1606,5071,345.75884112,34.7343984
1606,5072,355.38128568,34.40850624
1606,5073,364.6746072,32.90303808
1606,5074,373.81775376,32.91730272
1606,5075,383.41959384,37.32068736
1606,5076,394.0853688,37.66194144
1606,5077,404.644098,39.64801824
1606,5078,415.28686056,35.13710016
1606,5079,424.59627552,33.41546784
1606,5080,433.87804512,32.96119392
1606,5081,443.03356656,32.91620544
1606,5082,452.14422144,32.60677248
1606,5083,461.15496288,33.97069152
1606,5084,471.29675616,37.40846976
1606,5085,481.43455656,35.9304336
1606,5086,491.48838456,36.08624736
1606,5087,498.80965008,33.76769472
1610,5044,21.17043264,38.3170176
1610,5045,29.20346712,39.40442208
1610,5046,40.00435992,38.33567136
1610,5047,51.78082608,48.44162016
1610,5048,65.87660688,48.65449248
1610,5049,78.23277216,43.17906528
1610,5050,90.5109696,44.14028256
1610,5051,102.68519976,43.88681088
1610,5052,114.87930288,43.92302112
1610,5053,126.9580392,43.2822096
1610,5054,139.11404232,43.93838304
1610,5055,151.30442688,43.88681088
1610,5056,163.49444568,43.87803264
1610,5057,175.68476928,43.8912
1610,5058,187.87789704,43.89558912
1610,5059,200.06855592,43.91095104
1610,5060,212.66344056,46.93395744
1610,5061,225.334068,43.98776064
1610,5062,237.52201416,43.87803264
1610,5063,249.71038704,43.69478688
1610,5064,261.52397784,41.00645088
1610,5065,272.04341832,34.26476256
1610,5066,281.2337784,32.91949728
1610,5067,290.35564992,32.7867264
1610,5068,299.4861168,32.9184
1610,5069,308.6288976,32.90303808
1610,5070,317.80819344,34.14515904
1610,5071,328.35156072,40.97682432
1610,5072,339.43628328,37.9439424
1610,5073,349.46490432,35.04053952
1610,5074,359.17513128,34.46666208
1610,5075,368.48546064,32.91730272
1610,5076,377.63092368,33.26843232
1610,5077,387.4283844,37.08586944
1610,5078,397.82407608,37.58513184
1610,5079,408.04664136,36.05881536
1610,5080,418.25847768,37.36677312
1610,5081,428.6513652,37.13085792
1610,5082,438.81303144,36.155376
1610,5083,448.6445688,35.0690688
1610,5084,458.50594608,35.06687424
1610,5085,468.01588896,35.12283552
1610,5086,478.11229752,35.50468896
1610,5087,487.3072296,33.30354528
1610,5088,496.881641066667,37.9024896
1611,5075,359.070080266667,38.215824
1611,5076,368.173254,32.86682784
1611,5077,377.0868252,32.10421824
1611,5078,386.60204112,35.77023072
1611,5079,396.29407152,32.49155808
1611,5080,404.99986056,33.05226816
1611,5081,414.62834016,33.69637152
1611,5082,423.5802552,33.44399712
1611,5083,433.49957496,35.80534368
1611,5084,442.82124288,31.00035456
1611,5085,451.13460192,29.78456832
1611,5086,458.92751496,24.8588784
1611,5087,466.75590672,34.11224064
1611,5088,476.57823912,35.47396512
1611,5089,486.26850168,33.72709536
1611,5090,495.4862328,33.4725264
1616,5047,24.5731453333333,45.0567552
1616,5048,36.2945172,43.3535328
1616,5049,48.46676616,46.74083616
1616,5050,61.85272872,47.57696352
1616,5051,73.80759432,39.27604032
1616,5052,85.05828048,41.69773728
1616,5053,96.7127352,42.50423808
1616,5054,108.48606192,42.10592544
1616,5055,120.48222792,44.16332544
1616,5056,132.70906656,44.17868736
1616,5057,145.06706064,44.5715136
1616,5058,157.4458116,44.57261088
1616,5059,169.74699096,44.1600336
1616,5060,182.08215552,44.16881184
1616,5061,194.27964192,43.89229728
1616,5062,206.52635352,45.06090048
1616,5063,219.30384384,45.33083136
1616,5064,231.57969432,43.89010272
1616,5065,243.7697436,43.8857136
1616,5066,255.83497728,42.2397936
1616,5067,267.10968168,39.1344912
1616,5068,277.80288864,38.40370272
1616,5069,288.40090656,37.00796256
1616,5070,298.0985148,33.3627984
1616,5071,307.25656608,32.90852448
1616,5072,316.39587216,32.93595648
1616,5073,325.88338176,35.80205184
1616,5074,335.5541676,32.397192
1616,5075,344.33572992,31.50729792
1616,5076,352.92310416,30.54717792
1616,5077,361.63303848,32.42133216
1616,5078,370.26543168,28.9352736
1616,5079,378.02420712,28.05635232
1616,5080,386.19827256,30.230064
1616,5081,394.57859616,29.94147936
1616,5082,402.54591576,28.1232864
1616,5083,411.18705672,33.67442592
1616,5084,420.45078216,32.93266464
1616,5085,429.66991536,33.4725264
1616,5086,439.00151976,33.73148448
1616,5087,448.40420352,33.37706304
1616,5088,457.38489168,31.9143888
1616,5089,466.4371164,35.13929472
1616,5090,476.6794632,34.4052144
1616,5091,485.06737632,29.40271488
1616,5092,493.56379824,31.04314848
1616,5093,499.2655496,31.601664
1620,5052,23.5197226666667,57.2499744
1620,5053,38.65683912,57.69169056
1620,5054,54.89240736,58.72752288
1620,5055,71.20670544,58.7703168
1620,5056,87.16280256,53.27184672
1620,5057,100.6379496,46.58173056
1620,5058,113.59191912,46.70462592
1620,5059,126.53595216,46.50382368
1620,5060,139.50900216,46.73973888
1620,5061,152.35284744,44.89740576
1620,5062,164.39482488,42.76319616
1620,5063,176.21807784,41.8118544
1620,5064,187.99661664,46.53125568
1620,5065,202.42069752,55.94591808
1620,5066,219.44694744,65.23000416
1620,5067,237.41225568,62.23113792
1620,5068,253.50910944,54.0081216
1620,5069,267.76536744,49.58279136
1620,5070,280.9137384,44.74268928
1620,5071,292.7706108,40.21092288
1620,5072,303.81369768,41.49144864
1620,5073,315.03033768,41.065704
1620,5074,328.2036108,47.51551584
1620,5075,336.59868672,31.60605312
1620,5079,384.576963466667,45.5676
1620,5080,396.22518672,43.73319168
1620,5081,407.98534608,39.5459712
1620,5082,418.65002376,40.97353248
1620,5083,430.93773096,44.94349152
1620,5084,443.18898408,40.8407616
1620,5085,454.1661732,43.30196064
1620,5086,468.33839784,52.56849024
1620,5087,479.77315272,35.10088992
1620,5088,490.33944096,39.14765856
1620,5089,500.5621053,44.2917072
1628,5049,21.336508,46.6563456
1628,5050,29.71422048,45.71597664
1628,5051,42.21415992,44.94678336
1628,5052,54.81940776,47.48040288
1628,5053,69.00095928,50.29053696
1628,5054,82.27554792,48.47892768
1628,5055,95.86761624,47.57586624
1628,5056,106.957368,32.23369728
1628,5057,116.49971112,38.74934592
1628,5058,127.24933656,37.21205664
1628,5059,137.4791256,36.81045216
1628,5060,147.68955984,36.7259616
1628,5061,157.96269144,37.72558368
1628,5062,168.3645096,35.41580928
1628,5063,178.30507392,39.01708224
1628,5064,188.96386896,32.32367424
1628,5065,197.88518208,37.36457856
1628,5066,208.09494576,39.94538112
1628,5067,221.79018888,49.78578816
1628,5068,234.32146176,43.88461632
1628,5069,246.50968224,43.88461632
1628,5070,258.64419696,43.17357888
1628,5071,270.44523,42.0477696
1628,5072,282.23775912,42.2836848
1628,5073,293.58668232,39.84662592
1628,5074,304.4377452,38.4432048
1628,5075,315.10022832,38.41248096
1628,5076,326.09207832,41.02510464
1628,5077,337.19027304,38.40589728
1628,5078,347.60525856,35.8097328
1628,5079,357.16878528,33.5548224
1628,5080,366.37420248,33.60310272
1628,5081,376.1965044,36.85324608
1628,5082,386.51956224,37.15060896
1628,5083,396.47969472,33.67332864
1628,5084,405.1685064,29.37857472
1628,5085,413.28999384,30.28273344
1628,5086,422.20054752,33.7468464
1628,5087,431.81649984,35.94030912
1628,5088,441.78608112,33.5164176
1628,5089,450.41228688,31.14848736
1628,5090,459.39004896,31.69932192
1628,5091,467.91948072,28.12438368
1628,5092,473.66444256,24.64271424
1628,5093,484.12972008,37.87481376
1628,5094,492.64055904,27.17852832
1628,5095,498.37982112,27.69754176
1632,5052,18.66729312,41.1589728
1632,5053,27.3346164,42.629328
1632,5054,39.81971208,48.63583872
1632,5055,53.98837056,48.72252384
1632,5056,66.43219632,43.10335296
1632,5057,78.25935072,42.58872864
1632,5058,90.21083304,43.45119072
1632,5059,102.38097888,43.88132448
1632,5060,114.46669512,43.3754784
1632,5061,126.6079764,43.8253632
1632,5062,138.64233384,42.44059584
1632,5063,150.30962064,40.72883904
1632,5064,161.13291624,38.38943808
1632,5065,171.79802064,38.4048
1632,5066,182.46635592,38.4048
1632,5067,193.22762472,38.9589264
1632,5068,204.00364584,39.7544544
1632,5069,215.74777272,43.79683392
1632,5070,227.83013616,43.31951712
1632,5071,239.9582196,43.87364352
1632,5072,252.18874632,44.75037024
1632,5073,264.84739512,45.15416928
1632,5074,277.1186736,43.8802272
1632,5075,289.28878896,43.76062368
1632,5076,301.31135064,41.42561184
1632,5077,312.24376464,39.4581888
1632,5078,323.38585056,40.72664448
1632,5079,335.26341888,42.07849344
1632,5080,346.1385,37.88688384
1632,5081,356.48246712,35.85472128
1632,5082,365.89161264,32.76697536
1632,5083,374.65007112,30.16642176
1632,5084,383.31218232,33.65028576
1632,5085,393.08474088,35.42678208
1632,5086,402.41747304,31.76296416
1632,5087,411.50075688,33.05117088
1632,5088,420.46236456,32.5178928
1632,5089,429.51218136,31.8430656
1632,5090,438.18557016,31.33063584
1632,5091,447.04488696,32.1612768
1632,5092,455.97921504,32.1612768
1632,5093,464.91363456,32.1722496
1632,5094,473.8538148,32.177736
1632,5095,482.43832392,27.5527008
1632,5096,489.30790632,24.18185664
1632,5097,495.57517344,21.75577056
1632,5098,499.7717208,25.1167392
1637,5055,24.055832,45.8650848
1637,5056,36.2768388,44.7580512
1637,5057,49.0220508,50.25322944
1637,5058,63.69978624,52.10543808
1637,5059,76.56496752,41.96657088
1637,5060,88.31750688,42.59970144
1637,5061,100.23780816,43.1889408
1637,5062,111.9978456,41.57374464
1637,5063,123.74950104,43.27452864
1637,5064,135.80129304,43.41607776
1637,5065,147.88767984,42.92120448
1637,5066,159.3072252,39.58657056
1637,5067,170.2928268,40.36563936
1637,5068,181.79671032,41.6582352
1637,5069,193.16919456,40.54669056
1637,5070,204.6517116,42.79392
1637,5071,217.09529352,45.65562624
1637,5072,229.5678924,44.5660272
1637,5073,242.0197344,44.97640992
1637,5074,254.58441336,46.52138016
1637,5075,267.95199648,47.50234848
1637,5076,280.47180888,43.82755776
1637,5077,292.63082952,43.79463936
1637,5078,304.81969008,43.60151808
1637,5079,316.10588544,38.57926752
1637,5080,327.51717072,43.09238016
1637,5081,338.75551248,35.92055808
1637,5082,348.07126728,32.91401088
1637,5083,357.21526728,32.85146592
1637,5084,366.07427928,30.45171456
1637,5085,374.04882264,27.46272384
1637,5086,381.928116,30.79845504
1637,5087,391.0747068,33.55372512
1637,5088,400.33084272,33.0171552
1637,5089,409.3703268,31.7772288
1637,5090,418.26567096,32.64078816
1637,5091,427.32996576,32.6276208
1637,5092,436.39316328,32.62103712
1637,5093,445.45401384,32.62103712
1637,5094,454.51772952,32.47509888
1637,5095,463.12369656,29.41149312
1637,5096,471.23381496,29.20520448
1637,5097,479.3417388,29.17996704
1637,5098,487.28860632,27.75679488
1637,5099,494.76455784,25.30656864
1637,5100,499.1571424,23.6902752
1641,5057,18.7889218666667,39.5496288
1641,5058,29.2146228,39.57011136
1641,5059,40.85597112,45.02798208
1641,5060,53.6300172,45.82131552
1641,5061,66.04302768,47.01186432
1641,5062,81.45898872,57.13207776
1641,5063,94.47888648,40.352472
1641,5064,105.8070528,40.44903264
1641,5065,116.92313928,39.95854848
1641,5066,127.750062,38.3609088
1641,5067,138.67296624,41.44865472
1641,5068,150.69497928,43.88790816
1641,5069,162.88484568,43.87803264
1641,5070,175.07510832,43.8912
1641,5071,187.26808368,43.89558912
1641,5072,199.45862064,44.04372192
1641,5073,212.25165576,47.86664544
1641,5074,225.03003,44.01958176
1641,5075,237.21782376,43.87912992
1641,5076,249.4164684,44.37619776
1641,5077,262.1240376,46.10551104
1641,5078,274.53073872,43.84621152
1641,5079,286.71313752,43.76281824
1641,5080,298.9521072,44.44313184
1641,5081,311.16897888,42.6403008
1641,5082,322.75857216,42.64139808
1641,5083,334.7179488,40.61911104
1641,5084,344.71389528,32.8690224
1641,5085,353.67327792,32.08336992
1641,5086,362.3733672,29.29298688
1641,5087,370.08706272,27.432
1641,5088,377.70590448,27.64158048
1641,5089,386.0602896,32.75490528
1641,5090,395.28527496,33.13017504
1641,5091,404.52321432,33.51312576
1641,5092,413.8682604,33.43302432
1641,5093,423.04478256,33.57018432
1641,5094,432.73093032,35.52773184
1641,5095,442.41625512,32.99850144
1641,5096,450.36888336,26.32264992
1641,5097,458.24116632,29.47952448
1641,5098,466.423248,29.46525984
1641,5099,474.60993216,29.45977344
1641,5100,482.79213576,29.45318976
1641,5101,490.97400408,29.45318976
1641,5102,499.15507992,29.44660608
1641,5103,507.3356376,29.45318976
1641,5104,513.47205408,29.4509952
1644,5058,19.5990972,40.5774144
1644,5059,26.23785456,40.928544
1644,5060,37.9660404,43.02654336
1644,5061,49.87671,43.18235712
1644,5062,62.00613456,43.31622528
1644,5063,73.43259888,39.62936448
1644,5064,84.70516968,40.58509536
1644,5065,95.942658,41.81843808
1644,5066,107.520486,41.22810144
1644,5067,119.35940568,43.27562592
1644,5068,131.33457096,43.5729888
1644,5069,143.53358136,43.88461632
1644,5070,155.72387448,43.88790816
1644,5071,167.90919936,43.87693536
1644,5072,180.18142272,44.68782528
1644,5073,192.8242524,46.33484256
1644,5074,205.90922496,47.47162464
1644,5075,219.06530736,48.07293408
1644,5076,232.75180272,50.557176
1644,5077,247.5526164,53.79305472
1644,5078,260.7425316,42.437304
1644,5079,272.57724504,43.19223264
1644,5080,284.4047652,41.9764464
1644,5081,296.28797232,43.61797728
1644,5082,308.47689384,43.68930048
1644,5083,320.00473464,39.75335712
1644,5084,331.16879664,38.27202912
1644,5085,340.706964,32.04825696
1644,5086,349.32204456,30.3288192
1644,5087,357.71437728,29.88112896
1644,5088,365.8168452,29.08230912
1644,5089,373.7852316,28.2878784
1644,5090,382.04567736,31.89573504
1644,5091,391.31997936,33.87522816
1644,5092,400.52524416,32.51899008
1644,5093,409.68707496,33.87522816
1644,5094,419.22396216,34.34047488
1644,5095,428.52978048,31.71578112
1644,5096,437.10776688,30.90928032
1644,5097,445.6927332,30.9103776
1644,5098,454.17281784,28.43710848
1644,5099,461.56775352,28.0135584
1644,5100,469.8487428,30.11155776
1644,5101,478.21071744,30.0983904
1644,5102,486.57004032,30.09400128
1644,5103,494.92933272,30.09729312
1644,5104,503.28676584,30.08632032
1644,5105,510.8096337,30.0956472
1646,5060,21.9632784,45.2189088
1646,5061,30.64876776,43.8034176
1646,5062,42.52786008,42.05545056
1646,5063,54.90069792,48.12340896
1646,5064,69.4078368,57.1628016
1646,5065,83.9294232,42.89157792
1646,5066,94.77963264,38.33676864
1646,5067,105.2849304,36.36056736
1646,5068,115.52249184,39.39893568
1646,5069,127.54514496,45.65562624
1646,5070,140.02993584,44.04372192
1646,5071,152.01750648,41.42561184
1646,5072,162.9631488,38.33018496
1646,5073,173.80692696,42.38244
1646,5074,186.2024724,44.0887104
1646,5075,198.73033152,46.88019072
1646,5076,212.62570632,52.42145472
1646,5077,226.16379456,45.8333856
1646,5078,239.95154448,56.67122016
1646,5079,255.02055168,47.72729088
1646,5080,268.22113488,47.6000064
1646,5081,281.34216528,47.09964672
1646,5082,294.27196416,40.97682432
1646,5083,305.28438816,44.1710064
1646,5084,317.34075216,42.01594848
1646,5085,328.98895848,36.71279424
1646,5086,337.18350648,27.19937664
1646,5087,344.77887864,26.82520416
1646,5088,351.92774928,25.07504256
1646,5089,358.87679304,24.9795792
1646,5090,366.29556408,29.7692064
1646,5091,375.26073792,33.15102336
1646,5092,384.7051488,35.80095456
1646,5093,394.7720832,34.7124528
1646,5094,403.45635336,29.24690112
1646,5095,411.76715208,30.8664864
1646,5096,420.62753568,33.20040096
1646,5097,429.96883272,32.23040544
1646,5098,438.93473808,33.6535776
1646,5099,447.87485736,30.09070944
1646,5100,456.05773152,29.0065968
1646,5101,463.6119252,25.13649024
1646,5102,470.34672504,24.4583712
1646,5103,477.2029572,19.34175456
1646,5104,481.38575808,27.63280224
1646,5105,491.7443556,30.38697504
1646,5106,498.137644457143,28.6923044571429
1653,5064,22.7373833142857,39.3390555428571
1653,5065,32.24345088,41.51778336
1653,5066,43.98544416,43.10335296
1653,5067,56.41765704,45.90361152
1653,5068,68.86014168,41.80417344
1653,5069,79.76808024,38.87553312
1653,5070,90.86764656,41.16884832
1653,5071,102.79108728,44.2148976
1653,5072,115.03109328,43.91534016
1653,5073,127.2218436,43.73538624
1653,5074,139.06914528,41.75260128
1653,5075,150.63411072,40.82320512
1653,5076,162.04405488,42.65017632
1653,5077,174.16156176,43.8912
1653,5078,186.35429328,43.89558912
1653,5079,198.62359056,45.38240352
1653,5080,212.08880112,51.13983168
1653,5081,226.16992104,49.5531648
1653,5082,239.88436656,49.36991904
1653,5083,253.6216416,49.86808416
1653,5084,267.5700516,49.88673792
1653,5085,281.30065152,48.82786272
1653,5086,294.151812,44.03713824
1653,5087,306.18647424,41.41573632
1653,5088,317.08444584,38.61218592
1653,5089,328.14149256,40.23067392
1653,5090,338.31638712,33.24977856
1653,5091,347.5538388,34.17149376
1653,5092,357.32182536,36.30241152
1653,5093,367.7988072,38.40809184
1653,5094,378.48439416,38.9205216
1653,5095,389.57103696,40.43586528
1653,5096,400.51277784,37.98454176
1653,5097,410.73418488,35.42787936
1653,5098,420.41697984,34.52481792
1653,5099,429.74638968,32.91949728
1653,5100,438.6913248,31.1737248
1653,5101,446.99002296,28.81018368
1653,5102,454.70847336,26.55746784
1653,5103,461.7927264,24.9466608
1653,5104,468.59488704,24.0414048
1653,5105,475.34547552,24.45507936
1653,5106,482.41607352,28.31750496
1653,5107,491.0890356,31.01242464
1653,5108,497.965432457143,28.5261449142857
1659,5067,21.0873594,42.355008
1659,5068,29.0322,41.95779264
1659,5069,40.51986816,40.55985792
1659,5070,52.57979832,47.14353792
1659,5071,65.74831656,44.71086816
1659,5072,76.89131688,38.19412224
1659,5073,87.69723888,39.34736352
1659,5074,98.96023896,41.64616512
1659,5075,110.79732984,43.52690304
1659,5076,122.95970328,43.68161952
1659,5077,135.00546024,43.562016
1659,5078,147.14591856,43.33597632
1659,5079,158.96789136,42.22552896
1659,5080,170.95991208,43.89339456
1659,5081,183.1526436,43.89558912
1659,5082,195.3888396,44.84254176
1659,5083,208.47783552,49.78908
1659,5084,222.19200672,47.05356096
1659,5085,235.18663656,47.71741536
1659,5086,248.71905552,49.34797344
1659,5087,262.34538336,48.75105312
1659,5088,275.42115096,44.72952192
1659,5089,287.61147456,43.7211216
1659,5090,299.436282,40.36563936
1659,5091,310.25521896,38.89089504
1659,5092,321.16279176,40.75736832
1659,5093,333.08321496,42.05983968
1659,5094,344.018616,37.97247168
1659,5095,354.37075176,37.15170624
1659,5096,364.89976296,38.38614624
1659,5097,375.56599512,38.53427904
1659,5098,386.7517284,42.18602688
1659,5099,398.23387968,39.14985312
1659,5100,408.7485348,37.58293728
1659,5101,419.08884432,36.35947008
1659,5102,428.69019672,31.4260992
1659,5103,436.57476312,27.40237344
1659,5104,444.2545344,27.67669344
1659,5105,451.64453232,25.36801632
1659,5106,458.43376944,22.3131888
1659,5107,464.76138696,25.13978208
1659,5108,471.8651472,27.93235968
1659,5109,479.9268024,25.28462304
1659,5110,486.58704816,25.15404672
1659,5111,493.14137592,23.26014144
1659,5112,498.55605648,28.81676736
1664,5069,23.2907162666667,36.5223552
1664,5070,33.20975832,39.29579136
1664,5071,44.54938512,40.88794464
1664,5072,55.58878392,41.03498016
1664,5073,68.06738736,44.28731808
1664,5074,79.01717496,37.85396544
1664,5075,89.87902776,38.8766304
1664,5076,100.494846,39.04341696
1664,5077,111.68484648,41.06241216
1664,5078,123.19156464,41.44755744
1664,5079,134.99034216,43.8308496
1664,5080,147.19041936,43.88461632
1664,5081,159.38077344,43.87912992
1664,5082,171.5699388,43.89010272
1664,5083,183.76263984,43.8966864
1664,5084,195.95573712,43.88351904
1664,5085,208.40657328,47.24119584
1664,5086,221.62090296,45.48115872
1664,5087,234.2450484,46.07807904
1664,5088,247.22791296,48.4065072
1664,5089,260.8367148,48.79384704
1664,5090,274.45322808,49.27665024
1664,5091,287.6121756,44.7635376
1664,5092,299.80594344,43.76281824
1664,5093,311.9794116,43.82426592
1664,5094,324.09972264,44.58358368
1664,5095,336.4165992,41.2522416
1664,5096,347.20831752,38.08988064
1664,5097,357.75881712,38.12170176
1664,5098,368.40465816,38.4048
1664,5099,379.09951104,39.19703616
1664,5100,390.40576224,41.34770496
1664,5101,401.26185432,36.85873248
1664,5102,411.54239256,36.6656112
1664,5103,421.52093496,35.853624
1664,5104,431.23741032,33.33975552
1664,5105,439.4231496,25.32741696
1664,5106,446.19638472,24.67892448
1664,5107,453.11193096,25.07504256
1664,5108,460.09395408,24.6833136
1664,5109,466.83451464,22.69613952
1664,5110,471.61076112,19.723608
1664,5111,479.77617024,32.01972768
1664,5112,487.47557064,23.74404192
1664,5113,494.26221696,24.05566944
1664,5114,498.81324672,20.10655872
1669,5071,20.361402,42.0038784
1669,5072,27.60759528,44.01409536
1669,5073,39.84241968,44.19514656
1669,5074,52.6104612,47.64609216
1669,5075,65.77809552,44.9391024
1669,5076,77.23366824,39.1948416
1669,5077,87.87115776,37.24497504
1669,5078,98.03916384,36.17073792
1669,5079,108.10070328,36.95419584
1669,5080,119.05216728,42.35171616
1669,5081,131.27967648,45.08504064
1669,5082,143.68756632,43.87254624
1669,5083,155.90800416,44.83705536
1669,5084,169.03894056,48.7850688
1669,5085,182.23464696,45.72036576
1669,5086,194.7461688,46.07698176
1669,5087,208.1271936,49.82858208
1669,5088,221.80987896,46.881288
1669,5089,234.31646304,44.15015808
1669,5090,246.61142448,44.96543712
1669,5091,259.28174712,45.9924912
1669,5092,271.79128776,43.9350912
1669,5093,283.96795632,43.75623456
1669,5094,296.13502368,43.89778368
1669,5095,308.32647504,43.87912992
1669,5096,320.68087248,46.97345952
1669,5097,334.4030904,47.85676992
1669,5098,346.75346448,42.54264288
1669,5099,358.23317736,40.00243968
1669,5100,368.92891416,38.65278528
1669,5101,380.16356784,41.05363392
1669,5102,391.36444968,38.50136064
1669,5103,401.04221544,31.57203744
1669,5104,409.59036192,32.67919296
1669,5105,419.00243352,35.63087616
1669,5106,429.35008872,33.04348992
1669,5107,437.48215272,28.80579456
1669,5108,445.15253616,26.6474448
1669,5109,452.18613144,22.65005376
1669,5110,458.60537184,25.00481664
1669,5111,465.57730608,25.21329984
1669,5112,472.683078,25.8354576
1669,5113,479.46344544,20.86368192
1669,5114,485.28796008,22.54252032
1669,5115,493.06615128,37.17036
1669,5116,500.3902616,41.6856672
1672,5073,21.47511072,48.5326944
1672,5074,31.33941408,45.74121408
1672,5075,43.12575576,41.9270688
1672,5076,55.24582296,43.89010272
1672,5077,67.40033256,44.35864128
1672,5078,80.41666416,48.61279584
1672,5079,93.49285848,42.57117216
1672,5080,103.82762064,33.6919824
1672,5081,112.53075792,30.92025312
1672,5082,123.02374176,45.72804672
1672,5083,136.28930832,46.72437696
1672,5084,148.69381488,43.00679232
1672,5085,160.42306752,45.53382816
1672,5086,174.81410808,55.02968928
1672,5087,190.19708976,55.26779904
1672,5088,205.0007076,52.07800608
1672,5089,219.20097384,47.38823136
1672,5090,231.59914056,44.7635376
1672,5091,244.5251904,46.2942432
1672,5092,256.9973016,45.235368
1672,5093,269.4997404,44.10407232
1672,5094,281.68582728,43.78915296
1672,5095,293.78641776,42.7335696
1672,5096,305.21190672,39.80822112
1672,5097,316.01697528,38.78006976
1672,5098,327.85897344,46.67061024
1672,5099,340.42206744,43.21308096
1672,5100,352.55813664,44.14686624
1672,5101,364.71154896,42.11470368
1672,5102,375.71805984,38.41138368
1672,5103,386.44415472,38.8327392
1672,5104,396.97164192,35.36204256
1672,5105,406.04575128,31.95608544
1672,5106,415.14845088,32.88767616
1672,5107,424.23170424,33.31671264
1672,5108,432.75866712,25.28791488
1672,5109,438.99621624,22.68297216
1672,5110,446.1255492,26.5870944
1672,5111,453.24336072,27.3442176
1672,5112,461.30577792,29.27652768
1672,5113,469.3827036,28.73556864
1672,5114,477.12648288,25.21878624
1672,5115,484.27160448,29.379672
1672,5116,492.53451912,27.97954272
1672,5117,498.28588176,28.55561472
1674,5075,19.6745352,46.4807808
1674,5076,26.77610088,46.92188736
1674,5077,40.23350856,51.88378752
1674,5078,55.47417912,54.77402304
1674,5079,67.0844988,36.78192288
1674,5080,80.89980264,51.12995616
1674,5081,92.72759712,39.11144832
1674,5082,103.8135084,40.19007456
1674,5083,114.99972936,40.61362464
1674,5084,126.41311776,41.71200192
1674,5085,138.3496344,43.87364352
1674,5086,150.57049896,44.52433056
1674,5087,163.39172808,47.5012512
1674,5088,176.8286532,49.24153728
1674,5089,190.54614672,49.37979456
1674,5090,204.29594904,50.37722208
1674,5091,218.69680416,51.53704704
1674,5092,232.41637032,46.90872
1674,5093,244.83934776,43.88351904
1674,5094,257.13833256,45.08394336
1674,5095,269.64199056,44.23903776
1674,5096,281.8420068,43.89010272
1674,5097,294.11170032,44.31255552
1674,5098,306.34283664,43.88900544
1674,5099,318.578484,45.33083136
1674,5100,332.14485768,49.48403616
1674,5101,344.85824856,43.66845216
1674,5102,356.9275056,43.0737264
1674,5103,368.25856752,38.59572672
1674,5104,378.95409096,38.74056768
1674,5105,389.76159792,38.9479536
1674,5106,400.3153284,35.58259584
1674,5107,409.62660264,33.05556
1674,5108,418.95579912,33.75013824
1674,5109,427.7826852,28.89577152
1674,5110,434.91110376,23.08567392
1674,5111,441.2777052,22.76197632
1674,5112,447.42238176,21.94450272
1674,5113,453.7510356,24.27732
1674,5114,460.57212432,23.45436
1674,5115,466.2383868,16.349472
1674,5116,470.49120024,16.14976704
1674,5117,475.0236372,16.3055808
1674,5118,479.55439776,16.6073328
1674,5119,485.91920088,31.18579488
1674,5120,495.13665768,33.23770848
1674,5121,500.1768,34.4875104
1678,5077,22.7921166857143,50.7225517714286
1678,5078,35.14932264,54.3592512
1678,5079,50.52267264,55.48067136
1678,5080,64.8391896,46.53125568
1678,5081,77.813916,44.18307648
1678,5082,88.66427784,37.05295104
1678,5083,99.011994,37.90334304
1678,5084,109.356144,37.25046144
1678,5085,120.1055256,39.2058144
1678,5086,131.180586,41.93145792
1678,5087,143.22859848,43.89010272
1678,5088,155.57482728,46.3545936
1678,5089,169.05585696,49.36991904
1678,5090,182.77197888,49.38089184
1678,5091,196.48904568,49.36772448
1678,5092,210.42870792,51.72358464
1678,5093,224.64403128,49.64314176
1678,5094,238.28520288,48.27702816
1678,5095,251.42226576,46.49943456
1678,5096,264.22215888,45.31327488
1678,5097,276.50578176,43.87254624
1678,5098,288.78391824,45.17830944
1678,5099,301.5063312,45.63258336
1678,5100,313.9549728,44.10736416
1678,5101,326.94576216,50.1292368
1678,5102,340.116414,42.10812
1678,5103,350.975676,37.94613696
1678,5104,361.54995,38.28739104
1678,5105,372.10499112,37.71570816
1678,5106,382.7626584,39.91794912
1678,5107,394.1370324,40.32394272
1678,5108,404.78028264,36.62172
1678,5109,414.60688224,33.84450432
1678,5110,423.53892432,30.4056288
1678,5111,431.21878704,24.50665152
1678,5112,437.37510696,20.15044992
1678,5113,442.74665832,19.34175456
1678,5114,447.9456624,18.37944
1678,5115,453.38503176,21.12044544
1678,5116,459.49282752,24.45069024
1678,5117,468.07566024,35.10527904
1678,5118,477.83246064,35.11405728
1678,5119,487.58557296,35.11296
1678,5120,497.33822808,35.10637632
1678,5121,507.089664,35.11186272
1678,5122,515.379570857143,35.11296
1681,5080,20.0320656,41.9599872
1681,5081,27.49826352,43.2822096
1681,5082,39.92989728,45.71707392
1681,5083,52.94183976,47.83372704
1681,5084,66.0686004,44.77889952
1681,5085,77.68580856,40.27456512
1681,5086,89.0636268,42.23320992
1681,5087,101.01398136,44.01848448
1681,5088,113.45795952,45.55467648
1681,5089,126.3667272,46.77594912
1681,5090,139.6002288,48.68411904
1681,5091,153.22350864,49.78139904
1681,5092,167.3050248,52.11421632
1681,5093,182.23882272,54.73342368
1681,5094,197.75740992,58.16352096
1681,5095,214.07100696,57.18694176
1681,5096,229.4459724,54.31316544
1681,5097,244.53665088,54.56115072
1681,5098,259.4276244,51.75760032
1681,5099,273.38469072,49.38528096
1681,5100,287.0757276,49.24812096
1681,5101,300.77810304,49.37650272
1681,5102,314.49151224,49.6354608
1681,5103,329.00666736,53.71514784
1681,5104,342.22630056,40.65093216
1681,5105,352.93483896,38.14584192
1681,5106,363.42672552,36.75119904
1681,5107,373.08507552,33.82804512
1681,5108,382.97885304,37.94833152
1681,5109,393.76782816,37.99222272
1681,5110,404.12240232,37.48418208
1681,5111,414.36087816,35.28633024
1681,5112,423.60598032,31.30100928
1681,5113,431.29465176,22.90462272
1681,5114,436.5903384,17.95259808
1681,5115,442.00751832,19.48001184
1681,5116,446.9469852,17.41602816
1681,5117,452.13340104,20.02536
1681,5118,458.28536232,26.855928
1681,5119,467.23026696,31.99449024
1681,5120,473.4402012,24.00190272
1681,5121,483.99914376,43.06933728
1681,5122,495.368038133333,43.092624
1684,5083,23.5013373,39.1166604
1684,5084,33.70755768,42.01155936
1684,5085,45.528738,43.36011648
1684,5086,58.21021632,47.39481504
1684,5087,70.578726,40.13082144
1684,5088,81.3250596,39.11693472
1684,5089,92.279724,39.886128
1684,5090,103.74136224,42.0971472
1684,5091,115.45833144,42.55581024
1684,5092,127.39134288,43.58615616
1684,5093,139.5825504,43.77379104
1684,5094,151.8050304,44.48263392
1684,5095,164.59690728,47.9346768
1684,5096,178.19879016,49.38747552
1684,5097,191.92987776,48.4778304
1684,5098,205.65017544,53.4046176
1684,5099,220.52941416,49.85820864
1684,5100,234.8159388,55.60137216
1684,5101,250.82598552,58.34676672
1684,5102,266.46746808,54.75756384
1684,5103,281.66967288,54.59955552
1684,5104,296.870628,54.45032544
1684,5105,311.76708792,53.3607264
1684,5106,327.42993696,59.554872
1684,5107,342.76823496,49.34138976
1684,5108,355.73342112,44.12053152
1684,5109,367.0360452,38.45746944
1684,5110,377.50680912,36.94761216
1684,5111,388.19181696,40.03096896
1684,5112,398.68126512,34.65429696
1684,5113,408.2088864,35.11734912
1684,5114,417.84477264,33.27282144
1684,5115,426.2489316,26.62879104
1684,5116,432.88311696,21.15885024
1684,5117,438.12765816,17.82202176
1684,5118,443.066424,18.14571936
1684,5119,448.2309552,18.52976736
1684,5120,453.65435304,21.30039936
1684,5121,460.19889672,26.10099936
1684,5122,468.13024992,32.00436576
1684,5123,477.80624784,35.84155392
1684,5124,488.08084248,38.70984384
1684,5125,497.0624044,41.9325552
1689,5087,22.4999634666667,35.789616
1689,5088,31.18430136,33.46923456
1689,5089,40.79415768,34.7398848
1689,5090,50.66358168,36.3309408
1689,5091,60.9208332,37.17145728
1689,5092,70.68376008,32.88877344
1689,5093,79.82074968,33.22124928
1689,5094,89.3256024,35.36643168
1689,5095,99.3843072,38.432232
1689,5096,110.96582328,44.86887648
1689,5097,123.90129144,45.9924912
1689,5098,136.56725544,45.55796832
1689,5099,149.03266104,44.61211296
1689,5100,161.42601192,44.60662656
1689,5101,174.1095324,48.98367648
1689,5102,188.77303368,54.32304096
1689,5103,203.54781744,50.52535488
1689,5104,217.10087136,47.35750752
1689,5105,229.59828096,43.87583808
1689,5106,241.78796448,44.01409536
1689,5107,254.36913312,47.65157856
1689,5108,268.05364728,49.51585728
1689,5109,281.44171296,45.9376272
1689,5110,294.3874224,48.83883552
1689,5111,308.09574144,49.36333536
1689,5112,322.06335384,53.16541056
1689,5113,336.97828464,50.8534416
1689,5114,350.39073432,46.82861856
1689,5115,363.00104184,44.07554304
1689,5116,375.19060344,43.99214976
1689,5117,387.79252896,46.53345024
1689,5118,399.76915728,38.79652896
1689,5119,410.26945632,37.72887552
1689,5120,420.58763736,36.16415424
1689,5121,430.30676448,33.47033184
1689,5122,438.93909672,29.11303296
1689,5123,446.7413976,27.3826224
1689,5124,454.21552032,27.16097184
1689,5125,461.66361312,25.19135424
1689,5126,468.34617024,22.74551712
1689,5127,474.3727368,22.08934368
1689,5128,483.37509624,46.04845248
1689,5129,495.35248656,35.83606752
1689,5130,500.7943248,35.4201984
1699,5092,20.819745,27.0369792
1699,5093,26.42305104,30.0215808
1699,5094,35.51846592,35.50468896
1699,5095,45.65733312,36.01602144
1699,5096,56.17985208,40.49621568
1699,5097,67.3511988,37.87920288
1699,5098,77.16277176,34.11553248
1699,5099,86.73605208,34.83864
1699,5100,96.46560336,35.78120352
1699,5101,106.50065568,36.61294176
1699,5102,116.82788928,37.05734016
1699,5103,127.2863088,39.22117632
1699,5104,138.8217696,43.47972
1699,5105,150.93738672,42.48338976
1699,5106,162.26040192,42.26283648
1699,5107,175.272954,48.43064736
1699,5108,188.26362144,47.04588
1699,5109,201.65107752,48.6149904
1699,5110,216.12106128,53.7612336
1699,5111,230.3216628,50.34979008
1699,5112,244.8080448,53.53958304
1699,5113,259.60520088,53.3497536
1699,5114,274.68191952,54.79706592
1699,5115,289.75885152,53.59334976
1699,5116,304.45249752,51.3307584
1699,5117,318.40578432,51.764184
1699,5118,333.8248848,55.67379264
1699,5119,348.18410424,49.76384256
1699,5120,362.0060832,49.5037872
1699,5121,375.6333864,48.4503984
1699,5122,389.2103976,49.50049536
1699,5123,402.12739488,42.21126432
1699,5124,413.1498468,37.55550528
1699,5125,422.88823728,33.18613632
1699,5126,431.81616456,30.49780032
1699,5127,439.79064696,27.97405632
1699,5128,447.49824648,27.11049696
1699,5129,454.84417032,26.3292336
1699,5130,462.6984396,30.85770816
1699,5131,470.89570032,29.8130976
1699,5132,479.97596664,31.20225408
1699,5133,489.30345624,38.72520576
1699,5134,497.9320496,37.133784
1713,5100,31.2770181333333,32.9513184
1713,5101,40.07138544,34.79255424
1713,5102,50.36585304,37.89017568
1713,5103,61.77454752,46.50711552
1713,5104,75.00103872,44.60004288
1713,5105,86.39293872,39.2661648
1713,5106,97.01683416,37.85725728
1713,5107,107.74719624,39.08182176
1713,5108,118.7692824,40.2098256
1713,5109,129.86641032,40.18129632
1713,5110,141.00706368,39.91246272
1713,5111,152.12211384,39.73360608
1713,5112,162.96272208,38.43881568
1713,5113,173.62843608,38.4048
1713,5114,184.31045688,38.85797664
1713,5115,195.42504984,41.52436704
1713,5116,207.29155392,43.3535328
1713,5117,219.78597648,46.7496144
1713,5118,232.50095232,44.99616096
1713,5119,245.66047896,49.32163872
1713,5120,259.39903416,50.0798592
1713,5121,273.6238368,52.09007616
1713,5122,288.5098116,54.7378128
1713,5123,303.7272564,54.85631904
1713,5124,319.37328048,58.7922624
1713,5125,336.71417544,62.86756032
1713,5126,352.92484152,55.93494528
1713,5127,368.29627128,54.85961088
1713,5128,383.746248,57.19791456
1713,5129,399.34335168,52.79672448
1713,5130,413.43943728,49.89771072
1713,5131,426.86337792,45.75438144
1713,5132,438.685686,40.87587456
1713,5133,449.95508688,39.80602656
1713,5134,460.5579816,36.64256832
1713,5135,471.07620288,39.55365216
1713,5136,481.699062,36.00285408
1713,5137,491.51033016,35.14258656
1713,5138,498.341523,35.0910144
1717,5101,20.4408024,24.2828064
1717,5102,24.43986984,25.74548064
1717,5103,32.2799964,29.67484032
1717,5104,40.47481872,29.53219392
1717,5105,49.85327088,39.04341696
1717,5106,61.2363012,41.28077088
1717,5107,72.31709184,38.39272992
1717,5108,83.0322444,39.42088128
1717,5109,94.20142704,41.20615584
1717,5110,106.0690284,43.24161024
1717,5111,117.8518344,41.96108448
1717,5112,129.56191512,42.23211264
1717,5113,141.186408,41.55289632
1717,5114,152.8756404,42.14981664
1717,5115,164.473128,42.57007488
1717,5116,176.38477296,42.83451936
1717,5117,188.411358,43.34475456
1717,5118,200.52648744,43.89778368
1717,5119,212.89572864,45.2957184
1717,5120,225.3305628,43.98666336
1717,5121,237.5205816,43.87803264
1717,5122,249.80487504,45.79607808
1717,5123,263.19553152,49.31395776
1717,5124,276.89900424,49.9372128
1717,5125,291.41751216,54.42069888
1717,5126,306.64407048,54.85741632
1717,5127,322.23681552,60.08815008
1717,5128,339.57627792,60.28236864
1717,5129,355.7887728,57.77288928
1717,5130,371.3762448,54.91666944
1717,5131,386.91787488,57.0640464
1717,5132,401.85255672,49.55206752
1717,5133,415.01211384,45.646848
1717,5134,427.442376,43.98776064
1717,5135,439.10094552,39.72043872
1717,5136,449.90013144,38.07781056
1717,5137,460.34300616,36.75888
1717,5138,470.6072376,38.64510432
1717,5139,480.72053208,31.99558752
1717,5140,489.96542088,36.4900464
1717,5141,498.1142692,36.100512
1721,5103,21.9632784,27.8959926857143
1721,5104,28.75044288,29.75164992
1721,5105,37.32483264,32.20297344
1721,5106,46.02958536,27.99819648
1721,5107,55.70003592,45.41203008
1721,5108,68.3747172,41.4826704
1721,5109,78.83862312,36.83788416
1721,5110,89.23699704,37.42492896
1721,5111,99.850194,39.30127776
1721,5112,110.68528536,38.4541776
1721,5113,121.3620636,38.40260544
1721,5114,132.16652256,39.52073376
1721,5115,143.09268816,38.94905088
1721,5116,153.81887448,38.4048
1721,5117,164.48413128,38.38724352
1721,5118,175.15039392,38.40699456
1721,5119,185.81943024,38.41138368
1721,5120,196.48861896,38.39821632
1721,5121,207.24744936,40.29651072
1721,5122,219.09554352,43.7759856
1721,5123,231.19433568,42.92449632
1721,5124,243.15407808,43.74087264
1721,5125,255.54526488,47.15121888
1721,5126,268.8499068,46.168056
1721,5127,281.44960728,45.345096
1721,5128,294.1865592,47.37835584
1721,5129,307.82645064,51.56996544
1721,5130,322.95538152,55.05712128
1721,5131,338.04225,53.30257056
1721,5132,352.85650536,54.150768
1721,5133,367.70892168,51.99900192
1721,5134,382.14799872,54.31974912
1721,5135,397.58267448,53.56811232
1721,5136,411.83134296,49.75945344
1721,5137,425.45501904,49.04402688
1721,5138,438.80492376,47.81178144
1721,5139,451.81421448,45.88495776
1721,5140,464.72392704,45.08942976
1721,5141,477.60501888,47.64609216
1721,5142,489.62556888,40.04303904
1721,5143,497.8609296,38.76251328
1725,5106,23.34359568,25.813512
1725,5107,32.0087244,34.12979712
1725,5108,41.28985392,33.78195936
1725,5109,51.25087032,37.05734016
1725,5110,61.02982968,33.89388192
1725,5111,70.70649816,36.55259136
1725,5112,80.75807064,35.03285856
1725,5113,90.51316416,35.23475808
1725,5114,100.62783024,37.70692992
1725,5115,111.19228968,38.69448192
1725,5116,122.03213592,38.95124544
1725,5117,132.9456828,39.70397952
1725,5118,144.11288424,40.36563936
1725,5119,155.03932416,38.43332928
1725,5120,165.79501512,38.94685632
1725,5121,176.52296928,38.4048
1725,5122,186.8396568,32.89425984
1725,5123,195.9066948,37.83750624
1725,5124,206.5559496,37.44687456
1725,5125,219.0411672,48.8673648
1725,5126,231.4840176,43.33926816
1725,5127,243.5027388,43.06824
1725,5128,255.58421832,44.18856288
1725,5129,267.83409984,43.75404
1725,5130,280.00854336,43.89010272
1725,5131,292.27985232,44.95226976
1725,5132,305.0439924,47.34872928
1725,5133,318.68391432,51.42073536
1725,5134,333.83180376,54.38778048
1725,5135,348.09458448,50.54510592
1725,5136,362.2607436,50.86331712
1725,5137,376.2853536,51.60727296
1725,5138,391.37307552,55.67927904
1725,5139,406.8185412,54.9024048
1725,5140,421.42794048,52.27112736
1725,5141,436.54489272,53.09079552
1725,5142,449.62666488,44.06566752
1725,5143,462.28205232,45.23975712
1725,5144,475.15878552,48.31543296
1725,5145,488.17801272,45.41971104
1725,5146,497.61599232,44.95775616
1728,5108,22.1281316571429,26.9758450285714
1728,5109,28.6063944,25.72353504
1728,5110,35.69976096,27.15987456
1728,5111,43.46030424,31.46560128
1728,5112,53.536596,38.21716512
1728,5113,64.48879152,41.41463904
1728,5114,76.27138416,42.58214496
1728,5115,87.95833056,41.20944768
1728,5116,99.2936292,40.76066016
1728,5117,110.62158216,40.6597104
1728,5118,120.34674432,31.01352192
1728,5119,130.48036896,40.47207552
1728,5120,141.67369176,40.13740512
1728,5121,152.70812232,38.98855296
1728,5122,163.43308944,38.80311264
1728,5123,174.27110688,39.3265152
1728,5124,185.2068432,38.71971936
1728,5125,196.063362,39.49988544
1728,5126,207.10434576,41.64067872
1728,5127,219.22761336,44.09200224
1728,5128,231.32610072,41.3235648
1728,5129,242.33096568,41.47828128
1728,5130,254.35855656,43.51373568
1728,5131,266.98200096,47.42334432
1728,5132,279.71508192,43.97239872
1728,5133,292.03281192,46.2284064
1728,5134,305.50390512,49.36991904
1728,5135,319.31485032,51.71590368
1728,5136,334.46014896,53.53409664
1728,5137,348.57089544,50.69104416
1728,5138,362.61001392,49.80334464
1728,5139,376.64709024,53.02825056
1728,5140,392.4812064,58.47514848
1728,5141,408.10275504,54.86290272
1728,5142,423.34397424,54.86729184
1728,5143,438.5892168,54.91557216
1728,5144,453.33775728,50.65263936
1728,5145,467.07680016,49.75835616
1728,5146,480.8252004,47.36518848
1728,5147,493.9256568,47.35202112
1728,5148,501.0951624,45.591984
1730,5111,21.6064882285714,31.930848
1730,5112,29.30734296,33.93118944
1730,5113,39.27701568,38.0262384
1730,5114,50.11911744,41.82941088
1730,5115,62.62884096,45.70061472
1730,5116,74.43865224,39.50976096
1730,5117,85.34104344,39.27604032
1730,5118,96.12867744,38.64400704
1730,5119,107.22169056,41.51778336
1730,5120,119.06850456,43.13517408
1730,5121,131.0679624,43.85718432
1730,5122,143.52565656,45.25841088
1730,5123,156.06960912,44.68782528
1730,5124,168.27773304,43.60371264
1730,5125,180.36607056,43.04739168
1730,5126,192.12232848,41.97315456
1730,5127,203.80765944,42.54593472
1730,5128,215.82327168,43.5839616
1730,5129,227.9388888,43.7046624
1730,5130,240.17773656,46.003464
1730,5131,253.57906104,39.45379968
1730,5132,263.37521112,41.60776032
1730,5133,274.9167984,41.26760352
1730,5134,286.85380272,43.76062368
1730,5135,299.30381592,46.90542816
1730,5136,312.81718488,49.47964704
1730,5137,327.34907352,55.4290992
1730,5138,342.05622216,49.91636448
1730,5139,355.99103808,50.24335392
1730,5140,369.79436328,50.0469408
1730,5141,384.10764936,53.04032064
1730,5142,399.438876,57.17816352
1730,5143,414.92043,53.96203584
1730,5144,429.99510648,54.00153792
1730,5145,444.7826004,51.54143616
1730,5146,458.94309024,52.04179584
1730,5147,473.94519384,55.33363584
1730,5148,488.90090688,52.13835648
1730,5149,498.7547556,48.7302048
1732,5113,21.1056147428571,29.0058130285714
1732,5114,27.93763272,29.4235632
1732,5115,36.71690904,32.63200992
1732,5116,46.40186808,39.2442192
1732,5117,58.41940056,46.37215008
1732,5118,72.03893136,52.74844416
1732,5119,86.58221952,45.92775168
1732,5120,98.09674056,41.0272992
1732,5121,109.72873152,42.48558432
1732,5122,121.74022896,44.000928
1732,5123,134.06021448,44.34547392
1732,5124,146.4010788,45.22000608
1732,5125,158.92275048,44.10955872
1732,5126,169.76271864,37.5873264
1732,5127,181.58511816,42.739056
1732,5128,192.82595928,41.56167456
1732,5129,205.17822312,47.42883072
1732,5130,218.86005504,47.34434016
1732,5131,231.2721816,43.89010272
1732,5132,243.46192608,43.8802272
1732,5133,255.7701768,45.42958656
1732,5134,268.41578016,44.44313184
1732,5135,280.61872248,43.89229728
1732,5136,292.78944744,44.03713824
1732,5137,305.12823912,44.74268928
1732,5138,318.08373264,49.90319712
1732,5139,333.05096712,54.48434112
1732,5140,347.34072264,50.87319264
1732,5141,361.60005912,51.00376896
1732,5142,375.57687648,50.16105792
1732,5143,390.36257208,55.19647584
1732,5144,404.91640632,51.380136
1732,5145,419.83432416,54.82778976
1732,5146,434.88931056,54.26927424
1732,5147,450.44459568,56.65146912
1732,5148,465.94206024,55.68586272
1732,5149,481.21720368,52.57287936
1732,5150,494.91211152,48.69070272
1733,5114,19.5218304,29.0669472
1733,5115,23.85203256,28.50404256
1733,5116,31.19682864,23.47520832
1733,5117,37.76222064,25.5007872
1733,5118,45.76946904,33.13346688
1733,5119,55.3772832,35.20952064
1733,5120,67.40478264,53.23783104
1733,5121,81.17912136,41.37513696
1733,5122,91.63174968,36.14659776
1733,5123,101.83422864,37.39859424
1733,5124,112.18157904,38.83932288
1733,5125,123.8742252,43.4961792
1733,5126,136.10944584,44.63076672
1733,5127,148.45951512,44.20502208
1733,5128,160.81357728,45.5151744
1733,5129,173.64391992,46.21633632
1733,5130,186.49041696,46.277784
1733,5131,199.44530088,48.34725408
1733,5132,214.9833648,61.2940608
1733,5133,229.73224056,44.89301664
1733,5134,241.95950592,44.7745104
1733,5135,254.99077272,45.74340864
1733,5136,267.89734584,49.78469088
1733,5137,281.3224752,45.5480928
1733,5138,293.58905976,44.39155968
1733,5139,306.38050992,47.94455232
1733,5140,320.2768296,53.16541056
1733,5141,335.5089048,53.18406432
1733,5142,349.5190368,49.3666272
1733,5143,363.2310744,49.35675168
1733,5144,377.02885224,51.54033888
1733,5145,392.58364968,57.89907648
1733,5146,408.07474392,54.40204512
1733,5147,423.406824,56.38812192
1733,5148,438.891426,55.03078656
1733,5149,454.36913952,55.30071744
1733,5150,468.8765832,51.02132544
1733,5151,482.90186376,48.09707424
1733,5152,495.3237744,47.5073472
1739,5117,23.3506602666667,29.9264832
1739,5118,31.78250184,33.2585568
1739,5119,40.71073392,30.34088928
1739,5120,49.90773864,38.22594336
1739,5121,61.42094904,42.5415456
1739,5122,72.67812744,38.17217664
1739,5123,83.13913776,37.9165104
1739,5124,93.72865176,37.8067824
1739,5125,104.35669248,39.06645984
1739,5126,115.24238064,39.255192
1739,5127,126.56871816,42.8597568
1739,5128,138.68055576,43.63663104
1739,5129,150.71982048,43.42375872
1739,5130,163.00874688,45.83777472
1739,5131,176.37063024,49.29859584
1739,5132,189.96458832,48.87504576
1739,5133,203.684886,50.37831936
1739,5134,218.0831808,51.2649216
1739,5135,231.73672728,48.12999264
1739,5136,245.03045736,46.89555264
1739,5137,257.95946376,47.44967904
1739,5138,271.13935104,46.42701408
1739,5139,283.66434504,44.05359744
1739,5140,295.91754888,44.95995072
1739,5141,308.88849576,48.53927808
1739,5142,322.92429192,53.84133504
1739,5143,338.07666192,52.34683968
1739,5144,352.5432624,53.05677984
1739,5145,367.38613848,53.36401824
1739,5146,382.61065464,58.08780864
1739,5147,399.00746208,56.9817504
1739,5148,414.35511744,54.87058368
1739,5149,429.60090864,55.27548
1739,5150,445.1247384,55.57832928
1739,5151,460.20935136,53.41339584
1739,5152,475.49741832,55.66391712
1739,5153,489.9763632,50.67897408
1739,5154,499.416832,53.5801824
1741,5137,242.8129256,18.3081168
1741,5138,247.62616464,23.8164624
1741,5139,255.62865816,34.4600784
1741,5140,265.8299484,37.70692992
1741,5141,276.8640132,42.51630816
1741,5142,288.9842328,43.7595264
1741,5143,301.16263872,43.88900544
1741,5144,313.58229384,47.00966976
1741,5145,327.9590088,55.4290992
1741,5146,342.67194864,50.00524416
1741,5147,356.60941632,50.1511824
1741,5148,370.38985104,49.39844832
1741,5149,384.89814816,56.75571072
1741,5150,400.91916768,56.84349312
1741,5151,416.95408608,57.8486016
1741,5152,432.0820416,51.4953504
1741,5153,446.70293184,53.849016
1741,5154,461.30745432,51.99900192
1741,5155,476.45915376,56.77985088
1741,5156,491.44232928,47.70644256
1741,5157,499.364508,40.7200608
1743,5195,470.70114648,45.17392032
1743,5196,483.45629496,45.1201536
1743,5197,494.560995466667,33.61944
1746,5119,21.964142,30.4604928
1746,5120,28.99723944,32.03399232
1746,5121,38.22856464,33.73148448
1746,5122,47.5753176,33.9114384
1746,5123,57.92333856,40.52474496
1746,5124,69.08837592,38.31592032
1746,5125,79.26717192,35.81741376
1746,5126,88.94390136,33.686496
1746,5127,98.22451272,34.31414016
1746,5128,107.92324872,34.13199168
1746,5129,117.35909472,34.55663904
1746,5130,127.03152648,34.97141088
1746,5131,137.21141976,39.78408096
1746,5132,148.78623024,40.86709632
1746,5133,159.61037928,38.38943808
1746,5134,170.43952704,41.18311296
1746,5135,182.40094584,43.58835072
1746,5136,194.41579608,42.78953088
1746,5137,206.562198,45.78510528
1746,5138,219.70133352,46.2558384
1746,5139,232.0354008,43.88900544
1746,5140,244.20938712,43.46655264
1746,5141,256.07945736,41.36855328
1746,5142,267.12446448,38.78006976
1746,5143,277.8660432,39.27274848
1746,5144,289.05607416,40.4292816
1746,5145,300.11982648,40.59606816
1746,5146,311.9769732,43.86596256
1746,5147,324.7450452,49.93831008
1746,5148,338.65770216,48.36151872
1746,5149,351.8765124,46.37544192
1746,5150,364.3812372,44.51555232
1746,5151,377.44773888,50.4309888
1746,5152,392.20237536,53.52861024
1746,5153,406.61578824,51.76089216
1746,5154,421.26947496,53.31793248
1746,5155,436.27596768,54.18697824
1746,5156,450.82666248,52.01326656
1746,5157,465.48656712,54.10577952
1746,5158,480.76369176,51.27260256
1746,5159,494.26081488,51.60398112
1747,5120,19.9793352,32.5672704
1747,5121,24.9125232,32.72308416
1747,5122,34.0572852,32.8141584
1747,5123,43.2529488,33.75562464
1747,5124,52.77468744,35.55296928
1747,5125,63.1236228,37.88468928
1747,5126,73.65641352,38.70216288
1747,5127,85.54309536,46.03309056
1747,5128,97.36878672,38.32689312
1747,5129,107.69720904,37.44468
1747,5130,118.29766536,37.98893088
1747,5131,128.55878784,36.53613216
1747,5132,138.51943848,31.23517248
1747,5133,146.31128472,32.52008736
1747,5134,156.71331624,38.43662112
1747,5135,167.77786104,41.92926336
1747,5136,179.79981312,43.8912
1747,5137,191.99342856,43.89558912
1747,5138,204.22648512,45.08394336
1747,5139,217.29042648,46.96687584
1747,5140,229.75186968,43.87912992
1747,5141,241.94386968,43.83194688
1747,5142,253.58896704,39.57779232
1747,5143,264.49666176,39.12242112
1747,5144,275.21440512,38.38943808
1747,5145,285.88011912,38.322504
1747,5146,296.62233792,39.858696
1747,5147,308.32306128,43.74635904
1747,5148,320.67776352,46.97016768
1747,5149,334.40357808,48.17498112
1747,5150,347.38312032,47.22254208
1747,5151,360.5907444,47.88859104
1747,5152,374.05321176,49.1087664
1747,5153,387.74360856,49.18228416
1747,5154,401.39099808,49.12083648
1747,5155,414.98827848,48.72910752
1747,5156,428.56428384,48.48770592
1747,5157,442.12928592,49.90868352
1747,5158,456.398376,52.83183744
1747,5159,471.25771128,55.11856896
1747,5160,486.6750744,54.24184224
1747,5161,498.0697176,56.47480704
1749,5123,22.07895,35.990784
1749,5124,29.33270232,37.90114848
1749,5125,39.72376104,35.2556064
1749,5126,49.98509688,41.4881568
1749,5127,62.34339576,45.31876128
1749,5128,74.01287712,37.97356896
1749,5129,84.29423832,37.04527008
1749,5130,94.60187328,37.54782432
1749,5131,105.13493832,37.02442176
1749,5132,115.09421736,36.5229648
1749,5133,125.5750092,37.7409456
1749,5134,136.13575008,38.5035552
1749,5135,146.9007984,38.94905088
1749,5136,157.62881352,38.39602176
1749,5137,168.39776328,39.58547328
1749,5138,179.75668392,42.01924032
1749,5139,191.59645704,43.2108864
1749,5140,203.72795424,44.0777376
1749,5141,216.26971224,45.75438144
1749,5142,228.6818388,43.89010272
1749,5143,240.8714004,43.87803264
1749,5144,253.045722,43.43912064
1749,5145,264.81072768,40.69921248
1749,5146,275.66489952,38.38065984
1749,5147,286.31430672,38.27641824
1749,5148,296.9649636,38.40589728
1749,5149,307.9679388,41.96437632
1749,5150,320.05804416,45.2134224
1749,5151,333.20787816,46.86263424
1749,5152,345.65856192,44.42667264
1749,5153,358.08443496,44.41021344
1749,5154,370.3481544,44.93690784
1749,5155,383.56400808,50.74151904
1749,5156,397.82681928,49.9646448
1749,5157,411.5446176,49.69800576
1749,5158,425.60095728,51.35160672
1749,5159,439.87224192,51.4843776
1749,5160,454.0524828,50.6065536
1749,5161,468.14957424,52.00887744
1749,5162,482.60130048,49.88893248
1749,5163,495.502759733333,49.3995456
1755,5126,23.15327856,38.0536704
1755,5127,31.1773824,38.09646432
1755,5128,41.2088076,35.7000048
1755,5129,52.52795184,45.99688032
1755,5130,65.70875352,45.70061472
1755,5131,77.16393,38.459664
1755,5132,87.81540984,37.79251776
1755,5133,98.4307404,39.56901408
1755,5134,109.65670728,41.34441312
1755,5135,121.38803256,42.02362944
1755,5136,132.79758048,40.87697184
1755,5137,144.15534288,40.28224608
1755,5138,155.03877552,38.5748784
1755,5139,166.08512376,41.82611904
1755,5140,178.123596,43.89449184
1755,5141,190.33077504,44.30487456
1755,5142,202.98610152,46.72986336
1755,5143,216.32984928,48.18595392
1755,5144,228.9858768,43.88242176
1755,5145,241.1751336,43.87803264
1755,5146,253.36201296,43.77927744
1755,5147,265.42770384,42.94534464
1755,5148,277.33916592,43.06055904
1755,5149,289.20631008,41.97425184
1755,5150,300.69842832,41.0272992
1755,5151,311.79192912,39.37369824
1755,5152,323.62121712,47.76020928
1755,5153,337.1603112,45.92336256
1755,5154,349.5746628,45.25072992
1755,5155,362.119926,45.10259712
1755,5156,375.13461168,49.0593888
1755,5157,389.4862416,53.35853184
1755,5158,403.86682752,49.9481856
1755,5159,417.61794048,49.37979456
1755,5160,431.44293696,50.75139456
1755,5161,445.66938552,51.2923536
1755,5162,460.0768548,52.32818592
1755,5163,475.01802888,55.24146432
1755,5164,489.9077832,52.07361696
1755,5165,499.4130728,53.1522432
1761,5128,21.8872308,40.32504
1761,5129,29.6024808,40.59058176
1761,5130,40.24938864,36.02041056
1761,5131,51.96193824,54.14308704
1761,5132,64.5755376,29.72312064
1761,5133,74.37223632,42.26832288
1761,5134,85.96371936,39.3758928
1761,5135,96.13641936,36.17622432
1761,5136,106.39824288,36.75558816
1761,5137,116.55463608,37.33275744
1761,5138,127.14165072,38.47941504
1761,5139,138.21497376,41.88646944
1761,5140,150.16145736,43.33817088
1761,5141,162.27573336,43.8802272
1761,5142,174.62293752,46.32386976
1761,5143,187.86418104,47.77337664
1761,5144,201.19012848,47.6713296
1761,5145,214.52689632,48.43284192
1761,5146,227.31337824,43.93070208
1761,5147,239.5014768,43.87803264
1761,5148,251.69085552,43.88351904
1761,5149,263.879076,43.5126384
1761,5150,275.51783352,40.07047104
1761,5151,286.32384696,38.26434816
1761,5152,296.96728008,38.41138368
1761,5153,307.6616148,39.0686544
1761,5154,319.21274232,45.29352384
1761,5155,332.70181872,48.59194752
1761,5156,345.37537224,44.92922688
1761,5157,358.2543,47.45406816
1761,5158,371.50785744,47.7261936
1761,5159,385.44209424,53.49678912
1761,5160,400.20188184,50.74261632
1761,5161,413.9676252,49.38528096
1761,5162,427.79286552,49.92733728
1761,5163,441.59805,49.91307264
1761,5164,455.63908872,52.49497248
1761,5165,471.39112224,60.89026176
1761,5166,487.50477048,52.06154688
1761,5167,497.4886164,52.4719296
1766,5131,25.3512997333333,43.8912
1766,5132,36.85952496,42.8103792
1766,5133,48.75333912,45.12234816
1766,5134,61.88454984,47.76020928
1766,5135,74.21084472,39.70946592
1766,5136,84.79173288,37.938456
1766,5137,94.8808872,34.4216736
1766,5138,104.27137896,33.50763936
1766,5139,113.50532544,32.93595648
1766,5140,122.6707224,33.34963104
1766,5141,132.4921404,37.69266528
1766,5142,143.4759132,41.96986272
1766,5143,155.57147448,43.8857136
1766,5144,167.92937712,45.93872448
1766,5145,181.24660728,49.2459264
1766,5146,194.96489328,49.37650272
1766,5147,208.75364904,50.58131616
1766,5148,222.92840352,50.22470016
1766,5149,236.49627072,46.8977472
1766,5150,248.94454656,43.8857136
1766,5151,261.26441016,44.8897248
1766,5152,273.60804816,43.89339456
1766,5153,285.68154192,42.50423808
1766,5154,297.17777496,40.62240288
1766,5155,308.22497664,38.79543168
1766,5156,318.99798024,40.79357856
1766,5157,331.70064216,47.7371664
1766,5158,344.23377432,43.48301184
1766,5159,356.19915552,43.1395632
1766,5160,368.32324608,44.35534944
1766,5161,381.62855856,52.8066
1766,5162,396.89233296,54.80035776
1766,5163,412.05521856,54.87387552
1766,5164,427.29765696,54.8585136
1766,5165,442.78030824,57.10574304
1766,5166,458.71845264,57.27911328
1766,5167,475.26906216,61.67701152
1766,5168,491.77657296,56.811672
1766,5169,500.4748944,56.6525664
1768,5132,20.9980784,46.2832704
1768,5133,29.25628896,48.04001568
1768,5134,42.1320468,43.9515504
1768,5135,54.48434112,45.1914768
1768,5136,67.18041936,48.10365792
1768,5137,81.66850824,49.95696384
1768,5138,92.7296088,33.91582752
1768,5139,102.2241288,34.29438912
1768,5140,111.52382064,32.91730272
1768,5141,120.67339848,32.97216672
1768,5142,130.25628,37.26801792
1768,5143,141.24700224,41.69334816
1768,5144,153.34911672,44.75366208
1768,5145,166.32625104,48.7795824
1768,5146,180.02914464,49.37869728
1768,5147,193.74621144,49.37979456
1768,5148,207.61445904,51.8025888
1768,5149,222.1643004,50.65922304
1768,5150,235.9179432,48.90247776
1768,5151,248.7997056,44.0996832
1768,5152,261.06757032,44.36412768
1768,5153,273.12570216,41.79758976
1768,5154,284.1976536,38.41248096
1768,5155,294.83541744,38.40370272
1768,5156,305.5028688,38.43442656
1768,5157,316.54309056,42.44937408
1768,5158,329.4801132,48.70606464
1768,5159,342.28454784,44.13369888
1768,5160,354.67872168,44.78767776
1768,5161,366.95841264,43.87254624
1768,5162,379.6884456,50.10838848
1768,5163,394.63105224,54.70818624
1768,5164,409.83825576,55.3742352
1768,5165,425.40515376,56.83581216
1768,5166,441.21433728,56.63830176
1768,5167,456.9610368,56.70962496
1768,5168,473.23281528,61.09545312
1768,5169,489.62261232,56.16537408
1768,5170,499.7232576,56.180736
1772,5135,24.54027096,44.62857216
1772,5136,36.72818664,44.06347296
1772,5137,49.665636,52.25357088
1772,5138,63.63693648,39.42746496
1772,5139,76.08688872,54.00921888
1772,5140,88.54528392,36.15098688
1772,5141,98.07080208,33.49556928
1772,5142,107.211876,32.23040544
1772,5143,116.03787816,31.85184384
1772,5144,124.7572308,31.3438032
1772,5145,133.7864736,33.38584128
1772,5146,143.14023696,34.41289536
1772,5147,153.1609332,37.3130064
1772,5148,163.78556016,39.80273472
1772,5149,175.53182064,43.85718432
1772,5150,187.82059464,45.22768704
1772,5151,200.45001312,45.11905632
1772,5152,213.797388,50.64276384
1772,5153,227.61159456,49.44014496
1772,5154,241.18546632,47.63402208
1772,5155,254.79643224,51.16397184
1772,5156,268.49097432,45.7401168
1772,5157,280.723848,42.92888544
1772,5158,292.4970528,43.08140736
1772,5159,304.81606296,45.11795904
1772,5160,317.68301208,48.45259296
1772,5161,332.063598,52.51252896
1772,5162,345.45891792,45.22110336
1772,5163,357.92386632,44.45959104
1772,5164,370.15478928,43.74965088
1772,5165,382.7964912,50.12265312
1772,5166,397.24379784,48.39114528
1772,5167,410.19292104,50.14789056
1772,5168,424.67854104,50.43428064
1772,5169,438.18102864,51.30552096
1772,5170,453.75140136,57.48540192
1772,5171,469.14681888,53.10067104
1772,5172,484.5269964,57.18145536
1772,5173,497.7999696,55.8562546285714
1780,5087,2.0213574,27.0698976
1780,5088,8.70155232,27.07099488
1780,5089,16.2249612,27.10171872
1780,5090,24.28609824,32.14810944
1780,5091,33.6174588,33.82475328
1780,5092,43.01465616,33.83133696
1780,5093,52.6430748,36.04893984
1780,5094,62.8348248,36.7808256
1780,5095,73.05181224,36.80167392
1780,5096,83.12636664,35.3379024
1780,5097,92.81528808,34.811208
1780,5098,103.0298676,39.9629376
1780,5099,114.54710136,41.74162848
1780,5100,125.97524208,40.13521056
1780,5101,137.04734592,39.88832256
1780,5102,147.7767936,36.67219488
1780,5103,157.71732744,35.65721088
1780,5104,165.0970536,34.3777824
1787,5140,24.5574312,40.249602
1787,5141,34.55627328,39.89600352
1787,5142,45.790866,41.46401664
1787,5143,57.97497168,45.78291072
1787,5144,70.3880736,41.75479584
1787,5145,81.14510568,37.2746016
1787,5146,91.16421696,34.36900416
1787,5147,100.750878,35.0087184
1787,5148,110.34890808,34.60601664
1787,5149,120.12872088,36.09941472
1787,5150,130.49256096,38.26764
1787,5151,141.17189952,38.3883408
1787,5152,152.00516208,39.51085824
1787,5153,162.9014268,39.8971008
1787,5154,174.61720728,43.75842912
1787,5155,186.81106656,43.89558912
1787,5156,199.00321896,43.87803264
1787,5157,211.43177424,46.48516992
1787,5158,224.2514184,44.45191008
1787,5159,236.45189184,43.87912992
1787,5160,248.64093528,43.88900544
1787,5161,260.89886352,44.38717056
1787,5162,273.15228072,43.83853056
1787,5163,285.08779152,39.86198784
1787,5164,296.14770336,42.84988128
1787,5165,308.45610648,45.6578208
1787,5166,321.8590464,52.00887744
1787,5167,336.74072352,51.72468192
1787,5168,350.62853928,49.86698688
1787,5169,364.4362536,49.40393472
1787,5170,378.2351592,51.44158368
1787,5171,393.53742984,56.48358528
1787,5172,408.74664504,54.1782
1787,5173,424.03434624,55.55857824
1787,5174,439.5028548,55.73194848
1787,5175,454.71304536,53.81280576
1787,5176,469.7405388,54.64344672
1787,5177,484.21094928,50.2444512
1787,5178,496.297828114286,50.8667657142857
1797,5146,15.9473537142857,51.7853458285714
1797,5147,28.99306368,54.67417056
1797,5148,41.54097864,34.73330112
1797,5149,51.08969208,39.55804128
1797,5150,62.73731928,42.00058656
1797,5151,75.19589736,49.9372128
1797,5152,88.84825512,45.94201632
1797,5153,100.80165768,40.297608
1797,5154,111.23560176,35.06577696
1797,5155,120.93119832,35.48384064
1797,5156,131.7584868,42.54044832
1797,5157,142.67986704,35.07565248
1797,5158,152.46074664,36.3089952
1797,5159,162.81157176,38.10085344
1797,5160,173.5331556,39.81370752
1797,5161,185.281062,43.91753472
1797,5162,198.1658724,51.95511072
1797,5163,215.45248248,69.08804064
1797,5164,234.23291736,67.12171488
1797,5165,253.30333896,69.3426096
1797,5166,272.51256648,68.15644992
1797,5167,290.9695476,65.672208
1797,5168,309.42439512,68.3001936
1797,5169,328.79891568,70.3575936
1797,5170,347.51400144,63.40303296
1797,5171,364.74635712,60.88367808
1797,5172,382.0448544,66.73766688
1797,5173,400.84327248,63.87925248
1797,5174,418.03499832,61.66933056
1797,5175,434.85913536,61.5135168
1797,5176,452.3705964,63.66747744
1797,5177,470.0581404,62.2925856
1797,5178,486.72000192,55.60137216
1797,5179,498.04947888,57.47113728
1802,5146,25.9169916,43.96910688
1802,5147,38.1568452,43.47862272
1802,5148,50.08650384,44.95665888
1802,5149,63.20939352,47.45845728
1802,5150,75.2953536,39.19923072
1802,5151,85.84749912,37.31081184
1802,5152,95.78620416,33.88729824
1802,5153,105.2567364,34.38656064
1802,5154,114.49982688,33.49776384
1802,5155,124.14735648,34.85071008
1802,5156,133.73691312,34.99555104
1802,5157,143.73435312,36.98711424
1802,5158,154.27168536,38.13267456
1802,5159,164.79386904,38.11621536
1802,5160,175.56562296,39.81809664
1802,5161,187.12879008,43.30744704
1802,5162,199.39357632,46.5082128
1802,5163,214.44118656,55.31607936
1802,5164,228.51157752,50.03157888
1802,5165,241.64068512,44.99067456
1802,5166,254.36035488,47.26862784
1802,5167,268.02499608,50.24884032
1802,5168,281.75331,47.21486112
1802,5169,294.96129984,51.2813808
1802,5170,309.55521528,51.86623104
1802,5171,324.83093784,59.8511376
1802,5172,341.19461352,55.632096
1802,5173,356.44573872,54.83985984
1802,5174,371.63355696,54.40423968
1802,5175,387.50921736,60.68616768
1802,5176,403.86957072,56.33325792
1802,5177,419.50815768,56.41884576
1802,5178,435.35440488,57.15621792
1802,5179,451.05928584,56.46383424
1802,5180,466.79010528,57.03003072
1802,5181,482.24230704,53.2619712
1802,5182,495.6189732,55.5196248
1804,5147,20.8575402,43.0462944
1804,5148,29.12842536,42.9530256
1804,5149,40.5675084,39.49878816
1804,5150,51.87763056,44.64612864
1804,5151,64.25552808,37.2307104
1804,5152,75.47573424,47.75472288
1804,5153,87.48698784,39.05329248
1804,5154,98.21945304,38.73069216
1804,5155,108.64019928,35.579304
1804,5156,118.4184576,35.56394208
1804,5157,128.10003336,34.097976
1804,5158,137.43669744,33.0061824
1804,5159,146.76491856,33.9717888
1804,5160,156.08829336,33.66016128
1804,5161,166.01334336,37.91870496
1804,5162,176.67509496,38.40589728
1804,5163,187.77542328,42.5250864
1804,5164,199.91600352,43.93179936
1804,5165,212.6487492,47.95003872
1804,5166,225.48963792,44.357544
1804,5167,238.37316816,48.78287424
1804,5168,252.09389256,49.9701312
1804,5169,266.24877408,51.30991008
1804,5170,280.38167952,50.93902944
1804,5171,295.06566336,54.67417056
1804,5172,310.3033164,54.8694864
1804,5173,326.26840512,60.94732032
1804,5174,342.58434912,55.25024256
1804,5175,357.82303848,54.83985984
1804,5176,373.05663768,55.05163488
1804,5177,388.98158424,59.4067392
1804,5178,404.9045496,55.0999152
1804,5179,420.5253972,58.11853248
1804,5180,436.74691416,57.87493632
1804,5181,452.56435776,56.05564608
1804,5182,468.29557344,57.8870064
1804,5183,483.75835176,52.63542432
1804,5184,496.355609485714,54.9784306285714
1811,5151,22.76475,42.3440352
1811,5152,30.88151304,43.23502656
1811,5153,42.72515712,42.22991808
1811,5154,55.23210696,47.57037984
1811,5155,68.35521,44.57919456
1811,5156,79.60236048,38.4267456
1811,5157,90.2717016,38.37407616
1811,5158,101.05330056,39.4581888
1811,5159,111.95499072,39.2881104
1811,5160,123.04998504,40.52364768
1811,5161,134.59382784,42.32647872
1811,5162,146.48374056,42.50643264
1811,5163,157.75369008,38.95344
1811,5164,168.49575648,39.76871904
1811,5165,180.2567388,43.89339456
1811,5166,192.455292,44.36522496
1811,5167,205.28761584,48.49867872
1811,5168,219.30439248,50.55937056
1811,5169,232.77338256,47.39042592
1811,5170,246.06760032,48.49648416
1811,5171,259.69194696,49.37979456
1811,5172,273.37917384,49.2733584
1811,5173,287.06829048,49.24812096
1811,5174,300.97177296,51.43390272
1811,5175,315.6853224,54.94519872
1811,5176,332.0067528,60.0376752
1811,5177,347.8193196,55.6924464
1811,5178,363.28465824,55.0669968
1811,5179,378.68446488,57.84201792
1811,5180,395.61772032,61.06582656
1811,5181,412.02175152,58.53001248
1811,5182,428.46622968,59.84894304
1811,5183,445.10712096,58.83286176
1811,5184,460.91621304,55.97444736
1811,5185,476.92668648,58.25898432
1811,5186,492.19430136,52.60579776
1811,5187,500.3224944,52.449984
1812,5153,19.37004,46.2393792
1812,5154,26.2792464,45.35936064
1812,5155,38.63388768,44.3081664
1812,5156,51.65945472,50.97743424
1812,5157,66.19838424,51.31868832
1812,5158,80.4545508,50.31357984
1812,5159,92.58428016,39.04890336
1812,5160,103.55555616,39.99914784
1812,5161,114.7422648,40.2921216
1812,5162,125.91239232,39.87954432
1812,5163,137.02341912,40.57851168
1812,5164,148.12088232,39.00391488
1812,5165,158.89242288,38.95124544
1812,5166,169.8182532,39.67435296
1812,5167,181.14526128,42.34513248
1812,5168,193.21339056,43.89339456
1812,5169,205.47317808,45.63697248
1812,5170,218.86508424,48.86407296
1812,5171,232.41829056,49.38089184
1812,5172,246.13352856,49.38418368
1812,5173,259.99766136,50.36076288
1812,5174,274.0505568,51.435
1812,5175,288.55379424,52.62115968
1812,5176,303.20769432,52.74405504
1812,5177,318.16398648,56.69316576
1812,5178,334.71133464,58.67046432
1812,5179,350.25412296,55.34570592
1812,5180,365.58394752,54.88265376
1812,5181,381.09439656,58.9788
1812,5182,398.32233264,61.99412544
1812,5183,415.12857792,59.67667008
1812,5184,431.34479136,57.60281088
1812,5185,447.40104576,57.41956512
1812,5186,463.14107016,57.17816352
1812,5187,479.65351872,59.32773504
1812,5188,494.522726133333,54.2873184
1817,5154,19.3688208,45.3396096
1817,5155,26.72346192,46.00675584
1817,5156,39.1215372,42.85536768
1817,5157,52.51661328,56.41555392
1817,5158,66.6227268,41.33782944
1817,5159,79.07569656,47.75582016
1817,5160,90.88532496,38.45746944
1817,5161,101.5419864,38.38943808
1817,5162,112.2081576,38.42564832
1817,5163,122.88655128,38.349936
1817,5164,133.62788616,39.47025888
1817,5165,145.04203656,42.37914816
1817,5166,156.71691288,41.093136
1817,5167,167.960802,40.35027744
1817,5168,179.39985456,42.76319616
1817,5169,191.53394256,43.93838304
1817,5170,204.4633452,52.60470048
1817,5171,218.2540212,44.8897248
1817,5172,231.94661256,50.44086432
1817,5173,245.06800872,46.9142064
1817,5174,258.75014544,50.40575136
1817,5175,272.68694256,49.95257472
1817,5176,286.67738448,50.35308192
1817,5177,301.03788408,53.986176
1817,5178,316.29940296,56.51211456
1817,5179,332.99954736,60.26152032
1817,5180,348.72177144,55.2919392
1817,5181,364.06610448,54.9408096
1817,5182,379.50361488,58.48173216
1817,5183,396.85334904,63.0332496
1817,5184,413.82196128,60.3558864
1817,5185,430.58266944,60.08046912
1817,5186,446.95872,57.963816
1817,5187,462.90878208,57.54794688
1817,5188,479.22969432,57.95723232
1817,5189,493.9667032,55.3260768
1823,5158,21.6589356,44.5605408
1823,5159,30.34762536,43.98776064
1823,5160,42.3551604,43.10006112
1823,5161,55.03511472,47.77118208
1823,5162,68.04986136,43.35463008
1823,5163,79.01113992,38.66046624
1823,5164,89.78658192,37.911024
1823,5165,100.47454632,39.45160512
1823,5166,111.46106232,40.0726656
1823,5167,122.78109048,41.24346336
1823,5168,134.30100648,41.59569024
1823,5169,146.0836296,42.70504032
1823,5170,157.82586672,42.053256
1823,5171,169.74077304,43.8802272
1823,5172,182.11726848,46.36337184
1823,5173,195.57479808,49.37540544
1823,5174,209.65296144,53.22466368
1823,5175,224.07384192,49.75286976
1823,5176,239.14504368,60.322968
1823,5177,256.02779376,58.24252512
1823,5178,271.84987032,56.93127552
1823,5179,287.77655424,56.64708
1823,5180,303.13963248,54.85631904
1823,5181,318.37435944,56.04577056
1823,5182,334.53488592,57.00589056
1823,5183,349.501968,53.18735616
1823,5184,364.51937256,54.72464544
1823,5185,379.97072088,58.14925632
1823,5186,396.6295344,58.97660544
1823,5187,412.83632952,59.25092544
1823,5188,429.5741472,60.9045264
1823,5189,446.38435488,59.75347968
1823,5190,462.84151272,59.33322144
1823,5191,479.13798,55.7912016
1823,5192,494.00822712,52.60031136
1830,5160,23.48861952,38.4486912
1830,5161,31.42719648,38.3005584
1830,5162,42.40405032,40.97901888
1830,5163,53.8974792,39.87954432
1830,5164,64.47928176,37.63450944
1830,5165,75.0274344,38.36529792
1830,5166,85.7009208,38.40589728
1830,5167,96.28787448,37.691568
1830,5168,106.6306224,37.43590176
1830,5169,117.24263064,38.43662112
1830,5170,127.90240104,38.37297888
1830,5171,138.6151152,39.200328
1830,5172,149.80761504,40.8791664
1830,5173,161.16626136,41.57923104
1830,5174,173.09329872,43.7595264
1830,5175,185.28667032,43.89558912
1830,5176,197.4937884,44.29390176
1830,5177,210.24473064,48.68960544
1830,5178,224.17281048,49.78469088
1830,5179,237.88000176,48.63474144
1830,5180,251.18875848,48.70935648
1830,5181,265.37021856,52.68699648
1830,5182,280.18365096,54.12004416
1830,5183,295.36238616,54.83985984
1830,5184,310.59888096,54.87826464
1830,5185,326.75709096,62.65029888
1830,5186,343.70418432,57.77618112
1830,5187,359.63452584,57.16170432
1830,5188,375.3494652,56.90823264
1830,5189,392.18628192,62.96082912
1830,5190,409.1287728,59.66789184
1830,5191,425.63055336,59.11376544
1830,5192,442.14617184,59.49013248
1830,5193,458.36710968,58.24033056
1830,5194,475.05189216,59.96744928
1830,5195,490.64969688,54.4854384
1830,5196,499.869714,56.2026816
1838,5163,24.80687952,37.42163712
1838,5164,36.270438,40.38648768
1838,5165,47.5425516,46.2668112
1838,5166,61.57228224,43.00020864
1838,5167,73.44805224,49.46647968
1838,5168,85.37441904,36.39458304
1838,5169,95.31647688,35.89312608
1838,5170,105.63938232,38.49697152
1838,5171,116.48456256,39.0521952
1838,5172,127.22601936,38.69228736
1838,5173,138.04654128,39.04780608
1838,5174,149.07941736,40.04303904
1838,5175,160.31218128,41.9215824
1838,5176,172.33053672,43.89229728
1838,5177,184.52875464,44.17210368
1838,5178,197.0350644,46.56636864
1838,5179,210.92092944,52.55642016
1838,5180,225.50253096,51.22871136
1838,5181,238.59375192,44.2807344
1838,5182,251.66321016,50.2334784
1838,5183,265.98451248,52.64310528
1838,5184,280.73774688,53.37608832
1838,5185,295.39771248,52.51143168
1838,5186,310.15942032,53.42327136
1838,5187,325.6218024,59.60095776
1838,5188,342.14540664,56.89835712
1838,5189,357.64701648,55.20196224
1838,5190,373.04536008,56.33654976
1838,5191,389.59868232,62.42206464
1838,5192,406.2849888,57.3548256
1838,5193,422.10633384,57.47991552
1838,5194,438.25869168,55.6759872
1838,5195,452.09722128,46.0638144
1838,5196,464.60127552,45.4657968
1838,5197,478.06118256,50.09522112
1838,5198,491.8700856,49.50817632
1838,5199,500.1030384,49.3776
1847,5166,21.9254832,39.0960864
1847,5167,29.67194472,40.4841456
1847,5168,41.34953376,43.03312704
1847,5169,53.54226528,44.65819872
1847,5170,65.91257328,43.06604544
1847,5171,76.88116704,37.72338912
1847,5172,87.5288064,38.3993136
1847,5173,98.22051984,38.88540864
1847,5174,109.25135376,40.77711936
1847,5175,120.74167368,41.2522416
1847,5176,131.95246152,39.3210288
1847,5177,143.01987144,40.96914336
1847,5178,154.45804008,41.60007936
1847,5179,166.38830832,43.83853056
1847,5180,178.64306664,45.29901024
1847,5181,191.91585696,49.34797344
1847,5182,205.68022872,50.72505984
1847,5183,220.23128928,51.77296224
1847,5184,234.55112856,53.44082784
1847,5185,249.708924,54.79157952
1847,5186,264.83870832,54.28683072
1847,5187,280.00829952,54.8585136
1847,5188,295.24183776,55.00554912
1847,5189,310.68471264,57.0695328
1847,5190,327.2151444,62.44730208
1847,5191,344.3624304,58.96124352
1847,5192,360.35037912,55.9173888
1847,5193,375.67090728,56.043576
1847,5194,392.17308408,61.2062784
1847,5195,408.4498308,56.11380192
1847,5196,423.79105488,54.59187456
1847,5197,438.5047872,52.08897888
1847,5198,452.93392776,51.05424384
1847,5199,467.00782392,51.91012224
1847,5200,481.62389832,50.2389648
1847,5201,495.04695504,48.0773232
1852,5169,22.579584,41.2961328
1852,5170,32.28658008,36.63927648
1852,5171,42.46190136,37.46004192
1852,5172,54.50945664,49.47854976
1852,5173,65.794128,34.90776864
1852,5174,78.19128888,47.24448768
1852,5175,89.5711188,37.81885248
1852,5176,100.43013696,40.4512272
1852,5177,111.63211608,40.47646464
1852,5178,123.141486,42.2123616
1852,5179,135.14152296,43.93728576
1852,5180,147.34318512,43.74196992
1852,5181,159.39558672,43.4632608
1852,5182,171.68914608,45.18708768
1852,5183,184.66119024,48.09158784
1852,5184,198.17023104,48.95404992
1852,5185,212.02744488,52.7627088
1852,5186,227.2203228,54.51177312
1852,5187,242.42042448,55.68257088
1852,5188,258.16947096,57.03222528
1852,5189,274.1022204,57.00589056
1852,5190,289.0604328,52.24479264
1852,5191,304.05790344,54.8530272
1852,5192,319.52019408,58.93710336
1852,5193,336.81716736,61.58484
1852,5194,353.13728712,57.42944064
1852,5195,368.95387728,56.2685184
1852,5196,385.11318456,61.3160064
1852,5197,401.4923136,55.86033024
1852,5198,417.13547256,56.98943136
1852,5199,432.94834416,55.60576128
1852,5200,447.97422216,53.66138112
1852,5201,462.82298088,53.59005792
1852,5202,477.92356536,52.53996096
1852,5203,491.95482,50.15886336
1852,5204,500.2609248,49.8933216
1857,5172,19.67484,40.1275296
1857,5173,25.48490712,38.12389632
1857,5174,35.83234896,37.4775984
1857,5175,45.97746456,34.22635776
1857,5176,56.14900632,41.79868704
1857,5177,68.14203288,45.01152288
1857,5178,80.11082784,39.69629856
1857,5179,91.11319344,38.27202912
1857,5180,101.91091632,41.257728
1857,5181,113.7847356,43.97459328
1857,5182,126.05357568,43.42375872
1857,5183,138.6250212,47.65925952
1857,5184,151.84986648,46.68597216
1857,5185,164.80219008,47.42883072
1857,5186,178.17870384,48.24959616
1857,5187,191.52348792,50.49243648
1857,5188,206.89540536,58.70886912
1857,5189,222.98780904,58.0241664
1857,5190,240.72655944,71.35172928
1857,5191,259.0691796,55.33363584
1857,5192,273.91638384,54.03994272
1857,5193,289.02650856,54.39875328
1857,5194,304.20841368,54.86290272
1857,5195,319.59901536,58.36761504
1857,5196,336.44924328,58.37419872
1857,5197,351.80226312,54.31974912
1857,5198,366.86941104,53.87425344
1857,5199,382.12504728,57.74106816
1857,5200,398.51222304,57.73119264
1857,5201,414.30509976,57.07940832
1857,5202,429.9421932,55.48615776
1857,5203,445.33566,54.95617152
1857,5204,460.32880248,54.33950016
1857,5205,475.69489824,53.07762816
1857,5206,489.51736488,50.15447424
1857,5207,498.8125152,51.2320032
1863,5175,20.8196688,50.1895872
1863,5176,28.80363048,47.539656
1863,5177,41.25714888,43.05507264
1863,5178,53.05254312,43.43253696
1863,5179,65.93866416,46.33484256
1863,5180,77.55568944,39.06975168
1863,5181,88.58073216,40.43805984
1863,5182,99.93124032,42.00826752
1863,5183,111.85815576,43.4083968
1863,5184,124.02290664,43.8034176
1863,5185,136.24142424,44.52542784
1863,5186,148.90046928,47.04149088
1863,5187,162.35132376,49.22727264
1863,5188,176.065434,49.3776
1863,5189,189.97336656,51.09155136
1863,5190,204.638148,55.3193712
1863,5191,220.50198216,58.39943616
1863,5192,237.80041848,65.23768512
1863,5193,255.45239232,58.27763808
1863,5194,270.27566976,55.44885024
1863,5195,286.82496864,60.75968544
1863,5196,303.67653768,60.28675776
1863,5197,320.10775704,59.80285728
1863,5198,337.17573408,58.96563264
1863,5199,352.80785928,55.9009296
1863,5200,368.17922808,54.85522176
1863,5201,383.89364928,60.01353504
1863,5202,400.7278752,58.6551024
1863,5203,416.772852,58.21948224
1863,5204,433.03646184,58.6935072
1863,5205,449.24237304,56.56039488
1863,5206,464.50715328,54.8530272
1863,5207,479.28556416,48.16181376
1863,5208,492.25437744,48.49538688
1863,5209,499.8820584,49.4214912
1867,5177,19.52244,39.8422368
1867,5178,25.53745464,40.93512768
1867,5179,36.89579616,39.67435296
1867,5180,48.01855776,43.1669952
1867,5181,61.235844,44.08761312
1867,5182,72.55294608,46.56636864
1867,5183,85.05005088,38.898576
1867,5184,96.0901812,43.00459776
1867,5185,108.3379596,44.28951264
1867,5186,120.96655512,46.44676512
1867,5187,133.72273992,44.92593504
1867,5188,146.12288784,44.8403472
1867,5189,158.83353552,47.03929632
1867,5190,172.25583024,49.24153728
1867,5191,185.97314088,49.3776
1867,5192,199.94825136,52.52240448
1867,5193,215.428068,56.93895648
1867,5194,230.97207552,57.1847472
1867,5195,247.36854768,59.73702048
1867,5196,263.90736144,59.21800704
1867,5197,280.54057176,60.24176928
1867,5198,297.27177528,60.32625984
1867,5199,314.02501584,60.6576384
1867,5200,331.78793688,65.43519552
1867,5201,348.96484944,59.362848
1867,5202,365.30868264,57.82007232
1867,5203,381.21485352,59.14997568
1867,5204,398.30956152,61.20737568
1867,5205,414.91396824,58.76373312
1867,5206,431.01161448,57.51173664
1867,5207,446.84887008,56.64378816
1867,5208,462.33109464,55.15368192
1867,5209,478.02293016,55.6375824
1867,5210,492.17863464,48.86078112
1867,5211,500.4047904,50.2993152
1877,5181,24.4965474,39.9039588
1877,5182,34.41048744,38.34335232
1877,5183,44.67846792,38.7778752
1877,5184,56.9125608,47.42663616
1877,5185,69.72351816,42.51082176
1877,5186,80.90071704,40.95817056
1877,5187,92.646246,42.85317312
1877,5188,104.90783184,45.38679264
1877,5189,117.68370672,46.80228384
1877,5190,130.69863624,47.31142176
1877,5191,143.88400992,47.03380992
1877,5192,157.04984592,47.91053664
1877,5193,170.57830248,49.33151424
1877,5194,184.298082,49.35784896
1877,5195,198.17739384,51.36148224
1877,5196,213.35119128,57.59403264
1877,5197,229.67649264,59.94879552
1877,5198,246.55777968,60.8332032
1877,5199,263.17782264,59.1763104
1877,5200,279.77814504,60.24176928
1877,5201,296.50953144,60.32625984
1877,5202,313.32440256,61.59691008
1877,5203,331.8901668,69.66740448
1877,5204,349.87629288,61.16458176
1877,5205,366.72856296,60.34820544
1877,5206,383.90111688,64.72196352
1877,5207,401.78909736,61.99412544
1877,5208,418.7881896,61.1843328
1877,5209,435.75162024,60.20555904
1877,5210,452.17595112,58.25898432
1877,5211,468.31063056,59.4396576
1877,5212,484.43497728,54.64015488
1877,5213,496.2941052,52.5487392
1882,5181,19.9787256,38.8217664
1882,5182,25.89650904,39.12022656
1882,5183,36.51034608,35.53431552
1882,5184,46.32362592,38.82286368
1882,5185,58.62047712,48.05318304
1882,5186,71.36782272,41.59130112
1882,5187,82.58202432,41.27638176
1882,5188,94.28049216,43.57628064
1882,5189,106.84328136,46.6289136
1882,5190,120.15587856,48.43174464
1882,5191,133.41495288,47.17426176
1882,5192,146.31286968,46.05613344
1882,5193,159.60769704,49.3117632
1882,5194,173.3236056,49.20422976
1882,5195,186.95770584,49.5586512
1882,5196,200.91315672,51.66872064
1882,5197,216.08853912,55.4620176
1882,5198,231.09033792,53.99385696
1882,5199,246.1281336,54.70928352
1882,5200,261.66955032,55.87020576
1882,5201,277.52128392,59.43636576
1882,5202,294.25830912,60.63240096
1882,5203,311.16672336,61.22054304
1882,5204,329.54110368,70.7581008
1882,5205,348.57729624,66.3141168
1882,5206,366.95585232,65.85545376
1882,5207,385.62146904,69.29762112
1882,5208,404.49246,64.99957536
1882,5209,422.34362064,63.78598368
1882,5210,439.69938984,61.03729728
1882,5211,456.10570704,57.32629632
1882,5212,472.15126296,59.29810848
1882,5213,487.93996392,53.07214176
1882,5214,498.121686,51.6489696
1885,5183,22.9181152,42.879264
1885,5184,34.16164872,42.2068752
1885,5185,45.93436584,43.78366656
1885,5186,58.27260888,42.83671392
1885,5187,67.75066968,32.4465696
1885,5188,79.62064848,45.09711072
1885,5189,90.87928992,38.56829472
1885,5190,102.18672984,43.40400768
1885,5191,114.86619648,48.04550208
1885,5192,128.48587968,48.85858656
1885,5193,142.08456216,49.33590336
1885,5194,155.80165944,49.20093792
1885,5195,169.42996848,49.5805968
1885,5196,183.5664096,52.50813984
1885,5197,198.56311824,54.9847008
1885,5198,214.20423504,56.19061152
1885,5199,229.40409288,54.48982752
1885,5200,244.29823632,53.08860096
1885,5201,259.25681448,54.15735168
1885,5202,274.38928104,55.32595488
1885,5203,290.32020168,59.39905824
1885,5204,307.2278844,62.79952896
1885,5205,325.92748632,72.36451872
1885,5206,345.44724408,65.95311168
1885,5207,363.50329128,64.29182976
1885,5208,381.55741824,68.02916544
1885,5209,400.73400168,66.92420448
1885,5210,418.92998256,65.53175616
1885,5211,436.96521192,63.91436544
1885,5212,454.3583496,61.34782752
1885,5213,471.2823696,60.18690528
1885,5214,487.07719704,53.22576096
1885,5215,497.9892504,52.55093376
1890,5185,23.0232204,43.781472
1890,5186,32.85152688,43.26794496
1890,5187,44.31724944,43.92302112
1890,5188,57.8984364,48.97819008
1890,5189,68.94411408,37.63889856
1890,5190,81.38909808,43.22844288
1890,5191,91.96050696,36.63159552
1890,5192,102.59641152,39.81809664
1890,5193,114.04195632,43.0572672
1890,5194,126.31417968,44.5331088
1890,5195,139.04814456,47.49795936
1890,5196,152.2946916,47.5780608
1890,5197,165.70778136,49.0923072
1890,5198,179.55688752,51.33734208
1890,5199,194.35306824,54.0794448
1890,5200,209.67530328,58.3094592
1890,5201,226.06095504,54.75098016
1890,5202,240.79791312,58.16352096
1890,5203,257.93254992,59.18618592
1890,5204,273.53812704,56.2520592
1890,5205,289.71947136,59.62180608
1890,5206,306.413154,60.32516256
1890,5207,323.95463784,68.94868608
1890,5208,343.34802552,67.29947424
1890,5209,361.94381256,66.75083424
1890,5210,380.46778872,69.13851552
1890,5211,400.04490984,67.5430704
1890,5212,418.3885968,66.05845056
1890,5213,436.39212696,63.34816896
1890,5214,453.60555456,61.05485376
1890,5215,470.18725368,60.96707136
1890,5216,487.22316576,53.72173152
1890,5217,497.07643536,45.18379584
1896,5187,21.3538308,43.8692544
1896,5188,30.23914704,50.10290208
1896,5189,44.4678816,47.57147712
1896,5190,57.96055464,50.72067072
1896,5191,71.26891512,42.62493888
1896,5192,82.25780856,38.47502592
1896,5193,92.860368,38.32579584
1896,5194,103.62943968,39.24531648
1896,5195,114.88451496,42.81147648
1896,5196,127.14110208,44.94897792
1896,5197,140.06160456,48.02575104
1896,5198,153.67135128,49.84504128
1896,5199,168.18653688,54.14637888
1896,5200,183.30348912,54.82340064
1896,5201,198.72341256,56.92908096
1896,5202,214.84992336,58.3917552
1896,5203,230.97564168,56.83142304
1896,5204,246.51754608,57.223152
1896,5205,262.69962192,58.1722992
1896,5206,279.17281224,60.23189376
1896,5207,295.90377192,60.32516256
1896,5208,312.67292304,60.89684544
1896,5209,330.94348848,69.84845568
1896,5210,349.59609024,64.79218944
1896,5211,367.72297296,65.78083872
1896,5212,386.88611472,73.45302048
1896,5213,406.8468876,68.06098656
1896,5214,425.33434872,66.11770368
1896,5215,443.76481224,66.10124448
1896,5216,461.8991016,64.60455456
1896,5217,479.68399872,61.8701328
1896,5218,494.4444645,57.1147956
1903,5191,30.1178214,48.7082592
1903,5192,39.39774696,47.63950848
1903,5193,52.33556208,44.91496224
1903,5194,65.40157608,52.1811504
1903,5195,79.91584728,46.61464896
1903,5196,91.64308824,41.31917568
1903,5197,103.30943016,43.2986688
1903,5198,115.4891772,43.90656192
1903,5199,127.69269864,44.28951264
1903,5200,140.28825384,47.0513664
1903,5201,153.8186916,49.3721136
1903,5202,167.70199632,51.4295136
1903,5203,182.1169332,50.92915392
1903,5204,196.57859592,54.2714688
1903,5205,211.96624104,57.10464576
1903,5206,228.56571,60.981336
1903,5207,245.20050528,60.2187264
1903,5208,262.52939112,62.68650912
1903,5209,279.47715504,60.21762912
1903,5210,296.21174184,60.22311552
1903,5211,312.97162704,60.97365504
1903,5212,331.28785152,69.42161376
1903,5213,349.59910776,63.09030816
1903,5214,367.09130544,63.06397344
1903,5215,385.41810648,69.98012928
1903,5216,404.539704,65.72926656
1903,5217,422.34648576,63.59944608
1903,5218,439.69932888,60.7563936
1903,5219,456.36030648,59.27067648
1903,5220,473.2091628,62.08300512
1903,5221,489.75029304,56.94444288
1903,5222,499.1852856,55.632096
1911,5194,24.2195773333333,43.2364896
1911,5195,35.91379152,48.00929184
1911,5196,49.42335048,47.85676992
1911,5197,63.10338408,43.4906928
1911,5198,75.76316064,52.73747136
1911,5199,89.38287432,45.17721216
1911,5200,101.42064552,42.13226016
1911,5201,113.26023576,43.5126384
1911,5202,125.43062544,44.0777376
1911,5203,137.91953112,45.67537728
1911,5204,150.93763056,48.07073952
1911,5205,164.48477136,49.3721136
1911,5206,178.2741672,50.51657664
1911,5207,192.56428848,52.71552576
1911,5208,208.19022624,59.72933952
1911,5209,224.227644,55.0340784
1911,5210,239.58877152,54.08822304
1911,5211,255.02862888,57.60939456
1911,5212,270.97195488,60.295536
1911,5213,288.4645488,61.7384592
1911,5214,305.20398192,60.33832992
1911,5215,321.99687696,62.3474496
1911,5216,339.4853256,59.9608656
1911,5217,355.71025632,59.18289408
1911,5218,372.14699256,58.15584
1911,5219,388.77014448,62.34635232
1911,5220,405.30142968,55.357776
1911,5221,420.4691616,54.87387552
1911,5222,435.71041128,54.85961088
1911,5223,450.90969,53.52202656
1911,5224,465.54109584,56.03479776
1911,5225,482.32609656,61.49815488
1911,5226,496.103148,63.0917712
1917,5196,23.8244888,45.3066912
1917,5197,33.96084648,46.35569088
1917,5198,47.30380176,51.23310048
1917,5199,62.33809224,54.47117376
1917,5200,75.90644712,43.38425664
1917,5201,87.72360408,41.90841504
1917,5202,99.30649176,42.10043904
1917,5203,110.94512736,41.52765888
1917,5204,122.2894176,40.63666752
1917,5205,133.96700664,43.35243552
1917,5206,146.12194296,43.9296048
1917,5207,158.63401344,46.06710624
1917,5208,171.80106864,49.06816704
1917,5209,185.51374632,49.43465856
1917,5210,199.78362888,54.0190944
1917,5211,215.46787488,58.82188896
1917,5212,232.12418904,60.74103168
1917,5213,249.02233152,60.34601088
1917,5214,265.56931392,59.28384384
1917,5215,282.1995372,59.41661472
1917,5216,297.62750736,55.12405536
1917,5217,314.05104576,61.27650432
1917,5218,332.14327272,66.45895776
1917,5219,349.51138632,60.3174816
1917,5220,366.26517552,60.18141888
1917,5221,383.1829776,63.1100592
1917,5222,400.70361312,60.36795648
1917,5223,417.00727368,58.128408
1917,5224,433.32056592,59.6536272
1917,5225,449.76818352,58.4740512
1917,5226,465.74244672,57.05856
1917,5227,481.94189616,57.66425856
1917,5228,495.239997942857,57.3720685714286
1922,5197,21.5827356,46.524672
1922,5198,30.41739408,45.24853536
1922,5199,42.675048,43.07592096
1922,5200,54.38205024,40.2482304
1922,5201,64.87951464,37.11659328
1922,5202,75.754992,41.24785248
1922,5203,87.60406152,43.75404
1922,5204,99.79051416,43.87693536
1922,5205,111.97721064,43.644312
1922,5206,123.82978536,41.49254592
1922,5207,135.12917856,39.70068768
1922,5208,145.98490488,39.39344928
1922,5209,157.24942896,42.05764512
1922,5210,169.28253672,43.92741024
1922,5211,181.76248128,46.59489792
1922,5212,195.12140808,49.24153728
1922,5213,209.26863912,53.52970752
1922,5214,224.16147192,52.89218784
1922,5215,239.51327256,58.15584
1922,5216,255.68614344,56.54064384
1922,5217,271.02639216,54.72574272
1922,5218,286.50474576,57.71363616
1922,5219,302.84510424,59.29042752
1922,5220,319.74422208,64.43667072
1922,5221,338.44300104,65.73585024
1922,5222,356.1203952,64.04494176
1922,5223,373.7140608,62.051184
1922,5224,391.69783992,66.64659264
1922,5225,409.26885888,60.47329536
1922,5226,425.91133512,59.0501232
1922,5227,442.04247888,56.98613952
1922,5228,457.60178736,55.89873504
1922,5229,473.96214072,60.83649504
1922,5230,490.28140704,57.35043648
1922,5231,499.790466,55.6759872
1930,5199,23.2857548,38.459664
1930,5200,31.91353536,40.9943808
1930,5201,44.22644952,46.15818048
1930,5202,58.0480932,54.33291648
1930,5203,72.28603272,44.37510048
1930,5204,83.41367112,38.3718816
1930,5205,94.0794156,38.38504896
1930,5206,104.65021488,37.84189536
1930,5207,115.36676952,38.98965024
1930,5208,126.07658808,38.3115312
1930,5209,136.74916008,38.48929056
1930,5210,147.55517352,39.45160512
1930,5211,158.39203272,38.43881568
1930,5212,169.05497304,38.39272992
1930,5213,179.87692752,40.37222304
1930,5214,191.59542072,43.30634976
1930,5215,203.72950872,44.27853984
1930,5216,216.59615304,47.66145408
1930,5217,229.9728192,49.18338144
1930,5218,243.73737384,50.73493536
1930,5219,258.51465696,54.4634928
1930,5220,273.61280304,54.61052832
1930,5221,288.84807864,55.12295808
1930,5222,304.47959424,58.03184736
1930,5223,321.36554472,65.19379392
1930,5224,339.95721696,65.2552416
1930,5225,357.6910296,62.94107808
1930,5226,374.8829688,62.57129472
1930,5227,393.36119448,67.98417696
1930,5228,411.50846832,64.108584
1930,5229,429.39084048,64.00214784
1930,5230,447.12352536,63.89680896
1930,5231,464.84045208,64.69672608
1930,5232,482.85129744,62.5010688
1930,5233,496.22456,59.1817968
1937,5201,23.0394836571429,44.8474011428571
1937,5202,33.69149472,45.85094208
1937,5203,46.75793544,49.29201216
1937,5204,61.181742,52.64529984
1937,5205,74.20633368,40.27785696
1937,5206,85.12189224,39.47025888
1937,5207,95.92120008,38.788848
1937,5208,106.70932176,38.12279904
1937,5209,117.24202104,38.29397472
1937,5210,127.90407744,38.38175712
1937,5211,138.5808252,38.42345376
1937,5212,149.24702688,38.3993136
1937,5213,159.91426488,38.3938272
1937,5214,170.579796,38.4048
1937,5215,181.2482532,38.40589728
1937,5216,191.91732,38.40589728
1937,5217,202.8172728,41.61214944
1937,5218,215.20321704,45.75547872
1937,5219,227.61702,43.89229728
1937,5220,239.82057192,44.42447808
1937,5221,252.64372128,48.29348736
1937,5222,266.67232416,52.559712
1937,5223,281.69039928,55.07028864
1937,5224,297.2717448,58.09878144
1937,5225,313.92040848,61.77028032
1937,5226,332.73556008,71.1695808
1937,5227,351.7078056,66.90006432
1937,5228,370.15674,66.0617424
1937,5229,389.19512712,70.46512704
1937,5230,408.0816324,65.17733472
1937,5231,425.9005452,64.05591456
1937,5232,443.6612412,63.18028512
1937,5233,461.06681472,62.93778624
1937,5234,478.89730992,63.03105504
1937,5235,494.622903733333,57.9534528
1939,5202,18.6074304,51.462432
1939,5203,26.73281928,51.25833792
1939,5204,39.24251232,35.95457376
1939,5205,51.04610568,52.73747136
1939,5206,65.72923608,49.0374432
1939,5207,77.51237736,39.4142976
1939,5208,88.4246136,38.21167872
1939,5209,98.95780056,38.15900928
1939,5210,109.56877248,38.16559296
1939,5211,120.3940188,39.35504448
1939,5212,131.11270704,38.25886176
1939,5213,141.8420328,38.95124544
1939,5214,152.59967448,38.3993136
1939,5215,163.28145144,38.74715136
1939,5216,173.82558072,36.89933184
1939,5217,184.49123376,40.93073856
1939,5218,196.2750456,43.33926816
1939,5219,208.591404,45.73682496
1939,5220,221.346522,44.7361056
1939,5221,234.9050928,56.17086048
1939,5222,250.34431008,44.34986304
1939,5223,261.95234376,47.07111744
1939,5224,275.1377784,47.02173984
1939,5225,287.68008504,45.18489312
1939,5226,301.43067984,53.42766048
1939,5227,316.629288,56.92578912
1939,5228,333.83460792,63.95386752
1939,5229,351.01703736,61.39171872
1939,5230,368.16200688,62.73369216
1939,5231,386.65559448,70.65056736
1939,5232,406.00515192,67.21608096
1939,5233,424.96017624,69.92197344
1939,5234,444.37151664,69.0298848
1939,5235,463.19764104,67.9271184
1939,5236,482.46987072,69.56864928
1939,5237,496.70049504,66.76070976
1945,5206,26.0351693333333,45.5102976
1945,5207,38.32771608,45.95189184
1945,5208,51.3711444,51.30222912
1945,5209,66.1786332,51.54253344
1945,5210,78.96310344,42.45266592
1945,5211,90.8438112,43.0024032
1945,5212,102.69120432,42.58982592
1945,5213,114.6494532,43.34256
1945,5214,126.75613968,43.55872416
1945,5215,138.81332664,43.66186848
1945,5216,150.97859568,43.05507264
1945,5217,162.56559816,41.65384608
1945,5218,174.13486128,41.50351872
1945,5219,185.91922176,42.43291488
1945,5220,197.31749208,40.2756624
1945,5221,208.7479188,42.55910208
1945,5222,220.90175784,44.08102944
1945,5223,233.09973192,43.88790816
1945,5224,245.2887144,43.8802272
1945,5225,257.59656888,45.44055936
1945,5226,270.28508808,45.482256
1945,5227,283.25524248,48.01807008
1945,5228,296.81369136,49.28762304
1945,5229,310.5235344,49.5641376
1945,5230,325.45026096,59.55158016
1945,5231,341.80396968,55.87240032
1945,5232,357.34684944,56.40897024
1945,5233,373.30556784,59.49561888
1945,5234,390.88765104,65.54382624
1945,5235,408.42547728,61.72309728
1945,5236,425.88527472,63.77610816
1945,5237,443.79980328,65.28706272
1945,5238,461.97393,65.49883776
1945,5239,480.22157448,64.4597136
1945,5240,494.861915314286,60.0619721142857
1955,5209,23.8947579,47.2571064
1955,5210,36.12861456,50.97304512
1955,5211,51.30734976,55.83070368
1955,5212,64.54911144,40.17800448
1955,5213,75.77840064,41.50900512
1955,5214,87.31672656,41.09642784
1955,5215,98.8281996,42.63042528
1955,5216,110.73085296,42.80708736
1955,5217,122.80641936,43.83194688
1955,5218,134.99159184,43.96142592
1955,5219,147.19029744,43.88461632
1955,5220,159.38080392,43.87912992
1955,5221,171.57006072,43.89010272
1955,5222,183.76282272,43.89778368
1955,5223,195.9557676,43.88790816
1955,5224,208.23963432,45.40434912
1955,5225,221.01456432,44.98189632
1955,5226,233.25432648,43.88790816
1955,5227,245.49960552,45.04114944
1955,5228,258.45854328,48.17278656
1955,5229,272.13360864,48.78287424
1955,5230,285.14485008,45.09162432
1955,5231,298.04102952,48.86517024
1955,5232,311.74642248,49.40283744
1955,5233,326.50733784,58.72862016
1955,5234,342.73653576,55.91299968
1955,5235,358.23390888,55.81753632
1955,5236,373.91029104,58.30726464
1955,5237,391.25612376,65.05663392
1955,5238,408.5848572,60.07827456
1955,5239,425.28811056,60.18800256
1955,5240,441.8310696,57.17048256
1955,5241,457.46554176,57.68071776
1955,5242,474.43235568,64.56176064
1955,5243,492.05512968,60.7179888
1955,5244,501.0863232,59.1214464
1959,5209,10.997184,32.5477632
1959,5210,19.98823536,38.40150816
1959,5211,31.9593468,44.0393328
1959,5212,43.85044824,42.31221408
1959,5213,55.88879856,45.12234816
1959,5214,68.78631912,48.5491536
1959,5215,81.96032376,43.50386016
1959,5216,93.44433432,40.33162368
1959,5217,104.96431128,42.68309472
1959,5218,116.88644136,43.4413152
1959,5219,128.80890672,42.55471296
1959,5220,140.72046024,43.06494816
1959,5221,152.52597384,41.23687968
1959,5222,163.85307336,40.90220928
1959,5223,175.53182064,43.20978912
1959,5224,187.52731608,42.79830912
1959,5225,199.46343648,43.60480992
1959,5226,211.6932012,44.29390176
1959,5227,223.89745416,42.54044832
1959,5228,235.22933904,40.33381824
1959,5229,246.75166296,43.74965088
1959,5230,259.94115144,49.75506432
1959,5231,273.73149216,48.5381808
1959,5232,286.41870072,43.77159648
1959,5233,298.49332224,41.88098304
1959,5234,310.73570568,49.8549168
1959,5235,326.34030744,61.31381184
1959,5236,342.97592568,57.51173664
1959,5237,358.91903832,57.16609344
1959,5238,375.1751196,61.008768
1959,5239,392.9955564,64.68246144
1959,5240,410.44898352,63.60712704
1959,5241,427.94297952,60.17593248
1959,5242,445.18429632,64.34559648
1959,5243,461.74087992,57.93199488
1959,5244,479.5272096,65.75011488
1959,5245,494.4928134,55.9708812
1964,5213,23.806785,47.5108524
1964,5214,35.14508592,44.13479616
1964,5215,47.5690692,46.76826816
1964,5216,61.44816768,50.86331712
1964,5217,74.30789304,42.00168384
1964,5218,86.0223324,42.58104768
1964,5219,97.60485432,41.55070176
1964,5220,109.21727712,41.81075712
1964,5221,121.10615352,44.14686624
1964,5222,133.4508888,44.11285056
1964,5223,145.65239856,43.33597632
1964,5224,157.56733536,43.19881632
1964,5225,169.6033692,43.46984448
1964,5226,181.78110456,43.89339456
1964,5227,193.97438472,43.89339456
1964,5228,206.22100488,45.0598032
1964,5229,218.99831232,45.32534496
1964,5230,231.2724864,43.89010272
1964,5231,243.46183464,43.87912992
1964,5232,255.60409128,43.25916672
1964,5233,267.45953112,42.78075264
1964,5234,279.54850872,43.42375872
1964,5235,291.1245384,41.76137952
1964,5236,303.52023624,47.17535904
1964,5237,317.03732376,47.86445088
1964,5238,329.93176584,55.6705008
1964,5239,347.48407008,58.69570176
1964,5240,362.91920304,55.29303648
1964,5241,378.8516172,61.48389024
1964,5242,396.81345072,63.40193568
1964,5243,414.57560976,68.08951584
1964,5244,433.16828784,63.07055712
1964,5245,451.11274776,68.91686496
1964,5246,470.24211768,66.03321312
1964,5247,486.953052,53.794152
1964,5248,497.4185886,56.5757568
1971,5216,26.0073648,44.8409568
1971,5217,37.65721704,42.39012096
1971,5218,49.87622232,49.31505504
1971,5219,64.57056936,52.34903424
1971,5220,77.15527368,39.59425152
1971,5221,88.25261496,40.01889888
1971,5222,99.48370248,41.64287328
1971,5223,110.96451264,41.44097376
1971,5224,122.81757504,43.12420128
1971,5225,134.84193504,43.70905152
1971,5226,147.03820224,43.88681088
1971,5227,159.13720776,43.32390624
1971,5228,171.26428536,43.88790816
1971,5229,183.45710832,43.8966864
1971,5230,195.65044944,43.88900544
1971,5231,207.90798144,45.30449664
1971,5232,220.80574584,45.61831872
1971,5233,233.09759832,43.88681088
1971,5234,245.28545304,43.87803264
1971,5235,257.43816432,43.31622528
1971,5236,269.37647928,43.26904224
1971,5237,281.52742272,43.82646048
1971,5238,293.68522416,43.8308496
1971,5239,305.876706,43.87583808
1971,5240,318.11844936,45.564552
1971,5241,332.01202584,52.28429472
1971,5242,346.00082184,49.35236256
1971,5243,359.71179264,49.34577888
1971,5244,373.42468368,49.71446496
1971,5245,388.18090512,56.75900256
1971,5246,403.63801416,52.77587616
1971,5247,417.9339876,52.24040352
1971,5248,433.10315208,57.2889888
1971,5249,449.300346,57.64999392
1971,5250,465.25504104,58.92832512
1971,5251,482.10554328,60.09034464
1971,5252,496.040185028571,59.5760338285714
1976,5218,26.15324208,51.59849472
1976,5219,39.37311912,43.61907456
1976,5220,51.68533224,45.27596736
1976,5221,64.024002,44.44203456
1976,5222,78.41044008,57.73997088
1976,5223,91.7736036,37.29874176
1976,5224,101.343714,32.69674944
1976,5225,110.97070008,40.40953056
1976,5226,123.75264048,48.49758144
1976,5227,137.12702064,46.42920864
1976,5228,149.45554056,43.01008416
1976,5229,160.68534792,38.92820256
1976,5230,172.04243976,43.62456096
1976,5231,184.42280616,45.35497152
1976,5232,197.74281,48.57219648
1976,5233,210.91739376,48.16071648
1976,5234,223.95298872,44.36632224
1976,5235,236.20786896,44.8403472
1976,5236,248.64276408,44.02506816
1976,5237,260.83589184,43.84401696
1976,5238,273.00292872,43.79683392
1976,5239,284.60236704,38.68680096
1976,5240,295.73274864,42.8432976
1976,5241,307.65009336,42.36488352
1976,5242,319.42028064,43.94167488
1976,5243,332.07618624,47.83921344
1976,5244,346.19037696,49.80883104
1976,5245,359.26294416,46.73644704
1976,5246,372.666006,49.53012192
1976,5247,387.39723384,57.5742816
1976,5248,403.2657924,55.28535552
1976,5249,418.62981552,55.86142752
1976,5250,434.0530308,55.44116928
1976,5251,450.0952644,59.05451232
1976,5252,467.07487992,64.42350336
1976,5253,484.60520808,60.98901696
1976,5254,497.4287232,63.05190336
1993,5220,20.6675736,48.1486464
1993,5221,28.55604144,48.71594016
1993,5222,41.95986528,48.05098848
1993,5223,56.23486848,54.46678464
1993,5224,70.69290408,46.49504544
1993,5225,82.69614144,42.90584256
1993,5226,94.55328816,42.08397984
1993,5227,106.05003936,41.69005632
1993,5228,117.72619584,41.63409504
1993,5229,129.3690072,42.46144416
1993,5230,141.39985944,43.89010272
1993,5231,153.57549168,43.47752544
1993,5232,165.62685696,43.73977536
1993,5233,177.81830832,43.89339456
1993,5234,190.01164944,43.89558912
1993,5235,202.20959304,44.412408
1993,5236,215.26390272,48.17827296
1993,5237,228.01624704,45.65891808
1993,5238,241.17598704,48.40540992
1993,5239,254.80109568,49.12742016
1993,5240,268.37999664,48.98367648
1993,5241,282.06518136,49.03524864
1993,5242,295.11324264,44.93032416
1993,5243,307.65554928,47.12049504
1993,5244,321.40391904,51.16836096
1993,5245,335.4099972,47.00308608
1993,5246,347.78743752,44.20831392
1993,5247,360.08822064,44.23574592
1993,5248,372.7746672,47.50015392
1993,5249,386.79217536,53.77879008
1993,5250,401.37094224,49.69690848
1993,5251,414.98577912,48.58426656
1993,5252,428.60598048,49.62668256
1993,5253,442.42091856,50.33442816
1993,5254,456.7857768,53.9806896
1993,5255,472.606878,59.12473824
1993,5256,488.6930028,56.4495696
1993,5257,498.9053776,56.7622944
1998,5223,24.2426871,47.0280492
1998,5224,35.90412936,45.79388352
1998,5225,48.97581264,51.03010368
1998,5226,63.8115564,52.44340032
1998,5227,76.93298304,43.60151808
1998,5228,89.13842472,43.51154112
1998,5229,101.22307416,44.34437664
1998,5230,113.5064532,43.91204832
1998,5231,125.6963196,43.81109856
1998,5232,137.95830168,44.78767776
1998,5233,150.70808568,47.7261936
1998,5234,164.24215056,48.30336288
1998,5235,177.69120672,47.97198432
1998,5236,190.31712,43.89449184
1998,5237,202.44669696,43.34585184
1998,5238,214.61367288,44.31036096
1998,5239,226.76184264,43.32171168
1998,5240,238.89007848,43.87693536
1998,5241,251.41574304,47.45626272
1998,5242,265.0263432,49.55206752
1998,5243,279.14882448,51.81575616
1998,5244,293.29590312,49.82858208
1998,5245,307.02116904,49.51256544
1998,5246,321.49974816,55.22171328
1998,5247,337.29865992,54.78938496
1998,5248,351.0636108,46.83300768
1998,5249,363.60043104,43.93838304
1998,5250,375.82156992,45.07845696
1998,5251,389.46472272,51.9068304
1998,5252,403.408896,48.6753408
1998,5253,416.93701728,48.83554368
1998,5254,430.62820656,50.19946272
1998,5255,444.61477752,50.4693936
1998,5256,458.78797752,50.74261632
1998,5257,473.40356424,55.20525408
1998,5258,488.11775376,51.11788608
1998,5259,498.418866,55.5004224
2003,5227,7.92528768,53.8545024
2003,5228,19.13766048,53.81719488
2003,5229,34.14503712,54.86619456
2003,5230,49.66338048,56.2410864
2003,5231,65.24829216,56.71511136
2003,5232,81.29954784,55.3358304
2003,5233,95.17123968,47.68559424
2003,5234,108.44384712,46.45554336
2003,5235,121.12986696,45.8278992
2003,5236,133.7503548,45.921168
2003,5237,147.3107544,51.83989632
2003,5238,161.98449696,52.94485728
2003,5239,176.99495208,55.90202688
2003,5240,194.63238696,70.90513632
2003,5241,212.07715776,58.65949152
2003,5242,230.52280032,69.72336576
2003,5243,249.10776696,57.63572928
2003,5244,263.70820512,54.73342368
2003,5245,279.38327664,58.84383456
2003,5246,296.21619192,60.52486752
2003,5247,312.73909512,57.32849088
2003,5248,328.79693448,59.08194432
2003,5249,343.79766648,48.4778304
2003,5250,356.84953776,45.91897344
2003,5251,369.40909608,46.8099648
2003,5252,383.82028392,55.1054016
2003,5253,398.2061124,48.14645184
2003,5254,412.10429136,50.7656592
2003,5255,425.16036888,45.6687936
2003,5256,439.18132128,56.03370048
2003,5257,455.28887352,58.3039728
2003,5258,471.43287984,56.43201312
2003,5259,485.26924536,46.69365312
2003,5260,496.6024612,55.586376
2011,5233,73.8824701333333,49.700688
2011,5234,87.51384072,54.35815392
2011,5235,103.24904928,58.46746752
2011,5236,118.66318152,50.8369824
2011,5237,132.34083768,49.10657184
2011,5238,146.16123168,50.47268544
2011,5239,160.24728936,50.74590816
2011,5240,174.69852792,53.76233088
2011,5241,189.7764048,54.53371872
2011,5242,206.17229784,64.69453152
2011,5243,223.61615424,58.35225312
2011,5244,240.16069824,62.39572992
2011,5245,256.93972488,56.98943136
2011,5246,272.48169024,55.83619008
2011,5247,287.84952336,54.88155648
2011,5248,303.0109764,54.49311936
2011,5249,318.36180168,57.8156832
2011,5250,335.34836664,59.56474752
2011,5251,350.7565248,52.85707488
2011,5252,364.52735832,49.86259776
2011,5253,380.26174392,64.45532448
2011,5254,396.52739592,45.08504064
2011,5255,409.06409424,51.92548416
2011,5256,424.71703728,58.4082144
2011,5257,440.9380056,58.39065792
2011,5258,457.85464944,68.14876896
2011,5259,477.70182336,67.61219904
2011,5260,496.45491768,70.49694816
2011,5261,508.3224276,71.2902816
2013,5229,21.8120976,45.8772768
2013,5230,30.16081344,46.9142064
2013,5231,43.72718712,50.85124704
2013,5232,57.71135016,50.7656592
2013,5233,72.89407824,54.72684
2013,5234,87.16941672,50.04474624
2013,5235,101.03973696,50.3267472
2013,5236,114.9505956,49.07255616
2013,5237,127.80849216,43.18784352
2013,5238,139.03994544,38.47392864
2013,5239,149.7793296,39.36053088
2013,5240,161.1061548,42.64359264
2013,5241,173.34149736,45.8059536
2013,5242,186.73498848,49.38967008
2013,5243,200.45068368,49.63216896
2013,5244,214.9938804,54.55237248
2013,5245,229.93420104,53.95545216
2013,5246,245.18337552,55.40056992
2013,5247,260.53194528,54.82230336
2013,5248,275.74228824,54.79926048
2013,5249,290.95162536,54.7432992
2013,5250,306.18491976,54.8475408
2013,5251,321.70018464,59.01610752
2013,5252,338.36710584,57.14305056
2013,5253,353.48472864,53.02386144
2013,5254,367.9600464,50.96536416
2013,5255,382.11715296,53.29269504
2013,5256,397.42655592,53.67235392
2013,5257,411.58491216,50.33772
2013,5258,425.85671496,52.67382912
2013,5259,440.83007592,54.6774624
2013,5260,456.30623496,56.1971952
2013,5261,472.32609624,60.6027744
2013,5262,488.78965488,56.3014368
2013,5263,498.90426,55.9283616
2020,5233,20.9263488,49.0264704
2020,5234,31.6591188,52.90974432
2020,5235,46.2431892,55.15807104
2020,5236,62.00101392,49.0648752
2020,5237,75.9406152,55.36545696
2020,5238,89.95541064,46.16586144
2020,5239,102.81455688,48.90247776
2020,5240,117.10315416,51.35380128
2020,5241,130.95451584,49.17021408
2020,5242,143.90818056,43.8034176
2020,5243,156.42866352,49.37321088
2020,5244,170.83558416,50.74151904
2020,5245,184.5306444,49.24482912
2020,5246,198.30217896,49.487328
2020,5247,212.83489056,54.28024704
2020,5248,227.19737136,51.99790464
2020,5249,242.53387104,53.6076144
2020,5250,256.56771648,50.24225664
2020,5251,270.561816,51.3362448
2020,5252,285.22272648,52.27222464
2020,5253,299.51117136,51.26053248
2020,5254,313.46909112,50.721768
2020,5255,328.56001344,58.54098528
2020,5256,344.31357096,52.61567328
2020,5257,358.93647288,53.91375552
2020,5258,374.03565528,54.38558592
2020,5259,389.97565896,59.9608656
2020,5260,405.93608424,54.79596864
2020,5261,421.00661544,54.4689792
2020,5262,436.44376008,56.44847232
2020,5263,452.1558648,55.85484384
2020,5264,467.688168,58.01209632
2020,5265,483.88350264,56.78204544
2020,5266,496.5000992,57.945528
2023,5237,23.6842662857143,48.5326944
2023,5238,35.24243904,48.92003424
2023,5239,49.23461832,53.45180064
2023,5240,64.40433144,52.56958752
2023,5241,77.43297696,43.38425664
2023,5242,89.37595536,43.74196992
2023,5243,102.39874872,48.42955008
2023,5244,115.74758664,48.08719872
2023,5245,129.25083624,49.14387936
2023,5246,142.75036728,48.97050912
2023,5247,157.26543096,54.6390576
2023,5248,172.2522336,52.07800608
2023,5249,186.63114312,51.90902496
2023,5250,201.36996048,54.98360352
2023,5251,216.87809304,56.23669728
2023,5252,232.66072848,57.90456288
2023,5253,249.10072608,58.01648544
2023,5254,264.33572736,54.51396768
2023,5255,279.3668784,51.31868832
2023,5256,292.94806536,50.33442816
2023,5257,307.30338336,50.27956416
2023,5258,321.53269704,55.84935744
2023,5259,337.78542552,56.75790528
2023,5260,352.93554,53.8106112
2023,5261,367.76915016,53.0095968
2023,5262,382.94383152,56.78533728
2023,5263,398.76151896,54.62479296
2023,5264,413.6043036,55.6705008
2023,5265,429.94749672,59.72385312
2023,5266,446.21324016,57.28240512
2023,5267,461.48874936,54.51616224
2023,5268,477.58795008,59.27945472
2023,5269,492.9937308,53.35194816
2026,5239,22.42185,39.7544544
2026,5240,30.3315624,41.76137952
2026,5241,40.99657536,35.81412192
2026,5242,53.2080216,52.15152384
2026,5243,67.93784736,50.43757248
2026,5244,80.77440792,44.54627616
2026,5245,93.51840072,46.93286016
2026,5246,106.75464552,48.09049056
2026,5247,120.24652608,49.42807488
2026,5248,134.000748,49.3940592
2026,5249,147.7560672,50.282856
2026,5250,162.1824036,53.11164384
2026,5251,177.20703192,54.91008576
2026,5252,192.63555072,56.77765632
2026,5253,209.03232768,61.06472928
2026,5254,226.00947432,60.54681312
2026,5255,242.77521168,60.268104
2026,5256,259.1686968,58.57719552
2026,5257,275.51286528,58.32372384
2026,5258,291.3862092,55.4784768
2026,5259,306.63812688,54.84534624
2026,5260,322.20475056,59.71178304
2026,5261,339.10213104,57.70376064
2026,5262,354.65366712,55.86691392
2026,5263,370.21242696,56.84568768
2026,5264,386.83576176,64.3225536
2026,5265,404.77052904,61.74284832
2026,5266,421.54989096,59.71288032
2026,5267,438.02643408,59.66130816
2026,5268,454.74428736,60.20665632
2026,5269,471.59945304,62.43962112
2026,5270,489.06696192,61.56069984
2026,5271,499.1035992,59.198256
2030,5241,22.6142296,45.8992224
2030,5242,32.69723712,44.99286912
2030,5243,44.71836624,44.12272608
2030,5244,58.3254612,51.89256576
2030,5245,71.82755256,43.24270752
2030,5246,83.39897976,42.13116288
2030,5247,95.24829312,43.85937888
2030,5248,108.0067944,47.54953152
2030,5249,121.34325744,48.25179072
2030,5250,134.91548328,49.43465856
2030,5251,148.63803648,49.36772448
2030,5252,162.38085888,49.87027872
2030,5253,176.23176336,50.0030496
2030,5254,190.7749296,54.73122912
2030,5255,206.5550352,59.61193056
2030,5256,223.35311184,58.71435552
2030,5257,239.18756328,57.07282464
2030,5258,255.00790248,56.18293056
2030,5259,270.41343936,54.97701984
2030,5260,285.8472312,55.796688
2030,5261,301.1603832,54.86070816
2030,5262,316.45622256,56.64598272
2030,5263,333.26502816,60.67629216
2030,5264,349.07536992,55.81204992
2030,5265,364.59770616,56.35520352
2030,5266,380.8261116,60.61703904
2030,5267,398.02283616,60.8935536
2030,5268,414.52882296,59.37820992
2030,5269,430.88942016,58.53330432
2030,5270,447.49199808,60.96268224
2030,5271,464.32189584,61.53107328
2030,5272,481.84600608,61.78454496
2030,5273,495.850947771429,58.4474029714286
2035,5245,21.35343456,41.4662112
2035,5246,29.70876456,39.01708224
2035,5247,40.88349456,42.56568576
2035,5248,52.90706208,43.64102016
2035,5249,66.6417768,56.41884576
2035,5250,81.08326176,45.44055936
2035,5251,93.58189056,45.67647456
2035,5252,106.51879128,47.0403936
2035,5253,119.83955712,49.07145888
2035,5254,133.48996416,48.06305856
2035,5255,146.45755824,49.46099328
2035,5256,161.3080848,53.03593152
2035,5257,175.71729144,53.01288864
2035,5258,191.50443792,58.07464128
2035,5259,206.39690496,51.87281472
2035,5260,221.05470648,51.19030656
2035,5261,234.8551056,49.36772448
2035,5262,248.56680792,49.44453408
2035,5263,262.57511112,51.60178656
2035,5264,277.22105592,53.5308048
2035,5265,291.26279568,49.56194304
2035,5266,306.03623832,54.84534624
2035,5267,321.5511984,59.02159392
2035,5268,338.21997888,57.22205472
2035,5269,353.64608976,55.36545696
2035,5270,368.93793624,54.8475408
2035,5271,384.71791992,60.53913216
2035,5272,401.3958444,57.3712848
2035,5273,417.34563216,57.79044576
2035,5274,433.2803628,57.15841248
2035,5275,449.1549564,56.729376
2035,5276,464.99949672,58.58158464
2035,5277,481.49222472,57.991248
2035,5278,495.051196114286,59.1747428571429
2037,5247,22.3064832,47.018448
2037,5248,31.29341976,44.31036096
2037,5249,44.20371144,48.0498912
2037,5250,58.29751104,53.85011328
2037,5251,72.11638104,43.9296048
2037,5252,83.87888736,41.98412736
2037,5253,95.7259452,44.14247712
2037,5254,108.15791424,45.3944736
2037,5255,121.14727104,47.12159232
2037,5256,134.38043736,48.32860032
2037,5257,147.56974296,47.2159584
2037,5258,160.88877144,48.67424352
2037,5259,174.54088536,49.51366272
2037,5260,188.66961504,51.956208
2037,5261,202.95421944,51.764184
2037,5262,217.89508872,53.18186976
2037,5263,232.3321236,52.39402272
2037,5264,246.19741464,49.33590336
2037,5265,260.45839704,52.45327584
2037,5266,275.44294416,54.55017792
2037,5267,290.08599336,51.51071232
2037,5268,304.6664976,52.89657696
2037,5269,319.46371464,56.09075904
2037,5270,335.87371992,57.82994784
2037,5271,351.26864976,54.8530272
2037,5272,366.50206608,54.8420544
2037,5273,382.05573576,58.88882304
2037,5274,398.6727612,57.40749504
2037,5275,414.27751536,56.79411552
2037,5276,430.18383864,57.19462272
2037,5277,445.9615668,57.05746272
2037,5278,462.01169472,58.15693728
2037,5279,478.33845912,57.48540192
2037,5280,493.8363504,56.537352
2041,5249,19.318732,42.9694848
2041,5250,26.01736224,37.76069664
2041,5251,36.36571848,40.955976
2041,5252,48.39559536,44.43764544
2041,5253,61.13489424,46.1900016
2041,5254,73.03065912,39.15972864
2041,5255,83.9376528,40.242744
2041,5256,95.50682448,43.5400704
2041,5257,108.1111884,46.85824512
2041,5258,121.3296024,48.10804704
2041,5259,134.70081264,47.49247296
2041,5260,147.98216784,48.61718496
2041,5261,161.58892752,49.3611408
2041,5262,175.30139184,49.56304032
2041,5263,189.39241776,50.95878048
2041,5264,203.41001736,51.60068928
2041,5265,218.35600728,59.45721408
2041,5266,235.50122064,55.70561376
2041,5267,250.40746464,57.0805056
2041,5268,266.16803256,54.73671552
2041,5269,280.6990068,48.8234736
2041,5270,294.3421596,51.64019136
2041,5271,309.23587632,54.70269984
2041,5272,325.082916,60.98572512
2041,5273,341.65300224,55.7912016
2041,5274,356.90927856,54.84315168
2041,5275,372.14629152,55.18330848
2041,5276,388.37277672,61.3324656
2041,5277,404.68003392,56.20377888
2041,5278,420.82992288,60.29773056
2041,5279,437.79469464,61.17774912
2041,5280,454.55531136,60.43708512
2041,5281,471.6527016,62.17407936
2041,5282,487.795824,53.47374624
2041,5283,498.2045154,54.8201088
2045,5251,20.8653888,36.4077504
2045,5252,28.78918296,39.36601728
2045,5253,40.01265048,42.5854368
2045,5254,54.435756,57.1024512
2045,5255,65.98209816,35.08772256
2045,5256,78.81241032,50.07217824
2045,5257,91.3252428,39.07743264
2045,5258,102.9282168,46.09014912
2045,5259,115.99471848,48.36151872
2045,5260,130.26447912,53.8270704
2045,5261,145.26210216,53.02715328
2045,5262,159.31679592,50.44854528
2045,5263,173.6014308,49.79017728
2045,5264,186.6256872,46.66292928
2045,5265,200.29462608,50.19397632
2045,5266,215.00153088,54.20782656
2045,5267,229.74556032,56.54942208
2045,5268,246.13517448,57.85737984
2045,5269,261.84276816,55.48506048
2045,5270,277.16539944,55.33912224
2045,5271,292.47836856,54.76963392
2045,5272,307.54856448,52.82086464
2045,5273,322.47120672,56.67012288
2045,5274,338.69872824,55.95140448
2045,5275,353.39255712,53.34207264
2045,5276,368.49362928,53.73599616
2045,5277,383.6110692,58.53549888
2045,5278,400.23879312,58.10317056
2045,5279,416.6254812,60.76517184
2045,5280,433.52020992,61.21615392
2045,5281,450.6119004,61.420248
2045,5282,467.6781096,62.15323104
2045,5283,485.47586928,61.95023424
2045,5284,497.45694768,55.028592
2050,5254,21.5073992,36.978336
2050,5255,28.41394368,39.40771392
2050,5256,39.56535648,39.69849312
2050,5257,52.43806632,55.40934816
2050,5258,68.46566952,54.80584416
2050,5259,82.58040888,49.63436352
2050,5260,96.24035616,48.84103008
2050,5261,109.92362064,49.3885728
2050,5262,123.6416628,49.3172496
2050,5263,137.51320224,51.4569456
2050,5264,152.15588568,53.66577024
2050,5265,167.28408504,54.16612992
2050,5266,182.01397176,52.8120864
2050,5267,197.0512188,55.64965248
2050,5268,213.0989388,59.44075488
2050,5269,229.54789752,59.54609376
2050,5270,246.5114196,61.26882336
2050,5271,262.84211592,56.27290752
2050,5272,278.19160008,55.28755008
2050,5273,293.66431488,55.3906944
2050,5274,308.92504128,54.84095712
2050,5275,324.86702616,61.90634304
2050,5276,341.64077976,56.1971952
2050,5277,357.13611072,55.68915456
2050,5278,372.43469328,55.05163488
2050,5279,388.35948744,59.4012528
2050,5280,404.28348912,55.05273216
2050,5281,419.73965328,56.93017824
2050,5282,435.79456656,58.14706176
2050,5283,451.92906312,58.10865696
2050,5284,468.36720144,61.31161728
2050,5285,485.49720528,60.103512
2050,5286,497.77851168,58.02636096
2053,5263,125.3991904,22.4192592
2053,5264,132.12491736,34.99884288
2053,5265,142.18953528,36.3254544
2053,5266,153.2432292,45.63148608
2053,5267,167.172132,52.97338656
2053,5268,182.2373292,54.82669248
2053,5269,197.47848744,54.87936192
2053,5270,213.01182696,56.90274624
2053,5271,228.53413272,55.17562752
2053,5272,244.3125924,57.83872608
2053,5273,260.14106976,56.30582592
2053,5274,275.80815552,57.42834336
2053,5275,292.06984512,58.03404192
2053,5276,307.70712144,55.11966624
2053,5277,323.42992464,60.66531936
2053,5278,340.23580416,56.58343776
2053,5279,355.42279944,54.04323456
2053,5280,370.02226224,50.50121472
2053,5281,384.27211944,54.51396768
2053,5282,399.49849488,52.81537824
2053,5283,413.8769472,51.36587136
2053,5284,427.97056392,49.5092736
2053,5285,441.55656672,49.09559904
2053,5286,455.42213208,51.25175424
2053,5287,470.11318728,54.71696448
2053,5288,485.28238224,53.56043136
2053,5289,497.194332,53.5271472
2055,5256,18.9125352,37.0661184
2055,5257,24.56971464,37.46223648
2055,5258,35.22460824,39.81699936
2055,5259,47.08526016,45.93323808
2055,5260,60.37002912,48.11901984
2055,5261,72.81867072,41.93474976
2055,5262,84.7859112,44.72842464
2055,5263,97.39859616,45.64575072
2055,5264,109.84726824,43.89229728
2055,5265,122.04637008,43.8582816
2055,5266,134.22663528,43.9405776
2055,5267,146.64592464,46.48955904
2055,5268,160.06562856,49.22727264
2055,5269,173.81152944,50.33772
2055,5270,188.28809688,53.63833824
2055,5271,203.44125936,55.42580736
2055,5272,219.02894472,55.81204992
2055,5273,234.32130936,54.8530272
2055,5274,249.55731648,54.86180544
2055,5275,264.79411608,54.78389856
2055,5276,280.01268864,54.82340064
2055,5277,295.21940448,54.76634208
2055,5278,310.45224168,54.87716736
2055,5279,326.60490432,62.46485856
2055,5280,343.1891028,55.37204064
2055,5281,358.42998672,54.63576576
2055,5282,372.97040976,49.91855904
2055,5283,387.37297176,54.71147808
2055,5284,402.30119184,53.05787712
2055,5285,417.17479176,51.81685344
2055,5286,430.93215312,48.00270816
2055,5287,444.22356672,48.27593088
2055,5288,457.71535584,49.3556544
2055,5289,472.38032016,56.1971952
2055,5290,487.53823752,52.68370464
2055,5291,497.8949148,53.9642304
2060,5258,19.37004,41.7076128
2060,5259,25.71347664,43.013376
2060,5260,37.5662952,40.5829008
2060,5261,49.0772196,47.2433904
2060,5262,63.35121696,46.97565408
2060,5263,75.97898952,48.13657632
2060,5264,88.75395,44.55066528
2060,5265,101.49678456,47.25546048
2060,5266,114.64430208,47.36189664
2060,5267,127.70516496,46.28546496
2060,5268,140.38438776,45.23097888
2060,5269,153.28291416,48.2309424
2060,5270,166.92179976,49.3611408
2060,5271,180.57223728,48.883824
2060,5272,195.35329992,58.96124352
2060,5273,211.67573616,55.87240032
2060,5274,226.24142712,50.5352304
2060,5275,239.8888776,48.68192448
2060,5276,253.7042424,50.76675648
2060,5277,268.32921696,53.91265824
2060,5278,283.55626296,55.7034192
2060,5279,299.02349136,54.9956736
2060,5280,314.26477152,55.36655424
2060,5281,330.84817752,62.46376128
2060,5282,347.13586656,55.80327168
2060,5283,362.53104024,54.85961088
2060,5284,377.58084504,54.1782
2060,5285,392.94995832,54.62698752
2060,5286,407.37397824,50.63618016
2060,5287,420.88493928,46.4039712
2060,5288,434.40135624,51.73455744
2060,5289,448.04435664,46.72547424
2060,5290,461.84951064,50.35856832
2060,5291,475.07898888,52.01546112
2060,5292,489.46240944,46.0638144
2060,5293,498.384576,46.140624
2066,5262,22.1511368,36.5284512
2066,5263,30.348174,38.19521952
2066,5264,41.37114408,40.95487872
2066,5265,53.5254708,46.7935056
2066,5266,66.54795936,44.35644672
2066,5267,77.77310328,38.42784288
2066,5268,88.44463896,38.51781984
2066,5269,99.45331392,40.94939232
2066,5270,110.97743616,42.1794432
2066,5271,122.86753176,43.11871488
2066,5272,134.99000688,43.98337152
2066,5273,147.1897488,44.01628992
2066,5274,159.77878128,46.75400352
2066,5275,173.03136336,48.83554368
2066,5276,186.73440936,49.38418368
2066,5277,200.44848912,49.55645664
2066,5278,214.79274288,52.91742528
2066,5279,228.91187136,49.35894624
2066,5280,242.68645392,50.63288832
2066,5281,257.21239896,52.73856864
2066,5282,271.95295368,54.26269056
2066,5283,287.1529944,54.73452096
2066,5284,302.48632416,56.76887808
2066,5285,319.11764472,64.1469888
2066,5286,337.5765156,64.16235072
2066,5287,354.63565344,60.84307872
2066,5288,371.4525972,60.61045536
2066,5289,389.05223688,65.49005952
2066,5290,406.42845816,59.88076416
2066,5291,423.11659344,60.35478912
2066,5292,439.8506316,59.70958848
2066,5293,456.28566096,58.9623408
2066,5294,472.92780192,61.47401472
2066,5295,489.34859712,55.59588576
2066,5296,499.2671752,54.864
2071,5261,0,0.0999744
2071,5262,2.83652976,24.61089312
2071,5263,11.04881712,30.05559648
2071,5264,19.36263336,30.05120736
2071,5265,28.60005456,37.45894464
2071,5266,39.3701016,39.07084896
2071,5267,51.06244296,46.06820352
2071,5268,64.2018528,47.13146784
2071,5269,76.52196024,41.7899088
2071,5270,88.10935896,41.67579168
2071,5271,99.80255376,43.18674624
2071,5272,112.01006808,44.42228352
2071,5273,124.3288344,43.8253632
2071,5274,136.51757304,43.99983072
2071,5275,148.71408408,43.8802272
2071,5276,160.94845128,44.92703232
2071,5277,173.86148616,48.64900608
2071,5278,187.27893456,46.24047648
2071,5279,200.02253112,46.49504544
2071,5280,213.51992856,50.1402096
2071,5281,227.4502944,49.91965632
2071,5282,241.3327152,50.3486928
2071,5283,255.38746992,51.56557632
2071,5284,270.15240864,51.88707936
2071,5285,283.31955528,44.42557536
2071,5286,296.29711632,50.49463104
2071,5287,310.81882464,53.79634656
2071,5288,326.9136972,62.52959808
2071,5289,343.96058208,59.13351648
2071,5290,360.40819968,59.5054944
2071,5291,377.03446056,60.6356928
2071,5292,394.60243152,64.16235072
2071,5293,411.83216592,60.61484448
2071,5294,428.72232264,61.41037248
2071,5295,445.64155728,60.1967808
2071,5296,462.23840496,59.71836672
2071,5297,478.75259088,57.02893344
2071,5298,494.26755096,55.8296064
2073,5266,18.60804,34.2461088
2073,5267,23.56777608,34.16491008
2073,5268,33.31430472,36.71169696
2073,5269,44.00236056,41.35758048
2073,5270,56.629554,47.88310464
2073,5271,69.3601356,41.72078016
2073,5272,80.22750528,38.84590656
2073,5273,91.03769448,38.92381344
2073,5274,102.24168528,41.58581472
2073,5275,113.96206824,42.79282272
2073,5276,126.00212544,43.78915296
2073,5277,138.07659456,43.4358288
2073,5278,150.2377488,43.88351904
2073,5279,162.42785904,43.87693536
2073,5280,174.67868544,44.44642368
2073,5281,187.02683448,44.75366208
2073,5282,200.00439552,48.90247776
2073,5283,214.15266288,51.8848848
2073,5284,228.15160872,49.16472768
2073,5285,241.34222496,47.49686208
2073,5286,255.51384,53.53958304
2073,5287,270.15585288,50.48256096
2073,5288,283.66900848,46.73534976
2073,5289,296.821098,49.42039392
2073,5290,310.82952312,51.89695488
2073,5291,326.62944072,62.32440672
2073,5292,343.88102928,60.40965312
2073,5293,360.71501136,60.88587264
2073,5294,377.87994528,64.547496
2073,5295,396.4644852,65.45165472
2073,5296,413.71040448,61.03290816
2073,5297,431.03980848,63.64553184
2073,5298,448.6276524,61.55631072
2073,5299,465.17743896,59.05890144
2073,5300,481.10948736,55.632096
2073,5301,495.1236732,55.8817272
2078,5269,22.68333792,27.83470176
2078,5270,30.97307496,32.1941952
2078,5271,40.3530816,34.80791616
2078,5272,50.52693984,39.0960864
2078,5273,61.91518224,40.92415488
2078,5274,73.89583392,48.06196128
2078,5275,86.63077416,40.9504896
2078,5276,97.84406136,42.34513248
2078,5277,110.39359176,47.1994992
2078,5278,123.71643024,47.7700848
2078,5279,137.01851184,47.16548352
2078,5280,149.61373176,44.2862208
2078,5281,161.81627784,43.92302112
2078,5282,174.19646136,45.11576448
2078,5283,186.80710416,45.8443584
2078,5284,199.96650888,49.29310944
2078,5285,214.43947968,54.946296
2078,5286,230.09266656,56.94005376
2078,5287,244.47694056,45.57442752
2078,5288,257.06332128,48.21119136
2078,5289,271.27937616,53.39803392
2078,5290,286.72956624,55.66281984
2078,5291,301.86389208,54.38229408
2078,5292,316.82707272,54.40204512
2078,5293,332.95596096,58.94368704
2078,5294,348.40365168,54.33620832
2078,5295,363.60375336,54.95617152
2078,5296,379.47788976,61.72419456
2078,5297,397.67173704,65.7215856
2078,5298,415.68328344,64.95787872
2078,5299,433.57751232,63.00801216
2078,5300,450.20950344,58.36871232
2078,5301,466.47088824,59.21690976
2078,5302,483.46449408,60.35369184
2078,5303,496.2161272,54.7304976
2079,5271,4.8789336,33.1159104
2079,5272,9.9861624,40.21750656
2079,5273,23.53519296,53.42327136
2079,5274,38.57277528,53.84682144
2079,5275,53.81987712,57.55014144
2079,5276,70.2458844,61.18323552
2079,5277,86.47349736,53.1741888
2079,5278,100.88968392,52.09446528
2079,5279,115.30129848,51.81136704
2079,5280,129.92103048,53.24990112
2079,5281,144.64911888,52.67602368
2079,5282,159.08353248,51.70493088
2079,5283,174.19606512,54.44044992
2079,5284,188.28955992,51.38123328
2079,5285,202.63494144,45.60624864
2079,5286,215.68845864,52.75502784
2079,5287,230.13533856,50.4803664
2079,5288,243.81848112,48.47563584
2079,5289,257.10059832,46.38531744
2079,5290,269.65665144,45.35497152
2079,5291,282.14412456,43.85498976
2079,5292,294.18253584,42.4427904
2079,5293,305.68821768,41.30271648
2079,5294,317.2576332,41.17323744
2079,5295,324.4008752,33.9278976
2082,5227,24.8802144,53.9544768
2082,5228,39.11855016,52.48509696
2082,5229,53.2638,51.8080752
2082,5230,68.30372928,55.77145056
2082,5231,84.22300656,55.24365888
2082,5232,98.32945536,49.52792736
2082,5233,111.90408912,47.93906592
2082,5234,124.70398224,43.0517808
2082,5235,136.04635224,38.85139296
2082,5236,145.25353728,27.9861264
2082,5237,149.449536,27.432
2083,5272,18.911316,30.72384
2083,5273,22.115526,30.05669376
2083,5274,30.4626264,30.86868096
2083,5275,38.97075264,30.5702208
2083,5276,47.38731696,29.99305152
2083,5277,57.08062752,41.93694432
2083,5278,69.4124088,44.69879808
2083,5279,81.07625136,38.51233344
2083,5280,91.50577584,37.2746016
2083,5281,101.99562024,38.12938272
2083,5282,112.47430896,38.16230112
2083,5283,123.29812272,39.64582368
2083,5284,134.366508,39.7709136
2083,5285,145.47939408,39.62497536
2083,5286,156.39800064,39.7709136
2083,5287,167.70861048,42.2507664
2083,5288,179.93886288,44.80084512
2083,5289,192.19340784,43.89449184
2083,5290,205.10857632,48.90247776
2083,5291,218.74288992,49.36004352
2083,5292,232.90612296,51.73565472
2083,5293,246.26456208,44.93690784
2083,5294,258.99605808,47.34434016
2083,5295,272.33489856,47.90066112
2083,5296,285.33096096,46.22182272
2083,5297,298.54135872,48.63474144
2083,5298,311.67116736,46.83081312
2083,5299,326.03764104,57.32849088
2083,5300,341.97465768,55.30510656
2083,5301,357.21261552,54.81571968
2083,5302,372.4422828,55.08674784
2083,5303,388.44650784,59.88295872
2083,5304,404.31878496,55.4345856
2083,5305,420.1991088,57.48320736
2083,5306,435.67246368,54.38339136
2083,5307,451.33509936,60.65434656
2083,5308,468.78858744,61.67920608
2083,5309,484.88096064,54.74439648
2083,5310,496.979194,54.8054784
2086,5274,21.3539832,32.9184
2086,5275,27.74210352,32.46412608
2086,5276,36.62696256,32.5453248
2086,5277,46.03482792,35.71317216
2086,5278,56.81648784,40.73213088
2086,5279,67.9047156,37.225224
2086,5280,77.3943588,33.20479008
2086,5281,87.00323976,35.9798112
2086,5282,97.28066904,38.07232416
2086,5283,107.89694448,37.97905536
2086,5284,118.46271456,38.30275296
2086,5285,129.12233256,38.39492448
2086,5286,139.86141192,38.95782912
2086,5287,150.61853544,38.39492448
2086,5288,161.29927608,38.93478624
2086,5289,172.66886472,43.07592096
2086,5290,184.88750424,45.02798208
2086,5291,198.01563648,49.0593888
2086,5292,212.0845644,52.422552
2086,5293,226.32503376,49.49720352
2086,5294,240.04060704,49.6409472
2086,5295,254.04519168,51.03668736
2086,5296,268.1781276,50.09522112
2086,5297,281.91878592,49.30956864
2086,5298,295.60000824,49.3172496
2086,5299,309.31680072,49.76493984
2086,5300,323.90041392,56.45176416
2086,5301,340.06636584,56.95651296
2086,5302,355.49003832,55.44226656
2086,5303,371.30449488,59.02708032
2086,5304,388.37070408,63.2801376
2086,5305,405.33163536,58.87894752
2086,5306,421.84006056,59.81053824
2086,5307,438.50746944,59.93672544
2086,5308,454.98523176,59.39247456
2086,5309,471.75852816,61.6287312
2086,5310,488.62774512,59.29481664
2086,5311,499.2676832,59.0665824
2087,5276,20.5525116,35.0361504
2087,5277,27.1758156,35.8207056
2087,5278,37.18130232,37.12427424
2087,5279,47.91934536,39.2332464
2087,5280,59.00793888,42.20468064
2087,5281,71.45847024,45.85862304
2087,5282,83.78217432,40.22738208
2087,5283,93.88711728,35.77352256
2087,5284,104.16244344,37.89785664
2087,5285,114.80270664,38.43113472
2087,5286,125.51319576,38.87992224
2087,5287,136.29317928,38.47283136
2087,5288,146.96169744,38.39821632
2087,5289,157.62814296,38.39821632
2087,5290,168.72453936,42.51521088
2087,5291,180.86700936,43.89449184
2087,5292,193.09168392,44.8458336
2087,5293,206.39382648,51.68627712
2087,5294,221.05488936,51.19250112
2087,5295,234.85519704,49.36772448
2087,5296,248.90382528,52.81428096
2087,5297,263.81997528,53.80622208
2087,5298,278.54340024,51.18043104
2087,5299,292.40299152,49.6299744
2087,5300,306.50438064,51.69944448
2087,5301,320.81522832,53.58127968
2087,5302,336.6366648,56.31350688
2087,5303,351.60353352,53.39583936
2087,5304,366.65422224,54.7981632
2087,5305,382.29323592,59.89393152
2087,5306,399.58341216,61.61556384
2087,5307,416.42196624,60.80906304
2087,5308,433.75161408,63.78159456
2087,5309,451.5273672,63.91546272
2087,5310,469.3414032,64.39497408
2087,5311,486.50706864,57.09477024
2087,5312,497.95627104,55.03517568
2091,5277,18.9122304,25.0399296
2091,5278,22.94433816,25.24073184
2091,5279,30.26974896,27.29484
2091,5280,38.09036832,29.94367392
2091,5281,46.95568968,32.88218976
2091,5282,55.9592988,31.04095392
2091,5283,64.26025248,30.12691968
2091,5284,73.46585256,35.33131872
2091,5285,83.00356272,34.19343936
2091,5286,92.43261168,33.16638528
2091,5287,102.1729224,37.64987136
2091,5288,113.71350384,44.33230656
2091,5289,125.10704976,37.10232864
2091,5290,135.0846168,35.69232384
2091,5291,145.28898552,38.08878336
2091,5292,155.95250496,38.40370272
2091,5293,166.62068784,38.7010656
2091,5294,177.81507744,42.2068752
2091,5295,189.87747648,44.6263776
2091,5296,202.84967304,49.37430816
2091,5297,217.25857488,51.97925088
2091,5298,232.32502176,57.98685888
2091,5299,248.25749688,55.0231056
2091,5300,263.17626816,55.54650816
2091,5301,279.50915904,61.85696544
2091,5302,296.37804072,57.14853696
2091,5303,312.72397704,62.29916928
2091,5304,330.42383496,64.163448
2091,5305,347.45977752,58.79994336
2091,5306,363.99450696,60.19568352
2091,5307,380.97457968,63.74538432
2091,5308,399.11874456,63.57311136
2091,5309,416.29105464,61.54753248
2091,5310,433.39551624,61.7713776
2091,5311,451.03901664,64.54530144
2091,5312,468.57150888,62.18505216
2091,5313,484.43086248,52.07032512
2091,5314,496.590828,60.0632784
2097,5280,22.5355023,27.432
2097,5281,29.35540992,27.5636736
2097,5282,37.22123112,29.25238752
2097,5283,45.75907536,32.7483216
2097,5284,55.36054968,35.5573584
2097,5285,65.21650152,34.59833568
2097,5286,74.351388,32.14701216
2097,5287,83.2670928,32.09763456
2097,5288,92.32751664,32.8964544
2097,5289,101.48120928,33.32329632
2097,5290,110.79437328,33.96739968
2097,5291,120.73429752,37.1100096
2097,5292,130.99517616,36.89165088
2097,5293,141.43104048,37.84957632
2097,5294,151.98949536,38.40260544
2097,5295,162.65658096,38.39163264
2097,5296,173.32241688,38.40589728
2097,5297,183.99544608,38.82066912
2097,5298,195.31227384,42.64798176
2097,5299,207.51628296,46.02760416
2097,5300,220.5384972,45.92336256
2097,5301,233.63264424,49.17570048
2097,5302,247.34556576,49.37869728
2097,5303,261.2206104,50.67897408
2097,5304,275.63502912,53.73160704
2097,5305,290.8011456,54.74220192
2097,5306,306.0333732,54.8420544
2097,5307,321.80241456,61.694568
2097,5308,339.67853832,62.60311584
2097,5309,356.64074976,60.73554528
2097,5310,373.44803136,61.24029408
2097,5311,391.61322744,68.01709536
2097,5312,409.68859896,63.59395968
2097,5313,427.75561896,65.41763904
2097,5314,445.83175248,65.1071088
2097,5315,463.8269616,65.315592
2097,5316,482.24230704,65.60966304
2097,5317,496.2398508,59.5475568
2102,5284,32.0046966857143,35.7838683428571
2102,5285,40.3070568,35.7932736
2102,5286,50.2171716,35.51566176
2102,5287,60.614814,39.50866368
2102,5288,71.19268464,36.24754752
2102,5289,81.08783376,35.26767648
2102,5290,91.0707348,35.9414064
2102,5291,100.78571664,35.32912416
2102,5292,110.9910912,37.54453248
2102,5293,121.46502504,37.71790272
2102,5294,132.0197004,38.41796736
2102,5295,142.69449744,38.40041088
2102,5296,153.3613392,38.4048
2102,5297,164.02805904,38.39163264
2102,5298,174.78612744,38.96002368
2102,5299,185.94686712,42.52289184
2102,5300,198.0893676,43.88681088
2102,5301,210.27941688,44.11394784
2102,5302,223.22857056,48.80043072
2102,5303,236.23664208,45.44275392
2102,5304,249.33715944,48.8234736
2102,5305,263.03776704,49.40722656
2102,5306,276.730206,49.21191072
2102,5307,290.42419944,49.55974848
2102,5308,304.56551736,51.901344
2102,5309,319.09539432,54.99128448
2102,5310,335.44465296,58.61560032
2102,5311,350.99527464,55.38081888
2102,5312,366.3218988,54.8694864
2102,5313,381.95838264,59.8785696
2102,5314,399.02184864,59.49671616
2102,5315,415.28372112,58.90089312
2102,5316,431.53657152,58.1393808
2102,5317,447.72748656,58.293
2102,5318,464.01392592,60.43598784
2102,5319,481.0342932,59.51975904
2102,5320,494.888955428571,59.1371218285714
2108,5286,22.9822248,47.3774153142857
2108,5287,33.38008056,42.2781984
2108,5288,44.2350144,39.44063232
2108,5289,56.30472864,46.69036128
2108,5290,67.23881904,32.9019408
2108,5291,78.51760776,43.36340832
2108,5292,88.7655324,33.45935904
2108,5293,98.00636736,33.81048864
2108,5294,107.50823304,34.45898112
2108,5295,117.43709304,36.08185824
2108,5296,126.91332504,32.69565216
2108,5297,136.06275048,33.07311648
2108,5298,145.46848224,34.56212544
2108,5299,155.15103336,35.30169216
2108,5300,164.94127032,36.23108832
2108,5301,175.45458432,38.40809184
2108,5302,186.12389496,38.40589728
2108,5303,197.08447248,41.3290512
2108,5304,208.90906656,43.02654336
2108,5305,220.86634008,43.02764064
2108,5306,232.79218872,43.27233408
2108,5307,245.50920672,48.25179072
2108,5308,259.22624304,49.45002048
2108,5309,272.10102552,43.87364352
2108,5310,284.28339384,43.84621152
2108,5311,296.565066,45.72585216
2108,5312,309.92472432,49.35784896
2108,5313,324.16860744,55.2315888
2108,5314,340.19575344,56.94224832
2108,5315,355.64685792,55.32924672
2108,5316,371.01847056,55.51797888
2108,5317,387.1258704,61.15360896
2108,5318,403.52084904,55.62551232
2108,5319,419.16105144,56.8775088
2108,5320,434.3901396,53.0644608
2108,5321,448.73003472,50.49353376
2108,5322,463.30297992,55.82082816
2108,5323,479.32948584,57.05197632
2108,5324,493.976829333333,54.1178496
2109,5286,17.5388016,36.155376
2109,5287,23.15007816,36.18609984
2109,5288,33.1802232,35.78888448
2109,5289,43.31073888,37.01893536
2109,5290,53.46454128,36.72376704
2109,5291,63.91680384,39.36053088
2109,5292,75.78205824,42.55471296
2109,5293,86.15601768,34.01568
2109,5294,95.50850088,32.64078816
2109,5295,104.30246856,32.18761152
2109,5296,113.36459928,32.808672
2109,5297,122.92894896,36.08734464
2109,5298,133.03931736,36.59757984
2109,5299,143.29559352,37.22412672
2109,5300,153.65498352,37.34263296
2109,5301,164.15226504,38.29178016
2109,5302,174.81886296,38.48490144
2109,5303,185.06291664,34.29438912
2109,5304,194.88994296,38.15352288
2109,5305,205.85466576,41.11288704
2109,5306,217.74396888,43.54116768
2109,5307,229.90445256,43.87364352
2109,5308,242.13452208,44.0338464
2109,5309,254.08027416,42.1410384
2109,5310,266.05903608,44.11175328
2109,5311,278.5169436,46.01224224
2109,5312,291.66187032,48.70387008
2109,5313,305.28252888,48.80043072
2109,5314,319.15693344,53.62078176
2109,5315,335.26936248,58.5344016
2109,5316,350.89066728,55.330344
2109,5317,366.22884336,55.58491296
2109,5318,382.1356848,60.3174816
2109,5319,399.07902912,57.54794688
2109,5320,414.75041256,58.82956992
2109,5321,430.73622768,52.66724544
2109,5322,444.9634992,55.19537856
2109,5323,461.35719768,59.9882976
2109,5324,477.13693752,53.30257056
2109,5325,491.14615512,49.39844832
2109,5326,503.3745076,61.5190032
2118,5288,21.8493594,36.6930432
2118,5289,28.95563424,37.53904608
2118,5290,39.56556984,38.40260544
2118,5291,50.54461824,42.36817536
2118,5292,62.98506072,44.77889952
2118,5293,74.17359816,35.59686048
2118,5294,83.63785152,33.19052544
2118,5295,92.78398512,32.89864896
2118,5296,101.9239008,32.90523264
2118,5297,111.15787776,33.4780128
2118,5298,120.36997008,32.9403456
2118,5299,129.50046744,32.9074272
2118,5300,138.65733,32.9238864
2118,5301,147.79944024,32.91071904
2118,5302,156.94359264,32.9184
2118,5303,165.97713312,32.35988448
2118,5304,175.12500408,34.28890272
2118,5305,185.4573888,40.32394272
2118,5306,197.32681896,44.02067904
2118,5307,209.97263568,47.83701888
2118,5308,223.15301064,45.16733664
2118,5309,235.38661584,43.8802272
2118,5310,247.68203448,44.45191008
2118,5311,260.19736632,45.96176736
2118,5312,272.69971368,43.90436736
2118,5313,284.8872636,43.85937888
2118,5314,297.20197608,46.2613248
2118,5315,310.68696816,49.89002976
2118,5316,326.04648024,61.78893408
2118,5317,343.25643312,60.20885088
2118,5318,359.88534576,60.0431616
2118,5319,376.7158836,62.41548096
2118,5320,394.86257832,64.9973808
2118,5321,412.1188608,60.49414368
2118,5322,428.67669408,58.6166976
2118,5323,444.63071856,56.67780384
2118,5324,460.0367736,54.34169472
2118,5325,475.3308756,55.10979072
2118,5326,490.04500416,51.66213696
2118,5327,499.3656256,51.7038336
2120,5290,25.6982976,38.4048
2120,5291,36.36532224,38.40041088
2120,5292,47.03396232,38.27751552
2120,5293,57.21608064,34.12431072
2120,5294,66.32429712,32.6385936
2120,5295,75.77577936,35.30059488
2120,5296,85.39971744,33.83682336
2120,5297,94.6169304,32.76039168
2120,5298,103.61301096,31.54241088
2120,5299,112.24272192,31.41951552
2120,5300,121.0546728,31.97254464
2120,5301,130.14347352,33.42205152
2120,5302,139.55508792,34.50616416
2120,5303,149.23788288,34.38436608
2120,5304,158.72207016,33.7358736
2120,5305,167.9131008,32.91401088
2120,5306,177.075846,33.64699392
2120,5307,186.8550492,36.8576352
2120,5308,197.40237888,38.57597568
2120,5309,208.68473376,43.58615616
2120,5310,221.16915888,44.70208992
2120,5311,233.4063912,43.89010272
2120,5312,245.64584856,45.25402176
2120,5313,258.97258848,49.8329712
2120,5314,272.77320096,49.36333536
2120,5315,286.59752688,50.87977632
2120,5316,300.93306336,51.5831328
2120,5317,315.22464768,52.12189728
2120,5318,330.99676752,59.43526848
2120,5319,346.66434096,54.47336832
2120,5320,361.78001304,54.65661408
2120,5321,377.09151912,56.85995232
2120,5322,393.75874512,60.29773056
2120,5323,409.85626944,56.8775088
2120,5324,425.69901144,57.2066928
2120,5325,441.28706256,55.08565056
2120,5326,456.49566816,54.31755456
2120,5327,471.78565536,56.32009056
2120,5328,486.71305248,51.01913088
2120,5329,497.5256496,53.30366784
2127,5299,22.62448104,47.53526688
2127,5300,36.02678088,48.1596192
2127,5301,49.12260432,46.24047648
2127,5302,61.83861648,46.9526112
2127,5303,75.9827792,60.417456
2127,5305,108.92320608,55.80107712
2127,5306,125.03709816,58.30287552
2127,5307,141.27077664,58.4959968
2127,5308,157.48933704,58.37749056
2127,5309,173.70484944,58.39614432
2127,5310,189.92962776,58.4082144
2127,5311,206.1494988,58.375296
2127,5312,222.35528808,58.32262656
2127,5313,238.56552744,58.54976352
2127,5314,256.8348432,70.57814688
2127,5315,274.59121104,60.31528704
2127,5316,291.64794096,60.62033088
2127,5317,308.77254984,64.05591456
2127,5318,328.26978288,75.66184512
2127,5319,348.22705056,67.8283632
2127,5320,366.88452912,66.37556448
2127,5321,385.87216704,71.542656
2127,5322,405.18929376,67.38615936
2127,5323,424.053,67.0273488
2127,5324,442.13593056,65.79510336
2127,5325,460.33355736,65.09723328
2127,5326,478.53545136,65.53285344
2127,5327,496.27645728,60.33723264
2127,5328,510.445555542857,60.9100128
2134,5293,24.2913069333333,40.459152
2134,5294,34.96293744,39.36382272
2134,5295,45.74033016,39.19813344
2134,5296,56.69094072,40.35576384
2134,5297,68.88291024,43.90107552
2134,5298,79.1080968,32.11080192
2134,5299,88.06793664,32.59689696
2134,5300,97.0788,32.35549536
2134,5301,105.93195984,31.10459616
2134,5302,114.41561064,30.5373024
2134,5303,122.98073448,31.1188608
2134,5304,131.94307368,33.2091792
2134,5305,141.30430464,33.74136
2134,5306,150.542244,32.91071904
2134,5307,159.68596968,32.90852448
2134,5308,168.82713504,32.91620544
2134,5309,177.98387568,33.50434752
2134,5310,187.9570536,38.10085344
2134,5311,198.60822864,38.30165568
2134,5312,209.58011424,42.2343072
2134,5313,221.82024216,44.1435744
2134,5314,234.01775904,43.88461632
2134,5315,246.20527848,43.92082656
2134,5316,258.73905072,46.3655664
2134,5317,271.3899576,44.71196544
2134,5318,283.9710348,46.00126944
2134,5319,296.95060752,47.82275424
2134,5320,310.53072768,49.35675168
2134,5321,324.73495632,54.55566432
2134,5322,339.7261176,50.74042176
2134,5323,353.569524,49.86150048
2134,5324,367.38842448,50.23567296
2134,5325,381.79814928,53.95764672
2134,5326,397.22773488,55.2974256
2134,5327,412.3704732,54.73342368
2134,5328,427.57630512,53.68771584
2134,5329,442.27580328,52.46973504
2134,5330,456.35110152,49.8823488
2134,5331,470.8943592,54.479952
2134,5332,485.13443232,47.19291552
2134,5333,496.279278857143,48.9904169142857
2140,5295,21.3551008,35.990784
2140,5296,27.88380504,36.19048896
2140,5297,38.05845576,37.03210272
2140,5298,48.62358576,39.32322336
2140,5299,59.64652536,39.7764
2140,5300,70.3700904,36.05223168
2140,5301,80.15090904,36.018216
2140,5302,89.93218488,33.91253568
2140,5303,99.06420624,32.2216272
2140,5304,108.10515336,32.49923904
2140,5305,116.9633424,31.44585024
2140,5306,125.62807488,31.4425584
2140,5307,134.29009464,30.50218944
2140,5308,142.90797936,31.71358656
2140,5309,151.9143012,32.78782368
2140,5310,160.85859624,31.93852896
2140,5311,169.8933864,32.9238864
2140,5312,179.03775216,32.91949728
2140,5313,188.1826056,32.92278912
2140,5314,197.32727616,32.91401088
2140,5315,206.73483672,36.83130048
2140,5316,217.98735168,42.59421504
2140,5317,230.06041872,44.35864128
2140,5318,243.08083464,49.3062768
2140,5319,257.14259976,51.63360768
2140,5320,271.25118216,49.63984992
2140,5321,284.96370744,49.27774752
2140,5322,298.64703288,49.34907072
2140,5323,312.39442728,50.48256096
2140,5324,327.12474072,56.22023808
2140,5325,342.65780592,52.80550272
2140,5326,356.89739136,50.46719904
2140,5327,370.70882424,50.23128384
2140,5328,385.592574,58.04282016
2140,5329,401.82506376,56.05564608
2140,5330,416.96316912,53.8051248
2140,5331,432.02059392,54.02238624
2140,5332,446.7444456,52.2799056
2140,5333,461.12237976,51.5776464
2140,5334,476.09010192,55.028592
2140,5335,490.4393544,50.66800128
2140,5336,499.2651432,53.711856
2143,5298,25.8011168,37.5915936
2143,5299,35.85618432,39.18716064
2143,5300,47.19611592,44.25769152
2143,5301,59.3357208,41.90292864
2143,5302,69.09386232,28.64229984
2143,5303,78.4238208,37.61146656
2143,5304,88.75526064,36.61184448
2143,5305,98.9095812,36.20146176
2143,5306,108.75739488,35.38618272
2143,5307,118.65882288,35.003232
2143,5308,128.27547624,34.67295072
2143,5309,137.73738264,33.33975552
2143,5310,147.22059456,34.42825728
2143,5311,156.48572208,32.9184
2143,5312,165.62792376,32.91071904
2143,5313,174.77113128,32.9184
2143,5314,183.91427784,32.9622912
2143,5315,193.1977848,33.83792064
2143,5316,202.67663808,34.14296448
2143,5317,212.33200104,37.12756608
2143,5318,223.10512656,38.7120384
2143,5319,233.78382504,38.39602176
2143,5320,244.77305376,41.97205728
2143,5321,256.86885888,43.91643744
2143,5322,269.04952032,43.7485536
2143,5323,281.221434,43.86047616
2143,5324,293.38078992,43.79134752
2143,5325,305.81382576,46.90103904
2143,5326,319.44621912,51.51071232
2143,5327,334.46975016,53.17528608
2143,5328,348.39496488,48.9222288
2143,5329,361.99614672,49.24153728
2143,5330,375.71373168,49.86479232
2143,5331,389.88104904,51.39549792
2143,5332,403.9538784,50.1127776
2143,5333,418.15761936,52.70565024
2143,5334,432.87549696,52.74295776
2143,5335,447.3926028,51.79051872
2143,5336,462.1601628,55.08126144
2143,5337,477.29174544,48.72252384
2143,5338,489.16227288,45.12454272
2143,5339,498.8708844,52.4719296
2147,5299,22.1389738285714,35.606736
2147,5300,30.635448,36.16525152
2147,5301,40.50932208,35.18867232
2147,5302,51.03665688,41.81075712
2147,5303,63.17108016,43.34146272
2147,5304,73.8891588,34.40082528
2147,5305,83.35204056,33.75452736
2147,5306,92.63429784,33.0171552
2147,5307,101.87552904,34.14406176
2147,5308,111.51056184,34.83644544
2147,5309,121.36334376,35.59466592
2147,5310,131.08027632,34.24720608
2147,5311,140.42529192,33.5054448
2147,5312,149.84096016,34.4216736
2147,5313,159.47294496,34.60601664
2147,5314,168.82606824,32.95351296
2147,5315,177.96912336,32.9184
2147,5316,187.05289488,31.87708128
2147,5317,195.9533292,32.87341152
2147,5318,205.02564024,32.87011968
2147,5319,214.68289296,36.1773216
2147,5320,224.70026688,35.45092224
2147,5321,234.46407768,37.44468
2147,5322,246.05095824,43.89229728
2147,5323,258.20586408,43.47752544
2147,5324,270.17453712,43.10774208
2147,5325,282.29487864,43.86047616
2147,5326,294.47395512,44.66587968
2147,5327,307.63089096,49.31066592
2147,5328,321.58567128,53.0370288
2147,5329,336.7157604,52.20638784
2147,5330,350.52542544,48.8344464
2147,5331,363.93677784,48.10036608
2147,5332,377.449842,50.19068448
2147,5333,392.09036136,53.08092
2147,5334,406.23603792,50.4255024
2147,5335,420.53975328,52.3622016
2147,5336,435.41911392,53.39145024
2147,5337,449.92942272,51.6764016
2147,5338,464.00782992,50.7930912
2147,5339,478.74576336,52.31940768
2147,5340,492.8414832,51.4788912
2147,5341,500.632476,51.9781536
2155,5301,20.3152248,46.08576
2155,5302,27.84491256,46.0802736
2155,5303,40.63846584,45.56235744
2155,5304,52.2581124,37.8945648
2155,5305,62.5774212,37.12976064
2155,5306,73.04522856,38.3115312
2155,5307,83.69231928,37.87920288
2155,5308,93.9419508,36.5284512
2155,5309,103.74669624,33.37706304
2155,5310,112.89475008,32.93705376
2155,5311,122.04825984,32.9293728
2155,5312,131.17729416,32.9184
2155,5313,140.36286888,33.55701696
2155,5314,149.80014744,34.28231904
2155,5315,159.43908168,34.18795296
2155,5316,168.67375968,32.9129136
2155,5317,177.79727712,32.09214816
2155,5318,186.21838296,29.08560096
2155,5319,194.33106168,29.90856096
2155,5320,202.96211376,32.38841376
2155,5321,212.5917516,36.96846048
2155,5322,223.12210392,38.29616928
2155,5323,233.79586464,38.84590656
2155,5324,244.94995968,41.120568
2155,5325,256.37118144,40.87477728
2155,5326,267.55188552,39.69629856
2155,5327,278.9070876,42.35391072
2155,5328,290.812728,43.48740096
2155,5329,302.98729344,43.88461632
2155,5330,315.34019736,46.26461664
2155,5331,329.65311768,54.84424896
2155,5332,344.05065048,49.81212288
2155,5333,357.99531144,50.02060608
2155,5334,371.75407488,49.42258848
2155,5335,386.02529856,53.9367984
2155,5336,400.76524368,50.79528576
2155,5337,414.57746904,49.38198912
2155,5338,428.31858456,49.61790432
2155,5339,442.12373856,49.81870656
2155,5340,456.01048752,49.39076736
2155,5341,469.88419104,53.12371392
2155,5342,484.94536488,52.85707488
2155,5343,496.613434,52.53228
2161,5305,24.04884192,44.78658048
2161,5306,36.45761568,44.2039248
2161,5307,49.01385168,48.69838368
2161,5308,63.25023672,49.79785824
2161,5309,75.32939976,38.7943344
2161,5310,86.00639136,38.4048
2161,5311,96.60751824,37.69376256
2161,5312,106.72120896,34.4161872
2161,5313,116.05369728,33.50215296
2161,5314,125.24344776,32.76807264
2161,5315,134.18167728,31.9637664
2161,5316,143.2290252,32.9129136
2161,5317,152.37122688,32.9184
2161,5318,161.51394672,32.90413536
2161,5319,170.655234,32.9184
2161,5320,179.79950832,32.92059456
2161,5321,188.94606864,32.74502976
2161,5322,197.67569304,30.89721024
2161,5323,206.59935312,33.46594272
2161,5324,216.21176976,34.45898112
2161,5325,225.53563224,34.2680544
2161,5326,235.77042,38.39711904
2161,5327,246.4396392,38.8107936
2161,5328,257.71184424,42.22223712
2161,5329,269.66171112,43.69698144
2161,5330,281.84511576,43.98117696
2161,5331,294.1402296,44.220384
2161,5332,306.34539696,43.87583808
2161,5333,318.56650536,45.098208
2161,5334,331.93353984,48.65997888
2161,5335,344.64309024,45.35167968
2161,5336,357.80036136,48.67424352
2161,5337,371.46512448,49.8823488
2161,5338,385.89966,54.79706592
2161,5339,401.16376968,52.99642944
2161,5340,416.01621648,54.9353232
2161,5341,431.46692472,56.63500992
2161,5342,447.1912824,55.5991776
2161,5343,462.15690144,53.53519392
2161,5344,477.76933656,57.53368224
2161,5345,493.27774344,53.27404128
2166,5306,16.7374824,40.9081659428572
2166,5307,26.393394,40.88136096
2166,5308,37.76179392,41.04705024
2166,5309,49.1880144,41.14470816
2166,5310,60.97801368,45.09711072
2166,5311,73.98770064,47.25107136
2166,5312,86.4990396,40.98669984
2166,5313,97.13463936,37.18243008
2166,5314,107.36985384,36.47797632
2166,5315,117.3749748,35.73731232
2166,5316,127.12924536,34.31304288
2166,5317,136.77659208,34.90118496
2166,5318,146.18549376,33.4615536
2166,5319,155.4191964,32.9129136
2166,5320,164.56057512,32.90084352
2166,5321,173.70265488,32.91949728
2166,5322,182.84787408,32.92169184
2166,5323,191.88159744,32.1009264
2166,5324,200.60774712,30.98828448
2166,5325,209.38077504,32.62103712
2166,5326,218.73048456,33.6480912
2166,5327,227.96613792,33.54275232
2166,5328,237.7106244,36.38470752
2166,5329,247.85424648,37.03649184
2166,5330,258.60250032,39.86527968
2166,5331,269.69560488,40.31845632
2166,5332,281.20927248,42.5634912
2166,5333,293.23975896,43.82426592
2166,5334,305.42932056,43.88351904
2166,5335,317.64683232,44.95226976
2166,5336,330.93757536,48.77190144
2166,5337,343.66388976,44.18966016
2166,5338,356.07433992,44.71306272
2166,5339,368.88736992,48.50087328
2166,5340,382.9540728,54.068472
2166,5341,398.60564424,55.796688
2166,5342,413.97030744,56.1039264
2166,5343,429.67201848,56.68987392
2166,5344,444.95097192,51.07948128
2166,5345,460.62174576,66.55442112
2166,5346,479.21360088,62.62615872
2166,5347,494.534410133333,53.3729184
2171,5308,19.2170304,41.5539936
2171,5309,25.60728432,42.31770048
2171,5310,37.85457504,48.12889536
2171,5311,52.10376168,50.913792
2171,5312,65.57156304,44.98957728
2171,5313,76.85845944,38.4267456
2171,5314,87.40844088,37.44577728
2171,5315,97.84168392,37.49625216
2171,5316,107.95290576,35.06467968
2171,5317,117.51737736,34.46995392
2171,5318,127.15582392,34.55444448
2171,5319,136.53589152,33.41985696
2171,5320,145.98767856,34.14845088
2171,5321,155.26670496,32.91181632
2171,5322,164.40811416,32.9019408
2171,5323,173.55040728,32.91949728
2171,5324,182.6949864,32.92059456
2171,5325,191.84047992,32.92169184
2171,5326,201.04428168,33.45935904
2171,5327,210.57449376,35.76145248
2171,5328,220.32016896,32.68467936
2171,5329,229.32697848,33.72928992
2171,5330,238.9222044,34.7618304
2171,5331,248.58576648,35.52773184
2171,5332,259.2516024,40.38648768
2171,5333,270.25284024,39.2881104
2171,5334,281.50212432,42.24528
2171,5335,293.55812256,43.76281824
2171,5336,305.73226128,43.88351904
2171,5337,317.96708568,45.37033344
2171,5338,331.68147024,51.06850848
2171,5339,345.05060784,46.4039712
2171,5340,357.8758908,45.48554784
2171,5341,370.53990408,47.18304
2171,5342,384.53427792,53.4814272
2171,5343,399.36962544,52.05715776
2171,5344,413.73106992,52.72649856
2171,5345,428.91910152,55.8680112
2171,5346,444.68588736,56.87092512
2171,5347,460.1338524,54.25720416
2171,5348,473.88481296,48.88492128
2171,5349,491.75490168,70.94683296
2176,5311,24.65423568,44.53530336
2176,5312,36.80737368,43.24161024
2176,5313,48.82313832,44.80413696
2176,5314,61.7914944,46.84068864
2176,5315,73.6857048,38.1359664
2176,5316,83.98818864,37.04088096
2176,5317,94.1714652,36.32216256
2176,5318,104.22218424,36.01163232
2176,5319,113.92409016,33.823656
2176,5320,123.27736584,33.13346688
2176,5321,132.50070528,33.52300128
2176,5322,141.70551288,32.91401088
2176,5323,150.84716592,32.91620544
2176,5324,159.98552712,32.81635296
2176,5325,169.10371056,32.9074272
2176,5326,178.2471924,32.74064064
2176,5327,187.058808,30.84344352
2176,5328,195.67678416,31.25382624
2176,5329,204.36495576,31.6949328
2176,5330,214.08685656,38.3170176
2176,5331,224.80033272,38.39163264
2176,5332,235.46583336,38.39821632
2176,5333,246.12999288,38.39492448
2176,5334,256.92725856,39.87076608
2176,5335,268.0598652,39.6063216
2176,5336,279.4270764,43.06494816
2176,5337,291.578538,43.76062368
2176,5338,303.75450552,43.8802272
2176,5339,316.10795808,45.78181344
2176,5340,329.00761224,45.9047088
2176,5341,341.9394228,48.50965152
2176,5342,355.72808712,49.78469088
2176,5343,369.49053864,49.77920448
2176,5344,383.83927296,54.8804592
2176,5345,399.46822824,55.08126144
2176,5346,414.41427912,54.01031616
2176,5347,429.54253944,53.45180064
2176,5348,444.3833124,54.57102624
2176,5349,459.64562376,56.1478176
2176,5350,476.3607948,61.968888
2176,5351,492.75482856,56.74802976
2176,5352,501.0945528,55.467504
2180,5312,12.64337832,38.44101024
2180,5313,23.2070148,37.50064128
2180,5314,34.06188768,41.88756672
2180,5315,45.73420368,40.61472192
2180,5316,57.65974752,45.00274464
2180,5317,70.71387432,51.33405024
2180,5318,84.06713184,40.7145744
2180,5319,94.23839928,35.92275264
2180,5320,104.31280128,35.42458752
2180,5321,113.93003376,34.59504384
2180,5322,123.64952664,34.59394656
2180,5323,133.00767912,33.0171552
2180,5324,142.16295672,32.91071904
2180,5325,151.30427448,32.91510816
2180,5326,160.50847248,33.45826176
2180,5327,169.74034632,32.91181632
2180,5328,178.88425488,32.91949728
2180,5329,188.13249648,33.47033184
2180,5330,197.67645504,35.91726624
2180,5331,207.97394016,38.1359664
2180,5332,218.7266136,38.92161888
2180,5333,229.45097112,37.88249472
2180,5334,239.8675416,37.12537152
2180,5335,250.46113992,41.08106592
2180,5336,262.31542152,42.72369408
2180,5337,274.23810024,43.43912064
2180,5338,286.17479976,41.22261504
2180,5339,297.80633352,43.68491136
2180,5340,310.00409424,44.26646976
2180,5341,322.59425448,45.13441824
2180,5342,334.81295496,43.96471776
2180,5343,347.40104256,46.84507776
2180,5344,360.54603024,47.64280032
2180,5345,373.92150768,48.52940256
2180,5346,388.21806024,54.74000736
2180,5347,402.97906704,50.48914464
2180,5348,417.26486016,52.94266272
2180,5349,431.579274,50.60216448
2180,5350,446.26097184,56.14562304
2180,5351,462.43460472,57.6565776
2180,5352,478.39783416,56.25864288
2180,5353,493.53209904,53.35633728
2186,5314,20.7947768,44.0777376
2186,5315,29.12114064,43.52800032
2186,5316,41.12136048,43.09347744
2186,5317,53.08555296,43.05946176
2186,5318,65.01853392,42.84658944
2186,5319,76.9129272,42.37585632
2186,5320,87.77413992,35.7603552
2186,5321,97.58165904,34.91983872
2186,5322,107.1210456,34.04640384
2186,5323,116.45088216,33.549336
2186,5324,126.04997904,35.69671296
2186,5325,136.049004,34.4381328
2186,5326,144.477486,26.81313408
2186,5327,151.72751976,26.85153888
2186,5328,159.9809856,32.479488
2186,5329,169.37592744,35.52114816
2186,5330,179.7244056,38.22704064
2186,5331,189.58764216,32.50692
2186,5332,199.76823648,39.9574512
2186,5333,210.17922912,36.7204752
2186,5334,220.69613976,37.01015712
2186,5335,230.81135448,39.4362432
2186,5336,242.70145008,43.87803264
2186,5337,254.81728056,42.92230176
2186,5338,266.39821752,40.39746048
2186,5339,277.43423304,39.2167872
2186,5340,288.14789208,38.46844224
2186,5341,299.49071928,43.424856
2186,5342,311.61005496,42.63810624
2186,5343,323.40267552,43.43473152
2186,5344,335.616042,44.66807424
2186,5345,348.28407864,46.54442304
2186,5346,361.47585312,48.93429888
2186,5347,375.91846584,55.18440576
2186,5348,392.31609624,60.78163104
2186,5349,408.38021448,55.15587648
2186,5350,423.3652188,53.22795552
2186,5351,437.78908632,50.23677024
2186,5352,451.53206112,49.13839296
2186,5353,465.20502336,50.70311424
2186,5354,479.95517928,52.60579776
2186,5355,493.84997496,49.94160192
2190,5316,24.4012974,44.0873388
2190,5317,35.88968184,47.0513664
2190,5318,48.61169856,45.97822656
2190,5319,61.89320616,48.088296
2190,5320,74.09157648,39.3704064
2190,5321,84.77359728,37.96149888
2190,5322,94.82014056,34.66746432
2190,5323,104.3880564,35.08113888
2190,5324,114.1061472,33.5657952
2190,5325,123.18946152,32.31818784
2190,5326,132.2440332,32.96448576
2190,5327,141.32125152,31.49961696
2190,5328,149.50814904,28.02233664
2190,5329,157.17039432,27.47150208
2190,5330,165.0798324,30.39136416
2190,5331,174.05585712,33.9224112
2190,5332,184.14205488,38.23362432
2190,5333,194.81319432,38.48929056
2190,5334,205.76206752,39.72592512
2190,5335,216.49322208,38.08768608
2190,5336,226.68353952,33.1488288
2190,5337,235.43626776,34.23733056
2190,5338,246.05245176,39.447216
2190,5339,256.92320472,40.12314048
2190,5340,268.33071048,41.38062336
2190,5341,280.15682856,43.68710592
2190,5342,292.31548344,43.8308496
2190,5343,304.50736152,43.88242176
2190,5344,316.7051832,44.5276224
2190,5345,329.95633272,49.65301728
2190,5346,342.8902464,44.34547392
2190,5347,355.50570504,46.5356448
2190,5348,368.885724,50.55059232
2190,5349,383.5720548,55.385208
2190,5350,399.37389264,56.41226208
2190,5351,414.80908656,55.5991776
2190,5352,430.61037576,58.47514848
2190,5353,446.80628952,57.01576608
2190,5354,462.26982984,55.357776
2190,5355,478.02533808,56.12148288
2190,5356,493.06560264,54.20892384
2197,5319,19.904964,37.8890784
2197,5320,26.67478536,40.40514144
2197,5321,38.18388096,41.00206176
2197,5322,49.29341424,38.23362432
2197,5323,59.65445016,36.66780576
2197,5324,69.30539352,32.89974624
2197,5325,78.65735856,34.45568928
2197,5326,88.14950112,33.74026272
2197,5327,97.35369912,32.76368352
2197,5328,106.16010264,30.70957536
2197,5329,114.65030664,30.25420416
2197,5330,123.08336064,30.7951632
2197,5331,131.72319096,31.28564736
2197,5332,140.62322904,32.81525568
2197,5333,150.13070304,36.57892608
2197,5334,160.67565528,38.3938272
2197,5335,171.48023616,39.76762176
2197,5336,182.99122152,42.33964608
2197,5337,194.2830252,41.06460672
2197,5338,206.3218632,44.0393328
2197,5339,218.61255744,43.96691232
2197,5340,230.12777952,38.8930896
2197,5341,241.07506776,40.68933696
2197,5342,252.27262728,39.27494304
2197,5343,263.40550824,42.00168384
2197,5344,275.43919512,43.85498976
2197,5345,287.61589416,43.75513728
2197,5346,299.78631432,43.89997824
2197,5347,311.9759064,43.86705984
2197,5348,324.743064,49.97452032
2197,5349,338.86271064,49.4708688
2197,5350,352.39409328,48.32640576
2197,5351,365.96628864,49.34907072
2197,5352,379.8400836,52.35232608
2197,5353,395.27396688,55.56955104
2197,5354,410.40469608,55.04834304
2197,5355,425.82781992,55.69025184
2197,5356,441.14088048,53.17528608
2197,5357,455.66508816,54.39875328
2197,5358,471.4626588,59.99049216
2197,5359,488.28920376,56.38702464
2197,5360,498.7674048,54.0849312
2203,5322,23.5324269,39.0096756
2203,5323,33.27452832,37.26582336
2203,5324,43.43028144,38.87224128
2203,5325,55.51953336,46.79679744
2203,5326,68.21533728,42.30453312
2203,5327,78.98837136,36.64476288
2203,5328,88.8900432,34.81998624
2203,5329,98.47624704,34.13857536
2203,5330,107.71308912,32.95461024
2203,5331,116.87748024,32.90303808
2203,5332,126.00139392,32.82842304
2203,5333,135.14713128,33.00398784
2203,5334,144.29509368,32.91181632
2203,5335,153.437844,32.9184
2203,5336,162.58065528,32.89864896
2203,5337,172.00007256,35.94360096
2203,5338,182.46553296,38.4486912
2203,5339,193.41452808,41.37952608
2203,5340,205.41441264,44.21160576
2203,5341,217.82230248,44.34218208
2203,5342,229.40988408,39.41868672
2203,5343,240.18889224,38.39492448
2203,5344,250.85609976,38.69667648
2203,5345,262.08609,42.1794432
2203,5346,274.07003352,43.84291968
2203,5347,286.2462144,43.75842912
2203,5348,298.4176404,43.89558912
2203,5349,310.6078116,43.87583808
2203,5350,323.16535824,48.54147264
2203,5351,337.03942752,48.74556672
2203,5352,350.42243352,47.89956384
2203,5353,363.83707776,49.185576
2203,5354,377.60687496,50.87758176
2203,5355,392.48251704,54.48434112
2203,5356,407.29908888,52.9382736
2203,5357,422.16540408,53.9697168
2203,5358,436.9874928,52.97997024
2203,5359,451.9173588,54.31316544
2203,5360,467.29701816,57.58305984
2203,5361,483.29246496,55.95359904
2203,5362,496.240961142857,54.1021741714286
2207,5324,24.3438045,39.7379952
2207,5325,34.09788456,38.21606784
2207,5326,44.59111224,38.60560224
2207,5327,56.24102544,44.56822176
2207,5328,68.43220248,40.83088608
2207,5329,78.91552416,37.142928
2207,5330,89.01705336,35.15355936
2207,5331,98.74581216,34.8276672
2207,5332,108.42516288,34.6905072
2207,5333,118.03675656,34.45568928
2207,5334,127.43163744,33.55591968
2207,5335,136.78256616,33.50763936
2207,5336,145.97106696,32.91071904
2207,5337,155.114244,32.9184
2207,5338,164.2562628,32.90523264
2207,5339,173.55470496,35.38508544
2207,5340,183.98971584,38.46076128
2207,5341,195.21412824,43.01776512
2207,5342,207.48409608,45.50639616
2207,5343,220.36320672,45.427392
2207,5344,232.64472648,43.88790816
2207,5345,244.83386136,43.88351904
2207,5346,256.89949128,42.49984896
2207,5347,268.31339784,39.41868672
2207,5348,279.02013792,38.39711904
2207,5349,289.65823704,38.2840992
2207,5350,300.3203544,38.4048
2207,5351,310.98588552,38.38724352
2207,5352,321.85715664,41.57264736
2207,5353,334.04196336,43.424856
2207,5354,345.72058872,42.18822144
2207,5355,357.681276,43.58505888
2207,5356,369.84989784,43.88900544
2207,5357,382.41055344,48.55573728
2207,5358,396.62157912,51.01474176
2207,5359,410.490162,50.02389792
2207,5360,424.6408068,51.85855008
2207,5361,439.190892,52.52459904
2207,5362,453.54108936,50.87428992
2207,5363,467.97888624,54.15186528
2207,5364,483.07489872,52.39621728
2207,5365,496.0118604,52.4266668
2210,5327,22.1375478,31.3438032
2210,5328,30.39669816,33.62834016
2210,5329,39.7181832,34.11333792
2210,5330,49.87634424,39.33858528
2210,5331,60.99913632,40.08583296
2210,5332,71.57127672,35.51785632
2210,5333,81.05296464,33.12907776
2210,5334,90.21708144,33.7303872
2210,5335,100.05876864,36.05003712
2210,5336,109.81416696,35.030664
2210,5337,119.41634232,33.71283072
2210,5338,128.92210944,35.551872
2210,5339,139.24556352,39.145464
2210,5340,150.41846472,39.40551936
2210,5341,161.1329772,38.39163264
2210,5342,171.8277996,38.90625696
2210,5343,182.93998464,41.75040672
2210,5344,194.89350912,43.61578272
2210,5345,207.17265144,45.40215456
2210,5346,219.94883112,44.98738272
2210,5347,232.18828848,43.89010272
2210,5348,244.37769768,43.87912992
2210,5349,256.57021584,43.91534016
2210,5350,268.74636624,43.77269376
2210,5351,280.92632664,43.82316864
2210,5352,293.05108776,42.91900992
2210,5353,304.43600784,39.72263328
2210,5354,315.85927176,42.68309472
2210,5355,328.56991944,48.38126976
2210,5356,341.3680752,43.9844688
2210,5357,353.64627264,44.37729504
2210,5358,365.89371576,43.88242176
2210,5359,378.17298,46.02102048
2210,5360,392.02290912,51.58752192
2210,5361,405.89752704,49.26348288
2210,5362,419.94798408,52.09446528
2210,5363,434.53940016,52.5706848
2210,5364,449.1139608,51.42841632
2210,5365,463.2333636,51.81795072
2210,5366,478.31907384,55.0944288
2210,5367,493.1715816,51.82014528
2210,5368,500.941848,48.993552
2215,5329,23.5960581333333,31.8552576
2215,5330,32.27274216,33.77537568
2215,5331,41.32231512,31.8046608
2215,5332,51.25300392,39.91794912
2215,5333,62.68827696,41.09642784
2215,5334,73.23499704,34.16052096
2215,5335,82.42389408,32.92827552
2215,5336,91.6842972,34.399728
2215,5337,101.71425936,37.71461088
2215,5338,112.40713104,39.1125456
2215,5339,123.32592048,38.74166496
2215,5340,133.99788288,38.47831776
2215,5341,144.83193792,40.86380448
2215,5342,156.790644,43.88681088
2215,5343,168.93393696,43.33597632
2215,5344,181.01852544,43.89339456
2215,5345,193.21238472,43.89449184
2215,5346,205.45144584,45.23756256
2215,5347,218.55991848,46.79240832
2215,5348,230.96698536,43.8857136
2215,5349,243.15666888,43.87803264
2215,5350,255.34677912,43.91204832
2215,5351,267.53094576,43.7704992
2215,5352,279.70346904,43.89229728
2215,5353,291.80817432,42.93327456
2215,5354,303.75548088,43.7101488
2215,5355,315.99417624,44.12821248
2215,5356,328.17209448,42.79392
2215,5357,339.78491352,42.10812
2215,5358,351.74371104,43.58835072
2215,5359,363.88910712,43.62456096
2215,5360,375.97909056,44.18527104
2215,5361,389.20015632,50.56375968
2215,5362,403.0516704,48.9441744
2215,5363,416.75861784,50.75688096
2215,5364,431.54111304,54.1782
2215,5365,446.28883056,52.74954144
2215,5366,460.93373904,52.89328512
2215,5367,476.07498384,54.69282432
2215,5368,490.75963824,52.18553952
2215,5369,499.5635424,52.6584672
2220,5331,21.841968,33.357312
2220,5332,28.67918064,31.96157184
2220,5333,37.49853816,31.21322688
2220,5334,46.6401912,36.83130048
2220,5335,57.64426368,40.75407648
2220,5336,68.62303776,36.429696
2220,5337,78.23450952,35.07126336
2220,5338,88.33692264,37.13414976
2220,5339,98.8594416,38.90077056
2220,5340,109.90899024,41.42341728
2220,5341,121.87833384,43.44899616
2220,5342,133.87687728,43.25258304
2220,5343,145.83537,42.28478208
2220,5344,157.70327616,43.83414144
2220,5345,169.89356928,43.88461632
2220,5346,182.08593504,43.89339456
2220,5347,194.27930664,43.89229728
2220,5348,206.525622,45.06199776
2220,5349,219.3025332,45.32095584
2220,5350,231.51644832,43.08031008
2220,5351,243.34430376,42.5634912
2220,5352,255.1729212,42.10482816
2220,5353,266.68835664,41.25553344
2220,5354,278.14091184,41.55728544
2220,5355,289.86379416,41.61214944
2220,5356,301.0770204,39.69300672
2220,5357,311.90104752,38.43113472
2220,5358,322.94529264,43.1834544
2220,5359,335.63515296,45.15197472
2220,5360,347.42152512,40.60155456
2220,5361,358.64054256,40.22189568
2220,5362,370.05990504,42.75880704
2220,5363,382.51583136,48.0005136
2220,5364,396.4463496,49.90758624
2220,5365,410.0919408,48.97050912
2220,5366,423.9319944,50.75907552
2220,5367,438.0779148,51.34063392
2220,5368,452.4599028,52.21077696
2220,5369,467.39894328,56.55600576
2220,5370,483.3041388,55.48835232
2220,5371,496.217230285714,54.8671350857143
2230,5332,21.8919552,28.6609536
2230,5333,28.16711664,26.86909536
2230,5334,35.405568,26.05930272
2230,5335,42.48783984,24.58675296
2230,5336,49.17832176,25.05419424
2230,5337,57.90745848,36.41104224
2230,5338,67.9161456,34.50287232
2230,5339,77.03448144,32.21723808
2230,5340,85.97353392,32.36976
2230,5341,95.06836968,32.89425984
2230,5342,104.20877304,33.04787904
2230,5343,113.4902988,33.4889856
2230,5344,122.91840288,34.69818816
2230,5345,132.83558904,37.31520096
2230,5346,143.4612828,38.81189088
2230,5347,154.7451312,42.64468992
2230,5348,167.10181464,46.49394816
2230,5349,180.16737144,46.87250976
2230,5350,192.89475264,44.33779296
2230,5351,205.29176112,46.54552032
2230,5352,218.68552656,47.14024608
2230,5353,231.12060456,43.8857136
2230,5354,243.31050144,43.87803264
2230,5355,255.53993088,44.53749792
2230,5356,267.963396,44.247816
2230,5357,280.1337552,43.38425664
2230,5358,292.20130536,43.85060064
2230,5359,304.38733128,43.75623456
2230,5360,316.54933896,44.2807344
2230,5361,329.45124864,47.7645984
2230,5362,342.09084744,43.08908832
2230,5363,353.80382376,41.98412736
2230,5364,365.61259872,43.29537696
2230,5365,377.8908876,45.41971104
2230,5366,390.8249232,47.26204416
2230,5367,404.28589704,50.75029728
2230,5368,418.86887016,52.62445152
2230,5369,433.38756096,52.24588992
2230,5370,447.69837816,49.62558528
2230,5371,461.76471528,51.0290064
2230,5372,474.39785232,49.34029248
2230,5373,489.91988376,53.65589472
2230,5374,499.3811704,52.2085824
2234,5336,30.4711269333333,29.5131744
2234,5337,38.26767048,29.22495552
2234,5338,45.96310848,26.2688832
2234,5339,53.73017448,31.13532
2234,5340,63.47603256,38.07781056
2234,5341,73.98529272,35.92933632
2234,5342,83.33512416,32.87121696
2234,5343,92.53932216,33.66235584
2234,5344,102.4594344,37.6531632
2234,5345,112.86503208,37.45236096
2234,5346,123.37926048,38.20070592
2234,5347,134.14897224,38.74385952
2234,5348,144.91862304,39.49878816
2234,5349,155.99834688,39.50317728
2234,5350,167.03064384,40.8517344
2234,5351,178.74727776,43.35024096
2234,5352,190.92601896,43.89558912
2234,5353,203.08790472,43.3754784
2234,5354,215.2486932,45.3670416
2234,5355,228.0164604,44.9500752
2234,5356,240.2543328,43.87803264
2234,5357,252.44276664,43.86596256
2234,5358,264.86623176,45.79059168
2234,5359,277.40009544,44.08102944
2234,5360,289.58307336,43.76172096
2234,5361,301.75151232,43.8966864
2234,5362,313.93887936,43.95374496
2234,5363,326.7983304,49.14936576
2234,5364,339.95782656,44.43764544
2234,5365,352.0785948,43.3809648
2234,5366,364.1876892,43.84511424
2234,5367,376.38657768,44.46398016
2234,5368,389.57015304,49.9152672
2234,5369,402.91652208,46.35569088
2234,5370,416.06736192,48.1541328
2234,5371,429.35685528,46.99869696
2234,5372,442.121544,45.25292448
2234,5373,454.6965252,45.68305824
2234,5374,467.6616504,48.53379168
2234,5375,481.36826256,49.0429296
2234,5376,494.84374488,47.70315072
2237,5336,20.0075292,30.8033928
2237,5337,27.9548844,31.48425504
2237,5338,36.20563752,28.02123936
2237,5339,44.37860568,31.6400688
2237,5340,54.13269336,38.96880192
2237,5341,63.22829112,25.429464
2237,5342,72.36649992,40.18568544
2237,5343,82.58056128,33.51312576
2237,5344,92.11790568,34.91874144
2237,5345,101.87805888,36.46590624
2237,5346,112.25335944,38.12718816
2237,5347,123.06717576,39.13339392
2237,5348,134.14397352,40.70799072
2237,5349,145.33342536,39.4856208
2237,5350,156.36593568,40.86380448
2237,5351,168.07546776,43.31841984
2237,5352,180.25298976,43.89778368
2237,5353,192.40460376,42.97716576
2237,5354,203.79863736,38.42455104
2237,5355,214.36580952,40.08034656
2237,5356,226.09686048,43.45338528
2237,5357,237.55368288,38.15352288
2237,5358,248.4344028,41.94133344
2237,5359,260.43946896,43.45119072
2237,5360,272.32672992,40.76175744
2237,5361,283.29230616,39.70397952
2237,5362,294.46923072,40.73871456
2237,5363,306.11801616,43.01118144
2237,5364,318.00936144,43.75733184
2237,5365,331.00466184,47.22473664
2237,5366,343.0261872,42.54264288
2237,5367,354.48526512,36.42750144
2237,5368,363.6215232,50.740056
2237,5369,382.9562064,43.7019192
2237,5370,391.92970128,48.2858064
2237,5371,404.81414592,44.77121856
2237,5372,417.08731416,41.32685664
2237,5373,429.02532432,44.96433984
2237,5374,441.66306384,46.13952672
2237,5375,454.15007976,46.16037504
2237,5376,468.00555624,48.16400832
2237,5377,480.30204168,43.52690304
2237,5378,492.19122288,42.48338976
2237,5379,501.493536,49.73092416
2238,5337,22.1540832,27.432
2238,5338,29.0514024,27.42980544
2238,5339,36.53238312,26.27875872
2238,5340,44.06289384,29.72750976
2238,5341,53.45774424,36.31118976
2238,5342,63.18574104,29.73189888
2238,5343,71.77972944,37.59610464
2238,5344,81.569814,31.95059904
2238,5345,90.73405272,33.90704928
2238,5346,100.67166048,37.65535776
2238,5347,111.29424528,38.42016192
2238,5348,122.2101696,40.48524288
2238,5349,133.56607272,41.03936928
2238,5350,144.99174456,40.72993632
2238,5351,155.98344216,39.86198784
2238,5352,167.64950976,42.46693056
2238,5353,179.28567648,41.67798624
2238,5354,190.87837872,41.62421952
2238,5355,202.32688008,40.6651968
2238,5356,213.77373552,43.56640512
2238,5357,226.09704336,43.8966864
2238,5358,238.286544,43.88242176
2238,5359,250.47689808,43.89010272
2238,5360,262.66514904,43.82426592
2238,5361,274.8360264,43.87144896
2238,5362,287.01866904,43.76611008
2238,5363,299.01544464,41.42341728
2238,5364,309.92615688,38.38504896
2238,5365,320.71912488,40.8627072
2238,5366,332.79560568,42.9914304
2238,5367,344.05135152,40.40514144
2238,5368,355.64826,42.69626208
2238,5369,367.63311792,42.92230176
2238,5370,379.27595976,42.37256448
2238,5371,391.85155056,46.34800992
2238,5372,404.3764836,44.13040704
2238,5373,416.65425432,44.7196464
2238,5374,428.93842584,42.45595776
2238,5375,440.38314768,41.2412688
2238,5376,452.20231632,45.78181344
2238,5377,465.82620576,44.74488384
2238,5378,477.98406816,50.61313728
2238,5379,492.14245488,49.459896
2238,5380,502.56862656,50.2773696
2240,5338,19.521678,23.9536224
2240,5339,23.45460384,24.38924256
2240,5340,29.90843904,22.8947472
2240,5341,38.1524256,36.6656112
2240,5342,48.6395268,37.85506272
2240,5343,59.11964808,36.28375776
2240,5344,64.90536168,9.683496
2240,5345,72.76435536,46.24267104
2240,5346,84.76652592,35.65501632
2240,5347,94.18521168,34.35912864
2240,5348,103.87678488,36.03138336
2240,5349,114.92185296,43.82316864
2240,5350,127.69879464,46.8758016
2240,5351,140.33369952,44.1874656
2240,5352,153.10914768,46.03528512
2240,5353,164.79024192,40.7255472
2240,5354,176.53945896,43.11103392
2240,5355,188.53535064,42.7610016
2240,5356,200.01232032,40.76285472
2240,5357,211.53235824,41.65165152
2240,5358,223.10512656,41.69773728
2240,5359,234.69011736,41.69773728
2240,5360,246.26992656,41.6911536
2240,5361,257.85680712,41.72516928
2240,5362,269.4684984,41.88976128
2240,5363,281.15514,42.65456544
2240,5364,293.08071432,42.39999648
2240,5365,304.62952536,41.69334816
2240,5366,316.15251984,40.8133296
2240,5367,328.02731448,44.95665888
2240,5368,340.07794824,40.6213056
2240,5369,351.4546692,42.44059584
2240,5370,363.45522432,43.76281824
2240,5371,375.64658424,44.17210368
2240,5372,388.36665024,46.94273568
2240,5373,400.6059552,40.90879296
2240,5374,412.08085224,42.1520112
2240,5375,423.78943944,43.04958624
2240,5376,435.85360632,42.66334368
2240,5377,447.44265096,41.9051232
2240,5378,459.56604048,45.22000608
2240,5379,472.78357056,49.78908
2240,5380,486.70012896,50.08095648
2240,5381,497.25120768,51.32636928
2243,5340,19.0649352,20.5301088
2243,5341,22.54441008,20.81869344
2243,5342,28.56503304,21.88854144
2243,5343,34.78944528,22.165056
2243,5344,40.52142264,22.32855072
2243,5345,48.188118,33.79183488
2243,5346,59.17576176,42.07959072
2243,5347,70.5753732,39.3155424
2243,5348,81.2804064,38.4377184
2243,5349,91.87025568,38.23142976
2243,5350,102.9337032,41.87110752
2243,5351,115.21004136,45.83996928
2243,5352,128.10274608,47.0897712
2243,5353,140.93119896,44.47934208
2243,5354,153.11816976,43.61797728
2243,5355,165.44885376,46.2064608
2243,5356,178.37907936,45.12673728
2243,5357,190.57936992,42.90803712
2243,5358,202.1811552,41.1370272
2243,5359,213.26450616,38.733984
2243,5360,224.0069688,39.12571296
2243,5361,235.54239912,43.70137056
2243,5362,247.67151888,42.88499424
2243,5363,259.31990808,41.532048
2243,5364,270.88560504,42.22004256
2243,5365,282.90463104,43.51702752
2243,5366,294.91987752,43.59164256
2243,5367,307.10751888,43.87912992
2243,5368,319.37120784,45.75767328
2243,5369,332.82267192,48.0005136
2243,5370,344.9572476,40.89233376
2243,5371,356.3723124,41.43109824
2243,5372,367.70535552,39.67983936
2243,5373,378.60552168,41.13592992
2243,5374,391.26145776,47.33007552
2243,5375,403.41764376,40.77163296
2243,5376,414.60941208,41.00974272
2243,5377,426.17492616,40.64215392
2243,5378,437.34048168,41.05034208
2243,5379,449.08838808,43.9076592
2243,5380,461.51761392,44.62857216
2243,5381,474.01100016,45.16514208
2243,5382,486.3580824,46.1241648
2243,5383,497.529358,53.656992
2248,5342,19.0640208,27.3551904
2248,5343,23.3624628,27.49564224
2248,5344,30.84079176,27.09952416
2248,5345,38.30577048,25.92104544
2248,5346,45.46250496,25.14197664
2248,5347,53.64467808,36.1169712
2248,5348,64.19709792,37.59939648
2248,5349,74.1918252,35.68135104
2248,5350,84.25440096,36.39458304
2248,5351,94.5713628,38.50794432
2248,5352,105.69659328,41.1809184
2248,5353,117.58016616,43.51702752
2248,5354,129.803652,45.39996
2248,5355,142.59357816,46.07368992
2248,5356,155.264358,44.84802816
2248,5357,167.61842016,44.42447808
2248,5358,179.76975984,42.58872864
2248,5359,191.45118936,41.97864096
2248,5360,203.00359704,40.9504896
2248,5361,214.29241368,40.57521984
2248,5362,225.8200716,43.05068352
2248,5363,237.98086008,43.87803264
2248,5364,250.16911104,43.77379104
2248,5365,262.15951632,42.4592496
2248,5366,273.81848208,41.3839152
2248,5367,285.48753672,42.94863648
2248,5368,297.50762952,43.74526176
2248,5369,309.69956856,43.87364352
2248,5370,322.1085252,47.25107136
2248,5371,335.50405848,45.9431136
2248,5372,347.74665528,43.54775136
2248,5373,359.81496744,43.39084032
2248,5374,371.66583528,41.18421024
2248,5375,382.91908176,41.59898208
2248,5376,394.70575872,41.3894016
2248,5377,405.65591208,39.56681952
2248,5378,417.20396112,42.85317312
2248,5379,429.18190008,43.30854432
2248,5380,442.12699992,47.98295712
2248,5381,453.8732604,38.24240256
2248,5382,464.44811352,40.16703168
2248,5383,476.81704992,45.30559392
2248,5384,489.03517128,44.53749792
2248,5385,498.38920896,44.09529408
2257,5345,19.9296528,28.8913824
2257,5346,25.21738416,28.26373824
2257,5347,33.42019224,30.5702208
2257,5348,41.90378208,30.25310688
2257,5349,50.03791872,28.71362304
2257,5350,58.2561192,32.28965856
2257,5351,69.12263544,42.19370784
2257,5352,79.64369136,35.64294624
2257,5353,89.90649024,38.02514112
2257,5354,100.96768224,41.75589312
2257,5355,113.372646,47.80519776
2257,5356,126.04260288,42.46254144
2257,5357,138.1306356,45.36374976
2257,5358,150.76928952,45.15746112
2257,5359,163.68896904,47.77447392
2257,5360,176.91890448,47.80190592
2257,5361,189.93072504,45.4383648
2257,5362,202.2724428,43.60810176
2257,5363,214.31506032,43.2931824
2257,5364,226.12712712,41.48596224
2257,5365,237.56419848,41.11288704
2257,5366,248.60426784,37.92528864
2257,5367,259.3168296,39.79944288
2257,5368,270.21888552,39.00940128
2257,5369,281.57113104,42.985944
2257,5370,293.50828776,41.69444544
2257,5371,305.2767072,43.62456096
2257,5372,317.29591608,43.47862272
2257,5373,330.22297176,48.19363488
2257,5374,342.89957328,44.15564448
2257,5375,355.39457496,45.49981248
2257,5376,367.90079328,43.11432576
2257,5377,379.8504468,46.332648
2257,5378,393.21885288,47.2433904
2257,5379,406.19047032,46.63878912
2257,5380,418.7240292,43.53348672
2257,5381,430.8044724,43.19662176
2257,5382,442.52293512,42.18383232
2257,5383,454.31299536,44.28402624
2257,5384,467.04238824,42.4702224
2257,5385,479.68277952,50.88745728
2257,5386,492.21798432,40.75627104
2257,5387,499.267734,43.6278528
2260,5348,23.2818093333333,31.3407552
2260,5349,32.14658544,35.36204256
2260,5350,40.65705864,25.9561584
2260,5351,49.01299824,33.72380352
2260,5352,58.45686048,37.52807328
2260,5353,69.76317264,37.12756608
2260,5354,79.06810704,32.98533408
2260,5355,88.04967912,32.22601632
2260,5356,97.2438492,35.15026752
2260,5357,107.60738448,38.56610016
2260,5358,118.9747176,43.20101088
2260,5359,131.04760176,44.24013504
2260,5360,143.38154712,43.88351904
2260,5361,155.61612768,44.43545088
2260,5362,168.03483792,44.97860448
2260,5363,180.54773136,44.44203456
2260,5364,192.75533712,43.89449184
2260,5365,205.00332888,45.41312736
2260,5366,218.22433368,47.17316448
2260,5367,230.66340456,43.8857136
2260,5368,242.85333192,43.87803264
2260,5369,255.0433812,43.90656192
2260,5370,267.22757832,43.78037472
2260,5371,279.4011684,43.85718432
2260,5372,291.55991472,43.79463936
2260,5373,303.74953728,43.88900544
2260,5374,315.8374176,42.62274432
2260,5375,328.15533048,45.91897344
2260,5376,340.19191296,41.74272576
2260,5377,351.89428224,42.50972448
2260,5378,363.90937632,43.77379104
2260,5379,376.06352016,43.7869584
2260,5380,388.89898344,48.5052624
2260,5381,401.91180984,45.12783456
2260,5382,414.48612048,44.55724896
2260,5383,426.53989368,43.1121312
2260,5384,438.50222688,42.78953088
2260,5385,450.27043296,42.98923584
2260,5386,463.63161528,49.29091488
2260,5387,476.45961096,50.30260704
2260,5388,490.52884368,45.1091808
2260,5389,498.956076,43.0572672
2262,5355,8.76679306666667,37.3172736
2262,5356,18.81079296,40.29651072
2262,5357,31.57898688,53.72502336
2262,5358,47.15542512,55.4236128
2262,5359,61.2324912,70.2055419428572
2262,5362,118.664871466667,60.100464
2262,5363,134.70931656,63.15285312
2262,5364,152.70681168,65.58113376
2262,5365,171.21923592,68.01819264
2262,5366,190.44205752,68.31445824
2262,5367,209.14175088,67.90407552
2262,5368,227.35050288,61.87452192
2262,5369,244.17064704,58.9129632
2262,5370,260.36406144,58.52233152
2262,5371,276.27248784,58.3039728
2262,5372,293.36079504,63.02447136
2262,5373,311.73535824,72.81220896
2262,5374,331.47341376,64.7066016
2262,5375,349.56832296,65.85216192
2262,5376,367.57377336,64.34340192
2262,5377,386.01993408,69.71349024
2262,5378,405.68861712,69.60705408
2262,5379,424.41940008,66.4841952
2262,5380,443.22815088,68.95965888
2262,5381,462.39147552,68.40553248
2262,5382,481.17712248,67.07343456
2262,5383,498.811329866667,66.8865312
2267,5368,216.519905142857,26.115264
2267,5369,222.76268376,26.89323552
2267,5370,230.20093152,26.15257152
2267,5371,238.1515176,34.15064544
2267,5372,249.1494636,42.9091344
2267,5373,261.61474728,46.85714784
2267,5374,274.84568856,46.98882144
2267,5375,287.995614,48.89040768
2267,5376,302.24967744,53.98837056
2267,5377,317.50851408,56.24437824
2267,5378,333.98737368,59.37272352
2267,5379,349.12352832,51.12337248
2267,5380,363.07361472,49.57291584
2267,5381,376.63105776,47.93577408
2267,5382,390.2256864,50.00743872
2267,5383,403.4803716,45.50090976
2267,5384,416.01383904,45.17062848
2267,5385,428.77301088,46.04516064
2267,5386,441.54797136,46.21633632
2267,5387,454.267062,45.67537728
2267,5388,467.22386616,48.75873408
2267,5389,481.04941128,47.55392064
2267,5390,493.76828856,46.003464
2267,5391,500.9467248,46.469808
2275,5352,22.0284548,35.6616
2275,5353,29.88371976,35.81851104
2275,5354,39.832788,35.82290016
2275,5355,49.7832888,35.8207056
2275,5356,59.36108016,30.5537616
2275,5357,68.30778312,37.35909216
2275,5358,78.92485104,37.26582336
2275,5359,88.64397816,33.35402016
2275,5360,97.94650464,34.00690176
2275,5361,107.25677304,32.9129136
2275,5362,116.72355624,35.68464288
2275,5363,126.99406656,38.08768608
2275,5364,137.66599848,38.4486912
2275,5365,148.33287072,38.39821632
2275,5366,159.00016968,38.39492448
2275,5367,169.66536552,38.40150816
2275,5368,180.33357888,38.4048
2275,5369,191.00267616,38.41138368
2275,5370,201.5935008,38.00648736
2275,5371,212.30429472,38.91832704
2275,5372,222.97799448,36.731448
2275,5373,232.75454592,35.97761664
2275,5374,243.23555112,38.39821632
2275,5375,253.91132352,38.60121312
2275,5376,264.68825904,38.67802272
2275,5377,275.36473248,38.38943808
2275,5378,286.0214244,38.26983456
2275,5379,296.66330304,38.58804576
2275,5380,307.91295288,42.87841056
2275,5381,320.17286232,46.195488
2275,5382,333.61521288,47.53746144
2275,5383,346.10494152,44.15235264
2275,5384,358.41291792,44.138088
2275,5385,370.6163784,43.88461632
2275,5386,383.22430848,48.43064736
2275,5387,397.04003904,48.52830528
2275,5388,410.18542296,47.33007552
2275,5389,423.31882824,47.04807456
2275,5390,436.35896472,46.57843872
2275,5391,449.48804184,48.05757216
2275,5392,462.70642536,48.36700512
2275,5393,476.78285136,50.3870976
2275,5394,490.09800888,47.5012512
2275,5395,498.8624008,48.774096
2277,5352,8.9109804,33.3463392
2277,5353,14.4621504,33.32329632
2277,5354,23.71462872,33.29586432
2277,5355,32.99539248,34.51274784
2277,5356,43.57326312,40.78150848
2277,5357,54.86997408,39.13339392
2277,5358,64.63902744,32.5398384
2277,5359,73.7602284,33.05556
2277,5360,82.82211528,32.23698912
2277,5361,91.9517592,33.78415392
2277,5362,101.43579408,34.21757952
2277,5363,110.89684704,33.73806816
2277,5364,120.23448648,34.46337024
2277,5365,130.18870584,36.75668544
2277,5366,140.57622888,37.99002816
2277,5367,151.22810496,38.40150816
2277,5368,161.89485528,38.39163264
2277,5369,172.56102648,38.40699456
2277,5370,183.11536656,37.01564352
2277,5371,193.18577568,36.05771808
2277,5372,203.21397,36.72376704
2277,5373,214.00456056,40.35466656
2277,5374,224.88019032,37.22193216
2277,5375,235.05304272,37.4391936
2277,5376,245.67602376,38.3993136
2277,5377,256.42034568,39.43295136
2277,5378,267.42551544,38.92710528
2277,5379,278.1141504,38.67802272
2277,5380,288.89971176,38.5474464
2277,5381,299.71764288,40.37332032
2277,5382,311.52196776,43.82426592
2277,5383,324.14724096,48.57987744
2277,5384,337.639152,45.69512832
2277,5385,349.9475856,44.34437664
2277,5386,362.2377312,43.96142592
2277,5387,374.42890824,44.13369888
2277,5388,387.43932672,49.75286976
2277,5389,401.09192832,48.01368096
2277,5390,414.41348664,48.1925376
2277,5391,427.90405656,48.28251456
2277,5392,440.9764104,45.81034272
2277,5393,453.41959608,45.20354688
2277,5394,466.368384,47.59671456
2277,5395,479.65382352,46.3271616
2277,5396,492.69322848,49.5641376
2277,5397,500.3389536,50.7162816
2289,5358,20.8976976,33.6535776
2289,5359,25.99950096,33.2420976
2289,5360,35.289744,34.1692992
2289,5361,44.79791904,34.24720608
2289,5362,54.6154356,36.82691136
2289,5363,64.97068032,37.2307104
2289,5364,75.59795904,40.80125952
2289,5365,86.54043144,35.2885248
2289,5366,95.83091832,32.87121696
2289,5367,104.98741512,33.19052544
2289,5368,114.9007608,40.27237056
2289,5369,126.48124056,39.77749728
2289,5370,137.20645152,38.48270688
2289,5371,148.07470512,39.49549632
2289,5372,158.8477392,38.39272992
2289,5373,169.58849496,38.95453728
2289,5374,180.25463568,36.98821152
2289,5375,189.86260224,32.92059456
2289,5376,198.44936688,28.29994848
2289,5377,206.25843432,29.50366464
2289,5378,215.22345576,34.20660672
2289,5379,224.56859328,32.97984768
2289,5380,233.94229056,35.93482272
2289,5381,244.45106304,38.39492448
2289,5382,255.13159032,38.8601712
2289,5383,266.13682104,39.51415008
2289,5384,276.88537968,38.39163264
2289,5385,287.53515264,38.27532096
2289,5386,298.20089712,38.8107936
2289,5387,309.2985432,41.58252288
2289,5388,321.45887448,46.8319104
2289,5389,334.92487752,46.8703152
2289,5390,347.32910976,44.2094112
2289,5391,359.6330628,44.06237568
2289,5392,371.8899852,45.29132928
2289,5393,385.5448728,52.971192
2289,5394,400.08133344,50.14240416
2289,5395,413.77096824,48.80591712
2289,5396,427.03049976,46.62562176
2289,5397,439.99867296,47.08099296
2289,5398,453.17203752,48.14096544
2289,5399,466.7903796,50.53084128
2289,5400,480.99887544,49.54658112
2289,5401,494.57722776,50.16873888
2293,5361,22.7498148,33.5411064
2293,5362,31.44374712,36.02809152
2293,5363,41.44780128,36.82252224
2293,5364,53.20387632,47.60329824
2293,5365,64.12391544,23.90643936
2293,5366,72.65538936,47.66145408
2293,5367,85.65117744,38.48929056
2293,5368,95.0683392,32.89425984
2293,5369,104.20919976,32.91071904
2293,5370,113.45786808,34.23294144
2293,5371,123.49697424,37.8671328
2293,5372,134.15281272,38.47392864
2293,5373,145.01079456,40.04962272
2293,5374,156.10527072,39.3594336
2293,5375,166.92347616,38.5309872
2293,5376,177.2543064,34.84083456
2293,5377,186.50614464,32.92278912
2293,5378,195.65090664,32.9184
2293,5379,204.80252664,33.37157664
2293,5380,214.4647476,35.54858016
2293,5381,223.95853608,32.97655584
2293,5382,233.0997624,32.9184
2293,5383,242.27341944,33.72160896
2293,5384,252.23806296,37.95930432
2293,5385,262.99643616,38.79104256
2293,5386,273.68397384,38.36749248
2293,5387,284.41137936,39.7434816
2293,5388,296.12475192,43.7979312
2293,5389,308.31635568,43.87254624
2293,5390,320.69913,47.44748448
2293,5391,334.88921592,51.08167584
2293,5392,348.38012112,47.48698656
2293,5393,361.6049664,47.78873856
2293,5394,375.10538136,49.78798272
2293,5395,389.56637352,53.73270432
2293,5396,403.90386072,49.53999744
2293,5397,417.54390456,48.42077184
2293,5398,430.95492168,48.68741088
2293,5399,444.63074904,48.5162352
2293,5400,457.25184648,43.93399392
2293,5401,470.60141592,52.88779872
2293,5402,485.26510008,50.81942592
2293,5403,496.6252704,53.12664
2301,5362,19.2179448,36.2321856
2301,5363,24.72635136,35.40154464
2301,5364,34.6082112,36.29363328
2301,5365,44.9246244,37.58842368
2301,5366,56.42353968,45.47238048
2301,5367,68.1657768,40.20324192
2301,5368,79.15387776,36.38690208
2301,5369,88.65729792,33.07421376
2301,5370,97.8097104,32.90413536
2301,5371,106.90613112,32.36317632
2301,5372,115.94588952,32.95351296
2301,5373,125.17828152,34.0101936
2301,5374,135.05797728,37.02442176
2301,5375,145.59064608,38.40150816
2301,5376,156.25727448,38.40370272
2301,5377,166.92207408,38.39163264
2301,5378,177.55776528,37.58622912
2301,5379,187.50253584,34.28561088
2301,5380,196.99013688,34.24501152
2301,5381,206.7322764,35.83387296
2301,5382,216.59304408,35.35216704
2301,5383,226.39849056,35.17550496
2301,5384,236.02504992,33.86644992
2301,5385,245.62731672,35.51785632
2301,5386,255.23793504,33.9388704
2301,5387,264.72693816,33.74574912
2301,5388,274.0123044,34.80352704
2301,5389,284.35642392,38.4048
2301,5390,295.02640512,39.09828096
2301,5391,306.5082516,43.34036544
2301,5392,318.75471936,45.701712
2301,5393,332.24702664,48.58536384
2301,5394,344.8696176,43.86815712
2301,5395,357.05884392,43.86157344
2301,5396,369.248436,44.16113088
2301,5397,381.92912184,48.55354272
2301,5398,396.03209592,50.4584208
2301,5399,409.78884768,49.53231648
2301,5400,423.48549288,49.91855904
2301,5401,437.93935272,52.861464
2301,5402,452.45097216,52.10543808
2301,5403,467.29951752,56.53515744
2301,5404,483.45504528,56.11928832
2301,5405,496.487849142857,57.2059090285714
2307,5366,21.6117569142857,36.8074738285714
2307,5367,29.95553064,34.15064544
2307,5368,39.90084984,38.09097792
2307,5369,50.97850104,41.21164224
2307,5370,62.4579396,40.83198336
2307,5371,73.17431136,36.08624736
2307,5372,82.9891152,35.08881984
2307,5373,92.47589328,33.16748256
2307,5374,101.6191008,32.90962176
2307,5375,110.88572184,34.66746432
2307,5376,120.85572984,36.9563904
2307,5377,131.41202064,38.67692544
2307,5378,142.41542256,40.3195536
2307,5379,153.4739628,39.22666272
2307,5380,164.32782984,38.66485536
2307,5381,174.9989388,38.40589728
2307,5382,185.66779224,38.40918912
2307,5383,196.33838304,38.349936
2307,5384,206.59270848,36.01163232
2307,5385,216.8318244,37.2691152
2307,5386,227.09602536,36.237672
2307,5387,236.85334392,33.68869056
2307,5388,245.96875368,32.63969088
2307,5389,255.1547856,34.19892576
2307,5390,264.86309232,35.07674976
2307,5391,275.05904856,38.33237952
2307,5392,285.71683776,38.26983456
2307,5393,296.37813216,39.1344912
2307,5394,307.8783276,43.4303424
2307,5395,320.1988008,46.6234272
2307,5396,333.86429544,48.2089968
2307,5397,346.44387912,44.69879808
2307,5398,358.98822792,44.68782528
2307,5399,371.22945312,44.2971936
2307,5400,384.28263504,50.98292064
2307,5401,398.48533968,47.8030032
2307,5402,411.33494568,46.05942528
2307,5403,423.8329344,44.53091424
2307,5404,436.3794168,46.39519296
2307,5405,449.52541032,47.59013088
2307,5406,462.92435736,49.76274528
2307,5407,477.46191528,53.10944928
2307,5408,491.82674304,51.3088128
2307,5409,500.4851052,51.1551936
2308,5368,24.41702,46.4490816
2308,5369,36.35666592,43.49727648
2308,5370,48.35871456,44.82169344
2308,5371,61.2324912,46.42262496
2308,5372,73.04007744,38.28739104
2308,5373,83.32491336,36.53832672
2308,5374,93.08433504,33.43521888
2308,5375,102.5493504,34.42386816
2308,5376,111.82813296,32.9238864
2308,5377,120.97990536,32.9348592
2308,5378,130.20839592,33.93557856
2308,5379,140.28956448,38.9863584
2308,5380,151.2251484,38.71642752
2308,5381,161.89455048,38.39163264
2308,5382,172.56011208,38.4048
2308,5383,183.18498288,36.95419584
2308,5384,192.64222584,35.69561568
2308,5385,203.62993056,39.36492
2308,5386,214.4921796,39.5679168
2308,5387,225.37015632,37.93406688
2308,5388,235.64914008,36.3858048
2308,5389,245.07389136,32.67041472
2308,5390,255.35403336,39.41210304
2308,5391,265.60284192,34.55005536
2308,5392,274.92499752,34.17039648
2308,5393,284.9672736,37.81446336
2308,5394,295.83692928,41.16336192
2308,5395,307.56450552,42.48997344
2308,5396,319.69645992,46.29643776
2308,5397,333.4897572,49.87027872
2308,5398,346.83015216,47.66255136
2308,5399,359.78214048,45.32424768
2308,5400,372.37681176,46.113192
2308,5401,385.906518,51.39988704
2308,5402,399.92783616,48.07403136
2308,5403,412.69414032,43.56640512
2308,5404,424.43576784,43.3809648
2308,5405,436.62246432,44.33889024
2308,5406,449.36203752,46.55539584
2308,5407,462.53646888,49.2843312
2308,5408,477.75476712,64.16125344
2308,5409,494.8950224,56.7440064
2311,5369,21.0487768,46.6453728
2311,5370,29.72293776,45.44165664
2311,5371,42.17328624,44.5550544
2311,5372,54.47943384,44.02177632
2311,5373,67.43087352,52.04728224
2311,5374,81.1755552,40.32065088
2311,5375,90.86694552,33.43631616
2311,5376,100.28877072,34.01129088
2311,5377,109.29618984,31.41293184
2311,5378,118.4717976,34.08480864
2311,5379,127.49671224,31.00693824
2311,5380,136.55783712,37.37994048
2311,5381,148.2073236,42.51521088
2311,5382,159.3072252,38.34225504
2311,5383,169.41597816,33.78744576
2311,5384,178.7929368,36.75668544
2311,5385,189.88555368,39.78408096
2311,5386,200.60969784,38.60340768
2311,5387,211.39964832,38.89528416
2311,5388,222.03024936,36.21901824
2311,5389,231.67028088,35.72085312
2311,5390,241.704876,35.62429248
2311,5391,251.763276,36.05003712
2311,5392,261.18290664,32.81745024
2311,5393,270.97427136,37.69815168
2311,5394,281.50395312,37.85835456
2311,5395,292.10090424,38.27532096
2311,5396,302.7590592,38.4048
2311,5397,313.42337112,38.40260544
2311,5398,324.99141504,47.24777952
2311,5399,338.37496968,46.57185504
2311,5400,351.30178152,46.18122336
2311,5401,363.8774028,46.22072544
2311,5402,377.3762328,47.58793632
2311,5403,390.7549716,51.89366304
2311,5404,404.38712112,45.57442752
2311,5405,417.27217536,46.72108512
2311,5406,430.44142512,47.539656
2311,5407,443.95927464,51.27260256
2311,5408,458.39746776,52.07581152
2311,5409,473.2490916,54.3921696
2311,5410,488.12921424,52.91413344
2311,5411,498.2317188,50.310288
2315,5372,25.48658352,49.78249632
2315,5373,38.6812536,44.57480544
2315,5374,50.46213936,39.58876512
2315,5375,60.99401568,37.6202448
2315,5376,70.96466376,34.27573536
2315,5377,80.54638704,33.94325952
2315,5378,89.73927696,32.89755168
2315,5379,98.87678472,32.77904544
2315,5380,107.74548936,30.89062656
2315,5381,116.38769712,31.85294112
2315,5382,125.41471488,33.19601184
2315,5383,135.85137168,42.4702224
2315,5384,147.9473292,43.41278592
2315,5385,159.32792112,39.529512
2315,5386,171.0155076,44.93800512
2315,5387,183.6020712,44.06895936
2315,5388,195.10513176,38.98745568
2315,5389,205.87066776,39.19813344
2315,5390,216.55402968,37.55331072
2315,5391,227.05012248,39.16521504
2315,5392,238.40608656,39.93770016
2315,5393,248.86301256,36.54161856
2315,5394,258.800346,37.142928
2315,5395,269.8513272,39.61290528
2315,5396,280.54947192,38.43442656
2315,5397,291.49666872,40.72225536
2315,5398,302.76341784,40.08254112
2315,5399,314.1442536,43.15492512
2315,5400,327.56371368,53.60871168
2315,5401,342.06756072,48.65668704
2315,5402,355.00565016,44.77889952
2315,5403,367.45352976,46.3545936
2315,5404,380.98515624,50.61533184
2315,5405,395.2475712,49.9756176
2315,5406,408.04203888,43.8527952
2315,5407,420.83440344,48.43174464
2315,5408,434.82850296,51.72468192
2315,5409,448.81385472,49.51037088
2315,5410,463.31090472,53.1193248
2315,5411,476.68595544,47.37396672
2315,5412,490.60580568,48.70716192
2315,5413,499.1138608,47.841408
2324,5374,21.6970356,44.1874656
2324,5375,30.33073944,43.17577344
2324,5376,41.51757,38.35981152
2324,5377,52.48110408,40.6377648
2324,5378,63.8615436,40.30967808
2324,5379,74.03503608,33.14005056
2324,5380,82.95674544,31.95937728
2324,5381,92.02299096,32.89425984
2324,5382,101.16187032,32.91181632
2324,5383,110.30431584,32.91949728
2324,5384,119.4547776,32.945832
2324,5385,128.69177208,33.99044256
2324,5386,138.38858784,35.99188128
2324,5387,148.68156192,37.81336608
2324,5388,159.3049392,38.39492448
2324,5389,170.0320704,39.80492928
2324,5390,181.78015968,43.86157344
2324,5391,193.97560392,43.75733184
2324,5392,205.8584148,42.35061888
2324,5393,217.7861532,41.87439936
2324,5394,228.75852648,38.39053536
2324,5395,239.4252768,38.39163264
2324,5396,250.09071648,38.44101024
2324,5397,260.91483504,39.39564384
2324,5398,271.70768112,38.42784288
2324,5399,282.86583,42.45815232
2324,5400,294.91621992,43.77708288
2324,5401,307.10120952,43.8747408
2324,5402,319.3551144,45.58320576
2324,5403,332.691486,47.60659008
2324,5404,345.16149408,43.65967392
2324,5405,357.23370768,43.52470848
2324,5406,369.39285024,43.88790816
2324,5407,381.9305544,48.28032
2324,5408,396.03285792,50.73932448
2324,5409,409.854654,49.69800576
2324,5410,423.96930192,51.53704704
2324,5411,438.38100792,52.15042656
2324,5412,452.95157568,52.59043584
2324,5413,467.312502,52.22284704
2324,5414,482.03732904,51.56996544
2324,5415,495.177030133333,49.091088
2327,5376,25.5995424,49.054512
2327,5377,38.01172992,45.10698624
2327,5378,50.15907672,43.33817088
2327,5379,62.48345136,44.56822176
2327,5380,73.63742448,35.51017536
2327,5381,83.18958216,33.96739968
2327,5382,92.48095296,32.8745088
2327,5383,101.6334264,32.90632992
2327,5384,110.60146536,31.34709504
2327,5385,119.27659152,31.83428736
2327,5386,128.4024864,33.68430144
2327,5387,137.79453264,34.02775008
2327,5388,147.45635736,35.36643168
2327,5389,157.29182664,35.6835456
2327,5390,167.45638848,37.19998656
2327,5391,177.72631968,36.93554208
2327,5392,188.13923256,38.1963168
2327,5393,199.04406216,40.28773248
2327,5394,210.89230872,45.46250496
2327,5395,223.4289156,42.8597568
2327,5396,234.72111552,38.97099648
2327,5397,245.13034032,37.6970544
2327,5398,256.02154536,39.39015744
2327,5399,266.82835128,38.5474464
2327,5400,277.49080392,38.53757088
2327,5401,288.61859472,42.25405824
2327,5402,300.69772728,43.89558912
2327,5403,312.88494192,44.01519264
2327,5404,325.93144872,50.95548864
2327,5405,339.63525672,45.38020896
2327,5406,351.9467688,44.40362976
2327,5407,364.20786696,43.87803264
2327,5408,376.4700624,45.79607808
2327,5409,390.31292016,52.09995168
2327,5410,404.52845688,51.86403648
2327,5411,419.4630168,54.74110464
2327,5412,434.56893528,53.44411968
2327,5413,449.18351616,51.4788912
2327,5414,463.26737928,50.92366752
2327,5415,477.53217168,49.82529024
2327,5416,490.9747356,49.12083648
2327,5417,499.4105328,50.584608
2330,5377,19.8269352,48.9825792
2330,5378,27.61542864,48.36042144
2330,5379,40.16306928,41.586912
2330,5380,52.09891536,45.86410944
2330,5381,65.0286228,44.73281376
2330,5382,76.712826,42.8597568
2330,5383,88.89854712,39.93111648
2330,5384,98.7558096,33.96301056
2330,5385,108.01919976,32.77904544
2330,5386,116.79823224,30.61850112
2330,5387,125.2325664,29.78676288
2330,5388,133.27709184,28.79152992
2330,5389,141.91463616,35.50139712
2330,5390,152.85439584,39.76762176
2330,5391,163.55031552,37.51710048
2330,5392,173.26993032,33.93996768
2330,5393,183.56583048,40.1275296
2330,5394,195.06389232,41.97096
2330,5395,206.6531808,41.07009312
2330,5396,217.8951192,40.29541344
2330,5397,229.24257936,42.2836848
2330,5398,241.11719112,41.08984416
2330,5399,252.01988712,38.11731264
2330,5400,262.32325488,36.61294176
2330,5401,272.568924,38.29836384
2330,5402,284.13199968,43.84511424
2330,5403,296.2462452,42.48448704
2330,5404,307.92944256,42.89048064
2330,5405,319.92634008,44.16442272
2330,5406,333.21083472,49.55097024
2330,5407,346.27050888,44.25988608
2330,5408,358.90236576,46.33155072
2330,5409,371.072664,41.69554272
2330,5410,382.65393624,45.207936
2330,5411,396.29132832,50.55937056
2330,5412,410.57788344,52.30514304
2330,5413,425.11211904,52.25686272
2330,5414,439.60365216,51.3472176
2330,5415,453.38033784,49.05609696
2330,5416,467.11014528,50.98401792
2330,5417,481.7527068,51.47669664
2330,5418,495.0840492,46.92079008
2338,5380,22.5650552,42.5525184
2338,5381,32.17593768,43.2273456
2338,5382,43.74617616,40.19007456
2338,5383,55.48448136,44.933616
2338,5384,67.4170356,38.78775072
2338,5385,77.7502128,36.52954848
2338,5386,87.50088672,34.01348544
2338,5387,96.820482,33.4450944
2338,5388,106.03708536,32.90962176
2338,5389,115.18218264,32.99630688
2338,5390,124.46898144,33.74794368
2338,5391,133.95694824,35.05370688
2338,5392,144.00486312,36.88067808
2338,5393,154.42795632,38.27532096
2338,5394,165.09406656,38.39163264
2338,5395,175.76096928,38.40589728
2338,5396,186.42997512,38.40918912
2338,5397,197.09751792,38.43991296
2338,5398,208.17736368,42.8268384
2338,5399,220.58092536,44.50677408
2338,5400,232.79804088,43.88790816
2338,5401,244.98677952,43.87912992
2338,5402,257.26098408,44.79316416
2338,5403,269.65406064,43.99653888
2338,5404,281.84136672,43.8912
2338,5405,294.01855344,43.76062368
2338,5406,306.18952224,43.88242176
2338,5407,318.42160344,45.33083136
2338,5408,331.99294536,49.63436352
2338,5409,345.23144568,47.58244992
2338,5410,358.5376116,47.79422496
2338,5411,371.63663544,47.05246368
2338,5412,385.17649152,51.2100576
2338,5413,399.58621632,50.5791216
2338,5414,413.54124048,51.0728976
2338,5415,428.1793824,53.97191136
2338,5416,443.00339136,52.70126112
2338,5417,457.500228,51.45036192
2338,5418,472.20121968,53.99934336
2338,5419,486.40450344,49.78030176
2338,5420,497.05662336,51.9891264
2339,5383,22.7796852,48.9277152
2339,5384,33.407604,46.7660736
2339,5385,46.05247584,43.73538624
2339,5386,57.84412104,41.73833664
2339,5387,69.28238112,39.31115328
2339,5388,79.2947868,33.80609952
2339,5389,88.52065608,32.91071904
2339,5390,97.6138764,32.30611776
2339,5391,106.3084488,29.79224928
2339,5392,114.32901696,28.70265024
2339,5393,122.2322676,29.34455904
2339,5394,131.0219376,32.9184
2339,5395,140.1801108,33.08189472
2339,5396,149.98967208,37.86054912
2339,5397,160.649412,38.3938272
2339,5398,171.16446336,36.95858496
2339,5399,181.31610168,36.48346272
2339,5400,191.49599496,38.85139296
2339,5401,203.2697484,43.93618848
2339,5402,215.54489784,44.2697616
2339,5403,227.76868848,43.87583808
2339,5404,239.96876568,44.56163808
2339,5405,253.48786488,45.13332096
2339,5406,264.95297784,45.28255104
2339,5407,277.57819008,44.32791744
2339,5408,289.74095976,43.7595264
2339,5409,301.92287088,43.89339456
2339,5410,314.11048176,43.98227424
2339,5411,327.10032624,50.11606944
2339,5412,340.43742936,44.62747488
2339,5413,352.87659168,46.83959136
2339,5414,366.58491072,50.50121472
2339,5415,380.63390472,50.69323872
2339,5416,394.79619288,50.62959648
2339,5417,408.5377656,49.21081344
2339,5418,422.38095864,50.69653056
2339,5419,436.7086008,51.67969344
2339,5420,450.89167632,50.0524272
2339,5421,463.98640248,46.52247744
2339,5422,478.29310488,53.61529536
2339,5423,492.455454,49.68374112
2339,5424,500.1789336,50.6504448
2344,5387,23.7436152,46.78143552
2344,5388,36.913566,47.12707872
2344,5389,49.76085552,47.24448768
2344,5390,63.111126,46.39738752
2344,5391,74.65341432,37.68388704
2344,5392,84.87128568,36.00395136
2344,5393,94.6254648,34.58516832
2344,5394,104.18085336,33.81707232
2344,5395,113.437416,33.22344384
2344,5396,122.66160888,33.45277536
2344,5397,131.93868456,33.20040096
2344,5398,141.47700432,36.34520544
2344,5399,151.9901964,38.40260544
2344,5400,162.76545552,39.7599408
2344,5401,174.18640296,42.01594848
2344,5402,186.0528156,43.57957248
2344,5403,198.12521208,42.74015328
2344,5404,210.01747176,44.67685248
2344,5405,222.5920872,44.12821248
2344,5406,234.7822584,44.07444576
2344,5407,247.98942528,45.42519744
2344,5408,260.02286832,46.9580976
2344,5409,273.04529592,45.59527584
2344,5410,285.35205312,43.8198768
2344,5411,297.50973264,43.83194688
2344,5412,309.7013364,43.88790816
2344,5413,322.13254344,47.54294784
2344,5414,335.73640752,46.72437696
2344,5415,348.04164072,43.49288736
2344,5416,360.12049896,43.72221888
2344,5417,372.5192448,46.4588352
2344,5418,386.4417468,53.42546592
2344,5419,401.30065536,53.12920032
2344,5420,416.29684584,54.60833376
2344,5421,431.47420944,54.86619456
2344,5422,446.85304584,55.67159808
2344,5423,462.20432832,53.97739776
2344,5424,476.97204072,53.22466368
2344,5425,491.84131248,53.65918656
2344,5426,500.3305716,51.9342624
2346,5388,20.5148688,44.8129152
2346,5389,27.98707128,44.62418304
2346,5390,39.97674504,41.82063264
2346,5391,51.96023136,45.63916704
2346,5392,64.8849096,44.84254176
2346,5393,76.12526304,37.94284512
2346,5394,86.70359088,37.38323232
2346,5395,96.44064024,33.0884784
2346,5396,105.57531336,32.63639904
2346,5397,114.57727656,32.67809568
2346,5398,123.72904896,33.3353664
2346,5399,133.69256472,38.25337536
2346,5400,144.371568,38.39602176
2346,5401,155.038044,38.4048
2346,5402,165.79190616,39.50098272
2346,5403,177.22967856,43.05836448
2346,5404,189.40189704,43.89558912
2346,5405,201.59237304,43.9680096
2346,5406,214.1084364,45.866304
2346,5407,226.54973232,43.88900544
2346,5408,238.73865384,43.87803264
2346,5409,250.9345248,44.21160576
2346,5410,263.45622696,45.15636384
2346,5411,275.74420848,43.85608704
2346,5412,287.92404696,43.75733184
2346,5413,300.09148008,43.89778368
2346,5414,312.28031016,43.86486528
2346,5415,324.87525576,48.21667776
2346,5416,338.1356712,44.96324256
2346,5417,350.24174808,42.96838752
2346,5418,362.23575,43.67393856
2346,5419,374.75278872,48.04221024
2346,5420,389.3641692,55.19537856
2346,5421,404.1119172,51.6105648
2346,5422,418.95000792,55.29084192
2346,5423,434.44527792,55.63538784
2346,5424,449.60444496,53.2674576
2346,5425,464.34804768,54.03665088
2346,5426,479.65760304,53.85779424
2346,5427,494.2018056,52.8724368
2352,5390,23.1925368,44.8630765714286
2352,5391,33.58935624,43.89558912
2352,5392,45.92202144,45.23097888
2352,5393,58.93335432,46.58721696
2352,5394,69.8042292,36.539424
2352,5395,81.4629816,43.14175776
2352,5396,92.1710628,34.20660672
2352,5397,101.46679224,33.04678176
2352,5398,110.60722608,32.96119392
2352,5399,119.88250344,33.4999584
2352,5400,129.16436448,33.384744
2352,5401,138.59777208,35.9688384
2352,5402,148.89787848,37.25704512
2352,5403,159.26184048,37.19340288
2352,5404,169.6291248,37.15609536
2352,5405,179.96227152,38.24130528
2352,5406,190.92175176,39.56681952
2352,5407,201.89409456,40.68275328
2352,5408,213.62176224,42.77526624
2352,5409,225.348546,40.32065088
2352,5410,236.13194328,40.24493856
2352,5411,248.03639496,43.88461632
2352,5412,260.168898,43.40071584
2352,5413,272.25031656,43.76172096
2352,5414,284.43740928,43.84511424
2352,5415,296.59582032,43.808904
2352,5416,308.78361408,43.86705984
2352,5417,321.12207048,46.74193344
2352,5418,334.73489568,47.56489344
2352,5419,347.18841408,44.2094112
2352,5420,359.49181848,44.06018112
2352,5421,371.68540344,43.9076592
2352,5422,384.55585776,50.25213216
2352,5423,398.84732016,50.6888496
2352,5424,412.94124168,51.73016832
2352,5425,427.6830156,54.17710272
2352,5426,442.78612992,53.76013632
2352,5427,457.4421636,52.17785856
2352,5428,472.45423416,55.38740256
2352,5429,486.7055544,47.65377312
2352,5430,497.12372,46.0802736
2357,5393,22.2198057,40.4100792
2357,5394,32.57175096,41.31917568
2357,5395,43.98236568,42.06532608
2357,5396,57.2065404,49.34577888
2357,5397,68.25496128,39.26945664
2357,5398,80.66343024,43.92082656
2357,5399,91.80039552,34.893504
2357,5400,101.10072744,33.46484544
2357,5401,110.30830872,33.19052544
2357,5402,119.81553888,35.56394208
2357,5403,129.96327576,37.56867264
2357,5404,140.7000996,38.81189088
2357,5405,151.380444,38.40260544
2357,5406,162.04692,38.39163264
2357,5407,172.77139944,38.9918448
2357,5408,183.70576416,39.6447264
2357,5409,194.73739056,39.7325088
2357,5410,206.22825912,43.83962784
2357,5411,217.81062864,37.52258688
2357,5412,227.45261088,35.19854784
2357,5413,238.6169472,43.36011648
2357,5414,250.77398664,43.74965088
2357,5415,262.806942,42.82354656
2357,5416,274.63245048,42.8103792
2357,5417,286.71018096,43.76940192
2357,5418,298.874688,43.88681088
2357,5419,311.06488968,43.87035168
2357,5420,323.64084624,48.72691296
2357,5421,337.48955616,48.41638272
2357,5422,350.73814536,47.5890336
2357,5423,364.14626688,49.08901536
2357,5424,377.9114616,50.88306816
2357,5425,392.76872424,53.93460384
2357,5426,407.13367392,51.12008064
2357,5427,421.71567168,53.55933408
2357,5428,436.99608816,55.357776
2357,5429,451.95122208,53.06116896
2357,5430,466.66894728,54.10797408
2357,5431,481.98920112,54.08273664
2357,5432,495.0359289,50.5475748
2363,5396,21.9645992,41.6088576
2363,5397,29.58333936,42.90035616
2363,5398,40.6277064,35.6231952
2363,5399,51.57151992,45.62929152
2363,5400,64.84336536,46.8593424
2363,5401,76.55469576,38.58255936
2363,5402,87.22577424,38.26325088
2363,5403,97.74868944,37.97356896
2363,5404,108.30278568,37.43260992
2363,5405,118.62029616,37.34153568
2363,5406,129.1204428,38.2621536
2363,5407,139.61924832,36.7917984
2363,5408,149.91136896,36.91908288
2363,5409,159.900366,36.25193664
2363,5410,170.28834624,38.240208
2363,5411,181.02684648,38.5748784
2363,5412,191.58490512,37.38323232
2363,5413,201.79890552,36.47687904
2363,5414,212.01314976,38.30165568
2363,5415,223.25469192,40.51048032
2363,5416,234.24648096,40.22409024
2363,5417,245.91184752,43.42924512
2363,5418,258.09211272,43.92631296
2363,5419,270.26640384,43.75733184
2363,5420,282.4465776,43.8912
2363,5421,294.63879096,43.85937888
2363,5422,306.93686136,45.8333856
2363,5423,320.39817048,51.60178656
2363,5424,335.2979832,52.41596832
2363,5425,349.20588528,49.36772448
2363,5426,362.91505776,49.34029248
2363,5427,376.652028,50.33662272
2363,5428,391.40669496,54.38229408
2363,5429,405.7355868,49.43685312
2363,5430,419.50090344,50.20275456
2363,5431,433.72646808,51.75211392
2363,5432,447.86592672,49.69690848
2363,5433,461.60256168,50.13033408
2363,5434,476.10619536,52.96241376
2363,5435,490.16162064,49.29749856
2363,5436,499.1053264,49.3337088
2365,5398,17.9467256,43.9241184
2365,5399,25.7752596,43.86267072
2365,5400,37.6150632,41.29832736
2365,5401,49.79353008,48.62376864
2365,5402,62.2069368,34.47544032
2365,5403,73.4482656,49.23824544
2365,5404,85.22034264,36.48126816
2365,5405,95.02487472,34.43045184
2365,5406,104.3903424,33.35621472
2365,5407,114.11718096,37.17474912
2365,5408,124.78472376,38.80311264
2365,5409,135.5943948,39.42417312
2365,5410,146.41439856,36.7972848
2365,5411,156.09740688,34.29
2365,5412,165.64121304,34.57090368
2365,5413,175.30212336,34.84193184
2365,5414,185.049414,35.75157696
2365,5415,195.13984848,36.48346272
2365,5416,205.63740432,41.61544128
2365,5417,218.12298768,45.00164736
2365,5418,230.36110392,43.8857136
2365,5419,242.54950728,43.87144896
2365,5420,254.68466208,43.16809248
2365,5421,266.63547384,43.44570432
2365,5422,278.79924936,43.88790816
2365,5423,290.9913408,43.8912
2365,5424,303.18145104,44.02726272
2365,5425,315.7161072,47.39262048
2365,5426,330.19691136,54.617112
2365,5427,344.86029072,52.64968896
2365,5428,359.74946592,54.28573344
2365,5429,375.90002544,61.22383488
2365,5430,392.31018312,57.04539264
2365,5431,407.99092392,55.68586272
2365,5432,422.95453128,51.98802912
2365,5433,436.93015992,49.130712
2365,5434,450.90523992,51.4953504
2365,5435,465.27250608,52.1811504
2365,5436,479.50242936,47.98076256
2365,5437,492.96608544,51.47011296
2365,5438,501.2429904,52.3512288
2368,5401,20.999958,33.5657952
2368,5402,28.45817016,33.6645504
2368,5403,38.58368712,40.13740512
2368,5404,50.05849272,41.93365248
2368,5405,64.14717168,61.35331392
2368,5406,79.69526352,47.27301696
2368,5407,91.5450036,37.75630752
2368,5408,103.23658296,47.52209952
2368,5409,116.41320888,47.68998336
2368,5410,129.3386796,45.18269856
2368,5411,141.81258912,44.43215904
2368,5412,153.89166072,41.43000096
2368,5413,164.54576184,35.36862624
2368,5414,173.85603024,32.91620544
2368,5415,182.99417808,32.3807328
2368,5416,190.54059936,23.12737056
2368,5417,198.90769464,39.83455584
2368,5418,211.22621712,44.95226976
2368,5419,223.50157992,43.6113936
2368,5420,233.4231552,28.66534272
2368,5421,245.49411912,54.8255952
2368,5422,258.12911544,38.5090416
2368,5423,268.53843168,36.37592928
2368,5424,278.72749944,37.95601248
2368,5425,289.64400288,41.4003744
2368,5426,301.63105536,44.36632224
2368,5427,314.65131888,49.54109472
2368,5428,329.72050896,58.35993408
2368,5429,345.53554464,55.81643904
2368,5430,361.45357224,59.12803008
2368,5431,378.30882936,63.2197872
2368,5432,396.50310336,64.05042816
2368,5433,413.43443856,59.8072464
2368,5434,430.04256384,59.33651328
2368,5435,446.0045436,55.5991776
2368,5436,461.20287744,54.06627744
2368,5437,476.48213568,54.07615296
2368,5438,490.49607768,48.83225184
2368,5439,499.264432,47.8633536
2375,5404,23.0262684,37.35580032
2375,5405,34.21428768,43.35243552
2375,5406,46.08935664,42.65785728
2375,5407,59.22078072,50.67458496
2375,5408,72.57108168,44.47056384
2375,5409,84.8369652,45.69842016
2375,5410,97.77410976,46.96468128
2375,5411,110.82369504,46.27997856
2375,5412,123.63157392,46.12635936
2375,5413,136.20881064,44.27195616
2375,5414,148.4095584,43.88132448
2375,5415,160.52096928,42.46034688
2375,5416,171.61553688,37.49844672
2375,5417,181.3243008,33.0500736
2375,5418,190.52913888,33.47581824
2375,5419,200.15649072,36.94870944
2375,5420,210.15130944,33.46813728
2375,5421,219.40269048,34.043112
2375,5422,229.37656944,38.30385024
2375,5423,240.50826168,41.42561184
2375,5424,252.41734632,42.83013024
2375,5425,263.73639912,39.12790752
2375,5426,274.51117056,39.05658432
2375,5427,285.83567928,42.92669088
2375,5428,297.96656688,43.76611008
2375,5429,310.15109928,43.88132448
2375,5430,322.87912056,50.55278688
2375,5431,337.80453648,53.44960608
2375,5432,352.56807312,53.9477712
2375,5433,367.90765128,56.62074528
2375,5434,384.53519232,64.32804
2375,5435,402.57133608,63.44034048
2375,5436,420.22559592,64.10090304
2375,5437,438.21714744,65.11478976
2375,5438,455.97220464,62.462664
2375,5439,473.55962184,63.03544416
2375,5440,489.47444904,54.2111184
2375,5441,499.5193464,56.8061856
2378,5408,24.62546256,37.66194144
2378,5409,34.66709856,35.9852976
2378,5410,45.2458836,38.57268384
2378,5411,55.3929804,38.46624768
2378,5412,68.1226476,47.75033376
2378,5413,80.23969728,42.25296096
2378,5414,92.2076388,44.29060992
2378,5415,104.698038,44.84802816
2378,5416,117.04362672,44.41569984
2378,5417,129.35459016,43.9296048
2378,5418,141.55192416,43.89010272
2378,5419,153.742644,43.8912
2378,5420,165.93315048,43.88461632
2378,5421,178.1246628,43.8912
2378,5422,190.31736384,43.8966864
2378,5423,202.43240184,43.38974304
2378,5424,214.76659104,45.32753952
2378,5425,227.16551976,43.93070208
2378,5426,239.35297824,43.5784752
2378,5427,251.03321904,40.26139776
2378,5428,262.16524656,40.29321888
2378,5429,273.086322,38.4377184
2378,5430,283.83003432,39.91136544
2378,5431,295.38737976,42.52398912
2378,5432,307.41433056,43.89010272
2378,5433,319.71550992,46.45993248
2378,5434,333.78334056,51.9342624
2378,5435,347.69505264,49.36882176
2378,5436,361.40754744,49.35345984
2378,5437,375.24074304,51.46901568
2378,5438,390.8040444,59.31237312
2378,5439,407.09968872,58.09110048
2378,5440,423.21120336,57.67742592
2378,5441,438.96966816,55.29303648
2378,5442,453.8772228,52.95802464
2378,5443,468.81537936,55.64197152
2378,5444,484.39687728,53.4430224
2378,5445,496.560914057143,52.2289604571429
2396,5409,23.7936024,35.1239328
2396,5410,30.12588336,35.33680512
2396,5411,40.13277216,37.0386864
2396,5412,50.69881656,38.78665344
2396,5413,61.79923632,40.83417792
2396,5414,73.0794576,39.82358304
2396,5415,84.15814512,39.8367504
2396,5416,94.73293728,37.7299728
2396,5417,106.11986904,44.15564448
2396,5418,118.58984664,44.80633152
2396,5419,130.98237456,44.43106176
2396,5420,143.13840816,42.9146208
2396,5421,155.10040608,43.30196064
2396,5422,166.9653252,42.67541376
2396,5423,179.0363196,43.9021728
2396,5424,190.86298632,40.65312672
2396,5425,202.50549288,43.83194688
2396,5426,214.90804872,45.77961888
2396,5427,227.45834112,44.04920832
2396,5428,239.64957912,43.67942496
2396,5429,251.35554504,42.51301632
2396,5430,264.3176832,44.5001904
2396,5431,276.09366168,43.7704992
2396,5432,286.03288488,28.37675808
2396,5433,295.17947568,38.57378112
2396,5434,306.12520944,40.86599904
2396,5435,318.106044,45.33083136
2396,5436,331.71121872,50.05132992
2396,5437,344.93548488,46.77924096
2396,5438,358.10897136,48.33847584
2396,5439,371.74456512,49.77700992
2396,5440,386.6668416,58.34018304
2396,5441,402.76796256,56.41994304
2396,5442,418.40020968,56.28936672
2396,5443,433.86067152,54.260496
2396,5444,448.3332156,52.01875296
2396,5445,463.60701792,57.00808512
2396,5446,479.45387472,53.98288416
2396,5447,492.6316284,45.17940672
2396,5448,499.8619416,48.6424224
2402,5412,20.7945736,39.611808
2402,5413,27.7976076,38.5803648
2402,5414,38.8202424,41.60446848
2402,5415,50.19470784,39.08950272
2402,5416,60.29306712,34.23842784
2402,5417,69.96208512,36.50431104
2402,5418,80.51621184,38.47283136
2402,5419,91.23066336,38.32579584
2402,5420,101.93856168,38.95124544
2402,5421,112.69940376,39.25190016
2402,5422,123.93414888,41.07338496
2402,5423,135.60250248,43.00679232
2402,5424,147.63725616,43.6059072
2402,5425,159.69633288,42.96070656
2402,5426,171.72063192,43.85169792
2402,5427,183.90004368,43.4852064
2402,5428,195.95387784,43.79134752
2402,5429,208.46954496,47.05465824
2402,5430,221.59892688,45.49103424
2402,5431,233.86410936,43.88461632
2402,5432,246.05232984,43.8857136
2402,5433,258.17507928,43.13078496
2402,5434,270.12799416,43.45996896
2402,5435,282.29466528,43.7869584
2402,5436,294.45353352,43.86705984
2402,5437,306.5827752,43.19771904
2402,5438,318.60070392,45.03017664
2402,5439,332.31578952,51.01144992
2402,5440,345.5744676,46.13294304
2402,5441,358.84247256,49.84833312
2402,5442,373.0047912,51.21444672
2402,5443,387.53741136,54.30219264
2402,5444,401.78760384,46.78033824
2402,5445,415.26707904,50.56595424
2402,5446,429.52601928,51.44926464
2402,5447,443.82168792,52.08349248
2402,5448,458.72957784,58.35115584
2402,5449,475.2985668,55.88666496
2402,5450,489.64684392,48.89150496
2402,5451,498.6373314,42.1136064
2406,5415,23.8762370666667,43.0670208
2406,5416,34.97171568,40.7310336
2406,5417,46.3750152,43.28111232
2406,5418,59.09078352,46.8593424
2406,5419,71.43286704,40.54120416
2406,5420,82.1948064,38.42345376
2406,5421,92.86070328,38.38065984
2406,5422,103.52358264,38.39163264
2406,5423,114.31621536,39.89819808
2406,5424,125.87761464,43.20101088
2406,5425,138.04721184,43.93948032
2406,5426,150.23768784,43.8857136
2406,5427,162.42810288,43.87803264
2406,5428,174.61799976,43.89339456
2406,5429,186.81106656,43.89558912
2406,5430,199.00263984,43.87803264
2406,5431,211.56500232,47.26094688
2406,5432,224.4155532,44.23464864
2406,5433,236.60737032,43.87912992
2406,5434,248.79659664,43.8802272
2406,5435,260.92111392,43.34256
2406,5436,273.004788,43.808904
2406,5437,285.19331328,43.82426592
2406,5438,297.350688,43.8308496
2406,5439,309.5402496,44.00421984
2406,5440,322.27832928,49.75286976
2406,5441,336.77830536,51.25065696
2406,5442,350.47589544,48.38675616
2406,5443,363.98905104,49.23934272
2406,5444,377.78012328,51.3033264
2406,5445,392.99226456,56.21804352
2406,5446,408.01658808,52.58385216
2406,5447,422.68572816,53.25429024
2406,5448,437.5626504,53.77001184
2406,5449,452.5188816,54.08163936
2406,5450,467.8145076,56.81606112
2406,5451,483.33791064,53.09518464
2406,5452,495.598573371429,51.5361065142857
2416,5417,20.6671164,44.9994528
2416,5418,27.93175008,45.36594432
2416,5419,39.26811552,30.943296
2416,5420,48.04848912,43.87912992
2416,5421,65.8944072,75.2020848
2416,5422,84.45511176,55.38630528
2416,5423,96.6828648,38.96331552
2416,5424,107.59735656,39.35723904
2416,5425,118.59755808,40.53242592
2416,5426,130.0950408,42.33525696
2416,5427,142.16219472,43.8857136
2416,5428,154.41332592,44.44422912
2416,5429,166.7390112,44.4233808
2416,5430,179.03833128,43.8912
2416,5431,191.23109328,43.89558912
2416,5432,203.43851616,44.64503136
2416,5433,216.43460904,47.402496
2416,5434,228.98852856,43.87803264
2416,5435,241.17793776,43.87803264
2416,5436,253.40846448,44.75146752
2416,5437,266.06305944,45.13771008
2416,5438,278.33583144,43.62675552
2416,5439,290.04060864,41.96108448
2416,5440,302.08459776,43.76281824
2416,5441,314.261754,44.00860896
2416,5442,327.38266248,51.34392576
2416,5443,341.52715032,48.88272672
2416,5444,354.91585608,47.92699584
2416,5445,368.26847352,48.82457088
2416,5446,382.15232688,51.78942144
2416,5447,396.69805344,50.78650752
2416,5448,410.45913336,49.25470464
2416,5449,424.07915184,48.96282816
2416,5450,437.80338144,49.59815328
2416,5451,451.65696816,50.33333088
2416,5452,465.84738936,53.39583936
2416,5453,480.78505824,50.56705152
2416,5454,494.079445333333,52.9340064
2422,5419,22.044914,42.8707296
2422,5420,31.72172472,44.39265696
2422,5421,44.05722456,45.27267552
2422,5422,57.78684912,52.30404576
2422,5423,71.60187864,44.89850304
2422,5424,83.15840112,40.91537664
2422,5425,94.51259736,40.544496
2422,5426,105.8879772,41.4607248
2422,5427,117.4840932,41.36306688
2422,5428,128.894586,41.91280416
2422,5429,140.80595664,43.48410912
2422,5430,152.98021728,44.02067904
2422,5431,165.55129704,47.31142176
2422,5432,179.1137388,49.38089184
2422,5433,192.811908,48.69289728
2422,5434,206.05979616,47.83921344
2422,5435,219.39644208,46.25364384
2422,5436,231.7309056,43.88900544
2422,5437,243.9197052,43.87803264
2422,5438,256.19829888,45.06090048
2422,5439,268.73030328,44.27963712
2422,5440,280.9268448,43.8912
2422,5441,293.11860096,43.82646048
2422,5442,305.27631096,43.77269376
2422,5443,317.07777072,41.21273952
2422,5444,329.31570408,46.96138944
2422,5445,341.98078416,44.18088192
2422,5446,354.37456176,44.78438592
2422,5447,366.65422224,43.83304416
2422,5448,378.68330664,43.44789888
2422,5449,391.22463792,45.38788992
2422,5450,403.06907448,40.53571776
2422,5451,414.2329536,39.36711456
2422,5452,425.11184472,39.69520128
2422,5453,436.32391272,41.14141632
2422,5454,447.7844232,41.916096
2422,5455,459.70749816,44.16990912
2422,5456,472.871292,49.63436352
2422,5457,486.16105968,45.07516512
2422,5458,496.598709257143,44.8474011428571
2426,5421,19.9816212,40.05072
2426,5422,26.81322552,38.81847456
2426,5423,37.33964592,37.39420512
2426,5424,49.1554008,54.3263328
2426,5425,63.18592392,36.23876928
2426,5426,74.41359768,50.81723136
2426,5427,89.85436944,54.96056064
2426,5428,103.40605176,46.14940224
2426,5429,116.41369656,46.8922608
2426,5430,129.33499152,46.31399424
2426,5431,141.90332808,44.61650208
2426,5432,154.478736,46.36008
2426,5433,167.72985504,48.68521632
2426,5434,181.34082096,48.42186912
2426,5435,194.69182296,48.00490272
2426,5436,208.03282752,49.11754464
2426,5437,221.46271176,45.5316336
2426,5438,233.7154584,43.8857136
2426,5439,246.00846912,45.11905632
2426,5440,258.93287304,47.30154624
2426,5441,271.69801896,44.65161504
2426,5442,283.97886816,43.83853056
2426,5443,296.13740112,43.808904
2426,5444,308.32610928,43.87803264
2426,5445,320.66554104,46.73096064
2426,5446,334.28778456,47.96430336
2426,5447,347.06429952,45.91238976
2426,5448,359.76455352,44.71416
2426,5449,371.99413536,43.85608704
2426,5450,384.38590128,45.98590752
2426,5451,396.97066656,42.04667232
2426,5452,407.9117064,39.01817952
2426,5453,418.5518172,37.58842368
2426,5454,429.38111736,40.02987168
2426,5455,440.663838,42.1300656
2426,5456,453.05526864,49.64533632
2426,5457,466.9796604,42.492168
2426,5458,479.0879928,48.78177696
2426,5459,492.02026056,45.74670048
2426,5460,499.8774864,47.6329248
2430,5425,53.3144838857143,21.7621974857143
2430,5426,58.9478628,30.01280256
2430,5427,70.05422616,45.28913472
2430,5428,82.64185656,45.22878432
2430,5429,95.23911864,46.56527136
2430,5430,108.56811408,48.1486464
2430,5431,121.6336404,45.37362528
2430,5432,133.92262776,43.93618848
2430,5433,146.12364984,43.88351904
2430,5434,158.3143392,43.88132448
2430,5435,170.50310832,43.88900544
2430,5436,182.69446824,43.92850752
2430,5437,195.32760528,47.69546976
2430,5438,208.91939928,50.19397632
2430,5439,222.95766432,49.66399008
2430,5440,236.2096368,45.38679264
2430,5441,248.73133896,47.57037984
2430,5442,262.5039708,47.27850336
2430,5443,274.84248816,44.412408
2430,5444,287.2986888,44.31036096
2430,5445,299.48419656,43.89229728
2430,5446,311.6733924,43.86815712
2430,5447,324.48852552,50.5791216
2430,5448,338.96344704,50.49243648
2430,5449,352.46590416,47.67352416
2430,5450,365.63451384,47.27740608
2430,5451,378.7629204,47.0349072
2430,5452,391.98608928,46.881288
2430,5453,403.97457432,40.85941536
2430,5454,415.0391496,38.58255936
2430,5455,425.73903168,38.36310336
2430,5456,436.17952896,37.18243008
2430,5457,446.60938872,38.43991296
2430,5458,457.50470856,39.41539488
2430,5459,468.93818328,44.72184096
2430,5460,482.00087496,46.21414176
2430,5461,494.60173368,45.46360224
2436,5424,19.9043544,45.7785216
2436,5425,27.930348,43.36231104
2436,5426,39.20654592,37.49515488
2436,5427,49.18658184,35.67367008
2436,5428,59.6847168,41.23139328
2436,5429,71.58270672,43.12420128
2436,5430,83.45719656,42.0697152
2436,5431,95.04426,41.65384608
2436,5432,106.54914936,41.36416416
2436,5433,118.38748992,43.67284128
2436,5434,130.42693752,43.46435808
2436,5435,142.62037008,43.87693536
2436,5436,154.80977928,43.88790816
2436,5437,167.14851,45.51846624
2436,5438,180.12168192,47.36738304
2436,5439,193.25563584,47.82933792
2436,5440,206.89988592,50.44635072
2436,5441,220.98326136,48.88053216
2436,5442,234.05954712,46.62452448
2436,5443,247.03107312,46.92408192
2436,5444,260.0756292,46.69365312
2436,5445,273.03474984,47.19840192
2436,5446,286.01429208,46.16695872
2436,5447,299.16875904,48.55902912
2436,5448,312.81566088,49.46099328
2436,5449,327.27704928,54.91996128
2436,5450,341.89626312,49.67715744
2436,5451,355.60671576,48.88821312
2436,5452,368.48738088,44.0448192
2436,5453,380.49991464,43.1999136
2436,5454,392.75939736,43.85608704
2436,5455,404.34511968,40.66409952
2436,5456,415.55618184,39.27494304
2436,5457,426.13649088,36.52735392
2436,5458,435.90475176,34.91764416
2436,5459,445.75402848,35.7603552
2436,5460,456.0591336,38.44101024
2436,5461,467.30476008,44.13150432
2436,5462,480.1540308,45.7126848
2436,5463,492.6220272,45.54589824
2436,5464,500.3313336,46.2722976
2442,5427,26.3380728,43.18674624
2442,5428,38.23484352,40.9065984
2442,5429,49.22385888,39.2497056
2442,5430,60.43159872,43.10774208
2442,5431,72.86112936,45.03017664
2442,5432,84.78914208,40.14508608
2442,5433,95.60347656,38.5309872
2442,5434,106.49166408,39.39454656
2442,5435,117.486684,40.02548256
2442,5436,128.57567376,40.88904192
2442,5437,140.38027296,43.33487904
2442,5438,152.67563064,45.13002912
2442,5439,165.26829024,45.93104352
2442,5440,178.41733176,47.68888608
2442,5441,191.16138552,44.98518816
2442,5442,204.092556,48.04111296
2442,5443,217.72391304,49.77371808
2442,5444,231.45359856,48.527208
2442,5445,244.87080312,48.31433568
2442,5446,258.33945792,49.1746032
2442,5447,272.08142688,49.9372128
2442,5448,286.4315328,48.44710656
2442,5449,298.8012312,45.6578208
2442,5450,311.68271928,46.4478624
2442,5451,325.11318264,52.175664
2442,5452,339.5217492,48.98477376
2442,5453,352.639884,46.1022192
2442,5454,365.130588,43.89997824
2442,5455,376.99648248,42.14542752
2442,5456,389.3451192,45.99358848
2442,5457,401.53812504,41.5101024
2442,5458,412.6429644,38.04160032
2442,5459,422.57773752,35.28084384
2442,5460,432.86223816,36.9124992
2442,5461,442.82785704,36.25083936
2442,5462,452.97315552,36.88396992
2442,5463,463.6169544,40.18019904
2442,5464,475.22959056,42.61616064
2442,5465,487.30332816,45.19586592
2442,5466,497.6620476,47.6804736
2449,5429,21.0101688,42.24528
2449,5430,29.67612048,42.71272128
2449,5431,40.30867224,35.41910112
2449,5432,53.53824192,57.8376288
2449,5433,64.10364624,24.78865248
2449,5434,76.44295608,57.95174592
2449,5435,90.02264952,38.87772768
2449,5436,100.664772,39.23434368
2449,5437,111.78262632,41.03717472
2449,5438,123.20543304,41.40366624
2449,5439,135.06745656,43.40729952
2449,5440,147.1897488,43.88351904
2449,5441,159.65567256,46.89335808
2449,5442,173.17041312,49.38528096
2449,5443,186.79674096,48.46027392
2449,5444,200.38189032,49.77152352
2449,5445,214.22270592,48.89589408
2449,5446,227.00754192,43.92850752
2449,5447,239.1945432,44.05688928
2449,5448,251.93222664,47.62524384
2449,5449,265.19273352,47.33446464
2449,5450,278.08586496,45.21561696
2449,5451,290.34848712,43.808904
2449,5452,302.88292992,46.89994176
2449,5453,316.32869424,50.02938432
2449,5454,331.0688832,53.94557664
2449,5455,344.99754216,47.67791328
2449,5456,358.08278904,46.00675584
2449,5457,370.58748336,44.64722592
2449,5458,383.27088192,47.73826368
2449,5459,396.799308,47.58793632
2449,5460,409.45518312,43.61907456
2449,5461,420.91496208,39.2167872
2449,5462,431.08525416,34.30975104
2449,5463,440.46840024,33.51202848
2449,5464,449.5260504,32.20297344
2449,5465,459.53382312,42.86743776
2449,5466,472.43789688,44.36522496
2449,5467,483.88530096,40.32723456
2449,5468,494.8911108,38.0042928
2449,5469,500.4727608,36.4516416
2454,5433,24.5548023,38.5735068
2454,5434,34.75576488,39.8641824
2454,5435,45.01746648,38.79872352
2454,5436,56.88043488,43.46764992
2454,5437,69.05170848,45.87288768
2454,5438,82.0043064,44.76024576
2454,5439,94.04860032,42.89377248
2454,5440,106.10459856,44.4343536
2454,5441,118.3321992,42.56239392
2454,5442,130.4060892,46.21414176
2454,5443,143.40827808,45.6523344
2454,5444,156.1394388,47.04368544
2454,5445,169.54097664,49.36333536
2454,5446,183.47701176,50.75578368
2454,5447,197.89862376,53.48252448
2454,5448,213.14688384,56.27839392
2454,5449,228.62298192,54.23196672
2454,5450,243.6371556,54.46459008
2454,5451,258.8591724,54.88265376
2454,5452,274.12596432,55.0615104
2454,5453,288.7862652,49.80773376
2454,5454,302.73900336,50.96755872
2454,5455,316.63276272,50.12155584
2454,5456,330.99143352,52.54215552
2454,5457,346.0214568,53.03483424
2454,5458,359.78384736,47.88200736
2454,5459,373.12780848,49.30517952
2454,5460,387.25882416,52.29197568
2454,5461,401.31930912,48.53708352
2454,5462,414.617916,46.00565856
2454,5463,426.41724216,39.35723904
2454,5464,436.91309112,36.89713728
2454,5465,446.79790752,33.713928
2454,5466,456.09924528,34.81449984
2454,5467,465.7395816,31.72565664
2454,5468,474.1298112,36.43627968
2454,5469,485.64079656,39.49549632
2454,5470,495.89798712,34.72781472
2462,5434,19.2158112,39.392352
2462,5435,25.20098592,39.32870976
2462,5436,36.52924368,42.09604992
2462,5437,48.4642668,43.808904
2462,5438,60.5503488,41.120568
2462,5439,70.57134984,36.20914272
2462,5440,82.18889328,43.60151808
2462,5441,93.53095848,38.97758016
2462,5442,104.59294296,40.7145744
2462,5443,116.20908432,42.90474528
2462,5444,128.34058152,44.37180864
2462,5445,140.69729544,44.52652512
2462,5446,153.20613504,45.72256032
2462,5447,166.26980208,48.30884928
2462,5448,179.9322792,50.1018048
2462,5449,194.22136416,52.74844416
2462,5450,209.14418928,54.49860576
2462,5451,224.29832712,54.82778976
2462,5452,239.91591336,57.00259872
2462,5453,255.1581384,53.01069408
2462,5454,270.08654136,54.90569664
2462,5455,284.88043608,50.21043552
2462,5456,298.27599984,48.42955008
2462,5457,312.0508872,49.5202464
2462,5458,326.58433032,56.7184032
2462,5459,342.00535104,52.00229376
2462,5460,356.1380736,50.23567296
2462,5461,369.92649408,49.36772448
2462,5462,383.93168832,52.5981168
2462,5463,398.62350552,50.22031104
2462,5464,411.30358176,41.7350448
2462,5465,421.95286704,34.92971424
2462,5466,430.84174944,28.83212928
2462,5467,437.78381328,21.38927904
2462,5468,443.09041176,18.27410112
2462,5469,448.62899352,21.99717216
2462,5470,455.51439504,28.29555936
2462,5471,464.30147424,35.21061792
2462,5472,475.1330604,41.29174368
2462,5473,486.69500832,41.81514624
2462,5474,496.711093371429,43.8520114285714
2469,5437,24.8852055,42.9941736
2469,5438,35.7800148,42.59970144
2469,5439,47.41340784,44.61979392
2469,5440,60.55315296,47.8743264
2469,5441,73.09594728,40.81223232
2469,5442,83.96261592,39.47684256
2469,5443,94.9179204,39.09498912
2469,5444,105.93357528,40.36234752
2469,5445,117.36211224,42.0916608
2469,5446,129.3645876,44.42667264
2469,5447,141.96721416,45.90909792
2469,5448,154.97473704,48.18375936
2469,5449,168.52215216,48.81469536
2469,5450,182.16225696,49.38528096
2469,5451,195.8777388,49.42588032
2469,5452,210.27871584,55.63099872
2469,5453,225.92867184,55.26340992
2469,5454,241.44704568,57.01357152
2469,5455,257.02467264,54.918864
2469,5456,272.23974,54.73561824
2469,5457,287.45346624,54.73671552
2469,5458,302.6726484,54.5841936
2469,5459,317.52625344,53.54836128
2469,5460,333.43269864,58.238136
2469,5461,348.3540912,50.82930144
2469,5462,362.2971672,49.5586512
2469,5463,376.0277976,50.06120544
2469,5464,390.50342016,53.04141792
2469,5465,404.54741544,47.91931488
2469,5466,417.04555656,41.59569024
2469,5467,427.584108,33.9224112
2469,5468,435.96632136,26.51796576
2469,5469,442.43551848,20.20311936
2469,5470,447.73236336,19.91892384
2469,5471,453.39566928,20.08790496
2469,5472,459.26447136,22.89035808
2469,5473,466.19166096,28.14303744
2469,5474,475.07158224,34.0101936
2469,5475,484.25980872,32.25564288
2469,5476,494.08366512,39.4307568
2469,5477,500.1713136,41.1370272
2472,5439,25.1264928,50.8301244
2472,5440,37.68781896,49.61022336
2472,5441,51.16314888,49.98549312
2472,5442,65.6042376,50.11387488
2472,5443,77.74673808,40.56205248
2472,5444,89.24415984,40.51267488
2472,5445,100.39996176,40.25810592
2472,5446,111.41680536,39.59864064
2472,5447,122.42548032,39.5624304
2472,5448,133.83579024,42.97387392
2472,5449,145.97524272,44.15344992
2472,5450,158.6157864,47.17645632
2472,5451,172.09395096,48.7795824
2472,5452,185.20525824,47.23680672
2472,5453,198.77004696,49.09889088
2472,5454,212.5519752,50.9851152
2472,5455,226.4263188,48.46905216
2472,5456,240.03688848,49.56194304
2472,5457,254.42933112,54.13101696
2472,5458,269.52573984,54.49531392
2472,5459,284.38909848,50.968656
2472,5460,298.73533344,54.233064
2472,5461,313.907424,54.7323264
2472,5462,330.21897888,61.46194464
2472,5463,346.2468564,54.87607008
2472,5464,361.47722472,54.56883168
2472,5465,376.37929296,53.23563648
2472,5466,391.61011848,55.34460864
2472,5467,405.93666336,46.80118656
2472,5468,417.84638808,39.72482784
2472,5469,427.63568016,29.00769408
2472,5470,434.063394,19.48549824
2472,5471,438.97808064,16.30777536
2472,5472,443.5089936,16.85092896
2472,5473,448.65115248,20.15593632
2472,5474,454.53260376,22.63578912
2472,5475,461.40782496,26.70121152
2472,5476,469.67829864,33.9937344
2472,5477,479.74995744,37.09135584
2472,5478,490.18003056,36.72925344
2472,5479,498.12067,35.9103168
2477,5441,26.3472506666667,50.5102368
2477,5442,39.70266888,51.20786304
2477,5443,54.8757348,58.47185664
2477,5444,69.5253372,44.95446432
2477,5445,81.39702288,42.66663552
2477,5446,93.04007808,40.49621568
2477,5447,104.30679672,39.91136544
2477,5448,115.11284064,38.70874656
2477,5449,125.77767072,38.19521952
2477,5450,136.4449392,38.46953952
2477,5451,147.2769216,40.58728992
2477,5452,159.08081976,43.6059072
2477,5453,171.58877544,47.4628464
2477,5454,185.21086656,49.38198912
2477,5455,198.92640936,49.36772448
2477,5456,213.05965008,52.9218144
2477,5457,227.38616448,49.52902464
2477,5458,241.09811064,49.3666272
2477,5459,254.85218016,50.227992
2477,5460,269.16162576,53.07872544
2477,5461,284.43896376,57.33068544
2477,5462,300.9375744,60.22311552
2477,5463,317.78228544,62.6766336
2477,5464,335.97195696,64.47727008
2477,5465,352.84245408,59.11596
2477,5466,369.14081112,57.46126176
2477,5467,385.10660088,59.25641184
2477,5468,400.90011768,51.74443296
2477,5469,413.85832392,40.77163296
2477,5470,423.37698408,28.02782304
2477,5471,429.64513512,18.3629808
2477,5472,434.30781312,16.04552544
2477,5473,438.58440096,14.94824544
2477,5474,442.9720884,16.63915392
2477,5475,447.6640272,19.34065728
2477,5476,454.16306424,27.17852832
2477,5477,463.54145544,37.19011104
2477,5478,472.54171176,33.50434752
2477,5479,482.31548952,33.6700368
2477,5480,493.21586904,42.7610016
2477,5481,500.0932848,40.818816
2487,5442,22.6299630857143,48.3963181714286
2487,5443,34.09468416,49.65301728
2487,5444,48.44472912,53.88083712
2487,5445,63.65760192,52.916328
2487,5446,76.88406264,44.23245408
2487,5447,89.0584452,42.51740544
2487,5448,100.62017976,40.99547808
2487,5449,111.75449328,39.51085824
2487,5450,122.48567832,38.4267456
2487,5451,133.240272,38.4816096
2487,5452,144.00657,39.76762176
2487,5453,155.58528192,43.34256
2487,5454,167.85336,45.3889872
2487,5455,181.0952436,49.24812096
2487,5456,194.81267616,49.50488448
2487,5457,208.98325488,53.25319296
2487,5458,223.56385056,50.18300352
2487,5459,237.29542584,49.36882176
2487,5460,251.01197448,49.49939808
2487,5461,264.83498976,49.75286976
2487,5462,278.91979776,52.89547968
2487,5463,294.00883032,54.73891008
2487,5464,309.23831472,54.84644352
2487,5465,325.33154136,63.43485408
2487,5466,342.9675132,60.74103168
2487,5467,359.70709872,59.45721408
2487,5468,375.5050656,55.19428128
2487,5469,390.93971088,53.8435296
2487,5470,404.06592288,40.818816
2487,5471,413.90541552,29.72092608
2487,5472,421.01289432,22.43608416
2487,5473,426.31967568,16.651224
2487,5474,430.9050564,16.86958272
2487,5475,435.71821416,17.83299456
2487,5476,441.10448736,20.97889632
2487,5477,447.32079192,24.50994336
2487,5478,454.79613384,28.5183072
2487,5479,463.4688216,33.22344384
2487,5480,472.6029156,34.5972384
2487,5481,482.91725616,38.17546848
2487,5482,493.57090008,40.02657984
2487,5483,499.8768768,43.177968
2508,4628,10.3782368,42.3111168
2508,4629,18.01691088,42.29246304
2508,4630,30.15322392,50.25322944
2508,4631,46.07274504,56.49675264
2508,4632,61.1210868,55.73853216
2508,4633,77.00080104,57.39542496
2508,4642,200.7543864,52.6913856
2508,4643,211.56094848,56.37166272
2508,4644,226.9863888,54.52055136
2508,4645,242.01290688,53.57689056
2508,4646,256.79893776,53.08750368
2508,4647,271.50998784,52.75612512
2508,4648,286.13804088,52.65627264
2508,4649,299.58005616,42.54483744
2508,4650,312.38412504,51.34831488
2508,4651,327.05058288,54.18478368
2508,4652,341.32378776,48.69838368
2508,4653,349.4734692,49.1087664
2508,4657,420.3643104,55.9539648
2508,4658,430.42557552,55.13832
2508,4659,445.41563952,53.1961344
2508,4660,459.959202,50.53084128
2508,4661,474.71621592,59.02049664
2508,4662,491.55894576,57.0475872
2508,4663,500.4826668,50.1895872
3007,4689,18.1106064,46.4024036571429
3007,4690,29.06018064,46.35020448
3007,4691,42.29871144,49.67606016
3007,4692,56.3287164,51.5392416
3007,4693,71.04546624,53.53409664
3007,4694,85.9121472,52.98106752
3007,4695,100.276914,51.96498624
3007,4696,115.7427708,58.5728064
3007,4697,132.04859544,58.69240992
3007,4698,148.36130856,58.9349088
3007,4699,165.12299208,61.61336928
3007,4700,182.26555368,61.84379808
3007,4701,200.01628272,66.27790656
3007,4702,218.55022584,66.70804032
3007,4703,234.268452685714,65.9857165714286
3007,4718,479.4754698,35.7768144
3007,4719,486.5478204,35.5354128
3007,4720,495.91362336,32.013144
3007,4721,504.82847472,33.25416768
