VehID,Time,Position,Speed
3,4490,20.5187296,9.6389952
3,4491,23.0578152,10.30016736
3,4492,25.86584616,8.49953088
3,4493,27.65307144,5.13088128
3,4494,29.24110992,7.16084928
3,4495,31.37851992,6.91396128
3,4496,33.01185168,5.44689792
3,4497,34.53030432,5.4864
3,4498,36.05430432,5.71792608
3,4499,38.16092952,9.45196992
3,4500,40.85328888,9.6889824
3,4501,43.54531296,9.7438464
3,4502,46.42597776,11.04631776
3,4503,49.52442216,11.1593376
3,4504,52.6228056,11.19554784
3,4505,55.88251968,12.33123264
3,4506,59.33639136,12.4321824
3,4507,62.78901336,12.07776096
3,4508,66.07234944,12.89084544
3,4509,69.97848336,14.20538688
3,4510,74.66103432,21.08313792
3,4511,81.03726744,22.98472416
3,4512,87.06965568,21.02169024
3,4513,92.75914392,19.81029312
3,4514,98.56503528,21.9071952
3,4515,104.6486604,21.5780112
3,4516,110.18139,18.26751744
3,4517,114.74845224,13.92558048
3,4518,118.34475696,12.80745216
3,4519,121.73151168,11.37659904
3,4520,124.7907588,10.95853536
3,4521,128.3704824,15.94786752
3,4522,130.9637208,14.9339808
4,4481,20.53074888,1.63275264
4,4482,21.11764128,2.19017088
4,4483,21.96400992,4.30024032
4,4484,23.41226712,5.53687488
4,4485,25.49030208,10.14215904
4,4486,28.63815456,11.20432608
4,4487,31.74208536,12.69114048
4,4488,35.62328664,14.2591536
4,4489,39.3224004,10.86746112
4,4490,41.74796832,8.09353728
4,4491,43.99629504,8.10231552
4,4492,46.2485232,8.09353728
4,4493,48.639222,9.97866432
4,4494,51.74446344,11.52144
4,4495,54.94483296,11.52253728
4,4496,58.05126312,10.40001984
4,4497,60.78903768,9.75372192
4,4498,63.49895352,9.75811104
4,4499,66.20792448,9.75701376
4,4500,68.89153608,9.47281824
4,4501,71.43957264,8.90552448
4,4502,73.88955504,8.2899504
4,4503,76.09258848,8.69155488
4,4504,78.6595836,9.4695264
4,4505,81.8778144,14.55432192
4,4506,86.40634992,17.72546112
4,4507,91.80737544,21.06448416
4,4508,97.9994484,23.0757984
4,4509,104.5459428,23.49166752
4,4510,111.08615832,24.38265888
4,4511,117.77444568,22.73673888
4,4512,123.70618896,19.88929728
4,4513,128.5529052,14.92081344
4,4514,132.16198104,11.76393888
4,4515,135.31919088,10.9728
4,4516,138.3671604,10.9728
4,4517,141.41512992,10.9728
4,4518,144.46014288,10.92013056
4,4519,147.49960848,11.23504992
4,4520,151.11956568,15.36850368
4,4521,155.649168,16.4592
4,4522,160.2213204,16.45481088
4,4523,164.77463616,16.38019584
4,4524,169.00452864,12.93254208
4,4525,172.282866,11.52034272
4,4526,175.48314408,11.6750592
4,4527,179.25504408,16.00602336
4,4528,183.82280736,16.45810272
4,4529,188.63078352,18.99830592
4,4530,194.42234928,21.9071952
4,4531,200.61012456,23.810976
4,4532,207.95674944,28.40638464
4,4533,216.07396968,29.17448064
4,4534,223.87114992,27.24985152
4,4535,230.91961944,22.8179376
4,4536,237.03601056,21.92804352
4,4537,242.78350224,18.29604672
4,4538,247.447308,16.4592
4,4539,252.0205272,16.36483392
4,4540,256.18549728,13.44936096
4,4541,259.87473552,13.386816
4,4542,263.59399656,13.24197504
4,4543,266.97166824,11.09788992
4,4544,269.98769472,10.6875072
4,4545,272.988024,10.9728
4,4546,276.036024,10.9728
4,4547,279.08536512,10.92122784
4,4548,281.73645456,7.8016608
4,4549,283.7767248,7.3188576
4,4550,285.80919216,7.30898208
4,4551,287.693862,6.07783392
4,4552,289.32405432,5.8485024
4,4553,290.94976608,5.84740512
4,4554,292.53853608,5.54455584
4,4555,294.0637248,5.4864
4,4556,295.58769432,5.4864
4,4557,297.11260872,5.4699408
4,4558,298.36055136,3.1711392
4,4559,299.1310248,2.7432
4,4560,299.89314672,2.7267408
4,4561,300.83308896,4.6579536
4,4562,302.32566408,5.47871904
4,4563,304.17305688,9.06243552
4,4564,307.10178864,10.84441824
4,4565,310.12717248,10.8246672
4,4566,313.1463384,10.9728
4,4567,316.1943384,10.9728
4,4568,319.2423384,10.9728
4,4569,322.3354488,11.91755808
4,4570,325.98003384,13.69844352
4,4571,329.78412072,13.6940544
4,4572,333.61128096,14.38204896
4,4573,337.96778736,16.46358912
4,4574,342.5208288,16.32094272
4,4575,347.43676512,19.6906896
4,4576,353.08080768,20.3435712
4,4577,358.87237344,21.4682832
4,4578,364.91945304,21.9456
4,4579,370.98317472,21.12922368
4,4580,376.44180744,18.13913568
4,4581,381.5276088,20.36332224
4,4582,387.6493644,21.78429984
4,4583,393.38420688,20.16690912
4,4584,398.98600416,20.1680064
4,4585,404.5878624,20.16032544
4,4586,410.41740624,22.55568768
4,4587,417.27251064,26.28424512
4,4588,424.46515056,25.27913664
4,4589,431.56461312,26.43676704
4,4590,438.90761088,25.78608
4,4591,445.97887944,24.90167232
4,4592,452.61532032,23.28098976
4,4593,459.32128608,24.46714944
4,4594,465.73049856,22.39438752
4,4595,472.28723424,24.47702496
4,4596,479.07619704,24.42874464
4,4597,485.8623252,24.42655008
4,4598,492.64772184,24.3541296
4,4599,498.034839771429,19.6648251428571
9,4486,17.9749704,7.8674976
9,4487,19.726656,7.93991808
9,4488,21.92889696,7.86969216
9,4489,24.20444232,9.07340832
9,4490,26.93764488,10.0620576
9,4491,29.73162456,10.05876576
9,4492,32.50865736,9.8261424
9,4493,35.20385136,9.68788512
9,4494,37.89630216,9.6889824
9,4495,40.6650444,10.70067456
9,4496,43.81533528,11.54009376
9,4497,46.73260656,7.99697664
9,4498,48.40327632,5.4809136
9,4499,50.01694848,6.11075232
9,4500,52.25451576,10.87075296
9,4501,55.53391992,11.905488
9,4502,58.84045128,11.905488
9,4503,62.14731792,11.90987712
9,4504,65.45482464,11.90658528
9,4505,68.68869168,11.2032288
9,4506,71.7444336,10.9728
9,4507,74.7907572,11.01888576
9,4508,78.24697584,14.65197984
9,4509,82.68513816,16.45700544
9,4510,87.33272856,17.00893728
9,4511,92.20282296,18.77116896
9,4512,97.95519144,21.9401136
9,4513,104.04341904,21.89402784
9,4514,110.13350592,21.9456
9,4515,116.25212208,22.1431104
9,4516,122.2708248,21.08313792
9,4517,127.6362192,16.89920928
9,4518,132.23242032,16.62818112
9,4519,136.14312624,11.72114496
9,4520,139.372086,11.92633632
9,4521,142.72409352,11.71126944
9,4522,146.3773044,15.5319984
9,4523,150.92348784,16.49979936
9,4524,155.61996816,16.96833792
9,4525,160.22128992,16.45481088
9,4526,164.77481904,16.3823904
9,4527,169.342308,16.4592
9,4528,173.914308,16.4592
9,4529,178.48819776,16.47236736
9,4530,183.06202656,16.4592
9,4531,187.64121984,16.75656288
9,4532,192.7131528,20.30406912
9,4533,198.6913476,21.93682176
9,4534,204.786738,22.50192096
9,4535,211.55463912,25.72243776
9,4536,218.6502612,24.96531456
9,4537,225.1574364,22.08495456
9,4538,231.2499312,21.9456
9,4539,237.34526064,21.8962224
9,4540,243.41309712,21.59008128
9,4541,248.81278152,17.03966112
9,4542,253.35033912,15.47932896
9,4543,257.27028048,13.4636256
9,4544,261.04632576,13.6501632
9,4545,264.74827416,12.33562176
9,4546,267.89265192,10.9728
9,4547,270.88606224,10.69189632
9,4548,273.91071456,10.9728
9,4549,276.93844536,10.1004624
9,4550,279.04696032,6.0460128
9,4551,280.69376424,5.52699936
9,4552,282.2164536,5.4864
9,4553,283.7404536,5.4864
9,4554,285.26448408,5.4864
9,4555,286.7884536,5.4864
9,4556,288.3124536,5.4864
9,4557,289.8364536,5.4864
9,4558,291.35780184,5.1791616
9,4559,292.2052068,0.98864928
9,4560,292.56919896,1.22785632
9,4561,292.99168224,2.6718768
9,4562,293.9837148,4.66453728
9,4563,295.47537552,5.48749728
9,4564,296.97459528,5.35582368
9,4565,298.48786632,5.48420544
9,4566,300.24366672,8.50611456
9,4567,303.13094568,10.75992768
9,4568,306.26691096,12.37951296
9,4569,309.80871744,12.65383296
9,4570,313.3287612,12.78660384
9,4571,316.8534684,12.15676512
9,4572,320.00711208,10.96511904
9,4573,323.30779128,13.78951776
9,4574,327.48492288,15.2960832
9,4575,331.73511504,15.29827776
9,4576,336.03364848,15.93689472
9,4577,340.55587464,16.59197088
9,4578,345.51308088,17.96466816
9,4579,350.5599288,19.81468224
9,4580,356.2310376,20.35564128
9,4581,361.71374952,18.97965216
9,4582,366.88519968,18.41674752
9,4583,371.99675664,18.6482736
9,4584,377.3542872,19.7729856
9,4585,382.85428128,19.7949312
9,4586,388.3702164,19.8827136
9,4587,393.87630648,19.7949312
9,4588,399.37523376,19.7949312
9,4589,404.87486208,19.7620128
9,4590,410.45029416,21.040344
9,4591,416.51663712,21.99607488
9,4592,422.88842016,24.68550816
9,4593,429.99757536,26.06698368
9,4594,437.19646368,24.55932096
9,4595,443.80916064,23.71660992
9,4596,450.39911952,23.27550336
9,4597,456.69579984,22.54142304
9,4598,463.34342688,29.3741856
9,4599,475.13833344,44.15783904
9,4600,481.95503304,14.39192448
9,4601,487.16171808,21.52973088
9,4602,493.3122468,21.177504
9,4603,498.1475559,18.4055004
21,4538,221.5283352,14.1329664
21,4539,224.06704488,14.0835888
21,4540,228.02216016,14.64649344
21,4541,232.353612,15.49908
21,4542,235.96796088,11.10118176
21,4543,238.95521424,9.98963712
21,4544,241.7176776,10.21238496
21,4545,244.41168288,9.87222816
21,4546,247.40649528,11.57740128
21,4547,250.77121296,12.31257888
21,4548,254.19225768,12.29831424
21,4549,257.55603048,11.23504992
21,4550,259.4271672,4.77645984
21,4551,261.7221588,9.71531712
21,4552,264.37730208,8.77165632
21,4553,266.6335536,9.13266144
21,4554,269.29906008,7.8784704
21,4555,271.19628768,8.24386464
21,4556,273.68382144,7.4505312
21,4557,275.34620064,5.48420544
21,4558,276.8702616,5.4864
21,4559,278.3942616,5.4864
21,4560,279.9182616,5.4864
21,4561,281.4422616,5.4864
21,4562,282.9662616,5.4864
21,4563,284.4902616,5.4864
21,4564,286.0142616,5.4864
21,4565,287.5382616,5.4864
21,4566,289.06329792,5.42824416
21,4567,290.9248944,9.47611008
21,4568,294.05348352,11.6201952
21,4569,297.28034016,11.6201952
21,4570,300.50707488,11.6201952
21,4571,303.73390104,11.6201952
21,4572,306.96069672,11.6201952
21,4573,310.1737764,11.45450592
21,4574,313.36850712,11.61690336
21,4575,316.59478464,11.6147088
21,4576,319.82112312,11.61580608
21,4577,323.04307248,11.16043488
21,4578,325.15116072,7.72924032
21,4579,329.40110904,19.17716256
21,4580,334.89040464,20.98218816
21,4581,340.93147968,21.8029536
21,4582,346.89184368,20.5959456
21,4583,352.37876184,19.50854112
21,4584,357.88146864,20.5904592
21,4585,363.83948568,21.75577056
21,4586,369.43567464,18.24008544
21,4587,374.27400888,16.72693632
21,4588,378.85570152,16.94090592
21,4589,384.30269088,22.10580288
21,4590,390.51911736,22.3351344
21,4591,396.3107136,18.37285632
21,4592,401.30160024,19.52829216
21,4593,407.13086976,21.39476544
21,4594,413.12716968,22.40974944
21,4595,419.64486048,23.97117888
21,4596,426.29965032,23.9536224
21,4597,432.85940352,22.1595696
21,4598,438.44949648,19.13546592
21,4599,443.80888632,19.93099392
21,4600,449.47749576,19.98585792
21,4601,455.15607216,21.50778528
21,4602,461.1627048,21.616416
21,4603,467.16875832,21.45072672
21,4604,471.13502928,9.30383712
21,4605,476.58540192,27.71070912
21,4606,484.29294048,27.6020784
21,4607,491.54687568,23.810976
21,4608,497.287465333333,21.616416
29,4581,371.6968944,18.5687208
29,4582,375.35111112,19.20020544
29,4583,380.76466392,18.24008544
29,4584,386.00569992,21.14239104
29,4585,391.97682336,21.4408512
29,4586,397.94011344,21.61531872
29,4587,404.05604736,23.31610272
29,4588,411.24539544,27.46272384
29,4589,418.88014776,27.459432
29,4590,426.45518976,26.88336
29,4591,433.96756488,27.42980544
29,4592,441.52815936,26.56624608
29,4593,448.8510708,26.56075968
29,4594,455.80270536,22.85743968
29,4595,462.04406448,22.45473792
29,4596,468.25573608,23.07250656
29,4597,474.8407572,23.82962976
29,4598,481.50999456,24.70306464
29,4599,488.24320944,23.372064
29,4600,494.7045732,23.22283392
29,4601,499.246779,23.1196896
41,4497,19.54206912,13.6501632
41,4498,22.30032624,13.48118208
41,4499,25.83871896,10.75992768
41,4500,28.55546232,10.1169216
41,4501,31.40406216,10.9618272
41,4502,34.87302144,13.42083168
41,4503,38.53793664,11.57191488
41,4504,41.23236864,10.99145376
41,4505,44.91432216,13.73355648
41,4506,48.72712632,13.71819456
41,4507,52.3896336,12.6242064
41,4508,55.91050032,12.75588
41,4509,59.45376984,12.75588
41,4510,62.99737464,12.77014464
41,4511,66.83221584,15.73060608
41,4512,71.58356016,17.57074464
41,4513,76.47243024,17.71887744
41,4514,81.38848848,17.57623104
41,4515,86.2684584,17.5674528
41,4516,91.16372928,18.1215792
41,4517,96.5810616,20.78467776
41,4518,102.83147328,23.97666528
41,4519,109.281468,18.40028832
41,4520,112.0068372,8.00904672
41,4521,115.48652544,13.7598912
41,4522,119.12839776,12.51338112
41,4523,122.45382672,10.96950816
41,4524,125.36609928,10.47024576
41,4525,129.48120408,22.27149216
41,4526,136.22115504,22.55788224
41,4527,142.329408,21.91707072
41,4528,148.41056424,21.91707072
41,4529,154.50625944,21.9456
41,4530,160.60222896,21.90280608
41,4531,166.24380264,17.78581152
41,4532,170.8650888,16.4592
41,4533,175.43705832,16.46029728
41,4534,180.01235016,16.46797824
41,4535,185.07358464,22.47668352
41,4536,191.95167096,23.91850944
41,4537,198.23436096,21.93023808
41,4538,204.28845096,21.41122464
41,4539,210.01805088,19.28030688
41,4540,215.0208552,17.60146848
41,4541,220.32343032,20.67494976
41,4542,225.51569832,15.71195232
41,4543,229.11675792,11.0221776
41,4544,232.163112,10.9728
41,4545,235.211112,10.9728
41,4546,238.2592644,10.9673136
41,4547,241.28525784,10.8795312
41,4548,244.3279848,10.9728
41,4549,247.3759848,10.9728
41,4550,250.42377144,10.98706464
41,4551,253.3363488,9.47062368
41,4552,255.79142136,8.6026752
41,4553,258.18870384,8.76946176
41,4554,260.57836632,8.2515456
41,4555,262.82943624,8.16266592
41,4556,265.1049816,8.19448704
41,4557,267.38040504,8.19338976
41,4558,269.64159432,7.92894528
41,4559,271.64464848,5.98127328
41,4560,272.7262008,2.48424192
41,4561,273.15097008,0.29846016
41,4562,273.3655188,2.523744
41,4563,274.5947772,5.35801824
41,4564,276.11365656,5.11990848
41,4565,277.32477936,4.2190416
41,4566,278.83244208,6.53320512
41,4567,280.69836672,6.71974272
41,4568,282.56526672,6.72084
41,4569,284.43262392,6.71315904
41,4570,286.2321936,6.66926784
41,4571,288.35719824,8.32067424
41,4572,290.82930912,10.03133376
41,4573,293.89687728,12.07008
41,4574,297.4366416,12.06898272
41,4575,300.54358992,10.9728
41,4576,303.59165088,10.9728
41,4577,306.63965088,10.9728
41,4578,309.68384088,10.85319648
41,4579,312.89317152,13.28147712
41,4580,316.95914256,15.52760928
41,4581,321.95386968,21.6603072
41,4582,328.6951008,25.18696512
41,4583,335.38869168,21.34648512
41,4584,340.43938008,17.32495392
41,4585,345.6585924,19.63143648
41,4586,351.11993784,19.6632576
41,4587,356.5811004,19.6577712
41,4588,362.20185624,21.29491296
41,4589,368.26048776,21.49900704
41,4590,373.90922424,19.37686752
41,4591,379.25038704,19.62265824
41,4592,385.2521124,23.34134016
41,4593,391.73813448,22.78721376
41,4594,397.76607264,21.03814944
41,4595,403.64990136,21.99168576
41,4596,409.74620616,21.52973088
41,4597,415.88256168,22.3515936
41,4598,422.08298616,22.29343776
41,4599,428.43757848,22.36037184
41,4600,433.86887064,18.15559488
41,4601,439.44107184,21.93901632
41,4602,445.62241584,22.274784
41,4603,451.76029536,21.20383872
41,4604,457.55679888,21.6877392
41,4605,463.7137284,22.19139072
41,4606,469.89260352,22.28136768
41,4607,476.06766864,22.19358528
41,4608,482.23182192,22.192488
41,4609,488.61537024,23.6573568
41,4610,494.91439752,21.91707072
41,4611,499.1362128,21.287232
51,4501,20.6032608,9.4036896
51,4502,22.9886256,12.51667296
51,4503,27.08138856,16.89591744
51,4504,31.87939776,17.1395136
51,4505,36.22505328,14.758416
51,4506,40.62270768,16.1464752
51,4507,44.68937976,12.536424
51,4508,47.86420704,11.17250496
51,4509,51.1524504,12.67138944
51,4510,54.70827768,12.8052576
51,4511,58.26410496,12.80854944
51,4512,61.88488512,13.34621664
51,4513,65.6182584,13.39449696
51,4514,69.89249928,19.33078176
51,4515,75.936348,22.37573376
51,4516,82.07389224,21.56923296
51,4517,88.0210584,21.37281984
51,4518,93.55397088,17.9844192
51,4519,98.42010288,17.53233984
51,4520,102.90416808,14.26025088
51,4521,106.71694176,13.716
51,4522,110.52700272,13.71490272
51,4523,114.31825752,13.5733536
51,4524,118.12563624,13.7324592
51,4525,121.894092,13.65784416
51,4526,126.45021192,19.39222944
51,4527,132.27731736,21.76784064
51,4528,137.99067144,20.02865184
51,4529,143.6936928,20.4752448
51,4530,149.32392792,20.37319776
51,4531,154.983942,20.3764896
51,4532,160.64334648,20.33369568
51,4533,166.28071392,20.33369568
51,4534,171.9404232,20.3764896
51,4535,177.60168696,20.38965696
51,4536,183.2643528,20.3764896
51,4537,188.93015808,20.40611616
51,4538,194.59261056,20.3764896
51,4539,200.25015576,20.32930656
51,4540,205.89944088,20.37429504
51,4541,211.49876928,18.22362624
51,4542,213.92195976,0.4169664
51,4543,215.46802728,12.95119584
51,4544,219.6695124,15.416784
51,4545,223.78348944,13.12017696
51,4546,226.98023184,10.9728
51,4547,230.0282928,10.9728
51,4548,233.0762928,10.9728
51,4549,236.1242928,10.9728
51,4550,239.169702,10.89708768
51,4551,242.1927084,10.94975712
51,4552,245.2408608,10.9728
51,4553,248.2888608,10.9728
51,4554,251.33780568,10.95195168
51,4555,254.04464304,8.11219104
51,4556,256.1414232,7.39895904
51,4557,258.21723312,7.5822048
51,4558,260.32391928,7.5822048
51,4559,262.43063592,7.58439936
51,4560,264.53296344,7.31995488
51,4561,266.28980016,5.52370752
51,4562,267.47964792,1.94986656
51,4563,267.59781888,0.25017984
51,4564,268.28203392,4.8938688
51,4565,269.78631336,5.27023584
51,4566,271.23920352,5.4205632
51,4567,272.76366072,5.4864
51,4568,274.2876912,5.4864
51,4569,275.8116912,5.4864
51,4570,277.3356912,5.4864
51,4571,278.87989944,6.35983488
51,4572,281.37255384,10.92451968
51,4573,284.4222912,10.9728
51,4574,287.45620944,10.84002912
51,4575,290.48290392,10.97718912
51,4576,293.5309344,10.9728
51,4577,296.5789344,10.9728
51,4578,299.6269344,10.9728
51,4579,302.67505632,10.97060544
51,4580,305.9550396,13.98702816
51,4581,310.67340456,19.87942176
51,4582,316.68707808,22.7246688
51,4583,323.273928,25.1661168
51,4584,330.69236376,27.04466016
51,4585,337.56987096,21.52424448
51,4586,342.682068,16.36702848
51,4587,347.29238136,17.24704704
51,4588,352.22239944,17.89224768
51,4589,357.1952724,17.89005312
51,4590,361.9557912,16.40872512
51,4591,366.52099416,16.4592
51,4592,371.14255464,17.82860544
51,4593,376.83649296,22.45364064
51,4594,383.19629736,23.34572928
51,4595,389.79433344,23.8000032
51,4596,396.38831568,23.73197184
51,4597,402.97995096,23.73306912
51,4598,409.5708852,23.5860336
51,4599,415.83903624,21.50449344
51,4600,421.5891492,18.93246912
51,4601,426.3845676,17.0188128
51,4602,431.74377456,21.98619936
51,4603,438.06032784,22.76856
51,4604,444.386208,22.81025664
51,4605,450.7220856,22.8124512
51,4606,457.05805464,22.81135392
51,4607,463.39393224,22.8124512
51,4608,469.7445012,22.89803904
51,4609,476.09129064,22.81464576
51,4610,482.42759496,22.8124512
51,4611,488.75993688,22.59409248
51,4612,494.84810352,21.48035328
51,4613,499.057803,21.9236544
65,4504,17.229963,12.07008
65,4505,20.2582272,12.152376
65,4506,24.08365008,16.4592
65,4507,29.00772456,17.91967968
65,4508,33.98050608,17.8966368
65,4509,38.87864208,16.75766016
65,4510,43.246548,14.8297392
65,4511,46.80414312,11.11105728
65,4512,49.75893528,10.42196544
65,4513,53.25233952,15.7679136
65,4514,58.01611968,17.3699424
65,4515,62.84210952,17.37433152
65,4516,67.64737296,16.77960576
65,4517,72.13055424,16.1793936
65,4518,76.89869304,18.59450688
65,4519,82.39478568,21.2159088
65,4520,88.32299328,19.06414272
65,4521,93.03117792,16.28802432
65,4522,97.57464864,16.46139456
65,4523,102.06733968,15.85789056
65,4524,106.47599736,15.8721552
65,4525,110.58988296,13.7873232
65,4526,114.70486584,15.97749408
65,4527,119.2558956,16.69950432
65,4528,123.98169768,17.4138336
65,4529,128.9648424,19.28359872
65,4530,134.51979192,19.07731008
65,4531,139.77103872,19.68959232
65,4532,145.10272224,18.16108128
65,4533,150.07748496,17.9185824
65,4534,155.05666728,17.90431776
65,4535,159.77740968,15.76132992
65,4536,164.03942808,15.25328928
65,4537,168.30394584,15.86227968
65,4538,172.84805664,16.4592
65,4539,177.42109296,16.47236736
65,4540,182.12092608,18.37724544
65,4541,187.6812096,20.87246016
65,4542,193.5713172,20.85270912
65,4543,199.22660688,20.135088
65,4544,204.38848632,16.85312352
65,4545,208.71685968,13.70173536
65,4546,212.18435592,12.2236992
65,4547,215.58074232,12.22479648
65,4548,218.91522384,11.4775488
65,4549,221.98800408,10.86526656
65,4550,224.99936712,10.9892592
65,4551,228.60295656,15.5868624
65,4552,233.14981056,15.99175872
65,4553,236.889798,11.16592128
65,4554,239.92752624,10.8740448
65,4555,242.9569944,10.9728
65,4556,246.00731088,10.7752896
65,4557,248.51127336,7.29471744
65,4558,250.49085792,7.13232
65,4559,252.47288088,7.31007936
65,4560,254.78783688,9.21386016
65,4561,257.32188312,8.59060512
65,4562,259.09908048,4.50543168
65,4563,260.21928144,3.64077504
65,4564,261.22204296,3.6100512
65,4565,262.22520072,3.6100512
65,4566,263.22835848,3.6100512
65,4567,264.23163816,3.6100512
65,4568,265.24159296,3.96995904
65,4569,266.59822728,5.48969184
65,4570,268.12247112,5.4864
65,4571,269.6998416,5.8210704
65,4572,271.24173336,5.4479952
65,4573,273.21055848,9.56718432
65,4574,276.1963488,10.9728
65,4575,279.25702848,11.5543584
65,4576,283.12073424,15.56820864
65,4577,286.86172752,11.2800384
65,4578,289.9123488,10.9728
65,4579,292.96071456,10.9673136
65,4580,295.97978904,10.84990464
65,4581,299.02087008,10.9728
65,4582,302.16366288,12.88535904
65,4583,306.4326612,17.33921856
65,4584,311.94307944,21.73492224
65,4585,318.10046616,22.67748576
65,4586,324.576948,24.19282944
65,4587,331.4853924,24.6778272
65,4588,337.90731504,21.96535104
65,4589,343.97295696,21.62629152
65,4590,349.73267112,19.87942176
65,4591,355.2256548,19.66764672
65,4592,360.4144176,17.16584832
65,4593,365.00116992,16.4592
65,4594,369.59353056,17.3315376
65,4595,375.13430688,21.89731968
65,4596,381.34286952,23.74184736
65,4597,388.40014776,26.03516256
65,4598,395.54658,24.54725088
65,4599,401.98359024,22.4887536
65,4600,408.1247616,21.9456
65,4601,414.22088352,21.58569216
65,4602,419.91101184,19.66435488
65,4603,425.37360696,19.73896992
65,4604,430.85558736,19.7345808
65,4605,436.33744584,19.72141344
65,4606,441.80720376,19.696176
65,4607,447.28772112,19.73238624
65,4608,452.77031112,19.95623136
65,4609,458.67303744,22.41962496
65,4610,464.92536936,22.50960192
65,4611,470.2094736,11.75296608
65,4612,475.3342284,29.89868544
65,4613,483.48698832,26.3237472
65,4614,490.5201264,26.3511792
65,4615,497.2416776,23.4318048
76,4507,20.1220324,11.1703104
76,4508,22.776942,13.43948544
76,4509,27.07215312,16.46797824
76,4510,31.5646308,16.3988496
76,4511,36.10227984,15.94128384
76,4512,40.57656096,15.08540544
76,4513,44.05725504,10.9892592
76,4514,47.11250928,11.24821728
76,4515,50.24009256,11.36013984
76,4516,53.91137808,15.95884032
76,4517,58.97904384,19.3011552
76,4518,64.35528912,20.02426272
76,4519,70.52925696,23.86364544
76,4520,77.17389696,23.43680352
76,4521,83.13666888,19.95513408
76,4522,88.67177592,19.9266048
76,4523,94.15750536,18.87979968
76,4524,98.8356672,15.55174944
76,4525,103.05678144,14.2042896
76,4526,107.04170616,15.59564064
76,4527,111.39778584,14.85278208
76,4528,115.56726696,16.102584
76,4529,120.38374704,18.11389824
76,4530,125.58345216,19.504152
76,4531,131.3194224,21.68444736
76,4532,136.99528608,19.42624512
76,4533,142.44956016,18.324576
76,4534,147.11300016,16.1080704
76,4535,151.26550392,14.12748
76,4536,155.23643832,14.57626752
76,4537,159.47337168,16.04881728
76,4538,164.01720816,16.37580672
76,4539,168.5800032,16.4592
76,4540,173.1520032,16.4592
76,4541,177.7238508,16.5085776
76,4542,182.57891856,18.48258432
76,4543,187.86201696,18.94892832
76,4544,192.96482616,18.29056032
76,4545,198.13837944,18.65705184
76,4546,202.79496144,14.99103936
76,4547,206.90613432,14.81328
76,4548,211.02090384,14.50384704
76,4549,214.4194848,10.15861824
76,4550,217.21572,10.16300736
76,4551,220.1581068,10.95963264
76,4552,223.186752,10.8301536
76,4553,226.21494,10.9728
76,4554,229.26294,10.9728
76,4555,232.31094,10.9728
76,4556,235.35894,10.9728
76,4557,238.36189056,10.41757632
76,4558,241.27913136,10.88392032
76,4559,244.06238208,7.95198816
76,4560,245.7699936,5.47981632
76,4561,247.2939936,5.4864
76,4562,248.8179936,5.4864
76,4563,250.34171928,5.4864
76,4564,251.82204144,4.59540864
76,4565,253.1109492,5.46555168
76,4566,254.68514976,5.6619648
76,4567,256.02505056,2.57092704
76,4568,256.195068,0
76,4569,256.195068,0
76,4570,256.195068,0
76,4571,256.99909992,6.25230144
76,4572,259.40464248,10.59094656
76,4573,262.41320136,10.63593504
76,4574,264.67542696,5.41946592
76,4575,266.56902744,9.60449184
76,4576,269.552166,10.88721216
76,4577,273.14703816,14.86485216
76,4578,277.34584104,15.91494912
76,4579,281.90406408,16.46139456
76,4580,286.044894,12.34330272
76,4581,288.98578728,8.64437184
76,4582,291.04205952,7.735824
76,4583,293.67638496,10.97718912
76,4584,297.2814984,15.58576512
76,4585,301.8954084,17.86481568
76,4586,307.54615656,21.83696928
76,4587,313.60234968,21.86440128
76,4588,319.70347032,22.46571072
76,4589,326.7038424,27.69095808
76,4590,334.3491408,25.78608
76,4591,340.78313352,21.80405088
76,4592,346.82122152,21.60215136
76,4593,352.76524824,21.3366096
76,4594,358.72802016,21.39037632
76,4595,364.18195896,17.44346016
76,4596,368.8022088,16.4592
76,4597,373.37256288,16.5085776
76,4598,378.4687884,20.8154016
76,4599,384.91738104,25.12003104
76,4600,391.92933552,25.1661168
76,4601,398.88023856,24.01068096
76,4602,405.238458,22.823424
76,4603,411.37048536,20.46866112
76,4604,416.56948944,17.67279168
76,4605,421.29291408,16.5634416
76,4606,426.24378048,18.83810304
76,4607,431.47698312,18.8402976
76,4608,436.70344968,18.6427872
76,4609,441.77745528,18.06781248
76,4610,446.7706584,17.71668288
76,4611,452.1398628,21.88634688
76,4612,458.4696444,22.878288
76,4613,464.82432816,22.88267712
76,4614,471.20004312,22.96497312
76,4615,477.75309072,25.11564192
76,4616,484.86505008,24.99933024
76,4617,491.91675048,26.20524096
76,4618,497.897157257143,23.2482281142857
85,4511,21.59742696,18.08536896
85,4512,26.59474488,18.2916576
85,4513,31.67289576,18.25764192
85,4514,36.61580688,16.57551168
85,4515,40.91860752,15.17757696
85,4516,45.13792344,15.19623072
85,4517,49.30310688,14.47531776
85,4518,53.19936528,13.89924576
85,4519,57.0603888,13.89814848
85,4520,61.60696848,22.2692976
85,4521,69.2165748,29.0998656
85,4522,77.31889032,29.27981952
85,4523,84.94894872,23.32597824
85,4524,90.443304,17.29203552
85,4525,94.49452272,12.98521152
85,4526,98.15910264,13.469112
85,4527,101.88101544,13.2167376
85,4528,105.32940072,12.1962672
85,4529,109.11257832,14.53786272
85,4530,113.10094728,14.39960544
85,4531,117.5165544,17.88785856
85,4532,122.56306704,18.28836576
85,4533,127.65246504,18.23898816
85,4534,133.22509296,21.46169952
85,4535,138.92683416,19.60949088
85,4536,144.20404992,18.04696416
85,4537,148.94433,16.45810272
85,4538,153.51565944,16.4592
85,4539,158.0877204,16.4592
85,4540,162.65200896,16.36483392
85,4541,167.2058124,16.4592
85,4542,171.77766,16.4592
85,4543,176.3498124,16.46688096
85,4544,180.92583576,16.46797824
85,4545,185.52968736,17.42700096
85,4546,191.06857392,21.83916384
85,4547,197.04292824,20.44013184
85,4548,202.01759952,14.62015872
85,4549,205.27280256,9.0470736
85,4550,207.131412,5.54016672
85,4551,209.27144328,10.6600752
85,4552,212.49930576,11.72882592
85,4553,215.75661192,11.72224224
85,4554,218.93591976,11.12751648
85,4555,222.1068456,11.37111264
85,4556,225.14789616,10.9398816
85,4557,228.19614,10.9728
85,4558,231.24414,10.9728
85,4559,234.29378592,10.9234224
85,4560,236.78640984,6.3587376
85,4561,238.33074,5.4864
85,4562,239.85193584,5.40629856
85,4563,241.35109464,5.48859456
85,4564,242.61403344,3.0668976
85,4565,243.3140676,2.46888
85,4566,243.9997152,2.46888
85,4567,244.685058,2.4798528
85,4568,245.5502328,3.9721536
85,4569,246.72581592,4.25086272
85,4570,247.9069464,4.25305728
85,4571,249.0865224,4.28707296
85,4572,250.75219344,8.2954368
85,4573,253.25057808,9.05256
85,4574,255.7555464,8.8824816
85,4575,258.22881552,9.06133824
85,4576,261.00017904,11.18896416
85,4577,264.23343648,11.7573552
85,4578,267.49891128,11.7518688
85,4579,270.71461224,11.4610896
85,4580,274.27318272,14.08578336
85,4581,277.85055936,11.38098816
85,4582,280.91407368,10.79613792
85,4583,283.38441672,6.95236608
85,4584,285.78538728,10.67763168
85,4585,289.12569048,14.51481984
85,4586,293.6804388,17.96027904
85,4587,299.2116444,20.7166464
85,4588,305.10894528,21.94779456
85,4589,311.1791592,21.78429984
85,4590,317.30088432,22.6204272
85,4591,324.21947856,28.09695168
85,4592,332.37955368,28.39102272
85,4593,339.39336744,22.55129856
85,4594,345.45446784,21.2213952
85,4595,351.02743104,19.32968448
85,4596,356.39818992,19.31980896
85,4597,361.7113416,19.09376928
85,4598,367.06960368,19.40978592
85,4599,372.63808632,20.8976976
85,4600,378.63024096,22.23308736
85,4601,385.25906184,25.40093472
85,4602,392.34398544,25.31534688
85,4603,398.856708,20.81869344
85,4604,404.186898,18.49684896
85,4605,409.5105348,19.79163936
85,4606,415.01531424,19.84869792
85,4607,420.35467872,17.2108368
85,4608,424.28717784,14.00348736
85,4609,428.99606352,18.37175904
85,4610,434.08860096,17.97125184
85,4611,439.32436392,21.07765152
85,4612,445.51463856,22.47668352
85,4613,451.37560728,18.78433632
85,4614,457.4673096,26.71986528
85,4615,465.1036164,27.56696544
85,4616,472.77905952,27.61963488
85,4617,480.43377624,27.54501984
85,4618,488.08550592,27.54501984
85,4619,495.737388,27.53404704
85,4620,500.7036976,27.4758912
98,4513,20.125944,19.6632576
98,4514,23.33338488,18.71191584
98,4515,28.22725368,16.70279616
98,4516,32.48341992,14.58394848
98,4517,36.73498368,15.55723584
98,4518,40.64376936,12.24454752
98,4519,43.88854824,11.40183648
98,4520,46.97022864,11.38537728
98,4521,50.25155304,13.01483808
98,4522,54.92761176,21.63945888
98,4523,61.72712064,25.25280192
98,4524,68.6804316,23.98324896
98,4525,74.9306604,21.61312416
98,4526,80.93479368,21.85013664
98,4527,86.63656536,18.70423488
98,4528,91.52177784,16.4427408
98,4529,95.52956256,12.45851712
98,4530,98.71621608,11.01010752
98,4531,101.91420816,12.12274944
98,4532,105.71704536,15.34984992
98,4533,110.07093048,16.04881728
98,4534,114.74826936,18.20497248
98,4535,120.29565984,21.23127072
98,4536,126.30552336,21.2707728
98,4537,132.25735296,21.42000288
98,4538,137.76856368,18.78982272
98,4539,142.7117796,16.62818112
98,4540,147.26857008,16.41750336
98,4541,151.839168,16.4592
98,4542,156.411168,16.4592
98,4543,160.98258888,16.41860064
98,4544,165.53279568,16.41860064
98,4545,170.104308,16.4592
98,4546,174.676308,16.4592
98,4547,179.25080736,16.47236736
98,4548,183.8239656,16.4592
98,4549,188.4008424,16.48772928
98,4550,192.88131096,14.54664096
98,4551,196.2526428,10.96511904
98,4552,199.30067328,10.9728
98,4553,202.34050464,10.92451968
98,4554,205.3830792,10.9728
98,4555,208.43074392,10.96841088
98,4556,211.75867224,13.66991424
98,4557,215.77343688,14.55432192
98,4558,219.90932904,14.97019104
98,4559,223.743774,12.57812064
98,4560,226.98340176,11.01339936
98,4561,229.87433832,8.50611456
98,4562,231.63026064,5.48420544
98,4563,233.15435208,5.4864
98,4564,234.6691776,5.14734048
98,4565,235.88926152,3.319272
98,4566,236.5470504,2.0080224
98,4567,237.1059012,2.0080224
98,4568,237.60985752,1.11483648
98,4569,237.69828,0
98,4570,237.69828,0
98,4571,237.85918392,2.4743664
98,4572,239.18866056,5.67403488
98,4573,240.74503032,5.57637696
98,4574,242.45084352,7.8894432
98,4575,245.18983728,10.60850304
98,4576,248.1358512,10.6106976
98,4577,251.13304104,11.42926848
98,4578,254.51147472,12.3882912
98,4579,257.91907776,12.29721696
98,4580,261.35926392,12.31916256
98,4581,264.79079376,12.43657152
98,4582,268.24597608,12.36854016
98,4583,271.628616,12.21492096
98,4584,274.9864452,11.33929152
98,4585,278.0234724,10.9782864
98,4586,281.06976552,11.0221776
98,4587,284.6731416,15.58576512
98,4588,289.31957376,18.37175904
98,4589,295.03180008,21.39805728
98,4590,300.89273832,20.86039008
98,4591,306.79153272,21.79636992
98,4592,313.1786472,25.37569728
98,4593,320.72394072,28.31201856
98,4594,329.05433808,30.87855648
98,4595,337.21462656,27.71290368
98,4596,344.5698468,24.12808992
98,4597,350.6423772,20.98657728
98,4598,356.44930488,20.71116
98,4599,362.1965832,20.92951872
98,4600,368.05983792,21.1555584
98,4601,373.93522368,21.1555584
98,4602,379.8108228,21.1555584
98,4603,385.69120728,21.23675712
98,4604,391.55409624,20.3600304
98,4605,396.91903344,18.8622432
98,4606,402.1639404,18.8841888
98,4607,407.4087864,18.8896752
98,4608,412.29140808,15.41897856
98,4609,416.21070936,14.11870176
98,4610,420.24318288,14.94275904
98,4611,424.61258232,15.90946272
98,4612,429.43320768,21.19176864
98,4613,436.29562728,25.91885088
98,4614,443.48969976,25.91885088
98,4615,450.69596424,25.94189376
98,4616,457.90253352,25.94189376
98,4617,465.1089504,25.96274208
98,4618,472.3381968,26.0165088
98,4619,479.54799696,25.94079648
98,4620,486.75459672,25.94189376
98,4621,493.94674896,26.10538848
98,4622,499.1349174,27.4758912
102,4517,21.70060176,17.94711168
102,4518,26.59587264,16.59416544
102,4519,30.53885688,12.48594912
102,4520,33.90009984,12.59567712
102,4521,37.93909608,15.73060608
102,4522,42.30812976,15.7295088
102,4523,46.72102416,16.88055552
102,4524,52.00265952,20.30297184
102,4525,57.6419472,20.29968
102,4526,63.25191312,19.72141344
102,4527,68.68259568,20.3051664
102,4528,74.41963272,20.0692512
102,4529,79.73817936,18.21923712
102,4530,84.60397608,16.78399488
102,4531,88.8601728,13.76647488
102,4532,92.65282968,13.81804704
102,4533,96.24535488,11.88134784
102,4534,99.5146092,12.75588
102,4535,103.66610712,16.63915392
102,4536,108.35886888,16.77411936
102,4537,113.3203728,20.07144576
102,4538,119.3296572,22.06520352
102,4539,125.30705952,21.35965248
102,4540,131.37602376,22.24625472
102,4541,137.30633448,20.36441952
102,4542,142.766796,18.43320672
102,4543,147.25616472,14.25147264
102,4544,151.18028184,14.12857728
102,4545,155.10458184,14.12857728
102,4546,159.02744928,14.22842976
102,4547,163.36429608,16.79716224
102,4548,167.97076896,16.4592
102,4549,172.542708,16.4592
102,4550,177.11720736,16.42518432
102,4551,181.46015016,15.40910304
102,4552,185.86289472,14.55212736
102,4553,189.24157224,10.98706464
102,4554,192.2903952,10.9728
102,4555,195.3383952,10.9728
102,4556,198.39322272,11.17360224
102,4557,201.59758512,11.7354096
102,4558,204.862938,11.7847872
102,4559,208.08062016,9.95671872
102,4560,209.84846016,6.76253664
102,4561,212.84348592,11.99217312
102,4562,216.16406856,11.96474112
102,4563,219.49062528,11.7244368
102,4564,222.56261304,10.11362976
102,4565,224.76735336,5.8923936
102,4566,226.2954072,5.4864
102,4567,227.7904512,4.85107488
102,4568,228.76782288,1.66128192
102,4569,228.8706624,0
102,4570,228.8706624,0
102,4571,228.8706624,0
102,4572,228.8706624,0
102,4573,228.8706624,0
102,4574,229.09685448,2.45680992
102,4575,230.14039824,4.02482304
102,4576,231.25806936,4.02043392
102,4577,232.73921448,8.01343584
102,4578,235.45034952,10.14874272
102,4579,238.33381848,10.85868288
102,4580,241.41732768,11.1483648
102,4581,244.76025216,13.7489184
102,4582,248.88706128,15.09528096
102,4583,252.8116356,12.24893664
102,4584,256.05976728,13.26940704
102,4585,260.36582928,16.49979936
102,4586,264.93554328,16.37470944
102,4587,269.46858984,16.18488
102,4588,273.98703648,16.4592
102,4589,278.559006,16.4592
102,4590,283.13073168,16.45042176
102,4591,288.10650024,20.4532992
102,4592,294.1443444,21.9456
102,4593,300.24046632,21.9456
102,4594,306.35697936,22.81025664
102,4595,313.38777048,27.239976
102,4596,321.0912552,29.25458208
102,4597,329.85285312,32.23040544
102,4598,338.0919324,26.3182608
102,4599,344.75034936,22.94193024
102,4600,351.08820816,22.5820224
102,4601,357.34444152,22.19029344
102,4602,363.4502256,22.9276656
102,4603,370.4972016,27.15987456
102,4604,378.04490304,25.84313856
102,4605,384.59612184,22.50960192
102,4606,390.86152968,22.50411552
102,4607,396.74761392,18.20716704
102,4608,401.15907576,15.2412192
102,4609,405.39201624,15.2412192
102,4610,409.62489576,15.2412192
102,4611,413.85582456,14.93507808
102,4612,417.87997704,15.2083008
102,4613,422.51321136,16.78509216
102,4614,426.91668744,16.09270848
102,4615,431.8103124,19.34285184
102,4616,437.33536104,18.49136256
102,4617,442.08448032,17.29642464
102,4618,447.31737816,21.9071952
102,4619,454.85221704,30.32772192
102,4620,463.28713032,30.36612672
102,4621,471.74084976,30.44842272
102,4622,480.1802436,30.3617376
102,4623,488.61533976,30.28273344
102,4624,496.70781024,28.02014208
109,4536,103.077738133333,13.4489952
109,4537,107.20965096,16.83117792
109,4538,111.88439904,16.82788608
109,4539,116.59508304,17.40724992
109,4540,121.59685104,18.28507392
109,4541,126.63699336,17.59817664
109,4542,131.61099408,19.12120128
109,4543,137.24220456,21.08642976
109,4544,143.21357184,21.40354368
109,4545,148.83508968,18.32238144
109,4546,153.515568,16.4592
109,4547,158.087568,16.4592
109,4548,162.65261856,16.37580672
109,4549,167.2100796,16.41311424
109,4550,171.49035552,14.4511776
109,4551,175.37228832,12.9424176
109,4552,178.86999024,12.4376688
109,4553,182.16307992,11.52802368
109,4554,185.27149128,10.97499456
109,4555,188.09235432,7.98380928
109,4556,189.77515512,5.61917088
109,4557,191.51281992,6.45090912
109,4558,193.2686508,6.80533056
109,4559,195.5342292,9.9248976
109,4560,198.53858184,10.9728
109,4561,201.58246704,10.92451968
109,4562,204.62086584,10.9728
109,4563,207.66874392,10.97389728
109,4564,210.73619016,11.13629472
109,4565,213.83722536,11.1703104
109,4566,216.93899208,11.16153216
109,4567,219.90286728,9.03719808
109,4568,221.76108048,5.48420544
109,4569,223.2451212,4.4823888
109,4570,223.7929992,0.05925312
109,4571,223.7929992,0
109,4572,223.7929992,0
109,4573,223.7929992,0
109,4574,223.7929992,0
109,4575,223.7929992,0
109,4576,223.7929992,0
109,4577,223.81287216,0.78784704
109,4578,224.76860304,5.43482784
109,4579,226.38934656,7.39895904
109,4580,229.11392328,10.98048096
109,4581,232.1618928,10.9728
109,4582,235.20995376,10.97060544
109,4583,238.48883976,13.93984512
109,4584,242.87920944,16.41421152
109,4585,247.4506608,16.4592
109,4586,252.0226608,16.45810272
109,4587,256.62785352,17.05502304
109,4588,261.52912896,17.88127488
109,4589,266.41534728,16.9694352
109,4590,270.96585888,16.17829632
109,4591,275.50667784,16.4592
109,4592,280.07867784,16.4592
109,4593,284.65022064,16.3988496
109,4594,289.18713816,16.5195504
109,4595,294.27900504,20.44561824
109,4596,300.23589432,21.94669728
109,4597,306.33277824,21.93682176
109,4598,312.3939396,21.80405088
109,4599,318.6495024,23.08457664
109,4600,325.34531832,25.80912288
109,4601,332.66243856,25.3965456
109,4602,339.1183464,21.91487616
109,4603,345.16624896,21.45511584
109,4604,350.9537304,20.41928352
109,4605,356.6691876,21.05351136
109,4606,362.6425056,21.76674336
109,4607,368.73219624,21.9456
109,4608,374.82773904,21.94340544
109,4609,380.88911376,21.39037632
109,4610,386.70353952,20.80113696
109,4611,392.36809512,18.38273184
109,4612,396.44552664,12.1304304
109,4613,399.70630752,11.47974336
109,4614,402.94825176,12.7613664
109,4615,406.97846976,16.04333088
109,4616,411.5464464,16.4592
109,4617,416.12719416,16.51296672
109,4618,420.70495488,16.45700544
109,4619,425.39536968,18.10621728
109,4620,430.78301448,20.16252
109,4621,436.62779832,21.82270464
109,4622,443.63920416,30.02267808
109,4623,452.47941,32.09544
109,4624,461.39444424,32.09544
109,4625,469.30668648,24.01068096
109,4626,477.74827488,37.8067824
109,4627,487.90027896,34.12979712
109,4628,496.400565066667,30.8372256
112,4595,307.4816304,21.7590624
112,4596,310.78675968,21.61970784
112,4597,316.815216,21.9675456
112,4598,323.39313528,27.07867584
112,4599,331.98444144,30.58338816
112,4600,338.96110008,21.9291408
112,4601,345.02012784,21.60215136
112,4602,350.82726888,20.34247392
112,4603,356.51992704,21.01071744
112,4604,362.48160168,21.30149664
112,4605,368.2468632,20.55315168
112,4606,373.9786272,20.6343504
112,4607,379.71051312,20.63544768
112,4608,385.44697104,20.71554912
112,4609,391.1981508,20.64422592
112,4610,396.93046344,20.6398368
112,4611,402.64256784,19.69837056
112,4612,406.90934112,12.15457056
112,4613,411.15511368,18.24996096
112,4614,416.28200208,18.46612512
112,4615,421.4009352,18.4123584
112,4616,426.5153268,18.4123584
112,4617,431.6297184,18.4123584
112,4618,436.75596672,18.80079552
112,4619,442.16705064,20.13618528
112,4620,448.16027208,23.45106816
112,4621,455.10325032,26.19097632
112,4622,462.77424336,28.41187104
112,4623,471.28947144,33.93118944
112,4624,480.73095624,32.08775904
112,4625,489.22109928,30.35734848
112,4626,497.023982666667,28.3195776
128,4542,123.1111584,18.6318144
128,4543,126.68999808,17.92187424
128,4544,131.85955848,20.65300416
128,4545,137.7257088,19.47562272
128,4546,142.55858712,16.44493536
128,4547,147.11620056,16.41750336
128,4548,151.67417976,15.8776416
128,4549,155.41788576,11.28113568
128,4550,158.468568,10.9728
128,4551,161.51668992,10.95304896
128,4552,164.54359776,10.90915776
128,4553,167.5933656,11.23834176
128,4554,171.18394008,14.8626576
128,4555,175.40499336,13.9464288
128,4556,178.6970772,10.11362976
128,4557,180.77736768,5.5357776
128,4558,182.30426328,5.75962272
128,4559,184.20380736,8.77714272
128,4560,187.10187624,11.00132928
128,4561,190.15655136,10.97389728
128,4562,193.20458184,10.9728
128,4563,196.327014,12.02289696
128,4564,199.4880948,9.88539552
128,4565,202.17981408,9.82723968
128,4566,204.91636944,9.87552
128,4567,207.65956944,9.87552
128,4568,210.40276944,9.87552
128,4569,212.85290424,5.48201088
128,4570,213.3057456,0
128,4571,213.3057456,0
128,4572,213.3057456,0
128,4573,213.3057456,0
128,4574,213.3057456,0
128,4575,213.34789944,0.84271104
128,4576,214.04467224,4.18283136
128,4577,215.46095592,5.38545024
128,4578,216.96904536,5.431536
128,4579,218.47887216,5.431536
128,4580,219.98888184,5.431536
128,4581,221.7903108,8.8111584
128,4582,224.69578632,10.90367136
128,4583,227.7429024,10.9728
128,4584,230.86810824,12.47168448
128,4585,234.98132328,16.33081824
128,4586,239.54564232,16.36263936
128,4587,244.0989276,16.4592
128,4588,248.6707752,16.4592
128,4589,253.2427752,16.45481088
128,4590,257.86073904,17.01771552
128,4591,262.6610952,17.28874368
128,4592,267.35513712,16.48224288
128,4593,271.86416544,16.19804736
128,4594,276.42135216,16.4592
128,4595,280.9932912,16.4592
128,4596,285.56641896,16.77082752
128,4597,290.81446536,21.23127072
128,4598,296.88330768,21.9456
128,4599,303.20626176,24.18075936
128,4600,310.0716684,24.22355328
128,4601,316.49785824,22.21882272
128,4602,322.70319,23.34024288
128,4603,329.43524664,24.31133568
128,4604,335.3540664,17.57403648
128,4605,340.1510088,18.82603296
128,4606,345.93102264,21.80185632
128,4607,351.95707104,21.62519424
128,4608,357.97641384,21.6548208
128,4609,364.00773528,21.89402784
128,4610,369.98123616,20.02645728
128,4611,374.90540208,16.4592
128,4612,379.33387176,15.01956864
128,4613,383.22065088,14.38753536
128,4614,387.62470608,16.29241344
128,4615,392.13531936,16.2068256
128,4616,396.63709344,16.24303584
128,4617,401.18336832,16.45700544
128,4618,405.75558168,16.45700544
128,4619,410.43572472,17.96905728
128,4620,415.80261264,19.52719488
128,4621,421.20970368,20.43464544
128,4622,427.18043088,21.99717216
128,4623,433.60439568,24.71184288
128,4624,440.54810544,25.16831136
128,4625,448.02616008,29.12290848
128,4626,456.8459748,35.66598912
128,4627,467.27763288,36.23876928
128,4628,478.09321704,40.58509536
128,4629,487.74269736,30.98060352
128,4630,496.29788472,29.92502016
141,4521,16.3590224,16.349472
141,4522,19.31764488,16.42847616
141,4523,23.87449632,16.349472
141,4524,28.4158944,16.349472
141,4525,32.95387872,16.3165536
141,4526,37.48366392,16.49979936
141,4527,42.46607712,18.84797856
141,4528,47.41243248,17.1011088
141,4529,52.53490128,20.71884096
141,4530,58.63949664,22.2967296
141,4531,64.83458712,22.247352
141,4532,70.67577432,18.99281952
141,4533,75.375516,14.8242528
141,4534,78.99873456,11.48084064
141,4535,81.79838352,9.36638208
141,4536,84.48092832,10.29468096
141,4537,87.48357408,10.97170272
141,4538,90.7156428,12.49033824
141,4539,94.01110992,10.93768704
141,4540,97.31678784,13.16955456
141,4541,101.27705424,16.13879424
141,4542,106.3387764,20.0143872
141,4543,112.2948732,22.60725984
141,4544,118.6949112,22.31538336
141,4545,124.48547112,19.7126352
141,4546,129.4354536,16.38348768
141,4547,134.14241904,17.02868832
141,4548,138.38060208,12.9314448
141,4549,141.56749944,10.97060544
141,4550,144.49016568,9.96110784
141,4551,147.34272792,10.83344544
141,4552,150.39133752,10.9728
141,4553,153.43927656,10.9728
141,4554,156.48739848,10.97060544
141,4555,159.64015824,12.16773792
141,4556,163.13767728,12.95009856
141,4557,166.79899584,12.66590304
141,4558,170.00780832,10.09058688
141,4559,172.16332344,6.08661216
141,4560,173.80704888,6.02626176
141,4561,175.76221896,9.05914368
141,4562,178.71710256,10.98596736
141,4563,181.7665656,10.9728
141,4564,184.8145656,10.9728
141,4565,187.86661944,11.00132928
141,4566,190.91870376,10.9728
141,4567,193.9666428,10.9728
141,4568,197.0146428,10.9728
141,4569,200.06316096,10.84222368
141,4570,202.64164704,6.940296
141,4571,204.24017064,5.4864
141,4572,205.76417064,5.4864
141,4573,207.28984704,5.4370224
141,4574,208.26636528,0.89099136
141,4575,208.2923952,0
141,4576,208.2923952,0
141,4577,208.2923952,0
141,4578,208.2923952,0
141,4579,208.2923952,0
141,4580,208.2992532,0.32589216
141,4581,209.76790152,10.56461184
141,4582,212.9899728,11.6970048
141,4583,216.23938464,11.67396192
141,4584,219.39607632,11.027664
141,4585,222.43691352,10.84441824
141,4586,225.45425064,10.96511904
141,4587,228.50252496,10.97060544
141,4588,231.71804304,13.43729088
141,4589,236.046264,16.46578368
141,4590,240.60457848,16.36154208
141,4591,245.1634416,16.4592
141,4592,249.7354416,16.4592
141,4593,254.33526984,17.00674272
141,4594,259.29378672,18.39260736
141,4595,264.36486624,17.59817664
141,4596,269.01267,16.19256096
141,4597,273.5212716,16.44383808
141,4598,278.09217432,16.5085776
141,4599,283.21897128,21.01400928
141,4600,289.26080832,21.87866592
141,4601,295.35586344,22.07288448
141,4602,301.91061792,25.93201824
141,4603,309.44058,27.27947808
141,4604,317.03104488,27.43090272
141,4605,324.59770488,26.92615392
141,4606,331.90309032,24.54725088
141,4607,337.64613192,17.33592672
141,4608,342.30134232,17.72765568
141,4609,347.85562128,21.27296736
141,4610,353.70034416,21.01071744
141,4611,359.5323264,19.98366336
141,4612,364.52924808,16.72474176
141,4613,369.1057896,16.4592
141,4614,373.63316688,15.8447232
141,4615,378.00988152,15.96432672
141,4616,382.02126288,11.37440448
141,4617,385.84793544,18.06013152
141,4618,390.94510584,18.27190656
141,4619,395.79389472,16.20243648
141,4620,400.08099816,14.94166176
141,4621,404.37873912,16.32533184
141,4622,408.9512268,16.4592
141,4623,413.52472032,16.49979936
141,4624,418.22854632,18.11499552
141,4625,424.09055136,25.46677152
141,4626,432.056286,29.72970432
141,4627,440.30700864,29.681424
141,4628,448.64734248,31.51827072
141,4629,458.13195648,35.3927664
141,4630,468.0406692,36.74022624
141,4631,478.40472264,37.20766752
141,4632,488.30325504,33.7249008
141,4633,496.8023592,31.5858144
148,4526,16.4351208,17.337024
148,4527,20.53958808,17.41602816
148,4528,25.36649232,17.337024
148,4529,30.18227136,17.32934304
148,4530,34.9898208,17.3150784
148,4531,39.73241736,17.14719456
148,4532,44.96278536,20.01109536
148,4533,50.2095516,16.41091968
148,4534,54.209442,13.89814848
148,4535,58.07006928,13.90034304
148,4536,61.93087944,13.90144032
148,4537,64.633983,13.8970512
148,4538,72.2329409142857,21.6744150857143
148,4539,75.50511696,11.52144
148,4540,78.6166068,11.11215456
148,4541,81.93408048,12.6790704
148,4542,85.51352976,12.60555264
148,4543,89.221056,14.95153728
148,4544,93.78043728,16.62488928
148,4545,98.32335936,17.78471424
148,4546,103.69640424,19.57218336
148,4547,108.92978976,18.55281024
148,4548,114.09544872,18.61864704
148,4549,119.30722392,19.08060192
148,4550,124.51732272,17.59707936
148,4551,128.69649648,12.19297536
148,4552,131.71438224,10.62057312
148,4553,134.70980424,10.87185024
148,4554,137.72909208,10.32869664
148,4555,140.34616584,9.28189152
148,4556,143.16687648,11.61251424
148,4557,146.5231512,11.51924544
148,4558,149.62927656,10.97060544
148,4559,152.67688032,10.97060544
148,4560,155.91321624,12.34878912
148,4561,159.28701696,11.80014912
148,4562,162.4007928,10.36161504
148,4563,164.99134896,8.42272128
148,4564,167.16432912,7.23217248
148,4565,169.06893288,6.54088608
148,4566,170.7136032,5.47981632
148,4567,172.28128104,6.5343024
148,4568,174.63418464,10.15422912
148,4569,177.51070416,10.06315488
148,4570,180.28700544,10.29138912
148,4571,183.28870632,11.1428784
148,4572,186.97428696,15.6197808
148,4573,191.42406216,16.0093152
148,4574,195.4270158,16.0093152
156,4600,282.5919672,17.8966368
156,4601,285.79440936,21.4737696
156,4602,292.31792184,26.07027552
156,4603,299.8857096,27.12366432
156,4604,306.80753472,22.4229168
156,4605,312.8461104,21.75796512
156,4606,318.93330168,21.98181024
156,4607,325.1777088,23.0319072
156,4608,331.58311128,22.72357152
156,4609,337.74513096,21.91597344
156,4610,342.9018288,21.9408973714286
162,4528,9.5557848,14.26464
162,4529,12.73055112,14.35022784
162,4530,16.71328128,14.26902912
162,4531,20.7265524,14.8461984
162,4532,24.92602584,15.1753824
162,4533,29.14217184,15.17757696
162,4534,33.14797536,12.62310912
162,4535,36.662868,13.71819456
162,4536,40.47649512,14.09017248
162,4537,43.90832976,9.37954944
162,4538,46.02254448,7.30459296
162,4539,48.6306876,10.93878432
162,4540,51.68030304,10.945368
162,4541,54.61945896,10.17617472
162,4542,57.42764232,10.1059488
162,4543,60.23545992,10.1059488
162,4544,63.04419192,10.11253248
162,4545,65.85258864,10.1004624
162,4546,68.8037232,12.15457056
162,4547,73.54058952,21.4353648
162,4548,79.66752672,22.12774848
162,4549,85.7841312,22.23199008
162,4550,92.36912184,24.97189824
162,4551,99.34831032,25.210008
162,4552,106.32807792,24.39692352
162,4553,112.58083656,21.60215136
162,4554,118.37069544,18.47600064
162,4555,123.04254792,16.4646864
162,4556,127.29630624,12.89413728
162,4557,130.592322,12.39816672
162,4558,133.97776608,10.8466128
162,4559,136.71456528,9.69117696
162,4560,139.40725992,9.68459328
162,4561,142.29170424,11.83635936
162,4562,145.83421176,12.92705568
162,4563,149.43484464,12.9863088
162,4564,152.881584,11.19445056
162,4565,155.7721548,10.23981696
162,4566,158.61691416,10.2376224
162,4567,161.48861784,10.53498528
162,4568,164.4331992,10.62386496
162,4569,167.01144144,6.8360544
162,4570,168.7444428,7.04563488
162,4571,171.05205312,9.69337152
162,4572,173.74669848,9.32468544
162,4573,176.4729516,10.68092352
162,4574,180.04045272,14.68050912
162,4575,184.15415544,14.41606464
162,4576,187.55054184,10.24640064
162,4577,190.3480572,10.0620576
162,4578,193.13216136,9.43221888
162,4579,194.86013352,3.29403456
162,4580,195.69726672,2.77502112
162,4581,196.083936,0.10533888
162,4582,196.0845456,0
162,4583,196.0845456,0
162,4584,196.18409328,1.79295552
162,4585,197.80721424,9.5243904
162,4586,200.79852144,10.93110336
162,4587,204.11212416,13.64138496
162,4588,208.1198784,14.5554192
162,4589,212.82458832,20.74298112
162,4590,219.08862456,22.89694176
162,4591,224.87927592,17.78910336
162,4592,229.4933688,16.4592
162,4593,234.0653688,16.4592
162,4594,238.58942376,15.85130688
162,4595,242.91618168,15.14356128
162,4596,246.98068968,14.53896
162,4597,251.01968592,14.53896
162,4598,254.453179542857,14.4872310857143
165,4537,28.2379928,19.129248
165,4538,31.96952712,13.43399904
165,4539,35.6818692,13.23429408
165,4540,39.30780048,12.9808224
165,4541,42.91480368,12.99069792
165,4542,46.40378832,10.7917488
165,4543,48.55153104,5.75413632
165,4544,50.17407288,7.40225088
165,4545,52.95988392,11.4994944
165,4546,56.20774128,11.8177056
165,4547,59.7182448,15.23353824
165,4548,64.77804672,19.39332672
165,4549,70.16291784,19.3889376
165,4550,75.50667144,19.84540608
165,4551,81.70776648,23.97227616
165,4552,88.34378064,23.8877856
165,4553,94.94294448,23.70015072
165,4554,101.3150628,20.14276896
165,4555,106.01754768,15.6856176
165,4556,110.37655344,15.691104
165,4557,114.7367784,15.800832
165,4558,119.15329992,15.800832
165,4559,123.38072352,13.5678672
165,4560,126.6206256,10.59094656
165,4561,129.47151144,10.60740576
165,4562,132.61000656,11.65421088
165,4563,135.7524336,10.9728
165,4564,138.78513264,10.72700928
165,4565,141.7035012,10.42416
165,4566,144.59608368,10.37039328
165,4567,147.47897352,10.42086816
165,4568,150.32129448,9.56060064
165,4569,152.76359592,8.50392
165,4570,155.1258264,8.50392
165,4571,157.48796544,8.50392
165,4572,159.94922544,10.10924064
165,4573,163.1438952,11.98558944
165,4574,166.52037816,12.68675136
165,4575,170.19718056,13.44277728
165,4576,173.95399296,13.8147552
165,4577,177.88313928,14.27780736
165,4578,181.7254176,12.29173056
165,4579,184.6527168,9.87442272
165,4580,187.1034612,5.48420544
165,4581,187.5562416,0
165,4582,187.5562416,0
165,4583,187.5562416,0
165,4584,187.5562416,0
165,4585,187.5562416,0
165,4586,187.7305872,2.74210272
165,4587,189.20661168,6.31265184
165,4588,191.26523088,10.8740448
165,4589,195.39008928,16.46249184
165,4590,200.00646816,17.16036192
165,4591,204.95492664,18.09524448
165,4592,210.05767488,19.64350656
165,4593,216.06183864,22.60067616
165,4594,222.28859784,21.9346272
165,4595,228.00387216,18.4178448
165,4596,232.69956,16.4592
165,4597,237.2717124,16.4537136
165,4598,241.85450232,17.32495392
165,4599,247.380252,21.81831552
165,4600,253.52163672,22.84207776
165,4601,260.22354864,24.82266816
165,4602,266.8789176,23.60359008
165,4603,273.98996256,27.26301888
165,4604,281.6095968,27.432
165,4605,289.2192336,27.29813184
165,4606,296.81338656,27.43529184
165,4607,304.4337828,27.432
165,4608,312.02549736,27.28496448
165,4609,319.6428456,27.91699776
165,4610,327.8168196,30.51974592
165,4611,335.99143368,27.91919232
165,4612,343.59796152,27.16975008
165,4613,350.96479464,25.91665632
165,4614,357.99067848,23.6902752
165,4615,364.07585808,19.97817696
165,4616,368.95028064,15.62855904
165,4617,373.01783664,14.1878304
165,4618,377.06292888,14.51811168
165,4619,381.1953768,16.38129312
165,4620,385.99390416,17.61244128
165,4621,390.88219512,17.53672896
165,4622,395.68773288,16.87397184
165,4623,400.48034712,18.32896512
165,4624,405.74646816,18.43540128
165,4625,410.72004216,17.50271328
165,4626,415.69742616,20.08241856
165,4627,421.70457696,21.94230816
165,4628,428.09248392,24.95324448
165,4629,435.60299976,28.51391808
165,4630,443.82254136,31.04863488
165,4631,452.90637384,33.4012032
165,4632,462.08530392,33.42753792
165,4633,472.1704044,38.92710528
165,4634,482.44722408,33.06214368
165,4635,491.01271368,30.6195984
165,4636,497.9784808,32.4776592
174,4529,21.5094312,13.1454144
174,4530,23.59130664,13.31329824
174,4531,27.24207912,12.85024608
174,4532,31.3293252,18.63949536
174,4533,37.00921224,20.62557216
174,4534,43.63538136,26.5157712
174,4535,50.82927096,21.74150592
174,4536,53.63492448,5.1627024
174,4537,57.499758,17.3699424
174,4538,60.74962704,7.6645008
174,4539,62.855094,7.59098304
174,4540,64.96376136,7.70180832
174,4541,67.29377448,9.00647424
174,4542,69.79984008,8.83639584
174,4543,72.85866048,14.24708352
174,4544,77.09705688,15.03383328
174,4545,81.52064976,17.95918176
174,4546,85.1813892,18.9500256
179,4541,18.3353746285714,14.5452301714286
179,4542,21.78615912,14.62015872
179,4543,25.46549136,10.54924992
179,4544,27.91044456,8.41394304
179,4545,30.2472852,8.41284576
179,4546,32.66666568,9.3323664
179,4547,35.3792028,9.87552
179,4548,38.12237232,9.87552
179,4549,40.86566376,9.87552
179,4550,43.60938192,9.88429824
179,4551,46.5649056,12.2017536
179,4552,50.23939152,13.44058272
179,4553,54.02098416,13.97715264
179,4554,57.96979008,14.25805632
179,4555,62.30825232,18.37724544
179,4556,67.91163456,20.57729184
179,4557,74.01281616,25.97920128
179,4558,82.35561888,31.39098624
179,4559,90.40325328,24.63613056
179,4560,96.36812832,20.48731488
179,4561,101.76650208,17.54770176
179,4562,106.12550784,13.44277728
179,4563,109.3722984,10.96621632
179,4564,112.42026792,10.9728
179,4565,115.46960904,11.06826336
179,4566,118.50721536,10.51303968
179,4567,121.46511648,10.97938368
179,4568,124.513086,10.9728
179,4569,127.50229008,10.3034592
179,4570,130.4230056,10.808208
179,4571,133.15029504,9.42124608
179,4572,135.83628408,9.46184544
179,4573,138.67034496,10.97609184
179,4574,141.71886312,10.9728
179,4575,144.76256544,10.92122784
179,4576,147.79883064,11.02327488
179,4577,151.19869176,13.70612448
179,4578,155.3475684,16.14537792
179,4579,159.916368,16.4592
179,4580,164.42292744,15.00201216
179,4581,167.95952184,10.84441824
179,4582,170.57549832,8.59060512
179,4583,172.96296624,8.5917024
179,4584,175.26176784,6.45639552
179,4585,175.967136,0.03621024
179,4586,175.967136,0
179,4587,175.967136,0
179,4588,175.98591168,0.56400192
179,4589,176.5186716,2.74758912
179,4590,177.36589368,4.81815648
179,4591,179.75970144,10.96841088
179,4592,182.87265432,12.62310912
179,4593,187.2314772,17.58281472
179,4594,192.02159208,15.48700992
179,4595,195.61890264,12.35866464
179,4596,199.70081472,17.26240896
179,4597,205.26076296,22.38122016
179,4598,211.48490088,22.00375584
179,4599,217.58151048,21.90061152
179,4600,223.64629896,21.77332704
179,4601,229.25102232,17.88346944
179,4602,233.91702264,16.65012672
179,4603,239.17415208,21.39366816
179,4604,245.24890752,21.94340544
179,4605,251.57576304,25.01908128
179,4606,259.37166312,30.02926176
179,4607,265.66502112,29.22495552
180,4615,323.5884816,22.2638112
180,4616,327.39448872,25.402032
180,4617,334.46886624,24.38265888
180,4618,340.78935144,21.81063456
180,4619,346.71161544,20.09229408
180,4620,351.96987264,18.59450688
180,4621,356.968806,16.97601888
180,4622,361.5024012,16.22218752
180,4623,366.06102048,16.4592
180,4624,370.6331424,16.4592
180,4625,375.20520336,16.4646864
180,4626,379.9763292,19.18374624
180,4627,386.3544216,26.03406528
180,4628,393.66956064,24.97848192
180,4629,400.03866144,21.9401136
180,4630,406.09299528,21.58569216
180,4631,412.21200768,22.329648
180,4632,418.44592968,23.92948224
180,4633,426.20376024,30.95865792
180,4634,434.91643776,31.52375712
180,4635,443.8122696,33.30903168
180,4636,453.49323576,36.34849728
180,4637,464.01703488,39.60961344
180,4638,475.55408064,42.10702272
180,4639,486.74755584,38.60121312
180,4640,496.430841866667,34.3546176
185,4538,19.5054728,12.5967744
185,4539,21.41533944,14.48299872
185,4540,25.6505964,15.34765536
185,4541,29.67861984,13.3538976
185,4542,33.2882748,12.95229312
185,4543,36.89107176,12.975336
185,4544,40.37813616,11.98120032
185,4545,43.66113696,11.71565856
185,4546,46.2530952,6.32143008
185,4547,47.88523824,6.04162368
185,4548,49.48501152,5.90007456
185,4549,51.38845704,9.79102944
185,4550,55.40431896,16.82788608
185,4551,60.07796976,16.82349696
185,4552,64.7480544,17.56086912
185,4553,70.53678552,23.41814976
185,4554,77.07090504,23.62663296
185,4555,83.6206608,23.4708192
185,4556,90.05322096,21.68664192
185,4557,95.42172432,18.22143168
185,4558,100.51825464,18.35529984
185,4559,105.61033488,18.35529984
185,4560,110.62261848,16.4976048
185,4561,114.54661368,12.9863088
185,4562,118.19708136,13.16626272
185,4563,121.67314248,10.41977088
185,4564,123.9216216,8.12096928
185,4565,126.56783424,9.90953568
185,4566,129.23495616,9.9742752
185,4567,132.14094984,11.45121408
185,4568,135.58019112,12.35098368
185,4569,138.61743168,9.0580464
185,4570,141.1085316,9.32797728
185,4571,143.84651952,11.64323808
185,4572,147.65094168,14.51262528
185,4573,151.44189168,10.66336704
185,4574,153.78482832,10.31223744
185,4575,157.77222192,15.76681632
185,4576,161.11298232,9.35540928
185,4577,164.60376528,15.11832384
185,4578,168.57796104,13.47569568
185,4579,172.09218312,12.0645936
185,4580,175.3810056,10.7313984
185,4581,177.89167368,8.23618368
185,4582,180.02972376,5.3931312
185,4583,180.5424888,0
185,4584,180.5424888,0
185,4585,180.5424888,0
185,4586,180.58686768,0.92610432
185,4587,181.23593928,3.02190912
185,4588,182.34044304,7.71607296
185,4589,186.08637408,16.486632
185,4590,190.41867936,12.8820672
185,4591,194.17113312,16.61391648
185,4592,198.9839556,17.3589696
185,4593,203.77163208,16.41969792
185,4594,208.47686016,19.43721792
185,4595,214.2628176,20.93829696
185,4596,220.16645832,21.54180096
185,4597,225.86253024,19.4931792
185,4598,231.04492272,17.82750816
185,4599,236.01343704,18.3081168
185,4600,241.33161792,19.6577712
185,4601,246.82426632,20.16032544
185,4602,252.63969792,21.35636064
185,4603,258.55982832,22.0498416
185,4604,265.04789256,22.933152
185,4605,271.23182736,22.95619488
185,4606,277.73424768,23.84169984
185,4607,284.36136168,23.68808064
185,4608,291.37170072,26.9821152
185,4609,298.9789296,27.432
185,4610,306.66101736,28.82883744
185,4611,314.74489248,27.95540256
185,4612,322.42304832,28.2659328
185,4613,330.47647392,29.00549952
185,4614,338.28401736,27.4100544
185,4615,345.80251896,25.95835296
185,4616,352.55969112,23.4598464
185,4617,358.87514712,21.698712
185,4618,364.35856008,17.40944448
185,4619,368.9610096,16.4592
185,4620,373.53304008,16.4592
185,4621,378.1008948,16.18817184
185,4622,382.42658592,15.1863552
185,4623,387.00800424,18.77336352
185,4624,392.52232392,20.1844656
185,4625,398.42553792,22.13542944
185,4626,404.58182736,22.1595696
185,4627,410.73714144,22.15847232
185,4628,416.90263584,22.2089472
185,4629,423.05087856,21.54728736
185,4630,428.82528408,22.39767936
185,4631,436.08110904,27.90053856
185,4632,444.1963176,31.37233248
185,4633,453.8973396,38.96660736
185,4634,465.05234904,38.22155424
185,4635,474.0700704,37.38652416
185,4636,486.62347176,40.4237952
185,4637,496.13006184,30.75785568
189,4542,15.1421592,12.07008
189,4543,16.9861992,12.07008
189,4544,20.34777744,11.77271712
189,4545,23.01752064,7.64694432
189,4546,25.09869504,7.4944224
189,4547,27.18182016,7.55587008
189,4548,29.3757096,8.20655712
189,4549,31.66207536,8.22740544
189,4550,33.94545408,8.66741472
189,4551,37.06166832,13.52178144
189,4552,40.87300944,13.716
189,4553,44.68584408,13.8092688
189,4554,48.63721032,14.60369952
189,4555,52.70165736,14.62783968
189,4556,56.76659208,14.82205824
189,4557,61.19216616,16.93871136
189,4558,65.92464336,17.52575616
189,4559,72.32684544,29.28859776
189,4560,80.85789264,30.33869472
189,4561,88.43394048,23.81426784
189,4562,94.3901592,19.03012704
189,4563,99.22584168,15.85679328
189,4564,102.91858512,12.03057792
189,4565,106.10212968,10.44720288
189,4566,108.97166928,10.3363776
189,4567,111.84166608,10.3363776
189,4568,114.71166288,10.3363776
189,4569,117.62289912,10.5448608
189,4570,120.51069624,10.33198848
189,4571,123.5877132,12.32355168
189,4572,127.12287504,12.25771488
189,4573,130.57522272,13.30342272
189,4574,134.06350632,9.98085888
189,4575,136.21966152,7.13890368
189,4576,138.07970352,6.99077088
189,4577,140.65236792,10.84002912
189,4578,144.1295568,15.03163872
189,4579,148.63867656,16.45590816
189,4580,153.210768,16.4592
189,4581,157.782768,16.46578368
189,4582,162.17140032,14.32279584
189,4583,165.73984632,11.65530816
189,4584,168.4844484,7.40225088
189,4585,169.8750984,2.48424192
189,4586,170.0406048,0
189,4587,170.0406048,0
189,4588,170.0406048,0
189,4589,170.0406048,0
189,4590,170.0406048,0
189,4591,170.33836392,4.44288672
189,4592,172.75295904,10.42745184
189,4593,175.61055048,10.37697696
189,4594,179.14351776,15.47823168
189,4595,183.68494632,17.00893728
189,4596,188.78187288,20.05937568
189,4597,194.72855136,21.94669728
189,4598,200.82043656,21.8962224
189,4599,206.90424456,21.86769312
189,4600,212.93797392,21.63506976
189,4601,218.952318,21.76015968
189,4602,225.00247608,21.5505792
189,4603,230.52353184,17.82421632
189,4604,235.279692,16.78180032
189,4605,240.39795456,20.9745072
189,4606,246.45856728,22.13872128
189,4607,253.25383944,27.185112
189,4608,261.108444,28.62584064
189,4609,269.07113064,29.67703488
189,4610,277.86805488,32.88109248
189,4611,287.0071476,33.19601184
189,4612,296.42443128,34.00909632
189,4613,305.56111608,32.75161344
189,4614,315.41219112,37.61585568
189,4615,325.84223376,36.30789792
189,4616,334.87650576,29.09547648
189,4617,342.3553224,25.3855728
189,4618,349.29290568,23.51141856
189,4619,355.33989384,21.12154272
189,4620,361.07302944,19.38564576
189,4621,366.13456872,17.82970272
189,4622,371.11713432,18.31031136
189,4623,376.32232584,18.89625888
189,4624,381.57189624,18.89735616
189,4625,386.79491856,19.06743456
189,4626,392.31377976,20.30187456
189,4627,397.94465496,20.17568736
189,4628,403.51853256,20.02536
189,4629,408.9141936,18.06561792
189,4630,414.00804168,20.7879696
189,4631,420.83854872,26.8723872
189,4632,428.43824904,29.77798464
189,4633,437.81724984,35.8920288
189,4634,447.84388968,37.07050752
189,4635,458.54060184,39.19923072
189,4636,469.43967072,39.28591584
189,4637,480.27287232,37.6860816
189,4638,490.0984356,33.79951584
189,4639,497.861669828571,32.4230564571429
199,4546,14.849856,11.79576
199,4547,16.81587696,11.79576
199,4548,20.10098088,11.87366688
199,4549,23.3905044,11.79576
199,4550,26.63360688,10.63374048
199,4551,28.61313048,4.40119008
199,4552,30.05544408,6.5891664
199,4553,32.14881048,9.0196416
199,4554,35.2476816,13.42741536
199,4555,39.5308836,16.01919072
199,4556,43.7392572,15.15124224
199,4557,48.18147336,16.22109024
199,4558,52.6872708,16.2177984
199,4559,57.1929768,16.2177984
199,4560,61.69907904,16.22657664
199,4561,66.4689552,20.52242784
199,4562,72.84732192,22.6314
199,4563,79.02406344,21.78868896
199,4564,84.8483952,20.3216256
199,4565,90.315288,19.44270432
199,4566,95.43568416,17.1943776
199,4567,100.17706152,16.6951152
199,4568,104.3912568,12.8436624
199,4569,107.5439556,10.97060544
199,4570,110.66821656,11.38757184
199,4571,113.59441848,9.96001056
199,4572,116.35858872,9.29176704
199,4573,118.57335696,7.95747456
199,4574,121.20515256,9.46404
199,4575,123.51078168,8.2350864
199,4576,125.9361972,9.69885792
199,4577,128.72075856,9.63521568
199,4578,131.53503792,11.15824032
199,4579,134.70983472,11.00681568
199,4580,137.75676792,10.9728
199,4581,140.8044936,10.9618272
199,4582,144.1440348,13.86193824
199,4583,148.25859096,14.99652576
199,4584,152.42523744,14.98994208
199,4585,156.26102352,12.0755664
199,4586,159.36272928,10.09936512
199,4587,161.44378176,5.4864
199,4588,162.41841024,0.88989408
199,4589,162.4443792,0
199,4590,162.4443792,0
199,4591,162.4443792,0
199,4592,162.4443792,0
199,4593,162.4443792,0
199,4594,162.4443792,0.13277088
199,4595,163.1653836,6.27424704
199,4596,165.9149844,13.43948544
199,4597,170.4575712,18.97306848
199,4598,176.27294184,21.96644832
199,4599,182.88509016,26.01541152
199,4600,190.169292,25.81680384
199,4601,197.54965824,27.37274688
199,4602,204.67338288,23.82304608
199,4603,211.4315304,25.03773504
199,4604,218.25240576,23.27660064
199,4605,224.40189816,21.81612096
199,4606,230.4870168,21.9456
199,4607,236.5831692,21.9236544
199,4608,242.6555472,21.87317952
199,4609,248.81162328,23.22173664
199,4610,255.63792408,25.31534688
199,4611,262.87143768,26.66061216
199,4612,270.39399312,28.11889728
199,4613,278.93561688,32.78453184
199,4614,288.38188704,36.3638592
199,4615,298.94186592,38.4048
199,4616,309.54561408,36.89274816
199,4617,318.66468144,28.81128096
199,4618,326.35822968,27.58781376
199,4619,333.57808824,23.3610912
199,4620,339.55905672,19.45038528
199,4621,344.34103344,16.3275264
199,4622,348.81964272,15.80412384
199,4623,353.19327888,15.74487072
199,4624,357.594408,15.74925984
199,4625,361.6889388,13.6007856
199,4626,365.62643664,15.21159264
199,4627,370.03049184,16.41860064
199,4628,374.6024004,16.651224
199,4629,379.8911376,22.2089472
199,4630,386.57893728,24.97189824
199,4631,393.4966476,24.42655008
199,4632,399.88848648,21.96096192
199,4633,405.9838464,21.94889184
199,4634,412.08005976,21.9565728
199,4635,418.12774896,21.4298784
199,4636,424.1605944,22.6314
199,4637,431.05678584,26.61891552
199,4638,438.807606,30.7128672
199,4639,448.20370608,36.17073792
199,4640,458.97344832,40.83746976
199,4641,470.64969624,44.00751168
199,4642,483.033324,43.61907456
199,4643,494.61395616,39.42965952
199,4644,500.423688,38.2292352
209,4553,19.9625712,10.9947456
209,4554,21.72440664,11.74199328
209,4555,25.3468632,14.80889088
209,4556,29.9103288,17.91199872
209,4557,35.138868,19.03341888
209,4558,40.35006408,17.97125184
209,4559,45.17093328,17.26679808
209,4560,49.96476672,17.2492416
209,4561,54.75652752,17.2492416
209,4562,59.5484712,17.2492416
209,4563,64.34041488,16.94968416
209,4564,68.569332,16.01919072
209,4565,74.04027864,21.16982304
209,4566,79.5476184,17.19876672
209,4567,83.9673708,16.31216448
209,4568,88.74620808,17.7375312
209,4569,93.49977744,15.8941008
209,4570,97.75944888,14.57955936
209,4571,101.2498356,11.13848928
209,4572,104.27784072,10.57119552
209,4573,107.22245256,10.96950816
209,4574,110.38066824,12.13481952
209,4575,113.9225052,12.89304
209,4576,117.53755512,13.09493952
209,4577,121.1413884,12.90072096
209,4578,124.53506208,11.13519744
209,4579,127.38225984,9.76469472
209,4580,130.26018144,10.99584288
209,4581,133.45497312,11.59386048
209,4582,136.53832992,10.9728
209,4583,139.58632992,10.9728
209,4584,142.63429944,10.9728
209,4585,145.67318592,10.917936
209,4586,148.7151204,10.9728
209,4587,151.76308992,10.9728
209,4588,154.77960408,10.02036096
209,4589,156.87105024,5.56540416
209,4590,157.84671504,0.89099136
209,4591,157.872684,0
209,4592,157.872684,0
209,4593,157.872684,0
209,4594,157.872684,0
209,4595,157.872684,0
209,4596,157.93056552,1.25419104
209,4597,159.04988256,6.82178976
209,4598,162.03271632,14.45776128
209,4599,166.49581128,17.8308
209,4600,172.1732904,22.52935296
209,4601,179.10038856,27.13792896
209,4602,186.87900648,29.92940928
209,4603,195.3647604,28.8036
209,4604,203.0259084,27.38042784
209,4605,210.75039384,28.49416704
209,4606,218.68375872,27.78642144
209,4607,225.60997296,22.30550784
209,4608,231.707436,21.9456
209,4609,237.8008452,21.86988768
209,4610,243.8718516,21.92255712
209,4611,249.96779064,21.94340544
209,4612,256.140966,22.91230368
209,4613,262.66868472,23.49166752
209,4614,269.36178792,25.81022016
209,4615,276.93399528,28.80140544
209,4616,285.632652,32.78782368
209,4617,294.7556208,32.92278912
209,4618,303.8996208,32.9184
209,4619,312.99345072,31.89134592
209,4620,321.19388136,28.28019744
209,4621,329.31482016,29.54536128
209,4622,336.94829232,24.48799776
209,4623,343.2198876,21.6493344
209,4624,348.72430128,17.75069856
209,4625,353.54200056,16.8048432
209,4626,357.5063208,11.67725376
209,4627,360.53584992,10.7313984
209,4628,363.98838048,15.08979456
209,4629,368.51450808,16.87068
209,4630,374.12090784,24.28170912
209,4631,380.98174248,22.09263552
209,4632,387.63927552,28.41296832
209,4633,395.4975072,25.77400992
209,4634,402.00349368,22.45254336
209,4635,408.12875448,21.9456
209,4636,414.229296,22.000464
209,4637,420.38003808,22.53593664
209,4638,426.90784824,24.95873088
209,4639,434.50541496,29.61887904
209,4640,443.2029744,32.92608096
209,4641,452.28040608,31.601664
209,4642,460.81465368,29.21069088
209,4643,468.83933664,30.53510784
209,4644,477.67871952,31.67627904
209,4645,485.88171048,27.58452192
209,4646,493.49988168,27.432
209,4647,498.8340798,27.432
212,4646,438.397105714286,34.1692992
212,4647,447.14812272,38.65936896
212,4648,457.67661576,36.74351808
212,4649,467.44597392,33.62943744
212,4650,477.28790496,35.96115744
212,4651,486.30766848,32.91071904
212,4652,494.61889392,22.92108192
212,4653,499.05342912,21.34648512
243,4631,327.3669856,41.3272224
243,4632,335.52304752,46.85605056
243,4633,348.69766176,47.16987264
243,4634,361.41367392,43.72002432
243,4635,372.75872616,38.59462944
243,4636,383.56998216,40.0562064
243,4637,394.32393576,34.77719232
243,4638,403.25442336,31.5138816
243,4639,412.0109616,31.55887008
243,4640,420.77896032,31.52704896
243,4641,429.53409648,31.51827072
243,4642,438.33467832,32.177736
243,4643,447.4375608,32.84488224
243,4644,456.68668632,34.25817888
243,4645,466.09552704,31.81892544
243,4646,475.37793672,36.76107456
243,4647,484.909368,30.83247072
243,4648,493.33461912,30.1038768
243,4649,498.9828222,27.6404832
257,4571,28.8807144,20.0034144
257,4572,31.93773648,19.98585792
257,4573,37.4859804,19.45367712
257,4574,42.25695384,15.37618464
257,4575,46.53805272,15.66147744
257,4576,50.98627344,16.18597728
257,4577,55.5095664,16.75875744
257,4578,60.36658488,17.83518912
257,4579,65.27066448,16.78070304
257,4580,69.56142552,14.80889088
257,4581,73.6184964,13.6007856
257,4582,76.9746492,11.4501168
257,4583,80.16297912,11.37111264
257,4584,83.25648576,11.1538512
257,4585,86.95779408,15.33777984
257,4586,91.23328464,15.34655808
257,4587,95.44421856,14.80669632
257,4588,99.42752784,14.07700512
257,4589,103.33183296,14.02982208
257,4590,107.1716424,12.99618432
257,4591,110.48902464,11.10008448
257,4592,113.56296312,11.58069312
257,4593,116.72364768,11.027664
257,4594,119.76875208,10.74017664
257,4595,122.50576464,9.18203904
257,4596,125.27505552,10.71384192
257,4597,128.0031984,9.28737792
257,4598,130.75307352,10.60191936
257,4599,133.88449728,10.88611488
257,4600,136.87452432,11.37550176
257,4601,140.07169344,11.52802368
257,4602,143.36886744,12.31916256
257,4603,146.8192644,12.43876608
257,4604,150.28487088,12.47936544
257,4605,153.75084312,12.50131104
257,4606,157.56322056,15.37618464
257,4607,161.96779392,15.8337504
257,4608,166.36916688,15.90617088
257,4609,170.79074808,15.83045856
257,4610,174.98799648,14.90874336
257,4611,179.29152864,15.64831008
257,4612,183.85548192,18.50672448
257,4613,189.50598624,20.87684928
257,4614,195.17279736,19.20459456
257,4615,200.21431128,17.79678432
257,4616,205.122018,17.82421632
257,4617,210.87021072,24.53408352
257,4618,218.01457032,23.86584
257,4619,221.6584848,7.35616512
257,4620,225.7696272,18.85895136
257,4621,231.00145824,18.82713024
257,4622,236.15647968,18.28397664
257,4623,241.16589816,17.74411488
257,4624,246.16873296,18.4123584
257,4625,251.57052048,19.12997952
257,4626,256.30424736,16.60623552
257,4627,260.99463168,17.23387968
257,4628,266.01791856,18.79201728
257,4629,271.48645728,20.3325984
257,4630,277.193502,20.37758688
257,4631,282.44968656,17.54770176
257,4632,287.50540416,19.23970752
257,4633,292.68285888,17.58830112
257,4634,297.62421552,19.11132576
257,4635,303.30565704,21.26309184
257,4636,309.34694544,21.80624544
257,4637,315.41273976,21.94121088
257,4638,321.5263572,22.32855072
257,4639,327.86897088,23.08018752
257,4640,334.19158968,22.22979552
257,4641,340.2936552,21.8413584
257,4642,346.32994488,21.50449344
257,4643,352.21051224,21.03266304
257,4644,358.10013216,21.45401856
257,4645,364.12346784,21.89293056
257,4646,370.21904112,21.94230816
257,4647,376.31388288,21.93243264
257,4648,382.59416496,24.02604288
257,4649,389.5438488,25.22427264
257,4650,396.44430744,23.9316768
257,4651,402.73690344,21.94230816
257,4652,408.99554472,24.13577088
257,4653,416.04623928,24.05676672
257,4654,421.93802328,20.48512032
257,4655,428.12838936,22.94741664
257,4656,433.9413216,19.56779424
257,4657,439.62849336,21.58678944
257,4658,445.7154408,21.9456
257,4659,451.88248968,23.36438304
257,4660,458.84756592,25.87057056
257,4661,466.03359168,25.91007264
257,4662,473.2437576,25.92762912
257,4663,480.4324656,25.86947328
257,4664,487.618278,25.87166784
257,4665,494.82963264,26.2195056
257,4666,499.6341544,27.0040608
272,4574,21.4354156,18.2477664
272,4575,25.549098,18.4781952
272,4576,30.38938296,16.86299904
272,4577,34.92819024,16.14537792
272,4578,39.93014112,19.35711648
272,4579,44.89240704,16.33740192
272,4580,48.89485776,11.92633632
272,4581,51.94572288,11.7079776
272,4582,55.44705192,12.69114048
272,4583,58.952892,12.61872
272,4584,62.45635464,12.2675904
272,4585,65.81384856,13.2386832
272,4586,69.82288296,14.6267424
272,4587,73.88425152,14.24049984
272,4588,77.72768808,14.7693888
272,4589,82.12643976,15.9325056
272,4590,86.55167856,15.61319712
272,4591,90.2374116,11.0770416
272,4592,93.25947312,10.80381888
272,4593,96.27918768,10.9728
272,4594,99.3276144,10.84441824
272,4595,102.03701208,9.00098784
272,4596,104.7335472,10.2211632
272,4597,107.57784936,10.2376224
272,4598,110.36649504,9.33675552
272,4599,112.73628456,8.22850272
272,4600,115.060476,8.84736864
272,4601,117.7116264,9.81078048
272,4602,120.53739672,11.8615968
272,4603,124.38973344,14.6322288
272,4604,128.33201664,13.89814848
272,4605,132.40749744,15.30486144
272,4606,136.56542664,14.62783968
272,4607,140.62962984,14.62893696
272,4608,144.67365528,14.5225008
272,4609,148.8518232,15.77449728
272,4610,153.36322896,16.4592
272,4611,157.935168,16.4592
272,4612,162.4998528,16.3714176
272,4613,167.054784,16.4592
272,4614,171.62672304,16.4592
272,4615,176.19887544,16.46578368
272,4616,180.77456352,16.46688096
272,4617,185.34665496,16.46688096
272,4618,189.92648832,16.48443744
272,4619,194.4992808,16.4592
272,4620,199.07137224,16.45590816
272,4621,203.63172888,16.40872512
272,4622,208.25240544,17.29423008
272,4623,213.26264688,18.31470048
272,4624,218.31120168,17.59378752
272,4625,222.96321168,16.31545632
272,4626,227.5112544,16.4592
272,4627,232.0832544,16.4592
272,4628,236.6552544,16.4592
272,4629,241.20631464,16.39116864
272,4630,246.21628176,20.49060672
272,4631,251.6934768,17.36006688
272,4632,256.67979144,19.78725024
272,4633,262.37308968,20.574
272,4634,267.66795336,17.73862848
272,4635,273.0910464,20.42806176
272,4636,278.42998416,18.74483424
272,4637,283.96667616,21.53521728
272,4638,289.88945832,19.62265824
272,4639,294.9889452,18.79092
272,4640,300.69062544,21.80953728
272,4641,306.78802752,21.93682176
272,4642,312.84851832,21.79636992
272,4643,318.93564864,21.96974016
272,4644,325.13570736,22.71040416
272,4645,331.44899928,22.4887536
272,4646,337.5937368,21.94450272
272,4647,343.6610856,21.78868896
272,4648,349.70438568,21.65152896
272,4649,355.71373104,21.70529568
272,4650,361.7364876,21.69980928
272,4651,367.8119136,21.9456
272,4652,373.90736496,21.93791904
272,4653,380.02564584,22.67309664
272,4654,386.72228472,25.0015248
272,4655,393.63042432,24.02275104
272,4656,399.88763304,21.83258016
272,4657,405.9832368,21.9456
272,4658,412.07914536,21.95986464
272,4659,418.18941,22.12445664
272,4660,424.42476456,22.35708
272,4661,430.5357912,21.9456
272,4662,436.63136448,21.92036256
272,4663,442.73577696,22.96387584
272,4664,449.9311296,27.96637536
272,4665,457.70630328,27.98832096
272,4666,465.48089784,28.03111488
272,4667,473.2803336,28.03989312
272,4668,481.05599496,27.9916128
272,4669,488.8266576,27.7008336
272,4670,496.1750808,25.67196288
272,4671,499.9625256,26.0823456
283,4580,21.6232086857143,15.36192
283,4581,25.2535944,15.36192
283,4582,29.52076392,15.36521184
283,4583,33.66509904,14.01665472
283,4584,37.40325768,13.3538976
283,4585,41.11169832,13.35499488
283,4586,44.7371724,12.4157232
283,4587,48.06610656,11.88463968
283,4588,51.3680964,11.88244512
283,4589,54.84071328,13.79171232
283,4590,58.9068672,14.81328
283,4591,63.0225816,14.82644736
283,4592,67.16673384,16.36702848
283,4593,72.37335792,19.74445632
283,4594,77.41039128,16.54807968
283,4595,82.151982,17.5784256
283,4596,86.9763564,16.35934752
283,4597,91.09197936,14.06493504
283,4598,94.96595688,13.92228864
283,4599,98.78799648,12.42450144
283,4600,101.65759704,9.30712896
283,4601,104.2348944,9.28518336
283,4602,106.76711184,8.21423808
283,4603,108.66918576,6.089904
283,4604,110.71939248,8.3009232
283,4605,113.02691136,9.19849824
283,4606,115.79095968,10.84990464
283,4607,119.15433624,12.8491488
283,4608,122.74378296,12.30160608
283,4609,125.94515832,11.77052256
283,4610,129.29551992,12.6626112
283,4611,133.51370808,16.9310304
283,4612,138.1382556,16.4592
283,4613,142.710408,16.44603264
283,4614,147.26860056,16.41750336
283,4615,151.839168,16.4592
283,4616,156.411168,16.4592
283,4617,160.98258888,16.41750336
283,4618,165.53255184,16.41750336
283,4619,170.1040032,16.4592
283,4620,174.67563744,16.38129312
283,4621,179.08865376,15.42117312
283,4622,183.35667672,15.36192
283,4623,187.62722952,15.39374112
283,4624,191.8996416,15.36192
283,4625,196.1668416,15.36192
283,4626,200.43273096,15.3235152
283,4627,204.68603208,15.4277568
283,4628,209.26549968,17.64097056
283,4629,214.21883496,17.78361696
283,4630,219.154248,17.90980416
283,4631,224.55658416,21.34319328
283,4632,230.63447904,21.9456
283,4633,236.7303876,21.92255712
283,4634,242.80084536,21.86769312
283,4635,248.89391928,21.9456
283,4636,254.97638616,21.88305504
283,4637,261.180834,22.7630736
283,4638,267.42713088,21.9401136
283,4639,273.44656512,21.7974672
283,4640,279.5406144,21.9456
283,4641,285.63701064,21.91926528
283,4642,291.70100664,21.84574752
283,4643,297.79377576,21.9456
283,4644,303.88977576,21.9456
283,4645,309.96843264,21.78429984
283,4646,316.03693968,21.9456
283,4647,322.18423752,22.78063008
283,4648,328.72094784,23.80110048
283,4649,335.1475644,22.2363792
283,4650,341.23679784,21.7919808
283,4651,347.31673488,22.12445664
283,4652,353.49384216,22.26051936
283,4653,359.87955456,24.7217184
283,4654,367.07432808,26.3786112
283,4655,374.5891416,27.43309728
283,4656,382.25199648,27.93455424
283,4657,390.09090384,28.16278848
283,4658,397.28259888,23.3830368
283,4659,403.541484,21.99826944
283,4660,409.66494648,22.45364064
283,4661,415.89469272,22.0443552
283,4662,421.9962096,22.04325792
283,4663,428.01369312,21.29930208
283,4664,434.06427792,22.45473792
283,4665,440.33636088,22.69284768
283,4666,446.93046504,24.2937792
283,4667,453.60421344,24.36619968
283,4668,460.76713536,26.84714976
283,4669,468.40121712,29.23812288
283,4670,476.93711064,30.93561504
283,4671,485.09151648,27.31898016
283,4672,492.50839776,26.9711424
283,4673,498.5277812,26.8138656
290,4582,21.20420448,15.6142944
290,4583,24.29158464,14.56310016
290,4584,27.85283736,10.28480544
290,4585,30.1908972,8.99659872
290,4586,33.63693552,14.76609696
290,4587,37.70845392,13.65126048
290,4588,40.8925776,10.14545088
290,4589,43.73273448,10.7752896
290,4590,47.04996432,12.62640096
290,4591,50.52956112,12.14908416
290,4592,54.33931728,16.58319264
290,4593,59.41695,19.15521696
290,4594,64.79843784,19.39113216
290,4595,70.18303464,19.1146176
290,4596,74.78700816,14.6102832
290,4597,79.02702,15.5484576
290,4598,83.31598272,15.29388864
290,4599,86.84017176,9.23800032
290,4600,89.10910296,8.0430624
290,4601,91.34371368,8.05513248
290,4602,93.7208184,9.26323776
290,4603,96.38437416,9.6889824
290,4604,99.07648968,9.6944688
290,4605,101.84224488,10.28370816
290,4606,104.7236412,10.29358368
290,4607,107.01290256,5.87154528
290,4608,108.53214768,5.66086752
290,4609,110.63849856,9.96769152
290,4610,113.96176344,14.55871104
290,4611,118.27011144,14.30962848
290,4612,121.82630448,12.34220544
290,4613,125.4215424,14.02104384
290,4614,129.59404104,16.020288
290,4615,134.31600264,17.36006688
290,4616,139.41740976,19.61278272
290,4617,145.0793136,20.93719968
290,4618,150.7682532,18.79092
290,4619,155.49658512,16.4592
290,4620,160.03923288,15.95225664
290,4621,164.33456592,15.23353824
290,4622,168.73365288,16.46688096
290,4623,173.3056224,16.4592
290,4624,177.87896352,16.47236736
290,4625,182.45303616,16.4592
290,4626,187.02738312,16.48772928
290,4627,191.6049,16.4592
290,4628,196.1769,16.4592
290,4629,200.77371072,16.96833792
290,4630,206.015082,21.2652864
290,4631,212.23540992,21.5834976
290,4632,217.75271664,20.11533696
290,4633,223.77126696,21.753576
290,4634,229.66747056,20.5410816
290,4635,235.61744088,22.39109568
290,4636,240.90511128,16.35715296
290,4637,245.56053504,18.37175904
290,4638,251.33780568,22.41962496
290,4639,258.26941488,27.43529184
290,4640,265.97844696,27.49564224
290,4641,273.52697136,27.21473856
290,4642,281.03239704,25.51395456
290,4643,287.3575152,20.02865184
290,4644,292.2408684,16.33081824
290,4645,296.80140792,16.46029728
290,4646,301.58841384,18.92588544
290,4647,307.37824224,21.41561376
290,4648,313.14164448,20.6947008
290,4649,318.947292,20.9141568
290,4650,324.75678,20.9141568
290,4651,328.2420156,20.9086704
297,4641,265.32459,22.9441248
297,4642,271.02050952,22.3954848
297,4643,277.10410416,21.76893792
297,4644,283.17654312,21.07435968
297,4645,288.27950472,16.3823904
297,4646,292.8393432,16.4592
297,4647,297.41079456,16.45810272
297,4648,302.41411704,20.57509728
297,4649,308.4563808,21.8248992
297,4650,314.51251296,21.90829248
297,4651,320.70062352,24.26854176
297,4652,328.86645936,32.6660256
297,4653,337.6083672,31.03437024
297,4654,346.4535108,31.37452704
297,4655,354.81963072,29.13607584
297,4656,362.56304424,27.19718208
297,4657,370.16972448,27.432
297,4658,377.79033408,27.51758784
297,4659,385.5784008,28.54793376
297,4660,393.45982776,27.34641216
297,4661,400.50655992,23.54653152
297,4662,406.707594,21.4408512
297,4663,412.69590816,21.92475168
297,4664,418.79203008,21.97412928
297,4665,424.61182032,19.1255904
297,4666,430.07389728,21.4737696
297,4667,436.33671432,23.34024288
297,4668,442.93228152,24.61637952
297,4669,450.25031616,27.29813184
297,4670,457.64442888,27.15438816
297,4671,465.9526368,32.79111552
297,4672,475.55499504,34.89789312
297,4673,484.46463432,28.89577152
297,4674,492.35871048,27.70522272
297,4675,498.3628336,27.3826224
301,4587,21.6436109333333,12.356592
301,4588,24.80617848,12.30380064
301,4589,28.34310816,12.47497632
301,4590,31.79579112,12.40804224
301,4591,35.24652336,12.8875536
301,4592,39.51911832,17.64097056
301,4593,44.473368,17.49722688
301,4594,48.83030112,15.61758624
301,4595,53.99053464,20.1186288
301,4596,59.57751864,20.11423968
301,4597,65.16733728,20.00560896
301,4598,70.21455096,15.9270192
301,4599,74.32706496,13.85974368
301,4600,78.1181064,13.61614752
301,4601,81.54381456,10.96841088
301,4602,84.24419016,8.4984336
301,4603,86.48178792,8.0869536
301,4604,88.60865184,6.31265184
301,4605,90.1540488,5.4864
301,4606,91.68255984,5.75413632
301,4607,93.4221144,6.14147616
301,4608,95.2108332,7.13451456
301,4609,97.22473824,7.67657088
301,4610,99.66435744,10.15642368
301,4611,102.69004608,11.32283232
301,4612,106.1889672,14.68050912
301,4613,110.66522952,16.46029728
301,4614,115.4320272,18.16876224
301,4615,120.40173024,17.15377824
301,4616,125.05020456,16.39775232
301,4617,129.45432072,15.82936128
301,4618,134.14040736,17.090136
301,4619,138.7481604,16.45810272
301,4620,143.31967272,16.431768
301,4621,147.87713376,16.431768
301,4622,152.387808,15.90397632
301,4623,156.868368,16.46578368
301,4624,161.43820392,16.39446048
301,4625,165.98877648,16.43944896
301,4626,170.5608984,16.4592
301,4627,175.1328984,16.46029728
301,4628,179.70800736,16.47127008
301,4629,184.28083032,16.4592
301,4630,188.85859104,16.48882656
301,4631,193.4330904,16.4592
301,4632,198.00445032,16.45810272
301,4633,202.99926888,20.52133056
301,4634,209.2342272,24.11163072
301,4635,216.18449016,24.68550816
301,4636,222.58336992,21.8194128
301,4637,228.65248656,21.6328752
301,4638,234.14290992,17.78800608
301,4639,239.47181976,21.37830624
301,4640,245.54410632,21.9456
301,4641,251.6392224,21.9565728
301,4642,257.88999984,23.35889664
301,4643,264.44505912,23.04397728
301,4644,270.59058912,21.6657936
301,4645,276.49221816,19.47781728
301,4646,281.29604904,16.45700544
301,4647,285.86192256,16.3384992
301,4648,290.404296,16.4537136
301,4649,294.97696656,16.4592
301,4650,299.54735112,16.5085776
301,4651,304.67475768,21.0732624
301,4652,310.72948776,21.79417536
301,4653,316.8359424,22.89035808
301,4654,324.14650944,30.15764352
301,4655,332.85738864,31.16384928
301,4656,341.59856496,32.1064128
301,4657,350.37269016,30.82369248
301,4658,358.61387256,27.99380736
301,4659,366.21497496,27.432
301,4660,373.8350664,27.432
301,4661,381.51233832,28.1946096
301,4662,389.4972144,28.89028512
301,4663,397.26010464,26.68694688
301,4664,404.50065912,24.87094848
301,4665,410.98067664,22.44925152
301,4666,417.22544952,22.54471488
301,4667,423.30962328,20.98657728
301,4668,429.11463072,21.25870272
301,4669,435.10385928,21.94450272
301,4670,441.19467768,22.17493152
301,4671,447.61181496,24.28170912
301,4672,454.69329432,26.92505664
301,4673,462.69929304,30.02596992
301,4674,471.65602392,34.77060864
301,4675,481.21866672,31.97803104
301,4676,489.34749984,28.48648608
301,4677,496.844590933334,28.4573472
304,4656,332.3319744,25.48761984
304,4657,337.72303296,26.52345216
304,4658,345.24988608,27.31020192
304,4659,352.8660456,27.432
304,4660,360.45081072,27.17852832
304,4661,368.03551488,27.432
304,4662,375.65566728,27.432
304,4663,383.25838512,27.30691008
304,4664,390.83790768,26.80984224
304,4665,397.738092,24.04908576
304,4666,404.60886312,24.55273728
304,4667,411.32366808,23.45655456
304,4668,417.57255576,21.99168576
304,4669,423.63094344,22.26051936
304,4670,430.39515648,25.8299712
304,4671,437.56639944,25.7805936
304,4672,444.7294128,25.82229024
304,4673,451.91236008,26.21182464
304,4674,459.63617496,29.62436544
304,4675,468.3476028,33.38254944
304,4676,477.9846168,34.94507616
304,4677,486.96256176,29.1437568
304,4678,494.70832224,27.44626464
304,4679,499.7102528,27.70632
316,4604,66.8758632,11.8012464
316,4605,68.5028856,9.49586112
316,4606,71.33886672,10.7917488
316,4607,74.33651376,10.7917488
316,4608,77.07748872,9.3982032
316,4609,79.98582936,11.04631776
316,4610,82.3967364,4.14662112
316,4611,83.24502528,4.33315872
316,4612,84.76786704,7.13670912
316,4613,87.33553272,10.70067456
316,4614,90.48728664,11.52034272
316,4615,93.6188628,11.36562624
316,4616,96.9849216,13.4361936
316,4617,101.23023696,16.42189248
316,4618,105.89776128,16.99576992
316,4619,110.52858768,16.91018208
316,4620,115.5574524,19.62265824
316,4621,121.21466232,20.38526784
316,4622,126.80170728,19.6083936
316,4623,132.35110944,20.45659104
316,4624,137.88746616,19.56559968
316,4625,143.32174536,19.53268128
316,4626,148.390356,16.14757248
316,4627,152.62491192,15.1753824
316,4628,156.84136272,15.17867424
316,4629,161.0551008,15.50676096
316,4630,165.40761432,14.50384704
316,4631,169.27153344,14.66734176
316,4632,173.52846168,15.12490752
316,4633,177.506376,14.00239008
316,4634,181.3424364,13.12566336
316,4635,184.7755512,12.07008
316,4636,188.26575504,14.16149568
316,4637,192.67206576,16.46029728
316,4638,197.24403528,16.45151904
316,4639,202.13308824,19.9869552
316,4640,208.24112784,24.16649472
316,4641,215.72378496,28.18802592
316,4642,223.41806472,27.3167856
316,4643,230.9890224,26.48175552
316,4644,237.64975584,22.0224096
316,4645,243.72149376,21.90938976
316,4646,249.7095336,20.44122912
316,4647,254.84651088,17.42041728
316,4648,259.9873896,19.50744384
316,4649,265.44797304,20.26017792
316,4650,270.1291016,21.6493344
317,4590,17.7032412,15.3674064
317,4591,21.56130816,15.43653504
317,4592,25.83268392,15.36192
317,4593,30.12146376,15.56711136
317,4594,34.45593312,15.60222432
317,4595,38.43915096,12.79647936
317,4596,42.13107144,13.83011712
317,4597,45.68485656,11.5598448
317,4598,49.40113056,16.64134848
317,4599,54.3426396,17.92077696
317,4600,59.32243152,17.88785856
317,4601,63.84578544,14.11540992
317,4602,67.5829992,13.3977888
317,4603,71.30512536,13.3977888
317,4604,75.02716008,13.3977888
317,4605,78.78281424,13.51629504
317,4606,81.97699632,8.89564896
317,4607,84.2316324,8.0430624
317,4608,86.46852912,7.9881984
317,4609,88.34082408,5.46335712
317,4610,89.89204272,6.08112576
317,4611,91.80542472,7.48783872
317,4612,94.00876296,8.613648
317,4613,96.73593048,10.83673728
317,4614,100.04444304,13.98154176
317,4615,104.56093896,17.79020064
317,4616,109.70306736,19.74774816
317,4617,115.6362432,22.16176416
317,4618,121.65403152,20.7056736
317,4619,127.05292344,18.89406432
317,4620,132.4854348,19.17606528
317,4621,137.37723096,16.59636
317,4622,141.85699848,15.5374848
317,4623,146.07811272,15.12271296
317,4624,150.28825416,15.17757696
317,4625,154.48327752,14.94056448
317,4626,158.604204,14.81328
317,4627,162.7119936,14.73208128
317,4628,166.7466312,14.100048
317,4629,170.5749192,13.716
317,4630,174.3849192,13.716
317,4631,178.19662608,13.72916736
317,4632,182.0088816,13.71709728
317,4633,185.90233584,15.05248704
317,4634,190.38518184,16.47346464
317,4635,194.95568832,16.5085776
317,4636,200.0804736,21.02607936
317,4637,206.19518832,23.34243744
317,4638,213.49447776,28.24288992
317,4639,221.28598872,27.49564224
317,4640,228.43918752,23.34353472
317,4641,234.5975496,21.9456
317,4642,240.68004696,21.85123392
317,4643,246.763032,21.9456
317,4644,252.859032,21.90390336
317,4645,258.91452408,21.85672032
317,4646,265.01085936,21.85013664
317,4647,270.79190952,18.64498176
317,4648,275.5006428,16.45700544
317,4649,280.07267328,16.4592
317,4650,284.64467328,16.4592
317,4651,289.21673424,16.4592
317,4652,293.78906952,16.45700544
317,4653,298.1750196,16.60404096
317,4654,303.73627848,21.95328096
317,4655,309.81953784,21.79417536
317,4656,315.94543872,23.20856928
317,4657,322.7720748,25.03005408
317,4658,330.11723664,27.92687328
317,4659,337.81614936,27.43638912
317,4660,345.39283728,27.18291744
317,4661,352.9230432,27.05014656
317,4662,360.44974392,27.16206912
317,4663,367.86781392,25.37789184
317,4664,374.40979728,23.0264208
317,4665,380.8736604,22.18480704
317,4666,387.30241056,25.07613984
317,4667,394.15370496,23.35670208
317,4668,400.337274,21.94669728
317,4669,406.2974856,21.00084192
317,4670,412.1683908,21.24553536
317,4671,418.08138888,21.28064832
317,4672,423.76898736,18.6702192
317,4673,429.41208504,23.85157536
317,4674,436.30105272,24.8643648
317,4675,443.20209048,24.86326752
317,4676,450.11666136,24.853392
317,4677,457.21545336,27.98502912
317,4678,465.55249536,30.6854352
317,4679,474.74486712,35.17001856
317,4680,484.14547824,30.94987968
317,4681,492.20143368,28.25715456
317,4682,498.3837632,27.6020784
324,4594,20.823174,12.673584
324,4595,23.0959152,14.00019552
324,4596,26.95282392,13.6282176
324,4597,31.01440584,15.11942112
324,4598,35.31111048,16.50748032
324,4599,39.35931168,10.49438592
324,4600,41.7478464,8.27458848
324,4601,44.04814152,8.29214496
324,4602,46.35127128,8.27678304
324,4603,48.65059104,8.27458848
324,4604,50.94988032,8.27568576
324,4605,53.24920008,8.27458848
324,4606,55.54848936,8.27458848
324,4607,57.84777864,8.27678304
324,4608,60.14712888,8.2734912
324,4609,62.44687536,8.284464
324,4610,64.7472924,8.27568576
324,4611,67.04649024,8.28336672
324,4612,68.9864508,4.52957184
324,4613,70.28313096,7.8400656
324,4614,73.23389976,11.52473184
324,4615,76.45758648,13.01593536
324,4616,80.8274736,17.06599584
324,4617,85.55617128,17.03088288
324,4618,90.2797788,17.72216928
324,4619,95.73481488,21.14239104
324,4620,101.76171672,21.90061152
324,4621,107.71293672,20.54547072
324,4622,113.27605488,19.94635584
324,4623,118.85804016,20.12740704
324,4624,124.24583736,18.14791392
324,4625,128.93067432,16.52942592
324,4626,133.79156376,17.79568704
324,4627,138.55851384,16.71376896
324,4628,143.14224864,16.431768
324,4629,147.7002888,16.43615712
324,4630,152.11184208,14.67173088
324,4631,155.9675316,13.716
324,4632,159.77756208,13.716
324,4633,163.57616256,13.63809312
324,4634,167.280336,13.34731392
324,4635,171.262548,14.89228416
324,4636,175.36146792,14.7748752
324,4637,179.51945808,14.90764608
324,4638,183.42675024,13.49325216
324,4639,187.36449192,15.5319984
324,4640,191.9078712,16.65341856
324,4641,197.17185864,21.47815872
324,4642,203.25377688,21.89731968
324,4643,209.52960888,24.8095008
324,4644,217.11510552,28.09475712
324,4645,224.77695456,27.29484
324,4646,232.32078504,26.41262688
324,4647,239.00843232,22.04654976
324,4648,245.0844984,21.9456
324,4649,251.1801936,21.9456
324,4650,257.29484736,22.40974944
324,4651,263.65812648,22.89364992
324,4652,269.82791856,21.66359904
324,4653,275.87792424,21.9456
324,4654,281.97389376,21.9456
324,4655,288.06772968,21.94669728
324,4656,294.68438904,26.20194912
324,4657,302.10364776,26.90859744
324,4658,309.63129336,27.00735264
324,4659,317.14595448,27.15768
324,4660,324.68990688,27.15438816
324,4661,332.23309728,27.15548544
324,4662,339.7890588,27.23668416
324,4663,347.38723512,27.61634304
324,4664,355.10483208,27.75240576
324,4665,362.71297536,27.2180304
324,4666,370.32218544,27.239976
324,4667,377.26226808,23.17565088
324,4668,383.79812496,24.4309392
324,4669,390.95251248,25.91555904
324,4670,397.58730744,22.08276
324,4671,403.63697784,21.26199456
324,4672,409.44369216,20.93829696
324,4673,415.17893088,20.35783584
324,4674,420.5374368,18.33993792
324,4675,426.1250304,22.42730592
324,4676,432.85376472,25.51176
324,4677,440.31252552,28.81018368
324,4678,448.60457904,30.26078784
324,4679,457.25178552,30.93561504
324,4680,465.66463128,31.34051136
324,4681,474.98029464,34.74866304
324,4682,483.96528048,29.54645856
324,4683,492.11410848,30.08083392
324,4684,498.48162432,30.59875008
333,4599,19.96689936,18.1490112
333,4600,23.75257632,18.10950912
333,4601,28.72075536,17.11866528
333,4602,33.2271624,15.87654432
333,4603,37.42182,12.53861856
333,4604,40.08284592,8.41174848
333,4605,42.41971704,8.41504032
333,4606,44.74893768,8.26581024
333,4607,47.00195832,8.0430624
333,4608,49.23711768,8.0430624
333,4609,51.45721992,7.80056352
333,4610,53.5628088,7.49551968
333,4611,55.64559864,7.49551968
333,4612,57.6318888,5.93518752
333,4613,58.894218,4.02592032
333,4614,60.01170624,4.02482304
333,4615,61.31442144,6.90298848
333,4616,63.93731688,10.4296464
333,4617,66.83294736,10.42416
333,4618,69.95690352,14.71781664
333,4619,75.6539508,23.74952832
333,4620,81.99647304,20.28651264
333,4621,87.30331536,19.21117824
333,4622,92.50539792,17.7155856
333,4623,97.1149188,16.67097504
333,4624,102.12473352,19.2462912
333,4625,107.46162912,18.24337728
333,4626,112.36107576,18.47709792
333,4627,117.93690408,21.09191616
333,4628,123.66272448,19.11132576
333,4629,128.6679672,18.16108128
333,4630,133.72188648,16.69182336
333,4631,137.98079592,15.08650272
333,4632,142.20361704,15.444216
333,4633,146.52720504,15.58466784
333,4634,150.72210648,14.0287248
333,4635,154.42085448,13.16077632
333,4636,158.4310776,16.50199392
333,4637,163.1527344,16.92444672
333,4638,167.81919192,16.4592
333,4639,172.39058232,16.46688096
333,4640,176.63925048,12.88865088
333,4641,179.79777096,11.56423392
333,4642,183.67452216,16.1519616
333,4643,188.29379664,17.0297856
333,4644,193.3001976,20.03304096
333,4645,199.31944896,22.5929952
333,4646,206.1159708,26.663904
333,4647,213.92476392,28.69826112
333,4648,221.74312776,27.43309728
333,4649,229.33849992,27.432
333,4650,236.95755504,27.38371968
333,4651,244.53835776,26.84276064
333,4652,251.45356872,22.7575872
333,4653,257.69440968,23.19430464
333,4654,264.2587044,23.21405568
333,4655,270.4336476,21.62080512
333,4656,276.27126864,19.52829216
333,4657,281.13755304,16.45151904
333,4658,285.70958352,16.4592
333,4659,290.31428856,17.28435456
333,4660,295.67629968,21.26857824
333,4661,301.7515428,21.9949776
333,4662,308.39468928,26.41482144
333,4663,315.95991672,27.41663808
333,4664,323.91373368,31.10898528
333,4665,333.0022296,33.02593344
333,4666,342.13705512,32.71430592
333,4667,351.0098136,31.0969152
333,4668,359.7750996,32.36866272
333,4669,368.855244,32.19748704
333,4670,377.166378,27.870912
333,4671,384.77394216,27.29703456
333,4672,392.28305592,25.36143264
333,4673,397.79237688,16.05649824
333,4674,402.5647524,19.03671072
333,4675,408.24003696,20.01658176
333,4676,413.48991216,18.60218784
333,4677,419.05303032,20.72542464
333,4678,424.63483272,20.49499584
333,4679,430.45386096,20.9799936
333,4680,436.280814,20.96792352
333,4681,442.09618464,20.94378336
333,4682,447.92347296,20.9361024
333,4683,453.62344632,20.9964528
333,4684,460.32608976,27.57793824
333,4685,468.79843248,33.42424608
333,4686,478.5122256,35.80534368
333,4687,488.3316624,34.13418624
333,4688,496.644429257143,37.5645970285714
338,4658,281.1877155,15.368778
338,4659,284.86717728,13.9793472
338,4660,288.83500272,14.86156032
338,4661,293.14572816,16.34288832
338,4662,298.27231176,21.27187008
338,4663,302.0205288,25.3526544
347,4602,20.4423264,12.2675904
347,4603,22.21007496,12.31257888
347,4604,25.4762508,11.38428
347,4605,28.43375568,8.33603616
347,4606,30.550866,8.64437184
347,4607,33.02480568,8.89016256
347,4608,35.49834912,8.9208864
347,4609,37.97750088,8.9208864
347,4610,40.45665264,8.9208864
347,4611,42.93577392,8.9208864
347,4612,45.41830896,8.94063744
347,4613,47.89892376,8.9208864
347,4614,50.37801456,8.9208864
347,4615,52.85710536,8.9208864
347,4616,55.33622664,8.9208864
347,4617,57.8153784,8.9208864
347,4618,60.29437776,8.9208864
347,4619,62.77426104,8.92966464
347,4620,65.25408336,8.9208864
347,4621,67.63271208,7.43297472
347,4622,71.25681456,20.72432736
347,4623,76.74949344,17.53672896
347,4624,81.9102756,20.18556288
347,4625,87.7827048,21.4957152
347,4626,93.67232472,20.45768832
347,4627,99.4507536,21.87537408
347,4628,105.51785856,20.9415888
347,4629,111.22615296,21.26418912
347,4630,117.2746956,21.32892864
347,4631,122.961654,19.70605152
347,4632,127.951992,16.32642912
347,4633,132.43578288,15.56711136
347,4634,136.1736672,11.84184576
347,4635,139.54484664,13.30342272
347,4636,143.41961664,13.79390688
347,4637,146.98931232,11.89122336
347,4638,150.264876,11.92962816
347,4639,153.79162536,13.39120512
347,4640,157.52493768,13.22002944
347,4641,160.84192368,10.78406784
347,4642,163.79820936,10.80601344
347,4643,167.13104496,13.4745984
347,4644,171.21405432,15.78217824
347,4645,175.74134016,16.46249184
347,4646,180.31699776,16.47127008
347,4647,184.88936352,16.46029728
347,4648,189.48864312,17.36335872
347,4649,195.03447912,22.21662816
347,4650,201.45515208,23.23161216
347,4651,207.74067672,23.7506256
347,4652,215.26661544,29.0559744
347,4653,223.29812592,28.96160832
347,4654,231.83206872,31.848552
347,4655,239.9978436,27.38481696
347,4656,247.6000128,27.432
347,4657,255.23674632,27.91809504
347,4658,263.22799272,28.91223072
347,4659,270.72979128,24.085296
347,4660,276.394926,17.3315376
347,4661,280.9871952,16.4592
347,4662,285.5591952,16.4592
347,4663,290.12500776,16.33959648
347,4664,294.78128496,18.80957376
347,4665,301.3722192,27.27069984
347,4666,308.98252656,27.2728944
347,4667,316.84319664,30.9762144
347,4668,326.04733368,33.71502528
347,4669,335.4127404,33.72160896
347,4670,344.50465008,30.92793408
347,4671,352.98799608,30.97840896
347,4672,361.72438704,31.78929888
347,4673,369.86949648,25.621488
347,4674,376.5009996,23.48288928
347,4675,383.02475592,23.48618112
347,4676,389.56850712,23.56847712
347,4677,396.0968964,23.481792
347,4678,402.62059176,23.481792
347,4679,409.14425664,23.481792
347,4680,415.67535864,23.536656
347,4681,422.13541176,21.80734272
347,4682,427.57087968,19.33517088
347,4683,433.42502088,22.21772544
347,4684,439.93448208,26.1097776
347,4685,448.0441128,30.57460992
347,4686,456.48228744,29.69459136
347,4687,464.64166152,30.78857952
347,4688,474.16571664,36.55917504
347,4689,483.88261872,31.97254464
347,4690,492.69490488,32.63091264
347,4691,498.8837622,30.6799488
354,4608,21.10919832,12.28295232
354,4609,24.51954456,12.2566176
354,4610,27.92477016,12.08873376
354,4611,30.7061616,7.72814304
354,4612,32.7388728,7.28374464
354,4613,34.76536608,7.23765888
354,4614,36.47532456,4.96080288
354,4615,37.79708976,4.75341696
354,4616,39.11781864,4.76438976
354,4617,40.48454184,5.09247648
354,4618,41.90686056,5.1242976
354,4619,43.3276248,5.28669504
354,4620,45.37569792,9.66264768
354,4621,48.16772688,10.0620576
354,4622,50.9613408,10.30236192
354,4623,54.56368056,15.89629536
354,4624,59.12851776,16.75766016
354,4625,64.63805208,23.20088832
354,4626,71.25596112,23.80768416
354,4627,78.08591952,25.92543456
354,4628,85.41937704,26.0768592
354,4629,92.06557152,22.09483008
354,4630,98.25484032,22.21662816
354,4631,104.25507216,21.30478848
354,4632,109.90591176,18.82713024
354,4633,115.1628888,18.9500256
354,4634,120.021096,16.50638304
354,4635,124.56295128,15.95774304
354,4636,128.66610792,13.71929184
354,4637,132.5489856,14.52469536
354,4638,136.47456576,13.0795776
354,4639,139.73903472,10.96511904
354,4640,142.78703472,10.9728
354,4641,145.82558592,10.91574144
354,4642,148.86791664,11.11215456
354,4643,152.08151448,11.88683424
354,4644,155.38362624,11.8835424
354,4645,158.67558816,11.59166592
354,4646,161.74016928,10.67763168
354,4647,164.70633048,11.11105728
354,4648,168.05967912,12.62091456
354,4649,171.58804392,13.30013088
354,4650,175.64142672,15.3674064
354,4651,179.94962232,16.60843008
354,4652,185.45431032,22.87389888
354,4653,192.51783696,27.31020192
354,4654,200.13606912,27.38591424
354,4655,207.84034632,29.35882368
354,4656,216.66089256,32.60128608
354,4657,225.51106536,31.96486368
354,4658,234.5980068,32.89535712
354,4659,243.64328208,31.83977376
354,4660,252.00281832,28.19131776
354,4661,259.73532,28.18583136
354,4662,267.17743872,23.81865696
354,4663,273.29504904,21.80624544
354,4664,279.38918976,21.9456
354,4665,285.47897184,21.8248992
354,4666,291.54571104,21.93901632
354,4667,297.69197256,23.31500544
354,4668,304.88080248,27.43419456
354,4669,312.47169408,27.27728352
354,4670,320.35205424,31.49303328
354,4671,330.15750072,36.45493344
354,4672,339.71691264,32.81525568
354,4673,348.79214976,32.56836768
354,4674,357.81977712,32.48936352
354,4675,366.87730536,32.02850592
354,4676,375.14457864,28.03660128
354,4677,382.8099024,27.29813184
354,4678,390.39250344,27.08745408
354,4679,397.2872928,22.384512
354,4680,403.3887792,21.9071952
354,4681,409.2372816,19.64899296
354,4682,414.49044864,19.3450464
354,4683,419.95246464,19.15411968
354,4684,425.20898448,18.74373696
354,4685,430.695354,21.40464096
354,4686,436.82436384,22.76746272
354,4687,443.66675808,26.2908288
354,4688,451.27380408,27.97954272
354,4689,458.9394936,27.432
354,4690,466.74258696,30.35734848
354,4691,475.90030296,34.1912448
354,4692,485.57816016,35.25999552
354,4693,495.33660648,34.4326464
354,4694,500.26824,32.863536
364,4610,19.809714,6.4520064
364,4611,21.05134728,6.28083072
364,4612,22.6754436,6.35983488
364,4613,24.82977,8.17034688
364,4614,27.01887408,7.86640032
364,4615,29.20407672,7.80385536
364,4616,31.13535048,6.0130944
364,4617,32.7600564,5.8210704
364,4618,34.37735568,5.90226912
364,4619,36.21005712,7.3627488
364,4620,38.2921764,7.4944224
364,4621,40.37338128,7.63816608
364,4622,43.00883448,11.53460736
364,4623,46.31332368,11.8945152
364,4624,49.6200684,12.3663456
364,4625,54.28936056,21.66250176
364,4626,60.56555832,22.68187488
364,4627,66.8642808,22.4722944
364,4628,73.43701848,26.33581728
364,4629,81.19387368,28.13096736
364,4630,88.96923024,27.44736192
364,4631,95.51170128,20.8044288
364,4632,101.52546624,21.06667872
364,4633,106.8688236,17.68047264
364,4634,111.3816924,16.05430368
364,4635,116.01315888,16.39665504
364,4636,120.35110296,14.29646112
364,4637,123.65102016,10.61837856
364,4638,127.10879328,13.6556496
364,4639,131.02525992,14.6651472
364,4640,134.30899224,8.76507264
364,4641,136.6758252,8.9867232
364,4642,140.05889184,14.21087328
364,4643,143.32570776,10.01377728
364,4644,146.095212,9.95452416
364,4645,148.87175712,10.01487456
364,4646,151.6889016,11.21090976
364,4647,155.64279768,15.9434784
364,4648,159.3854064,11.02985856
364,4649,162.10766664,8.56756224
364,4650,164.61092808,12.04923168
364,4651,168.90391416,17.33592672
364,4652,174.45727872,22.34830176
364,4653,181.17299808,26.16903072
364,4654,188.70466704,27.46601568
364,4655,196.3280808,27.432
364,4656,203.93942448,27.65584512
364,4657,212.0755728,30.7457856
364,4658,220.3579032,28.09695168
364,4659,227.966016,27.3990816
364,4660,235.5861684,27.40785984
364,4661,243.18035184,27.35299584
364,4662,250.79824872,27.36835776
364,4663,258.11658816,25.30986048
364,4664,265.02265512,23.65625952
364,4665,271.189704,21.65152896
364,4666,277.25312088,21.9456
364,4667,283.3486332,21.88086048
364,4668,289.65500616,24.89838048
364,4669,297.1066956,27.43419456
364,4670,304.72666512,27.43090272
364,4671,312.54917424,30.29260896
364,4672,321.71719248,35.92604448
364,4673,332.33191344,37.6970544
364,4674,342.0957852,33.4834992
364,4675,351.33372456,33.35950656
364,4676,360.52152432,32.43449952
364,4677,369.04473816,28.56439296
364,4678,376.69479144,26.773632
364,4679,383.77096728,24.66246528
364,4680,390.63347832,24.67563264
364,4681,397.03238856,20.29090176
364,4682,402.20024208,18.73934784
364,4683,407.53881408,17.78800608
364,4684,412.04293512,16.78070304
364,4685,417.20380872,20.40721344
364,4686,423.11918424,21.4353648
364,4687,429.49392384,24.91483968
364,4688,436.85316744,28.45685952
364,4689,445.51954584,31.64445792
364,4690,452.9832444,24.41228544
364,4691,460.89938808,31.60385856
364,4692,469.70539536,31.7443104
364,4693,478.51079304,31.64884704
364,4694,487.30015824,31.46011488
364,4695,495.58462224,26.97333696
364,4696,499.8058584,23.3830368
372,4610,4.7260383,12.2566176
372,4611,7.7890116,12.25442304
372,4612,11.19262176,12.25771488
372,4613,14.31481008,9.46184544
372,4614,16.69185384,8.41394304
372,4615,19.0288164,8.43918048
372,4616,21.12937608,6.0021216
372,4617,22.58153472,5.1242976
372,4618,24.00388392,5.12100576
372,4619,25.4547624,5.39532576
372,4620,26.9757144,5.4864
372,4621,28.49937912,5.4809136
372,4622,30.32296704,8.3722464
372,4623,32.87645952,9.30383712
372,4624,35.8950768,12.947904
372,4625,39.63399744,13.4361936
372,4626,43.7340756,16.96285152
372,4627,48.72572424,18.10731456
372,4628,54.23135712,22.62920544
372,4629,60.88154448,24.13686816
372,4630,67.75661328,27.05124384
372,4631,75.95308152,30.33759744
372,4632,83.46618816,21.25760544
372,4633,88.83469152,20.76273216
372,4634,94.78389984,21.22029792
372,4635,100.69470336,20.87904384
372,4636,106.24044792,19.4602608
372,4637,111.59377224,17.96686272
372,4638,115.8099792,13.60407744
372,4639,119.59215096,13.41205344
372,4640,123.17647704,12.42011232
372,4641,126.58822536,11.5982496
372,4642,129.34922568,9.01525248
372,4643,131.94154968,9.79651584
372,4644,134.6089764,9.20179008
372,4645,137.2602792,9.8535744
372,4646,140.00509464,10.20141216
372,4647,143.29416096,12.88426176
372,4648,146.76159624,12.39158304
372,4649,150.21467544,12.42889056
372,4650,153.88821648,14.72330304
372,4651,158.24441808,16.18488
372,4652,162.83181048,16.8761664
372,4653,167.79169896,19.52390304
372,4654,173.6974428,22.39767936
372,4655,180.39597144,26.170128
372,4656,187.94239272,27.46162656
372,4657,195.56665992,27.432
372,4658,203.17806456,27.3826224
372,4659,210.90279384,28.49526432
372,4660,218.83378128,27.96527808
372,4661,226.4499408,27.32446656
372,4662,234.06756336,27.39030336
372,4663,241.54604472,26.82520416
372,4664,249.125994,27.43309728
372,4665,256.61136384,26.19646272
372,4666,263.78559384,24.89838048
372,4667,270.13637616,21.65262624
372,4668,276.19247784,21.9456
372,4669,282.28850832,21.9456
372,4670,288.46482312,23.73197184
372,4671,295.7407344,27.43858368
372,4672,303.3607344,27.432
372,4673,310.9590936,27.27618624
372,4674,318.6266424,28.639008
372,4675,327.45416856,34.47982944
372,4676,336.5308992,29.28201408
372,4677,344.20292856,27.59330016
372,4678,352.15836096,29.3851584
372,4679,360.13726296,27.67779072
372,4680,367.7402856,27.432
372,4681,375.360438,27.432
372,4682,382.937004,27.0369792
372,4683,390.42737256,26.54210592
372,4684,397.08316824,22.4722944
372,4685,403.77867936,25.06516704
372,4686,410.74107336,25.06626432
372,4687,417.71587272,25.11454464
372,4688,424.68146712,25.06297248
372,4689,431.68296696,26.11087488
372,4690,439.19884728,29.01866688
372,4691,447.971418,29.98098144
372,4692,454.71914136,23.54104512
372,4693,462.65387784,31.02778656
372,4694,470.04576552,21.61970784
372,4695,478.41322656,36.20804544
372,4696,486.31608096,24.51104064
372,4697,493.40326008,25.1606304
372,4698,498.7765996,22.9294944
378,4618,16.03421736,3.4783776
378,4619,16.99939704,3.4783776
378,4620,17.96299176,3.64187232
378,4621,19.55234088,8.06171616
378,4622,21.90600648,8.4325968
378,4623,24.24107928,8.55549216
378,4624,27.13043088,12.44205792
378,4625,30.68415504,12.80306304
378,4626,34.23108216,12.85792704
378,4627,38.48782752,18.72947232
378,4628,44.04509352,20.58826464
378,4629,49.97202096,22.77624096
378,4630,57.70973472,32.17993056
378,4631,66.63296808,30.1587408
378,4632,73.9502712,23.91631488
378,4633,80.24497032,21.5231472
378,4634,86.04781368,20.02206816
378,4635,91.2987252,17.60914944
378,4636,96.0662544,17.29642464
378,4637,100.77721272,16.431768
378,4638,105.21043728,15.8886144
378,4639,109.46699976,14.25586176
378,4640,113.35798512,13.9958064
378,4641,117.01649952,11.3403888
378,4642,119.7862476,9.60449184
378,4643,122.45626512,10.0291392
378,4644,125.4300768,10.9728
378,4645,128.35405368,10.24640064
378,4646,131.34161184,11.48413248
378,4647,134.55844056,11.12861376
378,4648,137.6478324,12.06349632
378,4649,141.64778376,16.1958528
378,4650,146.08109976,14.84949024
378,4651,149.63080056,11.15055936
378,4652,152.70486096,11.52144
378,4653,156.33768072,15.08650272
378,4654,161.25922536,20.50926048
378,4655,167.28396312,21.92584896
378,4656,173.41150992,22.89694176
378,4657,180.4687272,27.31568832
378,4658,188.09464032,27.46272384
378,4659,195.71887704,27.432
378,4660,203.32772136,27.48905856
378,4661,211.37349648,30.57680448
378,4662,219.72675384,28.4799024
378,4663,227.36028696,27.36726048
378,4664,234.84452904,25.82009568
378,4665,241.87577736,26.19426816
378,4666,249.4294224,27.43638912
378,4667,256.75599144,24.7217184
378,4668,263.43769512,23.618952
378,4669,269.68563792,21.66140448
378,4670,275.73326616,21.9456
378,4671,281.92439424,23.8329216
378,4672,289.18716864,27.38920608
378,4673,297.2833272,31.4535312
378,4674,306.05300232,29.90307456
378,4675,314.15943264,30.88075104
378,4676,323.3789316,35.2281744
378,4677,333.45644256,35.10308448
378,4678,342.19015128,28.23411168
378,4679,349.82130696,27.432
378,4680,357.4363692,27.20596032
378,4681,364.625382,23.84499168
378,4682,370.86027936,21.94340544
378,4683,376.95618792,21.94230816
378,4684,383.24098104,23.79012768
378,4685,390.01421616,24.43752288
378,4686,396.96060816,25.90239168
378,4687,403.9090728,24.28609824
378,4688,410.86244472,25.56333216
378,4689,418.26344592,27.47698848
378,4690,425.8854576,27.432
378,4691,433.5943068,28.53366912
378,4692,441.68513136,29.75494176
378,4693,449.99586912,28.86285312
378,4694,458.01140808,30.73920192
378,4695,466.65166512,28.28897568
378,4696,475.02781296,34.79584608
378,4697,484.42936896,29.99634336
378,4698,491.93232576,26.10209664
378,4699,498.054259885714,25.7500265142857
384,4665,236.2508229,22.4681796
384,4666,241.8507228,22.5052128
384,4667,248.34424296,23.31390816
384,4668,254.52244752,21.96974016
384,4669,260.74362888,22.76965728
384,4670,266.96663904,21.91158432
384,4671,272.98555512,21.72175488
384,4672,279.07399608,21.93791904
384,4673,285.48308664,25.38996192
384,4674,292.98436704,27.43638912
384,4675,300.60439752,27.43419456
384,4676,308.21757,27.29154816
384,4677,315.80078064,27.4100544
384,4678,323.67751368,30.28821984
384,4679,332.36925144,30.16861632
384,4680,340.08678744,26.68365504
384,4681,347.58617808,27.15438816
384,4682,355.13211168,27.14999904
384,4683,362.6237604,26.9437104
384,4684,370.0653,26.27217504
384,4685,377.101337066667,27.4819872
385,4628,20.55114,8.5697568
385,4629,22.1937072,9.134856
385,4630,25.18184448,12.84695424
385,4631,29.49208224,19.12668768
385,4632,35.9087928,25.97700672
385,4633,43.29415776,26.6254992
385,4634,50.73170448,27.02161728
385,4635,58.27236504,27.11049696
385,4636,65.57113632,26.11636128
385,4637,72.05222064,20.24920512
385,4638,77.69111208,20.03194368
385,4639,83.25538848,20.01548448
385,4640,88.60057464,18.12816288
385,4641,93.243654,15.73828704
385,4642,97.32562704,12.8491488
385,4643,100.54922232,10.97938368
385,4644,103.35850296,9.31371264
385,4645,105.9442128,9.39052224
385,4646,108.42824136,8.42491584
385,4647,110.76435048,8.41504032
385,4648,113.13191496,9.53755776
385,4649,116.71206528,15.46725888
385,4650,120.5838711,15.307056
390,4621,11.8850664,5.21208
390,4622,13.26477408,5.31851616
390,4623,14.98253544,7.30020384
390,4624,17.10802776,7.68425184
390,4625,19.29737568,8.18351424
390,4626,21.60108456,8.36785728
390,4627,24.67240176,14.66075808
390,4628,29.05740696,15.72292512
390,4629,32.35887864,7.30898208
390,4630,35.61280152,19.5206112
390,4631,41.882568,23.16138624
390,4632,48.31793232,23.16138624
390,4633,54.74869416,23.152608
390,4634,61.17973032,23.15370528
390,4635,67.96335912,26.4060432
390,4636,74.70715056,20.47853664
390,4637,80.19772632,19.91124288
390,4638,85.71948312,20.1734928
390,4639,91.37651016,19.4053968
390,4640,96.3407268,17.3260512
390,4641,101.07926952,16.56673344
390,4642,105.80912544,17.72436384
390,4643,110.51892552,16.26388416
390,4644,115.01487792,14.75183232
390,4645,118.19040624,9.84040704
390,4646,120.976644,9.518904
390,4647,123.5701872,9.32688
390,4648,126.16165776,9.3049344
390,4649,128.59457136,8.62023168
390,4650,131.39239152,11.823192
390,4651,134.74083288,11.5543584
390,4652,138.22615992,14.84839296
390,4653,142.84765944,16.90579296
390,4654,147.69522912,18.51879456
390,4655,153.07647312,20.61569664
390,4656,159.050736,21.26199456
390,4657,164.69782656,20.34576576
390,4658,170.63377608,22.13872128
390,4659,177.42389712,26.97772608
390,4660,185.0424036,27.45833472
390,4661,192.5942808,26.88445728
390,4662,200.13463656,27.38042784
390,4663,208.05062784,29.94696576
390,4664,216.38337216,28.8145728
390,4665,223.34131608,22.00156128
390,4666,229.41534,21.9456
390,4667,235.51134,21.9456
390,4668,241.58664408,21.84026112
390,4669,247.67374392,21.9456
390,4670,253.7656596,21.86440128
390,4671,259.89281016,22.35927456
390,4672,265.98868824,21.40354368
390,4673,271.9390548,21.67128
390,4674,278.01926616,21.94340544
390,4675,284.2993044,24.41667456
390,4676,291.64410048,27.43309728
390,4677,299.5176636,28.95283008
390,4678,307.51826736,29.23483104
390,4679,315.6260388,28.20448512
390,4680,323.5357512,30.3013872
390,4681,332.23206096,30.30577632
390,4682,340.08398328,26.55746784
390,4683,346.92543264,23.56079616
390,4684,353.56809144,24.085296
390,4685,360.24010248,24.27073632
390,4686,367.35306768,26.75058912
390,4687,374.8974468,27.42870816
390,4688,382.7469612,29.8844208
390,4689,391.29879576,30.98608992
390,4690,399.91829592,31.29003648
390,4691,408.8544528,32.7483216
390,4692,417.96007848,32.78343456
390,4693,427.05473136,32.72747328
390,4694,436.174134,33.15650976
390,4695,445.37159592,32.41035936
390,4696,453.9474792,29.41588224
390,4697,462.06893616,29.40929856
390,4698,470.25089592,29.49269184
390,4699,478.42956384,29.407104
390,4700,486.59796,29.407104
390,4701,494.58442104,25.8903216
390,4702,498.9337494,18.763488
394,4630,20.1148188,8.7562944
394,4631,21.50894352,9.1403424
394,4632,24.1778028,10.79284608
394,4633,28.0874724,19.14973056
394,4634,34.57413456,24.46605216
394,4635,41.19304944,23.59590912
394,4636,47.84979,25.20781344
394,4637,55.24570104,27.15877728
394,4638,62.53011624,24.41228544
394,4639,69.2313576,24.71403744
394,4640,76.10346984,24.85010016
394,4641,82.80620472,21.91158432
394,4642,88.3217436,19.16838432
394,4643,93.33192408,16.56783072
394,4644,97.32556608,11.84623488
394,4645,100.39575552,10.92013056
394,4646,102.88313688,6.44432544
394,4647,104.55545256,5.8923936
394,4648,106.2343824,6.99954912
394,4649,108.54482736,9.73945728
394,4650,111.67183152,13.43729088
394,4651,116.01715176,16.67426688
394,4652,120.62892816,16.45810272
394,4653,125.37082368,17.53892352
394,4654,130.36152744,19.8278496
394,4655,136.38675288,22.10251104
394,4656,142.48171656,21.91707072
394,4657,148.56293376,21.91707072
394,4658,154.658568,21.9456
394,4659,160.75234296,21.8797632
394,4660,166.89153312,22.94631936
394,4661,173.91199152,27.23887872
394,4662,181.53677688,27.44187552
394,4663,189.16317768,27.46272384
394,4664,196.78567704,27.42980544
394,4665,204.40034304,27.5636736
394,4666,212.16177024,28.1616912
394,4667,219.77241288,25.88044608
394,4668,226.70030352,24.34425408
394,4669,233.07251328,21.94340544
394,4670,239.1596436,21.84465024
394,4671,245.235984,21.9456
394,4672,251.33186208,21.94340544
394,4673,257.51152968,22.91998464
394,4674,263.9836224,22.95838944
394,4675,270.130524,21.65701536
394,4676,276.18650376,21.9456
394,4677,282.2870148,22.4009712
394,4678,289.1870772,27.12585888
394,4679,296.80192608,27.432
394,4680,304.42198704,27.432
394,4681,312.01196424,27.27508896
394,4682,319.63108032,28.05306048
394,4683,327.95495496,31.34819232
394,4684,336.27980496,28.05525504
394,4685,343.88310192,27.22571136
394,4686,351.42168984,27.04027104
394,4687,358.94320896,27.09074592
394,4688,366.40651128,26.33362272
394,4689,373.82735496,27.43419456
394,4690,381.58585608,29.26555488
394,4691,390.01272264,30.67665696
394,4692,398.60619288,31.0859424
394,4693,407.24187792,31.0859424
394,4694,415.8864936,31.1408064
394,4695,424.52824416,31.0859424
394,4696,433.19419584,31.46889312
394,4697,442.11502128,32.75271072
394,4698,451.25722296,32.71759776
394,4699,459.96036024,30.30906816
394,4700,468.57455688,32.28088032
394,4701,477.765618,32.040576
394,4702,485.74455048,26.16134976
394,4703,492.7277928,24.304752
394,4704,498.172783542857,21.4251757714286
395,4703,458.0842756,28.9663632
395,4704,464.08488336,26.35227648
395,4705,471.41882856,26.41811328
395,4706,478.66365024,24.31901664
395,4707,484.07900136,16.01919072
395,4708,488.49521808,15.9050736
395,4709,492.89979144,15.25987296
395,4710,496.40971584,10.64142144
395,4711,499.0849683,9.5545656
405,4661,159.4471284,21.12264
405,4662,162.95830248,21.3530688
405,4663,169.65018648,26.96785056
405,4664,177.26698608,27.44516736
405,4665,184.89055224,27.45504288
405,4666,192.51841608,27.43968096
405,4667,200.07343272,25.978104
405,4668,206.68890336,23.37974496
405,4669,213.521544,25.02785952
405,4670,220.1507916,22.30660512
405,4671,226.21710408,21.87537408
405,4672,232.3121592,21.9456
405,4673,238.40270328,21.85013664
405,4674,244.4759652,21.9401136
405,4675,250.57098984,21.96425376
405,4676,256.9378656,24.29268192
405,4677,263.7734628,23.76818208
405,4678,269.98891392,21.83696928
405,4679,276.4540572,25.32741696
405,4680,283.8872148,27.43529184
405,4681,291.4823736,27.30361824
405,4682,299.095668,27.70632
405,4683,306.96654888,28.16827488
405,4684,314.73538272,29.52012384
405,4685,323.39139792,31.5906912
405,4686,332.16723,31.59288576
405,4687,340.74905688,29.0998656
405,4688,348.51100224,28.02233664
405,4689,356.3276592,27.82482624
405,4690,363.93022464,27.3112992
405,4691,371.5487616,27.432
405,4692,379.17220584,27.53514432
405,4693,386.88452976,27.93345696
405,4694,394.57149432,27.06880032
405,4695,402.09978,27.70522272
405,4696,410.02805472,29.86686432
405,4697,418.67355432,31.90999968
405,4698,427.56557616,32.09434272
405,4699,436.5720504,32.59360512
405,4700,445.64829336,32.61993984
405,4701,454.29199464,28.81347552
405,4702,462.34246368,30.08302848
405,4703,470.73546696,30.2355504
405,4704,479.1010992,29.27652768
405,4705,485.90158344,20.94268608
405,4706,491.99944272,21.36733344
405,4707,496.78251672,13.20247296
405,4708,499.2035736,9.8535744
416,4635,21.9262833,10.7519724
416,4636,24.79435224,14.77048608
416,4637,30.49923288,24.34754592
416,4638,37.29496224,24.4803168
416,4639,44.0989212,24.50665152
416,4640,50.90379456,24.49019232
416,4641,57.70568088,24.48799776
416,4642,64.45980504,22.61384352
416,4643,69.07953672,18.16766496
416,4644,76.59779448,28.79701632
416,4645,82.8222372,16.43944896
416,4646,86.8907076,13.06641024
416,4647,89.99719872,9.46074816
416,4648,92.66395488,10.58765472
416,4649,95.88724536,10.780776
416,4650,98.15087304,7.67437632
416,4651,100.8505476,10.97389728
416,4652,103.91695752,11.42597664
416,4653,107.237784,12.10958208
416,4654,110.43699528,10.96950816
416,4655,113.71511928,13.44168
416,4656,118.02108984,16.67426688
416,4657,122.53444632,15.90397632
416,4658,127.23927816,18.73715328
416,4659,133.11064056,22.62701088
416,4660,139.28195664,21.9456
416,4661,145.3699404,21.88854144
416,4662,151.458168,21.9456
416,4663,157.55410704,21.9456
416,4664,163.63806744,21.85891488
416,4665,169.72196688,21.9456
416,4666,175.81827168,21.95876736
416,4667,181.9774872,22.68516672
416,4668,188.43174912,22.88596896
416,4669,194.57560272,21.9456
416,4670,200.667366,21.89183328
416,4671,206.7621468,22.37792832
416,4672,213.35033784,24.70855104
416,4673,220.08711888,23.03300448
416,4674,226.21344648,21.87537408
416,4675,232.3085016,21.9456
416,4676,238.39898472,21.8523312
416,4677,244.4726124,21.9401136
416,4678,250.56870384,21.9456
416,4679,256.675128,22.80915936
416,4680,263.58399912,26.1481824
416,4681,270.95540424,27.06770304
416,4682,278.54449752,27.432
416,4683,286.15459152,27.30361824
416,4684,293.74984176,27.43529184
416,4685,301.37020752,27.432
416,4686,308.97813744,27.2783808
416,4687,316.56674304,27.42541632
416,4688,324.52891152,30.72164544
416,4689,333.206598,29.84491872
416,4690,340.99810896,27.28715904
416,4691,348.65160648,28.02233664
416,4692,356.46826344,27.82043712
416,4693,364.06954872,27.30910464
416,4694,371.68796376,27.432
416,4695,379.3168944,27.69424992
416,4696,387.16028232,28.58085216
416,4697,394.88799864,25.90787808
416,4698,401.99992752,26.40933504
416,4699,409.37258232,26.64963936
416,4700,416.87395416,27.44516736
416,4701,424.5287928,27.93784608
416,4702,432.27324264,27.4758912
416,4703,439.79131752,26.10758304
416,4704,446.80339392,25.22317536
416,4705,453.65026872,23.55530976
416,4706,460.18396152,22.90791456
416,4707,466.03855992,20.4532992
416,4708,472.0154136,22.16725056
416,4709,478.0938876,20.40501888
416,4710,482.56999752,11.53021824
416,4711,485.3181048,10.1004624
416,4712,488.21333904,10.43293824
416,4713,491.11076784,10.43293824
416,4714,494.00816616,10.43293824
416,4715,497.00014392,11.93401728
416,4716,499.4800272,12.947904
422,4639,24.69769,20.9799936
422,4640,29.31081768,21.2378544
422,4641,35.6489508,25.02127584
422,4642,42.37174152,23.35231296
422,4643,49.22395032,25.77730176
422,4644,56.6537856,27.57025728
422,4645,64.31283048,27.57354912
422,4646,71.78597784,24.31353024
422,4647,77.30432088,16.75766016
422,4648,81.13081056,10.1827584
422,4649,83.51288352,8.09134272
422,4650,85.7411544,8.82652032
422,4651,88.60240344,10.88062848
422,4652,91.4974548,10.5942384
422,4653,94.9310268,13.83340896
422,4654,98.43360552,10.75005216
422,4655,101.17147152,9.22922208
422,4656,104.03360448,12.07776096
422,4657,107.58653616,13.16626272
422,4658,111.549942,15.8666688
422,4659,116.22600072,17.66181888
422,4660,121.32786504,18.47161152
422,4661,126.42070728,17.80556256
422,4662,131.45874648,19.87064352
422,4663,137.79483744,25.402032
422,4664,145.10058864,26.5651488
422,4665,152.35403616,24.95543904
422,4666,158.98925784,23.03410176
422,4667,165.27533112,22.92547104
422,4668,171.55247376,21.99058848
422,4669,177.64908336,21.95876736
422,4670,183.747156,21.94779456
422,4671,189.84995304,21.973032
422,4672,195.94756848,21.9456
422,4673,202.03668,21.89731968
422,4674,208.12506,21.95876736
422,4675,214.43164632,23.71112352
422,4676,221.06948928,23.29415712
422,4677,227.27917968,21.93572448
422,4678,233.3748444,22.08056544
422,4679,239.6575344,22.85414784
422,4680,246.01599768,23.3062272
422,4681,252.69876816,24.29487648
422,4682,259.2822348,24.34754592
422,4683,266.3712732,25.292304
422,4684,272.93236752,23.71660992
422,4685,280.21882488,27.6349968
422,4686,288.43220952,31.78052064
422,4687,297.482514,32.9129136
422,4688,306.62791608,32.79440736
422,4689,315.37494456,29.8240704
422,4690,323.6064648,31.14409824
422,4691,332.59721136,31.11227712
422,4692,340.54383504,27.2893536
422,4693,348.15426432,27.68108256
422,4694,355.87423872,27.67120704
422,4695,363.46369776,27.24655968
422,4696,371.07744936,27.432
422,4697,378.7057704,27.84567456
422,4698,386.80762872,30.17081088
422,4699,395.1110208,28.76190336
422,4700,402.48346224,25.07394528
422,4701,409.43848008,25.0618752
422,4702,416.40843312,25.11454464
422,4703,423.37530768,25.0618752
422,4704,430.33611672,25.0618752
422,4705,437.29463976,25.01688672
422,4706,444.2453904,25.05968064
422,4707,451.20616896,25.06845888
422,4708,457.76202072,20.53998432
422,4709,462.89220096,17.9844192
422,4710,467.89226208,18.06561792
422,4711,472.93801272,19.15082784
422,4712,477.94508424,12.64834656
422,4713,480.18838176,6.40372608
422,4714,482.17586064,8.40187296
422,4715,484.82423736,10.95304896
422,4716,487.92957024,11.23834176
422,4717,491.32617,13.91021856
422,4718,495.42499848,15.86227968
422,4719,498.9063936,19.6852032
430,4641,21.102828,17.5235616
430,4642,24.39744168,18.74483424
430,4643,29.709618,19.5809616
430,4644,35.4537264,22.53593664
430,4645,42.20797248,24.05347488
430,4646,48.5890824,21.90061152
430,4647,54.45712248,20.92403232
430,4648,60.26859168,20.92842144
430,4649,66.07140456,20.27663712
430,4650,70.49530224,11.97351936
430,4651,74.07085008,13.28147712
430,4652,77.12345256,8.21094624
430,4653,79.19868336,8.40406752
430,4654,81.5871876,8.45015328
430,4655,83.98913352,8.9592912
430,4656,86.72721288,11.2580928
430,4657,90.38328888,13.70941632
430,4658,94.16625312,14.456664
430,4659,98.62465416,17.43687648
430,4660,103.36005744,16.44712992
430,4661,107.92346208,16.45700544
430,4662,112.60354416,17.82641088
430,4663,118.11112776,21.6054432
430,4664,124.21145592,21.78868896
430,4665,130.14514992,21.89293056
430,4666,136.38690528,22.09812192
430,4667,142.48144224,21.918168
430,4668,148.57546104,22.50631008
430,4669,155.34701976,26.01760608
430,4670,162.66758424,25.80692832
430,4671,169.50717432,23.21515296
430,4672,175.6664508,21.9510864
430,4673,181.76601696,21.95218368
430,4674,187.86616224,21.97742112
430,4675,193.83469488,20.34796032
430,4676,199.2377016,19.17716256
430,4677,204.57599928,19.53487584
430,4678,210.1338444,20.22396768
430,4679,215.7398784,20.13947712
430,4680,221.3520084,20.50487136
430,4681,227.31029976,22.89145536
430,4682,234.36495672,27.30361824
430,4683,241.96087752,27.04904928
430,4684,249.37879512,26.3402064
430,4685,256.54979424,25.57979136
430,4686,263.81016072,26.6419584
430,4687,271.26608688,27.1083024
430,4688,278.85661272,27.84238272
430,4689,287.1648816,32.10860736
430,4690,296.2677336,32.9184
430,4691,305.41200792,32.8799952
430,4692,314.51342736,32.78562912
430,4693,323.81089416,34.6850208
430,4694,333.43922136,32.22491904
430,4695,341.45899704,27.2783808
430,4696,349.0536072,27.432
430,4697,356.67217464,27.3058128
430,4698,364.2256368,27.3058128
430,4699,371.84423472,27.43419456
430,4700,379.47913944,27.8544528
430,4701,387.45267696,29.23483104
430,4702,395.27049216,26.05381632
430,4703,402.30177096,25.5995424
430,4704,409.2316428,24.54834816
430,4705,416.3215956,26.62111008
430,4706,423.72972912,26.01211968
430,4707,430.9824756,26.7023088
430,4708,438.23372856,24.59443392
430,4709,444.8717544,23.63431392
430,4710,451.15221936,20.59814016
430,4711,455.56932,11.9548656
430,4712,458.74359864,11.4007392
430,4713,461.910684,11.4007392
430,4714,465.07776936,11.4007392
430,4715,468.189564,9.58803264
430,4716,470.01205464,7.91358336
430,4717,473.50692192,13.9793472
430,4718,477.3893424,13.97605536
430,4719,481.25393208,13.96398528
430,4720,485.45745936,16.815816
430,4721,490.52978856,19.62375552
430,4722,496.18641936,20.70896544
430,4723,499.7324016,20.7495648
439,4682,220.0361868,23.8676688
439,4683,225.6954084,26.84385792
439,4684,233.3016924,27.43968096
439,4685,240.9069096,27.3332448
439,4686,248.51572344,27.432
439,4687,256.11213192,27.2838672
439,4688,263.71564224,27.36396864
439,4689,271.26901296,27.14890176
439,4690,278.8575576,27.432
439,4691,286.51492608,28.18473408
439,4692,294.57636792,29.3741856
439,4693,302.73491904,29.3741856
439,4694,310.87167696,29.21508
439,4695,319.00392384,29.52561024
439,4696,327.77829288,33.70734432
439,4697,336.87949896,30.56144256
439,4698,344.92384152,28.46124864
439,4699,352.97324376,29.38406112
439,4700,360.89947632,27.49015584
439,4701,368.49810984,27.432
439,4702,376.11692112,27.45614016
439,4703,384.13849512,30.84783264
439,4704,392.85879264,30.8006496
439,4705,400.87789776,27.45614016
439,4706,408.45147672,26.88445728
439,4707,415.97238624,27.62292672
439,4708,423.72271872,27.29703456
439,4709,431.06650896,26.47846368
439,4710,438.20675376,23.68149696
439,4711,444.24910896,20.44122912
439,4712,449.4544224,16.55576064
439,4713,453.13436424,11.055096
439,4714,456.36140376,10.5119424
439,4715,458.35162584,5.95164672
439,4716,460.87722912,11.76723072
439,4717,464.18595504,11.905488
439,4718,467.49245592,11.92523904
439,4719,470.25171888,5.07930912
439,4720,472.09383864,13.58761824
439,4721,476.74127664,17.2327824
439,4722,481.31032008,16.31545632
439,4723,486.47835648,20.8373472
439,4724,492.43786704,21.07545696
439,4725,497.771860266667,20.3130912
451,4677,136.186926,22.1577408
451,4678,140.98505712,21.20603328
451,4679,146.84078328,20.97231264
451,4680,152.4461772,19.88051904
451,4681,158.31625944,21.95986464
451,4682,164.5542048,24.32998944
451,4683,169.7025816,29.6320464
452,4645,20.8992978,26.1811008
452,4646,27.44559408,26.1481824
452,4647,34.70379648,26.1207504
452,4648,41.54869008,22.17493152
452,4649,47.39225472,20.86368192
452,4650,53.1839424,20.84832
452,4651,58.97663592,20.70128448
452,4652,63.572136,11.71456128
452,4653,66.60437784,10.28590272
452,4654,69.56627184,12.14030592
452,4655,73.01267592,11.3349024
452,4656,76.02483144,11.6970048
452,4657,79.416402,12.27636864
452,4658,82.94985696,13.17943008
452,4659,86.67698184,14.346936
452,4660,90.6426432,12.8052576
452,4661,93.70719384,9.43989984
452,4662,96.63549888,13.05872928
452,4663,100.8753888,16.81362144
452,4664,105.72975552,17.80227072
452,4665,110.69872704,18.93027456
452,4666,116.45039448,21.68993376
452,4667,122.21718,19.12120128
452,4668,127.80483456,22.19907168
452,4669,134.32624392,23.9975136
452,4670,140.96341632,24.11053344
452,4671,147.65648904,23.95581696
452,4672,154.10895264,22.5436176
452,4673,160.35564576,22.33952352
452,4674,166.37358648,21.12483456
452,4675,172.2369936,20.96024256
452,4676,177.95766288,20.60472384
452,4677,183.89943408,21.94669728
452,4678,189.9539508,21.02059296
452,4679,195.34199184,18.64059264
452,4680,200.95716984,21.35197152
452,4681,206.97373896,22.90572
452,4682,213.6452928,24.34644864
452,4683,220.15286424,22.2034608
452,4684,226.21832328,21.87756864
452,4685,232.3133784,21.9456
452,4686,238.40410536,21.8523312
452,4687,244.4780988,21.9401136
452,4688,250.57239192,22.09044096
452,4689,257.19901824,25.85081952
452,4690,264.45914088,26.17451712
452,4691,271.87099296,27.14780448
452,4692,279.55868904,27.9861264
452,4693,287.2334616,27.31239648
452,4694,294.82417032,27.4265136
452,4695,302.4448104,27.432
452,4696,310.04768064,27.2783808
452,4697,317.64082776,27.45065376
452,4698,325.57525944,30.0709584
452,4699,333.92443248,28.83981024
452,4700,341.6158776,27.28276992
452,4701,349.09393224,26.44005888
452,4702,356.4222996,26.66609856
452,4703,363.9257136,27.03478464
452,4704,371.40072024,27.15987456
452,4705,379.02142128,27.651456
452,4706,386.89586832,28.89247968
452,4707,394.87458744,28.3262832
452,4708,402.69023856,27.84786912
452,4709,410.29975344,27.15877728
452,4710,417.78643392,26.6529312
452,4711,424.75166256,22.77624096
452,4712,430.89914328,22.45254336
452,4713,436.71643416,18.6866784
452,4714,441.50834736,16.0970976
452,4715,445.57078272,12.99289248
452,4716,448.91809632,10.88830944
452,4717,451.5506844,9.42344064
452,4718,454.296018,8.93295648
452,4719,456.64675752,8.39638656
452,4720,458.89124376,9.2226384
452,4721,462.04842312,12.76795008
452,4722,465.25461432,9.67910688
452,4723,468.78264384,17.63438688
452,4724,474.18936912,19.73238624
452,4725,479.6732088,20.00012256
452,4726,485.41932888,21.68554464
452,4727,491.58147048,21.0074256
452,4728,496.88840424,18.9500256
452,4729,499.9692312,19.531584
458,4648,24.1206528,27.6541992
458,4649,31.03287672,27.53843616
458,4650,38.57298864,26.74510272
458,4651,46.05049464,25.54797024
458,4652,51.5808468,13.70612448
458,4653,55.04706288,13.90912128
458,4654,59.01318144,14.2756128
458,4655,62.97811128,14.27890464
458,4656,66.90411816,12.76904736
458,4657,68.60005584,0.29297376
458,4658,69.61820976,8.805672
458,4659,72.90276504,12.86121888
458,4660,76.60181784,15.11174016
458,4661,81.0444912,15.96871584
458,4662,85.459062,15.30815328
458,4663,89.36839632,13.93874784
458,4664,93.63361512,16.25400864
458,4665,98.37971688,18.61864704
458,4666,103.84767648,20.5630272
458,4667,109.82855352,21.94121088
458,4668,116.03205648,22.83659136
458,4669,122.36503848,22.35598272
458,4670,128.46625056,21.8303856
458,4671,134.90914344,24.4309392
458,4672,141.65723256,24.79743072
458,4673,148.59530352,24.01726464
458,4674,154.95873504,22.22211456
458,4675,161.05696008,21.88305504
458,4676,167.13214224,21.92804352
458,4677,173.1521556,21.39476544
458,4678,179.09795016,21.40683552
458,4679,185.11939608,21.9620592
458,4680,191.12837568,20.04620832
458,4681,196.03736256,16.89920928
458,4682,201.05177976,19.11571488
458,4683,206.75507544,22.0937328
458,4684,213.37840992,25.3032768
458,4685,220.3258992,23.67491328
458,4686,226.5154728,21.87647136
458,4687,232.6105584,21.9456
458,4688,238.70134632,21.8523312
458,4689,244.8203892,22.61823264
458,4690,251.31290352,24.00629184
458,4691,258.15892488,25.72243776
458,4692,265.57522704,26.90969472
458,4693,273.05928624,27.22022496
458,4694,280.76551416,28.81128096
458,4695,288.84411624,27.89944128
458,4696,296.51846208,28.45905408
458,4697,304.5259848,28.8474912
458,4698,312.50988552,28.68509376
458,4699,320.40100512,28.6335216
458,4700,328.81589304,31.26479904
458,4701,337.03744632,27.74911392
458,4702,344.61727368,27.00625536
458,4703,351.99459192,26.26449408
458,4704,359.38035312,26.88445728
458,4705,366.75084384,26.36983296
458,4706,374.12999088,26.60245632
458,4707,381.51956208,26.60026176
458,4708,388.92608016,26.691336
458,4709,396.3236676,26.59696992
458,4710,403.20821568,21.83258016
458,4711,408.89368056,20.25359424
458,4712,414.52348896,20.30626368
458,4713,420.15918,20.25469152
458,4714,425.78444688,20.2503024
458,4715,431.40971376,20.2557888
458,4716,437.03464536,20.22725952
458,4717,442.64799456,20.23164864
458,4718,447.35294832,10.59533568
458,4719,449.10426816,5.4864
458,4720,450.9025272,7.49771424
458,4721,452.9984844,7.51417344
458,4722,455.75527848,13.04885376
458,4723,460.39814448,19.39332672
458,4724,465.8202012,19.531584
458,4725,470.60287896,10.21896864
458,4726,473.5551108,20.26785888
458,4727,480.83870304,26.96346144
458,4728,487.70667,22.7191824
458,4729,493.90166904,21.09849984
458,4730,498.5189928,18.8826212571429
463,4649,21.69194544,25.347168
463,4650,26.7338556,23.43351168
463,4651,33.0104496,22.46241888
463,4652,39.17966256,21.89402784
463,4653,44.72351736,17.35128864
463,4654,48.83648856,11.09240352
463,4655,51.3097272,8.91101088
463,4656,53.867304,9.217152
463,4657,56.42680104,9.217152
463,4658,58.98629808,9.217152
463,4659,61.5458256,9.21934656
463,4660,64.31319624,12.39158304
463,4661,68.529708,16.27485696
463,4662,73.05074544,16.27375968
463,4663,77.3015472,13.40546976
463,4664,80.87224872,13.21234848
463,4665,84.3598008,10.68970176
463,4666,87.90230832,17.82311904
463,4667,93.42208392,20.12192064
463,4668,99.18573,21.73821408
463,4669,105.32894352,22.17383424
463,4670,111.62742216,23.45545728
463,4671,118.28209008,24.07651776
463,4672,125.41069152,28.0848816
463,4673,133.75102536,31.1024016
463,4674,141.73071984,24.97080096
463,4675,148.10268576,22.17493152
463,4676,154.20158136,21.9456
463,4677,160.29831288,21.7206576
463,4678,165.90785208,18.64937088
463,4679,170.89410576,17.41932
463,4680,175.63651944,17.31946752
463,4681,180.90736488,20.82747168
463,4682,186.93371808,21.5725248
463,4683,192.69815664,19.37138112
463,4684,197.82397824,18.92588544
463,4685,203.55455352,21.85452576
463,4686,209.69505432,22.57324416
463,4687,216.07235424,22.93424928
463,4688,222.28173984,21.82928832
463,4689,228.350064,21.9456
463,4690,234.44597256,21.9456
463,4691,240.5278908,21.8468448
463,4692,246.60840696,22.14201312
463,4693,253.299468,26.3456928
463,4694,260.96079888,28.33067232
463,4695,268.70235312,27.3935952
463,4696,276.94350504,32.00326848
463,4697,285.49854,28.67631552
463,4698,293.4539724,29.38954752
463,4699,301.6098108,30.5921664
463,4700,310.30212768,29.87125344
463,4701,318.37161624,29.03183424
463,4702,326.38617984,27.64158048
463,4703,333.44376288,24.31133568
463,4704,340.19109,24.17966208
463,4705,346.91287488,24.30804384
463,4706,353.66724288,24.3157248
463,4707,360.36028512,23.53336416
463,4708,366.83359704,22.89584448
463,4709,373.0844964,23.86145088
463,4710,380.34611256,27.70851456
463,4711,388.42242864,29.89758816
463,4712,396.43092672,27.65913696
463,4713,404.07460968,27.0644112
463,4714,411.36804696,26.21731104
463,4715,418.55526144,23.02203168
463,4716,423.90252024,17.65084608
463,4717,428.80778856,17.65633248
463,4718,433.68035184,16.47895104
463,4719,437.01169392,7.52404896
463,4720,438.70875936,6.32691648
463,4721,441.0329508,8.43369408
463,4722,442.65305424,4.3781472
463,4723,444.0670824,6.62427936
463,4724,446.52572112,10.85868288
463,4725,450.0826152,13.78951776
463,4726,454.17336648,18.97306848
463,4727,460.59827616,23.76050112
463,4728,466.85298552,20.32820928
463,4729,472.73272992,24.13247904
463,4730,479.55729336,23.84499168
463,4731,485.5369512,19.63363104
463,4732,491.37060984,22.48765632
463,4733,496.92059112,17.09781696
463,4734,499.8908976,16.4701728
464,4652,11.8793768,26.0384544
464,4653,17.63584992,25.89471072
464,4654,24.6898668,24.09517152
464,4655,31.07356752,22.6478592
464,4656,37.36518816,22.67858304
464,4657,42.85506288,13.01703264
464,4658,44.8199256,4.82144832
464,4659,46.01330904,3.97105632
464,4660,47.10522456,4.39021728
464,4661,48.55573728,5.4864
464,4662,50.12564016,6.912864
464,4663,53.04538032,13.0960368
464,4664,56.70054192,12.9533904
464,4665,60.11515536,11.80344096
464,4666,63.36142776,11.20761792
464,4667,66.86233008,14.84180928
464,4668,71.07670824,14.34035232
464,4669,75.52937904,19.46903904
464,4670,81.26428248,20.7989424
464,4671,87.43511088,23.85815904
464,4672,94.11102336,23.90863392
464,4673,100.58762712,22.57763328
464,4674,104.0087328,22.3735392
468,4657,20.7493616,14.2975584
468,4658,23.82158304,13.32317376
468,4659,27.07136064,9.05585184
468,4660,28.90046544,5.48530272
468,4661,30.48996696,7.29471744
468,4662,33.17775432,10.70725824
468,4663,36.15641232,10.7423712
468,4664,39.13964232,10.74127392
468,4665,42.1229028,10.7423712
468,4666,45.10911984,10.75992768
468,4667,48.09427008,10.74127392
468,4668,51.07753056,10.7423712
468,4669,54.06079104,10.74127392
468,4670,57.04405152,10.7423712
468,4671,60.02725104,10.74127392
468,4672,63.01148688,10.74676032
468,4673,65.91333528,8.46332064
468,4674,66.8679384,0.02304288
468,4675,68.17479888,13.69624896
468,4676,74.46358488,27.20376576
468,4677,81.95114928,25.86618144
468,4678,89.20602936,27.1686528
468,4679,96.61602216,26.362152
468,4680,104.10754896,26.9327376
468,4681,111.2765364,25.27255296
468,4682,118.5668952,26.93164032
468,4683,125.7865404,23.81755968
468,4684,132.0160428,22.07617632
468,4685,135.576564,19.4383152
476,4651,15.0574248,26.9272512
476,4652,19.54722024,26.9821152
476,4653,27.01323528,26.14927968
476,4654,33.65019432,22.21882272
476,4655,39.74659056,20.19324384
476,4656,43.78683648,10.22335776
476,4657,46.57179408,10.02036096
476,4658,49.35294168,10.01268
476,4659,52.1249148,9.77786208
476,4660,54.93693864,10.80052704
476,4661,57.98481672,10.9728
476,4662,61.03114032,10.74456576
476,4663,64.292226,14.1603984
476,4664,68.6228244,15.8118048
476,4665,73.01548008,15.8118048
476,4666,77.42166888,15.9763968
476,4667,81.84419496,15.9818832
476,4668,86.87126136,20.4258672
476,4669,92.64478296,20.683728
476,4670,98.40382656,20.84832
476,4671,104.18371848,20.8812384
476,4672,110.31553248,23.36986944
476,4673,116.89589016,23.79671136
476,4674,123.47914344,23.564088
476,4675,129.93002208,23.74733376
476,4676,136.71630264,24.112728
476,4677,143.36743488,23.86145088
476,4678,149.84842776,22.77843552
476,4679,156.14821704,22.6807776
476,4680,162.44059968,22.56227136
476,4681,168.59640144,21.75247872
476,4682,174.61769496,21.59556768
476,4683,180.33013464,19.41417504
476,4684,185.66590248,19.1969136
476,4685,191.23676256,21.38818176
476,4686,196.7924436,15.93689472
476,4687,200.36982024,12.00204864
476,4688,203.6982972,12.00204864
476,4689,207.0393624,12.0261888
476,4690,210.38079336,12.0261888
476,4691,213.72216336,12.0261888
476,4692,217.38726144,22.2528384
476,4693,234.86982744,65.29254912
476,4694,244.89908856,24.12040896
476,4695,251.93673768,25.74548064
476,4696,259.25562576,28.98355392
476,4697,267.734034,28.75531968
476,4698,275.35028496,27.41115168
476,4699,283.15618248,29.32371072
476,4700,291.30379128,28.23081984
476,4701,298.93829976,27.36506592
476,4702,306.55802544,27.39798432
476,4703,314.14004736,27.3167856
476,4704,321.86617872,29.21178816
476,4705,330.40859496,30.77431488
476,4706,338.42718192,27.38920608
476,4707,345.98948328,26.95358592
476,4708,353.3503728,26.29412064
476,4709,360.64688856,26.00992512
476,4710,367.9498356,26.88006816
476,4711,375.39902568,26.26998048
476,4712,382.81291992,27.82043712
476,4713,390.61503792,27.85116096
476,4714,398.11561728,26.33910912
476,4715,405.42237432,25.60393152
476,4716,412.38217752,25.182576
476,4717,418.9099572,21.70749024
476,4718,424.1674524,14.5170144
476,4719,427.48346304,11.01339936
476,4720,430.49872752,10.02036096
476,4721,432.5884668,5.61478176
476,4722,434.11158288,5.4864
476,4723,435.63561336,5.47981632
476,4724,437.2496208,6.23474496
476,4725,439.60639536,12.31257888
476,4726,443.79958992,16.19914464
476,4727,448.31346456,16.64134848
476,4728,453.35442984,21.65043168
476,4729,460.44691248,25.75206432
476,4730,466.56921672,20.8154016
476,4731,472.79140392,22.63908096
476,4732,479.05906728,22.84756416
476,4733,485.456484,23.07799296
476,4734,491.99837592,23.87571552
476,4735,497.886566666667,20.7520032
484,4685,164.0471319,20.2118976
484,4686,169.11404328,20.29858272
484,4687,174.82285584,21.45072672
484,4688,181.068726,22.8673152
484,4689,187.42176384,22.8892608
484,4690,193.6708344,21.4737696
484,4691,199.60187664,21.86769312
484,4692,205.68592848,21.9346272
484,4693,211.7812884,21.9456
484,4694,218.15310192,23.59261728
484,4695,224.57959656,23.8000032
484,4696,231.62190912,26.10538848
484,4697,238.52008176,22.79489472
484,4698,244.67432904,23.31061632
484,4699,251.86193976,27.3826224
484,4700,259.43442144,27.28715904
484,4701,267.0683508,27.88407936
484,4702,275.3666832,31.848552
484,4703,284.19061272,31.2779664
484,4704,292.7186424,29.1821616
484,4705,300.61610184,29.68032672
484,4706,309.17552592,30.93561504
484,4707,317.56435344,28.77287616
484,4708,325.90197456,32.86134144
484,4709,335.22601992,32.73295968
484,4710,343.9006584,30.23225856
484,4711,352.2738192,30.24323136
484,4712,360.50576616,28.37456352
484,4713,368.1685296,27.432
484,4714,375.78825528,27.4265136
484,4715,383.76886416,30.94987968
484,4716,392.64738336,31.67518176
484,4717,400.84708248,27.44407008
484,4718,408.32909952,26.97223968
484,4719,415.29173736,20.95914528
484,4720,419.98309704,13.43399904
484,4721,423.13033992,10.00829088
484,4722,425.70218136,9.07340832
484,4723,428.22242016,9.079992
484,4724,430.52366016,6.67585152
484,4725,432.11520384,5.89349088
484,4726,434.06653344,7.91577792
484,4727,436.2802044,7.90919424
484,4728,438.43977336,7.6645008
484,4729,440.67164088,8.14620672
484,4730,442.91810832,9.05694912
484,4731,446.00960328,13.08725856
484,4732,450.03146976,15.44092416
484,4733,454.48642656,16.18817184
484,4734,458.91559728,16.21340928
484,4735,463.85070552,21.0293712
484,4736,470.50135008,24.85229472
484,4737,477.38955576,24.76231776
484,4738,484.2485616,24.71294016
484,4739,491.46238512,26.56844064
484,4740,497.6959947,23.3432604
493,4670,34.4829384,12.4666683428571
493,4671,37.3367808,11.39854464
493,4672,40.36033584,10.78845696
493,4673,43.164252,7.85542752
493,4674,45.51297984,12.45193344
493,4675,49.63366248,15.35753088
493,4676,54.06088248,17.14938912
493,4677,59.04442344,18.10512
493,4678,64.18926456,19.68739776
493,4679,69.95483088,21.07435968
493,4680,75.81278208,21.1884768
493,4681,81.8008524,21.83367744
493,4682,88.32610224,26.44335072
493,4683,96.22770696,29.24360928
493,4684,104.24187432,27.22241952
493,4685,111.29049624,24.68770272
493,4686,118.18144512,24.88960224
493,4687,124.95068736,22.89803904
493,4688,131.19143688,23.98324896
493,4689,138.007344,24.14016
493,4690,144.70514112,24.24879072
493,4691,152.02375488,28.66644
493,4692,160.09687056,28.913328
493,4693,167.73912096,26.03516256
493,4694,174.90298776,25.86398688
493,4695,182.298594,27.37274688
493,4696,189.92673216,27.45833472
493,4697,197.54840856,27.4210272
493,4698,205.1564604,27.39578976
493,4699,212.77533264,27.432
493,4700,220.45732896,28.75312512
493,4701,228.94040064,30.84563808
493,4702,237.30731304,30.9487824
493,4703,246.30360696,32.89755168
493,4704,255.42794736,32.74173792
493,4705,264.54238176,32.8745088
493,4706,273.69701928,33.19052544
493,4707,282.88460568,32.87011968
493,4708,291.56783952,28.6883856
493,4709,299.25084168,28.12109184
493,4710,307.36278888,30.19495104
493,4711,316.18120152,32.89755168
493,4712,325.64216304,35.59137408
493,4713,335.34708648,32.43779136
493,4714,343.55336928,27.89944128
493,4715,351.46936056,29.32809984
493,4716,359.78223192,30.49780032
493,4717,367.86924648,27.56038176
493,4718,375.48854544,27.43309728
493,4719,383.06328264,27.02271456
493,4720,390.53219328,25.95945024
493,4721,396.3920952,16.13440512
493,4722,400.36385256,12.57592608
493,4723,403.2840804,7.95418272
493,4724,404.96419896,5.48859456
493,4725,406.25920272,3.83609088
493,4726,407.5540236,5.48859456
493,4727,409.07854176,5.4864
493,4728,410.60662608,5.75852544
493,4729,412.58166912,8.81993664
493,4730,415.23794016,9.03280896
493,4731,417.42765384,8.2625184
493,4732,420.14695752,10.70725824
493,4733,423.09900648,10.4131872
493,4734,426.25051656,12.61433088
493,4735,429.91149984,13.31439552
493,4736,433.71049656,14.44459392
493,4737,438.04706904,16.38458496
493,4738,442.65329808,16.99796448
493,4739,447.46974768,17.64865152
493,4740,452.57563536,19.51841664
493,4741,458.18871024,20.7056736
493,4742,464.17425072,21.90500064
493,4743,470.07770856,20.50487136
493,4744,475.72120248,20.2228704
493,4745,480.81764136,15.68122848
493,4746,484.71609432,13.16297088
493,4747,488.06386512,10.6875072
493,4748,490.32026904,6.03723456
493,4749,492.05790336,5.76072
493,4750,493.20898056,3.50800416
493,4751,494.53992024,5.27572224
493,4752,495.42121896,1.53728928
493,4753,496.0979664,3.66162336
493,4754,496.95286944,1.97839584
493,4755,497.5401276,2.19017088
493,4756,498.51186048,4.94763552
493,4757,499.5530776,3.7051488
500,4710,287.61787536,27.31788288
500,4711,293.29892064,27.3606768
500,4712,300.91971312,27.44077824
500,4713,308.52063264,27.1960848
500,4714,316.52650944,30.82478976
500,4715,325.16838192,31.107888
500,4716,333.810102,31.11008256
500,4717,342.43344264,31.0420512
500,4718,351.27913488,32.71759776
500,4719,356.299008,32.8415904
503,4714,305.369714742857,28.3537152
503,4715,312.0155304,28.14962112
503,4716,320.03734824,29.46306528
503,4717,328.22186832,29.461968
503,4718,336.40614456,29.45538432
503,4719,344.55692328,29.31712704
503,4720,352.73263464,29.46306528
503,4721,360.86286984,28.63132704
503,4722,368.56342848,27.49015584
503,4723,375.8886056,27.7648416
503,4724,383.046732,24.4473984
505,4675,20.6990442,10.760202
505,4676,23.58350376,13.74452928
505,4677,27.71732328,15.11612928
505,4678,32.76679248,23.05275552
505,4679,39.80660568,25.80692832
506,4655,25.2776736,14.8928328
506,4656,27.96180336,12.1304304
506,4657,30.8466744,9.87552
506,4658,33.58417464,9.8426016
506,4659,36.17887608,7.96186368
506,4660,38.0533656,6.3971424
506,4661,39.831264,6.3971424
506,4662,41.61684336,6.50248128
506,4663,43.4405532,6.58477728
506,4664,45.27358992,6.59904192
506,4665,47.3436696,9.2500704
506,4666,50.2045224,10.42196544
506,4667,53.10009192,10.42416
506,4668,55.97274048,10.122408
506,4669,58.7313024,9.87552
506,4670,61.47447192,9.87990912
506,4671,64.395096,13.2057648
506,4672,69.14537352,18.9335664
506,4673,73.81759176,12.95009856
506,4674,77.21855016,13.64577408
506,4675,80.97969072,13.2331968
506,4676,84.276184,17.9441856
508,4720,343.176606,25.9396992
508,4721,348.31455864,25.90897536
508,4722,355.15649568,23.76818208
508,4723,361.43497944,21.70639296
508,4724,367.45785792,20.57619456
508,4725,372.24163296,13.1289552
508,4726,375.13327056,9.45196992
508,4727,377.76146952,9.28737792
508,4728,379.4461296,2.23625664
508,4729,381.16590264,12.29392512
508,4730,384.64504224,11.03644224
508,4731,387.70169856,11.04522048
508,4732,390.75457536,10.9508544
508,4733,393.7974852,10.95853536
508,4734,397.13041224,15.06784896
508,4735,402.18640416,19.30005792
508,4736,405.1346736,19.2901824
510,4700,200.89758144,17.72765568
510,4701,205.08550296,21.56923296
510,4702,211.13428944,22.78831104
510,4703,218.09951808,26.15696064
510,4704,225.29410872,25.32302784
510,4705,232.1125152,24.13796544
510,4706,238.806228,23.948136
510,4707,245.4330372,23.86584
510,4708,252.03494424,23.2787952
510,4709,258.25828968,22.02679872
510,4710,264.39370032,22.02131232
510,4711,270.57266688,22.56117408
510,4712,276.91119624,22.85963424
510,4713,282.93236784,19.79383392
510,4714,288.0719664,18.54622656
510,4715,293.68132272,21.63616704
510,4716,299.7741528,21.9456
510,4717,305.87018328,21.9456
510,4718,311.92732128,21.47486688
510,4719,317.79091128,21.12593184
510,4720,321.6408096,21.342096
534,4671,20.51304,11.0166912
534,4672,22.51597224,10.37917152
534,4673,25.34311416,10.32650208
534,4674,28.44741072,11.80234368
534,4675,31.73345952,11.8725696
534,4676,34.95717672,11.88573696
534,4677,39.16783632,18.5604912
534,4678,44.51920992,19.32639264
534,4679,49.88551872,19.312128
534,4680,55.24908432,19.312128
534,4681,60.61286328,19.31541984
534,4682,66.00989592,20.20202208
534,4683,71.72303664,21.09411072
534,4684,77.95814736,22.24406016
534,4685,83.98142208,21.90609792
534,4686,90.07879368,21.90829248
534,4687,96.02574648,20.7550512
534,4688,101.8972308,21.43975392
534,4689,107.8457076,21.80953728
534,4690,113.96657928,22.92437376
534,4691,120.74798304,25.24073184
534,4692,127.87201248,26.36105472
534,4693,135.5305392,27.9422352
534,4694,143.16483432,27.37933056
534,4695,150.58814688,24.95653632
534,4696,156.94511664,21.94450272
534,4697,162.9863136,21.17530944
534,4698,168.82225824,21.53412
534,4699,174.90396312,21.94889184
534,4700,181.00346832,21.95547552
534,4701,187.10318688,21.97522656
534,4702,193.204338,21.9456
534,4703,199.30021608,21.91707072
534,4704,205.4604984,22.67199936
534,4705,212.0019636,24.29707104
534,4706,218.6967432,23.2019856
534,4707,224.85361176,21.81721824
534,4708,230.94250992,21.94669728
534,4709,237.0386928,21.91926528
534,4710,243.11088792,21.87866592
534,4711,249.20469336,21.9456
534,4712,255.28655064,21.78539712
534,4713,261.359142,21.9840048
534,4714,267.4325868,21.69651744
534,4715,273.44946072,21.80953728
534,4716,279.55622016,22.5271584
534,4717,286.48054464,27.12366432
534,4718,294.09956928,27.29264544
534,4719,300.94235976,22.23528192
534,4720,307.09380288,21.90938976
534,4721,313.15066656,21.96644832
534,4722,319.66439496,25.72682688
534,4723,327.50244888,29.68252128
534,4724,335.52646128,27.78751872
534,4725,343.12671024,26.8669008
534,4726,349.95846696,22.51289376
534,4727,356.04416472,20.6617824
534,4728,361.05535104,16.27595424
534,4729,365.51164896,14.54773824
534,4730,368.8829808,10.96511904
534,4731,371.93107224,10.9728
534,4732,374.97916368,10.9728
534,4733,378.02801712,10.96950816
534,4734,381.20046696,13.26721248
534,4735,385.4391072,15.91165728
534,4736,389.86288296,15.86996064
534,4737,394.26538368,15.84691776
534,4738,398.6680368,15.84801504
534,4739,403.07065944,15.8502096
534,4740,407.52363504,16.9145712
534,4741,412.31204304,16.9145712
534,4742,417.27046848,19.80261216
534,4743,423.01466832,19.52829216
534,4744,428.28054552,19.83991968
534,4745,433.97716608,20.85490368
534,4746,439.54473432,18.96319296
534,4747,444.57253224,17.10549792
534,4748,449.21783664,16.10477856
534,4749,453.06291912,11.56094208
534,4750,455.9248692,8.49953088
534,4751,457.72413408,5.48420544
534,4752,459.24770736,5.4864
534,4753,460.77167688,5.47871904
534,4754,462.46395696,6.46407648
534,4755,463.88194752,4.06651968
534,4756,464.93320272,3.15248544
534,4757,465.79496376,3.6100512
534,4758,466.94799168,4.66014816
534,4759,468.36576888,5.27023584
534,4760,469.83496584,5.29766784
534,4761,471.28889232,5.22085824
534,4762,472.73830776,5.21976096
534,4763,474.18775368,5.2175664
534,4764,475.63716912,5.2175664
534,4765,477.08661504,5.21976096
534,4766,478.53606096,5.21976096
534,4767,479.9854764,5.2175664
534,4768,481.45452096,5.46006528
534,4769,483.19081416,7.31446848
534,4770,485.60860968,9.7877376
534,4771,488.40438768,10.97499456
534,4772,492.09249816,14.13186912
534,4773,495.9845808,15.08979456
534,4774,499.1552628,17.9624736
538,4678,20.5865349,11.0057184
538,4679,23.41507128,12.47387904
538,4680,27.56745312,17.7814224
538,4681,34.38564624,30.64264128
538,4682,43.08844824,31.39537536
538,4683,51.80786184,31.38111072
538,4684,60.49740504,30.0983904
538,4685,65.36798712,9.134856
538,4686,71.17771896,28.97148384
538,4687,79.16975784,29.84162688
538,4688,87.74774424,30.52742688
538,4689,95.1815724,22.81354848
538,4690,101.27592648,21.38708448
538,4691,107.2353456,22.0388688
538,4692,113.4697248,22.5875088
538,4693,119.89195224,23.21076384
538,4694,126.6700032,26.24474304
538,4695,134.27348304,28.09256256
538,4696,141.94819464,27.40347072
538,4697,149.55353376,27.404568
538,4698,157.173168,27.432
538,4699,164.68392768,25.97152032
538,4700,171.47654808,23.04726912
538,4701,177.64890048,21.95767008
538,4702,183.74462616,21.86659584
538,4703,189.79761888,21.7755216
538,4704,195.84457656,21.76125696
538,4705,201.8833656,21.77991072
538,4706,208.04886,22.57434144
538,4707,214.31566992,22.52057472
538,4708,220.5813216,22.8618288
538,4709,227.5138452,26.97553152
538,4710,235.0521588,26.62220736
538,4711,241.74264072,21.94998912
538,4712,247.82736312,21.9456
538,4713,253.92927624,22.24296288
538,4714,260.36485392,23.84499168
538,4715,266.71719072,20.49609312
538,4716,271.69347744,16.58867904
538,4717,276.264624,16.4592
538,4718,280.83665448,16.45151904
538,4719,285.72159264,19.90136736
538,4720,291.69643464,21.99936672
538,4721,298.30035336,25.69500576
538,4722,305.29337976,24.14235456
538,4723,311.63770032,21.82599648
538,4724,317.71428456,21.9456
538,4725,324.2252088,25.90897536
538,4726,331.72280112,26.39177856
538,4727,338.3551272,21.85891488
538,4728,343.851738,17.26460352
538,4729,348.27953712,15.05029248
538,4730,352.39296552,14.79243168
538,4731,356.41093056,13.24197504
538,4732,359.6286432,10.72810656
538,4733,362.629704,10.9728
538,4734,365.67773448,10.9728
538,4735,368.72588688,10.9728
538,4736,371.7938208,11.80344096
538,4737,376.04818872,19.26494496
538,4738,381.52169568,17.22290688
538,4739,386.728716,22.74003072
538,4740,393.21162912,22.61055168
538,4741,398.8096164,17.9789328
538,4742,403.75557552,18.61645248
538,4743,408.87255792,17.93394432
538,4744,414.29793696,20.84722272
538,4745,420.08992944,20.766024
538,4746,425.46096264,17.63219232
538,4747,430.19115384,16.76973024
538,4748,434.8107636,16.7115744
538,4749,439.51882632,16.93980864
538,4750,444.23246688,16.97711616
538,4751,448.45242288,12.38499936
538,4752,451.22677344,7.40005632
538,4753,452.84724264,5.44141152
538,4754,454.0317564,3.18320928
538,4755,455.40966576,6.83276256
538,4756,457.34258544,6.9512688
538,4757,459.273402,6.95236608
538,4758,461.20421856,6.95017152
538,4759,463.13503512,6.95017152
538,4760,465.05253192,6.22816128
538,4761,466.06757688,1.67993568
538,4762,466.38566616,0.658368
538,4763,466.60131216,0.55741824
538,4764,466.65334152,0.0384048
538,4765,467.48962128,8.12096928
538,4766,470.52603888,11.44024128
538,4767,473.68657104,11.37111264
538,4768,476.8446648,11.3678208
538,4769,480.002088,11.3678208
538,4770,483.15969408,11.3678208
538,4771,486.31717824,11.3678208
538,4772,489.47478432,11.3678208
538,4773,492.63226848,11.3678208
538,4774,495.78978312,11.3678208
538,4775,498.94671864,11.34368064
538,4776,502.0946016,11.35465344
538,4777,505.2521772,11.3678208
538,4778,508.40969184,11.3678208
538,4779,510.3043896,11.3678208
545,4681,22.49792808,18.32347872
545,4682,28.18128984,21.52643904
545,4683,34.02714048,21.49132608
545,4684,40.58786904,24.45178752
545,4685,47.38621968,29.43343872
545,4686,57.1387224,36.65024928
545,4687,65.171574,16.34618016
545,4688,71.44853376,34.38546336
545,4689,80.80821024,29.83723776
545,4690,87.90459432,23.44558176
545,4691,94.1295552,21.30478848
545,4692,100.09531416,21.7316304
545,4693,106.0725336,21.55387104
545,4694,112.11421824,21.81612096
545,4695,118.19830056,23.56737984
545,4696,125.44717608,26.76924288
545,4697,133.10302056,29.95684128
545,4698,141.99985824,32.88218976
545,4699,150.93884976,29.983176
545,4700,158.66903496,26.85702528
545,4701,165.78751704,24.2992656
545,4702,172.34394792,23.22283392
545,4703,178.76111568,22.92327648
545,4704,184.96553304,21.95547552
545,4705,191.07000648,21.9620592
545,4706,197.16618936,21.9456
545,4707,203.25194808,21.890736
545,4708,209.37355128,22.34391264
545,4709,215.64999288,22.61055168
545,4710,221.83045296,22.28904864
545,4711,228.72841224,27.24107328
545,4712,236.21170944,25.45031232
545,4713,242.64905496,22.0333824
545,4714,248.97453888,23.783544
545,4715,255.8558256,23.63980032
545,4716,261.65866896,19.82894688
545,4717,266.98294584,17.70680736
545,4718,271.55756712,16.1903664
545,4719,276.11414424,16.45590816
545,4720,280.80916152,18.37724544
545,4721,286.53553056,21.82051008
545,4722,292.63470048,22.82232672
545,4723,299.56100616,25.4239776
545,4724,306.02700288,21.98071296
545,4725,312.09115128,21.78759168
545,4726,318.17395344,21.94450272
545,4727,324.30744384,22.31099424
545,4728,330.52893,22.09263552
545,4729,336.28693728,18.65266272
545,4730,341.01414144,16.31874816
545,4731,345.53920224,16.03784448
545,4732,349.77805584,14.78913984
545,4733,353.8869732,14.7364704
545,4734,357.71215224,13.1454144
545,4735,361.11795696,10.98816192
545,4736,364.14864432,10.50865056
545,4737,366.63959184,8.68826304
545,4738,369.4921236,11.44682496
545,4739,373.42989576,17.39627712
545,4740,378.94049688,21.83367744
545,4741,385.4071032,24.38595072
545,4742,392.19893112,24.06005856
545,4743,398.23455024,19.74774816
545,4744,403.8490272,20.95036704
545,4745,409.77244944,21.40134912
545,4746,415.50957792,19.39003488
545,4747,420.72193224,18.65705184
545,4748,425.75405832,17.21193408
545,4749,430.4189004,16.73461728
545,4750,435.00242184,15.51992832
545,4751,438.52054536,10.51523424
545,4752,441.29434728,8.53025472
545,4753,443.21833632,5.98237056
545,4754,444.938658,6.59245824
545,4755,446.60420712,5.76072
545,4756,448.3411404,7.22997792
545,4757,450.70413288,9.05365728
545,4758,453.04688664,6.78777408
545,4759,454.50437928,4.5591984
545,4760,455.70446832,4.24976544
545,4761,456.88550736,4.25305728
545,4762,458.06645496,4.25196
545,4763,459.1008852,2.31416352
545,4764,459.40178376,0.7351776
545,4765,459.6050244,0.73408032
545,4766,459.82591296,0.96341184
545,4767,460.13437056,1.152144
545,4768,460.4548068,1.16092224
545,4769,461.04099816,5.4479952
545,4770,463.65453624,10.98048096
545,4771,466.40096712,8.35688448
545,4772,468.65029968,8.32396608
545,4773,471.09244872,11.0496096
545,4774,474.9616104,14.621256
545,4775,478.9104468,13.91460768
545,4776,483.10964592,18.34432704
545,4777,488.67282504,20.35234944
545,4778,494.34213552,19.78834752
545,4779,498.6339024,18.8037216
549,4696,90.1455144,25.5007872
549,4697,94.01549904,25.30766592
549,4698,100.69772088,21.92584896
549,4699,106.4660304,20.74627296
549,4700,112.41807336,21.90609792
549,4701,118.55415456,22.14640224
549,4702,124.66719288,21.753576
549,4703,130.61353608,21.73601952
549,4704,136.33073064,19.18155168
549,4705,142.02311448,21.75028416
549,4706,148.10683104,21.9017088
549,4707,154.23212232,22.39438752
549,4708,160.53520344,22.7301552
549,4709,166.7586708,21.835872
549,4710,172.72567944,21.39037632
549,4711,177.964838742857,24.9834980571429
554,4683,20.5944216,27.432
554,4684,24.4970808,27.30361824
554,4685,31.59309912,23.62114656
554,4686,38.82514968,30.10607136
554,4687,47.351442,30.26188512
554,4688,55.83820176,30.70628352
554,4689,64.23638664,29.30395968
554,4690,72.25594896,28.75861152
554,4691,79.9255704,26.98650432
554,4692,87.66950208,28.25605728
554,4693,94.71407016,21.85342848
554,4694,101.24047824,25.16172768
554,4695,107.80184688,22.48765632
554,4696,114.20395752,25.47774432
554,4697,121.97361432,28.76629248
554,4698,129.84626304,28.61815968
554,4699,137.87405496,28.01465568
554,4700,145.37935872,26.55088416
554,4701,152.73125664,25.9396992
554,4702,159.70069152,24.6449088
554,4703,166.53674592,24.64710336
554,4704,173.3943192,24.6888
554,4705,180.175662,23.564088
554,4706,186.48831384,22.24076832
554,4707,192.5948904,21.9456
554,4708,198.69098184,21.9346272
554,4709,204.77390592,21.92145984
554,4710,211.0791816,23.70892896
554,4711,217.74207912,24.2882928
554,4712,224.92722096,27.2509488
554,4713,232.5374064,27.432
554,4714,240.14390376,27.3332448
554,4715,247.7518032,27.39688704
554,4716,254.40653208,18.41894208
554,4717,258.81494592,15.51444192
554,4718,263.13728424,15.47932896
554,4719,266.98154376,12.10519296
554,4720,270.56977128,14.81108544
554,4721,275.36296464,20.03304096
554,4722,281.36435472,21.94230816
554,4723,287.68032888,24.84132192
554,4724,295.12205136,27.43419456
554,4725,302.74195992,27.43638912
554,4726,310.32520104,26.39945952
554,4727,316.82826144,21.03924672
554,4728,322.66094472,21.48035328
554,4729,328.8170208,22.22979552
554,4730,334.156812,15.33339072
554,4731,338.06407368,13.90363488
554,4732,341.91726384,14.12857728
554,4733,346.80902952,17.57732832
554,4734,350.1126348,9.4311216
554,4735,352.7323908,9.43221888
554,4736,355.2730512,8.38541376
554,4737,357.68831688,10.12131072
554,4738,360.6642012,10.71384192
554,4739,363.73207416,12.3773184
554,4740,368.31699768,20.53449792
554,4741,374.4637164,23.32707552
554,4742,381.44250864,26.57502432
554,4743,388.9168752,26.94480768
554,4744,395.95845624,22.5381312
554,4745,401.57518872,19.1420496
554,4746,406.8560316,18.07110432
554,4747,411.44101608,15.49688544
554,4748,415.80803808,16.38019584
554,4749,420.22644936,13.86084096
554,4750,423.3981372,10.42196544
554,4751,426.2938896,10.42416
554,4752,429.18967248,10.42416
554,4753,432.08551632,10.42416
554,4754,434.98117728,10.42416
554,4755,437.87699064,10.4131872
554,4756,440.5629492,6.95456064
554,4757,441.6111564,2.50947936
554,4758,442.36459152,4.08078432
554,4759,444.26724456,8.5094064
554,4760,446.57433672,7.38579168
554,4761,448.32486408,5.40081216
554,4762,449.4676812,3.33792576
554,4763,450.21502032,1.4319504
554,4764,450.46379808,0.8284464
554,4765,450.70663224,0.71103744
554,4766,450.89237736,0.50255424
554,4767,450.9418464,0
554,4768,450.9418464,0
554,4769,450.95659872,0.61337952
554,4770,452.14909824,7.56245376
554,4771,454.33515432,7.86091392
554,4772,456.87002352,11.93401728
554,4773,460.75189536,14.4731232
554,4774,464.77342656,14.4731232
554,4775,468.8051076,14.56748928
554,4776,471.8665188,4.50213984
554,4777,474.52230216,20.24591328
554,4778,480.83096112,20.82198528
554,4779,486.28794792,21.2213952
554,4780,492.75531624,23.57615808
554,4781,498.0354784,24.9576336
563,4697,113.431794133333,23.6939328
563,4698,120.38463096,27.33214752
563,4699,127.69967856,24.249888
563,4700,134.18829144,23.05056096
563,4701,140.34778128,21.9456
563,4702,146.43350952,21.88963872
563,4703,152.601168,22.49862912
563,4704,158.77330704,21.94340544
563,4705,164.85339648,21.86440128
563,4706,170.94256896,21.9456
563,4707,177.03960528,21.95876736
563,4708,183.1674264,22.45364064
563,4709,189.39351504,22.0169232
563,4710,195.4907952,21.9456
563,4711,201.5813088,21.89731968
563,4712,207.72446136,23.4324144
563,4713,215.00284152,27.84128544
563,4714,222.66042336,27.29922912
563,4715,230.25744144,27.43419456
563,4716,237.64237968,24.33657312
563,4717,244.1803092,24.39911808
563,4718,250.38798792,18.87541056
563,4719,255.23366784,17.10220608
563,4720,260.45766552,21.60105408
563,4721,266.4966984,23.1672384
567,4686,21.22621104,31.5358272
567,4687,27.72823512,30.4879248
567,4688,36.4362492,32.71430592
567,4689,45.3548496,31.52814624
567,4690,55.14054504,39.1235184
567,4691,65.93842032,36.06869088
567,4692,74.4576108,26.21621376
567,4693,80.80123032,19.1585088
567,4694,85.44101784,16.075152
567,4695,90.33226536,19.12778496
567,4696,95.90687448,21.00413376
567,4697,101.91436056,21.89841696
567,4698,108.00033264,21.9456
567,4699,114.09770424,22.04325792
567,4700,120.2407044,21.7755216
567,4701,125.93281392,18.13584384
567,4702,130.16977776,13.42192896
567,4703,134.10291696,15.56162496
567,4704,138.7188996,18.42223392
567,4705,144.45682056,21.85342848
567,4706,150.55797168,22.35269088
567,4707,157.22248464,26.20194912
567,4708,164.73232992,26.801064
567,4709,172.23781656,27.432
567,4710,179.86092552,27.44516736
567,4711,187.40664576,26.04613536
567,4712,193.96856304,21.99058848
567,4713,200.05938144,21.89841696
567,4714,206.463138,24.73598304
567,4715,213.48246864,25.27474752
567,4716,220.5051216,25.21659168
567,4717,227.277168,23.36986944
567,4718,233.68644144,23.01983712
567,4719,239.7177324,19.9375776
567,4720,245.1233604,19.4712336
567,4721,250.45068528,18.78214176
567,4722,255.61786824,18.63949536
567,4723,261.86675592,27.6185376
567,4724,269.9607504,29.242512
567,4725,278.3640864,31.9911984
567,4726,287.36028888,30.87307008
567,4727,295.28892936,27.23119776
567,4728,302.12230152,20.50048224
567,4729,307.02251016,16.45151904
567,4730,311.66101752,18.22252896
567,4731,317.42091456,21.95328096
567,4732,323.54452944,22.25503296
567,4733,329.75927952,21.9071952
567,4734,335.0853852,16.6841424
567,4735,339.22542264,12.34330272
567,4736,342.25888368,9.46733184
567,4737,344.19058416,5.48201088
567,4738,345.95461416,9.10852128
567,4739,349.87211712,17.47747584
567,4740,354.80006256,17.7430176
567,4741,359.70246576,17.8417728
567,4742,365.38101168,22.90242816
567,4743,371.63047848,21.93901632
567,4744,377.9067372,23.6299248
567,4745,384.55473,24.04359936
567,4746,391.27666728,24.04359936
567,4747,397.17820488,17.29093824
567,4748,401.647914,16.32313728
567,4749,406.21601256,16.19256096
567,4750,410.41374864,13.61395296
567,4751,414.227772,15.2137872
567,4752,418.13899608,11.2142016
567,4753,420.9352008,9.9413568
567,4754,423.6966888,9.9413568
567,4755,426.32677752,7.87627584
567,4756,428.02692144,5.48530272
567,4757,429.55092144,5.48859456
567,4758,430.99887384,4.93446816
567,4759,432.44572896,5.62246272
567,4760,434.43153144,8.8769952
567,4761,436.73981232,7.35397056
567,4762,438.63444912,5.39203392
567,4763,439.75242504,3.63528864
567,4764,440.77701024,3.70441728
567,4765,441.80574072,3.70770912
567,4766,442.82148672,3.09542688
567,4767,443.1935256,0.02962656
567,4768,443.24896872,0.49816512
567,4769,443.69501304,3.39498432
567,4770,444.61654536,2.16054432
567,4771,445.21340472,2.39645952
567,4772,446.21080176,4.79950272
567,4773,447.82797912,7.40773728
567,4774,450.22105536,9.14912064
567,4775,452.7180684,8.997696
567,4776,455.54505792,12.1688352
567,4777,459.79805424,17.59817664
567,4778,464.99608296,20.79455328
567,4779,471.40416768,24.07651776
567,4780,478.07797704,23.70234528
567,4781,484.45183272,22.61274624
567,4782,490.92633336,24.64051968
567,4783,497.4632799,27.2728944
572,4689,20.703159,27.8489664
572,4690,25.94984904,26.63537472
572,4691,32.42334384,21.98729664
572,4692,39.67313376,31.20225408
572,4693,49.16573352,35.497008
572,4694,59.02452,35.26219008
572,4695,66.23870928,18.94234464
572,4696,73.4586288,28.48319424
572,4697,79.45940928,18.60547968
572,4698,85.43547048,23.04946368
572,4699,91.82224968,22.7905056
572,4700,98.12566608,22.75978176
572,4701,104.35611336,21.01730112
572,4702,109.5384144,17.72326656
572,4703,114.86214264,20.40721344
572,4704,120.61627896,20.65410144
572,4705,126.4545096,21.29052384
572,4706,132.10355088,18.95331744
572,4707,136.9303332,17.03417472
572,4708,142.3303224,21.61422144
572,4709,148.39562904,21.50888256
572,4710,154.3673316,22.22101728
572,4711,160.78666344,23.84718624
572,4712,167.71046976,26.00773056
572,4713,175.04295192,26.74839456
572,4714,182.60568,27.44077824
572,4715,190.23198936,27.45065376
572,4716,197.97646968,28.78494624
572,4717,206.28519576,30.66787872
572,4718,214.896192,30.90269664
572,4719,222.96144384,27.3990816
572,4720,230.376984,24.97519008
572,4721,236.68381416,21.24224352
572,4722,242.46708936,20.78906688
572,4723,248.91336552,27.00844992
572,4724,256.88016696,28.90345248
572,4725,261.3059544,28.4524704
574,4695,55.962804,35.7877872
574,4696,61.78274664,31.5961776
574,4697,68.61319272,26.34240096
574,4698,77.36390928,27.5252688
574,4699,83.35743552,18.86443776
574,4700,88.5256548,17.92845792
574,4701,93.18260256,16.4262816
574,4702,97.94302992,18.23459904
574,4703,103.420164,20.70896544
574,4704,109.12559328,20.52791424
574,4705,115.02149208,21.96864288
574,4706,120.93360624,20.48292576
574,4707,126.69585024,20.53998432
574,4708,132.59184048,22.01363136
574,4709,138.54824208,21.43755936
574,4710,144.60949488,21.88854144
574,4711,150.69622896,21.9456
574,4712,156.89936616,23.86474272
574,4713,164.1735096,27.62292672
574,4714,171.92789592,27.70741728
574,4715,179.55469296,27.44626464
574,4716,187.17953928,27.46162656
574,4717,194.83605432,28.38334176
574,4718,203.40593304,32.74393248
574,4719,212.55346872,32.89316256
574,4720,221.12724888,28.0793952
574,4721,228.1292364,21.4408512
574,4722,233.15307192,16.45700544
574,4723,237.77313888,17.77922784
574,4724,243.46183464,23.2678224
574,4725,250.7441772,29.35992096
574,4726,259.90076544,35.91836352
574,4727,270.21355152,37.9219968
574,4728,280.84031208,38.35322784
574,4729,291.1466364,34.2954864
574,4730,299.39659704,25.15843584
574,4731,305.72305632,21.94340544
574,4732,311.7893688,21.79307808
574,4733,317.87265864,21.94669728
574,4734,323.89885944,21.27516192
574,4735,329.74038192,20.33479296
574,4736,334.60986672,14.02543296
574,4737,337.2837552,4.9597056
574,4738,338.43583824,5.18793984
574,4739,340.00659456,6.85690272
574,4740,342.6544836,12.19955904
574,4741,347.02708344,19.77188832
574,4742,353.11854192,22.58641152
574,4743,359.63867112,25.44263136
574,4744,367.13217912,27.29484
574,4745,374.61511056,27.0260064
574,4746,381.78138528,23.20966656
574,4747,387.89414928,21.84465024
574,4748,393.79727184,19.3724784
574,4749,398.5924464,16.45810272
574,4750,403.16453784,16.4592
574,4751,407.73775704,16.4262816
574,4752,411.90924984,12.96655776
574,4753,415.24485912,10.94317344
574,4754,417.66902496,6.90079392
574,4755,419.33753064,5.75962272
574,4756,420.9301716,5.16709152
574,4757,422.24312808,4.56907392
574,4758,423.52499496,4.62174336
574,4759,424.46152344,1.99375776
574,4760,425.18328984,4.279392
574,4761,426.76032504,6.42786624
574,4762,428.93906592,9.2884752
574,4763,431.58890568,8.34152256
574,4764,433.10324352,3.65065056
574,4765,434.1089616,3.65723424
574,4766,435.0605472,2.53252224
574,4767,435.56989848,1.74138336
574,4768,436.01347392,1.24980192
574,4769,436.424832,1.38037824
574,4770,436.64236776,0.28858464
574,4771,436.89992376,0.90415872
574,4772,437.33295312,2.49192288
574,4773,438.22022592,6.11623872
574,4774,441.08443152,12.35098368
574,4775,444.5230632,12.38390208
574,4776,447.9633408,12.3773184
574,4777,451.2638676,12.097512
574,4778,455.1558588,16.51077216
574,4779,460.9051488,23.74075008
574,4780,467.33603256,19.14534144
574,4781,472.22916984,23.27001696
574,4782,480.01394472,28.83542112
574,4783,487.70325624,25.9451856
574,4784,494.98489776,26.84605248
574,4785,499.436136,26.0933184
583,4717,189.707432914286,26.2093165714286
583,4718,195.744846,25.51285728
583,4719,202.83918792,26.07905376
583,4720,210.42620856,28.09256256
583,4721,218.12807784,25.90787808
583,4722,224.1192876,17.68486176
583,4723,228.7307592,16.4592
583,4724,233.3027592,16.4592
583,4725,237.96857664,18.32128416
583,4726,243.71536728,21.89841696
583,4727,250.13402856,25.51614912
583,4728,257.78853192,29.42246592
583,4729,266.4130308,31.86391392
583,4730,275.4259668,32.85146592
583,4731,284.46316488,30.82698432
583,4732,291.83039424,22.81574304
583,4733,297.88448424,20.53998432
583,4734,302.7956352,14.35351968
583,4735,305.98436136,10.03352832
583,4736,308.77190976,10.03791744
583,4737,311.5255644,9.86015808
583,4738,314.28616848,9.7164144
583,4739,316.9046748,9.6505776
583,4740,319.124076,10.0821744
591,4703,97.3628736,24.6668544
591,4704,101.24325192,22.247352
591,4705,107.10004488,20.58277824
591,4706,112.84296456,21.2707728
591,4707,118.8233844,20.86916832
591,4708,124.23014016,19.59412896
591,4709,129.91054536,20.18556288
591,4710,135.19635648,18.21375072
591,4711,140.66751648,21.39805728
591,4712,146.83002384,22.44047328
591,4713,152.95309008,21.43865664
591,4714,158.92305528,21.94889184
591,4715,165.57616872,27.35080128
591,4716,173.9077548,29.85479424
591,4717,181.4568888,24.4254528
591,4718,187.70946456,21.93901632
591,4719,193.83859632,22.21114176
591,4720,200.0134176,22.42730592
591,4721,206.46536304,23.85267264
591,4722,213.033864,22.0992192
591,4723,217.9467828,14.98116384
591,4724,222.35650728,16.32094272
591,4725,226.90074,16.4592
591,4726,231.5224224,17.82860544
591,4727,237.18645984,21.8962224
591,4728,243.25551552,21.89183328
591,4729,249.78195408,26.05601088
591,4730,257.53079304,29.59583616
591,4731,266.1245376,31.78381248
591,4732,275.029422,30.85880544
591,4733,282.53896248,23.25355776
591,4734,288.48332448,19.4163696
591,4735,293.29849392,16.45261632
591,4736,297.77579256,14.54664096
591,4737,301.14721584,10.9673136
591,4738,304.1952768,10.9728
591,4739,307.2432768,10.9728
591,4740,310.27807896,10.81259712
591,4741,313.40240088,12.88974816
591,4742,317.80630368,19.65667392
591,4743,323.75767608,20.4807312
591,4744,330.778104,30.91805856
591,4745,339.4121736,31.382208
591,4746,348.50411376,34.37668512
591,4747,358.1572212,33.45496992
591,4748,366.51587352,27.57684096
591,4749,373.5776628,22.72905792
591,4750,379.64162832,21.7371168
591,4751,385.68328248,21.81173184
591,4752,391.73798208,21.73053312
591,4753,397.77396696,21.726144
591,4754,402.30106992,21.726144
597,4718,183.331104,22.4997264
597,4719,187.00373064,21.4737696
597,4720,192.77920296,20.57509728
597,4721,198.48822888,20.72652192
597,4722,204.06920832,18.92369088
597,4723,209.02229976,16.48443744
597,4724,213.40230624,15.61648896
597,4725,217.73293512,15.6142944
597,4726,222.14613432,16.38897408
597,4727,226.9962948,18.97087392
597,4728,232.50759696,20.01767904
597,4729,237.7065096,23.0607108
611,4740,275.7318336,31.4699904
611,4741,280.07620896,27.70302816
611,4742,285.46373184,22.66322112
611,4744,297.020521866667,15.922752
611,4745,301.09753344,15.49249632
611,4746,305.43127128,15.6033216
611,4747,309.75601752,15.45409152
611,4748,314.13797472,16.30996992
611,4749,318.70707912,16.45261632
611,4750,323.69177832,20.95585344
611,4751,330.05856264,23.372064
611,4752,336.5097156,23.31281088
611,4753,343.43525928,26.1756144
611,4754,350.70662904,26.63866656
611,4755,358.20504432,26.99967168
611,4756,365.4942144,24.39692352
611,4757,371.7740088,21.93901632
611,4758,377.8207836,20.72432736
611,4759,383.02079352,17.36665056
611,4760,387.790944,17.15268096
611,4761,391.90964544,11.08472256
611,4762,394.31881512,7.18389216
611,4763,395.9448012,4.93007904
611,4764,397.20966024,4.1916096
611,4765,398.14902336,2.8145232
611,4766,399.75855024,9.31700448
611,4767,402.7099896,11.38866912
611,4768,405.831294,10.66336704
611,4769,408.30669672,7.02368928
611,4770,409.86782136,3.90741408
611,4771,410.62677336,1.4648688
611,4772,410.7250104,0
611,4773,410.90517768,3.52665792
611,4774,413.35592208,11.14507296
611,4775,415.46977104,4.73147136
611,4776,416.90306256,5.76072
611,4777,418.56885552,5.80790304
611,4778,420.44907528,8.1802224
611,4779,422.87787408,9.09206208
611,4780,425.55538968,9.83601792
611,4781,428.37250368,11.19006144
611,4782,432.60648048,19.82894688
611,4783,438.41343864,20.98218816
611,4784,444.245238,21.04912224
611,4785,450.04549056,20.1405744
611,4786,455.70047544,23.1087168
611,4787,462.83751984,26.29960704
611,4788,470.15784048,26.39287584
611,4789,477.47441208,26.30289888
611,4790,484.78007184,26.3018016
611,4791,492.08560968,26.3018016
611,4792,499.38657552,26.26010496
611,4793,506.6851944,26.3018016
611,4794,511.7989764,26.3018016
612,4697,30.25920288,26.86031712
612,4698,37.72058496,26.7571728
612,4699,44.70733248,23.37316128
612,4700,51.1129788,22.85743968
612,4701,57.14811024,20.9086704
612,4702,63.199518,23.69356704
612,4703,70.23207696,25.79046912
612,4704,76.95593448,20.64312864
612,4705,81.91719456,17.05282848
612,4706,86.65518864,17.40505536
612,4707,92.02920888,21.61202688
612,4708,98.66247984,25.50737088
612,4709,105.7108884,24.47153856
612,4710,111.97684488,21.39257088
612,4711,117.95223552,21.588984
612,4712,123.8656908,20.35015488
612,4713,129.54310896,21.753576
612,4714,135.16356,17.6771808
612,4715,139.93264368,17.145
612,4716,144.69066312,17.09452512
612,4717,149.44234272,17.26131168
612,4718,154.64405952,20.50926048
612,4719,160.60082688,21.90609792
612,4720,166.67610048,21.90500064
612,4721,172.7714604,21.9456
612,4722,178.86965496,21.95767008
612,4723,184.96733136,21.95876736
612,4724,191.06695848,21.68883648
612,4725,196.7566296,19.3615056
612,4726,202.13509992,19.6193664
612,4727,207.61442856,19.8004176
612,4728,213.1943412,20.34686304
612,4729,218.85191688,20.3655168
612,4730,224.4804756,20.21848128
612,4731,230.12421336,20.31175008
612,4732,235.75137,20.080224
612,4733,240.9628404,17.53782624
612,4734,244.8503104,17.5491648
613,4733,265.8079647,24.064722
613,4734,271.75651008,23.37425856
613,4735,278.04959376,21.0293712
613,4736,283.13332248,16.64354304
613,4737,287.75546208,16.64464032
613,4738,292.3242312,15.17867424
613,4739,295.78252248,10.78845696
613,4740,298.77907224,10.78735968
613,4741,301.75477368,10.43403552
613,4742,304.68396264,10.8191808
613,4743,307.70203128,11.01559392
613,4744,311.2805052,15.43653504
613,4745,315.81422232,16.5085776
613,4746,320.96851224,21.87098496
613,4747,327.688194,25.17379776
613,4748,334.66259712,25.04212416
613,4749,341.92034232,27.2454624
613,4750,349.51854912,27.432
613,4751,357.13254456,27.24875424
613,4752,364.692438,27.37823328
613,4753,372.31286472,27.432
613,4754,379.9182648,27.12585888
613,4755,387.35748792,26.64415296
613,4756,394.29656472,21.0897216
613,4757,399.12420048,15.08979456
613,4758,402.77030952,11.47535424
613,4759,405.55356024,8.63778816
613,4760,407.57106192,5.93847936
613,4761,409.11319752,6.0130944
613,4762,411.54190488,8.62352352
613,4763,412.78533648,3.3631632
613,4764,414.23816568,6.14147616
613,4765,415.82367432,5.53797216
613,4766,417.35203296,5.4864
613,4767,418.87645968,5.35253184
613,4768,420.19901736,4.6524672
613,4769,421.67802888,5.64770016
613,4770,423.24607248,5.64221376
613,4771,424.81585344,5.57308512
613,4772,425.856654,1.41988032
613,4773,426.1855332,1.87854336
613,4774,427.02992064,4.16637216
613,4775,428.14125192,4.02043392
613,4776,429.54939744,5.90007456
613,4777,431.65711992,8.9538048
613,4778,434.37828288,11.15824032
613,4779,437.71401408,12.25771488
613,4780,442.33219128,23.12407872
613,4781,448.95720216,20.3051664
613,4782,453.82238928,17.45991936
613,4783,459.1008852,20.54547072
613,4784,465.05350728,22.16944512
613,4785,472.47331464,31.35587328
613,4786,481.32528576,31.11117984
613,4787,489.27343344,27.46052928
613,4788,496.7829536,29.358336
621,4699,15.637256,20.29968
621,4700,20.1597768,20.38087872
621,4701,25.86709584,21.05460864
621,4702,31.8461136,21.6383616
621,4703,37.97402616,23.18113728
621,4704,44.6820036,24.4309392
621,4705,51.53994264,25.10466912
621,4706,58.52498328,25.0399296
621,4707,65.48228712,24.85010016
621,4708,71.66070504,18.9994032
621,4709,76.5491484,16.8926256
621,4710,81.04781352,15.92263008
621,4711,85.94939376,19.1969136
621,4712,91.32746784,19.84650336
621,4713,96.82569408,19.34175456
621,4714,102.52121736,21.62299968
621,4715,108.26889192,19.15192512
621,4716,113.59338216,20.53669248
621,4717,119.646192,21.78429984
621,4718,125.44610928,20.62557216
621,4719,131.37312816,22.15079136
621,4720,137.41231344,21.12264
621,4721,143.39306856,21.89293056
621,4722,149.476968,21.94230816
621,4723,155.57308992,21.94998912
621,4724,161.49870672,20.21409216
621,4725,166.90445664,19.33187904
621,4726,172.38430344,19.79054208
621,4727,177.77499624,19.037808
621,4728,182.96833104,18.6647328
621,4729,188.19973536,18.8677296
621,4730,193.43592504,18.84688128
621,4731,198.77909952,19.75213728
621,4732,204.30064296,19.90027008
621,4733,209.83547568,20.03413824
621,4734,216.35441616,27.9038304
621,4735,224.17911984,27.32007744
621,4736,231.7842456,27.432
621,4737,239.3940348,27.34092576
621,4738,246.9989472,27.432
621,4739,254.62406784,27.8379936
621,4740,262.67112312,29.4839136
621,4741,270.41036088,25.292304
621,4742,276.7573332,20.94597792
621,4743,281.90650248,16.16732352
621,4744,285.64517928,11.16592128
621,4745,288.69165528,10.97718912
621,4746,291.71499696,10.83783456
621,4747,295.02701472,13.98593088
621,4748,299.400468,16.46578368
621,4749,303.97158408,16.63257024
621,4750,308.99490144,20.0582784
621,4751,314.8786692,21.3859872
621,4752,320.90785704,21.6932256
621,4753,326.629776,23.39510688
621,4754,334.31131512,27.66901248
621,4755,341.09195688,21.88634688
621,4756,347.27976264,23.54543424
621,4757,354.10313736,24.83473824
621,4758,360.71744976,22.77624096
621,4759,367.48276008,26.67158496
621,4760,374.15608176,17.65084608
621,4761,379.64568216,24.52859712
621,4762,384.48785688,10.67982624
621,4763,387.4637412,10.75224672
621,4764,390.36440088,8.72447328
621,4765,391.50368232,0.7845552
621,4766,391.86365112,2.95058592
621,4767,393.08230248,4.7951136
621,4768,394.41543672,4.7951136
621,4769,395.74854048,4.7951136
621,4770,397.08173568,4.7951136
621,4771,398.41462608,4.80718368
621,4772,399.68070432,4.14003744
621,4773,400.88259168,4.52189088
621,4774,402.12090264,6.089904
621,4775,404.4092496,8.8385904
621,4776,406.8644136,8.83749312
621,4777,409.3195776,8.8385904
621,4778,411.77486352,8.83968768
621,4779,414.1966824,8.00904672
621,4780,416.47637304,9.53316864
621,4781,419.32314408,10.8850176
621,4782,422.4678876,10.1882448
621,4783,424.96932024,10.36710144
621,4784,429.02373936,17.55318816
621,4785,433.94336376,17.6991264
621,4786,438.84427344,17.14061088
621,4787,443.7165624,19.07292096
621,4788,449.19448896,19.51622208
621,4789,454.62867672,19.7729856
621,4790,460.05027624,18.91600992
621,4791,465.614766,20.80881792
621,4792,470.63594976,19.66216032
621,4793,477.55122168,25.868376
621,4794,484.20884616,22.66541568
621,4795,490.60848792,23.33146464
621,4796,496.65142224,18.59560416
621,4797,499.6101768,14.3085312
629,4709,21.5020398,18.777204
629,4710,26.49266736,20.1296016
629,4711,31.34971632,16.51735584
629,4712,36.89411976,22.44815424
629,4713,43.15547376,23.02532352
629,4714,49.99079664,25.76632896
629,4715,57.14914656,25.51505184
629,4716,64.02516024,24.18075936
629,4717,70.40648352,21.4463376
629,4718,76.18863096,20.6233776
629,4719,81.86376312,20.4423264
629,4720,87.64862328,20.62447488
629,4721,93.0651936,18.80518464
629,4722,98.5307148,20.03743008
629,4723,103.80073728,17.98880832
629,4724,108.9186036,19.81248768
629,4725,114.46325088,20.01877632
629,4726,120.39395784,22.04545248
629,4727,126.65183712,23.32488096
629,4728,133.1197236,22.70382048
629,4729,139.46300784,23.04507456
629,4730,145.67349072,21.89512512
629,4731,151.7628156,21.9456
629,4732,157.85884608,21.9456
629,4733,163.94234928,21.87208224
629,4734,170.02999776,21.94450272
629,4735,176.2024416,22.5052128
629,4736,182.37772008,21.94669728
629,4737,188.53909968,22.52825568
629,4738,194.72949624,21.93243264
629,4739,200.9704896,23.1910128
629,4740,206.74288344,19.94525856
629,4741,213.61932384,27.82372896
629,4742,221.18494752,26.51357664
629,4743,228.106224,26.5188192
629,4789,408.498010971429,18.6976512
629,4790,412.91390112,18.84688128
629,4791,418.07757888,17.38310976
629,4792,422.65878384,15.95335392
629,4793,427.155864,17.78581152
629,4794,432.96401088,23.32378368
629,4795,439.45567176,22.76636544
629,4796,445.83879336,25.0618752
629,4797,453.50908536,28.5951168
629,4798,461.45131992,28.59401952
629,4799,469.32640704,27.63170496
629,4800,476.6832732,23.70892896
629,4801,482.0547636,17.69583456
629,4802,486.7904412,16.0696656
629,4803,491.49911352,17.65633248
629,4804,496.68610848,20.09887776
629,4805,499.9716696,21.1994496
630,4754,306.025296,16.4701728
630,4755,308.5719,17.18998848
630,4756,313.8126312,20.78028864
630,4757,319.85084112,22.2638112
630,4758,326.54318232,25.74877248
630,4759,333.62301576,24.10943616
630,4760,339.87915768,21.83148288
630,4761,345.92123856,21.57362208
630,4762,351.80521968,20.98218816
630,4763,357.44545224,18.52976736
630,4764,362.08651992,15.39703296
630,4765,365.68352568,11.02546944
630,4766,368.56230072,8.50721184
630,4767,370.28137272,4.53066912
630,4768,370.99384272,0.70664832
630,4769,371.05663152,0.88440768
630,4770,372.00562632,5.35801824
630,4771,373.5305712,5.4864
630,4772,375.0545712,5.4864
630,4773,376.5785712,5.4864
630,4774,378.1025712,5.4864
630,4775,379.6265712,5.4864
630,4776,381.16197072,6.06137472
630,4777,383.33912664,9.1513152
630,4778,385.88896152,9.1952064
630,4779,388.46077248,9.24348672
630,4780,391.01179608,9.1732608
630,4781,393.56117376,9.31919904
630,4782,396.30458712,9.45635904
630,4783,398.41191336,6.12172512
630,4784,400.07115312,6.08002848
630,4785,401.92092336,8.41833216
630,4786,404.6427264,10.46695392
630,4787,407.69008632,11.47645152
630,4788,411.1976028,13.41315072
630,4789,415.07856024,14.93836992
630,4790,419.48685216,16.46029728
630,4791,424.08692424,17.13622176
630,4792,429.28531872,20.1680064
630,4793,435.11309472,21.67128
630,4794,441.25505856,22.45802976
630,4795,447.43899336,21.97632384
630,4796,453.81522648,24.23452608
630,4797,460.59172296,24.3760752
630,4798,467.55774408,26.26229952
630,4799,475.0830732,27.40347072
630,4800,482.82874224,28.15949664
630,4801,489.89190312,21.5780112
630,4802,495.35245608,19.65557664
630,4803,499.3683942,21.1116672
640,4738,239.9160048,21.6383616
640,4739,243.24920616,21.94779456
640,4740,249.4737708,22.46571072
640,4741,255.60357312,22.28685408
640,4742,262.00769544,23.46094368
640,4743,268.11265656,18.93027456
640,4744,272.76500184,16.31435904
640,4745,277.1793288,13.99251456
640,4746,280.45922064,10.97060544
640,4747,283.5072816,10.9728
640,4748,286.5552816,10.9728
640,4749,289.634676,11.92304448
640,4750,293.64093672,16.33191552
640,4751,298.2138816,16.4592
640,4752,302.78630832,16.431768
640,4753,307.43587992,17.88237216
640,4754,312.9974436,21.63616704
640,4755,319.08835344,22.04545248
640,4756,325.5913224,24.77877696
640,4757,332.33267544,23.78025216
640,4758,338.98475256,23.91631488
640,4759,345.6113484,23.91631488
640,4760,352.27400208,23.9865408
640,4761,358.9184592,23.756112
640,4762,365.36836248,22.34939904
640,4763,370.92340344,17.1395136
640,4764,374.820942,11.1319056
640,4765,377.17799088,6.07125024
640,4766,378.62076168,4.21245792
640,4767,379.24185264,0.48060864
640,4768,379.26452976,0.20189952
640,4769,379.56524544,2.276856
640,4770,380.57224368,4.84888032
640,4771,382.14766344,6.26107968
640,4772,383.95028112,6.5178432
640,4773,385.76164656,6.5178432
640,4774,387.58965408,6.60452832
640,4775,389.40812136,6.5178432
640,4776,391.21924296,6.5178432
640,4777,393.03051696,6.5178432
640,4778,394.84191288,6.5123568
640,4779,396.77288184,7.40334816
640,4780,399.0827172,9.55840608
640,4781,401.73246552,8.92527552
640,4782,403.9861872,7.58549664
640,4783,406.06946472,7.00174368
640,4784,408.21263544,9.54853056
640,4785,411.19385376,11.48084064
640,4786,414.37218624,11.3239296
640,4787,418.0950744,17.64316512
640,4788,423.6345096,17.41273632
640,4789,427.73370384,14.93178624
640,4790,432.28613568,17.47308672
640,4791,437.33401992,19.5809616
640,4792,442.9576104,20.2283568
640,4793,448.80913032,21.91707072
640,4794,454.87632672,21.93901632
640,4795,461.09253984,22.53045024
640,4796,467.65238448,25.46347968
640,4797,474.934026,26.11855584
640,4798,481.68897312,22.57434144
640,4799,487.89683472,21.44414304
640,4800,493.71784416,22.26710304
640,4801,498.57623424,23.40059328
641,4703,20.5889352,17.1395136
641,4704,23.84547936,16.92883584
641,4705,28.5458916,17.56964736
641,4706,34.16466624,21.97632384
641,4707,40.27328496,22.00156128
641,4708,46.38876168,22.01802048
641,4709,52.501038,22.000464
641,4710,58.61249136,22.000464
641,4711,64.4738868,16.36373664
641,4712,67.96924176,17.55757728
641,4713,74.50741512,22.68406944
641,4714,79.98311664,18.24557184
641,4715,85.27535904,20.25469152
641,4716,91.02019896,21.17860128
641,4717,96.96413424,21.86659584
641,4718,103.00313664,21.29491296
641,4719,109.04149896,21.67128
641,4720,114.98555616,21.45621312
641,4721,121.00883088,21.95218368
641,4722,127.04310888,21.23895168
641,4723,133.374384,25.6105152
641,4724,140.88230904,27.42322176
641,4725,148.18132416,24.37278336
641,4726,154.50836256,21.89402784
641,4727,160.04868168,17.32714848
641,4728,164.62180944,16.36702848
641,4729,169.29579552,17.47308672
641,4730,174.21709632,17.7430176
641,4731,179.14845552,17.7046128
641,4732,183.86105976,16.4592
641,4733,188.51334408,16.8542208
641,4734,193.18958568,16.82349696
641,4735,198.27502128,20.89989216
641,4736,204.87000936,25.85301408
641,4737,212.42706816,28.24179264
641,4738,220.22555904,27.5746464
641,4739,227.82041304,27.3990816
641,4740,235.43663352,27.01832544
641,4741,242.32563168,22.5326448
641,4742,248.44333344,21.9510864
641,4743,254.21463,18.30372768
641,4744,258.8806608,16.67536416
641,4745,263.53715136,16.67207232
641,4746,267.78548424,12.87328896
641,4747,270.88600128,10.69189632
641,4748,273.91120224,10.97499456
641,4749,276.5279712,6.85580544
641,4750,278.11466856,5.93299296
641,4751,280.32961968,10.24969248
641,4752,283.46668224,12.89194272
641,4753,287.67688464,16.32972096
641,4754,292.66981344,20.57619456
641,4755,298.71622248,21.9456
641,4756,304.81231392,21.9456
641,4757,310.882284,21.32344224
641,4758,316.3994688,18.30043584
641,4759,321.1634928,17.00345088
641,4760,326.35643136,19.94745312
641,4761,331.90290744,19.6852032
641,4762,336.91641024,16.56783072
641,4763,341.47496856,16.31545632
641,4764,346.0190184,16.4592
641,4765,350.59120128,16.4592
641,4766,355.15862928,15.992856
641,4767,358.89700128,11.05180416
641,4768,361.55641176,7.28484192
641,4769,362.93157792,2.49411744
641,4770,363.11765832,0.45646848
641,4771,363.81281568,3.758184
641,4772,364.74937464,3.53763072
641,4773,365.68651272,3.38181696
641,4774,366.98297952,5.48749728
641,4775,368.50758912,5.4864
641,4776,370.03158912,5.4864
641,4777,371.55568056,5.4864
641,4778,373.07928432,5.48310816
641,4779,374.60261376,5.48530272
641,4780,376.12667472,5.4864
641,4781,377.65067472,5.4864
641,4782,379.15449696,5.13307584
641,4783,380.93495568,7.87078944
641,4784,382.65951408,5.85508608
641,4785,384.80612904,8.311896
641,4786,387.12529128,8.4051648
641,4787,389.44954368,8.311896
641,4788,391.75846464,8.3173824
641,4789,394.05827208,8.48526624
641,4790,396.77714904,11.83087296
641,4791,400.53929544,14.27122368
641,4792,404.49980568,14.31511488
641,4793,408.83457984,17.6497488
641,4794,414.44771568,22.55568768
641,4795,420.93867552,24.45617664
641,4796,428.08721088,26.12843136
641,4797,435.25677744,24.7217184
641,4798,441.7096068,23.41485792
641,4799,449.67131808,32.91730272
641,4800,457.19219712,20.60252928
641,4801,462.95931792,21.0842352
641,4802,468.77987016,22.3735392
641,4803,475.32170112,23.72977728
641,4804,481.34326896,18.03160224
641,4805,485.33447256,11.42926848
641,4806,488.93781816,17.79568704
641,4807,494.28535128,17.391888
641,4808,498.528594,17.0572176
652,4708,24.4125205714286,17.3950230857143
652,4709,28.80524592,20.29748544
652,4710,34.76070264,21.91926528
652,4711,40.85444712,21.94998912
652,4712,46.998636,22.55349312
652,4713,53.71843968,26.1920736
652,4714,61.1852472,26.94151584
652,4715,68.65309104,26.25461856
652,4716,75.34585896,22.40865216
652,4717,81.3430428,20.7166464
652,4718,87.063072,21.15885024
652,4719,93.10707312,21.7755216
652,4720,99.12647688,21.07984608
652,4721,104.72519568,19.64350656
652,4722,110.30358432,21.21810336
652,4723,116.40391248,22.1540832
652,4724,122.5344768,21.9456
652,4725,128.50834344,21.25541088
652,4726,134.6737464,22.576536
652,4727,140.80568232,21.9456
652,4728,146.89080096,21.88963872
652,4729,152.98381392,21.8962224
652,4730,158.5755528,18.66802464
652,4731,163.95478512,20.25249696
652,4732,169.7540928,20.88782208
652,4733,175.58860488,21.35745792
652,4734,181.61337312,21.95437824
652,4735,187.71364032,21.97632384
652,4736,193.81384656,21.9456
652,4737,199.90850544,21.90829248
652,4738,205.94183856,21.36733344
652,4739,211.96935,22.22979552
652,4740,218.13097344,22.14530496
652,4741,224.3413344,23.75282016
652,4742,231.60572424,26.59038624
652,4743,238.2540828,21.92145984
652,4744,244.32438816,21.92694624
652,4745,250.18858776,18.92588544
652,4746,254.90811096,16.23864672
652,4747,258.92503968,12.37402656
652,4748,262.23806328,11.9493792
652,4749,265.55831064,11.95047648
652,4750,268.78922112,11.02437216
652,4751,271.76818392,10.83564
652,4752,274.81444656,10.97060544
652,4753,278.09436888,13.99251456
652,4754,282.50933592,16.4976048
652,4755,287.42451024,19.85637888
652,4756,293.37219456,21.94998912
652,4757,299.4684384,21.95218368
652,4758,305.29968912,19.50524928
652,4759,310.87624896,21.02169024
652,4760,316.11618768,16.65232128
652,4761,320.68864488,16.78618944
652,4762,325.870062,20.34466848
652,4763,331.56119616,20.3490576
652,4764,336.74386296,16.788384
652,4765,341.31022416,16.32642912
652,4766,345.81650928,15.44202144
652,4767,349.57880808,12.399264
652,4768,353.02539504,12.30928704
652,4769,355.97656008,7.43187744
652,4770,357.2472408,3.33463392
652,4771,358.17361944,3.0504384
652,4772,358.5909516,0.10204704
652,4773,358.5914088,0
652,4774,358.5914088,0
652,4775,358.5914088,0
652,4776,358.90730352,3.47508576
652,4777,360.29557608,5.23183104
652,4778,361.92003816,6.62976576
652,4779,363.8162904,7.27057728
652,4780,366.1070148,9.10413216
652,4781,368.69053008,8.78701824
652,4782,370.62469944,5.51822112
652,4783,372.31630896,6.58806912
652,4784,374.03794128,6.17110272
652,4785,375.9421488,7.44175296
652,4786,378.2276916,9.43002432
652,4787,381.04276344,10.14984
652,4788,383.74161504,9.40259232
652,4789,386.35649424,9.47391552
652,4790,388.9917036,9.4256352
652,4791,391.62356016,9.98853984
652,4792,394.68619056,11.77820352
652,4793,398.4472092,15.73609248
652,4794,402.99601392,16.41421152
652,4795,408.07136064,20.73530016
652,4796,414.01447296,21.47267232
652,4797,419.90583024,21.25102176
652,4798,426.074586,23.4598464
652,4799,433.02213624,26.19756
652,4800,440.49884976,27.25424064
652,4801,447.76579992,24.8753376
652,4802,454.53763296,23.30842176
652,4803,460.81038648,22.45364064
652,4804,466.8330516,21.52204992
652,4805,472.94145696,22.12884576
652,4806,479.07668472,21.7371168
652,4807,484.80686376,20.61130752
652,4808,490.97174856,23.72758272
652,4809,497.2886676,26.801064
658,4717,16.8872916,25.8093972
658,4718,23.35417224,25.84862496
658,4719,30.51816096,25.76084256
658,4720,37.67260944,25.77839904
658,4721,44.8379088,25.80363648
658,4722,52.0040616,25.77620448
658,4723,58.61285712,20.656296
658,4724,63.96877224,19.0762128
658,4725,69.37543656,20.96682624
658,4726,75.54425328,21.42768384
658,4727,81.14623344,19.1914272
658,4728,86.18003592,17.82970272
658,4729,91.26617256,18.10731456
658,4730,95.91205608,15.52760928
658,4731,101.0159016,22.32745344
658,4732,107.46202536,23.31500544
658,4733,113.94073224,23.40717696
658,4734,120.46631736,23.2403904
658,4735,126.68557848,21.92694624
658,4736,132.6904128,21.31795584
658,4737,138.22426,19.6632576
661,4711,21.122259,19.641312
661,4712,24.99585552,20.7276192
661,4713,30.898338,21.05570592
661,4714,36.70822224,21.98071296
661,4715,43.05336576,21.96425376
661,4716,48.71048424,20.50596864
661,4717,55.23350904,25.56881856
661,4718,62.346078,25.60941792
661,4719,69.13180992,22.08056544
661,4720,74.71620312,19.28579328
661,4721,80.20976592,20.19104928
661,4722,85.96905336,21.5834976
661,4723,91.68463248,18.9390528
661,4724,96.92429688,19.30225248
661,4725,102.2593332,19.00708416
661,4726,107.55245952,18.33884064
661,4727,112.15362888,15.53967936
661,4728,116.48825064,15.74377344
661,4729,120.8496948,15.95115936
661,4730,126.00633168,20.83844448
661,4731,132.0102516,22.67638848
661,4732,138.35185944,22.35817728
661,4733,144.45816168,21.890736
661,4734,150.543768,21.9456
661,4735,156.639768,21.9456
661,4736,162.726624,21.86440128
661,4737,168.80899944,21.9456
661,4738,174.90499944,21.94121088
661,4739,181.26398088,24.97628736
661,4740,188.64477384,26.91188928
661,4741,196.17656472,27.43858368
661,4742,203.7860796,27.40347072
661,4743,211.72816176,30.1697136
661,4744,220.03201104,28.38992544
661,4745,227.66621472,27.40017888
661,4746,235.28847024,27.377136
661,4747,242.33203248,22.53374208
661,4748,247.74899904,16.62050016
661,4749,251.63004792,11.55326112
661,4750,254.63110872,10.33857216
661,4751,257.31822552,9.5353632
661,4752,260.13661968,10.43623008
661,4753,263.03520672,10.4351328
661,4754,265.9351044,10.60411392
661,4755,268.99587552,12.1304304
661,4756,273.17462256,18.31470048
661,4757,278.96676744,22.9002336
661,4758,285.90142464,26.04613536
661,4759,292.74016128,22.79928384
661,4760,298.77032448,20.03304096
661,4761,303.66565632,16.45151904
661,4762,308.2379916,16.42408704
661,4763,312.77192208,16.3439856
661,4764,317.3399292,16.4592
661,4765,321.96993264,17.67827808
661,4766,327.3099372,19.9650096
661,4767,332.82517128,19.09047744
661,4768,337.62065064,15.08650272
661,4769,341.0785152,10.06534944
661,4770,343.12290024,5.4260496
661,4771,344.6416272,5.4864
661,4772,346.07187072,3.5826192
661,4773,346.4076384,0
661,4774,346.4076384,0
661,4775,346.4076384,0
661,4776,346.4076384,0
661,4777,346.4076384,0
661,4778,346.4076384,0
661,4779,346.64053608,3.01313088
661,4780,348.7695336,11.23724448
661,4781,351.97721832,11.5543584
661,4782,355.18575648,11.5543584
661,4783,358.38984456,11.3513616
661,4784,361.4216292,10.78516512
661,4785,364.46374656,10.83893184
661,4786,367.14269472,7.54160544
661,4787,368.8067808,5.4864
661,4788,370.43794848,7.40334816
661,4789,373.15097328,10.93549248
661,4790,376.0750416,10.46585664
661,4791,379.03169304,9.5682816
661,4792,381.00719328,6.05918016
661,4793,383.47061736,11.466576
661,4794,386.72847216,11.78917632
661,4795,389.99553192,11.6970048
661,4796,393.25747104,12.3882912
661,4797,397.61041128,18.69874848
661,4798,402.73623288,18.70642944
661,4799,408.17270664,18.92698272
661,4800,413.4964044,20.94817248
661,4801,420.11626416,26.6035536
661,4802,427.85525808,28.3537152
661,4803,435.61351536,27.03368736
661,4804,443.16112536,28.65985632
661,4805,451.45415424,29.84711328
661,4806,459.0289524,24.55054272
661,4807,465.43118496,22.37463648
661,4808,472.01279232,24.61637952
661,4809,478.8311988,24.1566192
661,4810,485.21215632,22.78721376
661,4811,491.93970192,25.1990352
661,4812,497.919973714286,24.6731245714286
668,4752,254.974344,8.78482368
668,4753,256.76571456,8.54451936
668,4754,258.98971824,7.97283648
668,4755,261.84581616,12.1029984
668,4756,265.2273588,12.69443232
668,4757,269.33051544,17.00015904
668,4758,274.81511712,21.8962224
668,4759,280.912824,21.9456
668,4760,286.99148088,21.82380192
668,4761,292.74647064,18.37724544
668,4762,297.3380388,15.36192
668,4763,301.37712648,14.17795488
668,4764,305.29295304,13.76428032
668,4765,308.94768792,12.35098368
668,4766,312.08094048,10.85100192
668,4767,315.46123344,14.54115456
668,4768,319.92594384,16.46139456
668,4769,324.51053208,16.5579552
668,4770,329.11371312,16.51077216
668,4771,333.14390064,11.39964192
668,4772,335.38128504,5.67952128
668,4773,336.90388296,5.4918864
668,4774,338.18593272,2.49411744
668,4775,338.3627472,0
668,4776,338.3627472,0
668,4777,338.3627472,0
668,4778,338.3627472,0
668,4779,338.3627472,0
668,4780,338.3627472,0
668,4781,338.3627472,0
668,4782,338.54221344,2.386584
668,4783,339.79902576,5.48749728
668,4784,341.32360488,5.47871904
668,4785,343.07946624,8.22301632
668,4786,345.78849816,10.29029184
668,4787,348.50731416,9.20727648
668,4788,351.06187344,9.1952064
668,4789,353.61673752,9.19410912
668,4790,356.24935608,10.00609632
668,4791,359.18421432,10.76541408
668,4792,362.17213824,10.91683872
668,4793,365.2206564,10.9728
668,4794,368.26871736,10.9728
668,4795,371.31668688,10.9728
668,4796,374.3648088,10.9728
668,4797,377.41286976,10.97060544
668,4798,380.74783896,15.32241792
668,4799,386.22768576,21.890736
668,4800,392.30052096,21.79966176
668,4801,398.359884,21.93133536
668,4802,404.92622088,25.5995424
668,4803,411.80183832,23.6024928
668,4804,418.3489728,24.27073632
668,4805,425.26156248,25.00262208
668,4806,432.31146456,25.38228096
668,4807,439.33067328,25.182576
668,4808,446.4096228,26.06478912
668,4809,453.75725352,26.61123456
668,4810,461.11975848,25.99895232
668,4811,468.22007448,26.55746784
668,4812,475.98476304,28.14632928
668,4813,483.41804256,25.49200896
668,4814,490.7459832,27.38481696
668,4815,497.6057358,27.432
677,4714,20.5074012,24.9521472
677,4715,24.6517668,25.74986976
677,4716,31.92578832,26.29741248
677,4717,39.49135104,28.81128096
677,4718,47.69757288,29.64631104
677,4719,55.6546512,26.68694688
677,4720,62.73457608,25.25828832
677,4721,69.47659968,22.54690944
677,4722,75.32452296,19.55572416
677,4723,80.39609016,17.82202176
677,4724,85.71003432,20.29199904
677,4725,91.2208488,19.0762128
677,4726,96.31174032,18.21375072
677,4727,101.88354528,21.1994496
677,4728,107.44907136,19.28798784
677,4729,113.04251712,21.28613472
677,4730,118.78860672,19.12229856
677,4731,123.48526992,13.72038912
677,4732,127.42883328,17.63658144
677,4733,133.15148376,22.53374208
677,4734,139.28253576,20.903184
677,4735,144.95486376,20.32491744
677,4736,150.5698284,19.96939872
677,4737,156.066744,19.75213728
677,4738,161.48697192,18.97087392
677,4739,166.6650972,18.63400896
677,4740,171.8468496,18.65376
677,4741,177.02915064,18.66692736
677,4742,182.329074,20.3325984
677,4743,188.32400232,21.97522656
677,4744,194.42344656,21.93791904
677,4745,200.72841744,23.68369152
677,4746,207.4782744,25.99895232
677,4747,215.22747912,27.925776
677,4748,222.12784632,22.0333824
677,4749,228.19696296,21.74150592
677,4750,233.43339648,15.54077664
677,4751,237.5617296,14.8077936
677,4752,241.65370008,14.71671936
677,4753,245.7643548,14.64978528
677,4754,249.18262584,9.37186848
677,4755,251.54607552,8.41284576
677,4756,253.88258088,8.4106512
677,4757,256.38611664,11.09240352
677,4758,260.27826024,15.4551888
677,4759,264.5654856,15.53858208
677,4760,269.32758936,19.7400672
677,4761,275.27164656,21.94450272
677,4762,281.29315344,20.89330848
677,4763,287.12562336,21.16872576
677,4764,292.6083048,17.90102592
677,4765,297.25869936,16.44603264
677,4766,301.8309432,16.4592
677,4767,306.4034004,16.32533184
677,4768,310.6762392,13.92777504
677,4769,314.22191664,12.5528832
677,4770,317.89484808,13.85974368
677,4771,321.78205392,13.0795776
677,4772,324.99141504,10.81259712
677,4773,327.91700736,8.85066048
677,4774,329.36471592,2.59945632
677,4775,329.73437736,0.41038272
677,4776,329.842368,0.3950208
677,4777,329.98705656,1.14226848
677,4778,330.56785296,2.54788416
677,4779,331.27398312,2.54459232
677,4780,331.98011328,2.5456896
677,4781,332.68636536,2.54349504
677,4782,333.39246504,2.54349504
677,4783,334.09862568,2.54459232
677,4784,334.80484728,2.5456896
677,4785,335.52006048,3.0010608
677,4786,336.76038312,6.05040192
677,4787,339.11511552,10.46695392
677,4788,341.79156432,8.01782496
677,4789,343.76724744,6.93151776
677,4790,346.06425072,9.7712784
677,4791,348.94714056,10.81040256
677,4792,351.95079216,10.81040256
677,4793,354.95413896,10.808208
677,4794,357.96998256,10.93220064
677,4795,360.97543248,10.76102496
677,4796,364.005876,10.9728
677,4797,367.053876,10.9728
677,4798,370.09748688,11.3403888
677,4799,373.91772816,15.8941008
677,4800,378.36479064,15.93579744
677,4801,382.90100712,17.32166208
677,4802,388.59171456,23.45874912
677,4803,395.19938232,23.7780576
677,4804,401.81015904,24.02714016
677,4805,408.46266288,23.18004
677,4806,414.66845184,22.00156128
677,4807,420.821358,23.12956512
677,4808,427.623732,24.99823296
677,4809,434.42247888,23.70344256
677,4810,440.74512816,22.32855072
677,4811,447.74979792,29.84382144
677,4812,455.96656584,25.32631968
677,4813,462.56018232,25.6160016
677,4814,469.86675648,27.14231808
677,4815,478.26332592,29.52122112
677,4816,485.51009832,25.49310624
677,4817,492.81764784,26.53881408
677,4818,498.4614364,22.7758752
680,4752,238.250476,10.0584
680,4753,240.48866304,10.03243104
680,4754,243.1586196,8.39090016
680,4755,245.17828536,6.94797696
680,4756,247.10907144,6.94687968
680,4757,249.184668,8.997696
680,4758,252.19414128,12.04484256
680,4759,255.65584632,12.42559872
680,4760,259.72727328,18.77116896
680,4761,264.622134857143,20.9752909714286
682,4749,220.4578395,13.4732268
682,4750,223.24088448,10.06644672
682,4751,226.06141224,10.2376224
682,4752,228.89135832,9.8316288
682,4753,231.40687272,8.59060512
682,4754,233.79388344,8.5917024
682,4755,236.15273064,7.75118592
682,4756,237.86375592,5.20769088
682,4757,239.33197752,5.80351392
682,4758,240.930901714286,7.58847497142857
696,4798,362.43749712,11.80234368
696,4799,364.74983184,10.56461184
696,4800,367.51878744,10.29029184
696,4801,370.5474936,10.9728
696,4802,373.69083504,12.87767808
696,4803,378.20013768,19.49537376
696,4804,383.7787092,21.28503744
696,4805,390.36903384,24.48251136
696,4806,397.52003808,27.18401472
696,4807,405.06316752,26.46968544
696,4808,412.34980776,26.28205056
696,4809,419.78269104,27.404568
696,4810,427.4039712,27.432
696,4811,434.9788608,26.87128992
696,4812,442.4345736,26.8504416
696,4813,449.80427184,26.05162176
696,4814,457.0823472,26.34349824
696,4815,464.1095112,24.661368
696,4816,471.41376888,28.11450816
696,4817,479.26876968,27.87310656
696,4818,486.725976,26.46529632
696,4819,494.29592784,28.4799024
696,4820,499.6617896,30.9652416
699,4723,22.081998,22.3378776
699,4724,27.52426296,21.67128
699,4725,33.54357528,21.91377888
699,4726,39.63119328,21.53192544
699,4727,45.3594216,20.217384
699,4728,51.33627528,24.15442464
699,4729,58.8392016,28.39541184
699,4730,66.68472312,27.14231808
699,4731,73.45689144,22.39767936
699,4732,79.44925944,21.05021952
699,4733,85.41815784,21.34867968
699,4734,91.26684312,21.1994496
699,4735,97.22293992,21.71626848
699,4736,103.2340836,21.0732624
699,4737,108.94917504,20.71006272
699,4738,114.86302656,21.95876736
699,4739,121.00843464,21.99058848
699,4740,127.08538464,21.81721824
699,4741,133.26834408,22.56885504
699,4742,139.43292408,21.9456
699,4743,145.52170032,21.89293056
699,4744,151.61047656,21.9456
699,4745,157.70653752,21.9456
699,4746,163.78912632,21.86659584
699,4747,169.88076768,22.21992
699,4748,176.1353856,22.64127552
699,4749,182.50149936,23.810976
699,4750,189.1585752,23.13175968
699,4751,195.4761648,22.35708
699,4752,201.58219272,21.90061152
699,4753,207.41140128,19.01476512
699,4754,212.26369536,17.00125632
699,4755,216.9862056,16.87177728
699,4756,221.16400776,12.36854016
699,4757,224.24373744,10.84441824
699,4758,227.2844832,10.9728
699,4759,230.3324832,10.9728
699,4760,233.3804832,10.9728
699,4761,236.52351984,12.8875536
699,4762,240.75630792,16.37032032
699,4763,245.44132776,18.42003936
699,4764,251.18406456,21.90280608
699,4765,257.4525204,23.73197184
699,4766,264.20158488,23.7725712
699,4767,270.43718328,21.67347456
699,4768,276.49584528,21.9456
699,4769,282.59123568,21.8852496
699,4770,288.65328096,21.87756864
699,4771,294.74857992,21.94779456
699,4772,300.73713792,20.4423264
699,4773,305.79873816,16.58977632
699,4774,310.34885352,15.84691776
699,4775,314.06442648,11.16592128
699,4776,317.09069424,10.09936512
699,4777,319.16997888,5.5357776
699,4778,320.69279016,5.35692096
699,4779,321.896232,2.61920736
699,4780,322.153788,0
699,4781,322.153788,0
699,4782,322.153788,0
699,4783,322.153788,0
699,4784,322.153788,0
699,4785,322.153788,0
699,4786,322.19054688,1.08850176
699,4787,323.21165736,3.90192768
699,4788,324.10828752,5.04090432
699,4789,326.00304624,7.0994016
699,4790,327.97528512,7.0994016
699,4791,329.94755448,7.0994016
699,4792,331.90455336,6.88982112
699,4793,334.24633176,10.506456
699,4794,337.28979024,10.9728
699,4795,340.33809504,10.96511904
699,4796,343.35210984,10.8301536
699,4797,346.362528,10.35503136
699,4798,349.02108504,9.19410912
699,4799,351.57607104,9.1952064
699,4800,354.13139232,9.17764992
699,4801,356.59201224,8.1582768
699,4802,358.62481488,6.81740064
699,4803,360.40673664,6.51345408
699,4804,362.69398632,10.01268
699,4805,365.6773992,10.9728
699,4806,368.74569888,11.8451376
699,4807,372.76149984,16.54369056
699,4808,377.71885848,19.43941248
699,4809,384.0463236,26.4279888
699,4810,391.6193844,27.26850528
699,4811,399.07991304,26.42579424
699,4812,406.48597392,26.78679936
699,4813,413.92565424,26.88994368
699,4814,421.44683808,26.75058912
699,4815,428.588424,25.27803936
699,4816,435.62171448,24.5022624
699,4817,441.99782568,22.45364064
699,4818,448.29093984,22.59738432
699,4819,455.16064416,28.39870368
699,4820,462.99327264,24.32779488
699,4821,469.214454,23.7067344
699,4822,476.14557552,25.11015552
699,4823,482.858826,22.3186752
699,4824,488.91501912,22.08605184
699,4825,494.84505552,20.07802944
699,4826,498.8384232,18.72837504
714,4726,18.5201705142857,22.3625664
714,4727,23.7862872,22.25393568
714,4728,30.43632216,27.37055232
714,4729,38.66397144,30.13789248
714,4730,45.46021896,15.53529024
714,4731,49.6453668,18.41674752
714,4732,55.09445928,20.37539232
714,4733,60.82942368,21.40683552
714,4734,67.08462072,23.04726912
714,4735,73.38904296,22.1321376
714,4736,79.92514368,25.10686368
714,4737,86.94651648,26.41921056
714,4738,94.7572908,28.91661984
714,4739,102.57949512,25.12003104
714,4740,108.4246752,18.90832896
714,4741,113.84054448,21.09740256
714,4742,119.94181752,22.04764704
714,4743,126.01547568,21.6822528
714,4744,132.16115808,22.6972368
714,4745,138.30616992,21.3914736
714,4746,144.30627984,21.89841696
714,4747,150.3145584,21.53082816
714,4748,156.51790896,22.90791456
714,4749,162.67413744,21.26748096
714,4750,168.51672672,21.0293712
714,4751,174.35821872,21.0348576
714,4752,180.2855424,22.18370976
714,4753,186.49267248,21.98071296
714,4754,192.50290176,21.39476544
714,4755,198.44894016,20.93281056
714,4756,203.7353304,16.63586208
714,4757,208.11932976,14.76719424
714,4758,211.65446112,11.713464
714,4759,214.91076144,11.7189504
714,4760,218.14752408,11.39635008
714,4761,221.27705808,12.27197952
714,4762,225.38076336,16.39116864
714,4763,229.95233664,16.4592
714,4764,234.52415376,16.45700544
714,4765,239.31948072,19.37906208
714,4766,245.24031216,21.9456
714,4767,251.33530632,22.07398176
714,4768,257.91173208,25.74986976
714,4769,265.27545624,26.8449552
714,4770,272.78216208,26.97223968
714,4771,279.6949956,22.41304128
714,4772,285.75393192,20.8592928
714,4773,290.86625088,16.59416544
714,4774,295.43773272,16.4646864
714,4775,299.76598416,13.43729088
714,4776,302.98150224,10.97060544
714,4777,305.9804904,9.60339456
714,4778,307.93529472,5.48310816
714,4779,309.4585632,5.4864
714,4780,310.9568076,5.3327808
714,4781,312.35879616,4.29914304
714,4782,313.22851248,1.481328
714,4783,313.3155024,0
714,4784,313.3155024,0
714,4785,313.3155024,0
714,4786,313.3155024,0
714,4787,313.3155024,0
714,4788,313.4537292,2.28453696
714,4789,315.12884904,8.67509568
714,4790,317.61345672,8.942832
714,4791,320.09925312,8.89016256
714,4792,322.10108808,4.28378112
714,4793,323.30891904,7.47357408
714,4794,326.0113368,10.2266496
714,4795,328.85228616,10.2266496
714,4796,331.69317456,10.2266496
714,4797,334.53391056,10.23103872
714,4798,337.44981024,10.85648832
714,4799,340.49759688,10.91574144
714,4800,342.95510784,6.2160912
714,4801,344.4924276,5.4864
714,4802,346.01560464,5.50395648
714,4803,347.83337088,7.9497936
714,4804,350.15905584,8.4051648
714,4805,352.4938848,8.4051648
714,4806,354.82859184,8.4051648
714,4807,357.17131512,8.80676928
714,4808,359.93204112,10.69738272
714,4809,362.937552,10.9728
714,4810,365.99030688,11.43475488
714,4811,369.7623288,15.72073056
714,4812,374.72261352,20.53340064
714,4813,381.22283928,26.66829312
714,4814,389.93097528,34.77499776
714,4815,399.39474096,32.19090336
714,4816,408.13808136,31.62470688
714,4817,416.99105832,32.37853824
714,4818,425.55414,29.13497856
714,4819,433.66779408,29.45757888
714,4820,441.52191096,26.8669008
714,4821,449.03096376,26.88774912
714,4822,456.19483056,25.13210112
714,4823,463.14277704,24.6942864
714,4824,470.32700448,27.65035872
714,4825,478.13214,28.0464768
714,4826,485.31331944,22.93095744
714,4827,491.73868632,24.32779488
714,4828,497.971334933333,21.6810336
722,4810,411.094868266667,24.71928
722,4811,417.93621264,26.37751392
722,4812,424.2645312,20.57070816
722,4813,430.86869376,27.48028032
722,4814,438.61957488,27.49125312
722,4815,445.54713024,23.42034432
722,4816,452.23544808,23.2513632
722,4817,458.81693352,25.92324
722,4818,466.2353388,24.65478432
722,4819,472.45959864,26.43786432
722,4820,480.75847968,27.4210272
722,4821,488.05987224,27.24107328
722,4822,495.6822192,26.965656
722,4823,499.8119544,27.1137888
726,4761,208.52384,10.4022144
726,4762,210.40261704,10.4022144
726,4763,213.29297448,10.4022144
726,4764,216.18043632,10.28919456
726,4765,219.0930213,11.9356632
726,4766,222.88222632,14.68489824
726,4767,227.38464048,17.00784
726,4768,232.12934016,17.1888912
726,4769,237.039912,19.45587168
726,4770,242.95388544,21.86659584
726,4771,249.04714224,21.9456
726,4772,255.17359176,23.03410176
726,4773,262.25165736,27.01393632
726,4774,269.66713656,25.18147872
726,4775,276.0378528,21.93791904
726,4776,281.97816096,19.47891456
726,4777,286.53037944,13.3100064
726,4778,289.72044672,10.92451968
726,4779,292.21307064,6.3587376
726,4780,293.66495496,3.98202912
726,4781,294.14788008,0.164592
726,4782,294.1493736,0
726,4783,294.1493736,0
726,4784,294.19817208,1.28272032
726,4785,295.28130936,5.4918864
726,4786,296.49904632,2.48424192
726,4787,296.7401736,0.01316736
726,4788,296.7401736,0
726,4789,296.7401736,0
726,4790,296.7401736,0
726,4791,296.7401736,0
726,4792,296.96795064,2.93083488
726,4793,298.34967,6.3587376
726,4794,300.84229392,10.9234224
726,4795,303.89203128,10.9728
726,4796,306.9413724,10.9343952
726,4797,309.74056416,9.12278592
726,4798,312.18365808,8.860536
726,4799,314.97233424,10.97499456
726,4800,318.0208524,10.9728
726,4801,321.06924864,10.93549248
726,4802,323.97033504,9.902952
726,4803,326.6959176,9.8096832
726,4804,329.42268888,9.74494368
726,4805,331.50816096,4.62064608
726,4806,332.79158232,5.41836864
726,4807,334.32131256,5.95384128
726,4808,336.67738608,10.77858144
726,4809,339.7268796,10.9728
726,4810,342.75061752,10.82795904
726,4811,345.7980384,11.70578304
726,4812,349.66972992,15.59344608
726,4813,354.01252032,15.6252672
726,4814,358.3506168,15.54077664
726,4815,362.9706228,17.80665984
726,4816,367.91914224,18.92698272
726,4817,373.9106568,24.4199664
726,4818,381.57125616,31.56106464
726,4819,391.35195288,36.6436656
726,4820,401.33430528,34.37119872
726,4821,410.55490152,32.945832
726,4822,419.71389768,32.94692928
726,4823,428.58510168,30.62289024
726,4824,436.96408416,30.09729312
726,4825,445.33498944,30.21470208
726,4826,453.49884408,27.66133152
726,4827,460.73976432,25.10466912
726,4828,467.55439128,25.11235008
726,4829,475.00958592,27.58123008
726,4830,482.51702328,25.92653184
726,4831,490.20264672,29.6978832
726,4832,497.24715384,20.57838912
742,4730,20.039076,18.873216
742,4731,23.01581376,19.28030688
742,4732,29.30542272,25.82777664
742,4733,36.54616008,26.07795648
742,4734,43.7970168,26.11306944
742,4735,51.04918416,26.0933184
742,4736,58.29830352,26.09551296
742,4737,64.67862096,13.7379456
742,4738,68.041266,21.79307808
742,4739,75.99118152,29.6978832
742,4740,83.35871568,23.23380672
742,4741,89.65454256,22.36695552
742,4742,95.75868072,21.96425376
742,4743,102.09882552,23.45326272
742,4744,108.53391552,23.31281088
742,4745,115.40877096,25.78937184
742,4746,122.36128944,24.3705888
742,4747,129.13726776,24.4364256
742,4748,135.87142752,23.61675744
742,4749,142.22096016,22.86402336
742,4750,148.79135088,23.96788704
742,4751,155.59122552,24.441912
742,4752,161.96825112,21.90938976
742,4753,168.0127704,22.78392192
742,4754,174.92706696,25.29998496
742,4755,181.97888928,26.03735712
742,4756,189.0412272,24.30036288
742,4757,195.60009648,22.66541568
742,4758,201.14142144,17.10220608
742,4759,205.18319136,12.93473664
742,4760,208.77538128,12.9369312
742,4761,212.36824176,12.9369312
742,4762,215.93513328,11.7793008
742,4763,217.75981848,4.40996832
742,4764,220.33696344,12.9533904
742,4765,224.9901012,19.69398144
742,4766,230.52225168,19.9375776
742,4767,236.07680496,20.53449792
742,4768,242.04454512,21.9346272
742,4769,248.1352416,21.9456
742,4770,254.2400808,22.47558624
742,4771,261.04986144,26.15257152
742,4772,268.4149572,26.88006816
742,4773,275.90431992,26.32703904
742,4774,282.7132776,22.76087904
742,4775,288.7920564,20.57509728
742,4776,293.79647616,16.42408704
742,4777,297.92346816,12.38390208
742,4778,300.7898988,7.95089088
742,4779,302.48132544,5.4864
742,4780,303.83878272,3.04604928
742,4781,304.092864,0
742,4782,304.09761888,0.2084832
742,4783,304.26434448,0.73298304
742,4784,304.3978164,0.06364224
742,4785,304.3979688,0
742,4786,304.3979688,0
742,4787,304.3979688,0
742,4788,304.3979688,0
742,4789,304.3979688,0
742,4790,304.4900184,0.69457824
742,4791,305.2165092,4.79291904
742,4792,306.7135344,5.4864
742,4793,308.2375344,5.47981632
742,4794,309.85184664,6.20402112
742,4795,311.81591688,8.1911952
742,4796,314.42692512,10.41977088
742,4797,317.4144528,10.9728
742,4798,320.46223944,10.96950816
742,4799,323.66733336,12.48814368
742,4800,327.2597976,12.9917952
742,4801,330.869544,12.99508704
742,4802,334.3619424,11.6805456
742,4803,337.01245272,6.85580544
742,4804,338.5861656,5.4864
742,4805,340.1101656,5.4864
742,4806,341.63443992,5.45238432
742,4807,343.22884872,7.29252288
742,4808,345.9460188,11.42926848
742,4809,349.50910032,13.85974368
742,4810,353.36491176,13.880592
742,4811,357.2196564,13.87620288
742,4812,361.22893464,15.57808416
742,4813,365.808768,17.82860544
742,4814,371.5022796,22.45254336
742,4815,378.06215472,25.9342128
742,4816,386.28367752,31.98242016
742,4817,395.1431772,31.11227712
742,4818,403.63359456,31.04863488
742,4819,412.28494632,31.55338368
742,4820,421.12469496,30.49780032
742,4821,429.45646392,30.54388608
742,4822,437.93426256,30.72384
742,4823,446.79851712,31.77503424
742,4824,454.94423616,27.29264544
742,4825,462.2712624,24.95434176
742,4826,469.1737632,26.86799808
742,4827,477.06963768,28.74434688
742,4828,484.65720696,24.93678528
742,4829,491.3796624,24.50445696
742,4830,497.51361,24.2896644
754,4737,22.1939358,21.5601804
754,4738,27.40514712,22.13652672
754,4739,33.54650136,22.09483008
754,4740,39.66145992,22.21772544
754,4741,46.1060292,23.92948224
754,4742,53.25706392,28.2330144
754,4743,61.31085528,28.6335216
754,4744,68.99044368,27.91260864
754,4745,77.03868768,28.78275168
754,4746,84.0176628,21.93352992
754,4747,90.06928392,21.72394944
754,4748,95.79571392,19.49647104
754,4749,102.0240276,26.16903072
754,4750,109.14485664,24.3486432
754,4751,116.3112228,27.09294048
754,4752,123.75376824,25.7257296
754,4753,130.55141784,24.76341504
754,4754,137.42264616,22.75319808
754,4755,143.24307648,20.25139968
754,4756,148.8027504,19.42075872
754,4757,154.24620408,20.76712128
754,4758,159.7328784,17.41273632
754,4759,163.9101624,13.19918112
754,4760,168.23064144,18.28726848
754,4761,171.065952,19.2353184
769,4759,194.618991,17.00784
769,4760,198.69985152,13.8147552
769,4761,201.43433424,7.80824448
769,4762,203.6068572,7.86420576
769,4763,205.80562344,8.48636352
769,4764,208.64151312,11.76503616
769,4765,212.04820176,12.40694496
769,4766,215.49414864,12.40694496
769,4767,218.91171864,12.5693424
769,4768,222.9640956,16.26937056
769,4769,227.5146072,16.4592
769,4770,232.10014032,16.99906176
769,4771,237.37531392,21.08204064
769,4772,243.41334096,21.8962224
769,4773,249.62787768,23.6299248
769,4774,256.62258048,25.49749536
769,4775,263.28468552,22.74771168
769,4776,269.54478984,22.16395872
769,4777,275.01354192,16.81142688
769,4778,278.90071728,11.439144
769,4779,281.95420368,10.92232512
769,4780,284.7932328,9.09425664
769,4781,286.28760624,1.45718784
769,4782,286.4857872,0.658368
769,4783,286.6686672,0.658368
769,4784,286.85157768,0.658368
769,4785,287.03384808,0.69457824
769,4786,287.36897568,1.76881536
769,4787,287.88646512,1.865376
769,4788,288.40456416,1.865376
769,4789,288.92275464,1.865376
769,4790,289.44167664,1.73479968
769,4791,289.6810056,0.04059936
769,4792,289.6810056,0
769,4793,289.6810056,0
769,4794,289.6810056,0
769,4795,290.17167264,4.30901856
769,4796,291.68549232,6.693408
769,4797,294.17083152,10.4680512
769,4798,297.19018032,10.9728
769,4799,300.23830224,10.9728
769,4800,303.28630224,10.9728
769,4801,306.34817064,11.51924544
769,4802,309.90607056,13.57006176
769,4803,313.62353328,12.61433088
769,4804,316.80686448,10.9728
769,4805,319.6230336,7.95308544
769,4806,321.27721368,4.50762624
769,4807,322.20292176,3.90521952
769,4808,323.66580936,5.48201088
769,4809,325.50744144,8.54122752
769,4810,328.12759368,9.5573088
769,4811,330.78285888,9.5573088
769,4812,333.43803264,9.5573088
769,4813,336.29403912,12.66151392
769,4814,340.56562824,16.35166656
769,4815,345.11745048,17.1779184
769,4816,350.53362456,21.19506048
769,4817,356.43272376,21.22358976
769,4818,362.41015656,23.01215616
769,4819,369.57070104,27.3990816
769,4820,377.22575304,28.53805824
769,4821,386.27148552,36.17951616
769,4822,396.28550664,34.42496544
769,4823,405.300942,31.95389088
769,4824,414.37252152,32.65724736
769,4825,422.90591568,28.29775392
769,4826,430.5790728,27.42431904
769,4827,438.03429792,26.3018016
769,4828,445.09724544,25.20781344
769,4829,452.82654672,29.77249824
769,4830,460.56807048,26.08673472
769,4831,467.41634736,21.03924672
769,4832,473.9740584,29.41917408
769,4833,481.58305512,23.02422624
769,4834,487.67612904,22.53922848
769,4835,494.02316232,22.77185184
769,4836,498.722904,22.39329024
770,4732,19.4233038,23.7917736
770,4733,25.33753632,23.59590912
770,4734,31.88960856,23.51032128
770,4735,38.08159008,22.6423728
770,4736,45.14883528,26.74729728
770,4737,52.57681128,26.7297408
770,4738,60.00250128,26.7352272
770,4739,65.81040432,11.86269408
770,4740,71.20810752,30.81271968
770,4741,79.7564064,28.19351232
770,4742,86.74245288,23.90534208
770,4743,93.19098456,22.16834784
770,4744,99.62336184,24.0688368
770,4745,106.06165224,22.8014784
770,4746,112.70531688,25.38228096
770,4747,119.88308256,25.6160016
770,4748,126.97715016,25.83106848
770,4749,134.08011792,24.35742144
770,4750,140.48515464,22.35598272
770,4751,146.5853304,22.03009056
770,4752,152.905206,23.41924704
770,4753,159.33185304,23.38084224
770,4754,166.08268536,24.62625504
770,4755,172.073969142857,28.4634432
779,4739,21.8680284,21.9456
779,4740,27.23866536,20.4862176
779,4741,32.21784768,16.57880352
779,4742,38.12694432,28.4689296
779,4743,46.98175008,32.57604864
779,4744,56.02760448,32.55849216
779,4745,64.060578,17.82750816
779,4746,68.90485584,30.11265504
779,4747,78.21801984,27.65803968
779,4748,84.69989664,22.4613216
779,4749,90.62700696,20.0692512
779,4750,96.11508336,20.39733792
779,4751,102.49223088,24.54944544
779,4752,109.37449296,25.96383936
779,4753,116.9435304,27.6349968
779,4754,124.38159528,25.70158944
779,4755,131.58441552,26.224992
779,4756,138.35182896,22.39329024
779,4757,144.580356,22.39877664
779,4758,150.6813852,21.54289824
779,4759,156.3953184,18.92149632
779,4760,161.27248416,16.82898336
779,4761,165.83753472,16.41091968
779,4762,170.5046628,17.28874368
779,4763,175.28097024,16.73461728
779,4764,179.85985872,16.47127008
779,4765,184.58953176,17.83189728
779,4766,189.60559488,18.681192
779,4767,195.1997112,21.39805728
779,4768,201.27571632,21.8962224
779,4769,207.37229544,22.2089472
779,4770,213.68028384,23.01105888
779,4771,219.99668472,22.18590432
779,4772,226.06836168,21.87537408
779,4773,232.1634168,21.9456
779,4774,238.2623124,22.34281536
779,4775,245.16487416,26.88665184
779,4776,252.2872272,24.40240992
779,4777,259.00611648,23.61566016
779,4778,265.10702376,20.74737024
779,4779,270.74356824,18.2038752
779,4780,274.10005632,7.3627488
779,4781,276.0805248,7.13232
779,4782,278.06169432,7.13232
779,4783,279.99726576,5.71902336
779,4784,280.6650216,0.05376672
779,4785,280.6650216,0
779,4786,280.6650216,0
779,4787,280.6650216,0
779,4788,280.6650216,0
779,4789,280.85716752,2.29660704
779,4790,281.9556972,3.5442144
779,4791,282.3036264,0.01316736
779,4792,282.3036264,0
779,4793,282.3036264,0
779,4794,282.3036264,0
779,4795,282.3036264,0
779,4796,282.3036264,0
779,4797,282.30387024,0.1316736
779,4798,282.98381808,4.98823488
779,4799,284.73361392,8.44686144
779,4800,287.5914492,10.90257408
779,4801,290.6386872,10.9728
779,4802,293.68623,10.8685584
779,4803,296.92055424,13.23429408
779,4804,300.82336584,14.14613376
779,4805,304.75348752,14.1439392
779,4806,308.68251192,13.84657632
779,4807,311.99132928,9.02732256
779,4808,313.82034264,4.89057696
779,4809,314.78969808,2.57202432
779,4810,315.46272696,3.3247584
779,4811,316.88099184,5.4864
779,4812,318.40255344,5.48969184
779,4813,320.76990456,12.99947616
779,4814,324.85739448,14.9668992
779,4815,329.01450072,14.96360736
779,4816,333.2757876,16.0257744
779,4817,337.83004824,16.4592
779,4818,342.53841576,18.77665536
779,4819,348.38140128,21.94779456
779,4820,354.47749272,21.94450272
779,4821,360.77136888,24.71952384
779,4822,368.2016004,27.432
779,4823,375.97604256,29.92392288
779,4824,385.30188624,36.41433408
779,4825,395.45968152,35.140392
779,4826,404.7707424,32.96009664
779,4827,413.98262136,32.92608096
779,4828,422.68837992,29.72312064
779,4829,430.62015984,27.61414848
779,4830,438.18685032,26.39177856
779,4831,445.11891672,25.08491808
779,4832,452.04311928,23.36328576
779,4833,458.32846104,22.0608144
779,4834,465.03464016,27.17743104
779,4835,472.77570672,27.898344
779,4836,480.5083608,27.8270208
779,4837,488.24046624,27.79300512
779,4838,495.17484912,21.25211904
779,4839,499.1597586,20.3655168
790,4752,143.8638728,17.5418496
790,4753,147.03378264,17.9460144
790,4754,152.27219736,19.38784032
790,4755,157.65700752,19.38674304
790,4756,163.0462068,19.71044064
790,4757,168.7462716,21.03595488
790,4758,174.58870848,21.0348576
790,4759,180.31736352,18.36407808
790,4760,184.0682628,10.451592
790,4761,186.96404568,10.451592
790,4762,189.8908572,11.1538512
790,4763,193.37100264,13.35609216
790,4764,195.9675024,13.3538976
791,4822,410.2665912,27.8928576
791,4823,414.7838796,31.31527392
791,4824,423.545508,28.72898496
791,4825,431.07342792,27.39030336
791,4826,438.81220848,27.25314336
791,4827,446.0101824,25.54028928
791,4828,453.57787872,30.04791552
791,4829,461.5574208,25.59844512
791,4830,468.53423184,25.15075488
791,4831,475.51079904,25.05529152
791,4832,482.470968,25.03663776
791,4833,489.37307256,24.54286176
791,4834,495.76646592,21.2104224
791,4835,499.5051224,20.4752448
797,4751,30.4890133714286,27.0996809142857
797,4752,36.7940844,27.14341536
797,4753,44.41420632,27.99051552
797,4754,52.2011148,28.03330944
797,4755,59.8416888,23.90534208
797,4756,70.92638088,71.32210272
797,4757,87.60714,28.95612192
797,4758,97.00174656,31.14409824
797,4759,101.23633296,4.87302048
797,4760,106.07387472,29.8130976
797,4761,114.31481328,24.81937632
797,4762,119.81307,21.05570592
797,4763,126.39510408,23.68369152
797,4764,133.12252776,24.84022464
797,4765,139.62199152,22.30331328
797,4766,145.88544864,22.81135392
797,4767,152.38960632,23.85815904
797,4768,159.02013408,23.81207328
797,4769,165.51216072,22.9989888
797,4770,171.92079408,23.42253888
797,4771,178.63050888,24.59333664
797,4772,185.4607416,24.6010176
797,4773,192.29594256,24.58675296
797,4774,199.12209096,24.54176448
797,4775,205.95689568,25.15953312
797,4776,213.26054376,26.96346144
797,4777,220.74216456,26.82739872
797,4778,228.18571584,26.85263616
797,4779,235.61978784,25.75425888
797,4780,242.12364072,22.0333824
797,4781,248.26487304,22.13104032
797,4782,254.20832064,17.83409184
797,4783,257.02933608,5.32839168
797,4784,258.5209968,5.39422848
797,4785,260.01930216,5.39532576
797,4786,261.51772944,5.39752032
797,4787,263.01612624,5.39642304
797,4788,264.45764736,3.9556944
797,4789,264.8708952,0
797,4790,264.8708952,0
797,4791,264.8708952,0
797,4792,264.8708952,0
797,4793,264.8708952,0
797,4794,264.8708952,0
797,4795,264.8708952,0
797,4796,264.92450952,1.2454128
797,4797,266.03209176,5.49408096
797,4798,267.5560308,5.4864
797,4799,268.81863432,2.249424
797,4800,268.957044,0
797,4801,269.23553976,3.82072896
797,4802,271.19080128,9.12498048
797,4803,274.0307448,10.4461056
797,4804,276.93250176,10.40440896
797,4805,279.85346112,11.29430304
797,4806,283.18568712,11.93401728
797,4807,286.38648336,11.082528
797,4808,289.40263176,10.8740448
797,4809,292.44740088,10.98048096
797,4810,295.28722248,8.87589792
797,4811,297.57221664,8.1637632
797,4812,299.83959336,8.1637632
797,4813,302.10681768,8.1637632
797,4814,304.45197936,9.42344064
797,4815,307.38275328,10.97389728
797,4816,310.41511704,10.81808352
797,4817,313.43571552,10.9728
797,4818,316.48627584,11.27894112
797,4819,320.22848832,15.992856
797,4820,325.25759688,19.8991728
797,4821,330.87173856,20.18885472
797,4822,336.10710528,17.090136
797,4823,341.13999336,20.38307328
797,4824,347.26391304,23.72099904
797,4825,354.16617,25.18586784
797,4826,361.28474352,26.2853424
797,4827,368.64258504,26.33362272
797,4828,376.09421352,27.44187552
797,4829,384.21262248,32.20407072
797,4830,393.51514896,33.028128
797,4831,402.27379032,30.40233696
797,4832,410.85845184,31.85623296
797,4833,419.48660832,29.15034048
797,4834,427.08609528,25.5062736
797,4835,433.64243472,22.90791456
797,4836,439.94575968,22.03447968
797,4837,446.0348712,21.9456
797,4838,452.1308712,21.95218368
797,4839,458.11415616,20.5685136
797,4840,463.6696848,20.1021696
797,4841,468.74350752,15.90836544
797,4842,473.36305632,20.66287968
797,4843,480.54621696,28.14852384
797,4844,488.36448936,28.145232
797,4845,496.16035896,27.65255328
797,4846,500.2618392,26.6968224
798,4745,20.5074012,24.3815616
798,4746,24.61192944,25.05748608
798,4747,31.95703032,27.26082432
798,4748,39.63780744,28.51720992
798,4749,47.64109344,28.76629248
798,4750,55.43540856,27.29045088
798,4751,62.97972672,27.37055232
798,4752,71.96742528,38.11731264
798,4753,81.17967,26.30619072
798,4754,88.02526464,23.99970816
798,4755,94.632018,23.29305984
798,4756,101.13773016,23.4433872
798,4757,107.57629488,23.85376992
798,4758,114.79124616,27.5856192
798,4759,122.41292256,26.85373344
798,4760,129.63329928,25.48871712
798,4761,136.48246008,23.35999392
798,4762,142.95616824,23.38413408
798,4763,149.37903576,23.3007408
798,4764,155.72640432,22.08166272
798,4765,161.74202856,21.11386176
798,4766,167.37454968,20.49609312
798,4767,173.33521848,21.39476544
798,4768,179.32569672,21.95767008
798,4769,185.44498344,22.84207776
798,4770,192.44206368,26.79448032
798,4771,199.86049944,26.87897088
798,4772,207.44742864,27.64706688
798,4773,215.24512704,28.21545792
798,4774,222.59668968,23.8000032
798,4775,228.80775168,21.94340544
798,4776,234.92389896,22.8179376
798,4777,241.96932048,27.28167264
798,4778,249.5841084,27.239976
798,4779,256.49322336,22.27588128
798,4780,262.58327976,21.73821408
798,4781,267.8672316,14.9339808
798,4782,271.12682376,9.32249088
798,4783,273.06806448,5.29218144
798,4784,273.90885528,0.48499776
798,4785,273.9179688,0
798,4786,273.9179688,0
798,4787,273.9179688,0
798,4788,273.9179688,0
798,4789,273.9179688,0
798,4790,273.9179688,0
798,4791,273.9179688,0
798,4792,273.9179688,0
798,4793,273.9179688,0
798,4794,273.9179688,0
798,4795,273.9179688,0
798,4796,273.9179688,0
798,4797,273.9179688,0
798,4798,273.96118944,0.92610432
798,4799,274.89351168,5.3108352
798,4800,276.4188528,5.4864
798,4801,277.9411764,5.5357776
798,4802,280.02055248,10.1004624
798,4803,283.17203208,12.93254208
798,4804,287.34523176,15.86996064
798,4805,291.81070416,16.46029728
798,4806,296.3518584,15.50895552
798,4807,299.96590248,11.10118176
798,4808,302.70831,7.69632192
798,4809,304.60239816,6.71645088
798,4810,306.25432272,5.48420544
798,4811,307.77823128,5.4864
798,4812,309.3022008,5.4864
798,4813,310.80477336,5.33168352
798,4814,312.88597824,10.31882112
798,4815,315.88578936,10.79833248
798,4816,319.02980136,12.88096992
798,4817,323.48262456,18.74922336
798,4818,328.9709448,19.96939872
798,4819,334.60041792,21.05790048
798,4820,340.63375104,21.80624544
798,4821,346.77693408,23.2458768
798,4822,353.55909984,24.85010016
798,4823,360.62896632,26.53991136
798,4824,368.19190776,27.56038176
798,4825,376.37621448,32.09214816
798,4826,386.00600472,36.71608608
798,4827,396.115794,34.73110656
798,4828,405.37192992,32.92059456
798,4829,414.44716704,32.24028096
798,4830,423.09291048,29.94916032
798,4831,430.99256448,26.9766288
798,4832,438.28408152,24.95543904
798,4833,444.86120832,23.18442912
798,4834,451.23183312,22.34830176
798,4835,457.44850344,22.91010912
798,4836,463.92599112,23.29086528
798,4837,470.59349112,25.19793792
798,4838,477.65247624,25.27913664
798,4839,484.30446192,23.13285696
798,4840,491.02356456,25.1057664
798,4841,497.4557742,26.1111492
815,4742,21.6704333333333,21.055584
815,4743,27.14311056,19.51951392
815,4744,32.33598816,21.54838464
815,4745,39.6991332,29.08669824
815,4746,47.78127096,29.09218464
815,4747,55.8588672,29.07901728
815,4748,63.86715192,28.64668896
815,4749,72.34037856,32.39390016
815,4750,81.06893616,27.62292672
815,4751,87.6225324,22.686264
815,4752,93.68625408,20.05059744
815,4753,99.55737264,24.52091616
815,4754,106.79728704,25.24731552
815,4755,113.8857768,26.99967168
815,4756,121.27769496,25.03663776
815,4757,128.13737136,24.91264512
815,4758,134.97129216,23.27440608
815,4759,141.11106144,21.90500064
815,4760,146.92414608,19.74445632
815,4761,152.33745504,19.45806624
815,4762,157.44386088,16.92993312
815,4763,162.02082912,16.39665504
815,4764,165.701472,17.0681904
824,4752,17.1207684,32.8525632
824,4753,22.57595688,32.74612704
824,4754,31.58846616,30.91805856
824,4755,39.27082824,24.606504
824,4756,46.80191808,32.44437504
824,4757,56.37660048,34.74098208
824,4758,64.75040136,23.01873984
824,4759,72.01500456,31.95059904
824,4760,80.20056096,25.76084256
824,4761,87.2584488,26.1481824
824,4762,94.4531004,26.41921056
824,4763,102.18788808,27.870912
824,4764,109.52704536,26.23157568
824,4765,117.02040096,26.89104096
824,4766,123.94701144,22.90462272
824,4767,129.94916352,20.83624992
824,4768,135.73039656,20.8647792
824,4769,141.62845944,21.37720896
824,4770,147.5899512,21.30808032
824,4771,153.46856784,21.44304576
824,4772,159.53603856,21.9291408
824,4773,165.37948128,20.78577504
824,4774,171.91463712,25.72134048
824,4775,179.08133856,25.79924736
824,4776,186.25303872,26.0713728
824,4777,193.71317112,27.42322176
824,4778,201.36084696,28.53915552
824,4779,210.17115192,32.80428288
824,4780,218.06501472,25.18038144
824,4781,224.69206776,22.2638112
824,4782,230.55794376,18.92588544
824,4783,235.26527496,15.5868624
824,4784,238.86788904,10.97499456
824,4785,241.6571748,7.9059024
824,4786,243.3373848,5.4534816
824,4787,244.4211012,1.4374368
824,4788,244.4901384,0
824,4789,244.4901384,0
824,4790,244.4901384,0
824,4791,244.4901384,0
824,4792,244.4901384,0
824,4793,244.4901384,0
824,4794,244.64912208,1.59763968
824,4795,245.2676832,2.33172
824,4796,245.91532224,2.33172
824,4797,246.5629308,2.33830368
824,4798,247.05810888,0.70664832
824,4799,247.0897776,0
824,4800,247.08996048,0.12179808
824,4801,247.62845064,3.83279904
824,4802,248.76928656,4.29255936
824,4803,250.56940488,8.887968
824,4804,253.15474896,9.43880256
824,4805,256.17607896,12.43657152
824,4806,259.7234328,12.78989568
824,4807,263.27950392,12.90291552
824,4808,266.86632936,12.91279104
824,4809,270.41560344,12.46729536
824,4810,273.6111876,10.80491616
824,4811,276.64431336,10.5668064
824,4812,278.98307424,6.30497088
824,4813,280.67212344,5.89788
824,4814,282.20932128,5.53138848
824,4815,284.19442272,9.55840608
824,4816,287.14650216,10.84441824
824,4817,290.17688472,10.97389728
824,4818,293.23866168,11.52034272
824,4819,296.8381668,14.53457088
824,4820,301.2259152,16.46578368
824,4821,305.79773232,16.45810272
824,4822,310.3981092,16.8542208
824,4823,315.05121648,16.45810272
824,4824,319.97696736,20.3764896
824,4825,326.59606512,26.0658864
824,4826,333.91025928,26.75607552
824,4827,341.46375192,27.28167264
824,4828,348.91285056,26.19975456
824,4829,356.1554472,26.42469696
824,4830,363.87746376,29.76262272
824,4831,372.4468548,30.3781968
824,4832,380.49427584,29.52451296
824,4833,389.4182712,33.42753792
824,4834,398.40030048,29.99524608
824,4835,405.98055456,26.18329536
824,4836,412.88000736,23.48837568
824,4837,419.34240744,21.92804352
824,4838,425.2101732,21.48693696
824,4839,431.27307192,21.11934816
824,4840,436.41580992,16.46029728
824,4841,441.3918528,20.53778976
824,4842,447.26528784,19.9211184
824,4843,452.54634408,19.11132576
824,4844,458.69964648,25.34497344
824,4845,465.84632256,25.7751072
824,4846,473.01838848,25.78278816
824,4847,480.17045952,25.77400992
824,4848,487.01373768,23.5311696
824,4849,493.70638368,23.08786848
824,4850,498.5110172,21.9602304
825,4829,401.72085264,39.56572224
825,4830,409.07241528,30.11923872
825,4831,416.67778488,29.86028064
825,4832,424.5394608,24.31462752
825,4833,431.36597496,23.85267264
825,4834,437.36227488,19.45257984
825,4835,443.0777016,23.87791008
825,4836,450.04171104,23.52239136
825,4837,455.51250528,17.90541504
825,4838,461.03700528,22.13104032
825,4839,466.86130656,20.00451168
825,4840,473.18468736,24.71842656
825,4841,479.99803416,23.87242368
825,4842,486.36734832,22.12555392
825,4843,492.60486696,22.84756416
825,4844,498.0818715,20.4464412
836,4764,85.81747632,23.12846784
836,4765,91.081098,26.79338304
836,4766,98.71841064,27.70412544
836,4767,106.73254752,30.44293632
836,4768,115.34787192,30.92464224
836,4769,122.86948248,23.08347936
836,4770,128.94506088,21.1006944
836,4771,134.7540612,19.84760064
836,4772,140.60722704,25.09040448
836,4773,148.29833688,28.30214304
836,4774,156.17077224,28.35042336
836,4775,163.70795808,25.27803936
836,4776,170.8413144,26.65622304
836,4777,178.33473096,27.404568
836,4778,185.95936392,27.459432
836,4779,193.58585616,27.43309728
836,4780,201.20003448,27.3935952
836,4781,208.9528968,28.61596512
836,4782,216.88528632,27.04466016
836,4783,223.48368816,21.23456256
836,4784,228.73261848,16.76863296
836,4785,232.87597824,12.34220544
836,4786,235.81793832,8.50611456
836,4787,237.57434832,5.4864
836,4788,238.76517144,1.94986656
836,4789,238.8802944,0
836,4790,238.8802944,0
836,4791,238.8802944,0
836,4792,238.8802944,0
836,4793,238.8802944,0
836,4794,238.8802944,0
836,4795,238.8802944,0
836,4796,238.8802944,0
836,4797,238.8802944,0
836,4798,238.8802944,0
836,4799,238.8802944,0
836,4800,238.8802944,0
836,4801,239.20801536,3.49922592
836,4802,240.60537096,5.39203392
836,4803,242.119404,5.4864
836,4804,243.6427944,5.48420544
836,4805,245.59784256,9.60339456
836,4806,248.5960992,10.9728
836,4807,251.6440992,10.9728
836,4808,254.71066152,11.54996928
836,4809,257.94830808,10.9892592
836,4810,260.90593488,10.6326432
836,4811,263.85859344,10.58546016
836,4812,266.82112752,10.57997376
836,4813,269.28046728,6.60123648
836,4814,270.79956,5.2230528
836,4815,272.41573152,7.40444544
836,4816,275.07687936,9.7987104
836,4817,277.63122528,9.95562144
836,4818,280.61430288,10.9728
836,4819,283.66236384,10.9728
836,4820,286.70765112,10.8740448
836,4821,289.9541064,13.95959616
836,4822,294.38358192,17.0407584
836,4823,299.7840588,21.6383616
836,4824,305.87298744,21.67347456
836,4825,311.79153288,21.25102176
836,4826,317.63552424,21.11276448
836,4827,324.01968216,25.82887392
836,4828,331.66860768,27.8763984
836,4829,339.34621488,27.33763392
836,4830,347.0446704,28.91003616
836,4831,355.35994968,30.5482752
836,4832,364.16732856,32.71869504
836,4833,373.30660416,32.91949728
836,4834,382.36452864,32.69126304
836,4835,391.5718356,32.068008
836,4836,399.11002728,22.57324416
836,4837,405.10239528,21.41122464
836,4838,410.8347384,19.88381088
836,4839,416.57485392,21.31246944
836,4840,422.2171896,18.47709792
836,4841,426.75770376,15.39922752
836,4842,431.22851016,16.87287456
836,4843,436.68561888,23.948136
836,4844,444.133224,27.77544864
836,4845,449.1504352,27.7867872
844,4758,22.5835802666667,27.9952704
844,4759,30.16812864,30.16203264
844,4760,38.56119288,30.23445312
844,4761,46.96620528,30.257496
844,4762,55.36795632,30.2410368
844,4763,63.415164,22.47668352
844,4764,67.1613084,15.01737408
844,4765,74.0753916,30.28821984
844,4766,82.77520656,30.57899904
844,4767,90.42327864,24.8863104
844,4768,97.23376032,24.55932096
844,4769,103.88915976,23.15919168
844,4770,110.13502992,22.16834784
844,4771,116.27086728,21.68335008
844,4772,122.23900368,21.67128
844,4773,128.21055384,21.15885024
844,4774,134.23922352,20.79674784
844,4775,139.63549416,19.69288416
844,4776,145.28447448,20.64971232
844,4777,151.01687856,20.7550512
844,4778,156.86407032,21.03924672
844,4779,162.4445316,19.4273424
844,4780,167.98146744,20.85051456
844,4781,174.03659376,22.80367296
844,4782,180.939186,26.86360896
844,4783,188.55214512,27.4649184
844,4784,196.17616848,27.43419456
844,4785,203.44936704,23.77037664
844,4786,209.5731648,21.4682832
844,4787,215.53270584,21.24663264
844,4788,220.73536752,14.90874336
844,4789,224.0685384,9.95891328
844,4790,226.13941056,5.5357776
844,4791,227.63466792,4.80498912
844,4792,228.35253288,0.42684192
844,4793,228.3610368,0
844,4794,228.3610368,0
844,4795,228.3610368,0
844,4796,228.3610368,0
844,4797,228.3610368,0
844,4798,228.3610368,0
844,4799,228.3610368,0
844,4800,228.3610368,0
844,4801,228.3610368,0
844,4802,228.3610368,0
844,4803,228.3610368,0
844,4804,228.78248376,4.01933664
844,4805,230.57577456,9.06024096
844,4806,233.5289208,10.9728
844,4807,236.5769208,10.9728
844,4808,239.61931248,10.87514208
844,4809,242.64366,10.9673136
844,4810,245.69166,10.9728
844,4811,248.74130592,10.9234224
844,4812,251.14349568,5.29876512
844,4813,252.52353864,7.0555104
844,4814,255.73820328,14.8900896
844,4815,259.93225128,15.2302464
844,4816,264.14184408,14.43142656
844,4817,267.58571832,10.9892592
844,4818,270.57940296,10.36161504
844,4819,273.0867792,7.43736384
844,4820,275.21056464,9.33126912
844,4821,278.16919728,10.9728
844,4822,281.2173192,10.9728
844,4823,284.31009432,12.24454752
844,4824,288.42016992,16.43396256
844,4825,292.99277952,16.45700544
844,4826,297.842178,18.93466368
844,4827,303.14243664,19.19471904
844,4828,308.93912304,22.29782688
844,4829,315.19922736,22.53154752
844,4830,321.46841472,23.90753664
844,4831,328.797666,27.59220288
844,4832,336.44881656,27.4704048
844,4833,344.05116864,27.83140992
844,4834,352.28317656,30.9378096
844,4835,360.991404,31.86062208
844,4836,369.54704856,29.12510304
844,4837,377.33130528,27.48796128
844,4838,385.2121836,29.38954752
844,4839,393.37323408,28.11889728
844,4840,400.46431464,23.66064864
844,4841,406.86865032,22.72357152
844,4842,413.13890448,22.26051936
844,4843,419.31857208,22.7795328
844,4844,425.84348664,24.4089936
844,4845,433.27377912,29.3467536
844,4846,441.5101152,29.03732064
844,4847,449.5519584,28.2165552
844,4848,457.7862828,35.35655616
844,4849,468.49280952,35.71975584
844,4850,477.18921072,27.56147904
844,4851,483.9135864,22.1540832
844,4852,490.05228888,22.55897952
844,4853,496.00661784,20.4862176
844,4854,499.6127168,18.9609984
848,4850,491.0985352,27.3844512
848,4851,496.12795872,19.10145024
848,4852,499.3037512,15.6691584
857,4759,11.56716,29.8021248
857,4760,16.51638048,29.26665216
857,4761,24.2367816,26.66719584
857,4762,31.6383924,27.2235168
857,4763,39.7517112,30.69969984
857,4764,48.28650744,30.48134112
857,4765,56.529732,29.08779552
857,4766,64.58964984,28.91003616
857,4767,73.33192344,34.67295072
857,4768,83.08012848,33.48020736
857,4769,90.96393288,25.22427264
857,4770,98.2609668,26.73742176
857,4771,105.28194336,22.90681728
857,4772,111.13428624,20.29529088
857,4773,116.82700536,20.30187456
857,4774,122.1138528,17.41822272
857,4775,126.74196648,16.25510592
857,4776,131.46523872,17.72875296
857,4777,135.88444248,14.82315552
857,4778,140.27426352,16.376904
857,4779,144.7178208,15.88971168
857,4780,149.2937832,17.00784
857,4781,154.03650168,17.72875296
857,4782,159.54960216,21.47706144
857,4783,165.501066,21.32783136
857,4784,171.54927336,21.94450272
857,4785,177.64679736,21.96315648
857,4786,183.74535768,21.94779456
857,4787,189.79112664,20.84832
857,4788,194.95285368,16.7664384
857,4789,199.52713968,16.38677952
857,4790,204.01461864,16.02138528
857,4791,208.47506184,16.0641792
857,4792,212.93730336,16.0641792
857,4793,216.81137232,8.0211168
857,4794,217.4095728,0
857,4795,217.41054816,0.21506688
857,4796,218.43534672,7.434072
857,4797,220.6069248,6.58038816
857,4798,221.4000144,0.07790688
857,4799,221.4000144,0
857,4800,221.4000144,0
857,4801,221.4000144,0
857,4802,221.4000144,0
857,4803,221.4000144,0
857,4804,221.4000144,0
857,4805,221.4000144,0
857,4806,221.44622208,1.14226848
857,4807,222.52189176,5.41288224
857,4808,224.0062068,5.40300672
857,4809,225.7559112,7.19705952
857,4810,227.94343032,8.62900992
857,4811,230.63322936,10.7917488
857,4812,233.68254,10.9728
857,4813,236.7309972,10.84332096
857,4814,239.39726568,7.51197888
857,4815,241.05129336,5.870448
857,4816,243.4045932,10.77967872
857,4817,246.45344664,10.97060544
857,4818,249.77662008,13.98373632
857,4819,254.11553952,16.08722208
857,4820,258.54556368,16.03894176
857,4821,263.02813536,16.0641792
857,4822,266.95728168,11.69371296
857,4823,269.98961496,10.70286912
857,4824,272.9951868,11.2800384
857,4825,276.73880136,15.8776416
857,4826,281.2982436,16.4592
857,4827,285.86868912,16.6183056
857,4828,291.1003068,21.38488992
857,4829,297.1888392,21.9456
857,4830,303.28490016,21.94450272
857,4831,309.53671392,24.26524992
857,4832,316.88428368,27.43419456
857,4833,324.74647776,29.77030368
857,4834,333.11890704,29.14704864
857,4835,340.85732184,27.29045088
857,4836,348.66510912,29.49378912
857,4837,357.06402552,30.9597552
857,4838,365.82772656,30.6799488
857,4839,373.83561504,27.7008336
857,4840,381.44339256,27.16206912
857,4841,388.94055816,26.88665184
857,4842,395.84290656,21.88854144
857,4843,401.7213708,21.67896096
857,4844,407.61050304,20.06157024
857,4845,413.30294784,21.81173184
857,4846,419.65391304,24.2828064
857,4847,427.0877412,28.5731712
857,4848,435.09736704,28.75093056
857,4849,443.07593376,28.776168
857,4850,450.72653568,25.86069504
857,4851,457.68944784,25.38886464
857,4852,464.54412552,23.3117136
857,4853,471.17596392,24.56919648
857,4854,478.0100676,24.63283872
857,4855,484.65793848,22.8179376
857,4856,490.64994072,20.93719968
857,4857,496.25283528,18.44088768
857,4858,499.418864,16.8213024
865,4763,22.3557737142857,30.2034157714286
865,4764,29.21657352,28.34383968
865,4765,36.813744,27.46601568
865,4766,44.77731456,29.09657376
865,4767,52.85670912,29.07792
865,4768,60.98097024,29.83614048
865,4769,69.45501984,30.7567584
865,4770,77.70427944,26.45322624
865,4771,84.10355544,21.94669728
865,4772,90.03880392,21.12593184
865,4773,96.18537024,23.09335488
865,4774,102.69050328,23.08567392
865,4775,109.08200688,23.18333184
865,4776,115.46320824,22.54690944
865,4777,121.44000096,19.75762368
865,4778,126.39574416,16.14318336
865,4779,130.46424504,14.20758144
865,4780,134.51963952,14.4347184
865,4781,138.6148104,15.77998368
865,4782,143.10616032,15.74377344
865,4783,147.43474704,16.0257744
865,4784,151.991568,16.45151904
865,4785,156.8869608,20.03304096
865,4786,162.87899352,21.86440128
865,4787,168.96139944,21.94450272
865,4788,175.05727752,21.94889184
865,4789,181.15663032,21.95547552
865,4790,187.20855624,20.97560448
865,4791,192.36787536,16.63586208
865,4792,196.83127512,14.54005728
865,4793,200.21568288,10.96292448
865,4794,203.08327176,8.4710016
865,4795,204.8504412,5.48201088
865,4796,206.04668976,3.01422816
865,4797,207.09053832,3.86023104
865,4798,207.5303952,0
865,4799,207.5303952,0
865,4800,208.03755192,4.17185856
865,4801,209.44786152,5.1462432
865,4802,210.87819648,5.1462432
865,4803,212.30856192,5.1462432
865,4804,213.73892736,5.1462432
865,4805,215.16926232,5.1462432
865,4806,216.59965824,5.1462432
865,4807,217.98698592,3.88766304
865,4808,218.4041352,0
865,4809,218.4041352,0
865,4810,219.12517008,5.83314048
865,4811,221.32722816,10.0894896
865,4812,224.37916008,11.14726752
865,4813,227.44880088,10.88940672
865,4814,230.486712,10.9728
865,4815,233.534712,10.9728
865,4816,236.582712,10.9728
865,4817,239.62513416,10.88392032
865,4818,242.652804,10.96841088
865,4819,245.700804,10.9728
865,4820,248.748804,10.9728
865,4821,251.796804,10.9728
865,4822,254.84355432,10.88392032
865,4823,257.86144008,11.36891808
865,4824,261.2978772,12.92815296
865,4825,264.89241408,13.26172608
865,4826,269.01169464,16.0806384
865,4827,273.52572168,16.44493536
865,4828,278.09817888,16.4592
865,4829,282.6703008,16.46029728
865,4830,287.45227752,19.3505328
865,4831,293.37905256,21.9456
865,4832,299.475144,21.9456
865,4833,305.57117448,21.9456
865,4834,311.64236376,21.835872
865,4835,318.16544952,26.15147424
865,4836,326.21978952,31.06289952
865,4837,334.70496432,28.81128096
865,4838,342.37275696,27.3387312
865,4839,350.1228456,28.51391808
865,4840,358.00826544,27.75240576
865,4841,365.61269016,27.37055232
865,4842,372.67786272,22.82013216
865,4843,378.7487472,21.36074976
865,4844,384.66954816,21.56374656
865,4845,390.66020928,21.5231472
865,4846,396.57966912,21.36074976
865,4847,402.47821968,20.4807312
865,4848,408.26716416,21.76345152
865,4849,414.36733992,22.03447968
865,4850,420.67014672,23.54982336
865,4851,427.3838544,24.92800704
865,4852,434.43384792,25.621488
865,4853,441.46537056,25.2045216
865,4854,448.38247128,24.19612128
865,4855,455.00647632,23.45326272
865,4856,461.3806368,23.52239136
865,4857,468.47086392,26.96346144
865,4858,476.53154376,29.74835808
865,4859,483.81918984,23.25794688
865,4860,490.15930416,22.54581216
865,4861,496.158774,20.0308464
865,4862,499.6676824,19.147536
868,4755,20.5078584,26.4663936
868,4756,24.72680856,25.594056
868,4757,32.093154,29.45867616
868,4758,40.95497016,32.74722432
868,4759,50.05276248,32.73954336
868,4760,59.14683624,32.73515424
868,4761,66.4804614,22.658832
870,4850,464.227164,30.6543456
870,4851,470.91657912,30.6086256
870,4852,479.39821824,28.23081984
870,4853,486.13118928,22.42511136
870,4854,492.26778864,20.33369568
870,4855,497.59935024,18.66144096
880,4774,77.524356,26.6968224
880,4775,81.5588412,26.26449408
880,4776,88.68436416,24.76670688
880,4777,95.41358616,24.15003552
880,4778,102.1569204,24.24879072
880,4779,108.27965136,18.544032
880,4780,113.18205456,19.1859408
880,4781,118.75654176,20.77370496
880,4782,124.21294944,16.35934752
880,4783,128.57040072,16.30448352
880,4784,132.96116664,16.0422336
880,4785,137.84345304,18.32677056
880,4786,142.93318632,18.29933856
880,4787,148.00941696,18.297144
880,4788,153.09942456,18.324576
880,4789,158.08662312,17.0133264
880,4790,162.82123392,17.79349248
880,4791,168.01100256,19.4438016
880,4792,173.27471568,18.06232608
880,4793,178.09268928,17.06928768
880,4794,182.7577752,16.44603264
880,4795,186.88040856,12.289536
880,4796,189.97976736,10.97389728
880,4797,193.02804168,10.9782864
880,4798,195.77660616,8.0869536
880,4799,197.7902064,7.13232
880,4800,199.77283896,7.10598528
880,4801,201.123804,1.50107904
880,4802,201.1804968,0
880,4803,201.1804968,0
880,4804,201.1804968,0
880,4805,201.1804968,0
880,4806,201.1804968,0
880,4807,201.27449712,1.700784
880,4808,202.41591216,5.66306208
880,4809,204.35431824,8.15388768
880,4810,206.64339672,8.2405728
880,4811,208.93137792,8.2405728
880,4812,211.21935912,8.2405728
880,4813,213.50730984,8.2405728
880,4814,215.79529104,8.2405728
880,4815,217.76015376,4.22233344
880,4816,219.36099384,8.96587488
880,4817,222.0279024,10.16300736
880,4818,224.99887944,10.94317344
880,4819,228.0470928,10.9728
880,4820,231.0950928,10.9728
880,4821,234.1430928,10.9728
880,4822,237.1910928,10.9728
880,4823,240.22815048,10.87843392
880,4824,243.2611848,10.9728
880,4825,246.3091848,10.9728
880,4826,249.35715432,10.9728
880,4827,252.40488,10.9728
880,4828,255.44199864,10.83234816
880,4829,258.86819448,14.4621504
880,4830,263.05632936,15.10076736
880,4831,267.35845944,16.13440512
880,4832,271.9568856,18.11719008
880,4833,277.71504528,21.95328096
880,4834,283.81104528,21.94669728
880,4835,289.88549592,21.81612096
880,4836,296.22820104,24.96202272
880,4837,303.66419328,27.43419456
880,4838,311.25996168,27.28496448
880,4839,318.86490456,27.71839008
880,4840,327.02217552,30.86429184
880,4841,335.35050024,28.31092128
880,4842,342.97784592,27.2838672
880,4843,350.53362456,27.0698976
880,4844,358.04968776,27.04027104
880,4845,365.45148144,26.01541152
880,4846,372.3310308,23.07689568
880,4847,378.48466848,21.99936672
880,4848,384.79957584,23.55750432
880,4849,391.11222768,21.3805008
880,4850,396.65355264,19.06962912
880,4851,402.06933048,20.24371872
880,4852,408.08629584,22.77514368
880,4853,414.36831528,22.17822336
880,4854,420.6150084,22.25613024
880,4855,426.18595992,18.84688128
880,4856,431.86505448,22.22650368
880,4857,438.28155168,23.234904
880,4858,444.60877296,24.33328128
880,4859,452.62001424,29.44221696
880,4860,459.8513028,25.3691136
880,4861,467.00401392,26.42908608
880,4862,474.84094008,30.04462368
880,4863,483.49744296,29.16460512
880,4864,490.36516608,22.01033952
880,4865,496.07123544,19.3285872
880,4866,499.5054272,19.0707264
889,4771,30.4245264,18.3904128
889,4772,33.27391872,13.8092688
889,4773,37.21153848,18.67899744
889,4774,42.41587656,24.49019232
889,4775,51.2015232,29.64192192
889,4776,58.92250344,26.69462784
889,4777,65.50892664,21.4682832
889,4778,71.45069784,21.39696
889,4779,77.35863624,20.28760992
889,4780,82.83775152,20.42915904
889,4781,88.63059744,20.8702656
889,4782,94.39689528,20.6453232
889,4783,100.121466,20.54766528
889,4784,105.82159176,20.54547072
889,4785,111.53634792,20.574
889,4786,117.26332656,19.99683072
889,4787,122.1251304,15.61868352
889,4788,126.43247256,15.02395776
889,4789,130.59396792,15.92263008
889,4790,135.09171864,15.73609248
889,4791,139.44435408,16.45700544
889,4792,144.42390216,18.57585312
889,4793,149.55734376,18.51550272
889,4794,154.70081328,18.5166
889,4795,159.83172504,17.89224768
889,4796,164.2547388,14.48190144
889,4797,168.2848044,14.53896
889,4798,172.3235568,14.53896
889,4799,176.332896,13.45484736
889,4800,179.19204192,7.90699968
889,4801,181.36267512,7.81702272
889,4802,183.53437512,7.81702272
889,4803,185.69110944,7.10817984
889,4804,187.06206936,3.32695296
889,4805,187.9791516,3.32036928
889,4806,188.8976664,3.29184
889,4807,189.81593736,3.48605856
889,4808,190.94903136,4.51969632
889,4809,192.2067276,4.52518272
889,4810,193.46399712,4.52628
889,4811,194.7362628,5.239512
889,4812,196.79439432,9.0196416
889,4813,199.31045736,9.05256
889,4814,201.81978432,9.00208512
889,4815,204.31996728,8.73105696
889,4816,206.47027032,7.00942464
889,4817,208.41285216,6.99516
889,4818,210.35598264,6.99845184
889,4819,212.31441408,7.71497568
889,4820,215.06614848,11.53021824
889,4821,218.280234,11.5653312
889,4822,221.49261264,11.5159536
889,4823,224.65479072,11.37220992
889,4824,227.85043584,11.5653312
889,4825,231.0632412,11.5653312
889,4826,234.27976512,11.75954976
889,4827,237.71178264,12.79647936
889,4828,241.24901712,12.70211328
889,4829,244.8045396,13.20247296
889,4830,248.81384832,15.3454608
889,4831,253.0818408,15.36192
889,4832,257.30938632,15.19952256
889,4833,261.70749792,16.54039872
889,4834,266.80884408,20.24591328
889,4835,272.4684924,20.23494048
889,4836,278.15798064,20.87684928
889,4837,283.97444856,21.30588576
889,4838,289.7172768,19.61826912
889,4839,295.63429824,23.7341664
889,4840,302.74756824,27.02490912
889,4841,310.33553376,27.27179712
889,4842,317.89478712,26.65183392
889,4843,325.30362168,27.60866208
889,4844,332.93428968,25.77620448
889,4845,339.397848,21.86769312
889,4846,345.46467864,22.19139072
889,4847,351.81780792,23.24148768
889,4848,358.20748272,22.30441056
889,4849,364.28083608,21.92036256
889,4850,370.37735424,21.9456
889,4851,376.47344568,21.9401136
889,4852,382.81669944,24.73159392
889,4853,390.04487904,26.26449408
889,4854,397.27092504,25.5830832
889,4855,404.11978104,24.29158464
889,4856,410.94925176,24.7381776
889,4857,417.92825736,25.79376096
889,4858,425.17823016,26.1097776
889,4859,432.44575944,26.0549136
889,4860,439.4524104,23.85815904
889,4861,445.94461992,23.41924704
889,4862,452.29951704,22.08934368
889,4863,458.3782044,21.93901632
889,4864,464.58548688,22.8837744
889,4865,471.44080464,26.44005888
889,4866,478.80126744,25.94299104
889,4867,485.30563848,21.5834976
889,4868,491.61569952,23.17674816
889,4869,497.5965664,22.8136704
897,4774,21.3444908571429,20.29968
897,4775,26.11468488,20.29858272
897,4776,31.84233408,21.47596416
897,4777,38.02370856,22.49204544
897,4778,44.50646928,25.5282192
897,4779,52.43236656,31.90999968
897,4780,61.36288464,27.63170496
897,4781,67.7648124,21.15336384
897,4782,73.26739728,17.73423936
897,4783,77.64234408,14.88899232
897,4784,81.55996896,13.97276352
897,4785,86.12172768,18.84907584
897,4786,91.57130784,19.6248528
897,4787,97.4479128,23.8274352
897,4788,104.3996388,25.14636576
897,4789,110.71411944,19.87942176
897,4790,116.23819272,20.09558592
897,4791,121.55872056,18.24008544
897,4792,126.48572112,16.61611104
897,4793,130.98152112,17.02649376
897,4794,135.7010748,16.49431296
897,4795,140.272008,16.4592
897,4796,144.837912,16.404336
897,4797,149.42024472,17.14719456
897,4798,154.38080376,17.41493088
897,4799,158.98819104,15.91933824
897,4800,162.84939744,11.70358848
897,4801,165.89434944,10.24969248
897,4802,168.21710832,6.48382752
897,4803,169.74010248,4.38473088
897,4804,170.7638952,3.93045696
897,4805,171.9370704,4.25086272
897,4806,173.11823136,4.25415456
897,4807,174.30036768,4.24427904
897,4808,175.08623352,0.768096
897,4809,175.1338128,0.36649152
897,4810,175.53108912,3.209544
897,4811,176.81807664,5.07162816
897,4812,178.22902632,5.0913792
897,4813,179.64128664,5.07382272
897,4814,181.225698,7.37591616
897,4815,183.68083152,9.25994592
897,4816,186.25242912,9.26214048
897,4817,188.83057992,9.28518336
897,4818,191.4038844,9.2610432
897,4819,193.9756344,9.25994592
897,4820,196.54729296,9.2610432
897,4821,199.11901248,9.26214048
897,4822,201.679302,9.27640512
897,4823,204.46846584,10.83893184
897,4824,207.56645304,11.7738144
897,4825,211.03577808,12.75917184
897,4826,214.57953528,12.7613664
897,4827,218.0869908,12.07666368
897,4828,221.22896064,11.00681568
897,4829,224.4222588,12.12274944
897,4830,227.84415696,12.35317824
897,4831,231.41123136,13.50093312
897,4832,235.21623264,13.72587552
897,4833,239.18674032,15.01517952
897,4834,243.42580728,15.40690848
897,4835,248.32824096,20.75285664
897,4836,254.38574472,21.96864288
897,4837,260.59628856,22.70382048
897,4838,266.82307824,21.97632384
897,4839,272.85119928,21.73821408
897,4840,278.94021936,21.94340544
897,4841,285.25686408,24.8314464
897,4842,292.69645296,27.43638912
897,4843,300.31675776,27.432
897,4844,307.9336488,27.32007744
897,4845,315.2997504,25.48213344
897,4846,322.22325192,25.25719104
897,4847,329.54463936,26.89104096
897,4848,336.76099272,24.28719552
897,4849,343.06309848,21.8578176
897,4850,349.337376,23.5805472
897,4851,355.95985704,23.56737984
897,4852,362.19816816,21.73492224
897,4853,368.2810008,21.9456
897,4854,374.37706176,21.9456
897,4855,380.53963008,23.33695104
897,4856,387.52351248,26.03077344
897,4857,394.72093776,25.48542528
897,4858,401.72630856,25.89251616
897,4859,408.6192996,22.67968032
897,4860,414.80024736,22.25722752
897,4861,421.11271632,23.05495008
897,4862,427.32710064,21.94230816
897,4863,433.55093376,22.62481632
897,4864,439.78287456,22.31209152
897,4865,445.92273528,21.9456
897,4866,451.94546136,20.80333152
897,4867,457.3008888,19.03890528
897,4868,463.1684412,24.02165376
897,4869,470.60248272,27.99271008
897,4870,478.36098384,27.9038304
897,4871,486.10765872,27.61963488
897,4872,493.27146456,22.94083296
897,4873,498.1265628,22.4649792
905,4805,165.63697632,3.4344864
905,4806,166.35212856,3.4344864
905,4807,167.30648784,3.43009728
905,4808,167.9446476,0.77467968
905,4809,168.38295,3.14590176
905,4810,169.09886424,1.316736
905,4811,169.4089068,0.57826656
905,4812,169.91140008,4.01385024
905,4813,171.36642384,6.02735904
905,4814,173.10744144,6.30936
905,4815,174.86049864,6.30936
905,4816,176.61236712,6.31594368
905,4817,178.91205264,11.4610896
905,4818,182.50442544,13.16077632
905,4819,185.80489128,10.3912416
905,4820,188.21747472,6.4684656
905,4821,189.7754904,5.4864
905,4822,191.2981188,5.67952128
905,4823,193.51404528,10.50426144
905,4824,196.55722944,10.9728
905,4825,199.60541232,10.97389728
905,4826,202.64393304,10.9234224
905,4827,205.68699528,11.04083136
905,4828,209.01306432,13.00386528
905,4829,212.67426096,13.1838192
905,4830,216.33664632,13.08177216
905,4831,219.70023624,11.30856768
905,4832,223.42352064,15.81838848
905,4833,227.77173648,15.40142208
905,4834,232.23845856,16.46139456
905,4835,236.80890408,16.64683488
905,4836,242.05134216,21.38927904
905,4837,248.1378324,21.9456
905,4838,254.2387092,22.09483008
905,4839,260.51993616,23.04946368
905,4840,266.601702,19.79602848
905,4841,272.1039516,21.23895168
905,4842,278.17215384,21.9456
905,4843,284.3591976,23.76379296
905,4844,291.62392272,27.40676256
905,4845,299.2444104,27.432
905,4846,306.86489808,27.32336928
905,4847,314.00105856,23.27550336
905,4848,320.17536168,22.72247424
905,4849,327.14299824,26.84166336
905,4850,334.63455552,27.18401472
905,4851,342.1459248,26.16793344
905,4852,349.01114856,23.8054896
905,4853,355.61189736,23.61566016
905,4854,361.87782336,21.23675712
905,4855,366.88785144,14.95482912
905,4856,371.65693512,20.6782416
905,4857,377.7139512,21.98071296
905,4858,384.29500992,26.05052448
905,4859,391.72795416,26.7516864
905,4860,399.12743136,25.89361344
905,4861,406.14350064,24.96531456
905,4862,412.92968976,23.9042448
905,4863,419.39330904,23.4214416
905,4864,425.7063876,21.02827392
905,4865,431.60192064,21.94889184
905,4866,437.66235048,21.36184704
905,4867,444.56917944,29.70117504
905,4868,451.81272096,19.38235392
905,4869,457.27248144,23.3281728
905,4870,464.18750952,25.1057664
905,4871,469.8344172,16.38458496
905,4872,476.29657344,29.34565632
905,4873,484.45421016,29.35662912
905,4874,492.17025264,24.75683136
905,4875,497.764569257143,24.7373938285714
912,4825,193.8843087,8.2858356
912,4826,195.79337016,7.17291936
912,4827,197.77246704,7.21900512
912,4828,200.21729832,10.60740576
912,4829,203.24999736,10.93549248
912,4830,206.2967172,10.96621632
912,4831,209.75549616,15.4551888
912,4832,214.59166632,17.85603744
912,4833,219.45907848,16.84215072
912,4834,223.90162992,15.81399936
912,4835,228.48152424,17.79678432
912,4836,233.88459192,20.33369568
912,4837,239.7879888,22.26271392
912,4838,246.3306732,25.6105152
912,4839,253.6940316,25.8574032
912,4840,260.4953388,23.66064864
912,4841,266.79765792,19.9595232
912,4842,271.56128568,16.19914464
912,4843,276.11691792,16.5085776
912,4844,281.29476888,22.24406016
912,4845,288.0722712,25.85850048
912,4846,295.59040704,27.432
912,4847,303.21037656,27.43529184
912,4848,310.42502304,22.68406944
912,4849,316.12252752,21.78978624
912,4850,322.54213368,23.49166752
912,4851,329.90875344,28.65217536
912,4852,337.67447832,27.4100544
912,4853,345.01494624,24.00190272
912,4854,351.02020728,20.72542464
912,4855,356.71710216,19.92989664
912,4856,362.34840408,21.4024464
912,4857,368.42800584,21.94121088
912,4858,374.55427248,22.89364992
912,4859,381.53038248,27.16536096
912,4860,389.31482208,28.24508448
912,4861,396.48545544,23.67491328
912,4862,403.37875128,26.18987904
912,4863,410.2748208,22.10690016
912,4864,416.37243624,23.9536224
912,4865,423.18428952,22.90681728
912,4866,429.03303576,20.39404608
912,4867,434.7459936,20.2777344
912,4868,440.75323584,23.89985568
912,4869,447.61528968,24.798528
912,4870,454.3629216,22.41413856
912,4871,460.248,21.62629152
912,4872,466.09144272,20.92622688
912,4873,472.49132832,24.33108672
912,4874,479.27943768,25.02676224
912,4875,486.47061456,26.88226272
912,4876,494.1938808,27.63719136
912,4877,499.1108128,26.6309856
919,4777,20.8038573,30.0133512
919,4778,28.29126168,29.88003168
919,4779,36.11596536,25.40971296
919,4780,42.65456544,21.81282912
919,4781,48.14044728,19.47562272
919,4782,54.2982912,23.97227616
919,4783,60.93970032,23.78025216
919,4784,66.76601328,17.89773408
919,4785,71.69822592,17.9844192
919,4786,76.70270664,18.14242752
919,4787,81.73751496,17.96576544
919,4788,86.62528776,18.01514304
919,4789,91.84190928,19.47013632
919,4790,97.54785672,20.52023328
919,4791,103.37298096,21.34538784
919,4792,108.9216516,18.88748064
919,4793,114.40610088,20.9964528
919,4794,120.00869064,19.08499104
919,4795,125.08842648,17.26460352
919,4796,129.59742432,15.92482464
919,4797,133.95865512,13.0247136
919,4798,136.29964104,9.08767296
919,4799,140.32132464,16.7280336
919,4800,145.08857952,17.30300832
919,4801,149.10950112,9.24677856
919,4802,150.91117392,5.9582304
919,4803,152.56584168,5.9582304
919,4804,154.22053992,5.9582304
919,4805,155.87520768,5.9582304
919,4806,157.52975352,5.9582304
919,4807,159.18564048,5.93738208
919,4808,160.30770072,1.21578624
919,4809,160.350708,0
919,4810,160.350708,0
919,4811,160.350708,0
919,4812,160.350708,0
919,4813,160.56184296,2.88913824
919,4814,162.00129144,5.925312
919,4815,163.63297728,5.83972416
919,4816,165.2692656,5.925312
919,4817,166.91509416,5.92860384
919,4818,168.2634684,2.49960384
919,4819,168.70853736,2.29989888
919,4820,170.39511768,9.95342688
919,4821,172.9988412,9.19191456
919,4822,176.13968328,12.44096064
919,4823,179.59718208,12.4486416
919,4824,182.81855232,8.23179456
919,4825,183.623712,0
919,4826,183.64114656,0.6364224
919,4827,184.60400976,6.30606816
919,4828,187.12031664,11.823192
919,4829,191.14672464,16.22986848
919,4830,195.22872816,12.52654848
919,4831,198.42309312,12.36963744
919,4832,203.64093384,24.69209184
919,4833,209.79725376,13.05104832
919,4834,210.8036424,0
919,4835,212.30347176,13.32317376
919,4836,216.80805,16.68743424
919,4837,221.45414688,16.93761408
919,4838,226.82191872,21.73821408
919,4839,232.92242976,21.93791904
919,4840,239.33334912,25.42288032
919,4841,246.8404512,27.432
919,4842,254.39498016,26.35995744
919,4843,261.50322096,25.3691136
919,4844,268.17642072,22.1760288
919,4845,274.1959464,21.2982048
919,4846,279.66753312,18.73934784
919,4847,285.3516264,22.2692976
919,4848,291.97971576,26.1097776
919,4849,299.54893608,27.432
919,4850,307.16802168,27.35628768
919,4851,314.7335844,26.94480768
919,4852,321.73554144,21.63177792
919,4853,326.99894976,20.11094784
919,4854,333.59512656,25.60612608
919,4855,340.665054,24.50445696
919,4856,346.98861768,21.7590624
919,4857,353.008692,21.6383616
919,4858,359.02410288,21.63068064
919,4859,365.0708472,21.9456
919,4860,371.1654756,22.14201312
919,4861,377.801124,26.04613536
919,4862,385.62844896,29.80322208
919,4863,393.78440928,27.596592
919,4864,401.1497184,25.54906752
919,4865,407.91198072,23.91082848
919,4866,414.4970628,23.82304608
919,4867,421.09500744,23.46094368
919,4868,427.36224408,21.80953728
919,4869,433.41712656,22.08495456
919,4870,440.03902848,25.4788416
919,4871,447.14720832,25.27255296
919,4872,453.24375696,18.3026304
919,4873,458.99286408,23.98763808
919,4874,465.72620088,24.28390368
919,4875,470.96321352,10.12350528
919,4876,476.06343192,30.44732544
919,4877,484.79009976,31.15507104
919,4878,492.33527136,23.01325344
919,4879,498.038149028571,26.9460617142857
925,4779,21.109686,28.4524704
925,4780,27.29721744,28.51720992
925,4781,35.21168472,28.48319424
925,4782,43.13136408,28.5347664
925,4783,51.0556764,28.51720992
925,4784,58.97654448,28.51940448
925,4785,65.10905952,9.72848448
925,4786,67.56190704,15.32570976
925,4787,72.36293376,16.47127008
925,4788,76.82276736,17.02868832
925,4789,81.63330384,16.2452304
925,4790,85.53453048,13.65455232
925,4791,89.92261416,17.45443296
925,4792,95.20711464,21.05021952
925,4793,101.61199896,23.5476288
925,4794,107.77215936,21.34099872
925,4795,113.57527704,21.36843072
925,4796,119.58581112,19.75762368
925,4797,124.43786136,16.45700544
925,4798,128.81262528,14.85607392
925,4799,132.98811096,15.2686512
925,4800,137.12318016,14.62893696
925,4801,140.98466088,11.50717536
925,4802,143.41748304,7.67876544
925,4803,145.43108328,6.17329728
925,4804,146.96233752,5.48969184
925,4805,148.4834724,5.24390112
925,4806,149.76031008,4.26951648
925,4807,150.976584,4.38912
925,4808,152.19621072,4.39350912
925,4809,153.07836288,1.11044736
925,4810,153.122376,0
925,4811,153.122376,0
925,4812,153.122376,0
925,4813,153.122376,0
925,4814,153.86017488,6.83276256
925,4815,156.34953744,9.32029632
925,4816,158.54693208,5.99444064
925,4817,160.00875288,4.52628
925,4818,161.28699264,5.35033728
925,4819,162.80977344,5.42275776
925,4820,164.31262032,5.46664896
925,4821,165.8368032,5.4864
925,4822,167.35955352,5.52590208
925,4823,169.23706056,9.01305792
925,4824,172.15649592,10.49877504
925,4825,174.46395384,6.23145312
925,4826,176.04650592,5.70475872
925,4827,178.39934856,11.57740128
925,4828,181.78156176,12.20724
925,4829,185.17237032,12.20724
925,4830,188.56826904,12.26320128
925,4831,191.95292064,11.64543264
925,4832,195.0329856,10.9728
925,4833,198.0809856,10.9728
925,4834,201.12621192,10.92561696
925,4835,204.16278192,10.97060544
925,4836,207.20910552,11.02656672
925,4837,210.84381504,15.8392368
925,4838,215.47762848,16.74010368
925,4839,220.20760632,18.37505088
925,4840,225.913188,21.7919808
925,4841,232.18542336,24.13686816
925,4842,239.39153544,27.06550848
925,4843,246.99105288,27.29813184
925,4844,254.17662144,24.3212112
925,4845,260.98314072,24.8917968
925,4846,267.57377016,22.16395872
925,4847,273.59966616,21.8029536
925,4848,279.69371544,21.9456
925,4849,285.77429256,21.86440128
925,4850,292.40451552,26.56405152
925,4851,300.0042768,27.432
925,4852,307.62028392,27.31239648
925,4853,315.20075136,27.39578976
925,4854,322.8453792,27.75789216
925,4855,330.55657536,26.50370112
925,4856,337.13358024,21.94889184
925,4857,343.20519624,21.781008
925,4858,349.20862848,21.3859872
925,4859,355.13762856,21.43097568
925,4860,361.13213016,21.70090656
925,4861,367.20158208,21.9456
925,4862,373.2967896,21.9401136
925,4863,379.42192848,23.05056096
925,4864,386.7358788,28.82993472
925,4865,394.76001312,29.0175696
925,4866,402.82361904,28.17376128
925,4867,409.99894632,24.74805312
925,4868,417.24242688,27.1192752
925,4869,424.2116484,21.55935744
925,4870,430.071276,21.89951424
925,4871,436.16916576,21.9346272
925,4872,442.2532176,21.91048704
925,4873,448.3483032,21.95218368
925,4874,454.30522296,20.3929488
925,4875,459.49389432,18.41345568
925,4876,464.9027532,19.05207264
925,4877,470.62122792,22.96497312
925,4878,477.06893664,23.32707552
925,4879,483.84308616,25.06955616
925,4880,490.8139536,25.65001728
925,4881,497.505058666667,23.9219232
933,4782,22.1714568,26.33472
933,4783,28.02730488,26.33362272
933,4784,35.2780092,25.5501648
933,4785,42.24890712,24.97848192
933,4786,48.91814448,21.49461792
933,4787,54.2815272,18.65376
933,4788,59.41737672,18.04915872
933,4789,64.32557112,17.56416096
933,4790,69.23336928,19.08938016
933,4791,75.31626288,23.49057024
933,4792,81.3326796,18.03050496
933,4793,85.98191592,17.05831488
933,4794,90.7657824,17.42261184
933,4795,95.82055512,20.48841216
933,4796,101.86894536,21.8523312
933,4797,107.81486184,19.97159328
933,4798,112.92401088,17.10330336
933,4799,117.52777104,16.14537792
933,4800,121.93603248,15.8611824
933,4801,126.41573904,16.37580672
933,4802,131.24559984,18.95660928
933,4803,136.0758264,15.1808688
933,4804,139.69017528,9.79541856
933,4805,141.64397376,5.48420544
933,4806,143.13587832,4.5372528
933,4807,143.88791136,1.72931328
933,4808,144.171924,0
933,4809,144.171924,0
933,4810,144.171924,0
933,4811,144.171924,0
933,4812,144.171924,0
933,4813,144.41448384,2.42059968
933,4814,145.33406544,3.42131904
933,4815,146.28994872,3.4728912
933,4816,147.51167856,5.94945216
933,4817,149.36361288,6.7702176
933,4818,151.24316208,6.76802304
933,4819,153.19409544,7.45272576
933,4820,155.32092888,7.67218176
933,4821,157.05085176,4.48568064
933,4822,158.39194128,5.49517824
933,4823,159.59827872,1.9312128
933,4824,160.28740104,5.82984864
933,4825,162.50101104,8.34591168
933,4826,164.81560128,8.40077568
933,4827,166.76040816,4.12796736
933,4828,167.38628448,1.8324576
933,4829,167.89338024,1.99814688
933,4830,170.55029136,16.47127008
933,4831,174.29293056,10.97389728
933,4832,177.4643136,11.9493792
933,4833,180.91202832,12.75588
933,4834,184.24958832,11.65750272
933,4835,187.63923864,12.78770112
933,4836,191.4980676,14.77158336
933,4837,195.7491132,15.91275456
933,4838,200.16661008,15.91933824
933,4839,204.4677648,14.785848
933,4840,208.85344056,17.66291616
933,4841,214.3807752,21.2433408
933,4842,220.32236352,21.643848
933,4843,226.37246064,21.8687904
933,4844,232.70791152,24.65149248
933,4845,239.88195864,26.55637056
933,4846,247.4521848,27.432
933,4847,254.98726752,26.12184768
933,4848,261.98072064,24.7765824
933,4849,268.4391888,21.31576128
933,4850,274.4257656,22.48546176
933,4851,280.61905776,22.40755488
933,4852,287.53298856,27.10391328
933,4853,295.1329632,27.43638912
933,4854,302.75317656,27.432
933,4855,310.35629064,27.27947808
933,4856,317.93020488,26.58051072
933,4857,324.87095808,24.4254528
933,4858,331.7339568,24.11601984
933,4859,338.05532592,21.93352992
933,4860,344.11892568,21.83696928
933,4861,350.25646992,22.26051936
933,4862,356.43747864,22.10141376
933,4863,362.49068472,21.75686784
933,4864,368.58043632,21.94450272
933,4865,374.90881584,24.82815456
933,4866,382.43167608,29.19971808
933,4867,390.92440992,30.71176992
933,4868,399.01937976,26.79118848
933,4869,406.09436688,25.23963456
933,4870,412.96998432,23.76818208
933,4871,419.53705272,23.5695744
933,4872,425.81471352,21.9401136
933,4873,431.97158208,22.50411552
933,4874,438.06636288,21.30039936
933,4875,443.9215404,20.88782208
933,4876,449.79140928,20.3051664
933,4877,455.26266072,23.83731072
933,4878,463.82744928,29.83284864
933,4879,469.18757064,13.18272192
933,4880,473.55367824,21.46608864
933,4881,480.93916512,28.31969952
933,4882,488.804712,28.31750496
933,4883,496.43669064,24.98616288
933,4884,499.9722792,21.5396064
945,4787,22.0227144,32.9622912
945,4788,28.71618336,31.39756992
945,4789,36.81581664,27.68108256
945,4790,44.96888136,31.32624672
945,4791,53.7630624,31.656528
945,4792,62.47762968,28.86504768
945,4793,66.96081096,10.14654816
945,4794,72.43654296,24.70196736
945,4795,79.33093608,24.68441088
945,4796,85.3938348,18.955512
945,4797,90.85618608,21.10179168
945,4798,96.76726392,21.36074976
945,4799,102.8277852,21.89841696
945,4800,108.58314072,18.65485728
945,4801,113.6038368,18.35091072
945,4802,118.48334952,16.6731696
945,4803,123.06022632,15.992856
945,4804,126.78387648,10.65349152
945,4805,129.65085576,10.33418304
945,4806,131.88388152,6.17110272
945,4807,133.40209032,3.94362432
945,4808,133.9518276,0.34454592
945,4809,134.0706996,1.57240224
945,4810,135.0026256,4.67221824
945,4811,136.30677336,4.0654224
945,4812,137.27228832,3.21064128
945,4813,137.87054976,0.70555104
945,4814,137.922,0
945,4815,137.922,0
945,4816,137.96397096,0.4882896
945,4817,138.17632512,1.4429232
945,4818,139.20484224,5.35582368
945,4819,140.7298176,5.4864
945,4820,142.2538176,5.4864
945,4821,143.7778176,5.4864
945,4822,145.29553872,5.42934144
945,4823,146.81002896,5.4864
945,4824,148.33408992,5.4864
945,4825,149.85808992,5.4864
945,4826,151.38202896,5.4864
945,4827,152.9061204,5.4864
945,4828,154.43277216,5.7991248
945,4829,156.56094672,9.8371152
945,4830,159.53548992,10.9728
945,4831,162.57873504,10.89160128
945,4832,165.60716688,10.96841088
945,4833,168.78043968,12.88974816
945,4834,172.87426944,15.91275456
945,4835,177.41944704,16.47236736
945,4836,181.9942512,16.4592
945,4837,186.54738408,15.61539168
945,4838,190.15789248,11.02327488
945,4839,193.2041856,10.9728
945,4840,196.40345784,13.02800544
945,4841,200.30715336,13.87181376
945,4842,204.16698816,13.56676992
945,4843,208.19827296,16.39446048
945,4844,213.28239792,20.18775744
945,4845,219.01138824,21.08862432
945,4846,225.00662136,21.81063456
945,4847,231.094788,21.9456
945,4848,237.31368336,23.85047808
945,4849,244.55295768,27.34312032
945,4850,252.1727748,27.17194464
945,4851,259.33804368,24.69867552
945,4852,266.11652136,23.36218848
945,4853,272.30697888,22.41413856
945,4854,279.17070912,26.95687776
945,4855,286.76830632,27.3003264
945,4856,294.44661456,27.9861264
945,4857,302.14269264,27.42980544
945,4858,309.71374176,26.31935808
945,4859,316.36097256,22.94302752
945,4860,322.97302944,23.838408
945,4861,330.12168672,27.04027104
945,4862,336.83780232,22.0114368
945,4863,342.90774192,21.8029536
945,4864,349.02020112,22.21772544
945,4865,355.20404448,22.21992
945,4866,361.28520072,21.70200384
945,4867,367.3810788,22.81684032
945,4868,374.44591608,27.3826224
945,4869,382.19204232,29.10425472
945,4870,390.58562472,30.48024384
945,4871,398.68141752,26.7681456
945,4872,405.419814,22.8014784
945,4873,411.62609064,22.09263552
945,4874,417.917376,23.45655456
945,4875,424.4588412,23.04288
945,4876,430.6924584,21.98619936
945,4877,436.78659912,21.92255712
945,4878,442.87513152,22.1979744
945,4879,449.11438752,22.21992
945,4880,455.21614824,21.90390336
945,4881,461.18751552,21.44194848
945,4882,467.70636456,28.72788768
945,4883,477.14714832,33.44399712
945,4884,484.8441408,24.9576336
945,4885,491.83070544,24.67563264
945,4886,498.013160266667,21.2213952
956,4795,66.1937208,8.4453984
956,4796,69.70056672,24.63064416
956,4797,76.81450728,22.21882272
956,4798,82.49088912,20.29529088
956,4799,88.23292488,21.02827392
956,4800,94.25379168,22.70162592
956,4801,100.52843496,21.3311232
956,4802,105.78181536,17.29532736
956,4803,110.73716232,18.20497248
956,4804,115.51773696,15.83155584
956,4805,119.4128676,11.65421088
956,4806,122.17975056,8.82981216
956,4807,124.17893376,6.16342176
956,4808,125.80537704,5.0145696
956,4809,126.66850968,1.3112496
956,4810,126.8144784,0
956,4811,126.8144784,0
956,4812,126.85617504,0.8449056
956,4813,127.44318936,2.87926272
956,4814,128.47124928,3.84486912
956,4815,129.04975968,0.33796224
956,4816,129.07706976,0.8065008
956,4817,130.10604408,5.9472576
956,4818,131.7991776,6.5343024
956,4819,133.64254704,6.18975648
956,4820,135.3180936,6.03504
956,4821,136.99543848,6.01419168
956,4822,138.62587464,6.0185808
956,4823,140.27405016,5.52590208
956,4824,141.79673952,5.4864
956,4825,143.32080048,5.4864
956,4826,144.84327648,5.4425088
956,4827,146.35273752,5.47323264
956,4828,147.87688992,5.4864
956,4829,149.40088992,5.4864
956,4830,150.924768,5.4864
956,4831,152.4475488,5.52809664
956,4832,154.19106576,7.90809696
956,4833,156.99361032,11.79576
956,4834,160.6102452,13.98593088
956,4835,164.74900248,15.60112704
956,4836,169.18801824,16.41860064
956,4837,173.7612984,16.4592
956,4838,178.3351272,16.47236736
956,4839,182.908956,16.4592
956,4840,187.32876936,14.0232384
956,4841,190.64212824,11.47645152
956,4842,193.97179392,12.7942848
956,4843,198.01920264,16.05101184
956,4844,202.56864744,16.41091968
956,4845,207.1553388,17.33482944
956,4846,212.70190632,21.93133536
956,4847,218.79598608,21.88305504
956,4848,224.85303264,21.82160736
956,4849,231.19211064,24.1566192
956,4850,238.03029864,24.59333664
956,4851,244.9299648,25.30217952
956,4852,252.01019448,25.4678688
956,4853,259.16577072,26.42140512
956,4854,266.6353824,26.90640288
956,4855,273.91653624,26.23157568
956,4856,281.55811608,27.98064
956,4857,289.20926664,27.3003264
956,4858,296.80811352,27.43638912
956,4859,304.40778336,26.55746784
956,4860,311.03870736,21.84794208
956,4861,317.11248744,21.94230816
956,4862,323.33577192,23.372064
956,4863,330.00315,23.96240064
956,4864,336.37493304,22.01363136
956,4865,342.45099912,21.80734272
956,4866,348.62865504,22.9166928
956,4867,355.07215752,23.13175968
956,4868,361.45381608,24.22026144
956,4869,368.810286,27.43858368
956,4870,376.4296764,27.44407008
956,4871,384.255264,29.20191264
956,4872,392.4464592,29.01647232
956,4873,400.1324484,27.03917376
956,4874,407.42076504,24.54834816
956,4875,413.95323864,22.95729216
956,4876,420.27930168,22.49533728
956,4877,426.35902536,21.39037632
956,4878,432.30323496,21.39476544
956,4879,438.15329184,20.44891008
956,4880,443.8607328,21.48254784
956,4881,449.9347872,20.62447488
956,4882,455.18060856,18.65266272
956,4883,460.66499688,21.2159088
956,4884,466.9595436,24.69757824
956,4885,474.407484,27.6404832
956,4886,481.70905944,23.50154304
956,4887,487.72172712,21.80185632
956,4888,493.9364772,21.67018272
956,4889,498.62232,17.5172914285714
973,4798,31.9726818,25.2278388
973,4799,37.93382304,22.97045952
973,4800,45.0489828,28.1891232
973,4801,52.21690344,23.0099616
973,4802,58.3922124,22.2638112
973,4803,64.85004048,23.97666528
973,4804,71.51235888,23.98324896
973,4805,77.81565336,17.62670592
973,4806,82.35702096,22.27917312
973,4807,89.69370936,26.526744
973,4808,95.63194488,15.91933824
973,4809,99.46169592,12.33232992
973,4810,102.7867896,12.24893664
973,4811,106.33655136,12.43437696
973,4812,109.43368512,9.32468544
973,4813,111.62236248,6.85690272
973,4814,113.25776688,5.4864
973,4815,114.78164496,5.4864
973,4816,116.30701656,5.58625248
973,4817,117.65505552,2.5840944
973,4818,117.821964,0
973,4819,117.821964,0
973,4820,117.821964,0
973,4821,117.821964,0
973,4822,117.821964,0
973,4823,117.86103936,0.66604896
973,4824,118.48496496,3.33243936
973,4825,119.13623112,0.89318592
973,4826,119.5498752,4.06981152
973,4827,121.2681852,6.71974272
973,4828,123.1349328,6.71974272
973,4829,125.0016804,6.71754816
973,4830,127.0165608,8.38651104
973,4831,129.70541496,10.54047168
973,4832,132.78224904,11.32063776
973,4833,135.82302528,10.69957728
973,4834,138.7428264,10.3857552
973,4835,141.41375832,8.63998272
973,4836,143.89525704,9.98634528
973,4837,146.89921344,11.53131552
973,4838,150.59274936,14.868144
973,4839,154.73531664,14.82315552
973,4840,158.80259832,14.80450176
973,4841,162.99594528,15.03602784
973,4842,167.18770728,15.21268992
973,4843,171.5847216,16.62269472
973,4844,175.89514224,14.40399456
973,4845,180.17112048,16.20024192
973,4846,184.73894472,16.46029728
973,4847,189.31716264,16.47895104
973,4848,193.77394824,14.01665472
973,4849,197.67877152,17.04843936
973,4850,203.03209584,20.7331056
973,4851,209.07469488,22.47339168
973,4852,215.44175352,23.097744
973,4853,221.84682072,22.95948672
973,4854,228.31025712,23.46643008
973,4855,234.78055152,23.87022912
973,4856,241.73081448,25.54577568
973,4857,248.86590816,26.47407456
973,4858,256.41181128,27.25424064
973,4859,264.02227104,27.75350304
973,4860,271.787112,27.86871744
973,4861,279.45301488,27.41334624
973,4862,287.07240528,27.37274688
973,4863,294.66027936,27.23339232
973,4864,301.80543144,23.44997088
973,4865,307.9929324,21.87208224
973,4866,314.04964368,21.87208224
973,4867,320.1543,22.43827872
973,4868,326.81530776,25.127712
973,4869,333.66858336,23.38523136
973,4870,339.85011024,21.84245568
973,4871,345.93913032,22.47887808
973,4872,352.38976512,23.56518528
973,4873,358.8222948,22.28136768
973,4874,364.89948864,21.94340544
973,4875,370.99567152,21.94450272
973,4876,377.32353288,24.96750912
973,4877,384.80082552,27.5801328
973,4878,392.46188208,27.30142368
973,4879,399.44076576,22.96277856
973,4880,405.6350028,21.40354368
973,4881,411.22902768,19.15960608
973,4882,416.30705664,17.55648
973,4883,421.3190964,18.64717632
973,4884,426.55717584,19.2462912
973,4885,432.02099016,20.07144576
973,4886,437.8217304,21.63068064
973,4887,443.90334384,21.94340544
973,4888,449.9995572,21.9456
973,4889,456.09595344,21.94669728
973,4890,462.08469432,21.26199456
973,4891,468.2165388,24.82596
973,4892,475.9419996,28.7706816
973,4893,483.83406408,26.54210592
973,4894,490.13278656,20.50487136
973,4895,495.77423832,19.8882
973,4896,499.3434768,19.147536
975,4867,339.6097602,41.6472624
975,4868,348.93507048,34.25269248
975,4869,357.76689432,28.89247968
975,4870,365.5792536,28.84968576
975,4871,373.52032992,27.92358144
982,4877,403.958044,29.7618912
982,4878,408.93162816,26.67158496
982,4879,416.02795128,25.40093472
982,4880,423.06368016,23.31390816
982,4881,429.82813704,28.4030928
982,4882,438.11470416,30.17958912
982,4883,447.35642304,36.84885696
982,4884,455.0680764,11.23724448
982,4885,457.1056644,12.95668224
982,4886,462.332832,22.15737504
982,4887,468.814404,23.65077312
982,4888,475.50305712,24.29707104
982,4889,482.24169744,23.52239136
982,4890,488.37000624,22.22101728
982,4891,494.45506392,18.81944928
982,4892,498.4578042,15.0450804
987,4800,20.1266298,22.2967296
987,4801,24.6653304,23.2787952
987,4802,30.8004972,20.62776672
987,4803,36.6526572,21.6767664
987,4804,42.17676096,16.73461728
987,4805,46.28900064,14.71342752
987,4806,51.23983656,20.76163488
987,4807,57.08830848,21.0568032
987,4808,62.93318376,20.59265376
987,4809,67.56815544,14.4237456
987,4810,72.21723936,17.82092448
987,4811,76.55704272,12.90181824
987,4812,80.09537448,13.03897824
987,4813,83.69649504,12.9588768
987,4814,87.29657928,12.96546048
987,4815,90.4484856,8.09573184
987,4816,92.10891408,5.4864
987,4817,93.61267536,5.32948896
987,4818,94.91374464,3.27099168
987,4819,95.54949648,2.084832
987,4820,96.12861648,2.084832
987,4821,96.70776696,2.084832
987,4822,97.28685648,2.08702656
987,4823,97.76834904,0.99523296
987,4824,97.9105992,0.41038272
987,4825,98.02486872,0.41038272
987,4826,98.13916872,0.40709088
987,4827,98.61410808,4.37046624
987,4828,100.31016768,6.4958976
987,4829,102.11369976,6.48273024
987,4830,103.90421688,6.45420096
987,4831,105.70628592,6.49480032
987,4832,107.50960464,6.48821664
987,4833,109.68797976,10.5997248
987,4834,113.13182352,12.80306304
987,4835,116.70993168,13.00605984
987,4836,119.7798468,7.57562112
987,4837,121.53909144,7.17291936
987,4838,124.06003128,10.6655616
987,4839,127.16932656,12.22808832
987,4840,131.20929816,16.2068256
987,4841,135.67184448,15.30486144
987,4842,139.83300456,15.72841152
987,4843,144.38214456,16.40543328
987,4844,148.94368992,16.46139456
987,4845,153.25249512,14.48848512
987,4846,157.19136456,14.57955936
987,4847,161.59069536,16.40104416
987,4848,166.14142032,16.43944896
987,4849,170.71311552,16.58648448
987,4850,175.7429556,20.35564128
987,4851,181.75172184,22.04764704
987,4852,187.86646704,21.97522656
987,4853,193.9631376,21.67896096
987,4854,199.66048968,19.4931792
987,4855,205.05365136,19.51841664
987,4856,211.2000348,25.53480288
987,4857,218.58783816,26.70669792
987,4858,226.00054368,27.05234112
987,4859,233.612436,27.432
987,4860,241.21603776,27.3332448
987,4861,248.825004,27.43090272
987,4862,256.47591072,27.88407936
987,4863,264.28452096,27.870912
987,4864,271.87846056,27.15987456
987,4865,279.44862576,26.74839456
987,4866,286.34487816,22.85853696
987,4867,292.47227256,21.863304
987,4868,298.56595608,21.9456
987,4869,304.662078,21.9456
987,4870,310.73707728,21.79307808
987,4871,316.81204608,21.94340544
987,4872,323.11747416,24.68221632
987,4873,330.45660096,26.9327376
987,4874,337.67917224,24.32779488
987,4875,344.1129516,22.9935024
987,4876,350.7841092,24.74476128
987,4877,357.53902584,24.12040896
987,4878,364.6252296,26.20524096
987,4879,371.32705008,22.25942208
987,4880,377.42551896,21.9510864
987,4881,383.60789928,22.69284768
987,4882,389.96407656,22.878288
987,4883,395.89822776,18.59011776
987,4884,400.5846192,16.4592
987,4885,405.20185152,17.00893728
987,4886,409.93097592,17.41493088
987,4887,414.9397848,18.159984
987,4888,420.35473968,21.26418912
987,4889,426.43141536,21.94340544
987,4890,432.6035544,22.49862912
987,4891,438.77051184,21.89951424
987,4892,444.77961336,21.0787488
987,4893,450.43813392,19.81577952
987,4894,456.6655332,25.67964384
987,4895,463.9504056,26.25571584
987,4896,471.26106408,26.01431424
987,4897,477.55734816,18.8238384
987,4898,482.70953496,19.60729632
987,4899,488.23818024,19.4822064
987,4900,493.7222028,20.26785888
987,4901,498.367899085714,18.4233312
1005,4803,20.5832964,21.451824
1005,4804,23.98833912,20.28541536
1005,4805,29.41600416,19.17825984
1005,4806,34.65859464,18.76019616
1005,4807,39.8765268,18.79421184
1005,4808,45.09924432,18.80628192
1005,4809,50.29227432,18.4123584
1005,4810,55.3405548,18.10512
1005,4811,60.36972432,18.10950912
1005,4812,64.73534424,11.2032288
1005,4813,67.1864544,8.55439488
1005,4814,69.56182176,8.5478112
1005,4815,71.93728056,8.5478112
1005,4816,74.31286128,8.55000576
1005,4817,76.68825912,8.58841056
1005,4818,79.106268,8.68277664
1005,4819,81.27699264,5.80790304
1005,4820,82.4077092,3.56616
1005,4821,83.3983092,3.56616
1005,4822,84.3889092,3.56616
1005,4823,85.3795092,3.56616
1005,4824,86.37007872,3.56616
1005,4825,87.3607092,3.56616
1005,4826,88.35127872,3.56616
1005,4827,89.3419092,3.56616
1005,4828,90.33244824,3.56506272
1005,4829,91.44588264,5.1901344
1005,4830,93.16443648,6.35434848
1005,4831,94.93520256,6.50796768
1005,4832,96.74516592,6.5178432
1005,4833,98.55512928,6.5178432
1005,4834,100.3648488,6.5178432
1005,4835,102.17462928,6.50467584
1005,4836,103.97020608,6.47285472
1005,4837,105.84984672,7.45930944
1005,4838,108.088176,8.2296
1005,4839,110.37426744,8.22630816
1005,4840,112.91282472,11.04631776
1005,4841,116.31652632,12.5583696
1005,4842,119.75921184,12.4980192
1005,4843,123.5089224,14.81218272
1005,4844,127.84473288,15.71634144
1005,4845,132.40563816,17.14061088
1005,4846,137.07246144,16.4592
1005,4847,141.64437,16.4592
1005,4848,146.20521432,16.40214144
1005,4849,150.772368,16.4592
1005,4850,155.34366696,16.36483392
1005,4851,159.90213384,16.55356608
1005,4852,164.47142112,16.37361216
1005,4853,169.03604496,16.4592
1005,4854,173.67028512,17.86262112
1005,4855,179.32429464,21.92475168
1005,4856,185.42379984,21.96864288
1005,4857,191.52784656,21.95218368
1005,4858,197.6225664,22.0333824
1005,4859,203.77117488,22.165056
1005,4860,210.04554384,23.39181504
1005,4861,216.673938,23.95691424
1005,4862,222.96939912,20.01877632
1005,4863,228.62029968,24.01068096
1005,4864,236.0476356,27.40895712
1005,4865,243.64236768,27.35628768
1005,4866,251.25986832,27.42212448
1005,4867,258.81080064,26.99967168
1005,4868,266.31936576,26.9766288
1005,4869,273.8318628,27.2893536
1005,4870,281.45058264,27.40566528
1005,4871,289.03821288,27.33105024
1005,4872,296.6548296,27.432
1005,4873,304.2748296,27.432
1005,4874,311.86889112,27.27618624
1005,4875,319.47861936,27.78751872
1005,4876,327.50412528,29.69020224
1005,4877,335.53048464,27.78971328
1005,4878,343.13280624,27.130248
1005,4879,350.43919752,25.53699744
1005,4880,357.40698648,24.08310144
1005,4881,363.79132728,22.43498688
1005,4882,369.9474948,21.9456
1005,4883,376.04352528,21.94889184
1005,4884,382.0372344,20.8044288
1005,4885,387.69136584,20.2887072
1005,4886,393.08458848,17.53672896
1005,4887,397.1400744,12.26100672
1005,4888,400.51408848,13.57445088
1005,4889,404.85660456,16.87836096
1005,4890,409.5661608,16.59197088
1005,4891,414.44942256,19.5754752
1005,4892,420.36345696,22.16725056
1005,4893,426.42659952,21.67786368
1005,4894,432.63824064,23.00666976
1005,4895,438.94238856,22.48985088
1005,4896,445.27826616,22.49314272
1005,4897,451.35174144,20.76931584
1005,4898,456.89513904,19.78286112
1005,4899,462.25013976,18.83920032
1005,4900,467.3059488,18.58133952
1005,4901,472.84757856,20.38417056
1005,4902,478.45275912,19.43721792
1005,4903,483.61344984,18.818352
1005,4904,488.861862,18.626328
1005,4905,494.15803632,19.1530224
1005,4906,498.555394628571,18.0047972571429
1016,4808,21.9742512,16.68085056
1016,4809,26.57194584,16.64464032
1016,4810,31.19381112,16.62050016
1016,4811,35.73801336,15.7020768
1016,4812,39.93770016,14.94605088
1016,4813,44.09194128,14.96470464
1016,4814,48.24807216,14.95373184
1016,4815,51.93511584,9.47281824
1016,4816,53.76330624,5.8046112
1016,4817,55.3743876,5.80131936
1016,4818,56.98546896,5.80351392
1016,4819,58.5965808,5.80351392
1016,4820,60.20766216,5.80131936
1016,4821,61.81874352,5.80351392
1016,4822,63.4313184,5.80570848
1016,4823,65.03983944,5.66525664
1016,4824,66.4980636,4.9432464
1016,4825,67.8695112,4.93776
1016,4826,69.19834776,3.93265152
1016,4827,70.34802288,5.48969184
1016,4828,72.00217248,5.97578688
1016,4829,73.66165608,5.9746896
1016,4830,75.32117016,5.97249504
1016,4831,76.98037944,5.98346784
1016,4832,78.67701816,6.12940608
1016,4833,80.34537144,5.97578688
1016,4834,81.99095616,5.55004224
1016,4835,83.44777824,5.37447744
1016,4836,84.97196112,5.4864
1016,4837,86.49596112,5.4864
1016,4838,88.0198392,5.4864
1016,4839,89.54441832,5.48749728
1016,4840,90.97554576,5.70256416
1016,4841,93.35228472,10.56351456
1016,4842,96.32359704,10.78845696
1016,4843,99.30889968,10.47024576
1016,4844,102.21992256,10.80711072
1016,4845,105.28520472,11.47425696
1016,4846,108.72849984,13.75330752
1016,4847,112.9572036,16.19146368
1016,4848,117.55812912,16.66000224
1016,4849,122.1518004,16.58867904
1016,4850,126.89384832,16.63257024
1016,4851,131.4453048,17.19547488
1016,4852,136.15748232,16.46029728
1016,4853,140.62179648,15.90946272
1016,4854,145.06745688,15.444216
1016,4855,149.07612552,13.44168
1016,4856,153.06245232,16.04991456
1016,4857,157.63518384,16.92664128
1016,4858,163.02993048,21.66908544
1016,4859,169.11447,21.81282912
1016,4860,174.6927672,18.269712
1016,4861,179.9944584,20.82747168
1016,4862,186.03504576,21.973032
1016,4863,192.207642,22.89145536
1016,4864,198.76093344,23.83511616
1016,4865,205.435962,25.3965456
1016,4866,213.29364504,30.00951072
1016,4867,221.210361066667,30.0057312
1026,4805,20.266152,18.4672224
1026,4806,23.20097976,18.69655392
1026,4807,28.13492976,15.18306336
1026,4808,32.04008832,15.90397632
1026,4809,36.7658904,17.06160672
1026,4810,41.66491032,17.74740672
1026,4811,46.59730584,17.75728224
1026,4812,51.32597304,15.12271296
1026,4813,55.06620432,12.9808224
1026,4814,58.67305512,12.98301696
1026,4815,62.06456472,10.17068832
1026,4816,64.3946388,7.8674976
1026,4817,66.57892704,7.87078944
1026,4818,68.4265332,4.90374432
1026,4819,69.7972188,5.48969184
1026,4820,71.32094448,5.49078912
1026,4821,72.72424368,5.1517296
1026,4822,74.61147384,7.8894432
1026,4823,76.80140088,7.92565344
1026,4824,78.83472168,5.3876448
1026,4825,79.83699552,3.10969152
1026,4826,80.70079872,3.10749696
1026,4827,81.56460192,3.1053024
1026,4828,82.42822224,3.10639968
1026,4829,83.2917816,3.10639968
1026,4830,84.15540192,3.10859424
1026,4831,85.01899176,3.1053024
1026,4832,85.8825816,3.1053024
1026,4833,86.929722,5.52151296
1026,4834,88.88964696,7.49661696
1026,4835,90.97219296,7.4944224
1026,4836,93.03008064,7.13012544
1026,4837,94.98189792,7.12244448
1026,4838,96.96331128,7.13232
1026,4839,98.9903532,7.735824
1026,4840,101.24584272,8.2296
1026,4841,103.5213576,8.17802784
1026,4842,105.68830272,7.53392448
1026,4843,107.95275336,9.01196064
1026,4844,110.746032,11.10666816
1026,4845,114.07728264,13.06970208
1026,4846,118.00463064,15.1205184
1026,4847,122.35141392,15.91165728
1026,4848,126.83514384,15.75584352
1026,4849,131.2749216,16.79716224
1026,4850,135.73728504,15.06675168
1026,4851,140.10476424,16.51296672
1026,4852,144.68752368,16.40762784
1026,4853,149.11358544,15.31034784
1026,4854,153.2080248,14.85607392
1026,4855,157.63048992,16.45810272
1026,4856,162.35153712,18.29275488
1026,4857,167.92081224,21.25870272
1026,4858,173.74611936,20.47414752
1026,4859,179.55347376,21.36843072
1026,4860,185.5765656,21.97742112
1026,4861,191.58883704,21.39805728
1026,4862,197.62387704,21.94340544
1026,4863,203.70847752,21.8962224
1026,4864,209.9979036,24.51981888
1026,4865,217.2649452,26.76156192
1026,4866,224.78109984,27.2893536
1026,4867,232.3892736,27.432
1026,4868,239.99827032,27.35628768
1026,4869,247.39500432,25.4733552
1026,4870,254.33078928,24.7930416
1026,4871,261.33829368,25.91336448
1026,4872,268.58567568,25.9342128
1026,4873,275.3831424,22.65663744
1026,4874,281.617674,22.45254336
1026,4875,287.74211184,21.95437824
1026,4876,294.2956776,26.15696064
1026,4877,301.50706272,25.11344736
1026,4878,308.8381428,27.28825632
1026,4879,316.421262,27.41883264
1026,4880,324.35240184,30.422088
1026,4881,332.93450304,29.62656
1026,4882,340.70870136,27.28057536
1026,4883,348.27136848,27.15877728
1026,4884,355.79660616,27.10720512
1026,4885,363.14152416,24.77219328
1026,4886,369.49072152,21.93791904
1026,4887,375.58681296,21.9456
1026,4888,381.67507104,21.84245568
1026,4889,387.7404996,21.85342848
1026,4890,393.70732536,19.93318848
1026,4891,398.47717104,16.3659312
1026,4892,403.89822192,23.75940384
1026,4893,410.01808776,17.3315376
1026,4894,415.03220016,20.77041312
1026,4895,421.03895472,20.71006272
1026,4896,426.36289632,19.33297632
1026,4897,432.39601608,23.74075008
1026,4898,438.87944736,21.43207296
1026,4899,444.09396576,17.529048
1026,4900,449.31107496,19.25068032
1026,4901,454.24155024,17.83409184
1026,4902,459.90598392,21.77442432
1026,4903,465.95291112,21.76784064
1026,4904,470.47056528,10.9508544
1026,4905,475.78673448,27.02710368
1026,4906,483.29356224,26.19317088
1026,4907,489.50078376,19.27811232
1026,4908,494.30997912,14.98226112
1026,4909,498.346127657143,21.3875547428571
1036,4811,20.6114396,15.7569408
1036,4812,24.0848388,17.3041056
1036,4813,28.70237592,13.19259744
1036,4814,31.9626996,11.50059168
1036,4815,35.06306424,10.96402176
1036,4816,38.11228344,10.9343952
1036,4817,40.96127952,9.86893632
1036,4818,43.56393624,8.42491584
1036,4819,45.6482196,7.04344032
1036,4820,47.63603376,6.81630336
1036,4821,49.44212616,6.03284544
1036,4822,50.94881352,4.93666272
1036,4823,52.37966664,5.79473568
1036,4824,54.09761088,6.36532128
1036,4825,55.86691392,6.3861696
1036,4826,57.651396,6.44871456
1036,4827,59.44221792,6.44652
1036,4828,61.23273504,6.44322816
1036,4829,62.91120768,4.47361056
1036,4830,63.92847768,4.20697152
1036,4831,65.1491712,4.38912
1036,4832,66.3683712,4.38912
1036,4833,67.51210272,3.18979296
1036,4834,68.54851416,5.14514592
1036,4835,70.03554192,5.34814272
1036,4836,71.52144192,5.34704544
1036,4837,72.93690264,4.31011584
1036,4838,74.3809536,6.8195952
1036,4839,76.3296924,7.0116192
1036,4840,78.30354672,7.17182208
1036,4841,80.26825704,7.27277184
1036,4842,82.3850016,7.5822048
1036,4843,84.62256888,8.46441792
1036,4844,87.01076832,9.45635904
1036,4845,89.92493064,10.97938368
1036,4846,92.95848312,10.80491616
1036,4847,96.24992688,13.98593088
1036,4848,100.51578576,15.90178176
1036,4849,105.0290508,16.41750336
1036,4850,109.59879528,16.36483392
1036,4851,114.1568964,16.60074912
1036,4852,118.79479416,16.61611104
1036,4853,123.3720672,16.4592
1036,4854,127.84643976,15.745968
1036,4855,132.40871664,17.11537344
1036,4856,137.071608,16.4592
1036,4857,141.643608,16.4592
1036,4858,146.20494,16.404336
1036,4859,150.80388432,17.41163904
1036,4860,156.33411456,21.81721824
1036,4861,162.42401856,21.86220672
1036,4862,168.50358984,21.9456
1036,4863,174.59958984,21.94889184
1036,4864,180.6990036,21.95547552
1036,4865,186.79792968,21.97412928
1036,4866,192.8996904,21.9456
1036,4867,198.99535512,21.92145984
1036,4868,205.077822,21.91597344
1036,4869,211.49785488,25.06845888
1036,4870,218.75803848,26.73632448
1036,4871,226.29876,27.32446656
1036,4872,233.9151024,27.432
1036,4873,241.51812504,27.33214752
1036,4874,249.12745704,27.42870816
1036,4875,256.8570936,28.78494624
1036,4876,264.9890052,28.59950592
1036,4877,272.62839048,27.16755552
1036,4878,280.23330288,27.432
1036,4879,287.839404,27.30142368
1036,4880,295.43800704,27.43638912
1036,4881,303.05794608,27.432
1036,4882,310.6570368,27.28057536
1036,4883,318.25560936,27.68327712
1036,4884,326.69671008,33.36170112
1036,4885,335.93282064,31.35367872
1036,4886,343.89133152,27.10391328
1036,4887,351.29086968,26.27107776
1036,4888,358.34189952,23.3391456
1036,4889,364.46655072,21.93243264
1036,4890,370.56294696,21.9456
1036,4891,376.65912984,21.94669728
1036,4892,382.6792956,21.2159088
1036,4893,388.53112032,21.06448416
1036,4894,394.2053076,19.12997952
1036,4895,399.6173364,21.32344224
1036,4896,406.37347224,26.96455872
1036,4897,413.99313696,27.486864
1036,4898,421.45570776,24.9686064
1036,4899,427.80106464,22.15518048
1036,4900,433.71192912,19.7345808
1036,4901,439.04577672,19.394424
1036,4902,444.23984304,17.8637184
1036,4903,449.33960424,19.29786336
1036,4904,455.81797584,24.12479808
1036,4905,461.39636448,18.5220864
1036,4906,466.42855152,18.08646624
1036,4907,471.7820892,20.22945408
1036,4908,477.38473992,20.14935264
1036,4909,483.13540152,21.33551232
1036,4910,488.74427016,18.51001632
1036,4911,494.03194056,20.40611616
1036,4912,498.794923885714,18.5738153142857
1044,4882,294.4565104,33.3792576
1044,4883,303.83128464,37.36457856
1044,4884,313.729878,32.86792512
1044,4885,322.59510792,32.20077888
1044,4886,331.743558,33.16857984
1044,4887,340.76941752,29.57389056
1044,4888,347.5439328,21.15775296
1044,4889,353.322636,20.68153344
1044,4890,358.66474368,18.50233536
1044,4891,364.2736428,21.23127072
1044,4892,368.9955028,21.2378544
1049,4828,31.7766192,11.7079776
1049,4829,33.5735676,11.74418784
1049,4830,36.84553464,11.61031968
1049,4831,39.77463216,9.58144896
1049,4832,42.41517552,9.5134176
1049,4833,45.05785248,9.27859968
1049,4834,47.31117792,7.15097376
1049,4835,49.29054912,7.13232
1049,4836,51.27181008,7.13232
1049,4837,53.25291864,7.13232
1049,4838,55.23414912,7.13232
1049,4839,57.21528816,7.13232
1049,4840,59.19654912,7.13341728
1049,4841,61.1351076,6.65610048
1049,4842,62.9261124,6.40592064
1049,4843,64.70471184,6.39275328
1049,4844,66.65323728,8.3064096
1049,4845,69.19526928,9.32688
1049,4846,71.7860388,9.32029632
1049,4847,74.64436176,12.30489792
1049,4848,78.45771456,14.07371328
1049,4849,82.33778808,13.89814848
1049,4850,86.01452952,13.20686208
1049,4851,90.07367304,15.3838656
1049,4852,94.31621472,15.21049536
1049,4853,98.66705184,16.4427408
1049,4854,103.35728376,16.95407328
1049,4855,108.07470384,17.00125632
1049,4856,113.13746232,20.87246016
1049,4857,119.47891776,23.31390816
1049,4858,124.862082,13.49983584
1049,4859,127.29578808,9.08218656
1049,4860,131.9675796,21.69542016
1049,4861,137.95558896,21.53192544
1049,4862,144.14750952,22.71479328
1049,4863,150.3788712,21.0293712
1049,4864,155.71466952,18.5934096
1049,4865,160.90370664,18.95660928
1049,4866,166.45304784,20.79565056
1049,4867,172.2426324,20.76273216
1049,4868,177.9378204,20.31394464
1049,4869,183.57110352,20.20860576
1049,4870,189.39110712,21.84903936
1049,4871,195.59787144,23.72648544
1049,4872,202.6590816,26.41921056
1049,4873,210.18279528,27.43309728
1049,4874,217.80294768,27.42322176
1049,4875,225.42587376,27.64487232
1049,4876,233.11866,26.72535168
1049,4877,239.982756,24.3651024
1049,4878,247.1527188,26.88336
1049,4879,254.74236072,27.24217056
1049,4880,262.32502272,27.432
1049,4881,269.96581008,28.01136384
1049,4882,277.96543848,28.71910944
1049,4883,285.6931548,27.30252096
1049,4884,293.28837456,27.43529184
1049,4885,300.90880128,27.43529184
1049,4886,308.60494032,28.99123488
1049,4887,317.08005672,30.1258224
1049,4888,325.38094944,31.12544448
1049,4889,334.0240716,29.41149312
1049,4890,341.75023344,27.27399168
1049,4891,349.26565656,26.77143744
1049,4892,356.690676,26.87019264
1049,4893,364.08917784,26.00773056
1049,4894,370.95147552,23.51690496
1049,4895,377.5879164,24.24001248
1049,4896,384.54454968,26.44773984
1049,4897,391.99041744,26.71657344
1049,4898,399.20344848,25.429464
1049,4899,406.46701536,26.65402848
1049,4900,413.9584812,27.17852832
1049,4901,421.30794072,25.24182912
1049,4902,428.04807456,24.28061184
1049,4903,434.77851576,23.72099904
1049,4904,441.1655388,22.1705424
1049,4905,447.2610816,21.9456
1049,4906,453.2607648,20.23164864
1049,4907,458.68096224,20.23055136
1049,4908,464.39260944,20.07802944
1049,4909,470.1581148,22.00704768
1049,4910,476.30855208,21.88963872
1049,4911,481.9105932,18.65814912
1049,4912,486.993438,17.2108368
1049,4913,491.56312152,17.7320448
1049,4914,496.5484608,14.86924128
1049,4915,499.11036576,10.588752
1060,4831,20.9512069333333,8.2296
1060,4832,23.1276144,8.2296
1060,4833,25.41388872,8.2241136
1060,4834,27.61713552,7.53611904
1060,4835,29.67709584,7.40664
1060,4836,31.73449584,7.40444544
1060,4837,33.78537312,7.36604064
1060,4838,35.6698296,5.97139776
1060,4839,37.26015408,5.705856
1060,4840,38.845236,5.705856
1060,4841,40.430196,5.705856
1060,4842,42.01445496,5.71902336
1060,4843,43.8166764,7.53502176
1060,4844,45.99877008,7.87517856
1060,4845,48.18220488,7.88615136
1060,4846,50.69787168,10.643616
1060,4847,53.78644056,11.15824032
1060,4848,56.8842144,11.17799136
1060,4849,60.2958408,13.78073952
1060,4850,64.2498588,14.26793184
1060,4851,68.21387424,14.19112224
1060,4852,72.46903464,18.15010848
1060,4853,78.11207136,20.86039008
1060,4854,83.88470904,20.6672688
1060,4855,89.24287968,17.42809824
1060,4856,93.90199152,16.63805664
1060,4857,98.55089256,16.81910784
1060,4858,103.15187904,16.22547936
1060,4859,107.64021144,16.20902016
1060,4860,112.53209904,19.50195744
1060,4861,118.15020312,20.3325984
1060,4862,123.75492648,20.12192064
1060,4863,129.33514392,20.80772064
1060,4864,135.38929488,21.72833856
1060,4865,141.33710112,21.39586272
1060,4866,147.29591064,21.57581664
1060,4867,153.31247976,21.66250176
1060,4868,159.19423584,20.51474688
1060,4869,164.81971608,20.23164864
1060,4870,170.75481216,22.8453696
1060,4871,177.22294248,23.34353472
1060,4872,183.92342184,25.17489504
1060,4873,191.01166776,25.52712192
1060,4874,197.9337672,24.11163072
1060,4875,204.55515096,23.85596448
1060,4876,211.52553072,26.68914144
1064,4816,20.1155808,12.3773184
1064,4817,22.10315112,12.3553728
1064,4818,25.44921504,13.0905504
1064,4819,29.71806096,16.46578368
1064,4820,33.3728568,16.4189664
1068,4882,224.5816692,41.6308032
1068,4883,235.58046864,44.357544
1068,4884,247.331484,38.70545472
1068,4885,257.74692672,37.828728
1068,4886,264.5477056,36.1956096
1072,4861,110.622588,14.2756128
1072,4862,112.80294432,14.22733248
1072,4863,116.95581384,16.14537792
1072,4864,121.5438768,16.4592
1072,4865,126.09822888,15.91933824
1072,4866,130.51938336,17.1943776
1072,4867,135.47037168,17.4961296
1072,4868,140.81062008,21.47486688
1072,4869,146.89092288,21.88963872
1072,4870,152.98225944,21.9456
1072,4871,159.07835088,21.94121088
1072,4872,165.15517896,21.86440128
1072,4873,171.24648504,21.9456
1072,4874,177.34355184,21.95876736
1072,4875,183.44226456,21.94669728
1072,4876,189.54436056,21.9675456
1072,4877,195.86847288,23.96349792
1072,4878,202.6314972,24.38046432
1072,4879,209.6149224,26.13940416
1072,4880,216.94697784,26.38300032
1072,4881,220.9885344,25.4678688
1075,4831,14.2445232,7.68096
1075,4832,15.73801272,7.68096
1075,4833,17.8716432,7.68096
1075,4834,20.01460056,7.82141184
1075,4835,22.20312552,7.8674976
1075,4836,24.3875052,7.8674976
1075,4837,26.54375184,7.27386912
1075,4838,28.35685464,6.16890816
1075,4839,30.07138512,6.17439456
1075,4840,31.78582416,6.1722
1075,4841,33.4673448,5.93189568
1075,4842,35.26225104,6.99625728
1075,4843,37.20580824,6.99296544
1075,4844,39.1488168,6.99296544
1075,4845,41.15952144,7.64913888
1075,4846,43.33667736,7.86859488
1075,4847,45.52511088,7.88285952
1075,4848,47.7104964,7.8674976
1075,4849,49.8948456,7.8674976
1075,4850,52.07870712,7.86420576
1075,4851,54.69075168,11.94608736
1075,4852,58.33710456,13.30452
1075,4853,62.0332008,13.30890912
1075,4854,65.73039432,13.2990336
1075,4855,69.98384784,19.80919584
1075,4856,76.4432304,24.32998944
1075,4857,83.19650112,24.1182144
1075,4858,89.13866856,17.83957824
1075,4859,93.66187008,14.76609696
1075,4860,97.48732344,14.06932416
1075,4861,101.45332008,13.84438176
1075,4862,105.01070184,12.12165216
1075,4863,108.62038728,14.3688816
1075,4864,113.11606536,17.41054176
1075,4865,117.994938,17.09781696
1075,4866,122.33858184,14.94385632
1075,4867,126.68627952,15.78108096
1075,4868,131.24755056,17.58281472
1075,4869,136.164066,18.42003936
1075,4870,141.78180432,21.38159808
1075,4871,147.61878528,20.80113696
1075,4872,153.59198136,21.94779456
1075,4873,159.68798136,21.92584896
1075,4874,165.7615176,21.87537408
1075,4875,171.85562784,21.9456
1075,4876,177.84543552,21.41012736
1075,4877,183.89870256,21.94669728
1075,4878,190.0018044,21.97632384
1075,4879,196.09951128,21.9456
1075,4880,202.18776936,22.02899328
1075,4881,208.50160992,24.13906272
1075,4882,215.72972856,27.04027104
1075,4883,223.26529896,27.12037248
1075,4884,230.72707728,27.01832544
1075,4885,238.32671664,27.33434208
1075,4886,245.92342992,27.4265136
1075,4887,253.5376692,27.33982848
1075,4888,261.32832672,29.00879136
1075,4889,269.7170628,31.77064512
1075,4890,278.73828936,32.37085728
1075,4891,287.5832196,31.1517792
1075,4892,296.28422328,31.02778656
1075,4893,304.65686592,30.10607136
1075,4894,312.62930616,27.3167856
1075,4895,320.28758904,28.84419936
1075,4896,329.03364216,32.88109248
1075,4897,337.51208088,27.91590048
1075,4898,345.1130004,27.49673952
1075,4899,352.8825048,28.21326336
1075,4900,360.6091848,27.32117472
1075,4901,368.199162,27.432
1075,4902,375.81910104,27.42980544
1075,4903,383.57208528,28.75202784
1075,4904,391.67260248,29.0395152
1075,4905,399.46197984,26.93493216
1075,4906,406.8773676,25.70158944
1075,4907,413.67129864,24.6284496
1075,4908,420.4115544,22.9660704
1075,4909,426.460158,21.12044544
1075,4910,432.35142384,21.62629152
1075,4911,438.50134296,21.98839392
1075,4912,444.51279144,21.2598
1075,4913,450.2057544,19.47781728
1075,4914,455.40774552,18.61206336
1075,4915,460.51860144,17.19108576
1075,4916,465.57547728,20.3710032
1075,4917,470.34123864,16.9968672
1075,4918,476.65718232,24.94336896
1075,4919,482.49248688,16.70499072
1075,4920,487.05107568,18.82164384
1075,4921,492.77113536,19.2024
1075,4922,497.71419888,17.69144544
1078,4838,18.4955688,6.7702176
1078,4839,19.52996856,6.80971968
1078,4840,21.430488,6.80971968
1078,4841,23.31000672,6.6495168
1078,4842,24.96714336,5.34594816
1078,4843,26.43981504,5.2998624
1078,4844,27.91370592,5.42714688
1078,4845,29.6230548,6.81081696
1078,4846,31.5286644,6.858
1078,4847,33.428178,6.8250816
1078,4848,35.33083104,7.05880224
1078,4849,37.61073504,9.2500704
1078,4850,40.2026628,9.32688
1078,4851,42.79547448,9.66484224
1078,4852,46.0153512,13.32536832
1078,4853,49.75335744,13.414248
1078,4854,53.24289072,12.57921792
1078,4855,57.93543912,20.683728
1078,4856,63.76797,20.85819552
1078,4857,67.8871896,9.94245408
1078,4858,72.356472,22.06959264
1078,4859,78.74666496,22.27917312
1078,4860,84.0690216,17.04185568
1078,4861,88.96709664,17.65304064
1078,4862,93.58719408,16.02467712
1078,4863,97.74594624,14.56748928
1078,4864,102.14189376,16.404336
1078,4865,106.68829056,16.04662272
1078,4866,111.10654944,16.26607872
1078,4867,115.94457888,18.60767424
1078,4868,120.93263088,16.77411936
1078,4869,125.42922336,16.41091968
1078,4870,130.29739752,17.26899264
1078,4871,134.65152648,16.31326176
1078,4872,139.96254456,21.63177792
1078,4873,146.26855176,22.34720448
1078,4874,152.372568,21.9456
1078,4875,158.468568,21.9456
1078,4876,164.54865744,21.86440128
1078,4877,170.63782992,21.9456
1078,4878,176.73453096,21.95767008
1078,4879,182.833518,21.94669728
1078,4880,188.99730552,22.74880896
1078,4881,195.50719344,23.84169984
1078,4882,202.15195536,24.71294016
1078,4883,209.76841968,29.44111968
1078,4884,217.93843128,29.05268256
1078,4885,226.24993104,31.88805408
1078,4886,235.2449448,31.4315856
1078,4887,244.025928,32.66273376
1078,4888,253.02008832,30.89062656
1078,4889,261.48490248,30.915864
1078,4890,269.62736016,27.80726976
1078,4891,277.62973176,30.36612672
1078,4892,286.22881032,31.36465152
1078,4893,295.2114492,32.92498368
1078,4894,304.18823592,31.61922048
1078,4895,312.566304,28.30543488
1078,4896,320.28615648,28.7377632
1078,4897,328.95030984,32.48716896
1078,4898,337.3660512,27.87200928
1078,4899,344.96233776,27.39798432
1078,4900,352.6532952,27.82372896
1078,4901,360.31054176,27.26082432
1078,4902,367.8992388,27.432
1078,4903,375.52067136,27.39140064
1078,4904,383.02140312,27.00735264
1078,4905,390.6542352,27.1192752
1078,4906,397.5168072,22.83110496
1078,4907,403.90200144,22.90791456
1078,4908,410.10394992,22.07507904
1078,4909,416.36125008,22.8618288
1078,4910,422.73897672,22.5875088
1078,4911,428.86387176,21.9456
1078,4912,434.95968888,21.95218368
1078,4913,440.90514816,20.02316544
1078,4914,446.0795244,17.78361696
1078,4915,450.86896872,16.7280336
1078,4916,455.55670128,17.69583456
1078,4917,460.58989416,17.97783552
1078,4918,465.39738264,17.33921856
1078,4919,470.99771688,22.41852768
1078,4920,477.22020888,22.2857568
1078,4921,482.95800792,18.87760512
1078,4922,488.4157872,21.50888256
1078,4923,494.8025664,23.48398656
1078,4924,499.3029384,22.49424
1082,4903,361.92400056,23.14492704
1082,4904,368.40785856,23.27221152
1082,4905,374.67457704,21.96425376
1082,4906,380.81007912,22.79270016
1082,4907,387.45285984,24.47592768
1082,4908,394.18723296,23.26453056
1082,4909,400.24284696,20.80223424
1082,4910,406.14182424,21.81173184
1082,4911,411.9925212,20.99864736
1082,4912,418.09312368,23.36328576
1082,4913,425.0414664,24.96421728
1082,4914,431.27474832,20.63325312
1082,4915,437.00504928,20.29199904
1082,4916,442.00166616,15.80741568
1082,4917,446.55876144,17.5180752
1082,4918,451.33247808,16.49870208
1082,4919,455.78703864,15.95664576
1082,4920,460.88722656,20.74078656
1082,4921,466.6692216,18.982944
1082,4922,471.26847072,19.16180064
1082,4923,477.83492952,24.6503952
1082,4924,484.22289744,20.43025632
1082,4925,489.99254808,23.02861536
1082,4926,496.16316312,19.70605152
1082,4927,499.612412,18.4123584
1090,4843,20.8742715428571,5.4864
1090,4844,22.17977784,5.07492
1090,4845,23.34947832,2.74649184
1090,4846,23.69387184,0.658368
1090,4847,24.073866,2.4030432
1090,4848,25.10405952,4.93666272
1090,4849,26.61367296,5.48530272
1090,4850,28.31034216,6.85909728
1090,4851,30.41215152,8.62681536
1090,4852,33.3516732,12.1852944
1090,4853,36.77710704,12.3005088
1090,4854,40.12274424,11.81331648
1090,4855,43.41543768,12.61981728
1090,4856,48.02370888,20.20531392
1090,4857,53.73523416,20.48731488
1090,4858,59.42905056,20.69908992
1090,4859,65.21220384,20.81210976
1090,4860,70.6159116,18.05135328
1090,4861,75.70463904,18.33115968
1090,4862,80.78138784,18.46612512
1090,4863,85.88788512,18.51330816
1090,4864,91.1312376,18.56268576
1090,4865,96.095058,18.5330592
1090,4866,101.4325632,18.873216
1090,4867,106.53503712,18.10073088
1090,4868,111.53448864,17.63658144
1090,4869,116.58060504,18.59779872
1090,4870,121.54442544,17.46211392
1090,4871,126.38096136,16.91676576
1090,4872,131.05217376,17.59817664
1090,4873,135.8540844,16.49431296
1090,4874,140.4277608,16.76863296
1090,4875,145.55093064,20.20311936
1090,4876,151.45838136,21.9510864
1090,4877,157.55428992,21.9456
1090,4878,163.6382808,21.86659584
1090,4879,169.60190616,20.88562752
1090,4880,175.26862584,19.84650336
1090,4881,181.00234056,21.82160736
1090,4882,187.10309544,21.97632384
1090,4883,193.37179512,24.41009088
1090,4884,200.7437184,27.3881088
1090,4885,208.43943072,29.18545344
1090,4886,217.16210568,32.52228192
1090,4887,226.22777208,32.78343456
1090,4888,235.36409112,32.88767616
1090,4889,244.48172592,32.84597952
1090,4890,253.59926928,32.4465696
1090,4891,262.49799672,31.25711808
1090,4892,270.5250876,27.16536096
1090,4893,278.1030252,27.432
1090,4894,285.7231776,27.43309728
1090,4895,293.32193304,27.30142368
1090,4896,300.927516,27.432
1090,4897,308.53889016,27.28057536
1090,4898,316.12277136,27.41883264
1090,4899,323.90148072,29.20300992
1090,4900,332.18893176,29.02415328
1090,4901,339.62721,25.29888768
1090,4902,346.57091976,24.36949152
1090,4903,353.11326888,23.02312896
1090,4904,359.33685816,21.73601952
1090,4905,365.38424256,21.9456
1090,4906,371.48030352,21.9456
1090,4907,377.57581584,21.9565728
1090,4908,383.86423608,23.60139552
1090,4909,390.50927232,23.89985568
1090,4910,396.77333904,20.29529088
1090,4911,402.07338432,18.81396288
1090,4912,407.27571072,18.16108128
1090,4913,412.0147716,16.45042176
1090,4914,416.97008808,20.03413824
1090,4915,422.71764072,20.8044288
1090,4916,429.08793024,25.15185216
1090,4917,435.8598852,22.39658208
1090,4918,441.38978016,17.50271328
1090,4919,446.17364664,17.88127488
1090,4920,451.07586696,16.23535488
1090,4921,455.1317796,14.72330304
1090,4922,459.57067344,17.14061088
1090,4923,464.425284,16.41311424
1090,4924,469.1310912,19.9759824
1090,4925,475.30530288,22.70601504
1090,4926,482.3098812,30.32772192
1090,4927,491.29651296,28.62693792
1090,4928,497.58484176,18.78982272
1098,4852,20.50767552,4.99372128
1098,4853,22.78300752,10.82905632
1098,4854,25.83496992,11.3349024
1098,4855,29.54968944,15.2192736
1098,4856,33.80756256,14.84949024
1098,4857,37.59628752,14.045184
1098,4858,41.97013704,15.91385184
1098,4859,46.030134,13.55360256
1098,4860,50.31007464,18.08975808
1098,4861,55.54961712,18.97965216
1098,4862,61.01492496,20.44671552
1098,4863,66.72876672,20.3490576
1098,4864,72.67197048,23.87352096
1098,4865,79.72961448,25.17270048
1098,4866,85.66583832,18.03708864
1098,4867,90.61511976,17.8417728
1098,4868,95.56955232,18.02501856
1098,4869,101.04610728,21.31027488
1098,4870,106.90491192,20.23713504
1098,4871,112.37421264,19.25397216
1098,4872,117.58336656,18.07329888
1098,4873,122.53423296,17.5071024
1098,4874,127.28597352,16.90689024
1098,4875,132.05877576,17.60366304
1098,4876,136.76653368,16.45700544
1098,4877,141.570456,19.47672
1098,4878,147.4986636,21.89402784
1098,4879,153.59182896,21.94450272
1098,4880,159.76847904,22.75319808
1098,4881,166.06299528,22.1540832
1098,4882,172.1612508,21.9456
1098,4883,178.2589272,21.95876736
1098,4884,184.356756,21.95218368
1098,4885,190.45882152,22.01802048
1098,4886,197.1109596,26.55527328
1098,4887,204.72327864,28.35590976
1098,4888,213.4648512,33.79841856
1098,4889,222.73601376,32.82952032
1098,4890,231.82377816,32.00326848
1098,4891,240.21159984,28.52269632
1098,4892,247.9066416,27.432
1098,4893,255.54602688,27.90053856
1098,4894,263.45644032,28.40199552
1098,4895,271.1185332,27.14999904
1098,4896,278.7072912,27.432
1098,4897,286.32101232,27.30910464
1098,4898,293.91141624,27.4265136
1098,4899,301.5320868,27.432
1098,4900,309.13934616,27.27947808
1098,4901,316.72932336,27.42761088
1098,4902,324.55978776,29.46416256
1098,4903,332.83388856,28.92100896
1098,4904,340.40118864,24.83034912
1098,4905,346.68101352,21.64823712
1098,4906,352.62507072,21.2982048
1098,4907,358.55123616,20.930616
1098,4908,363.91294248,17.76276864
1098,4909,368.71729152,17.99978112
1098,4910,374.37191064,22.37573376
1098,4911,381.32128968,27.56696544
1098,4912,389.13614832,28.25386272
1098,4913,396.16620792,20.86148736
1098,4914,401.39971536,18.20058336
1098,4915,406.8711192,22.59738432
1098,4916,413.63094312,24.87643488
1098,4917,420.39000504,22.30331328
1098,4918,425.67221952,18.37944
1098,4919,431.54653848,22.50850464
1098,4920,437.09383752,15.39593568
1098,4921,440.46172512,12.09860928
1098,4922,445.08743088,20.42476992
1098,4923,450.8039244,19.79163936
1098,4924,455.21538624,12.33562176
1098,4925,458.41667016,10.99364832
1098,4926,461.20470624,10.945368
1098,4927,464.99809464,12.24125568
1098,4928,467.20786416,8.74971072
1098,4929,471.86907912,22.08605184
1098,4930,478.00631856,21.88195776
1098,4931,483.65715816,19.15411968
1098,4932,489.67458072,24.92690976
1098,4933,496.72908528,25.50517632
1109,4908,337.456272,21.9126816
1109,4909,340.796118,21.78539712
1109,4910,346.9463724,23.11200864
1109,4911,353.57574192,24.07103136
1109,4912,360.4893984,26.52345216
1109,4913,368.52304248,30.861
1109,4914,377.3436192,31.76954784
1109,4915,386.16669528,32.33354976
1109,4916,394.69688904,27.06002208
1109,4917,401.41327896,23.08018752
1109,4918,407.76732264,21.74479776
1109,4919,413.94147336,25.37569728
1109,4920,420.999666,21.88086048
1109,4921,426.04748928,16.45700544
1109,4922,430.61894064,16.4592
1109,4923,435.19094064,16.4592
1109,4924,439.75221168,17.24156064
1109,4925,446.6572728,32.48058528
1109,4926,455.9405664,33.49886112
1109,4927,465.24729912,33.5657952
1109,4928,474.57442296,33.521904
1109,4929,483.87932688,33.4999584
1109,4930,493.15128192,32.205168
1109,4931,498.7936938,24.2937792
1113,4858,17.2158829333333,20.0460864
1113,4859,22.5198432,20.0857104
1113,4860,28.0844244,20.02536
1113,4861,33.64345824,19.8772272
1113,4862,38.39754576,14.12967456
1113,4863,43.59408096,24.21587232
1113,4864,50.48862648,24.8424192
1113,4865,57.38948136,24.8424192
1113,4866,63.9724908,18.0008784
1113,4867,66.83818992,13.40108064
1113,4868,73.3556064,26.83837152
1113,4869,79.79066592,18.74593152
1113,4870,84.98698776,20.20202208
1113,4871,90.64697136,20.67494976
1113,4872,96.50443488,21.17640672
1113,4873,102.52362528,21.85342848
1113,4874,108.44137824,20.88891936
1113,4875,114.4054608,22.09812192
1113,4876,120.50865408,21.20383872
1113,4877,126.12063168,19.32639264
1113,4878,131.5413168,20.48292576
1113,4879,137.20309872,20.17459008
1113,4880,143.08982304,21.90609792
1113,4881,149.17213752,21.93243264
1113,4882,155.26825944,21.9456
1113,4883,161.36023608,21.86440128
1113,4884,167.3295612,21.25650816
1113,4885,173.1535272,20.43684
1113,4886,178.69421208,19.48440096
1113,4887,184.360566,21.68444736
1113,4888,190.5028956,23.05824192
1113,4889,197.55176136,27.15329088
1113,4890,205.20471024,28.76958432
1113,4891,213.92308752,32.93047008
1113,4892,222.79993032,30.91476672
1113,4893,231.3374088,30.092904
1113,4894,239.24084232,27.32995296
1113,4895,246.84154848,27.432
1113,4896,254.48858424,28.07720064
1113,4897,262.57459296,29.31822432
1113,4898,270.3670488,27.15329088
1113,4899,277.91792016,26.92395936
1113,4900,285.40325952,27.25862976
1113,4901,292.94087208,26.43786432
1113,4902,299.76247896,22.6698048
1113,4903,305.87719368,21.9456
1113,4904,311.94164688,21.835872
1113,4905,318.48478848,26.08344288
1113,4906,326.31412512,29.544264
1113,4907,334.40845488,27.72387648
1113,4908,341.71030464,24.77329056
1113,4909,348.2167788,23.31939456
1113,4910,354.80402496,23.7615984
1113,4911,361.68842064,26.5102848
1113,4912,367.7550684,27.4576032
1118,4862,20.0396856,11.576304
1118,4863,21.77396712,13.81365792
1118,4864,26.03869824,15.90946272
1118,4865,30.52218432,16.61720832
1118,4866,35.22037152,16.97821344
1118,4867,40.13594208,19.15082784
1118,4868,45.7232004,20.31723648
1118,4869,51.363372,20.29968
1118,4870,57.0020196,20.29309632
1118,4871,63.10253064,25.30437408
1118,4872,70.734936,27.98064
1118,4873,78.1658076,25.32741696
1118,4874,85.1338404,25.00262208
1118,4875,92.04109608,24.70196736
1118,4876,98.916744,24.86217024
1118,4877,105.82265856,25.47774432
1118,4878,113.22814032,27.03478464
1118,4879,120.76742928,26.91298656
1118,4880,127.70559168,23.19430464
1118,4881,134.0455536,22.5875088
1118,4882,140.195808,21.9456
1118,4883,146.28269448,21.890736
1118,4884,152.37262896,21.9456
1118,4885,158.311596,19.47781728
1118,4886,163.0868976,16.32533184
1118,4887,168.08122848,19.6577712
1118,4888,173.58292944,20.39624064
1118,4889,179.80011792,23.8493808
1118,4890,186.44756208,24.5187216
1118,4891,193.736214,27.41663808
1118,4892,201.44692248,28.80579456
1118,4893,210.23491608,34.3393776
1118,4894,219.82218672,33.52629312
1118,4895,228.95990784,32.68029024
1118,4896,237.40807992,27.80836704
1118,4897,245.00317776,27.40017888
1118,4898,251.4764592,27.6154025142857
1122,4864,20.587208,12.2566176
1122,4865,22.74042696,12.27088224
1122,4866,26.01291216,10.50865056
1122,4867,29.5142412,17.75618496
1122,4868,35.18629488,20.94817248
1122,4869,41.01151056,20.98109088
1122,4870,46.84248696,20.99535552
1122,4871,52.67041536,20.9799936
1122,4872,58.49739888,20.9799936
1122,4873,64.32459576,21.18189312
1122,4874,70.83128328,26.55637056
1122,4875,78.74206248,29.27762496
1122,4876,86.63278584,27.16097184
1122,4877,93.72664008,22.49204544
1122,4878,99.2648256,19.20020544
1122,4879,104.64171096,20.33589024
1122,4880,110.49399288,20.71006272
1122,4881,116.40214464,22.1979744
1122,4882,122.70248256,22.99789152
1122,4883,128.81210712,21.38269536
1122,4884,134.95321752,21.8578176
1122,4885,140.83402872,21.43975392
1122,4886,146.91869016,22.43718144
1122,4887,153.4398252,24.51433248
1122,4888,160.02252984,22.58970336
1122,4889,166.21944912,21.94450272
1122,4890,172.31337648,21.94450272
1122,4891,178.50331584,23.4653328
1122,4892,185.65267416,27.32666112
1122,4893,193.2800808,27.56038176
1122,4894,201.34182744,31.39098624
1122,4895,211.86824784,44.10955872
1122,4896,222.87241176,33.61407552
1122,4897,231.89909424,31.4151264
1122,4898,240.05383536,29.04390432
1122,4899,249.0042264,33.80500224
1122,4900,258.28114968,33.93009216
1122,4901,267.7003536,33.05775456
1122,4902,276.59490528,30.44183904
1122,4903,284.4864516,27.30361824
1122,4904,292.07731272,27.4265136
1122,4905,299.69783088,27.432
1122,4906,307.31670312,27.35848224
1122,4907,314.8948236,27.33982848
1122,4908,322.31140008,26.21840832
1122,4909,329.76339432,27.21912768
1122,4910,337.04521872,23.97447072
1122,4911,342.72949488,18.67899744
1122,4912,348.6247536,24.0962688
1122,4913,355.58428248,25.4130048
1122,4914,362.86595448,26.39287584
1122,4915,369.99056304,25.92433728
1122,4916,377.48718,27.0534384
1122,4917,383.97189144,19.39003488
1122,4918,390.05618712,26.39616768
1122,4919,397.83193992,28.21765248
1122,4920,405.24571224,23.53994784
1122,4921,410.97061824,20.07912672
1122,4922,417.0742992,23.05275552
1122,4923,423.30041832,19.4657472
1122,4924,427.2849468,12.79647936
1122,4925,431.68561872,18.87211872
1122,4926,438.0155832,26.48614464
1122,4927,445.44243144,24.50335968
1122,4928,451.29514008,17.87249664
1122,4929,455.8934748,16.72913088
1122,4930,460.88018568,19.92441024
1122,4931,466.60695096,22.76087904
1122,4932,474.6052992,31.96486368
1122,4933,482.33097336,23.48069472
1122,4934,488.89715784,24.65697888
1122,4935,495.77661576,24.057864
1122,4936,499.7346876,23.7341664
1133,4869,21.7628216,16.4592
1133,4870,25.39505208,16.45590816
1133,4871,30.03541872,17.11537344
1133,4872,34.828734,17.2492416
1133,4873,39.90996336,20.90647584
1133,4874,46.35175896,23.8822992
1133,4875,53.1779988,26.43237792
1133,4876,60.97237488,28.53696096
1133,4877,68.56043184,24.81827904
1133,4878,75.14517864,23.77476576
1133,4879,81.99635112,25.63465536
1133,4880,89.0912112,25.08272352
1133,4881,95.80269384,23.71002624
1133,4882,102.36293472,22.66541568
1133,4883,108.26142432,20.56961088
1133,4884,114.00681288,21.27845376
1133,4885,120.21549744,22.54800672
1133,4886,126.30570624,21.31027488
1133,4887,132.335778,22.52386656
1133,4888,138.51843264,21.9456
1133,4889,144.60867192,21.89512512
1133,4890,150.69607656,21.9456
1133,4891,156.85157352,22.90242816
1133,4892,163.56753672,25.57430496
1133,4893,171.020232,27.39030336
1133,4894,178.51797672,26.938224
1133,4895,186.11292216,27.46162656
1133,4896,193.81695552,28.84639392
1133,4897,202.493118,32.82293664
1133,4898,211.79101152,34.44800832
1133,4899,221.3399688,33.4286352
1133,4900,230.48674248,32.9184
1133,4901,239.62044024,32.8251312
1133,4902,248.748804,32.9184
1133,4903,257.8385496,32.479488
1133,4904,266.81164824,31.82880096
1133,4905,275.36479344,29.78347104
1133,4906,283.28112,27.47918304
1133,4907,290.8747548,27.30361824
1133,4908,298.48411728,27.432
1133,4909,306.10436112,27.39798432
1133,4910,313.6875108,27.32007744
1133,4911,321.21235224,27.23119776
1133,4912,329.003406,28.09365984
1133,4913,336.33055416,24.72062112
1133,4914,342.88759464,22.384512
1133,4915,349.43893536,25.75425888
1133,4916,356.77681248,26.50260384
1133,4917,364.23871272,27.31020192
1133,4918,371.857524,27.432
1133,4919,379.48648512,27.69315264
1133,4920,387.3287148,28.57536576
1133,4921,394.97352552,24.88740768
1133,4922,401.24515128,21.40464096
1133,4923,406.69826712,17.82750816
1133,4924,411.41288304,17.13512448
1133,4925,416.5805232,19.12229856
1133,4926,421.46674152,16.45810272
1133,4927,426.0381624,16.4592
1133,4928,430.6101624,16.4592
1133,4929,435.18091272,16.49431296
1133,4930,440.0202528,18.47161152
1133,4931,445.32355944,19.7620128
1133,4932,451.09467312,21.76345152
1133,4933,457.28165592,23.01325344
1133,4934,463.87874712,25.16940864
1133,4935,471.3485112,28.80250272
1133,4936,479.62950048,27.64487232
1133,4937,486.4864032,24.95982816
1133,4938,493.79953056,25.89800256
1133,4939,498.7546032,25.5556512
1139,4872,21.38708448,18.8293248
1139,4873,25.33707912,20.00670624
1139,4874,31.1493408,21.09849984
1139,4875,37.04908008,21.67018272
1139,4876,43.18171704,22.16725056
1139,4877,49.29838248,21.9401136
1139,4878,55.683912,25.16282496
1139,4879,63.06854544,26.8943328
1139,4880,70.34912016,26.21292192
1139,4881,78.0742152,28.71801216
1139,4882,86.02300296,28.08158976
1139,4883,93.35100456,25.01908128
1139,4884,100.31772672,25.0509024
1139,4885,106.9430424,22.7630736
1139,4886,113.226342,22.67638848
1139,4887,119.48004552,22.09702464
1139,4888,125.56269528,21.41671104
1139,4889,131.5365924,22.4174304
1139,4890,137.7567984,21.9456
1139,4891,143.84996376,21.89402784
1139,4892,149.93392416,21.94230816
1139,4893,156.03004608,21.9456
1139,4894,162.1187004,21.86549856
1139,4895,168.402,24.23123424
1139,4896,175.31632704,25.429464
1139,4897,182.75759232,27.4374864
1139,4898,190.38271296,27.4923504
1139,4899,198.44747712,31.47767136
1139,4900,207.55124352,33.61736736
1139,4901,217.11888504,34.36242048
1139,4902,226.37578296,32.7922128
1139,4903,235.51313832,32.83171488
1139,4904,244.36894992,30.54169152
1139,4905,252.463554,27.83689632
1139,4906,260.23226592,28.65985632
1139,4907,268.0895832,27.39578976
1139,4908,275.56260864,26.4609072
1139,4909,282.7695132,26.13611232
1139,4910,290.24982336,27.3661632
1139,4911,297.8691528,27.432
1139,4912,305.48942712,27.42431904
1139,4913,313.0763868,27.29264544
1139,4914,320.72220336,28.41296832
1139,4915,329.13267168,31.26260448
1139,4916,337.35410304,27.74911392
1139,4917,344.9487132,27.40127616
1139,4918,352.6401888,27.82372896
1139,4919,360.29761824,27.2619216
1139,4920,367.88665056,27.432
1139,4921,375.50668104,27.43090272
1139,4922,383.18392248,28.02123936
1139,4923,391.0158804,27.6624288
1139,4924,397.89716712,22.17493152
1139,4925,403.992588,21.9456
1139,4926,409.98367584,20.81101248
1139,4927,415.5915996,19.5699888
1139,4928,420.86485296,18.10182816
1139,4929,425.57575032,16.73352
1139,4930,430.29125016,16.73022816
1139,4931,435.00854832,18.3300624
1139,4932,440.64564144,21.30808032
1139,4933,446.46485256,20.13289344
1139,4934,451.97612424,20.56192992
1139,4935,457.94346816,21.94669728
1139,4936,464.03837088,22.08385728
1139,4937,470.68986888,25.95506112
1139,4938,477.98074584,26.22279744
1139,4939,485.0657304,25.22207808
1139,4940,492.37983312,26.83727424
1139,4941,498.3040072,26.343864
1140,4923,366.7168434,22.9304088
1140,4924,371.0133804,21.9456
1140,4925,377.31929616,24.84351648
1140,4926,384.33774288,24.05896128
1140,4927,390.90923088,22.6917504
1140,4928,396.25594104,15.7898592
1140,4929,400.18740384,13.94203968
1140,4930,404.28425112,15.553944
1140,4931,408.77462568,17.20644768
1140,4932,414.1502004,20.48512032
1140,4933,419.83496424,20.43354816
1140,4934,425.1063888,16.03345536
1140,4935,429.44680176,17.78032512
1140,4936,435.11385672,21.94889184
1140,4937,441.07955472,20.9415888
1140,4938,446.78577648,20.01877632
1140,4939,452.37236424,20.99206368
1140,4940,458.16966024,20.39733792
1140,4941,464.06315112,21.26638368
1140,4942,470.39521872,25.84313856
1140,4943,477.87751008,27.04356288
1140,4944,485.07392952,24.75573408
1140,4945,492.11279784,25.46567424
1140,4946,497.940874285714,24.4724790857143
1148,4874,20.9254344,18.818352
1148,4875,24.93678528,20.14496352
1148,4876,30.3408588,17.96466816
1148,4877,34.939224,15.38167104
1148,4878,40.6028652,26.26668864
1148,4879,48.12359184,27.12915072
1148,4880,55.65644952,27.11488608
1148,4881,63.19558608,27.404568
1148,4882,70.5003924,25.29559584
1148,4883,77.54685024,24.97848192
1148,4884,84.399882,24.18185664
1148,4885,91.224354,24.54944544
1148,4886,97.73872248,23.41705248
1148,4887,104.51887656,24.96202272
1148,4888,111.53543352,25.54248384
1148,4889,118.53924984,25.30986048
1148,4890,125.26630776,22.01582592
1148,4891,131.22353232,21.96864288
1148,4892,137.19209544,21.7755216
1148,4893,144.0064176,26.23925664
1148,4894,151.31457672,26.46419904
1148,4895,158.77583688,27.13353984
1148,4896,166.26117624,25.9067808
1148,4897,172.79130288,22.75868448
1148,4898,179.85735936,27.39578976
1148,4899,187.48248,27.49673952
1148,4900,195.5522124,31.50949248
1148,4901,204.63726408,33.58115712
1148,4902,214.57764552,36.99918432
1148,4903,224.25190608,32.89974624
1148,4904,233.3780448,32.9184
1148,4905,242.49763032,32.40597024
1148,4906,250.92559416,28.17046944
1148,4907,258.6048168,27.678888
1148,4908,266.06141352,24.45398208
1148,4909,272.24373288,21.66250176
1148,4910,278.32373088,21.9456
1148,4911,284.41689624,21.84903936
1148,4912,290.47994736,21.9126816
1148,4913,296.57658744,21.93791904
1148,4914,302.99613264,25.51944096
1148,4915,310.49908944,27.267408
1148,4916,318.094614,27.57574368
1148,4917,326.2691976,31.47986592
1148,4918,334.8538896,28.97038656
1148,4919,342.52625424,27.35189856
1148,4920,350.4210924,29.59254432
1148,4921,358.57427904,28.23630624
1148,4922,366.20997624,27.4374864
1148,4923,373.74048696,26.68914144
1148,4924,380.6702064,23.71441536
1148,4925,387.60361392,25.77949632
1148,4926,394.71974904,24.716232
1148,4927,400.70778888,18.40028832
1148,4928,405.5414292,17.01552096
1148,4929,410.06621568,15.91056
1148,4930,414.59761632,16.50748032
1148,4931,419.49480744,20.48292576
1148,4932,425.92130208,24.03701568
1148,4933,432.53354184,22.3680528
1148,4934,437.97556296,17.83738368
1148,4935,442.94721672,18.93246912
1148,4936,448.76731176,21.90829248
1148,4937,454.28126568,18.08646624
1148,4938,459.4286976,21.4682832
1148,4939,466.64023512,25.01030304
1148,4940,473.77764528,31.30210656
1148,4941,483.05935392,32.42133216
1148,4942,491.2356444,27.04027104
1148,4943,497.7715216,22.7112576
1154,4928,440.3561043,29.7829224
1154,4929,447.1882344,25.77181536
1154,4930,455.39381616,33.8126832
1154,4931,465.13184088,33.04787904
1154,4932,471.0538458,31.6921896
1163,4906,235.213110133333,32.5441056
1163,4907,243.4393404,28.73008224
1163,4908,251.09420952,26.79448032
1163,4909,257.93696952,22.713696
1163,4910,264.08128032,21.84574752
1163,4911,270.10574376,20.98218816
1163,4912,275.1152232,15.3564336
1163,4913,277.4201208,15.0876
1166,4877,20.4349096,16.5030912
1166,4878,23.5177584,18.08427168
1166,4879,28.68920856,17.72875296
1166,4880,33.45155616,16.97053248
1166,4881,38.6015484,20.96024256
1166,4882,44.36370096,19.75981824
1166,4883,49.97695872,23.59481184
1166,4884,57.99356448,31.26809088
1166,4885,66.64555632,30.31345728
1166,4886,74.5501176,27.37274688
1166,4887,82.07645256,26.6474448
1166,4888,89.23635696,24.31353024
1166,4889,95.53029408,22.05313344
1166,4890,101.983794,24.17966208
1166,4891,108.45765456,22.12006752
1166,4892,114.7142232,23.62334112
1166,4893,121.29552576,22.67309664
1166,4894,127.36107624,21.726144
1166,4895,133.72499544,24.11601984
1166,4896,140.25832248,22.68516672
1166,4897,146.48233848,22.84207776
1166,4898,153.22363056,25.23963456
1166,4899,160.42870632,26.36544384
1166,4900,167.69876544,26.6309856
1166,4901,175.28551176,27.44077824
1166,4902,182.90892552,27.4374864
1166,4903,190.5405384,27.92797056
1166,4904,198.99145368,32.67919296
1166,4905,208.19626128,34.0595712
1166,4906,217.89042528,34.47324576
1166,4907,227.13571032,32.80757472
1166,4908,236.11962936,30.40233696
1166,4909,243.945156,27.38042784
1166,4910,251.41165872,25.045416
1166,4911,257.76823224,22.08495456
1166,4912,263.87630232,20.69689536
1166,4913,268.86548208,16.18268544
1166,4914,273.37259016,16.44383808
1166,4915,277.99472976,17.82970272
1166,4916,283.6580052,22.137624
1166,4917,290.42124288,26.84056608
1166,4918,298.0267344,27.432
1166,4919,305.64685632,27.42322176
1166,4920,313.23186528,27.28496448
1166,4921,320.88545424,28.63022976
1166,4922,329.46779928,32.09434272
1166,4923,337.82026416,27.80178336
1166,4924,345.44023368,28.00478016
1166,4925,353.48765472,29.3357808
1166,4926,361.36591176,27.35299584
1166,4927,368.86557672,25.5172464
1166,4928,375.28496952,21.93791904
1166,4929,381.30263592,20.68263072
1166,4930,386.73721992,19.67642496
1166,4931,392.59590264,21.75138144
1166,4932,398.2436028,20.00670624
1166,4933,404.42378856,22.53483936
1166,4934,409.62830952,15.96871584
1166,4935,414.05461512,15.98298048
1166,4936,418.49143632,15.96652128
1166,4937,422.9935152,16.44054624
1166,4938,427.56478368,16.59306816
1166,4939,432.61166208,20.44122912
1166,4940,438.3028572,19.29457152
1166,4941,443.63539416,20.15813088
1166,4942,449.57103888,21.63068064
1166,4943,455.19621432,18.76129344
1166,4944,460.70023176,22.38780384
1166,4945,467.57289264,29.10206016
1166,4946,477.18424248,36.9124992
1166,4947,486.34037352,26.84166336
1166,4948,493.06188408,22.69065312
1166,4949,498.011704,23.7963456
1171,4906,217.052652,27.4100544
1171,4907,221.52260496,26.67597408
1171,4908,228.9500628,24.9302016
1171,4909,234.80584992,22.2802704
1171,4910,242.12607912,27.13792896
1171,4911,249.04753848,22.42072224
1171,4912,254.82447384,18.48258432
1171,4913,259.67768232,17.59159296
1171,4914,264.54756336,17.19876672
1171,4915,269.17034304,16.19475552
1171,4916,273.67967616,16.4427408
1171,4917,278.37527256,18.37834272
1171,4918,284.11267536,21.8248992
1171,4919,290.34690216,24.4035072
1171,4920,297.72403752,27.43858368
1171,4921,305.34400704,27.42431904
1171,4922,312.9300828,27.2893536
1171,4923,320.57550312,28.41845472
1171,4924,328.9898424,31.28125824
1171,4925,337.2142608,27.7502112
1171,4926,344.81438784,27.59220288
1171,4927,352.66237824,28.60170048
1171,4928,360.45766872,27.37603872
1171,4929,368.04977952,27.3826224
1171,4930,375.11455584,22.8179376
1171,4931,381.2616708,22.44705696
1171,4932,387.63689808,23.15589984
1171,4933,394.01148528,21.8468448
1171,4934,399.5286396,18.10621728
1171,4935,404.234904,16.4592
1171,4936,408.806904,16.4592
1171,4937,413.40956688,17.00564544
1171,4938,418.1148864,16.23864672
1171,4939,422.54198448,16.18488
1171,4940,427.10904672,16.45700544
1171,4941,431.86983984,18.03269952
1171,4942,437.23883088,20.29309632
1171,4943,442.74738984,19.7894448
1171,4944,448.39228584,20.57070816
1171,4945,454.11719184,20.71116
1171,4946,459.95383752,21.53192544
1171,4947,466.40748984,26.8998192
1171,4948,475.56959496,36.84885696
1171,4949,485.13120144,29.77140096
1171,4950,492.6675948,26.52016032
1171,4951,498.4657036,25.2904752
1173,4880,24.7200928,15.91056
1173,4881,27.59287344,15.91056
1173,4882,32.1949572,18.75580704
1173,4883,38.1118872,22.30989696
1173,4884,44.31145824,22.32745344
1173,4885,50.77949712,26.3402064
1173,4886,59.07469008,31.27906368
1173,4887,67.76270928,31.27357728
1173,4888,76.0629924,26.38738944
1173,4889,82.66544808,23.24368224
1173,4890,89.11782024,23.21954208
1173,4891,95.52779472,22.94631936
1173,4892,101.83560024,22.44157056
1173,4893,108.07260072,22.49424
1173,4894,114.3356616,23.1196896
1173,4895,121.15818288,25.45360416
1173,4896,128.11204248,24.81718176
1173,4897,135.24134496,25.78827456
1173,4898,142.12543584,24.29707104
1173,4899,148.86617928,24.29597376
1173,4900,155.64325488,25.22427264
1173,4901,163.38999072,29.8679616
1173,4902,169.214292,29.9996352
1182,4921,292.3331085,27.6473412
1182,4922,299.12093592,27.102816
1182,4923,306.7107912,27.35299584
1182,4924,314.28312048,27.33434208
1182,4925,321.989196,28.86175584
1182,4926,330.34998192,30.11814144
1182,4927,338.29169832,27.3716496
1182,4928,345.67898352,25.3800864
1182,4929,352.20581832,22.05642528
1182,4930,358.2867612,21.69980928
1182,4931,364.0971636,19.27043136
1182,4932,368.89736736,16.03894176
1182,4933,373.37750064,16.46688096
1182,4934,377.96300328,16.91676576
1182,4935,383.31574848,22.07946816
1182,4936,389.7163656,23.1416352
1182,4937,395.9536404,22.89035808
1182,4938,403.11823872,26.75827008
1182,4939,409.4413452,18.38163456
1182,4940,413.85442248,15.5319984
1182,4941,418.7798076,19.3450464
1182,4942,423.88432368,17.04185568
1182,4943,429.37075416,22.76417088
1182,4944,435.74012928,22.0937328
1182,4945,440.49281472,12.7174752
1182,4946,444.33783624,16.05430368
1182,4947,449.69862816,21.89731968
1182,4948,455.6715804,20.29199904
1182,4949,461.3538144,21.91048704
1182,4950,467.70167064,24.20270496
1182,4951,475.45654464,32.0021712
1182,4952,484.86285552,34.21757952
1182,4953,493.74091752,27.23339232
1182,4954,498.83238816,23.57176896
1192,4881,18.0001672,17.0517312
1192,4882,21.7974672,17.08245504
1192,4883,26.59480584,17.91419328
1192,4884,31.72873512,18.626328
1192,4885,36.85739136,18.49136256
1192,4886,41.87162568,17.666208
1192,4887,46.55387184,16.72035264
1192,4888,51.89320584,23.94923328
1192,4889,59.9590368,31.00254912
1192,4890,68.42260128,28.84529664
1192,4891,75.81771984,25.66428192
1192,4892,82.8748152,24.880824
1192,4893,89.79837768,25.01578944
1192,4894,96.8925672,26.06917824
1192,4895,103.82155512,23.53555872
1192,4896,110.53794504,24.91813152
1192,4897,117.43733688,25.07175072
1192,4898,124.23916224,23.42912256
1192,4899,130.46241624,22.42730592
1192,4900,136.829292,22.39329024
1192,4901,142.93766688,21.90390336
1192,4902,149.019768,21.93243264
1192,4903,155.21836368,23.73087456
1192,4904,162.29737416,25.68951936
1192,4905,170.01710472,30.54717792
1192,4906,178.352196,29.34016992
1192,4907,186.52461552,30.07205568
1192,4908,195.46074192,33.70624704
1192,4909,204.78655512,32.58592416
1192,4910,213.3842316,30.27285792
1192,4911,221.57585352,27.97734816
1192,4912,229.18558176,26.96455872
1192,4913,235.9737216,22.13323488
1192,4914,242.04073512,21.3805008
1192,4915,247.37531424,17.20315584
1192,4916,252.02202072,16.4537136
1192,4917,256.69701264,17.73423936
1192,4918,261.831582,18.71081856
1192,4919,266.88742152,17.55977184
1192,4920,272.11336992,20.94926976
1192,4921,278.1754152,21.9456
1192,4922,284.37623592,23.08567392
1192,4923,290.87618736,23.41376064
1192,4924,297.54054792,23.59810368
1192,4925,303.74270976,21.94779456
1192,4926,310.00744704,23.61675744
1192,4927,316.95569832,26.42140512
1192,4928,324.77866464,30.1038768
1192,4929,333.25865784,29.39283936
1192,4930,341.01548256,27.28825632
1192,4931,348.20790912,23.6079792
1192,4932,354.42171432,21.71297664
1192,4933,360.28079328,19.997928
1192,4934,365.36485728,17.55977184
1192,4935,370.17847224,17.03636928
1192,4936,375.45068928,21.36294432
1192,4937,381.59155584,22.7027232
1192,4938,388.04776848,23.41705248
1192,4939,394.49904336,22.70601504
1192,4940,400.6525896,21.9456
1192,4941,406.73795208,21.39805728
1192,4942,412.47459288,20.86916832
1192,4943,418.49744088,21.973032
1192,4944,424.4428392,19.94416128
1192,4945,429.796194,19.52170848
1192,4946,434.89622952,16.7554656
1192,4947,439.24654848,14.6432016
1192,4948,443.3479068,16.35715296
1192,4949,448.63012128,20.77260768
1192,4950,454.3902012,20.34137664
1192,4951,460.07511744,21.39915456
1192,4952,466.30967952,24.7381776
1192,4953,474.55732368,32.70662496
1192,4954,482.73617448,24.25976352
1192,4955,489.209334,24.59662848
1192,4956,495.86887872,20.65300416
1192,4957,499.215918,14.6157696
1194,4884,20.2786488,12.3663456
1194,4885,22.2583248,12.6571248
1194,4886,26.21898744,16.73132544
1194,4887,31.4544456,20.97560448
1194,4888,37.66882992,22.75978176
1194,4889,44.26866432,25.82229024
1194,4890,51.81258624,27.43309728
1194,4891,59.2967064,25.58198592
1194,4892,66.05162304,23.89107744
1194,4893,73.19415384,27.8544528
1194,4894,80.91924888,27.35080128
1194,4895,88.46624928,26.67707136
1194,4896,95.40898368,23.81755968
1194,4897,102.04926504,23.9042448
1194,4898,108.69710544,24.12589536
1194,4899,115.56318264,25.25170464
1194,4900,122.56288416,25.0509024
1194,4901,129.40079784,24.84351648
1194,4902,136.46661048,25.2045216
1194,4903,143.42217696,25.0015248
1194,4904,150.37972464,25.56442944
1194,4905,157.92254928,28.31969952
1194,4906,165.77861688,28.2659328
1194,4907,173.65605096,28.748736
1194,4908,181.98687504,30.90379392
1194,4909,190.57997952,30.9378096
1194,4910,199.13839776,29.96452224
1194,4911,207.04030728,28.53586368
1194,4912,215.40590904,30.52413504
1194,4913,223.41907056,27.38152512
1194,4914,230.96853984,26.06259456
1194,4915,237.44587512,20.546568
1194,4916,242.423442,16.38568224
1194,4917,246.99233304,16.4592
1194,4918,251.5642416,16.4592
1194,4919,256.15078056,17.28984096
1194,4920,261.50882928,20.54985984
1194,4921,267.29676792,21.34099872
1194,4922,273.29873712,21.80185632
1194,4923,279.39281688,21.9456
1194,4924,285.47500944,21.81173184
1194,4925,291.55275192,22.25613024
1194,4926,298.2367416,26.3018016
1194,4927,305.64335112,24.95982816
1194,4928,312.18478584,24.8095008
1194,4929,319.63379304,27.91919232
1194,4930,327.80923008,30.52852416
1194,4931,335.98549008,27.92797056
1194,4932,343.267284,23.66723232
1194,4933,349.2515748,20.546568
1194,4934,354.91268616,19.80151488
1194,4935,359.85684696,16.24303584
1194,4936,364.3871808,16.4592
1194,4937,368.95942464,16.4592
1194,4938,373.58918424,17.5893984
1194,4939,379.09993776,21.77113248
1194,4940,385.3493436,22.8837744
1194,4941,391.70509416,22.7027232
1194,4942,397.60020048,19.53377856
1194,4943,403.01350944,20.61679392
1194,4944,409.26584136,23.73855552
1194,4945,415.91191392,23.46313824
1194,4946,421.72411464,17.69583456
1194,4947,426.1308216,15.50127456
1194,4948,430.50573792,15.4935936
1194,4949,434.87925216,16.32313728
1194,4950,439.33713504,15.91165728
1194,4951,444.24209856,19.97488512
1194,4952,450.27390768,22.91230368
1194,4953,456.61658232,22.90133088
1194,4954,463.25268792,24.60540672
1194,4955,470.66435712,29.26006848
1194,4956,478.96031208,28.88699328
1194,4957,486.28505232,25.62258528
1194,4958,493.82988864,26.58380256
1194,4959,498.7120074,24.2169696
1201,4909,182.845286666667,26.6066016
1201,4910,189.66015408,25.49310624
1201,4911,196.91698488,26.6035536
1201,4912,204.31329216,27.3167856
1201,4913,212.54996352,31.33612224
1201,4914,221.2020468,29.59693344
1201,4915,228.1859292,21.31905312
1201,4916,233.44653336,16.90579296
1201,4917,238.03075584,16.4098224
1201,4918,242.5762992,16.4098224
1201,4919,247.1473848,16.4592
1201,4920,251.7193848,16.4592
1201,4921,256.4011128,18.434304
1201,4922,262.0806036,21.24663264
1201,4923,268.04090664,21.76125696
1201,4924,274.26263664,22.98143232
1201,4925,280.68059688,23.8548672
1201,4926,287.83541112,27.17304192
1201,4927,295.4414208,27.432
1201,4928,303.06151224,27.432
1201,4929,310.64536296,26.86470624
1201,4930,318.10464192,27.377136
1201,4931,326.06601792,29.92940928
1201,4932,334.28306016,28.2933648
1201,4933,341.01094104,19.59522624
1201,4934,346.99532328,21.70749024
1201,4935,351.50538792,13.8147552
1201,4936,355.3448316,14.03091936
1201,4937,359.56460472,16.13769696
1201,4938,364.09118952,16.4592
1201,4939,368.6775456,17.00564544
1201,4940,373.60588728,17.83299456
1201,4941,378.73448256,20.14715808
1201,4942,385.33510944,27.1741392
1201,4943,393.0575832,27.95979168
1207,4885,12.5986032,16.349472
1207,4886,15.31656576,16.25510592
1207,4887,19.82425296,16.18049088
1207,4888,24.23650728,15.63953184
1207,4889,28.63858128,17.40615264
1207,4890,34.84616856,26.13501504
1207,4891,42.13930104,25.49968992
1207,4892,48.63163248,21.97632384
1207,4893,55.0008552,23.94703872
1207,4894,61.68246744,24.04798848
1207,4895,68.3977296,24.43423104
1207,4896,75.142344,24.1346736
1207,4897,81.75821088,23.57615808
1207,4898,88.6070364,24.96312
1207,4899,95.2704216,23.97117888
1207,4900,102.27698112,26.032968
1207,4901,109.0792332,23.14273248
1207,4902,116.03726856,26.99199072
1207,4903,123.1693752,24.06664224
1207,4904,129.8764992,24.8753376
1207,4905,137.0531676,25.5721104
1207,4906,144.23340216,27.06660576
1207,4907,151.83922896,27.432
1207,4908,159.45816216,27.3881088
1207,4909,167.21093304,28.80030816
1207,4910,175.46394168,30.23335584
1207,4911,183.71734656,29.24031744
1207,4912,191.6050524,27.48796128
1207,4913,199.222614,27.39578976
1207,4914,206.60688168,24.86217024
1207,4915,213.38350008,24.89399136
1207,4916,220.02112968,20.9635344
1207,4917,224.92554456,16.35056928
1207,4918,229.37437488,15.36411456
1207,4919,233.34402912,13.0192272
1207,4920,236.93106792,13.06970208
1207,4921,240.83323944,15.49578816
1207,4922,245.31504912,16.4537136
1207,4923,250.1307672,19.48001184
1207,4924,256.173732,23.60907648
1207,4925,263.0785188,24.990552
1207,4926,270.0816036,26.31057984
1207,4927,277.51723008,26.7846048
1207,4928,284.93447712,26.39068128
1207,4929,292.3856484,27.38371968
1207,4930,300.00741624,27.432
1207,4931,307.62342336,27.30910464
1207,4932,315.20318976,27.3935952
1207,4933,322.97129208,29.38845024
1207,4934,331.45107192,30.11046048
1207,4935,339.11761488,24.28500096
1207,4936,344.77494672,17.14280544
1207,4937,349.14812568,15.07333536
1207,4938,353.32193496,15.02505504
1207,4939,357.60855072,16.04662272
1207,4940,362.10627096,16.27046784
1207,4941,366.6719616,16.4592
1207,4942,371.2439616,16.45261632
1207,4943,376.0598016,19.48001184
1207,4944,382.23495816,25.15624128
1207,4945,389.8029288,27.85774464
1207,4946,397.48340112,26.97443424
1207,4947,404.85495864,26.98650432
1207,4948,412.29250536,25.64123904
1207,4949,419.15391912,23.95801152
1207,4950,425.13452184,19.44050976
1207,4951,430.55228088,19.48440096
1207,4952,436.08287688,19.8113904
1207,4953,441.46290168,20.28212352
1207,4954,447.48629832,22.54032576
1207,4955,453.74042856,23.27001696
1207,4956,460.6485072,25.3800864
1207,4957,467.54631408,25.91116992
1207,4958,475.37388288,28.95283008
1207,4959,483.42733896,28.55561472
1207,4960,491.16941136,27.69095808
1207,4961,497.6853648,27.432
1214,4889,20.95390272,12.53313216
1214,4890,24.60936912,13.95081792
1214,4891,28.41287688,13.30342272
1214,4892,32.00089104,12.0810528
1214,4893,36.3364272,21.39696
1214,4894,42.82436952,21.75467328
1214,4895,49.27954584,29.77908192
1214,4896,59.10657216,37.39859424
1214,4897,69.14592216,33.05994912
1214,4898,77.35827048,27.130248
1214,4899,84.5143344,25.19135424
1214,4900,91.42570488,24.48799776
1214,4901,98.24825664,25.1441712
1214,4902,105.24280704,25.27694208
1214,4903,112.52368656,26.97223968
1214,4904,120.1617612,27.3112992
1214,4905,127.54255416,25.75535616
1214,4906,134.53625112,24.6723408
1214,4907,141.30037272,24.44300928
1214,4908,148.36478328,26.2414512
1214,4909,155.80114128,27.43419456
1214,4910,163.41007704,27.34312032
1214,4911,171.29330232,30.00402432
1214,4912,179.40396936,27.62292672
1214,4913,187.02241488,27.2070576
1214,4914,194.35791456,25.80583104
1214,4915,201.51800184,25.74986976
1214,4916,208.67601648,25.7970528
1214,4917,215.4591576,19.99134432
1214,4918,220.65505272,20.574
1214,4919,225.79745544,15.63294816
1214,4920,229.9363956,15.17977152
1214,4921,234.369102,16.19146368
1214,4922,238.79440176,16.10368128
1214,4923,243.337842,16.44054624
1214,4924,247.91468832,16.92664128
1214,4925,253.3197372,22.04216064
1214,4926,260.07337368,26.32484448
1214,4927,267.50997552,27.00515808
1214,4928,275.03832216,26.95578048
1214,4929,282.28890456,24.27732
1214,4930,288.53974296,21.96974016
1214,4931,295.16030376,26.4554208
1214,4932,302.75500536,27.432
1214,4933,310.35814992,27.27947808
1214,4934,317.9512056,27.52856064
1214,4935,325.96494624,30.31674912
1214,4936,334.17470376,26.61562368
1214,4937,340.21647984,17.74740672
1214,4938,344.7239232,14.86046304
1214,4939,348.1079652,10.21238496
1214,4940,350.8871316,10.0071936
1214,4941,353.75307456,12.15457056
1214,4942,358.25195304,18.61206336
1214,4943,363.41102832,18.3465216
1214,4944,368.31312672,18.37834272
1214,4945,374.074944,22.26051936
1214,4946,380.81623608,26.8065504
1214,4947,388.685532,28.99233216
1214,4948,396.54348936,27.74801664
1214,4949,404.15693616,26.7462
1214,4950,411.49639824,25.01359488
1214,4951,417.81377448,22.13433216
1214,4952,423.86682816,20.87904384
1214,4953,429.777906,21.9071952
1214,4954,435.73378944,20.61679392
1214,4955,441.50770728,21.58459488
1214,4956,447.75055992,23.46313824
1214,4957,454.10466456,21.33990144
1214,4958,460.5465516,27.66133152
1214,4959,468.40341168,22.80915936
1214,4960,475.72114152,35.44324128
1214,4961,485.69523384,32.47729344
1214,4962,493.37494416,23.85706176
1214,4963,498.26466768,24.44959296
1222,4892,19.7303136,17.0517312
1222,4893,22.82302776,17.02100736
1222,4894,27.67648008,19.92221568
1222,4895,34.66472112,28.46563776
1222,4896,42.4272456,25.01030304
1222,4897,46.78097832,5.5302912
1222,4898,50.00036736,27.56147904
1222,4899,60.46137768,40.4128224
1222,4900,70.67745072,31.81234176
1222,4901,78.5906988,27.38591424
1222,4902,86.6537256,29.0834064
1222,4903,94.22651208,26.33581728
1222,4904,101.65424424,26.828496
1222,4905,109.1403456,27.39140064
1222,4906,116.79085608,27.6404832
1222,4907,123.69750216,18.99062496
1222,4908,129.15494616,24.35083776
1222,4909,136.22386776,25.292304
1222,4910,143.1711132,25.05748608
1222,4911,150.2217468,26.34898464
1222,4912,157.82860992,27.97186176
1222,4913,165.53636184,27.349704
1222,4914,173.15105832,27.43309728
1222,4915,180.77425872,27.44516736
1222,4916,188.38612056,26.90969472
1222,4917,195.45522504,24.42764736
1222,4918,202.21568904,23.7067344
1222,4919,208.24786392,20.2503024
1222,4920,213.85581816,20.15483904
1222,4921,219.40771968,18.5769504
1222,4922,223.4055984,11.46877056
1222,4923,226.84608936,14.54005728
1222,4924,231.32335752,16.4592
1222,4925,235.91541336,17.3315376
1222,4926,241.4361948,21.79307808
1222,4927,247.57492776,23.31390816
1222,4928,254.89162128,29.14704864
1222,4929,263.30126664,29.91514464
1222,4930,271.12084968,27.15109632
1222,4931,278.4771672,25.46128512
1222,4932,285.24656184,23.61127104
1222,4933,292.11160272,26.50370112
1222,4934,299.70517656,27.432
1222,4935,307.32407928,27.3551904
1222,4936,314.90329704,27.35628768
1222,4937,322.40604048,25.9012944
1222,4938,329.24733744,22.5929952
1222,4939,334.47584616,16.4427408
1222,4940,338.61731616,12.79318752
1222,4941,341.8543836,10.95963264
1222,4942,344.87787768,11.42707392
1222,4943,348.72817224,16.05210912
1222,4944,353.23567656,16.21340928
1222,4945,357.93294936,18.67131648
1222,4946,363.70775112,21.89951424
1222,4947,369.80890224,22.41304128
1222,4948,376.73609184,27.25753248
1222,4949,384.66281208,30.03474816
1222,4950,393.11409312,29.9612304
1222,4951,400.92578184,26.115264
1222,4952,408.06876984,26.77034016
1222,4953,415.48431,25.0673616
1222,4954,422.0905452,22.93534656
1222,4955,428.04316728,19.75104
1222,4956,433.81550016,22.5820224
1222,4957,440.37110808,25.69939488
1222,4958,448.0246056,27.9641808
1222,4959,455.12211744,21.95547552
1222,4960,461.66888616,26.73851904
1222,4961,468.38183184,17.9844192
1222,4962,474.1014648,26.95797504
1222,4963,482.06061576,33.20588736
1222,4964,491.31330744,25.54577568
1222,4965,496.78123656,18.30372768
1222,4966,499.8921168,17.5235616
1225,4934,290.8604292,27.3551904
1225,4935,295.43666592,27.25533792
1225,4936,302.795178,26.51796576
1225,4937,310.22458656,25.8738624
1225,4938,317.05777584,23.37096672
1225,4939,323.85545592,24.92252064
1225,4940,329.69045568,16.50199392
1225,4941,333.3318708,11.25480096
1225,4942,336.79567896,13.51410048
1225,4943,340.2813108,11.78917632
1225,4944,343.75520784,14.2591536
1225,4945,348.24305256,17.3589696
1225,4946,353.1365556,17.6552352
1225,4947,358.15316736,19.39113216
1225,4948,364.02062832,22.29892416
1225,4949,370.33166472,23.58713088
1225,4950,377.32697712,25.6818384
1225,4951,384.588258,26.95578048
1225,4952,392.0366556,25.53041376
1225,4953,398.45242128,23.26343328
1225,4954,405.11431296,22.82013216
1225,4955,410.96589384,19.61168544
1225,4956,416.41340136,19.6467984
1225,4957,421.82043144,18.2203344
1225,4958,427.0302864,21.48803424
1225,4959,433.36396944,23.0099616
1225,4960,439.74846264,22.96716768
1225,4961,445.9089888,21.14787744
1225,4962,451.55132448,18.45186048
1225,4963,456.79650576,21.60215136
1225,4964,463.31072184,24.25756896
1225,4965,469.24764672,19.00050048
1225,4966,475.6477152,26.59038624
1225,4967,482.80454112,21.97193472
1225,4968,487.96815792,21.07765152
1225,4969,494.92820496,26.12404224
1225,4970,500.7263036,26.0274816
1232,4895,22.75898928,16.8322752
1232,4896,26.4049764,18.6098688
1232,4897,30.94622208,12.59896896
1232,4898,34.78447704,17.36006688
1232,4899,40.39398576,21.89841696
1232,4900,46.38482976,20.0034144
1232,4901,51.15394392,19.64789568
1232,4902,60.29849256,42.3604944
1232,4903,71.98242144,41.04266112
1232,4904,82.397346,32.35659264
1232,4905,90.45552648,27.42431904
1232,4906,98.03157432,27.39030336
1232,4907,105.63901656,27.37823328
1232,4908,113.25752304,27.53953344
1232,4909,120.93403296,27.53843616
1232,4910,128.43290544,26.75827008
1232,4911,135.87051312,26.22060288
1232,4912,142.87768224,24.8204736
1232,4913,150.16218888,27.4210272
1232,4914,157.78301184,27.42761088
1232,4915,165.38304744,27.35080128
1232,4916,172.99826208,27.432
1232,4917,180.62191968,27.31568832
1232,4918,187.86521736,24.02823744
1232,4919,194.1188904,21.9456
1232,4920,199.78323264,17.80556256
1232,4921,204.31106712,15.60661344
1232,4922,208.47777456,14.1329664
1232,4923,212.3669616,15.24231648
1232,4924,216.89772216,16.4921184
1232,4925,221.21097744,13.95630432
1232,4926,224.90954256,13.94313696
1232,4927,229.18661808,16.32533184
1232,4928,233.80860528,17.82860544
1232,4929,239.46438264,21.84465024
1232,4930,245.63563776,23.85815904
1232,4931,252.93014184,27.39578976
1232,4932,260.72427408,28.98794304
1232,4933,268.68507096,27.62292672
1232,4934,276.26556888,27.43419456
1232,4935,283.65855384,24.87862944
1232,4936,290.71759992,27.11269152
1232,4937,298.3287912,27.432
1232,4938,305.94394488,26.95907232
1232,4939,312.67402032,21.1061808
1232,4940,317.78728416,16.10038944
1232,4941,321.64620456,11.52473184
1232,4942,324.57789288,10.17617472
1232,4943,327.40235256,10.1717856
1232,4944,330.22751328,10.23542784
1232,4945,333.17785536,11.25919008
1232,4946,336.86718504,16.49870208
1232,4947,341.76462,16.76973024
1232,4948,346.55845344,19.4822064
1232,4949,352.48708776,21.94779456
1232,4950,358.57031664,21.7151712
1232,4951,364.75318464,23.72429088
1232,4952,371.60807568,25.3800864
1232,4953,378.97295808,26.94590496
1232,4954,386.5668672,27.92138688
1232,4955,394.18592232,25.4130048
1232,4956,400.81035408,24.27951456
1232,4957,407.36358456,21.8797632
1232,4958,413.61442296,23.61236832
1232,4959,420.03104208,22.0717872
1232,4960,425.85912288,20.45768832
1232,4961,431.5519944,20.71116
1232,4962,437.29189656,20.11753152
1232,4963,443.17343928,23.61017376
1232,4964,449.76693384,22.29563232
1232,4965,455.65073208,20.62557216
1232,4966,461.55531768,23.0648256
1232,4967,468.00436752,20.6947008
1232,4968,474.46911456,27.58123008
1232,4969,481.8779796,23.75720928
1232,4970,487.62413016,19.54914048
1232,4971,493.3597956,20.53888704
1232,4972,498.150963733333,16.5786816
1233,4900,20.434808,25.6653792
1233,4901,24.91136496,25.292304
1233,4902,31.12486536,19.79712576
1233,4903,36.81743208,22.76636544
1233,4904,43.61236896,25.5062736
1233,4905,52.05124464,34.76402496
1233,4906,61.58426088,29.8076112
1233,4907,67.28987304,21.86110944
1233,4908,75.89087184,32.33354976
1233,4909,83.60712768,24.20489952
1233,4910,90.31830552,23.6957616
1233,4911,96.53988312,22.85743968
1233,4912,103.33896528,23.67710784
1233,4913,109.5231744,21.9456
1233,4914,115.63636512,22.15188864
1233,4915,121.74312456,21.43755936
1233,4916,127.63125096,21.31137216
1233,4917,134.19911184,26.59367808
1233,4918,141.90204792,29.30944608
1233,4919,150.69564984,32.9074272
1233,4920,159.8380344,32.8525632
1233,4921,168.91183896,31.9473072
1233,4922,177.23991984,28.11670272
1233,4923,184.88890632,27.459432
1233,4924,190.61192256,27.43638912
1244,4897,12.8299464,23.59152
1244,4898,16.45749312,23.61017376
1244,4899,23.03416272,23.67601056
1244,4900,29.63094912,23.84060256
1244,4901,36.25269864,24.06993408
1244,4902,43.30022328,26.54100864
1244,4903,50.71359936,27.47369664
1244,4904,59.51515656,35.54199648
1244,4905,69.45093552,34.43484096
1244,4906,78.2176236,30.52742688
1244,4907,86.88452016,31.03985664
1244,4908,95.39154912,30.17849184
1244,4909,103.54080384,28.32957504
1244,4910,111.05961024,25.51944096
1244,4911,117.73186512,23.125176
1244,4912,124.05768432,22.15518048
1244,4913,129.99860208,21.77881344
1244,4914,136.23618168,22.10909472
1244,4915,142.56175704,24.78426336
1244,4916,149.79664224,26.4554208
1244,4917,157.32139224,27.15877728
1244,4918,164.78003112,27.06770304
1244,4919,172.388022,27.432
1244,4920,180.01079568,27.45614016
1244,4921,187.31234064,23.89436928
1244,4922,193.32452064,19.47342816
1244,4923,198.15721608,16.45810272
1244,4924,202.71964536,16.404336
1244,4925,207.24065232,15.91385184
1244,4926,211.6003896,15.44860512
1244,4927,215.8108968,15.11064288
1244,4928,219.86421864,13.49215488
1244,4929,224.10127392,17.81872992
1244,4930,229.09843944,17.54879904
1244,4931,233.8573428,18.3574944
1244,4932,239.61916008,21.85452576
1244,4933,245.8058076,23.86254816
1244,4934,253.08513264,27.28715904
1244,4935,260.16420408,22.7027232
1244,4936,266.27239608,23.6244384
1244,4937,273.27554184,26.30070432
1244,4938,280.8424152,27.432
1244,4939,288.44845536,27.30142368
1244,4940,296.04702792,27.44407008
1244,4941,303.34509816,23.66503776
1244,4942,308.74947648,14.97677472
1244,4943,312.06929712,10.50426144
1244,4944,314.85724176,10.23542784
1244,4945,318.91473936,20.52681696
1244,4946,322.38714288,4.04676864
1244,4947,325.2235812,14.55651648
1244,4948,329.28757104,14.84729568
1244,4949,333.57116928,16.1190432
1244,4950,338.13143448,16.4592
1244,4951,342.73482888,17.67937536
1244,4952,348.50353464,23.16028896
1244,4953,355.03658736,23.87461824
1244,4954,362.1226692,27.0698976
1244,4955,369.72428976,27.432
1244,4956,377.34496032,27.39469248
1244,4957,384.81856488,26.41372416
1244,4958,392.08045536,24.84571104
1244,4959,397.98958248,19.83662784
1244,4960,404.03169384,22.56336864
1244,4961,409.25209488,13.3264656
1244,4962,412.68082056,14.41935648
1244,4963,417.3675168,18.57256128
1244,4964,422.38114152,16.44712992
1244,4965,426.82207752,16.7664384
1244,4966,432.21932352,21.6054432
1244,4967,438.02530632,20.49280128
1244,4968,444.02971392,22.20675264
1244,4969,449.9718204,18.4727088
1244,4970,453.95180736,12.19736448
1244,4971,457.65509688,15.49578816
1244,4972,462.5838348,19.60729632
1244,4973,468.58495056,25.46347968
1244,4974,476.62167312,30.62069568
1244,4975,486.23472984,37.69485984
1244,4976,495.13321344,26.04284352
1244,4977,499.71452,25.621488
1262,4904,12.4163836,31.5138816
1262,4905,19.39671,31.37013792
1262,4906,27.90053856,28.70374752
1262,4907,35.41590072,26.58270528
1262,4908,42.64667112,24.51213792
1262,4909,49.0814868,22.77075456
1262,4910,55.23436248,20.50487136
1262,4911,60.53075016,18.65376
1262,4912,66.19576296,24.69757824
1262,4913,74.1736896,29.71873152
1262,4914,82.29289104,29.50915104
1262,4915,90.58912032,29.66606208
1262,4916,97.87420608,21.84794208
1262,4917,103.55241672,20.27553984
1262,4918,109.80776616,25.87715424
1262,4919,117.29508672,26.63208288
1262,4920,124.2857052,22.65554016
1262,4921,130.02960024,20.6069184
1262,4922,135.94226304,21.17640672
1262,4923,141.87153744,21.79636992
1262,4924,147.9543396,21.89841696
1262,4925,154.18365912,23.09993856
1262,4926,160.87725,24.57797472
1262,4927,167.46815376,23.43899808
1262,4928,173.83832136,22.07507904
1262,4929,179.93648544,21.95767008
1262,4930,186.03516768,21.973032
1262,4931,192.1378428,21.94669728
1262,4932,198.23381232,21.9346272
1262,4933,204.31685832,21.90609792
1262,4934,210.88194552,27.1905984
1262,4935,219.3525204,31.94072352
1262,4936,228.34841808,32.87670336
1262,4937,237.48854712,32.82952032
1262,4938,246.3174144,30.34747296
1262,4939,254.43734736,28.5951168
1262,4940,262.70827824,30.89721024
1262,4941,270.93766488,27.86871744
1262,4942,278.54873424,27.43090272
1262,4943,285.71400312,23.19540192
1262,4944,291.41754264,17.82860544
1262,4945,296.039286,16.4592
1262,4946,300.56916264,16.34179104
1262,4947,305.18490144,16.57660896
1262,4948,309.74318544,16.30777536
1262,4949,314.28497976,16.45810272
1262,4950,318.85697976,16.4537136
1262,4951,323.6630052,19.07401824
1262,4952,329.28385248,20.47963392
1262,4953,334.80475584,18.27080928
1262,4954,339.49062912,16.44712992
1262,4955,344.2138404,18.81615744
1262,4956,350.08889088,22.24954656
1262,4957,356.26252344,22.16286144
1262,4958,362.46041808,22.2638112
1262,4959,368.56854912,21.9456
1262,4960,374.66467104,21.9456
1262,4961,380.7700284,22.14091584
1262,4962,387.00245688,22.603968
1262,4963,393.26036664,21.94889184
1262,4964,398.58263184,16.66439136
1262,4965,403.15795416,16.86629088
1262,4966,408.17950368,18.85895136
1262,4967,413.92105176,22.70930688
1262,4968,420.26384832,22.79270016
1262,4969,426.31254336,19.23202656
1262,4970,431.2101612,17.69473728
1262,4971,436.104792,17.25582528
1262,4972,440.93639016,17.71887744
1262,4973,445.8821664,18.3410352
1262,4974,451.27413936,20.59923744
1262,4975,458.15816928,27.73155744
1262,4976,465.20032944,23.03410176
1262,4977,471.6042384,24.73488576
1262,4978,478.8200736,26.11197216
1262,4979,485.7984696,24.9247152
1262,4980,493.1609136,26.61233184
1262,4981,498.5772096,21.4390224
1265,4902,13.9761468,26.6968224
1265,4903,18.4439052,26.77472928
1265,4904,25.8785868,26.70121152
1265,4905,33.2820264,26.33910912
1265,4906,40.43562144,25.47664704
1265,4907,47.49853848,24.70745376
1265,4908,53.92768488,22.21553088
1265,4909,60.11802048,22.99240512
1265,4910,67.72573704,32.31928512
1265,4911,76.21865376,27.65913696
1265,4912,83.24929248,23.26343328
1265,4913,89.93300784,24.70306464
1265,4914,96.75531576,24.33437856
1265,4915,103.41778656,22.93424928
1265,4916,109.60281864,22.2254064
1265,4917,115.81860504,22.63908096
1265,4918,122.1025752,22.49204544
1265,4919,128.63934648,25.73889696
1265,4920,136.07149824,25.40971296
1265,4921,142.48052784,21.91158432
1265,4922,148.56293376,22.18919616
1265,4923,155.60768472,28.88370144
1265,4924,163.811712,29.53768032
1265,4925,172.22330808,30.29699808
1265,4926,180.14057952,27.43858368
1265,4927,187.7930712,28.03440672
1265,4928,195.77855688,29.08121184
1265,4929,203.55921696,24.39472896
1265,4930,209.0172096,19.12778496
1265,4931,215.07913296,22.85195328
1265,4932,221.43515784,22.8563424
1265,4933,227.8020336,23.03519904
1265,4934,234.19149504,22.89145536
1265,4935,240.51085248,22.6752912
1265,4936,246.9975756,25.18915968
1265,4937,254.4331716,26.54430048
1265,4938,261.46640112,25.68403296
1265,4939,269.01471216,27.60537024
1265,4940,276.66296712,27.3277584
1265,4941,284.13489528,26.581608
1265,4942,291.46527432,26.33801184
1265,4943,298.56056112,23.1142032
1265,4944,303.84548832,16.4262816
1265,4945,308.41002072,16.65890496
1265,4946,312.5134212,12.41682048
1265,4947,315.74710536,11.10996
1265,4948,318.79348992,10.97389728
1265,4949,321.9992544,13.01593536
1265,4950,326.42583432,18.15669216
1265,4951,331.52605272,18.3574944
1265,4952,336.62590536,18.30043584
1265,4953,341.50776504,17.37652608
1265,4954,346.92430488,21.8139264
1265,4955,353.220528,22.86073152
1265,4956,359.47170168,21.91707072
1265,4957,365.52923592,22.4832672
1265,4958,371.99550696,23.5147104
1265,4959,378.52816344,23.5147104
1265,4960,385.0654224,23.59920096
1265,4961,391.61761656,23.51909952
1265,4962,398.14243968,22.9441248
1265,4963,403.56263712,16.1355024
1265,4964,408.19571904,17.4138336
1265,4965,413.48844912,21.47157504
1265,4966,419.58472344,21.44194848
1265,4967,424.77366912,17.28874368
1265,4968,429.94944744,19.0816992
1265,4969,435.21803736,18.406872
1265,4970,440.0863944,17.09123328
1265,4971,444.34798608,12.728448
1265,4972,447.94575384,14.40838368
1265,4973,452.20323072,17.38420704
1265,4974,458.72561544,28.34383968
1265,4975,466.67854848,28.39102272
1265,4976,472.08573096,14.95044
1265,4977,480.27460968,39.67435296
1265,4978,490.35312648,30.76553664
1265,4979,497.3268184,24.060912
1274,4959,409.452064,19.3285872
1274,4960,414.3487776,23.17345632
1274,4961,420.2937492,19.66106304
1274,4962,425.7646044,19.89149184
1274,4963,431.60088432,21.9456
1274,4964,437.67387192,21.03266304
1274,4965,442.8707424,17.87578848
1274,4966,448.26521472,20.30297184
1274,4967,453.22915704,15.58905696
1274,4968,457.72428648,16.5469824
1274,4969,462.40973304,17.46101664
1274,4970,467.77750488,18.98733312
1274,4971,473.6000688,25.67525472
1274,4972,480.97202256,26.21182464
1274,4973,487.28494872,19.05316992
1274,4974,492.10789056,18.07110432
1274,4975,497.57877624,18.17973504
1277,4909,19.9616568,27.432
1277,4910,24.1761264,27.432
1277,4911,31.71349512,26.15805792
1277,4912,38.81783448,25.840944
1277,4913,45.77794248,23.41924704
1277,4914,52.4822928,27.32336928
1277,4915,60.7219512,30.21799392
1277,4916,68.94173664,28.40638464
1277,4917,76.70691288,27.870912
1277,4918,84.45477648,27.98722368
1277,4919,92.1206184,27.25753248
1277,4920,99.81416664,27.9422352
1277,4921,107.4612024,27.14560992
1277,4922,114.74141136,24.8040144
1277,4923,121.16427888,22.0333824
1277,4924,127.18032984,21.22578432
1277,4925,133.264656,22.60506528
1277,4926,139.4341128,21.9456
1277,4927,145.52224896,21.88963872
1277,4928,151.61065944,21.9456
1277,4929,157.70668992,21.9456
1277,4930,163.78848624,21.86001216
1277,4931,169.87637856,21.90500064
1277,4932,175.84829448,21.4463376
1277,4933,181.91844744,21.94779456
1277,4934,188.01868416,21.97522656
1277,4935,194.11739688,22.13872128
1277,4936,200.90123904,26.91408384
1277,4937,208.66361112,29.92063104
1277,4938,217.57940736,32.86024416
1277,4939,226.6806744,32.81086656
1277,4940,235.82034624,32.8690224
1277,4941,244.93785912,32.8690224
1277,4942,254.0494284,32.39499744
1277,4943,262.947912,31.29662016
1277,4944,270.9668952,26.7023088
1277,4945,277.6721904,20.76931584
1277,4946,282.6317436,16.34069376
1277,4947,287.22578064,16.44712992
1277,4948,291.78174816,16.4592
1277,4949,296.35387008,16.4592
1277,4950,300.92587008,16.4592
1277,4951,305.497992,16.4592
1277,4952,310.05700752,16.30338624
1277,4953,314.59864944,16.4592
1277,4954,319.17013128,16.4537136
1277,4955,324.09789384,19.8772272
1277,4956,329.89558608,21.01181472
1277,4957,335.7778908,21.2104224
1277,4958,341.69415024,21.65920992
1277,4959,347.94096528,23.83950528
1277,4960,354.79530768,24.93678528
1277,4961,361.64004888,23.41485792
1277,4962,367.82264256,21.94340544
1277,4963,374.06957952,23.70453984
1277,4964,381.2808732,28.85956128
1277,4965,385.9063656,31.5138816
1278,4907,20.8407,32.6660256
1278,4908,26.33584776,28.99452672
1278,4909,33.21536664,23.11310592
1278,4910,39.71184336,23.40717696
1278,4911,46.218348,23.53007232
1278,4912,52.91672424,24.64820064
1278,4913,59.7755472,24.69209184
1278,4914,66.63241944,24.85010016
1278,4915,74.62985328,33.69417696
1278,4916,83.8356802666667,35.14344
1285,4911,19.815048,31.1651904
1285,4912,28.00767576,30.69969984
1285,4913,35.15648544,20.6124048
1285,4914,41.00651184,21.9565728
1285,4915,47.10976608,22.35817728
1285,4916,54.38522016,30.39575328
1285,4917,63.05269584,31.23517248
1285,4918,71.18475984,26.61781824
1285,4919,78.37572336,26.27766144
1285,4920,85.61652168,24.73049664
1285,4921,92.58754152,26.53113312
1285,4922,100.0260636,26.97443424
1285,4923,107.51280504,25.95176928
1285,4924,114.43246608,23.85267264
1285,4925,120.70881624,21.95437824
1285,4926,126.6140724,20.41160256
1285,4927,132.42438336,21.67128
1285,4928,138.38166888,21.57362208
1285,4929,144.87162288,25.45909056
1285,4930,152.21748576,26.01980064
1285,4931,158.98937976,22.58641152
1285,4932,164.88088944,21.21481152
1285,4933,170.77325256,19.4822064
1285,4934,175.58793432,16.58648448
1285,4935,180.65316168,20.45220192
1285,4936,186.65711208,22.56227136
1285,4937,193.58759352,27.1247616
1285,4938,201.19844952,27.377136
1285,4939,209.30841552,32.40158112
1285,4940,218.73344112,33.62724288
1285,4941,227.89335168,32.84488224
1285,4942,237.03354168,32.83829856
1285,4943,246.1508412,32.89425984
1285,4944,255.2206224,32.02850592
1285,4945,263.93421432,29.86576704
1285,4946,270.9216324,20.53888704
1285,4947,275.96467032,16.66109952
1285,4948,280.53551208,16.4592
1285,4949,285.1071768,16.39994688
1285,4950,289.64500872,16.39007136
1285,4951,294.21630768,16.4592
1285,4952,298.7884296,16.4592
1285,4953,303.3604296,16.4592
1285,4954,307.93270392,16.42189248
1285,4955,312.4640436,16.33411008
1285,4956,317.031624,16.4592
1285,4957,321.7226484,18.87102144
1285,4958,327.88512528,23.9426496
1285,4959,334.80807816,26.56295424
1285,4960,342.3571512,26.41262688
1285,4961,349.02833928,22.33732896
1285,4962,355.23446352,22.3515936
1285,4963,361.39227696,22.03009056
1285,4964,367.50775368,21.94889184
1285,4965,373.6037232,21.9456
1285,4966,379.81490712,24.28719552
1285,4967,387.46093704,29.2479984
1285,4968,395.49881784,28.20119328
1285,4969,403.16773824,27.2344896
1285,4970,410.31389616,25.03663776
1285,4971,417.82758192,27.71619552
1285,4972,425.18408232,27.1247616
1285,4973,432.58514448,23.71441536
1286,4912,15.176754,24.41448
1286,4913,19.25250912,24.49567872
1286,4914,26.11791576,26.37970848
1286,4915,34.95312288,35.9798112
1286,4916,43.5043217142857,36.1506733714286
1293,4914,20.1118216,27.70632
1293,4915,25.0440444,27.70632
1293,4916,32.667702,25.95945024
1293,4917,39.88670712,29.19093984
1293,4918,48.68347896,31.80795264
1293,4919,57.31437864,30.72384
1293,4920,65.81125776,30.04572096
1293,4921,74.10413424,29.47732992
1293,4922,82.01640696,28.47551328
1293,4923,89.96726736,28.90125792
1293,4924,98.0814396,28.58743584
1293,4925,105.72061152,25.92762912
1293,4926,112.94693184,27.01064448
1293,4927,120.18337152,24.4912896
1293,4928,127.00001016,24.87643488
1293,4929,133.44756648,18.75580704
1293,4930,137.27807952,11.58508224
1293,4931,141.19033992,18.56268576
1293,4932,147.01717104,22.1156784
1293,4933,153.65352048,25.40093472
1293,4934,160.73905368,25.38118368
1293,4935,167.67892296,24.6942864
1293,4936,174.50915568,23.87461824
1293,4937,180.71281104,21.4024464
1293,4938,186.78482328,24.2718336
1293,4939,194.95032384,32.6111616
1293,4940,203.93296272,30.89282112
1293,4941,212.21428728,30.37490496
1293,4942,220.73978712,30.63825216
1293,4943,229.57270824,32.87121696
1293,4944,238.73898912,33.46704
1293,4945,248.12631096,33.22783296
1293,4946,256.9823664,31.01023008
1293,4947,265.15204272,25.01578944
1293,4948,270.52060704,16.3165536
1293,4949,275.05408032,16.4592
1293,4950,279.62601936,16.4592
1293,4951,284.1984156,16.4537136
1293,4952,288.74133768,16.33630464
1293,4953,293.30641872,16.46249184
1293,4954,297.87854064,16.4592
1293,4955,302.44517616,16.35276384
1293,4956,307.40640576,19.96391232
1293,4957,313.09251072,20.49609312
1293,4958,318.39782904,17.09891424
1293,4959,323.37920592,20.91635136
1293,4960,329.77765896,23.5695744
1293,4961,336.45793008,25.42068576
1293,4962,343.82037408,26.74181088
1293,4963,351.25673208,25.12551744
1293,4964,357.28134792,20.57290272
1293,4965,363.26941824,22.23967104
1293,4966,369.5020296,22.09263552
1293,4967,375.67715568,23.35889664
1293,4968,382.91670432,28.32518592
1293,4969,390.92041704,28.80798912
1293,4970,398.66123976,26.44115616
1293,4971,405.92843376,26.43676704
1293,4972,412.96827744,23.80878144
1293,4973,419.2627632,21.9565728
1293,4974,425.2959744,21.4408512
1293,4975,431.33326992,21.90500064
1293,4976,437.47511184,23.27550336
1293,4977,444.52818384,27.42322176
1293,4978,452.5489044,30.00951072
1293,4979,461.34659064,32.9238864
1293,4980,470.37607728,32.52118464
1293,4981,479.75651064,36.34959456
1293,4982,490.35413232,35.0471232
1293,4983,497.699927466667,22.8283008
1302,4923,51.8542306285714,35.3433888
1302,4924,60.19714656,35.49920256
1302,4925,66.7635952,39.8458944
1302,4927,94.7161428,28.5896304
1302,4928,99.55200816,29.0285424
1302,4929,107.48262984,27.69644448
1302,4930,115.09223616,27.35628768
1302,4931,122.59531488,26.2908288
1302,4932,129.26616768,22.9989888
1302,4933,135.85463304,23.3775504
1302,4934,142.23208536,22.44157056
1302,4935,148.25673168,21.36623616
1302,4936,154.29445392,23.30842176
1302,4937,161.43439392,26.8120368
1302,4938,168.81024912,25.55345664
1302,4939,175.90925448,26.85483072
1302,4940,183.51943992,27.43968096
1302,4941,191.14672464,27.4539456
1302,4942,198.7649568,27.43529184
1302,4943,206.67869256,30.77760672
1302,4944,215.90620776,34.1583264
1302,4945,225.1636848,32.7922128
1302,4946,234.05396928,32.15798496
1302,4947,243.24628008,32.15908224
1302,4948,251.37368064,26.25571584
1302,4949,257.97528288,22.35598272
1302,4950,264.15641352,20.8922112
1302,4951,269.16741696,16.19914464
1302,4952,273.67781688,16.44493536
1302,4953,278.25027408,16.4592
1302,4954,282.9622992,18.51550272
1302,4955,288.66818568,21.68444736
1302,4956,294.67414776,21.3914736
1302,4957,300.69406968,21.94779456
1302,4958,306.6841212,20.84063904
1302,4959,312.37882152,19.3834512
1302,4960,317.48132592,18.88199424
1302,4961,323.1050688,22.65663744
1302,4962,329.9584968,25.23744
1302,4963,336.97584624,25.57979136
1302,4964,344.34051528,26.91188928
1302,4965,351.53346,25.10137728
1302,4966,358.24274808,22.5052128
1302,4967,364.31253528,21.93243264
1302,4968,370.408962,21.9456
1302,4969,376.50063384,22.42511136
1302,4970,383.26722432,25.8189984
1302,4971,390.28597584,22.20565536
1302,4972,397.08633816,28.5951168
1302,4973,404.44905648,25.05529152
1302,4974,410.99990952,21.67457184
1302,4975,416.80266144,20.71774368
1302,4976,422.4724596,19.38454848
1302,4977,427.43969376,17.14280544
1302,4978,432.68984328,21.1171536
1302,4979,438.91873608,23.8219488
1302,4980,445.94513808,26.33362272
1302,4981,453.46080504,27.39140064
1302,4982,461.08952232,28.30214304
1302,4983,469.28431416,30.80833056
1302,4984,478.12851288,31.80685536
1302,4985,486.846372,31.38988896
1302,4986,495.62208216,31.5906912
1302,4987,500.879364,31.5358272
1305,4921,15.447264,20.84832
1305,4922,18.63644736,20.9251296
1305,4923,24.44697168,21.05241408
1305,4924,30.61225272,23.21186112
1305,4925,36.4303437,23.502366
1317,4951,216.282596571429,32.1769522285714
1317,4952,223.80811728,31.13202816
1317,4953,232.39646688,31.77283968
1317,4954,241.44555216,32.78892096
1317,4955,250.21013712,29.40271488
1317,4956,258.1692576,29.22934464
1317,4957,266.25343752,27.98941824
1317,4958,273.83283816,27.3003264
1317,4959,281.45113128,27.43419456
1317,4960,289.05013056,27.30252096
1317,4961,296.65595736,27.432
1317,4962,304.27601832,27.4374864
1317,4963,311.72344056,25.73889696
1317,4964,319.02157176,27.77654592
1317,4965,327.43542336,32.46741792
1317,4966,336.09683352,28.73666592
1317,4967,343.73798664,27.23558688
1317,4968,351.22814184,26.67268224
1317,4969,358.652826,26.663904
1317,4970,365.93227296,25.65111456
1317,4971,372.71513976,23.17345632
1317,4972,378.9512868,22.41633312
1317,4973,385.8956976,27.38920608
1317,4974,393.55361472,27.45723744
1317,4975,400.85930496,24.41886912
1317,4976,407.37641664,23.36548032
1317,4977,413.7541128,22.26161664
1317,4978,419.86544424,21.94779456
1317,4979,425.91673008,21.39696
1317,4980,431.777394,20.71445184
1317,4981,437.48623704,21.3585552
1317,4982,444.00347064,25.96603392
1317,4983,451.806564,29.16789696
1317,4984,459.80287008,28.38992544
1317,4985,467.81462952,30.16642176
1317,4986,476.53523184,31.61044224
1317,4987,484.54561968,25.63136352
1317,4988,491.55211824,24.65807616
1317,4989,497.4622893,23.3638344
1322,4955,241.6966972,33.2183232
1322,4956,248.59658688,30.03913728
1322,4957,256.75413216,28.64559168
1322,4958,264.51315144,27.51319872
1322,4959,272.09651448,26.25571584
1322,4960,276.5325432,21.12264
1329,4993,495.447915085714,20.3278957714286
1329,4994,498.6163764,9.12717504
1329,4995,499.8113448,8.4051648
1337,4920,22.0739716,22.8343968
1337,4921,27.196542,23.36438304
1337,4922,33.61145424,22.61274624
1337,4923,39.80953176,22.21662816
1337,4924,46.12154352,22.4338896
1337,4925,52.01375424,20.76712128
1337,4926,57.82028568,20.92293504
1337,4927,63.63236448,20.92951872
1337,4928,69.2575704,18.46393056
1337,4929,74.05975536,17.68925088
1337,4930,79.4572452,20.77919136
1337,4931,85.0858344,19.83553056
1337,4932,90.6755616,19.99353888
1337,4933,96.17595192,19.76530464
1337,4934,101.82218904,21.0732624
1337,4935,107.71028496,21.53302272
1337,4936,113.79278232,22.04325792
1337,4937,119.94026304,22.04216064
1337,4938,126.00163776,21.30588576
1337,4939,132.01220232,22.53045024
1337,4940,138.14477832,20.61569664
1337,4941,143.44226328,18.3355488
1337,4942,148.5342216,18.36627264
1337,4943,153.639774,18.37944
1337,4944,158.76669288,19.16289792
1337,4945,164.54746872,21.8687904
1337,4946,170.4703728,21.75577056
1337,4947,176.73450048,22.14530496
1337,4948,182.83278648,21.94669728
1337,4949,188.93457768,21.97522656
1337,4950,195.033138,21.9456
1337,4951,201.1250232,21.89512512
1337,4952,207.23464776,22.63469184
1337,4953,213.8854752,24.72939936
1337,4954,220.57211664,22.72686336
1337,4955,226.67220096,21.9126816
1337,4956,232.7684448,21.9456
1337,4957,238.85892792,21.85013664
1337,4958,244.9325556,21.9401136
1337,4959,251.02858608,21.94450272
1337,4960,257.17262256,22.8069648
1337,4961,263.72015328,23.59042272
1337,4962,269.98809096,21.68115552
1337,4963,276.03578016,21.9456
1337,4964,282.13174968,21.9456
1337,4965,288.21040656,21.81831552
1337,4966,294.288972,21.94669728
1337,4967,300.38494152,21.9456
1337,4968,306.48124632,21.93682176
1337,4969,312.54210288,21.79856448
1337,4970,318.62853216,21.96644832
1337,4971,325.08309888,24.95434176
1337,4972,332.1297396,24.62954688
1337,4973,338.50457064,21.93352992
1337,4974,344.57143176,22.00156128
1337,4975,350.8757016,23.15699712
1337,4976,357.28918128,22.6204272
1337,4977,363.3923136,21.82270464
1337,4978,369.4867896,21.9456
1337,4979,375.58382592,21.93682176
1337,4980,381.91799664,25.30437408
1337,4981,389.56847664,28.11011904
1337,4982,397.26772464,26.53442496
1337,4983,404.21978592,24.41448
1337,4984,410.87427096,23.49715392
1337,4985,417.47578176,23.87242368
1337,4986,424.0976532,23.54543424
1337,4987,430.4544096,22.5436176
1337,4988,436.37624688,19.87942176
1337,4989,441.78196632,18.75361248
1337,4990,446.78714808,17.95479264
1337,4991,451.90495344,18.05903424
1337,4992,456.5594628,16.32862368
1337,4993,461.31979872,17.98332192
1337,4994,466.609938,19.0542672
1337,4995,472.06649808,21.32783136
1337,4996,478.08136032,22.21772544
1337,4997,484.53671952,23.77696032
1337,4998,491.08549992,22.25393568
1337,4999,496.18139016,14.91971616
1337,5000,499.0691568,10.213848
1339,4972,349.8206364,31.9966848
1339,4973,355.16219544,32.1667632
1339,4974,364.16860872,32.68138752
1339,4975,373.61893272,36.45383616
1339,4976,383.47150128,34.54456896
1339,4977,393.81568176,34.93081152
1339,4978,401.9577432,27.432
1339,4979,409.57832232,27.43309728
1339,4980,417.13108344,27.44736192
1339,4981,424.83651888,27.29593728
1339,4982,432.01419312,24.32560032
1339,4983,438.21379464,19.28359872
1339,4984,443.67574968,23.44228992
1339,4985,450.91621272,26.61342912
1339,4986,457.95060048,23.9042448
1339,4987,464.74087392,26.03077344
1339,4988,472.64525232,31.1682384
1339,4989,481.33171704,27.1467072
1339,4990,487.36626936,20.42696448
1339,4991,494.21878296,28.74763872
1339,4992,499.5858944,29.90088
1352,4923,10.2330504,21.5396064
1352,4924,13.84636296,22.73125248
1352,4925,21.11666592,28.7871408
1352,4926,29.04832392,26.58928896
1352,4927,35.11990944,20.56192992
1352,4928,41.51266272,23.19759648
1352,4929,47.53737,19.79383392
1352,4930,52.91529168,20.25798336
1352,4931,58.81125144,22.137624
1352,4932,65.10704784,22.78063008
1352,4933,71.3783688,23.45216544
1352,4934,78.47191824,26.54210592
1352,4935,85.4596716,22.41523584
1352,4936,91.20079296,20.16142272
1352,4937,97.14390528,24.44081472
1352,4938,104.25327384,24.222456
1352,4939,110.4340692,20.11204512
1352,4940,115.49103648,17.11317888
1352,4941,120.62560584,20.29638816
1352,4942,126.30869328,20.2832208
1352,4943,132.69629544,25.99017408
1352,4944,139.86369792,24.71403744
1352,4945,145.593816,16.83885888
1352,4946,149.97153648,16.24413312
1352,4947,155.28834576,21.32783136
1352,4948,161.27824488,21.1829904
1352,4949,167.1268692,21.10508352
1352,4950,172.95162768,20.71006272
1352,4951,178.67318088,20.5904592
1352,4952,184.19015232,19.04109984
1352,4953,189.41905728,18.90832896
1352,4954,194.74147488,19.21556736
1352,4955,200.293986,21.00852288
1352,4956,206.21813976,21.53302272
1352,4957,213.2164392,29.82845952
1352,4958,220.88404896,23.32597824
1352,4959,227.24376192,22.86950976
1352,4960,233.56964208,23.00666976
1352,4961,239.7757968,21.84465024
1352,4962,245.85622152,21.9456
1352,4963,251.95237392,21.93791904
1352,4964,257.86881624,20.4313536
1352,4965,263.479788,20.50157952
1352,4966,269.39388336,21.67566912
1352,4967,275.43703104,21.9456
1352,4968,281.5329396,21.9456
1352,4969,287.61482736,21.81282912
1352,4970,293.68921704,21.94889184
1352,4971,299.785278,21.9456
1352,4972,305.88136944,21.9456
1352,4973,311.94841344,21.79856448
1352,4974,318.03133752,21.9401136
1352,4975,324.45911232,25.14087936
1352,4976,331.68790152,25.53590016
1352,4977,338.21382192,21.96864288
1352,4978,344.27669016,21.81282912
1352,4979,350.36534448,21.9456
1352,4980,356.462076,21.88963872
1352,4981,362.49751224,21.76235424
1352,4982,368.5873248,21.9456
1352,4983,374.68341624,21.9456
1352,4984,380.82842808,22.97265408
1352,4985,387.58410672,24.98835744
1352,4986,394.48749144,24.02714016
1352,4987,400.67523624,21.52973088
1352,4988,406.83201336,22.91010912
1352,4989,413.15828976,22.1156784
1352,4990,419.3747772,22.51728288
1352,4991,425.32770408,20.06266752
1352,4992,431.07632352,22.69504224
1352,4993,437.64802488,23.72099904
1352,4994,443.75451,19.74116448
1352,4995,449.33353872,22.72796064
1352,4996,455.93565912,21.6548208
1352,4997,461.44790616,19.43941248
1352,4998,466.84917552,19.47013632
1352,4999,471.91120248,16.81801056
1352,5000,476.65498776,17.69144544
1352,5001,481.66541208,18.56488032
1352,5002,486.07135704,10.23433056
1352,5003,488.66627184,11.86269408
1352,5004,492.40534488,14.7474432
1352,5005,495.73851576,7.75008864
1352,5006,497.5259544,6.803136
1352,5007,499.2807388,8.3996784
1362,4935,11.4516408,18.3684672
1362,4936,13.219176,18.3483504
1366,4929,20.790408,21.9456
1366,4930,24.71406792,22.09153824
1366,4931,30.61508736,19.7674992
1366,4932,35.9642664,20.11204512
1366,4933,42.50326272,27.43968096
1366,4934,50.56126032,29.25677664
1366,4935,58.6883256,29.25787392
1366,4936,65.38804296,12.31477344
1366,4937,67.91459112,19.8004176
1366,4938,76.40842224,33.93118944
1366,4939,85.03438416,25.63136352
1366,4940,91.22721912,20.81430432
1366,4941,96.5557632,19.07292096
1366,4942,102.27969384,21.33880416
1366,4943,108.12341088,20.3929488
1366,4944,113.4665244,18.16876224
1366,4945,118.43985456,17.20315584
1366,4946,122.81339928,16.39226592
1366,4947,127.56117744,15.94677024
1366,4948,132.15283704,17.93613888
1366,4949,137.25275064,18.69326208
1366,4950,142.93592952,21.86001216
1366,4951,149.01973752,21.93133536
1366,4952,155.34793416,24.96641184
1366,4953,162.80270208,27.349704
1366,4954,170.4092604,27.432
1366,4955,178.02654768,27.0369792
1366,4956,184.93621128,22.603968
1366,4957,191.09564016,22.2254064
1366,4958,197.25805608,21.70529568
1366,4959,202.83809064,18.89845344
1366,4960,208.08991656,18.90723168
1366,4961,213.32165616,18.74373696
1366,4962,218.53559544,19.17057888
1366,4963,224.24998584,21.75247872
1366,4964,230.335836,21.9456
1366,4965,236.43192744,21.93572448
1366,4966,242.50537224,21.86001216
1366,4967,248.5967088,21.9456
1366,4968,254.68938648,21.96644832
1366,4969,260.90066184,22.71040416
1366,4970,267.12668952,21.90390336
1366,4971,273.13740648,21.22578432
1366,4972,278.50971984,17.35787232
1366,4973,283.28212584,17.51039424
1366,4974,288.27691392,18.43210944
1366,4975,293.59731984,20.67165792
1366,4976,299.63077488,21.9456
1366,4977,305.72683584,21.9456
1366,4978,311.79354456,21.79417536
1366,4979,317.92127424,22.50192096
1366,4980,324.68112864,27.18401472
1366,4981,332.64658896,28.71142848
1366,4982,340.41152136,27.31020192
1366,4983,347.9538888,26.91408384
1366,4984,355.37674416,26.83178784
1366,4985,362.87778072,26.94261312
1366,4986,370.12683912,24.6833136
1366,4987,376.51005216,21.93791904
1366,4988,382.76180496,23.70015072
1366,4989,389.57908368,24.71732928
1366,4990,396.15828312,21.55826016
1366,4991,401.75148504,19.559016
1366,4992,407.3242044,20.21299488
1366,4993,412.5035184,17.30191104
1366,4994,417.39650328,18.31579776
1366,4995,422.34380352,17.05502304
1366,4996,426.959268,16.4592
1366,4997,431.531268,16.4592
1366,4998,436.16425848,17.00674272
1366,4999,440.91374352,17.24156064
1366,5000,445.73711208,17.68486176
1366,5001,450.91447536,18.66802464
1366,5002,455.73720384,16.87945824
1366,5003,460.63338912,18.92588544
1366,5004,466.11869184,18.5604912
1366,5005,470.77374984,18.68777568
1366,5006,476.86161168,22.06520352
1366,5007,481.6025928,10.86416928
1366,5008,484.29775632,11.7847872
1366,5009,488.39442072,16.212312
1366,5010,492.8033832,13.95959616
1366,5011,495.44639544,6.5068704
1366,5012,497.40985608,8.08914816
1366,5013,499.24313664,9.52000128
1380,4931,20.5508352,15.5374848
1380,4932,23.4289092,15.07991904
1380,4933,27.39819768,13.2990336
1380,4934,31.5001656,16.86848544
1380,4935,36.28768968,17.4522384
1380,4936,41.74534704,22.06191168
1380,4937,48.00551232,23.19320736
1380,4938,55.8460656,33.2969616
1380,4939,65.25636936,32.81196384
1380,4940,72.7645992,22.76856
1380,4941,79.0137612,21.97522656
1380,4942,85.08013464,21.58240032
1380,4943,90.98045304,20.3984352
1380,4944,96.28208328,18.1106064
1380,4945,100.88142384,13.9848336
1380,4946,104.09938032,10.55144448
1380,4947,106.66177296,6.6714624
1380,4948,108.22740864,5.35253184
1380,4949,109.61342568,5.07272544
1380,4950,111.15397632,6.43335264
1380,4951,113.81994,13.45484736
1380,4952,118.63980336,20.60033472
1380,4953,124.80191448,24.12040896
1380,4954,132.1161696,27.40127616
1380,4955,139.4024136,25.27255296
1380,4956,146.576796,25.90458624
1380,4957,153.71179824,26.02309248
1380,4958,161.13056928,27.21364128
1380,4959,168.96645912,30.29370624
1380,4960,177.87225792,32.65834464
1380,4961,186.92478744,32.0625216
1380,4962,195.50429784,30.17081088
1380,4963,203.86170048,29.68800768
1380,4964,211.88470704,28.34932608
1380,4965,219.64628664,25.80473376
1380,4966,225.52237344,18.3136032
1380,4967,230.62746864,18.39151008
1380,4968,235.878624,19.51622208
1380,4969,240.9064524,16.48882656
1380,4970,245.46616896,16.4592
1380,4971,250.038108,16.4592
1380,4972,254.60952888,16.7499792
1380,4973,259.92252816,21.43865664
1380,4974,265.9262652,21.70529568
1380,4975,272.49022464,26.29521792
1380,4976,280.07489832,27.432
1380,4977,287.68480944,27.30252096
1380,4978,295.27963296,27.43529184
1380,4979,302.90005968,27.432
1380,4980,310.4942736,26.81093952
1380,4981,317.26086408,22.1321376
1380,4982,323.64483912,25.15733856
1380,4983,331.02797904,26.92834848
1380,4984,338.57811888,27.3442176
1380,4985,346.09625472,26.30619072
1380,4986,353.16097008,25.03224864
1380,4987,359.76653472,22.15298592
1380,4988,365.83171944,21.9456
1380,4989,371.92765848,21.9456
1380,4990,377.68767744,18.38273184
1380,4991,382.33551168,16.09819488
1380,4992,386.7718452,15.98517504
1380,4993,391.20311904,15.91824096
1380,4994,395.73327,17.37103968
1380,4995,400.98610176,19.05865632
1380,4996,405.4595904,13.27379616
1380,4997,408.99591048,12.48156
1380,4998,412.30228944,11.56313664
1380,4999,415.80505104,14.45556672
1380,5000,419.7978396,13.03239456
1380,5001,423.06124176,10.97060544
1380,5002,426.10753488,10.98487008
1380,5003,429.43747488,13.01812992
1380,5004,433.37521656,15.77449728
1380,5005,437.70767424,14.6157696
1380,5006,441.8521008,16.30228896
1380,5007,446.6426424,17.43248736
1380,5008,451.4848476,17.43358464
1380,5009,456.32702232,17.43358464
1380,5010,461.16928848,17.43248736
1380,5011,466.0113108,17.43797376
1380,5012,470.87290128,17.5180752
1380,5013,475.72111104,17.4412656
1380,5014,480.0955092,12.45522528
1380,5015,483.55928688,14.22294336
1380,5016,486.821988,8.38541376
1380,5017,489.89562168,16.57112256
1380,5018,495.23007888,19.70605152
1380,5019,499.2221156,14.5682208
1389,4934,19.1202056,17.1504864
1389,4935,22.21117224,17.05502304
1389,4936,26.9376144,17.00784
1389,4937,31.5649356,15.49139904
1389,4938,36.39059016,20.244816
1389,4939,42.11077176,21.65262624
1389,4940,48.59706816,24.15003552
1389,4941,55.28438016,23.75720928
1389,4942,61.74949296,23.04726912
1389,4943,68.38773216,27.83140992
1389,4944,77.89182288,33.15650976
1389,4945,84.98515896,21.52753632
1389,4946,90.13679712,15.95335392
1389,4947,93.96234192,11.8012464
1389,4948,97.21391784,11.32722144
1389,4949,99.65841384,6.50248128
1389,4950,101.40936792,6.2654688
1389,4951,103.0722348,5.72121792
1389,4952,104.69075328,6.912864
1389,4953,108.11371824,17.28435456
1389,4954,113.05830576,17.80227072
1389,4955,118.32881592,20.83954176
1389,4956,124.42350528,22.74332256
1389,4957,131.15998152,25.96603392
1389,4958,138.17236272,25.01359488
1389,4959,145.59902808,27.3826224
1389,4960,153.16513944,27.5197824
1389,4961,161.18183664,29.82297312
1389,4962,169.53887352,30.62398752
1389,4963,178.2415536,31.83867648
1389,4964,187.05740592,30.84563808
1389,4965,195.43187736,30.09070944
1389,4966,203.46427176,27.0808704
1389,4967,210.50054928,24.30694656
1389,4968,217.21687824,23.01325344
1389,4969,222.87658752,18.34322976
1389,4970,227.6676168,16.4976048
1389,4971,232.23818424,16.4592
1389,4972,236.8100928,16.4592
1389,4973,241.36267704,16.3604448
1389,4974,245.9260512,16.4592
1389,4975,250.4980512,16.4592
1389,4976,255.13067592,17.88676128
1389,4977,261.02224656,23.70783168
1389,4978,267.7762488,25.46567424
1389,4979,275.20343232,27.3661632
1389,4980,282.29186112,22.10031648
1389,4981,288.90111384,27.14999904
1389,4982,296.50514232,27.43638912
1389,4983,303.86301432,24.92800704
1389,4984,310.28094408,21.82380192
1389,4985,316.34987784,21.9456
1389,4986,322.65033768,25.09150176
1389,4987,330.38988024,28.94076
1389,4988,338.26356528,27.2235168
1389,4989,345.68239728,26.5047984
1389,4990,352.86921552,25.40642112
1389,4991,359.59926048,22.4997264
1389,4992,365.62494312,20.683728
1389,4993,370.78084848,16.90579296
1389,4994,375.33888864,15.90617088
1389,4995,379.23081888,11.79356544
1389,4996,382.63848288,14.23611072
1389,4997,386.86624176,15.40361664
1389,4998,391.136124,15.3180288
1389,4999,395.39152824,15.31912608
1389,5000,399.46548504,12.92705568
1389,5001,402.58953264,10.42306272
1389,5002,405.54450768,11.39305824
1389,5003,408.51981288,9.76908384
1389,5004,411.98395632,15.2631648
1389,5005,416.27240088,15.44860512
1389,5006,420.54938496,15.04700064
1389,5007,424.39852128,12.63956832
1389,5008,427.85440464,13.21234848
1389,5009,431.68845336,13.9244832
1389,5010,436.0061892,17.58281472
1389,5011,441.05971224,18.24996096
1389,5012,446.1381984,18.2916576
1389,5013,451.2199764,18.23240448
1389,5014,456.02158224,16.19914464
1389,5015,460.4619696,15.9763968
1389,5016,464.89997952,15.9763968
1389,5017,469.35048624,16.06198464
1389,5018,473.95933656,17.7430176
1389,5019,479.048064,17.0572176
1389,5020,483.1183632,12.9094992
1389,5021,486.32952264,11.28881664
1389,5022,489.88714824,15.42885408
1389,5023,495.1303788,20.71774368
1389,5024,499.733062,20.6727552
1392,4938,20.2679808,24.6229632
1392,4939,24.02558568,25.31205504
1392,4940,31.14464688,26.26229952
1392,4941,39.08639376,30.23884224
1392,4942,47.51639976,30.3452784
1392,4943,55.9420776,30.3288192
1392,4944,64.05896256,23.36877216
1392,4945,70.27932096,31.354776
1392,4946,78.30760056,20.82747168
1392,4947,83.54022408,15.93470016
1392,4948,87.27853512,11.5708176
1392,4949,89.803224,6.57709632
1392,4950,91.3404828,4.97835936
1392,4951,92.68074936,4.83790752
1392,4952,93.76571544,3.46959936
1392,4953,94.94410272,4.79840544
1392,4954,96.7102968,8.51160096
1392,4955,100.04325432,15.53638752
1392,4956,105.03395808,20.48292576
1392,4957,111.14355216,23.85815904
1392,4958,118.47731448,27.63060768
1392,4959,126.09841176,27.28276992
1392,4960,133.93866024,29.17557792
1392,4961,142.24226568,30.99596544
1392,4962,150.9532668,31.76735328
1392,4963,159.94602504,31.94401536
1392,4964,168.6708336,31.61044224
1392,4965,177.64999776,32.93924832
1392,4966,186.77881872,32.0734944
1392,4967,194.96007744,27.35409312
1392,4968,202.00607808,22.850856
1392,4969,208.09616496,21.60215136
1392,4970,214.05470016,21.42548928
1392,4971,219.700602,18.1215792
1392,4972,224.3254848,16.32862368
1392,4973,228.88706064,16.46029728
1392,4974,233.32208352,15.40361664
1392,4975,237.72458424,16.39665504
1392,4976,242.27277936,16.43835168
1392,4977,247.39753416,21.0732624
1392,4978,253.47082656,22.0772736
1392,4979,260.2792356,27.32666112
1392,4980,267.94910088,27.19169568
1392,4981,275.50667784,27.41773536
1392,4982,283.12664736,27.37055232
1392,4983,290.71250976,27.36506592
1392,4984,298.31157,26.56075968
1392,4985,304.963068,21.99717216
1392,4986,311.03724432,21.80075904
1392,4987,317.113158,21.9401136
1392,4988,323.46994488,24.85010016
1392,4989,330.73899816,26.66609856
1392,4990,338.2758792,27.13353984
1392,4991,345.68456136,26.35995744
1392,4992,352.8674172,25.3636272
1392,4993,359.47310376,22.00156128
1392,4994,365.20767192,18.37285632
1392,4995,369.87544008,16.32533184
1392,4996,373.97304936,12.47826816
1392,4997,377.07140232,11.26796832
1392,4998,380.7224796,13.53385152
1392,4999,384.46956888,14.83083648
1392,5000,388.75313664,15.45957792
1392,5001,393.03435744,15.17977152
1392,5002,396.79403496,12.22040736
1392,5003,400.20995904,12.11506848
1392,5004,403.39338168,10.96621632
1392,5005,406.44007104,11.01339936
1392,5006,409.61117976,11.6640864
1392,5007,412.9838832,12.66590304
1392,5008,416.67827256,14.9120352
1392,5009,421.16434944,16.41421152
1392,5010,425.4290196,14.67502272
1392,5011,429.45201384,14.44130208
1392,5012,433.79779128,16.0586928
1392,5013,437.971692,14.2262352
1392,5014,442.0279704,15.22037088
1392,5015,446.33805576,15.17318784
1392,5016,450.4762644,15.581376
1392,5017,454.87583904,15.73170336
1392,5018,459.15815712,15.08540544
1392,5019,463.4372748,15.46506432
1392,5020,467.5977948,15.5319984
1392,5021,472.27421928,17.23058784
1392,5022,477.05531208,17.20096128
1392,5023,481.7405148,16.16512896
1392,5024,486.26261904,16.87726368
1392,5025,491.19528888,18.66363552
1392,5026,496.21467432,16.98260256
1392,5027,499.264432,16.6676832
1400,4944,21.9847450285714,27.432
1400,4945,28.443174,27.4210272
1400,4946,36.4374684,32.22382176
1400,4947,46.2300828,36.20365632
1400,4948,56.28327072,36.18609984
1400,4949,64.58830872,15.39813024
1400,4950,68.48682264,28.01136384
1400,4951,78.82091424,33.46265088
1400,4952,84.651342,12.94351488
1400,4953,86.46145776,0.67263264
1400,4954,86.4754176,0
1400,4955,86.97943488,4.37375808
1400,4956,88.90516128,9.60339456
1400,4957,92.05069728,13.0466592
1400,4958,96.20743776,16.15086432
1400,4959,101.06491344,19.43941248
1400,4960,107.02704528,23.40059328
1400,4961,114.0543312,26.93493216
1400,4962,121.58648784,26.9272512
1400,4963,129.02238864,26.5651488
1400,4964,136.60788528,27.69644448
1400,4965,144.33258408,28.51501536
1400,4966,152.52880848,30.51096768
1400,4967,161.10978192,30.82588704
1400,4968,169.77442296,31.5413136
1400,4969,178.7170416,32.93266464
1400,4970,187.86722904,32.945832
1400,4971,196.92280656,31.40195904
1400,4972,205.00125624,27.32117472
1400,4973,212.38089096,26.09990208
1400,4974,219.43731576,23.25904416
1400,4975,224.77878336,16.52942592
1400,4976,229.3431024,16.4592
1400,4977,233.91504144,16.45700544
1400,4978,238.56068112,16.9420032
1400,4979,243.19034928,16.90469568
1400,4980,248.59448376,21.75028416
1400,4981,254.91310968,24.91813152
1400,4982,262.44212688,27.80068608
1400,4983,270.05563464,27.14999904
1400,4984,277.6389672,27.432
1400,4985,285.25841856,27.37055232
1400,4986,292.8443724,27.36396864
1400,4987,300.4639152,27.432
1400,4988,308.0802576,27.322272
1400,4989,315.66389496,27.39578976
1400,4990,323.41572096,28.90674432
1400,4991,331.58969496,28.9078416
1400,4992,339.33889968,27.32446656
1400,4993,346.73029968,25.4459232
1400,4994,353.5644948,24.1072416
1400,4995,359.36599704,14.566392
1400,4996,362.07707112,8.22850272
1400,4997,364.3631016,8.2296
1400,4998,366.6491016,8.2296
1400,4999,368.92601856,8.35468992
1400,5000,371.62359,10.93220064
1400,5001,374.67317496,10.9728
1400,5002,377.72117496,11.10776544
1400,5003,381.08436864,14.1165072
1400,5004,385.64563968,17.6168304
1400,5005,390.53417448,17.53124256
1400,5006,395.35833552,16.94529504
1400,5007,399.79387656,15.31144512
1400,5008,404.10420576,15.95335392
1400,5009,408.64868232,16.41640608
1400,5010,412.91234664,14.72988672
1400,5011,417.20880744,16.09380576
1400,5012,421.65644904,15.22146816
1400,5013,425.62369536,13.71929184
1400,5014,429.4229664,13.75769664
1400,5015,433.41837624,15.19403616
1400,5016,438.01997232,17.81214624
1400,5017,442.80329016,16.41640608
1400,5018,447.21496536,15.5429712
1400,5019,451.67650584,16.23535488
1400,5020,456.11076672,16.27924608
1400,5021,460.84537752,17.58830112
1400,5022,465.57806808,16.1409888
1400,5023,470.2707384,17.3864016
1400,5024,474.95054616,16.7774112
1400,5025,479.5726248,15.79754016
1400,5026,483.50043,13.0302
1400,5027,487.3198788,14.82096096
1400,5028,491.60042904,16.43505984
1400,5029,496.09997808,14.7748752
1400,5030,499.1729412,18.7525152
1409,4946,16.7614092,29.023056
1409,4947,21.57566424,28.93198176
1409,4948,29.58029136,28.53037728
1409,4949,37.28127672,27.1521936
1409,4950,44.82583872,27.13244256
1409,4951,52.32358344,26.88555456
1409,4952,59.7475056,25.47664704
1409,4953,65.82546144,18.9609984
1409,4954,70.55900544,15.05687616
1409,4955,74.08304208,9.95562144
1409,4956,77.09775792,13.25294784
1409,4957,80.94113352,13.44058272
1409,4958,84.0909672,10.51303968
1409,4959,87.39887016,12.88535904
1409,4960,91.39967496,15.73609248
1409,4961,96.20701104,19.53816768
1409,4962,102.29737224,24.21367776
1409,4963,109.59980112,27.4374864
1409,4964,117.2690568,28.45685952
1409,4965,125.33988648,28.13645376
1409,4966,133.12792272,28.58853312
1409,4967,140.8855704,27.69315264
1409,4968,148.74572232,28.52818272
1409,4969,157.01875632,31.7772288
1409,4970,165.962838,32.29075584
1409,4971,175.04258616,32.51460096
1409,4972,183.98773464,31.79039616
1409,4973,192.21529248,27.63609408
1409,4974,199.82675808,26.9162784
1409,4975,206.60307168,22.08495456
1409,4976,212.59809144,21.3091776
1409,4977,218.42925072,19.61497728
1409,4978,223.26776784,16.3110672
1409,4979,227.8206264,16.4592
1409,4980,232.3926264,16.4592
1409,4981,237.071916,18.35529984
1409,4982,242.806728,21.87208224
1409,4983,248.89913136,22.13872128
1409,4984,255.7191228,27.63170496
1409,4985,263.72731608,28.74544416
1409,4986,271.7494692,30.72384
1409,4987,280.7686536,32.9184
1409,4988,289.75729704,30.42428256
1409,4989,297.57651432,27.3277584
1409,4990,305.19343584,27.42431904
1409,4991,312.7790544,27.28825632
1409,4992,320.39902392,27.68327712
1409,4993,328.22333136,28.20229056
1409,4994,335.30551176,22.52496384
1409,4995,341.39815896,21.81063456
1409,4996,347.12434512,18.17534592
1409,4997,351.7146636,16.09270848
1409,4998,355.56053856,10.42416
1409,4999,357.83029272,6.59575008
1409,5000,359.43091944,5.43043872
1409,5001,360.89847048,5.76949824
1409,5002,363.24820416,10.780776
1409,5003,366.2976672,10.9728
1409,5004,369.3456672,10.9728
1409,5005,372.48873432,12.88865088
1409,5006,376.73792064,16.46797824
1409,5007,381.38782752,17.7155856
1409,5008,386.63038752,19.34394912
1409,5009,391.99447128,19.2627504
1409,5010,397.10237064,16.88384736
1409,5011,401.64712152,16.46139456
1409,5012,406.20531408,15.91714368
1409,5013,410.28180072,13.9793472
1409,5014,414.02885952,12.98960064
1409,5015,417.70529616,12.8546352
1409,5016,421.24503,14.34583872
1409,5017,425.77902144,17.12085984
1409,5018,430.5324384,17.25801984
1409,5019,435.49662456,17.940528
1409,5020,440.03284104,14.41935648
1409,5021,443.99966064,15.15563136
1409,5022,448.443858,16.65780768
1409,5023,452.96379816,15.2192736
1409,5024,457.1378208,15.26645664
1409,5025,461.35174176,15.16770144
1409,5026,465.33822096,13.4197344
1409,5027,470.10066,22.24844928
1409,5028,476.67309288,23.37535584
1409,5029,481.86438552,13.38352416
1409,5030,486.36942096,20.63325312
1409,5031,492.31518504,20.8976976
1409,5032,497.61187752,18.21923712
1416,4948,20.2024488,29.9337984
1416,4949,25.00920576,28.63242432
1416,4950,32.49311256,25.7476752
1416,4951,39.70458912,25.66099008
1416,4952,46.61760552,24.72391296
1416,4953,53.48167104,24.7107456
1416,4954,60.34503552,24.71184288
1416,4955,65.78550216,9.81297504
1416,4956,67.58869896,6.26985792
1416,4957,68.86779216,4.3946064
1416,4958,70.30035216,8.1692496
1416,4959,73.72935216,14.2701264
1416,4960,77.32718088,11.16592128
1416,4961,80.89388952,16.12123776
1416,4962,85.69781184,17.18559936
1416,4963,91.74099,28.172664
1416,4964,100.15721904,30.614112
1416,4965,108.2875152,28.3976064
1416,4966,116.34834744,30.03365088
1416,4967,124.27208064,21.87317952
1416,4968,130.5583368,28.39321728
1416,4969,139.0011444,32.2545456
1416,4970,148.04846184,31.77393696
1416,4971,156.80600592,32.36646816
1416,4972,165.91839816,32.84378496
1416,4973,175.05843576,32.92827552
1416,4974,184.20149088,32.47619616
1416,4975,192.52198224,27.44077824
1416,4976,199.44746496,22.3790256
1416,4977,205.49832408,20.98218816
1416,4978,210.96451584,19.06962912
1416,4979,216.26547552,18.82713024
1416,4980,221.15050512,16.45810272
1416,4981,225.68699592,16.39446048
1416,4982,230.25783768,16.45700544
1416,4983,235.26116016,20.57619456
1416,4984,241.2898908,22.04654976
1416,4985,248.06812464,26.96455872
1416,4986,255.73911768,28.81018368
1416,4987,264.30927072,32.10970464
1416,4988,273.31181304,32.66931744
1416,4989,282.4388052,32.82183936
1416,4990,291.54961248,32.89316256
1416,4991,300.47979528,30.40453152
1416,4992,308.38405176,27.33653664
1416,4993,315.97009704,27.4210272
1416,4994,323.69781336,28.63461888
1416,4995,331.66616928,26.72205984
1416,4996,338.20227,21.93901632
1416,4997,343.94640888,18.02501856
1416,4998,347.61492072,8.67729024
1416,4999,349.67594784,7.2530208
1416,5000,351.69159024,7.25411808
1416,5001,353.70735456,7.25411808
1416,5002,355.72299696,7.25521536
1416,5003,357.73870032,7.2530208
1416,5004,359.89034448,9.07670016
1416,5005,362.791248,10.9728
1416,5006,365.88286488,11.69261568
1416,5007,369.62126736,15.4661616
1416,5008,374.1453528,16.4592
1416,5009,378.71595072,16.48882656
1416,5010,383.72268696,20.11972608
1416,5011,389.50203024,20.84502816
1416,5012,395.26232352,20.1021696
1416,5013,400.2696084,16.48992384
1416,5014,404.794974,15.91933824
1416,5015,409.07296392,14.62564512
1416,5016,413.02780488,15.01847136
1416,5017,417.24413376,14.63661792
1416,5018,421.01649096,12.58799616
1416,5019,424.65683928,13.3977888
1416,5020,428.38429944,14.30743392
1416,5021,432.78661728,17.10220608
1416,5022,437.6423556,17.18230752
1416,5023,442.51680864,18.16217856
1416,5024,447.45017952,16.55356608
1416,5025,451.830186,15.7953456
1416,5026,456.19175208,15.8776416
1416,5027,460.85107728,16.24193856
1416,5028,464.94502896,14.68489824
1416,5029,469.56424248,18.60877152
1416,5030,474.82100616,18.88309152
1416,5031,480.57913536,23.64857856
1416,5032,486.65855424,19.20898368
1416,5033,491.98886616,18.1654704
1416,5034,496.84064208,17.06928768
1416,5035,499.7198032,15.1095456
1427,4967,113.4035832,28.5347664
1427,4968,118.98681816,28.70374752
1427,4969,126.54643728,25.43604768
1427,4970,133.87706016,28.08049248
1427,4971,141.82834728,28.77726528
1427,4972,149.63269032,25.93860192
1427,4973,156.15059448,22.49204544
1427,4974,162.53841,24.71732928
1427,4975,169.9509936,27.43309728
1427,4976,177.57346248,27.31459104
1427,4977,184.70627016,23.46423552
1427,4978,190.91800272,21.95986464
1427,4979,197.01150336,21.6383616
1427,4980,202.40341536,16.99028352
1427,4981,206.98157232,16.51845312
1427,4982,211.798662,18.25105824
1427,4983,216.91113336,18.30592224
1427,4984,221.74983336,16.44383808
1427,4985,226.30250904,17.03198016
1427,4986,231.70310784,21.63945888
1427,4987,237.88820088,23.78244672
1427,4988,245.15960112,27.4155408
1427,4989,252.77740656,27.39688704
1427,4990,260.59199088,29.11193568
1427,4991,268.538706,27.48028032
1427,4992,276.1097856,27.432
1427,4993,283.72695096,27.3387312
1427,4994,291.31439832,27.40127616
1427,4995,298.9350384,27.432
1427,4996,306.55546512,27.39249792
1427,4997,314.13203112,27.29154816
1427,4998,320.9869374,27.6144228
1435,4958,22.5296645333333,21.06168
1435,4959,28.00560312,19.65447936
1435,4960,34.26311664,27.28057536
1435,4961,42.18374088,28.66644
1435,4962,50.14560456,28.65107808
1435,4963,58.1034144,28.65107808
1435,4964,65.4506184,20.53449792
1435,4965,72.60954744,36.30460608
1435,4966,82.46190264,32.14810944
1435,4967,90.83646552,28.39321728
1435,4968,98.65604856,28.89577152
1435,4969,106.64467368,28.0739088
1435,4970,114.32916936,27.59000832
1435,4971,122.00113776,27.47918304
1435,4972,129.49802904,27.21912768
1435,4973,137.2253796,27.5856192
1435,4974,144.83803392,27.37494144
1435,4975,152.448768,27.432
1435,4976,160.05297936,26.91518112
1435,4977,167.42090976,26.663904
1435,4978,174.71541384,25.62916896
1435,4979,181.80622008,25.25170464
1435,4980,188.03057136,19.2956688
1435,4981,193.22512536,18.51330816
1435,4982,198.24792456,17.309592
1435,4983,202.63000368,14.43252384
1435,4984,206.82923328,16.36483392
1435,4985,211.5651852,17.4961296
1435,4986,216.43467,17.45991936
1435,4987,221.1505356,16.43835168
1435,4988,225.91718088,19.40868864
1435,4989,231.8564832,21.9456
1435,4990,238.04434992,23.78244672
1435,4991,245.31596352,27.4155408
1435,4992,253.02313632,28.7597088
1435,4993,261.5828652,32.30611776
1435,4994,270.50311152,31.98680928
1435,4995,279.34474992,30.49560576
1435,4996,287.60534808,29.45318976
1435,4997,295.4356296,27.42541632
1435,4998,303.05581248,27.432
1435,4999,310.6541412,27.27399168
1435,5000,318.2517384,27.48796128
1435,5001,326.10594672,29.15034048
1435,5002,333.8035488,24.51762432
1435,5003,339.6040452,17.79897888
1435,5004,344.1292584,15.37069824
1435,5005,348.21168864,14.31072576
1435,5006,352.12958784,14.07700512
1435,5007,356.01971976,13.7214864
1435,5008,359.67341832,12.5693424
1435,5009,363.21549912,13.16297088
1435,5010,367.17390624,15.22366272
1435,5011,371.44217304,14.80998816
1435,5012,375.5247252,15.83484768
1435,5013,379.96669752,16.3275264
1435,5014,384.93835128,18.92478816
1435,5015,390.20398464,18.89186976
1435,5016,395.39750232,18.12048192
1435,5017,400.7437248,21.09301344
1435,5018,406.69409136,21.19286592
1435,5019,411.580584,13.40546976
1435,5020,415.24175016,14.89338144
1435,5021,419.82499728,16.98808896
1435,5022,424.23392928,13.31329824
1435,5023,427.70706432,13.63480128
1435,5024,431.80961136,15.64392096
1435,5025,436.37539344,16.98369984
1435,5026,441.06465,16.404336
1435,5027,445.40631264,15.23683008
1435,5028,449.67503664,15.28072128
1435,5029,453.65798016,13.3484112
1435,5030,457.51552896,14.82205824
1435,5031,462.04232712,18.28178208
1435,5032,467.12538528,15.42665952
1435,5033,471.49124904,19.63472832
1435,5034,477.3817224,21.3859872
1435,5035,483.0831588,18.5934096
1435,5036,487.97943552,18.42442848
1435,5037,493.16682672,16.98260256
1435,5038,496.89498792,11.164824
1435,5039,499.3352472,12.88426176
1442,4960,23.0141610666667,22.4357184
1442,4961,28.79028024,20.99425824
1442,4962,34.56581352,22.41413856
1442,4963,41.18542944,24.14893824
1442,4964,48.04266744,26.0604
1442,4965,55.55028768,27.1521936
1442,4966,63.0739404,27.87420384
1442,4967,71.56508928,32.41255392
1442,4968,80.33229552,29.3357808
1442,4969,88.15693824,27.91151136
1442,4970,95.71061376,27.3058128
1442,4971,103.31232576,26.82410688
1442,4972,110.81662368,27.43309728
1442,4973,118.47953952,27.64926144
1442,4974,126.07308288,26.70340608
1442,4975,133.54821144,27.03588192
1442,4976,141.03458712,27.3826224
1442,4977,148.53318528,26.83727424
1442,4978,156.15160032,27.9751536
1442,4979,163.95594336,27.89724672
1442,4980,171.62626584,27.432
1442,4981,179.24864328,27.4484592
1442,4982,186.6901524,24.95873088
1442,4983,192.60878928,17.87249664
1442,4984,197.07700488,14.9010624
1442,4985,200.8490268,12.3444
1442,4986,204.15226632,11.84184576
1442,4987,208.08199176,17.00454816
1442,4988,213.1202748,18.58024224
1442,4989,218.25588048,18.11280096
1442,4990,223.40306856,19.77956928
1442,4991,229.26138552,21.8962224
1442,4992,235.68224136,25.49420352
1442,4993,243.22311528,28.43930304
1442,4994,251.79171384,32.72418144
1442,4995,261.20302344,34.75305216
1442,4996,270.70123152,34.63783776
1442,4997,280.9894812,38.3718816
1442,4998,291.6256296,38.31043392
1442,4999,298.5562736,38.3791968
1454,4963,21.10825344,27.3551904
1454,4964,26.839926,29.6046144
1454,4965,35.2406712,30.31674912
1454,4966,43.67015904,30.36832128
1454,4967,52.1034264,30.3507648
1454,4968,60.5341944,30.15654624
1454,4969,66.64842144,15.99175872
1454,4970,73.12036176,30.33320832
1454,4971,82.04892912,31.31307936
1454,4972,90.19452624,28.07061696
1454,4973,97.92486384,27.90712224
1454,4974,105.6868092,28.31311584
1454,4975,113.60828688,28.41296832
1454,4976,121.44195168,28.30543488
1454,4977,129.187194,27.62292672
1454,4978,137.05862352,28.00368288
1454,4979,144.70081296,27.79190784
1454,4980,152.43419856,27.56477088
1454,4981,160.1117448,27.91260864
1454,4982,167.81766792,27.41444352
1454,4983,175.43535144,27.13463712
1454,4984,182.3632116,22.5381312
1454,4985,188.1336852,17.71997472
1454,4986,192.281556,13.46033376
1454,4987,195.8394864,12.61872
1454,4988,199.3446864,12.61762272
1454,4989,203.0076204,15.28401312
1454,4990,208.12530384,21.38269536
1454,4991,214.62135384,24.00738912
1454,4992,221.06772144,22.11677568
1454,4993,227.13308904,21.9126816
1454,4994,233.3216568,23.45106816
1454,4995,240.45370248,27.19827936
1454,4996,248.060718,27.432
1454,4997,255.73606968,28.81018368
1454,4998,264.31198344,32.14152576
1454,4999,273.31419048,32.65395552
1454,5000,282.44328576,32.9129136
1454,5001,291.56445624,32.92827552
1454,5002,300.61582752,33.43521888
1454,5003,310.45757568,35.3982528
1454,5004,319.77247704,31.62141504
1454,5005,328.42160376,31.33063584
1454,5006,336.28352352,23.1087168
1454,5007,341.47685832,16.21670112
1454,5008,345.82824408,15.79095648
1454,5009,350.53237488,17.6607216
1454,5010,355.42307376,17.45553024
1454,5011,360.20971392,17.11317888
1454,5012,364.99970688,17.37103968
1454,5013,369.814602,17.08903872
1454,5014,374.358408,15.06784896
1454,5015,378.6510588,17.30630016
1454,5016,382.8344388,12.56714784
1454,5017,387.48669264,20.47963392
1454,5018,393.16536048,20.24042688
1454,5019,397.81353,13.81694976
1454,5020,402.20252808,17.35128864
1454,5021,407.02059312,17.3479968
1454,5022,411.7171344,15.1095456
1454,5023,415.61915352,13.75330752
1454,5024,419.10112776,12.1578624
1454,5025,422.70340656,13.01703264
1454,5026,426.66647712,17.99319744
1454,5027,432.10968696,18.2861712
1454,5028,436.7256696,15.13478304
1454,5029,440.57084352,13.70283264
1454,5030,444.81210504,16.94529504
1454,5031,450.12461664,21.1116672
1454,5032,456.07598904,21.31795584
1454,5033,461.60902344,18.37066176
1454,5034,466.61719224,17.06709312
1454,5035,470.38415448,14.3688816
1454,5036,475.7774076,21.00962016
1454,5037,481.09077264,16.32423456
1454,5038,485.57328336,18.13364928
1454,5039,490.04079792,10.0620576
1454,5040,492.90939264,13.04556192
1454,5041,495.94806576,9.05146272
1454,5042,498.44974224,9.0086688
1454,5043,500.94541416,8.97136128
1454,5044,503.4454752,9.00976608
1454,5045,504.8222568,9.0086688
1459,4966,20.79912528,27.377136
1459,4967,26.32539312,26.35447104
1459,4968,33.81524352,27.678888
1459,4969,41.5131504,27.73265472
1459,4970,49.2181896,27.72168192
1459,4971,56.9186568,27.71839008
1459,4972,64.56093768,26.56185696
1459,4973,72.32907048,30.15544896
1459,4974,80.18455896,27.52965792
1459,4975,88.3887996,31.09910976
1459,4976,97.27445112,32.24247552
1459,4977,106.11026784,30.39685056
1459,4978,114.19328952,28.6883856
1459,4979,121.99997952,27.60866208
1459,4980,129.99619416,31.3163712
1459,4981,139.1302272,32.95022112
1459,4982,148.26072456,32.86682784
1459,4983,157.35229896,31.54460544
1459,4984,165.38597352,27.15877728
1459,4985,172.3090788,22.41962496
1459,4986,177.9679956,17.227296
1459,4987,182.2066968,14.81328
1459,4988,186.32238072,14.83851744
1459,4989,190.46409456,15.43214592
1459,4990,194.85135528,15.4935936
1459,4991,199.2242904,16.3055808
1459,4992,203.81607192,17.25911712
1459,4993,209.67048744,25.52712192
1459,4994,217.19871216,27.39798432
1459,4995,224.7851232,27.29484
1459,4996,232.7301924,30.99925728
1459,4997,241.75023024,32.82842304
1459,4998,250.72994304,31.02120288
1459,4999,258.98639592,29.43563328
1459,5000,267.03372552,28.0245312
1459,5001,275.29752408,32.27539392
1459,5002,284.42908824,32.89864896
1459,5003,293.542212,32.808672
1459,5004,302.6810304,32.9184
1459,5005,311.7805296,31.89902688
1459,5006,319.94249448,27.63609408
1459,5007,327.74202168,28.36578528
1459,5008,334.82505552,20.53120608
1459,5009,339.65930544,16.42408704
1459,5010,344.18317752,15.78327552
1459,5011,348.11826744,12.9149856
1459,5012,351.70091712,12.90730464
1459,5013,355.2869196,12.9094992
1459,5014,358.90026264,13.49983584
1459,5015,363.03063792,16.13221056
1459,5016,367.82690976,18.51989184
1459,5017,372.9781212,18.2477664
1459,5018,377.80517784,16.31874816
1459,5019,382.362456,16.50199392
1459,5020,386.91604608,16.3988496
1459,5021,391.46320488,16.2781488
1459,5022,395.63926968,14.0122656
1459,5023,399.82569768,16.19256096
1459,5024,404.394924,16.37800128
1459,5025,409.07079984,18.64607904
1459,5026,414.7096608,20.7056736
1459,5027,420.07243392,16.75656288
1459,5028,424.18903224,13.29574176
1459,5029,427.75857552,14.30414208
1459,5030,432.6838692,20.34466848
1459,5031,438.09992136,17.20315584
1459,5032,442.70087736,18.21265344
1459,5033,448.2286692,20.3764896
1459,5034,453.65417016,16.63586208
1459,5035,457.40479512,12.95009856
1459,5036,461.33805624,16.4262816
1459,5037,466.57235616,18.21923712
1459,5038,470.95278936,17.7375312
1459,5039,476.94866256,22.4722944
1459,5040,482.9979672,18.98074944
1459,5041,486.6609012,9.19630368
1459,5042,489.13514568,8.91320544
1459,5043,491.61155424,8.91320544
1459,5044,494.08966968,8.87041152
1459,5045,495.91350144,3.2040576
1459,5046,496.68982704,3.70551456
1459,5047,497.81197872,3.97544544
1459,5048,498.86344728,4.04457408
1459,5049,499.6732704,4.4659296
1461,5003,288.6325952,17.7137568
1461,5004,291.62056992,16.4592
1461,5005,296.19147264,16.45590816
1461,5006,301.2454224,21.95218368
1461,5007,308.32510344,25.9122672
1461,5008,314.7247452,20.02755456
1461,5009,319.62099144,16.42957344
1461,5010,323.83549152,13.46582016
1461,5011,327.43344216,12.91608288
1461,5012,330.93760584,12.00095136
1461,5013,334.08631176,10.9782864
1461,5014,337.1340984,10.9728
1461,5015,340.18212888,10.9728
1461,5016,343.22192976,11.69810208
1461,5017,347.4908976,19.82346048
1461,5018,353.60917848,22.658832
1461,5019,359.85044616,21.37720896
1461,5020,364.81636968,13.52287872
1461,5021,367.2247164,9.290304
1467,4968,21.046059,22.6478592
1467,4969,25.62218904,22.03447968
1467,4970,31.08252864,17.57403648
1467,4971,35.76066,18.50343264
1467,4972,42.41389536,29.269944
1467,4973,51.41119512,33.63492384
1467,4974,60.74383584,32.96009664
1467,4975,68.03245728,24.4638576
1467,4976,76.87747896,32.91730272
1467,4977,85.13954016,28.52489088
1467,4978,93.38322192,30.96743616
1467,4979,102.21663072,32.6824848
1467,4980,111.33426552,32.20626528
1467,4981,119.79654984,28.60499232
1467,4982,127.64798448,29.78347104
1467,4983,136.37916336,31.61483136
1467,4984,145.22147232,32.59250784
1467,4985,154.0934688,29.90197728
1467,4986,161.76705264,25.402032
1467,4987,168.16553616,22.60506528
1467,4988,174.59632848,22.41633312
1467,4989,180.7011372,21.90280608
1467,4990,186.3378036,17.90651232
1467,4991,190.99490376,16.46029728
1467,4992,195.56522736,16.5085776
1467,4993,200.6890068,20.88562752
1467,4994,206.61562944,21.61312416
1467,4995,213.0203004,24.30255744
1467,4996,219.9820848,26.44115616
1467,4997,228.20638128,32.4191376
1467,4998,237.33943896,32.8251312
1467,4999,246.4614324,32.9129136
1467,5000,255.64807392,33.75562464
1467,5001,265.21891584,33.99044256
1467,5002,274.37315712,32.71211136
1467,5003,283.374846,31.3218576
1467,5004,292.1956056,32.863536
1467,5005,301.23134064,31.77503424
1467,5006,309.44826096,27.48028032
1467,5007,317.03384904,26.96675328
1467,5008,323.91190488,23.00666976
1467,5009,330.29094216,22.03447968
1467,5010,335.41618464,14.66185536
1467,5011,338.93915448,11.47864608
1467,5012,342.00428424,10.83234816
1467,5013,345.0243036,10.99364832
1467,5014,348.41358816,13.83340896
1467,5015,352.39247784,14.3633952
1467,5016,356.38325472,14.7090384
1467,5017,361.06126416,18.8951616
1467,5018,366.4072428,19.366992
1467,5019,371.54001384,17.06380128
1467,5020,376.11387312,15.87654432
1467,5021,379.87144752,11.79246816
1467,5022,383.452116,13.97276352
1467,5023,387.3758064,14.17466304
1467,5024,391.3008684,14.0890752
1467,5025,395.21322024,14.10224256
1467,5026,399.36508392,16.08941664
1467,5027,403.99021056,17.0133264
1467,5028,408.76139736,17.0023536
1467,5029,413.42511168,17.0462448
1467,5030,418.1179344,16.47236736
1467,5031,422.6893248,16.4592
1467,5032,427.26266592,16.42408704
1467,5033,431.97301464,20.12630976
1467,5034,438.3301368,20.0143872
1467,5035,442.48968144,13.58213184
1467,5036,446.45205096,14.86375488
1467,5037,450.73622832,16.33411008
1467,5038,455.98281168,19.83662784
1467,5039,460.66697808,13.70612448
1467,5040,464.38450176,14.33815776
1467,5041,468.38475792,14.2207488
1467,5042,472.40455176,14.6047968
1467,5043,476.46089112,14.6047968
1467,5044,480.51137832,14.0835888
1467,5045,482.98269672,3.82072896
1467,5046,484.73986872,9.55621152
1467,5047,487.4974248,9.902952
1467,5048,489.81917784,6.51345408
1467,5049,491.56074408,5.19781536
1467,5050,492.7101144,5.06175264
1467,5051,494.44104312,6.59026368
1467,5052,496.04685144,4.26951648
1467,5053,497.4492972,7.63048512
1467,5054,499.92963768,9.10303488
1467,5055,501.6995808,9.1403424
1469,4971,19.2760092,24.1182144
1469,4972,22.41093816,24.4748304
1469,4973,28.56789816,18.44856864
1469,4974,32.82092496,16.39116864
1469,4975,39.31026936,27.43638912
1469,4976,46.9347804,27.4484592
1469,4977,54.75216888,31.01900832
1469,4978,64.59967776,37.70473536
1469,4979,75.08007336,37.85506272
1469,4980,85.4081604,34.47544032
1469,4981,93.76781856,24.6119904
1469,4982,99.8031024,24.78316608
1469,4983,107.43639168,26.98979616
1469,4984,115.05370944,28.30872672
1469,4985,122.92590096,28.14632928
1469,4986,131.15306256,32.17334688
1469,4987,140.19620424,32.79660192
1469,4988,148.564854,33.0541884
1472,4981,113.883817371429,25.3220873142857
1472,4982,119.92642512,25.2703584
1472,4983,126.54220056,23.45545728
1472,4984,134.1129144,30.1038768
1472,4985,142.6467048,31.91109696
1472,4986,151.41385008,30.17958912
1472,4987,159.21276768,25.49310624
1472,4988,165.18008112,17.75728224
1472,4989,169.7992032,16.4592
1472,4990,174.3712032,16.4592
1472,4991,178.94539776,16.47236736
1472,4992,183.5188608,16.4592
1472,4993,188.09503656,16.48882656
1472,4994,192.6710904,16.4592
1472,4995,197.29283376,17.82860544
1472,4996,202.9492512,21.890736
1472,4997,209.49824496,26.91518112
1472,4998,217.57907208,30.12143328
1472,4999,226.3775508,32.79111552
1472,5000,235.51374792,32.8690224
1472,5001,244.63193136,32.8690224
1472,5002,253.821438,33.92350848
1472,5003,263.59747128,34.97909184
1472,5004,272.8565028,32.45644512
1472,5005,281.29431168,27.88956576
1472,5006,288.4586052,23.20088832
1472,5007,294.59785632,21.9456
1472,5008,300.69400872,21.9456
1472,5009,306.79028304,21.93791904
1472,5010,312.75701736,19.88710272
1472,5011,317.62753848,16.47785376
1472,5012,322.62884928,18.71520768
1472,5013,326.76138864,11.27016288
1472,5014,329.767692,10.808208
1472,5015,332.76957576,10.808208
1472,5016,335.77600104,10.88172576
1472,5017,338.81662488,10.97060544
1472,5018,342.27415416,14.80120992
1472,5019,346.78571232,16.91786304
1472,5020,351.53717856,17.17352928
1472,5021,356.3236968,17.78471424
1472,5022,361.61142816,19.87393536
1472,5023,367.13568432,19.44270432
1472,5024,372.230142,17.32824576
1472,5025,376.6936332,14.18014944
1472,5026,381.03386328,16.94310048
1472,5027,385.16408616,18.10621728
1472,5028,391.73877456,24.80840352
1472,5029,397.79057856,17.97564096
1472,5030,402.69959592,19.15521696
1472,5031,408.1960848,19.43173152
1472,5032,413.60753448,20.30297184
1472,5033,419.54445936,22.01253408
1472,5034,425.983146,24.12479808
1472,5035,432.06445464,18.32896512
1472,5036,436.68031536,15.95115936
1472,5037,440.96214576,14.39960544
1472,5038,444.67186656,14.04628128
1472,5039,448.88914032,14.89996512
1472,5040,453.03265248,15.68671488
1472,5041,457.25209032,14.42155104
1472,5042,462.03296976,20.28541536
1472,5043,467.75900352,20.6343504
1472,5044,472.4349708,10.7972352
1472,5045,474.66028512,7.46260128
1472,5046,476.73399192,7.461504
1472,5047,478.80760728,7.461504
1472,5048,480.88125312,7.46260128
1472,5049,482.95486848,7.461504
1472,5050,484.89787704,5.17806432
1472,5051,485.80587624,2.5621488
1472,5052,486.70945584,5.06284992
1472,5053,488.8193424,9.19081728
1472,5054,491.38085112,9.22154112
1472,5055,493.651794,5.86605888
1472,5056,494.7707148,3.66272064
1472,5057,496.35287064,7.54599456
1472,5058,498.45599064,7.571232
1472,5059,500.237934171429,7.50069257142857
1475,4979,58.6367382,44.1764928
1475,4980,67.22705376,44.0064144
1475,4981,78.19345296,34.00580448
1475,4982,87.33379536,32.77465632
1475,4983,96.27607872,31.67079264
1475,4984,104.58468288,28.24179264
1475,4985,112.52594208,28.72459584
1475,4986,120.87066504,32.23369728
1475,4987,130.02240696,33.33317184
1475,4988,139.71236472,37.0441728
1475,4989,150.1485948,35.91507168
1475,4990,159.10212528,28.46783232
1475,4991,166.05540576,22.46351616
1475,4992,172.03792872,19.98585792
1475,4993,177.00946056,17.06160672
1475,4994,181.6909752,16.4592
1475,4995,186.2631276,16.4811456
1475,4996,190.86283392,17.33812128
1475,4997,196.52729808,23.85596448
1475,4998,203.78879232,27.73265472
1475,4999,212.5592904,36.01711872
1475,5000,222.9660768,38.05586496
1475,5001,233.6113692,38.38504896
1475,5002,243.82451616,34.21538496
1475,5003,253.0123464,32.87780064
1475,5004,262.21267344,33.28269696
1475,5005,271.34609688,32.64408
1475,5006,280.2291576,29.89210176
1475,5007,287.54627784,23.1964992
1475,5008,293.68366968,21.9456
1475,5009,299.77985256,21.9456
1475,5010,305.87758992,21.8962224
1475,5011,311.3925192,17.18450208
1475,5012,315.91977456,15.0876
1475,5013,319.32125112,9.60778368
1475,5014,321.4388796,5.78047104
1475,5015,323.38377792,10.5229152
1475,5016,326.85801024,12.8601216
1475,5017,330.42980904,12.8601216
1475,5018,334.00169928,12.86231616
1475,5019,337.44676224,12.31367616
1475,5020,341.48926368,17.14061088
1475,5021,347.06612832,22.73344704
1475,5022,353.54514,23.47191648
1475,5023,359.86132752,20.95695072
1475,5024,364.9938852,16.76534112
1475,5025,369.56963424,16.46249184
1475,5026,374.1423048,16.4592
1475,5027,378.70650192,16.37909856
1475,5028,383.96741088,22.35488544
1475,5029,390.42145944,22.75648992
1475,5030,396.40358616,21.32344224
1475,5031,402.44639856,21.1720176
1475,5032,408.10744896,20.39185152
1475,5033,413.83680504,20.89550304
1475,5034,419.7105144,20.656296
1475,5035,424.91454768,17.06380128
1475,5036,429.4849932,15.91056
1475,5037,433.73213736,14.33815776
1475,5038,437.5164732,12.9863088
1475,5039,441.18068736,14.18124672
1475,5040,445.39698576,16.05649824
1475,5041,450.04637448,16.36702848
1475,5042,454.37599752,17.062704
1475,5043,460.06274256,21.63726432
1475,5044,464.25359016,8.72008416
1475,5045,466.53776136,8.24715648
1475,5046,468.56327928,6.99077088
1475,5047,470.7844788,8.36895456
1475,5048,473.1023304,8.34371712
1475,5049,475.42045632,8.34920352
1475,5050,477.73897848,8.33274432
1475,5051,479.748342,5.11222752
1475,5052,480.79158096,3.52556064
1475,5053,481.6653816,4.19051232
1475,5054,483.50024712,7.50758976
1475,5055,485.46206184,5.8923936
1475,5056,486.80577264,3.8898576
1475,5057,487.94541984,5.01895872
1475,5058,489.58506096,6.67036512
1475,5059,491.37009168,6.2160912
1475,5060,493.0972104,6.22048032
1475,5061,494.80235304,5.5577232
1475,5062,496.07309472,5.20549632
1475,5063,498.24592248,9.33017184
1475,5064,500.5711731,9.2583
1486,5103,486.415820228571,9.9194112
1486,5104,488.7402468,9.84699072
1486,5105,491.36841528,8.94063744
1486,5106,493.80900984,8.7672672
1486,5107,496.1083296,7.61951232
1486,5108,498.17088072,7.36055424
1486,5109,499.70094624,3.02081184
1486,5110,500.3264568,2.14408512
1486,5111,500.71269936,0.35222688
1486,5112,500.7220872,0
1486,5113,500.7220872,0
1486,5114,500.7220872,0
1486,5115,500.7220872,0
1486,5116,500.7220872,0
1486,5117,500.7220872,0
1486,5118,500.7220872,0
1486,5119,500.7220872,0
1486,5120,500.72211768,0.14593824
1486,5121,501.9025776,9.58912992
1486,5122,505.03643976,11.60483328
1486,5123,508.93626432,17.27008992
1486,5124,514.01139768,18.37944
1486,5125,517.0744548,18.37944
1492,4981,36.0251502,35.93592
1492,4982,45.01018176,35.95896288
1492,4983,55.04806872,37.472112
1492,4984,66.05570736,40.61691648
1492,4985,76.84483488,31.49083872
1492,4986,84.47306448,31.84087104
1492,4987,94.70218296,39.06426528
1492,4988,105.37585224,35.98968672
1492,4989,114.7158996,33.08408928
1492,4990,123.89263512,32.29624224
1492,4991,132.23467584,27.68876352
1492,4992,139.56557304,25.85850048
1492,4993,146.76918576,25.91885088
1492,4994,153.97761432,25.68622752
1492,4995,160.60228992,22.07617632
1492,4996,166.69109664,22.3186752
1492,4997,172.9281276,22.3131888
1492,4998,179.26421856,23.24148768
1492,4999,185.71881576,23.25465504
1492,5000,192.24174912,24.90386688
1492,5001,200.01445392,29.84711328
1492,5002,208.20150384,27.47150208
1492,5003,215.07011088,24.66795168
1492,5004,222.53079192,28.28568384
1492,5005,230.472234,28.32408864
1492,5006,238.17139056,27.34092576
1492,5007,245.76965832,27.4265136
1492,5008,253.38499488,27.29374272
1492,5009,260.9589396,27.38920608
1492,5010,268.56440064,27.34312032
1492,5011,276.23911224,27.73704384
1492,5012,283.6150284,24.40460448
1492,5013,289.87754064,21.81173184
1492,5014,295.95628896,21.94669728
1492,5015,302.05378248,21.75247872
1492,5016,307.45779504,16.9200576
1492,5017,312.00138768,16.30996992
1492,5018,316.5634512,16.4592
1492,5019,321.14173008,16.7938704
1492,5020,326.09890584,18.63291168
1492,5021,331.27898184,18.47490336
1492,5022,336.12667344,16.52723136
1492,5023,340.69404048,16.34837472
1492,5024,345.23153712,16.53710688
1492,5025,349.93073016,17.16914016
1492,5026,354.7021608,17.16804288
1492,5027,359.38059696,16.32533184
1492,5028,363.90693792,16.4592
1492,5029,368.4791208,16.4592
1492,5030,373.0511208,16.4592
1492,5031,377.6225112,16.4592
1492,5032,382.6773144,21.12702912
1492,5033,388.96308288,22.88487168
1492,5034,395.24577288,21.643848
1492,5035,400.85317848,19.06743456
1492,5036,405.9300492,17.87359392
1492,5037,411.07233,19.229832
1492,5038,416.26938336,18.0008784
1492,5039,421.28840304,17.91967968
1492,5040,426.01252872,16.4537136
1492,5041,430.61406384,16.4592
1492,5042,435.18463128,16.97272704
1492,5043,440.01071256,17.51149152
1492,5044,444.74608536,16.5030912
1492,5045,449.09966568,13.86084096
1492,5046,452.31899376,11.33051328
1492,5047,456.53974224,18.12048192
1492,5048,461.56302912,17.33263488
1492,5049,465.52457568,10.38465792
1492,5050,467.31686064,3.37303872
1492,5051,468.22083648,4.44727584
1492,5052,469.67915208,5.33497536
1492,5053,471.14664216,5.2559712
1492,5054,472.60767048,5.2559712
1492,5055,474.0686988,5.2559712
1492,5056,475.52972712,5.2559712
1492,5057,476.99069448,5.2559712
1492,5058,478.45175328,5.25487392
1492,5059,480.06301752,6.6495168
1492,5060,481.90836816,6.57599904
1492,5061,483.62277672,4.75231968
1492,5062,484.95155232,6.08551488
1492,5063,486.80930832,6.78228768
1492,5064,488.6940696,6.7811904
1492,5065,490.57886136,6.7866768
1492,5066,492.56551728,7.7961744
1492,5067,494.87142072,8.90552448
1492,5068,497.40257136,8.72666784
1492,5069,499.28399,7.8693264
1509,4982,22.9823941333333,30.3324768
1509,4983,30.91348656,29.86686432
1509,4984,39.47702544,31.5029088
1509,4985,48.07348272,33.75123552
1509,4986,58.93359816,41.36087232
1509,4987,69.91148832,35.86240224
1509,4988,79.23766728,33.07092192
1509,4989,88.39894944,32.88218976
1509,4990,97.50326448,32.78562912
1509,4991,106.60175784,32.37195456
1509,4992,115.4050524,30.56034528
1509,4993,123.37029936,27.12146976
1509,4994,130.14661296,22.32525888
1509,4995,136.15208736,21.03924672
1509,4996,142.17575832,21.91926528
1509,4997,148.2580728,21.92036256
1509,4998,154.353768,21.9456
1509,4999,160.44928032,21.90390336
1509,5000,166.63193496,23.4159552
1509,5001,173.67126048,26.61342912
1509,5002,180.90727344,25.45579872
1509,5003,187.66959672,23.1361488
1509,5004,194.16866424,24.5406672
1509,5005,201.50529168,27.38920608
1509,5006,209.44929408,30.62837664
1509,5007,218.08821,29.70556416
1509,5008,225.9118164,28.54354464
1509,5009,234.0214776,28.52489088
1509,5010,241.88632344,28.30214304
1509,5011,249.58962528,27.43419456
1509,5012,256.95490392,25.0838208
1509,5013,263.74581744,23.78683584
1509,5014,269.99318112,21.6767664
1509,5015,276.04474128,21.95218368
1509,5016,281.94207264,19.47233088
1509,5017,286.78979472,16.45151904
1509,5018,291.33229008,16.33740192
1509,5019,295.8974016,16.4592
1509,5020,300.4694016,16.4592
1509,5021,305.0414016,16.4592
1509,5022,309.60565968,16.32313728
1509,5023,314.14437552,16.4646864
1509,5024,318.92254224,18.17205408
1509,5025,323.71433352,16.76753568
1509,5026,328.86103392,19.59522624
1509,5027,334.12057128,17.54660448
1509,5028,338.74393008,16.46139456
1509,5029,343.287858,16.31435904
1509,5030,347.84803176,16.4592
1509,5031,352.4201232,16.4592
1509,5032,356.99264136,16.44603264
1509,5033,361.51026504,16.23096576
1509,5034,366.1007664,17.41163904
1509,5035,371.5700976,21.26089728
1509,5036,377.576334,21.81173184
1509,5037,383.44105176,20.75724576
1509,5038,389.28894456,21.10837536
1509,5039,395.13043656,20.6453232
1509,5040,400.52539656,18.52976736
1509,5041,405.649938,17.74521216
1509,5042,410.60394384,19.33956
1509,5043,416.22768672,20.36990592
1509,5044,421.8634692,19.668744
1509,5045,426.80958072,16.43067072
1509,5046,431.1065292,14.19660864
1509,5047,434.49889224,10.12131072
1509,5048,437.06311368,8.91649728
1509,5049,439.52882376,8.59279968
1509,5050,441.63502224,6.0460128
1509,5051,442.69142856,1.58776416
1509,5052,442.88284296,0.16349472
1509,5053,442.885068,0
1509,5054,443.30800848,4.0270176
1509,5055,444.77882088,5.35033728
1509,5056,446.1653256,5.07601728
1509,5057,447.4506672,4.41435744
1509,5058,449.64053328,11.03095584
1509,5059,452.75522352,10.70506368
1509,5060,455.2114848,7.04782944
1509,5061,456.7175016,4.10272992
1509,5062,458.14085664,7.72704576
1509,5063,460.8816792,10.50865056
1509,5064,463.435446,7.76983968
1509,5065,465.6019644,7.94320992
1509,5066,467.67753048,7.76435328
1509,5067,470.17308048,9.39710592
1509,5068,472.65101304,9.30603168
1509,5069,475.57809888,10.96950816
1509,5070,478.75368816,12.40365312
1509,5071,482.375718,13.17065184
1509,5072,485.82090288,10.22884416
1509,5073,487.93014936,6.97101984
1509,5074,490.30880856,9.43880256
1509,5075,492.90235176,9.22044384
1509,5076,494.91765888,4.9158144
1509,5077,496.25658432,5.76401184
1509,5078,498.11382216,7.00503552
1509,5079,499.502408228571,4.224528
1512,4988,66.7975731428571,10.2987565714286
1512,4989,73.48063536,42.24089088
1512,4990,84.19142928,34.070544
1512,4991,93.682566,33.39132768
1512,4992,102.78264432,31.69712736
1512,4993,110.80619952,26.64634752
1512,4994,118.15858512,26.27546688
1512,4995,124.66390104,20.18007648
1512,4996,130.01500032,19.63911744
1512,4997,134.77222728,13.057632
1512,4998,137.8884212,16.9420032
1516,4994,98.6177352,28.858464
1516,4995,102.8942316,27.64377504
1516,4996,110.483142,26.92944576
1516,4997,118.00048536,27.06111936
1516,4998,125.21449176,25.1661168
1516,4999,131.99982744,23.7341664
1516,5000,138.37252488,22.35708
1516,5001,144.725136,23.8548672
1516,5002,151.64452272,26.01541152
1516,5003,159.14421816,27.2728944
1516,5004,166.83779688,28.5621984
1516,5005,174.75256896,28.02672576
1516,5006,182.45059776,27.4374864
1516,5007,190.18541592,28.00916928
1516,5008,197.8523856,27.41992992
1516,5009,205.55312712,29.19752352
1516,5010,214.17299304,31.59178848
1516,5011,222.64600632,29.0285424
1516,5012,230.6211288,28.48648608
1516,5013,238.32583272,27.33434208
1516,5014,245.92266792,27.4265136
1516,5015,253.5294396,26.8669008
1516,5016,260.62878024,24.743664
1516,5017,267.36687192,22.933152
1516,5018,273.44860728,21.79856448
1516,5019,279.51004296,21.0293712
1516,5020,285.05295288,20.03304096
1516,5021,290.8267488,20.36222496
1516,5022,296.06013432,17.73533664
1516,5023,300.7671912,16.4537136
1516,5024,305.33925216,16.45700544
1516,5025,309.89744472,16.29351072
1516,5026,314.43680064,16.4427408
1516,5027,319.79862888,24.37168608
1516,5028,327.03250824,24.28061184
1516,5029,332.76543048,17.4357792
1516,5030,337.2820788,15.50237184
1516,5031,341.18802984,13.33085472
1516,5032,344.83935096,12.3882912
1516,5033,348.87837768,17.30630016
1516,5034,353.79297288,17.71119648
1516,5035,358.72122312,18.3958992
1516,5036,363.81394344,17.95479264
1516,5037,368.87819544,17.6003712
1516,5038,373.52496288,16.46139456
1516,5039,378.09681048,16.4592
1516,5040,383.10427824,20.62118304
1516,5041,389.18756808,22.000464
1516,5042,395.35571424,23.00557248
1516,5043,401.88623712,23.5695744
1516,5044,408.38570088,22.05971712
1516,5045,413.53273656,16.32972096
1516,5046,418.1138196,16.43835168
1516,5047,422.40010008,14.40289728
1516,5048,426.40889064,14.54005728
1516,5049,430.19072712,11.00791296
1516,5050,432.3463032,6.21938304
1516,5051,433.94430864,4.83022656
1516,5052,434.88790848,1.99485504
1516,5053,435.1190688,0
1516,5054,435.1190688,0
1516,5055,435.1655508,1.1356848
1516,5056,436.19839608,5.23183104
1516,5057,437.6507376,5.2834032
1516,5058,439.2035412,5.39642304
1516,5059,440.38043496,3.69893088
1516,5060,441.47030832,4.11370272
1516,5061,443.09854992,7.55696736
1516,5062,444.71731224,3.96556992
1516,5063,446.01283416,7.32324672
1516,5064,448.822572,10.9728
1516,5065,451.870572,10.9728
1516,5066,454.9184196,10.9728
1516,5067,457.77110376,9.10303488
1516,5068,460.30411368,9.1238832
1516,5069,462.9703212,10.57009824
1516,5070,465.91401864,10.588752
1516,5071,468.89529792,11.23285536
1516,5072,472.000326,10.70725824
1516,5073,474.96106176,10.6655616
1516,5074,477.92359584,10.67214528
1516,5075,480.61162704,7.85871936
1516,5076,482.22151968,4.21465248
1516,5077,483.86225808,9.22593024
1516,5078,486.84725592,10.98048096
1516,5079,489.25130496,4.31011584
1516,5080,489.96977952,3.76147584
1516,5081,491.44467624,5.33936448
1516,5082,492.9115872,6.64732224
1516,5083,495.71062656,12.70430784
1516,5084,499.26624048,12.7723392
1521,5007,182.8798476,23.0867712
1521,5008,186.8341704,24.06773952
1521,5009,194.12812584,28.97697024
1521,5010,202.40277528,30.04023456
1521,5011,211.9134192,39.60412704
1521,5012,222.19916952,30.73591008
1521,5013,229.95136128,27.43419456
1521,5014,237.23440488,23.81426784
1521,5015,243.41062824,21.89402784
1521,5016,249.5059272,21.9456
1521,5017,255.58650432,21.80405088
1521,5018,261.66860544,21.92255712
1521,5019,267.18908208,17.23168512
1521,5020,271.71222264,16.18488
1521,5021,276.26852544,16.4592
1521,5022,280.84055592,16.4592
1521,5023,285.4119768,16.40214144
1521,5024,289.95023544,16.39007136
1521,5025,294.5215344,16.4592
1521,5026,299.0935344,16.4592
1521,5027,303.66559536,16.4592
1521,5028,308.2379916,16.42298976
1521,5029,312.77116008,16.34179104
1521,5030,317.3391672,16.4592
1521,5031,321.92143896,16.67646144
1521,5032,326.63157432,17.0956224
1521,5033,331.37481096,16.93432224
1521,5034,335.869026,15.18745248
1521,5035,339.99202512,15.49908
1521,5036,344.49224472,16.42847616
1521,5037,349.390716,18.87102144
1521,5038,354.69054792,19.07950464
1521,5039,359.9087544,18.16437312
1521,5040,365.2736916,20.5630272
1521,5041,370.89581904,20.38965696
1521,5042,376.80988392,21.69432288
1521,5043,382.4212824,19.06853184
1521,5044,387.77719752,19.36479744
1521,5045,393.1426224,19.2792096
1521,5046,398.49835464,19.2792096
1521,5047,403.85417832,19.2792096
1521,5048,409.21006296,19.2792096
1521,5049,414.57094632,19.09486656
1521,5050,418.57720704,8.27129664
1521,5051,420.17600496,4.89606336
1521,5052,421.51368072,5.03870976
1521,5053,423.0116508,5.4864
1521,5054,424.53558984,5.49298368
1521,5055,425.73250896,1.88512704
1521,5056,425.91407832,0.49487328
1521,5057,426.03386472,0.54425088
1521,5058,426.32385144,1.49888448
1521,5059,426.87752064,2.02557888
1521,5060,427.45993248,2.92095936
1521,5061,429.13709448,9.08218656
1521,5062,431.80638048,9.6341184
1521,5063,434.4826464,9.6341184
1521,5064,437.16043632,9.4859856
1521,5065,439.39148088,7.54489728
1521,5066,441.8940108,9.6670368
1521,5067,444.415164,8.21752992
1521,5068,446.76093528,8.27678304
1521,5069,449.1302676,9.47830464
1521,5070,451.77239592,9.50354208
1521,5071,454.40519736,8.96368032
1521,5072,456.31495224,5.88471264
1521,5073,458.49780792,9.36418752
1521,5074,461.1537132,9.6121728
1521,5075,463.82357832,9.6121728
1521,5076,466.4935044,9.6121728
1521,5077,469.17272688,9.6944688
1521,5078,471.85655184,9.61327008
1521,5079,474.52775808,9.61546464
1521,5080,477.19811088,9.6121728
1521,5081,479.86821984,9.6121728
1521,5082,482.53842024,9.6121728
1521,5083,485.20859016,9.6121728
1521,5084,487.8787296,9.6121728
1521,5085,490.54893,9.6121728
1521,5086,493.2191304,9.6121728
1521,5087,495.8891784,9.6121728
1521,5088,498.5595312,9.60997824
1521,5089,500.821190742857,9.53222811428572
1526,4985,19.6583808,23.3062272
1526,4986,23.20414968,23.83950528
1526,4987,29.58141912,20.68592256
1526,4988,34.87738008,18.96429024
1526,4989,40.9817316,24.43862016
1526,4990,47.77288896,24.81608448
1526,4991,55.26316608,28.92210624
1526,4992,63.3485652,29.60241984
1526,4993,73.04306448,39.31993152
1526,4994,82.254852,27.56257632
1526,4995,89.98333032,27.62182944
1526,4996,97.34742024,26.20085184
1526,4997,104.7381192,25.54687296
1526,4998,111.3109788,23.3226864
1526,4999,117.77810328,22.00814496
1526,5000,123.45235152,19.74335904
1526,5001,129.10044792,21.1281264
1526,5002,134.94977328,19.51183296
1526,5003,139.92944328,18.51330816
1526,5004,145.55583792,20.85051456
1526,5005,151.422354,22.62152448
1526,5006,158.52501696,26.7407136
1526,5007,165.60497232,24.79962528
1526,5008,172.72488696,25.73560512
1526,5009,179.61760368,24.66904896
1526,5010,186.1837272,22.41852768
1526,5011,192.56358744,24.61418496
1526,5012,199.88686464,27.11269152
1526,5013,207.37787328,26.4828528
1526,5014,214.55874792,25.59295872
1526,5015,221.4640224,22.3790256
1526,5016,227.22638832,22.99021056
1526,5017,234.52567776,27.43309728
1526,5018,241.69524432,23.22063936
1526,5019,247.83361152,21.9456
1526,5020,253.88017296,21.08533248
1526,5021,259.55097696,20.29309632
1526,5022,265.07523312,18.4672224
1526,5023,269.76104544,16.18707456
1526,5024,274.287996,16.4592
1526,5025,278.8552716,15.99614784
1526,5026,282.7318704,12.2182128
1526,5027,286.00502616,11.686032
1526,5028,289.8041448,15.93579744
1526,5029,294.36889056,16.46797824
1526,5030,298.94162208,16.4482272
1526,5031,303.5131344,16.4592
1526,5032,308.08537824,16.42298976
1526,5033,312.61470624,16.03235808
1526,5034,316.74349656,14.30743392
1526,5035,320.91124032,16.01919072
1526,5036,325.54002456,16.43505984
1526,5037,330.06795048,16.32313728
1526,5038,334.62367416,16.45700544
1526,5039,339.19600944,16.45151904
1526,5040,343.73426808,16.34618016
1526,5041,348.65876928,19.47891456
1526,5042,354.2137188,20.03523552
1526,5043,359.83234104,20.84722272
1526,5044,365.8357428,21.94998912
1526,5045,371.9323524,21.9456
1526,5046,378.04289136,22.4174304
1526,5047,384.51836736,23.89656384
1526,5048,391.16450088,23.84828352
1526,5049,397.30271568,19.57876704
1526,5050,402.12221328,15.43104864
1526,5051,406.04687904,12.48156
1526,5052,408.97003296,8.46112608
1526,5053,411.00716376,8.17254144
1526,5054,413.62570056,9.67471776
1526,5055,415.86954672,4.48129152
1526,5056,416.42489232,1.5471648
1526,5057,416.7502968,0.57278016
1526,5058,416.830764,0
1526,5059,416.830764,0
1526,5060,417.12879744,2.79367488
1526,5061,418.13594808,3.47618304
1526,5062,419.331648,5.57198784
1526,5063,421.00975488,6.44761728
1526,5064,422.82474744,6.03723456
1526,5065,424.50102552,7.79178528
1526,5066,427.23441096,10.57119552
1526,5067,430.17106752,10.5722928
1526,5068,433.10775456,10.57339008
1526,5069,435.93794448,9.32249088
1526,5070,438.44815536,8.75848896
1526,5071,440.64378216,7.1158608
1526,5072,442.49029104,8.35139808
1526,5073,445.60138464,11.04302592
1526,5074,448.16033304,8.95270752
1526,5075,450.74869464,9.13705056
1526,5076,453.44102352,11.39086368
1526,5077,456.89745552,12.58141248
1526,5078,460.39229232,12.591288
1526,5079,463.45946424,8.66960928
1526,5080,465.52064376,6.98638176
1526,5081,467.26300248,5.36679648
1526,5082,469.01035992,7.50320064
1526,5083,471.10378728,7.47467136
1526,5084,473.1805116,7.47357408
1526,5085,475.25732736,7.47686592
1526,5086,477.33411264,7.4724768
1526,5087,479.41083696,7.4724768
1526,5088,481.48759176,7.47576864
1526,5089,483.56477328,8.42272128
1526,5090,486.930954,14.93836992
1526,5091,491.09647272,14.9888448
1526,5092,495.17280696,12.96546048
1526,5093,497.86967736,8.19887616
1526,5094,499.5144696,10.4570784
1534,5124,482.896686514286,8.15435794285714
1534,5125,484.82435928,8.16266592
1534,5126,487.09088256,8.1637632
1534,5127,489.35734488,8.16266592
1534,5128,491.85280344,11.53680192
1534,5129,495.52030944,13.15858176
1534,5130,498.7522791,11.8327932
1535,5018,234.985168114286,18.0925796571429
1535,5019,239.24907192,17.98771104
1535,5020,244.29665136,17.81543808
1535,5021,248.976642,16.4592
1535,5022,253.5490992,16.46358912
1535,5023,258.16413696,16.89043104
1535,5024,262.89271272,16.92334944
1535,5025,267.512292,16.38677952
1535,5026,271.93682976,15.69000672
1535,5027,276.42132168,16.05210912
1535,5028,280.38942144,12.84475968
1535,5029,283.96884024,12.96107136
1535,5030,287.84257392,15.62416992
1535,5031,292.391592,16.4592
1535,5032,296.9637444,16.4592
1535,5033,301.5357444,16.4592
1535,5034,306.1078968,16.4592
1535,5035,310.65859128,16.30667808
1535,5036,315.2107488,16.41969792
1535,5037,319.53851256,14.7968208
1535,5038,323.45494872,13.90034304
1535,5039,327.65347728,15.8227776
1535,5040,332.22383136,18.57585312
1535,5041,338.05864824,21.9346272
1535,5042,344.12124216,21.68005824
1535,5043,349.96438008,20.381976
1535,5044,355.60141224,20.36661408
1535,5045,361.44034392,21.68554464
1535,5046,367.51720248,21.9456
1535,5047,373.61329392,21.9456
1535,5048,379.72752096,22.4832672
1535,5049,386.2635912,24.20489952
1535,5050,392.94325272,22.86950976
1535,5051,398.06508144,13.53824064
1535,5052,401.2667616,10.9728
1535,5053,404.27038272,10.06096032
1535,5054,406.83920664,8.18131968
1535,5055,408.63844104,4.75780608
1535,5056,409.29098736,0.57168288
1535,5057,409.3558488,0
1535,5058,409.3558488,0
1535,5059,409.3558488,0
1535,5060,409.48901592,1.0314432
1535,5061,409.90095312,2.386584
1535,5062,411.0002448,4.65905088
1535,5063,412.32021168,5.21208
1535,5064,413.8397616,5.4864
1535,5065,415.43215872,6.09209856
1535,5066,417.14589672,6.43774176
1535,5067,419.11542288,8.00246304
1535,5068,421.4891748,9.46184544
1535,5069,424.6232808,12.15895968
1535,5070,428.00006856,12.1578624
1535,5071,431.37691728,12.1578624
1535,5072,434.75373552,12.1578624
1535,5073,438.00518952,9.76908384
1535,5074,439.90528224,5.4754272
1535,5075,441.65513904,7.22449152
1535,5076,443.9448576,9.5134176
1535,5077,446.74560384,10.33418304
1535,5078,449.69527536,12.77453376
1535,5079,453.87420528,12.81842496
1535,5080,456.5349264,9.05036544
1535,5081,459.1351752,8.69923584
1535,5082,461.0032944,4.57675488
1535,5083,462.092802,5.70805056
1535,5084,464.37139536,9.20508192
1535,5085,466.92744816,9.20508192
1535,5086,469.49383368,8.85724416
1535,5087,470.83321632,1.35733536
1535,5088,472.78759392,13.02142176
1535,5089,476.56595568,13.63260672
1535,5090,480.2206296,11.3458752
1535,5091,482.81758656,8.83639584
1535,5092,485.05661688,7.11805536
1535,5093,487.21112616,10.47024576
1535,5094,491.11180416,15.55174944
1535,5095,495.42950952,15.5484576
1535,5096,498.8837368,15.5466288
1539,4988,16.3084256,25.6544064
1539,4989,20.92811664,25.6160016
1539,4990,27.81540792,21.21261696
1539,4991,31.8049656,10.84880736
1539,4992,36.54920808,24.30804384
1539,4993,43.39693632,22.06739808
1539,4994,49.8905784,30.28821984
1539,4995,60.04425888,38.59901856
1539,4996,70.19105088,33.29805888
1539,4997,79.13241984,31.93743168
1539,4998,87.66877056,29.3083488
1539,4999,95.25798576,26.11745856
1539,5000,102.25393824,20.74846752
1539,5001,106.44883968,13.73465376
1539,5002,111.06046368,18.45734688
1539,5003,116.20890144,18.67241376
1539,5004,121.4134224,19.40868864
1539,5005,127.50052224,24.85119744
1539,5006,135.02600376,27.54501984
1539,5007,142.45897848,25.61819616
1539,5008,149.12772816,22.8398832
1539,5009,155.26774128,21.9456
1539,5010,161.46648936,22.55129856
1539,5011,167.7750264,23.20966656
1539,5012,174.53798976,25.71146496
1539,5013,181.76363952,26.39177856
1539,5014,189.31563864,27.46162656
1539,5015,196.9382904,27.42870816
1539,5016,204.48260856,26.66280672
1539,5017,211.82002848,26.38738944
1539,5018,218.8787088,23.40937152
1539,5019,224.80231392,20.2557888
1539,5020,230.43233568,20.20970304
1539,5021,235.9043796,19.23751296
1539,5022,241.21838472,19.01476512
1539,5023,246.37742952,18.13913568
1539,5024,251.4063552,18.10512
1539,5025,256.40864136,17.67937536
1539,5026,260.94677808,15.10625376
1539,5027,265.12747584,15.11393472
1539,5028,269.31079488,14.9120352
1539,5029,273.56726592,15.8721552
1539,5030,277.98762792,15.91056
1539,5031,282.36156888,14.37327072
1539,5032,285.75749808,13.07848032
1539,5033,290.10687216,16.45481088
1539,5034,294.67948176,16.4592
1539,5035,299.25160368,16.4592
1539,5036,303.82354272,16.46688096
1539,5037,308.1358836,13.43838816
1539,5038,311.33744184,10.81149984
1539,5039,314.30713872,10.14545088
1539,5040,317.12029032,10.70616096
1539,5041,320.6026608,16.77302208
1539,5042,325.41594048,18.51001632
1539,5043,332.23486512,25.31095776
1539,5044,338.46869568,20.628864
1539,5045,343.72567272,18.02392128
1539,5046,349.17001032,16.98808896
1539,5047,355.38549192,30.8445408
1539,5048,362.49656736,21.75686784
1539,5049,368.58631896,21.9456
1539,5050,374.68405632,21.9017088
1539,5051,380.37125856,18.6373008
1539,5052,385.30395888,17.391888
1539,5053,390.11891496,16.51296672
1539,5054,393.93988776,11.20213152
1539,5055,396.39953232,6.48273024
1539,5056,398.5601376,10.24530336
1539,5057,401.5406244,9.5408496
1539,5058,403.25280792,2.47656096
1539,5059,403.4177352,0
1539,5060,403.4177352,0
1539,5061,403.70007144,2.92644576
1539,5062,404.8830612,4.53286368
1539,5063,406.06635576,3.97873728
1539,5064,407.07664584,2.77502112
1539,5065,407.82886176,3.07128672
1539,5066,408.62527368,2.7816048
1539,5067,409.9916616,8.92856736
1539,5068,413.0875152,11.04851232
1539,5069,415.42002768,6.69121344
1539,5070,417.51866712,7.68973824
1539,5071,419.38090368,6.56831808
1539,5072,421.62913896,9.0580464
1539,5073,424.14379992,9.05256
1539,5074,426.65821704,9.05256
1539,5075,429.14038632,8.05842432
1539,5076,430.90030152,5.8046112
1539,5077,432.69703656,7.80385536
1539,5078,435.4796472,11.12971104
1539,5079,438.56885616,11.09130624
1539,5080,441.64953072,11.05290144
1539,5081,444.27483408,7.84335744
1539,5082,446.34598056,6.95017152
1539,5083,448.60015944,9.57486528
1539,5084,451.27996104,9.1238832
1539,5085,453.01314528,3.70002816
1539,5086,454.14776328,5.06614176
1539,5087,456.25743648,9.7877376
1539,5088,458.73616152,6.95894976
1539,5089,460.27494432,6.2874144
1539,5090,463.15795608,13.30671456
1539,5091,466.85938632,13.32536832
1539,5092,470.57971416,13.40217792
1539,5093,474.28596024,13.3264656
1539,5094,477.9875124,13.3209792
1539,5095,481.6972332,13.7050272
1539,5096,485.51247576,13.0137408
1539,5097,488.97335784,12.3389136
1539,5098,492.45435672,12.99947616
1539,5099,496.25015304,12.8217168
1539,5100,499.026518666667,8.7684864
1543,4993,23.5618189333333,23.6268768
1543,4994,29.81343288,24.94995264
1543,4995,36.63004104,23.21515296
1543,4996,43.02934752,23.26453056
1543,4997,50.16099696,28.31092128
1543,4998,58.1564496,28.81018368
1543,4999,66.1931112,29.06255808
1543,5000,74.26308744,28.53696096
1543,5001,81.56877768,25.03883232
1543,5002,88.70018328,25.74877248
1543,5003,95.85984384,26.3676384
1543,5004,103.29434256,25.56442944
1543,5005,109.91816472,22.81684032
1543,5006,115.83628344,19.89478368
1543,5007,121.38864216,21.8523312
1543,5008,128.09207808,24.61967136
1543,5009,135.2213196,25.90787808
1543,5010,141.78104232,22.6533456
1543,5011,148.22710512,23.58713088
1543,5012,155.08769592,26.43786432
1543,5013,162.65054592,27.35080128
1543,5014,170.2570128,27.432
1543,5015,177.87841488,27.44407008
1543,5016,185.50216392,27.459432
1543,5017,193.12865616,27.43309728
1543,5018,200.74457184,27.39030336
1543,5019,208.139538,25.56881856
1543,5020,215.2269,25.70597856
1543,5021,221.9687712,22.35708
1543,5022,228.048312,21.9456
1543,5023,234.14559216,21.75138144
1543,5024,239.54143608,16.83008064
1543,5025,244.09935432,16.4592
1543,5026,248.67108,16.4592
1543,5027,253.2432324,16.44712992
1543,5028,257.90551416,17.55538272
1543,5029,262.92288792,18.14681664
1543,5030,267.56163912,13.75001568
1543,5031,270.81364176,11.79466272
1543,5032,274.36828032,13.469112
1543,5033,278.55540936,16.4262816
1543,5034,283.12905528,16.32313728
1543,5035,287.5454244,15.91824096
1543,5036,292.08474984,16.46029728
1543,5037,296.65678032,16.4592
1543,5038,301.22878032,16.4592
1543,5039,305.80145088,16.4592
1543,5040,309.93399024,12.19846176
1543,5041,312.99747408,10.96511904
1543,5042,316.07750856,11.78698176
1543,5043,319.94420136,16.05649824
1543,5044,325.04121936,20.39185152
1543,5045,330.80184792,20.75614848
1543,5046,336.6857376,21.7590624
1543,5047,342.75808512,21.81612096
1543,5048,348.98804472,23.2294176
1543,5049,355.50229128,23.34792384
1543,5050,361.74340656,21.75247872
1543,5051,367.81883256,21.9456
1543,5052,373.914924,21.9456
1543,5053,379.836426,18.81615744
1543,5054,383.90005008,12.2785632
1543,5055,387.313932,12.3389136
1543,5056,390.51283848,8.93405376
1543,5057,392.1296196,4.1312592
1543,5058,393.14631048,3.48605856
1543,5059,394.16327568,3.89863584
1543,5060,395.2422372,3.31049376
1543,5061,395.6413728,0.2084832
1543,5062,395.7792948,0.29407104
1543,5063,395.7876768,0
1543,5064,395.7876768,0
1543,5065,396.37627608,6.46407648
1543,5066,399.14730432,10.9728
1543,5067,402.18762336,10.9014768
1543,5068,405.22440672,10.97389728
1543,5069,408.22775352,10.28919456
1543,5070,411.03075528,10.43074368
1543,5071,413.60466936,7.5383136
1543,5072,415.36677912,5.53468032
1543,5073,416.9571036,6.08222304
1543,5074,418.74213432,6.53759424
1543,5075,420.50851128,6.58258272
1543,5076,422.49251544,7.14000096
1543,5077,424.24627368,6.2599824
1543,5078,426.0367908,5.82326496
1543,5079,428.37716712,12.6790704
1543,5080,432.35212488,14.51262528
1543,5081,435.95629344,10.77748416
1543,5082,438.63475392,10.10814336
1543,5083,441.80830104,11.79246816
1543,5084,445.06475376,11.17689408
1543,5085,447.30555192,5.1462432
1543,5086,448.60070808,4.39021728
1543,5087,449.79753576,3.7417248
1543,5088,451.22217096,8.35468992
1543,5089,453.45123432,5.36899104
1543,5090,454.91165304,6.94468512
1543,5091,457.43338536,10.71823104
1543,5092,460.523844,11.740896
1543,5093,463.86454344,11.33161056
1543,5094,466.92446112,12.02948064
1543,5095,470.70053688,14.33486592
1543,5096,474.66461328,14.25476448
1543,5097,478.61789976,14.40618912
1543,5098,482.55122184,13.6721088
1543,5099,486.9224196,19.15521696
1543,5100,492.46225104,18.1106064
1543,5101,496.75441416,13.16406816
1543,5102,499.2566596,9.5042736
1546,5139,481.3730784,15.1717248
1546,5140,484.73005416,15.0985728
1546,5141,488.8556136,13.98593088
1546,5142,492.4641408,12.61762272
1546,5143,495.94248792,12.6077472
1546,5144,498.93797088,17.5893984
1550,4994,21.2617812,19.366992
1550,4995,26.5363452,24.1621056
1550,4996,33.44442384,24.8369328
1550,4997,40.4087076,25.81570656
1550,4998,47.71253856,26.29521792
1550,4999,55.15106064,27.71509824
1550,5000,62.9751852,28.57646304
1550,5001,71.69938416,32.81196384
1550,5002,80.28057096,29.4894
1550,5003,87.97314384,25.30437408
1550,5004,94.15963896,20.41160256
1550,5005,99.89567016,21.8578176
1550,5006,106.6108104,24.32889216
1550,5007,113.3083332,26.16354432
1550,5008,120.6686436,23.96678976
1550,5009,126.6189492,20.7001872
1550,5010,132.63871872,22.45802976
1550,5011,139.11142104,25.22427264
1550,5012,146.32338528,25.13649024
1550,5013,152.87637192,22.67968032
1550,5014,159.0749676,21.66908544
1550,5015,164.90173776,21.04144128
1550,5016,170.94482448,22.25503296
1550,5017,177.91227816,28.09475712
1550,5018,186.1256628,31.13093088
1550,5019,194.4518844,27.33982848
1550,5020,201.82615464,26.28973152
1550,5021,208.72225464,23.70892896
1550,5022,215.2913652,23.62773024
1550,5023,221.8322208,22.63359456
1550,5024,227.36757168,17.97673824
1550,5025,232.34419368,17.91967968
1550,5026,237.30810552,17.21303136
1550,5027,241.47203928,13.38242688
1550,5028,245.20526016,13.73904288
1550,5029,249.27918648,15.3509472
1550,5030,253.55787744,15.85240416
1550,5031,258.38362344,18.58682592
1550,5032,263.56693032,18.68997024
1550,5033,268.73008992,17.32385664
1550,5034,272.64783672,11.6366544
1550,5035,275.73948408,10.9728
1550,5036,278.80766184,11.84404032
1550,5037,282.97772208,17.501616
1550,5038,287.5538064,15.24012192
1550,5039,291.4938036,13.12456608
1550,5040,295.13046384,12.97643328
1550,5041,298.5948816,11.95376832
1550,5042,302.1485448,14.8461984
1550,5043,306.57664872,16.07844384
1550,5044,311.02230912,15.80741568
1550,5045,315.28371792,15.65050464
1550,5046,320.4816552,21.98181024
1550,5047,327.14494896,25.16172768
1550,5048,334.0056312,23.39839872
1550,5049,340.18782864,21.83477472
1550,5050,346.26423,22.1870016
1550,5051,352.50467472,22.5600768
1550,5052,358.72146696,21.93133536
1550,5053,364.77321,21.93243264
1550,5054,370.87064256,21.81612096
1550,5055,376.32366696,15.91056
1550,5056,379.84157712,10.232136
1550,5057,381.76090272,3.75489216
1550,5058,382.56996384,2.7541728
1550,5059,383.3352252,2.7541728
1550,5060,384.10063896,2.7541728
1550,5061,384.86596128,2.7541728
1550,5062,385.63137504,2.7541728
1550,5063,386.39675832,2.7541728
1550,5064,387.16957872,2.84634432
1550,5065,387.952488,2.7541728
1550,5066,388.71787128,2.7541728
1550,5067,389.51559384,3.95349984
1550,5068,391.6835448,10.83783456
1550,5069,394.7333736,10.9728
1550,5070,397.421862,6.8799456
1550,5071,399.793206,9.1293696
1550,5072,401.78348904,10.16300736
1550,5073,405.73165488,13.42302624
1550,5074,407.97385512,4.94105184
1550,5075,409.2103068,5.1517296
1550,5076,411.40629936,9.48488832
1550,5077,414.03873504,9.5024448
1550,5078,416.68519152,9.50463936
1550,5079,419.31872448,9.43002432
1550,5080,421.73734296,7.65133344
1550,5081,423.63371712,5.84411328
1550,5082,425.3473332,8.51599008
1550,5083,428.63892936,13.78403136
1550,5084,432.4854444,13.5898128
1550,5085,435.69410448,9.10522944
1550,5086,437.8980828,7.15865472
1550,5087,439.90232568,7.5328272
1550,5088,441.96560832,6.35544576
1550,5089,442.89524832,1.43633952
1550,5090,443.56925256,3.51787968
1550,5091,444.73639272,5.17806432
1550,5092,446.73908112,9.91831392
1550,5093,449.8811424,11.11215456
1550,5094,452.4576168,7.03027296
1550,5095,455.0165652,14.1384528
1550,5096,459.613254,16.9968672
1550,5097,464.33555088,16.9968672
1550,5098,469.06757088,17.08684416
1550,5099,473.80516872,17.00345088
1550,5100,478.5282276,16.99796448
1550,5101,483.1474716,15.11942112
1550,5102,487.04568072,13.81585248
1550,5103,490.44770592,10.57558464
1550,5104,492.86461752,7.74350496
1550,5105,494.91598248,6.11514144
1550,5106,497.3552664,11.10337632
1550,5107,499.3269414,8.997696
1555,4996,22.3004742857143,23.8313540571429
1555,4997,27.77328456,22.47887808
1555,4998,34.08426,23.31500544
1555,4999,41.16250848,27.69205536
1555,5000,48.86108592,27.42431904
1555,5001,56.24203128,25.42617216
1555,5002,63.2929392,26.15147424
1555,5003,70.74846912,27.0369792
1555,5004,78.2823936,27.20815488
1555,5005,85.81604376,27.03917376
1555,5006,92.98164792,22.7521008
1555,5007,98.60932272,19.56559968
1555,5008,104.03415312,19.51293024
1555,5009,109.42719288,19.06524
1555,5010,114.6357372,18.75690432
1555,5011,119.87165256,18.7525152
1555,5012,125.52377232,24.26524992
1555,5013,133.192266,27.6404832
1555,5014,140.15277024,22.90462272
1555,5015,146.2840356,21.70858752
1555,5016,151.95675984,18.56488032
1555,5017,156.72035712,16.72474176
1555,5018,161.67524688,19.67752224
1555,5019,167.58934224,21.9346272
1555,5020,174.00870456,25.52163552
1555,5021,181.53772176,27.31459104
1555,5022,188.70439272,23.47850016
1555,5023,194.6489376,18.9225936
1555,5024,199.31600472,15.92482464
1555,5025,203.7842508,16.4262816
1555,5026,208.10619288,14.04408672
1555,5027,212.0498172,16.39116864
1555,5028,217.0985244,18.77116896
1555,5029,222.73470312,21.68335008
1555,5030,228.8090928,21.9456
1555,5031,234.9050928,21.9456
1555,5032,240.9846336,21.8468448
1555,5033,247.0696608,21.9456
1555,5034,253.16401488,21.87756864
1555,5035,259.31091648,22.58641152
1555,5036,265.5822984,21.78868896
1555,5037,270.81489144,16.3714176
1555,5038,275.3543388,16.4592
1555,5039,279.92630832,16.4592
1555,5040,284.49779016,16.39994688
1555,5041,289.0069404,15.88532256
1555,5042,293.1176256,12.8436624
1555,5043,296.4265344,12.0810528
1555,5044,299.62690392,10.9673136
1555,5045,302.67499536,10.97060544
1555,5046,305.95485672,13.99251456
1555,5047,310.35251112,16.35386112
1555,5048,315.454284,21.0732624
1555,5049,321.6141396,23.66394048
1555,5050,328.79214912,26.90311104
1555,5051,335.98082664,23.85925632
1555,5052,342.28427352,22.2144336
1555,5053,348.52639464,23.40169056
1555,5054,355.14338928,23.72648544
1555,5055,361.43833224,21.57471936
1555,5056,366.8232948,16.73242272
1555,5057,370.70864136,11.44243584
1555,5058,373.3301652,6.85580544
1555,5059,374.90424384,5.35253184
1555,5060,376.2259176,4.22343072
1555,5061,377.30960352,3.75050304
1555,5062,378.37798848,3.8624256
1555,5063,379.4496348,3.85803648
1555,5064,380.4425208,2.37122208
1555,5065,380.6476512,0
1555,5066,380.6476512,0
1555,5067,380.6476512,0
1555,5068,380.7989844,2.2823424
1555,5069,382.51982424,9.81187776
1555,5070,385.59245208,11.29320576
1555,5071,388.74124944,11.29430304
1555,5072,391.8671868,11.24712
1555,5073,394.99007616,11.18786688
1555,5074,397.82651448,9.04268448
1555,5075,400.18109448,7.63597152
1555,5076,402.02818248,6.35434848
1555,5077,403.77044976,5.75852544
1555,5078,405.2975892,5.52699936
1555,5079,407.02095888,7.17840576
1555,5080,409.11334992,7.91358336
1555,5081,411.6538884,9.69776064
1555,5082,414.10390128,8.19009792
1555,5083,416.36368848,9.00208512
1555,5084,419.25855696,10.97499456
1555,5085,422.30646552,10.97938368
1555,5086,425.26299504,10.4186736
1555,5087,428.23525224,10.56790368
1555,5088,430.88609784,7.82031456
1555,5089,432.4330188,4.67551008
1555,5090,433.96899744,6.01638624
1555,5091,435.64030728,6.0130944
1555,5092,437.2979316,5.77388736
1555,5093,438.84092064,5.46335712
1555,5094,440.47230168,7.14658464
1555,5095,443.02286808,10.65897792
1555,5096,446.15733984,12.03496704
1555,5097,449.54382024,11.96913024
1555,5098,452.77378584,11.10886272
1555,5099,455.88146568,11.65421088
1555,5100,459.47018088,14.32718496
1555,5101,463.83430728,16.98808896
1555,5102,468.79904208,18.33335424
1555,5103,473.82540744,17.95479264
1555,5104,478.2209892,13.0082544
1555,5105,481.6310916,12.28075776
1555,5106,484.67458056,8.16705504
1555,5107,486.46134864,5.0804064
1555,5108,487.62699528,5.20769088
1555,5109,489.52074816,9.6780096
1555,5110,493.05627576,11.90109888
1555,5111,494.62569096,0.89757504
1555,5112,494.95667328,1.67115744
1555,5113,495.25467624,0.16568928
1555,5114,495.2561088,0
1555,5115,495.32898648,0.63203328
1555,5116,495.54198072,0.41916096
1555,5117,495.5615184,0
1555,5118,495.5615184,0
1555,5119,495.5615184,0
1555,5120,495.5615184,0
1555,5121,495.5615184,0
1555,5122,495.57453336,0.57168288
1555,5123,496.74853152,8.21094624
1555,5124,498.931692,9.77989988571428
1557,4995,80.1212084571429,29.3130514285714
1557,4996,86.91753,27.35080128
1557,4997,94.2409596,25.7970528
1557,4998,101.24879928,23.85596448
1557,4999,106.93277064,18.19729152
1557,5000,111.96066,18.10512
1557,5001,117.01524984,18.46612512
1557,5002,122.66636376,22.23967104
1557,5003,128.78647344,21.33990144
1557,5004,134.2893936,17.64535968
1557,5005,139.14312024,19.47891456
1557,5006,145.20483024,23.59261728
1557,5007,152.01235536,24.80840352
1557,5008,156.5079928,24.96312
1557,5062,329.0298728,14.7145248
1557,5063,331.68723096,14.7145248
1557,5064,335.58016704,10.95414624
1557,5065,336.8422524,0.21835872
1557,5066,336.8439288,0
1557,5067,336.8439288,0
1557,5068,336.8439288,0
1557,5069,336.8439288,0
1557,5070,336.8439288,0
1557,5071,336.8439288,0
1557,5072,336.85724856,0.59582304
1557,5073,337.61104944,3.67369344
1557,5074,338.0667864,0
1557,5075,338.0667864,0
1557,5076,338.29108872,2.7925776
1557,5077,339.97404192,9.06024096
1557,5078,342.89838456,10.36710144
1557,5079,345.31480848,8.63778816
1557,5080,347.99805432,8.32616064
1557,5081,349.94344032,6.83495712
1557,5082,351.84127752,6.83385984
1557,5083,353.73917568,6.8360544
1557,5084,355.63719576,6.8360544
1557,5085,357.4301208,5.82216768
1557,5086,358.9655508,5.4864
1557,5087,360.44959152,5.24609568
1557,5088,361.94637288,5.48420544
1557,5089,363.9016344,9.60339456
1557,5090,366.90007392,10.9728
1557,5091,369.94807392,10.97938368
1557,5092,372.82575168,9.13705056
1557,5093,375.2391276,9.50902848
1557,5094,378.18188016,11.38318272
1557,5095,381.79699104,13.90473216
1557,5096,385.49296536,13.10371776
1557,5097,389.14611528,13.06202112
1557,5098,392.24297472,8.46990432
1557,5099,394.15254672,5.87812896
1557,5100,395.694408,5.4864
1557,5101,397.2171888,5.5248048
1557,5102,398.99042376,7.49771424
1557,5103,401.31360936,8.32616064
1557,5104,403.34881992,7.35506784
1557,5105,405.82827648,10.1114352
1557,5106,408.67998528,9.92380032
1557,5107,411.85469064,12.98850336
1557,5108,415.17624864,11.56752576
1557,5109,418.44946536,11.51924544
1557,5110,421.54349016,10.78845696
1557,5111,424.17440184,7.58988576
1557,5112,426.11204592,8.6904576
1557,5113,429.79168296,16.48992384
1557,5114,433.86551784,11.84623488
1557,5115,436.90147824,10.15093728
1557,5116,439.23179616,6.95017152
1557,5117,440.9613228,5.42275776
1557,5118,442.02166104,2.31964992
1557,5119,442.54725816,1.4923008
1557,5120,442.85769696,0.48390048
1557,5121,442.8762288,0
1557,5122,442.8762288,0
1557,5123,443.480952,4.08956256
1557,5124,444.10067136,0.17227296
1557,5125,444.1018296,0
1557,5126,444.1018296,0
1557,5127,444.1018296,0
1557,5128,444.68250408,4.43410848
1557,5129,446.18007792,5.74755264
1557,5130,447.64275216,4.67221824
1557,5131,448.77535848,3.92497056
1557,5132,450.5015628,9.37296576
1557,5133,453.77673024,14.12638272
1557,5134,458.50856736,20.30845824
1557,5135,464.65351824,22.25722752
1557,5136,470.83638624,22.44705696
1557,5137,477.04251048,21.561552
1557,5138,482.30040192,16.9749216
1557,5139,486.80662608,15.27084576
1557,5140,490.8435192,14.85826848
1557,5141,495.18832128,15.54406848
1557,5142,498.7603944,20.36771136
1559,5055,322.511797371429,23.5899524571429
1559,5056,328.38728328,25.2154944
1559,5057,335.13454944,22.75648992
1559,5058,341.24603328,21.80405088
1559,5059,347.15260008,19.81468224
1559,5060,352.28271936,17.98332192
1559,5061,356.10384456,7.9113888
1559,5062,357.885492,6.3751968
1559,5063,358.89855576,0.62215776
1559,5064,359.25751872,2.02667616
1559,5065,359.5204392,0
1559,5066,359.75135568,1.69749216
1559,5067,360.24104736,1.59434784
1559,5068,360.68200152,1.33758432
1559,5069,360.820716,0
1559,5070,360.820716,0
1559,5071,360.820716,0
1559,5072,360.82440408,0.25017984
1559,5073,361.40184768,4.34632608
1559,5074,362.92603056,6.61769568
1559,5075,365.3861628,10.6655616
1559,5076,368.4309624,10.9728
1559,5077,371.4789624,10.9728
1559,5078,374.5269624,10.9728
1559,5079,377.57499288,10.97060544
1559,5080,380.61439752,10.54266624
1559,5081,383.17264488,8.22630816
1559,5082,385.4525184,8.2076544
1559,5083,387.75061896,8.29982592
1559,5084,390.0386916,8.2076544
1559,5085,392.31932712,8.2076544
1559,5086,394.59487248,8.25264288
1559,5087,397.01288136,9.06024096
1559,5088,399.740628,10.79065152
1559,5089,402.79009104,10.9728
1559,5090,405.83809104,10.9728
1559,5091,408.83567712,9.60229728
1559,5092,410.8988988,6.03174816
1559,5093,412.467552,5.4864
1559,5094,413.991552,5.4864
1559,5095,415.52433024,5.541264
1559,5096,417.04064928,5.03541792
1559,5097,418.18075368,3.74062752
1559,5098,419.4921252,5.48859456
1559,5099,421.01518032,5.67952128
1559,5100,423.10985736,9.4036896
1559,5101,425.98271928,11.42707392
1559,5102,429.36996168,12.16773792
1559,5103,432.56719176,11.88134784
1559,5104,436.34701656,16.92225216
1559,5105,440.99201616,15.53090112
1559,5106,445.21889112,13.50312768
1559,5107,448.56772872,10.82905632
1559,5108,451.69750656,11.25150912
1559,5109,454.67064768,10.1114352
1559,5110,457.10304312,7.6041504
1559,5111,459.01221888,7.33970592
1559,5112,461.36673792,7.73362944
1559,5113,462.94740024,4.37704992
1559,5114,464.0871084,3.92935968
1559,5115,465.00422112,1.93231008
1559,5116,465.26893992,0.41916096
1559,5117,465.2884776,0
1559,5118,465.2884776,0
1559,5119,465.28917864,0.08449056
1559,5120,465.42356496,0.86246208
1559,5121,466.00491,2.5072848
1559,5122,466.353144,0.1591056
1559,5123,466.36896312,0.3401568
1559,5124,466.50545256,0.16349472
1559,5125,466.5076776,0
1559,5126,466.62139848,0.98864928
1559,5127,466.97743536,2.0793456
1559,5128,469.1411496,14.43032928
1559,5129,473.7229032,16.79057856
1559,5130,478.39631016,16.55137152
1559,5131,482.72157456,15.60990528
1559,5132,487.05113664,14.90984064
1559,5133,491.35073688,15.7679136
1559,5134,495.41448288,12.98301696
1559,5135,498.6447736,12.2797824
1566,5002,22.3698435,34.3050876
1566,5003,30.45838968,29.7033696
1566,5004,39.31947432,37.01783808
1566,5005,50.1397524,39.23983008
1566,5006,61.09536168,39.721536
1566,5007,72.15554784,39.73360608
1566,5008,82.2222384,31.94511264
1566,5009,90.93214224,30.8445408
1566,5010,98.94301776,27.1357344
1566,5011,106.02504576,23.72209632
1566,5012,112.25500536,21.56594112
1566,5013,118.24972032,21.86110944
1566,5014,124.34233704,21.76674336
1566,5015,130.40142576,24.30365472
1566,5016,137.75152536,24.72610752
1566,5017,144.00218088,21.88744416
1566,5018,150.05758152,21.43865664
1566,5019,155.9647884,20.67385248
1566,5020,161.66832792,21.44414304
1566,5021,167.73857232,22.13872128
1566,5022,174.36041328,25.27145568
1566,5023,181.31951544,24.88960224
1566,5024,187.86232176,21.698712
1566,5025,193.25027136,16.9858944
1566,5026,197.660514,15.37508736
1566,5027,201.92045976,15.3125424
1566,5028,206.182722,15.68452032
1566,5029,211.04906736,19.16289792
1566,5030,216.39690528,19.257264
1566,5031,221.75013816,19.24738848
1566,5032,227.23105176,20.26017792
1566,5033,232.87046136,20.31394464
1566,5034,238.53166416,20.381976
1566,5035,244.19838384,20.4807312
1566,5036,249.88698816,20.49609312
1566,5037,255.70053,21.43097568
1566,5038,261.63580896,19.63692288
1566,5039,266.28251544,16.53381504
1566,5040,271.18577208,17.59159296
1566,5041,275.84790144,15.66147744
1566,5042,279.86135544,13.64687136
1566,5043,283.6688256,13.6721088
1566,5044,287.29484832,12.37292928
1566,5045,290.69897664,12.25552032
1566,5046,294.1019772,11.9493792
1566,5047,297.02665512,10.5558336
1566,5048,300.92242584,16.40762784
1566,5049,305.4938772,16.6457376
1566,5050,311.17699512,24.98287104
1566,5051,317.6573784,20.60801568
1566,5052,324.22545264,28.10463264
1566,5053,332.38598496,28.53366912
1566,5054,339.71846712,24.02165376
1566,5055,345.94553112,22.02131232
1566,5056,352.11285432,22.2692976
1566,5057,358.26259056,21.3585552
1566,5058,363.31971024,14.17356576
1566,5059,366.56707992,10.01706912
1566,5060,368.65828224,5.5796688
1566,5061,369.8865348,3.01642272
1566,5062,370.3953984,1.10057184
1566,5063,370.5726396,0.06364224
1566,5064,370.572792,0
1566,5065,370.879116,3.43887552
1566,5066,372.12480312,2.56105152
1566,5067,372.2635176,0
1566,5068,372.2635176,0
1566,5069,372.2635176,0
1566,5070,372.570756,3.32805024
1566,5071,374.42083104,9.60229728
1566,5072,377.49537912,11.52582912
1566,5073,380.61796368,10.89160128
1566,5074,383.5779984,10.48121856
1566,5075,386.49331896,10.56241728
1566,5076,389.4240624,10.48341312
1566,5077,392.32295424,10.19263392
1566,5078,395.02515864,9.46513728
1566,5079,397.6541196,9.46404
1566,5080,400.28305008,9.46623456
1566,5081,402.82989792,7.43516928
1566,5082,404.21423856,5.5851552
1566,5083,406.12731576,6.82069248
1566,5084,408.30361824,9.5847408
1566,5085,411.58777728,13.06531296
1566,5086,415.18655088,12.5967744
1566,5087,418.54117968,11.79466272
1566,5088,421.65184656,9.60229728
1566,5089,423.60649848,5.49078912
1566,5090,424.93411584,3.7911024
1566,5091,426.0442584,4.3452288
1566,5092,427.11133272,3.7417248
1566,5093,428.22217632,4.57675488
1566,5094,429.55183584,3.74391936
1566,5095,430.6429284,5.4809136
1566,5096,432.70913712,8.96806944
1566,5097,435.78456912,13.75659936
1566,5098,439.86349416,14.75073504
1566,5099,443.96732136,14.80450176
1566,5100,447.55987704,9.26872416
1566,5101,450.3170064,11.42707392
1566,5102,453.83040552,16.60513824
1566,5103,459.03568848,19.0816992
1566,5104,464.33570328,19.0871856
1566,5105,469.41690216,16.5853872
1566,5106,473.54986824,12.82610592
1566,5107,476.73975264,9.22154112
1566,5108,478.21083936,5.19671808
1566,5109,480.5661204,9.99292896
1566,5110,483.17846976,8.91210816
1566,5111,485.644698,8.55658944
1566,5112,487.35581472,4.57675488
1566,5113,488.49003648,2.42059968
1566,5114,488.83738656,0.43671744
1566,5115,488.9295276,0.50255424
1566,5116,489.0095376,0
1566,5117,489.06452352,0.44549568
1566,5118,489.1646808,0
1566,5119,489.1646808,0
1566,5120,489.1646808,0
1566,5121,489.1646808,0
1566,5122,489.16693632,0.17117568
1566,5123,489.60033144,1.82587392
1566,5124,490.02479592,3.5716464
1566,5125,492.21469248,10.57558464
1566,5126,495.36885432,12.44973888
1566,5127,498.675219733333,11.9640096
1568,5008,75.5996202,26.6282424
1568,5009,80.85325968,27.25972704
1568,5010,87.98420808,23.01105888
1568,5011,93.983556,21.21481152
1568,5012,99.82843128,20.37868416
1568,5013,105.30029232,19.52170848
1568,5014,110.73441912,19.56340512
1568,5015,116.46660984,23.18223456
1568,5016,122.96692704,21.59885952
1568,5017,128.36374632,17.3754288
1568,5018,133.3204344,17.98112736
1568,5019,138.22844592,18.61425792
1568,5020,143.76397968,21.06558144
1568,5021,149.78185944,21.94230816
1568,5022,155.8779204,21.9456
1568,5023,161.96648328,21.85562304
1568,5024,168.04498776,21.9456
1568,5025,174.14147544,21.94450272
1568,5026,180.09979728,20.63105856
1568,5027,185.74387032,20.19324384
1568,5028,191.07082944,18.29933856
1568,5029,196.0097172,16.91018208
1568,5030,200.59241568,16.40762784
1568,5031,205.15201032,16.4646864
1568,5032,209.85833568,17.583912
1568,5033,214.79688816,17.78910336
1568,5034,219.62552976,17.00015904
1568,5035,224.10810144,13.16736
1568,5036,228.00344544,17.7814224
1568,5037,233.30480136,19.66106304
1568,5038,238.78400808,19.78725024
1568,5039,244.76576904,23.52348864
1568,5040,251.394468,23.7725712
1568,5041,257.608578,20.87684928
1568,5042,263.28032688,20.16142272
1568,5043,268.87480896,19.78834752
1568,5044,273.8373492,15.9160464
1568,5045,278.15831592,15.5484576
1568,5046,282.47571648,15.252192
1568,5047,286.10771328,11.055096
1568,5048,289.1312988,10.84222368
1568,5049,292.1610108,11.10118176
1568,5050,295.6675824,14.95921824
1568,5051,300.18264576,17.3315376
1568,5052,305.72342208,21.88634688
1568,5053,312.11617536,25.36691904
1568,5054,319.63714584,27.91809504
1568,5055,327.81136368,30.5208432
1568,5056,335.93720976,26.68914144
1568,5057,342.5923044,22.21772544
1568,5058,348.55757568,20.7331056
1568,5059,354.21749832,20.0198736
1568,5060,359.00611968,13.29683904
1568,5061,362.30945064,10.7039664
1568,5062,364.3384128,4.67331552
1568,5063,365.24446128,1.71834048
1568,5064,365.53222296,1.03034592
1568,5065,365.83690104,1.09728
1568,5066,366.14182296,1.09728
1568,5067,366.44647056,1.09728
1568,5068,366.7518192,1.06216704
1568,5069,366.92049552,0.0932688
1568,5070,366.9218976,0
1568,5071,366.92247672,0.13935456
1568,5072,367.6096788,5.0035968
1568,5073,369.12904584,5.79693024
1568,5074,371.6238948,12.47168448
1568,5075,375.268236,13.20247296
1568,5076,379.0715304,14.23501344
1568,5077,383.0511516,14.3304768
1568,5078,387.04177608,14.15271744
1568,5079,390.16247088,8.02221408
1568,5080,392.22965496,7.34519232
1568,5081,394.0449828,5.64111648
1568,5082,395.5697448,5.4864
1568,5083,397.09209888,5.65867296
1568,5084,399.26133,10.177272
1568,5085,402.20380824,10.60850304
1568,5086,405.1494564,10.65349152
1568,5087,408.2796,11.95047648
1568,5088,411.63328392,11.95596288
1568,5089,414.5270856,8.750808
1568,5090,416.87941008,8.42601312
1568,5091,419.21753088,8.28007488
1568,5092,421.02484248,4.54932288
1568,5093,422.19521352,4.20477696
1568,5094,423.36345096,4.20916608
1568,5095,424.55473128,4.37485536
1568,5096,425.77387032,4.38912
1568,5097,426.99413712,4.71940128
1568,5098,429.23100336,11.7024912
1568,5099,432.67195152,12.4321824
1568,5100,436.12646328,12.4047504
1568,5101,439.4604876,11.54777472
1568,5102,442.65454776,11.35355616
1568,5103,445.46315784,9.36418752
1568,5104,448.59680664,13.61066112
1568,5105,452.60861472,14.53457088
1568,5106,456.56949072,13.88937024
1568,5107,460.39640712,13.770864
1568,5108,464.2154292,13.25953152
1568,5109,466.55022768,3.03617376
1568,5110,467.0893884,1.8324576
1568,5111,467.59834344,1.66128192
1568,5112,468.1084872,3.02520096
1568,5113,469.2833388,4.4769024
1568,5114,470.5142736,4.07310336
1568,5115,471.11354088,0.5266944
1568,5116,471.3105636,0.82296
1568,5117,471.53910264,0.82296
1568,5118,471.76858656,0.75273408
1568,5119,471.8672808,0.00768096
1568,5120,471.97185768,0.80979264
1568,5121,472.2368508,0.96012
1568,5122,472.50412992,0.87014304
1568,5123,472.61760696,0.06364224
1568,5124,472.78207704,1.06545888
1568,5125,473.08757808,0.99084384
1568,5126,473.66776488,4.40667648
1568,5127,475.34425632,6.43664448
1568,5128,478.02494184,13.87620288
1568,5129,482.2455684,15.37399008
1568,5130,486.68738832,16.74888192
1568,5131,491.11902792,15.14026944
1568,5132,495.3086868,14.89777056
1568,5133,498.832980342857,14.9574939428571
1577,5052,296.273982,13.4334504
1577,5053,299.03464704,15.24999744
1577,5054,303.95628312,20.46536928
1577,5055,309.9698652,21.77113248
1577,5056,316.03626912,21.95328096
1577,5057,322.0786548,22.13652672
1577,5058,328.52718648,23.701248
1577,5059,335.11178088,23.70234528
1577,5060,341.4660684,20.25908064
1577,5061,346.03681872,11.65969728
1577,5062,347.65698312,2.76953472
1577,5063,348.4241952,2.7651456
1577,5064,349.19223024,2.7651456
1577,5065,349.9600824,2.7651456
1577,5066,350.7281784,2.7651456
1577,5067,351.4959696,2.7651456
1577,5068,352.2640656,2.7651456
1577,5069,353.03191776,2.7651456
1577,5070,353.7999528,2.7651456
1577,5071,354.56786592,2.7651456
1577,5072,355.33584,2.7651456
1577,5073,356.10381408,2.7651456
1577,5074,356.9355828,3.97544544
1577,5075,358.35848064,5.50066464
1577,5076,359.88305976,5.71792608
1577,5077,361.95384048,9.26762688
1577,5078,364.59974832,8.88467616
1577,5079,366.64952832,6.7976496
1577,5080,368.73122088,6.95785248
1577,5081,370.36360776,6.12391968
1577,5082,372.28549368,7.08184512
1577,5083,374.27120472,7.87627584
1577,5084,376.2905352,6.2051184
1577,5085,378.16545144,7.87078944
1577,5086,380.58035136,9.02732256
1577,5087,383.3280624,10.70835552
1577,5088,386.31714456,10.8191808
1577,5089,389.31924168,10.74676032
1577,5090,392.3022888,10.7478576
1577,5091,395.31490152,10.95304896
1577,5092,398.3627796,10.9728
1577,5093,401.41209024,10.93329792
1577,5094,404.2301796,9.41246784
1577,5095,406.89211992,9.3597984
1577,5096,408.95607312,5.6839104
1577,5097,410.417772,4.93117632
1577,5098,411.85030152,5.49298368
1577,5099,413.374332,5.47981632
1577,5100,415.01226624,6.76802304
1577,5101,417.21155064,9.47391552
1577,5102,420.16942128,10.8685584
1577,5103,423.32952672,12.57043968
1577,5104,427.00404312,13.30452
1577,5105,430.69974312,13.30452
1577,5106,434.28976896,11.9658384
1577,5107,437.2994556,10.10265696
1577,5108,440.05527432,10.55254176
1577,5109,443.086998,10.43074368
1577,5110,446.07827472,11.46218688
1577,5111,449.37453432,13.96727712
1577,5112,453.73780728,12.85024608
1577,5113,455.7630204,4.33645056
1577,5114,456.99422952,4.84229664
1577,5115,458.30776512,4.15978848
1577,5116,459.20095104,2.15505792
1577,5117,459.48932232,0.1591056
1577,5118,459.4914864,0
1577,5119,459.4914864,0
1577,5120,459.4914864,0
1577,5121,459.4914864,0
1577,5122,459.4914864,0
1577,5123,459.4914864,0
1577,5124,459.4914864,0
1577,5125,459.4914864,0
1577,5126,459.6554688,1.03254048
1577,5127,459.959964,1.67115744
1577,5128,460.77551736,3.43668096
1577,5129,462.58865064,13.90144032
1577,5130,468.20126832,20.84502816
1577,5131,472.91466504,13.54701888
1577,5132,477.2721468,16.81691328
1577,5133,481.18081056,15.2302464
1577,5134,486.54669264,21.31576128
1577,5135,492.15272664,18.10731456
1577,5136,496.45193064,14.23611072
1577,5137,499.2328344,14.0012928
1578,5054,290.9988084,20.49938496
1578,5055,297.03912144,21.94889184
1578,5056,303.1370112,21.9456
1578,5057,309.22408056,21.78978624
1578,5058,315.28271208,21.93682176
1578,5059,321.40437624,22.47887808
1578,5060,327.83788128,23.47411104
1578,5061,333.79970832,17.91748512
1578,5062,337.74650256,11.55655296
1578,5063,340.37582928,6.8634864
1578,5064,341.76513816,3.62870496
1578,5065,342.5903232,2.85731712
1578,5066,343.40922936,3.0065472
1578,5067,344.1576048,1.62616896
1578,5068,344.2825728,0
1578,5069,344.2825728,0
1578,5070,344.2825728,0
1578,5071,344.2825728,0
1578,5072,344.31576552,0.8723376
1578,5073,344.72547768,0.67702176
1578,5074,345.06624408,3.40924896
1578,5075,346.48999536,6.04272096
1578,5076,348.64569336,9.0306144
1578,5077,351.161604,9.05256
1578,5078,353.6763564,9.05256
1578,5079,356.19906408,9.17764992
1578,5080,358.469946,6.47175744
1578,5081,360.02256672,5.24060928
1578,5082,361.49810352,5.4864
1578,5083,363.02216448,5.4864
1578,5084,364.54616448,5.4864
1578,5085,366.07022544,5.4864
1578,5086,367.59422544,5.4864
1578,5087,369.22545408,7.40554272
1578,5088,371.93713776,10.97499456
1578,5089,374.9856864,10.9728
1578,5090,378.0336864,10.9728
1578,5091,381.08897112,11.1867696
1578,5092,384.30945744,11.84074848
1578,5093,387.61297128,11.92853088
1578,5094,390.91121208,11.8396512
1578,5095,394.18936656,11.31405408
1578,5096,396.63727632,6.7098672
1578,5097,398.58842304,7.40444544
1578,5098,400.43292024,5.66854848
1578,5099,401.9556096,5.4864
1578,5100,403.4943924,5.89897728
1578,5101,405.16999992,6.0679584
1578,5102,407.26135464,9.29066976
1578,5103,410.10904008,10.83454272
1578,5104,413.21671992,12.21053184
1578,5105,416.9228136,13.633704
1578,5106,420.66837888,12.62530368
1578,5107,423.7049184,9.87113088
1578,5108,426.47634288,10.28919456
1578,5109,429.50181816,12.77453376
1578,5110,434.1112476,17.91748512
1578,5111,437.89149912,10.5777792
1578,5112,440.79075672,10.38904704
1578,5113,443.76526944,10.2924864
1578,5114,445.99945344,5.85289152
1578,5115,447.35230824,3.79000512
1578,5116,448.1800536,2.91218112
1578,5117,448.82312064,1.70956224
1578,5118,449.13627216,0.16678656
1578,5119,449.241672,0.5870448
1578,5120,449.41979712,0.63971424
1578,5121,449.5956972,0.18324576
1578,5122,449.74538448,2.01131424
1578,5123,450.717666,3.36096864
1578,5124,451.19251392,0.52998624
1578,5125,451.2710304,0
1578,5126,451.2710304,0
1578,5127,451.42885584,1.62287712
1578,5128,452.2395324,3.56835456
1578,5129,453.46613904,5.47103808
1578,5130,455.4082332,9.02073888
1578,5131,458.07352632,10.13776992
1578,5132,461.54032152,16.58209536
1578,5133,467.52165576,26.02089792
1578,5134,472.209114,29.2479984
1592,5013,31.603188,31.4041536
1592,5014,36.73544088,28.67631552
1592,5015,43.78555632,26.75058912
1592,5016,52.1326872,30.751272
1592,5017,60.57095328,29.38186656
1592,5018,68.5329084,28.52928
1592,5019,76.4702052,28.45576224
1592,5020,83.86898136,25.566624
1592,5021,91.2051516,26.57831616
1592,5022,98.59389984,26.67048768
1592,5023,105.78721032,24.38595072
1592,5024,112.3471464,24.0523776
1592,5025,119.49933936,24.27732
1592,5026,124.9942128,18.23789088
1592,5027,130.06885848,19.30334976
1592,5028,136.28162736,23.44448448
1592,5029,142.48007064,21.92145984
1592,5030,148.56259848,21.91926528
1592,5031,154.65832416,21.9456
1592,5032,160.75222104,21.8852496
1592,5033,166.83008544,21.73272768
1592,5034,172.32407496,17.98551648
1592,5035,177.11763408,16.50638304
1592,5036,181.69128,16.46029728
1592,5037,186.22755744,16.30338624
1592,5038,191.04626256,18.29494944
1592,5039,196.1269128,18.2916576
1592,5040,201.1922316,17.87030208
1592,5041,205.91824704,16.45700544
1592,5042,210.50923608,16.75656288
1592,5043,215.2130316,16.9639488
1592,5044,219.92587968,16.95626784
1592,5045,224.60583984,16.7664384
1592,5046,229.2870192,16.94090592
1592,5047,234.00026352,16.97053248
1592,5048,238.34652864,13.47020928
1592,5049,241.9023864,12.97204416
1592,5050,245.23817856,11.00791296
1592,5051,248.2848984,10.9728
1592,5052,251.3328984,10.9728
1592,5053,254.4418584,12.289536
1592,5054,258.52285608,16.33740192
1592,5055,263.14563576,17.78361696
1592,5056,268.7602956,22.17712608
1592,5057,275.15018376,23.05056096
1592,5058,281.3884644,22.44376512
1592,5059,287.69026536,22.41413856
1592,5060,293.82146976,21.94889184
1592,5061,299.91768312,21.95328096
1592,5062,305.69041224,18.37175904
1592,5063,310.34089824,16.31216448
1592,5064,314.83864896,15.08979456
1592,5065,318.31638648,10.96621632
1592,5066,321.36255768,10.87075296
1592,5067,324.2297808,9.8316288
1592,5068,326.95130952,9.7987104
1592,5069,329.67420984,9.573768
1592,5070,331.5346176,3.1711392
1592,5071,332.09429136,1.89390528
1592,5072,332.67566688,2.139696
1592,5073,333.26956968,2.139696
1592,5074,333.86350296,2.139696
1592,5075,334.45728384,2.139696
1592,5076,335.05103424,2.139696
1592,5077,335.64487608,2.139696
1592,5078,336.23883984,2.139696
1592,5079,336.83271216,2.139696
1592,5080,337.42664544,2.139696
1592,5081,338.02051776,2.139696
1592,5082,338.61448152,2.139696
1592,5083,339.20820144,2.139696
1592,5084,339.812376,2.66200128
1592,5085,340.99938912,5.46555168
1592,5086,342.50464392,5.3437536
1592,5087,344.00877096,5.4864
1592,5088,345.5328624,5.4864
1592,5089,347.11715184,6.4629792
1592,5090,349.15336824,7.6590144
1592,5091,351.2798664,7.6590144
1592,5092,353.40639504,7.6590144
1592,5093,355.52630952,7.3188576
1592,5094,357.26860728,5.50066464
1592,5095,358.7919672,5.4864
1592,5096,360.28454232,5.25158208
1592,5097,361.77455712,5.4864
1592,5098,363.29861808,5.37228288
1592,5099,364.84431984,6.34337568
1592,5100,366.756696,6.94687968
1592,5101,368.68705536,6.9457824
1592,5102,370.61738424,6.94687968
1592,5103,372.54780456,6.94797696
1592,5104,374.4781944,6.94797696
1592,5105,376.40858424,6.95017152
1592,5106,378.22726488,5.8375296
1592,5107,379.74416304,5.404104
1592,5108,381.7920228,7.88834592
1592,5109,384.0070044,10.59314112
1592,5110,387.30375168,12.04374528
1592,5111,390.63628248,11.95706016
1592,5112,393.80071608,10.34844768
1592,5113,396.63145464,10.15313184
1592,5114,399.06144216,7.67766816
1592,5115,401.31909576,8.2789776
1592,5116,403.7124768,9.55621152
1592,5117,406.26752376,8.4984336
1592,5118,408.34062096,6.58697184
1592,5119,410.47175208,8.50062816
1592,5120,412.77735072,8.17254144
1592,5121,415.00138488,8.20655712
1592,5122,417.31932792,7.95308544
1592,5123,419.43247584,7.81373088
1592,5124,421.77361416,8.92527552
1592,5125,424.18327152,7.67876544
1592,5126,426.41913192,9.46513728
1592,5127,429.16638576,9.60558912
1592,5128,431.60085384,8.08366176
1592,5129,433.79742552,7.78081248
1592,5130,436.08516288,8.68387392
1592,5131,438.31471392,7.40554272
1592,5132,440.18414376,6.26327424
1592,5133,441.99026664,6.31045728
1592,5134,443.65737024,5.34814272
1592,5135,445.00385472,4.75890336
1592,5136,446.29550568,4.97835936
1592,5137,447.8981136,6.1667136
1592,5138,449.7555648,7.44833664
1592,5139,451.98139728,8.833104
1592,5140,454.59694704,9.92160576
1592,5141,457.47870912,10.69957728
1592,5142,460.51738224,10.97499456
1592,5143,463.27874832,8.58511872
1592,5144,465.51198744,9.4530672
1592,5145,468.85945344,9.73836
1592,5146,471.42300432,14.80998816
1592,5147,476.50353264,18.6318144
1592,5148,481.0068612,13.29464448
1592,5149,484.59835008,13.24636416
1592,5150,488.4529728,14.456664
1592,5151,492.52699056,16.32423456
1592,5152,497.60105712,17.96686272
1592,5153,500.1109632,15.5923488
1603,4999,23.1161336,21.177504
1603,5000,29.54398968,28.34493696
1603,5001,37.58735688,28.37127168
1603,5002,42.2960292,28.2604464
1604,5016,88.6248672,43.9131456
1604,5017,96.75775416,40.59716544
1604,5018,107.4387996,36.70511328
1604,5019,116.946849333333,34.7020896
1607,5016,23.12270712,29.83723776
1607,5017,31.45237296,30.41001792
1607,5018,39.90213,30.44732544
1607,5019,48.36331704,30.45720096
1607,5020,56.82032832,30.4440336
1607,5021,64.49129088,19.449288
1607,5022,70.40447184,30.2245776
1607,5023,79.0032456,27.41663808
1607,5024,85.51090848,21.94669728
1607,5025,91.59678912,21.76345152
1607,5026,97.69519704,22.4777808
1607,5027,104.02604544,22.99021056
1607,5028,110.34573816,22.50960192
1607,5029,116.58499416,22.65444288
1607,5030,122.83961208,21.99168576
1607,5031,128.710944,20.135088
1607,5032,133.9853556,17.51917248
1607,5033,138.81168072,18.2861712
1607,5034,144.45672912,21.84574752
1607,5035,150.50027304,21.20822784
1607,5036,155.7968436,16.92225216
1607,5037,160.37368992,16.45481088
1607,5038,164.92685328,16.38019584
1607,5039,169.38885096,15.35972544
1607,5040,173.65376496,15.91385184
1607,5041,178.18269672,16.47236736
1607,5042,182.7568608,16.4592
1607,5043,187.33209168,16.48992384
1607,5044,191.77199136,15.35533632
1607,5045,196.17635136,16.46578368
1607,5046,200.6554788,15.35204448
1607,5047,204.91889928,15.06455712
1607,5048,208.91924688,14.49726336
1607,5049,212.95604856,14.5279872
1607,5050,216.98836968,14.18892768
1607,5051,220.4665644,11.0660688
1607,5052,223.49069856,10.83673728
1607,5053,226.5237024,10.9728
1607,5054,229.5717024,10.9728
1607,5055,232.61951952,10.9728
1607,5056,235.6673976,10.9728
1607,5057,238.86868152,13.36596768
1607,5058,243.18443616,16.43835168
1607,5059,247.76893296,17.0407584
1607,5060,253.16861736,21.66908544
1607,5061,259.44466272,23.33036736
1607,5062,265.87850304,22.48546176
1607,5063,271.94048736,21.68554464
1607,5064,278.02158264,21.9456
1607,5065,284.11706448,21.8852496
1607,5066,290.17420248,21.41012736
1607,5067,295.43754984,16.65232128
1607,5068,300.0082392,16.4592
1607,5069,304.58167176,16.26607872
1607,5070,308.45695992,10.9728
1607,5071,310.658256,5.21976096
1607,5072,311.55110664,1.54826208
1607,5073,311.78686944,0.16239744
1607,5074,311.789064,0
1607,5075,311.789064,0
1607,5076,311.789064,0
1607,5077,311.789064,0
1607,5078,311.789064,0
1607,5079,311.789064,0
1607,5080,311.789064,0
1607,5081,311.789064,0
1607,5082,311.94128112,2.38000032
1607,5083,313.22534256,5.48859456
1607,5084,314.7492816,5.4864
1607,5085,316.2732816,5.4864
1607,5086,317.7972816,5.4864
1607,5087,319.3212816,5.4864
1607,5088,320.8452816,5.4864
1607,5089,322.37617008,5.6948832
1607,5090,324.06863304,6.33240288
1607,5091,325.82778624,6.3313056
1607,5092,327.58690896,6.3313056
1607,5093,329.34590976,6.3313056
1607,5094,331.105002,6.3313056
1607,5095,332.86144248,6.199632
1607,5096,334.47069504,5.4918864
1607,5097,335.9944512,5.4864
1607,5098,337.5184512,5.4864
1607,5099,339.0424512,5.4864
1607,5100,340.5664512,5.4864
1607,5101,342.08289216,5.35143456
1607,5102,343.5748272,5.47871904
1607,5103,345.0995892,5.47981632
1607,5104,346.713048,6.43774176
1607,5105,348.8307984,8.65534464
1607,5106,351.2716368,8.77824
1607,5107,353.71037208,8.78262912
1607,5108,355.95306,6.830568
1607,5109,357.59687688,5.51163744
1607,5110,359.1357816,5.87812896
1607,5111,361.0215792,8.37005184
1607,5112,363.72814224,10.46585664
1607,5113,366.686592,10.41647904
1607,5114,369.64309104,10.98706464
1607,5115,372.48065712,8.77714272
1607,5116,374.54668296,6.43993632
1607,5117,376.30178232,6.48931392
1607,5118,378.22351584,8.04635424
1607,5119,380.45129904,6.72413184
1607,5120,382.48687536,9.5353632
1607,5121,385.4613576,10.90586592
1607,5122,388.50807744,10.95524352
1607,5123,391.53367464,10.8850176
1607,5124,394.45658472,9.27969696
1607,5125,396.46640544,6.5397888
1607,5126,398.87075928,9.76140288
1607,5127,401.07964488,6.46517376
1607,5128,402.85989024,7.12902816
1607,5129,405.25022328,9.73836
1607,5130,407.86333464,8.51269824
1607,5131,410.2594284,9.17216352
1607,5132,412.82605776,9.23470848
1607,5133,415.39878312,9.29066976
1607,5134,417.97159992,9.34663104
1607,5135,420.58370544,8.77385088
1607,5136,422.68984296,6.77680128
1607,5137,424.4725572,6.02735904
1607,5138,426.04175904,5.4864
1607,5139,427.61553288,6.71645088
1607,5140,429.97255128,9.60449184
1607,5141,432.82304088,10.83564
1607,5142,435.87162,10.9728
1607,5143,438.87231504,10.37917152
1607,5144,441.69409248,10.42306272
1607,5145,444.69308064,10.69848
1607,5146,447.59764176,10.69848
1607,5147,450.64210608,10.83893184
1607,5148,453.2744808,7.98929568
1607,5149,455.45712312,9.31810176
1607,5150,459.69759216,19.52938944
1607,5151,464.39620608,14.00568192
1607,5152,468.08294496,14.2207488
1607,5153,472.44463296,16.14537792
1607,5154,476.92882008,16.02357984
1607,5155,481.08937056,14.2317216
1607,5156,484.82182944,11.29430304
1607,5157,487.873548,12.30489792
1607,5158,491.30943648,11.5104672
1607,5159,494.5514112,13.13663616
1607,5160,498.23220648,12.03935616
1607,5161,500.1210216,11.2251744
1611,5016,163.4624112,24.798528
1611,5017,169.69413864,24.75024768
1611,5018,176.29071168,24.33437856
1611,5019,183.670956,27.44187552
1611,5020,191.27931264,26.55198144
1611,5021,197.51003424,18.7415424
1611,5022,202.6087896,18.1929024
1611,5023,207.44849544,16.72035264
1611,5024,212.07718824,16.65012672
1611,5025,216.69061056,16.61720832
1611,5026,221.31302448,16.47895104
1611,5027,225.227649257143,17.2319986285714
1618,5019,23.69582256,26.30619072
1618,5020,30.587442,22.25174112
1618,5021,36.81837696,24.95434176
1618,5022,43.92994008,22.9166928
1618,5023,49.7686584,24.61308768
1618,5024,58.84340784,37.26801792
1618,5025,68.82207216,32.52008736
1618,5026,77.12052648,28.88699328
1618,5027,84.84281736,27.67669344
1618,5028,92.24839056,23.48618112
1618,5029,98.43077088,24.0962688
1618,5030,105.51359136,24.35851872
1618,5031,111.94883376,23.97776256
1618,5032,118.86593448,23.98215168
1618,5033,125.12262504,21.54948192
1618,5034,131.043426,21.76564608
1618,5035,136.87360992,19.70824608
1618,5036,142.393416,20.23055136
1618,5037,147.7210152,17.88785856
1618,5038,152.572212,16.96065696
1618,5039,157.1734728,16.4592
1618,5040,161.74306488,16.39007136
1618,5041,166.24822224,15.83484768
1618,5042,170.19205992,11.95815744
1618,5043,173.2801716,13.30342272
1618,5044,177.86829552,17.56964736
1618,5045,182.74729008,17.55977184
1618,5046,187.10596056,11.49839712
1618,5047,190.06831176,13.70941632
1618,5048,194.4755064,16.4592
1618,5049,199.03616784,16.30448352
1618,5050,203.5280664,16.1409888
1618,5051,207.86198712,14.47531776
1618,5052,211.727034,13.91460768
1618,5053,215.59266,13.91460768
1618,5054,219.32731344,12.04374528
1618,5055,221.85041736,7.61622048
1618,5056,224.37419184,10.63044864
1618,5057,227.65530288,12.34769184
1618,5058,231.11633736,13.01483808
1618,5059,234.96669288,14.26683456
1618,5060,238.99736808,15.6965904
1618,5061,243.8992836,18.65376
1618,5062,249.14028912,19.89588096
1618,5063,255.08745528,22.01911776
1618,5064,261.0928992,19.9814688
1618,5065,266.0821704,18.17863776
1618,5066,271.54650288,19.34943552
1618,5067,276.39260952,16.4537136
1618,5068,281.125422,19.18264896
1618,5069,286.78750872,18.66802464
1618,5070,291.47560704,16.4537136
1618,5071,295.91002032,14.50274976
1618,5072,299.3262492,11.0166912
1618,5073,302.04969816,7.40005632
1618,5074,303.66846048,5.48859456
1618,5075,305.03710392,3.52446336
1618,5076,305.4352032,0.05815584
1618,5077,305.4352032,0
1618,5078,305.4352032,0
1618,5079,305.4352032,0
1618,5080,305.4352032,0
1618,5081,305.4352032,0
1618,5082,305.4352032,0
1618,5083,305.43547752,0.07900416
1618,5084,305.80270056,3.41144352
1618,5085,307.1737824,5.48859456
1618,5086,308.6977824,5.4864
1618,5087,310.218582,5.3163216
1618,5088,311.68820568,6.00870528
1618,5089,313.56476784,6.9018912
1618,5090,315.48195984,6.90518304
1618,5091,317.28710736,5.47103808
1618,5092,318.4960356,3.93594336
1618,5093,319.77872544,5.21427456
1618,5094,321.05720904,4.52628
1618,5095,322.54280424,5.93738208
1618,5096,324.35145696,6.78996864
1618,5097,326.23667544,6.7866768
1618,5098,328.12195488,6.78887136
1618,5099,330.00720384,6.78777408
1618,5100,331.8924528,6.78448224
1618,5101,333.766668,6.35434848
1618,5102,335.44120872,6.55844256
1618,5103,337.4207628,7.1981568
1618,5104,339.41906208,7.19376768
1618,5105,341.41754424,7.15316832
1618,5106,343.35281088,6.42786624
1618,5107,344.9519136,5.4864
1618,5108,346.48225344,5.80351392
1618,5109,348.36686232,7.51307616
1618,5110,350.45718072,7.5273408
1618,5111,352.54692,7.52295168
1618,5112,354.6364764,7.5273408
1618,5113,356.7260328,7.5218544
1618,5114,358.81479672,7.61622048
1618,5115,361.2808116,10.45378656
1618,5116,364.29366816,10.10155968
1618,5117,366.49725024,7.36165152
1618,5118,368.9288532,8.59499424
1618,5119,371.00719296,7.95747456
1618,5120,373.64112216,9.88978464
1618,5121,376.20171648,8.81554752
1618,5122,378.64240248,7.85981664
1618,5123,380.45132952,8.09024544
1618,5124,383.32029,8.30311776
1618,5125,384.59295192,6.34995936
1618,5126,388.00207896,14.71671936
1618,5127,392.04729312,13.70283264
1618,5128,395.08203432,7.78190976
1618,5129,396.7708092,5.34924
1618,5130,398.20105272,6.33350016
1618,5131,400.55514504,9.36199296
1618,5132,403.15478424,9.3597984
1618,5133,405.7544844,9.3597984
1618,5134,408.35415408,9.3597984
1618,5135,410.83004448,7.07635872
1618,5136,412.19579232,4.69855296
1618,5137,413.86009176,6.85690272
1618,5138,415.84074312,7.11366624
1618,5139,418.32845976,11.94499008
1618,5140,421.6552908,9.80309952
1618,5141,423.6096684,5.48530272
1618,5142,425.09437968,6.71206176
1618,5143,427.84169448,10.70616096
1618,5144,430.46236488,9.73616544
1618,5145,433.43715192,10.9728
1618,5146,436.4272704,10.61179488
1618,5147,439.78162488,13.51629504
1618,5148,443.51481528,12.37951296
1618,5149,446.41392048,10.08290592
1618,5150,449.36776776,10.0181664
1618,5151,452.0842368,9.93148128
1618,5152,454.60240296,9.40039776
1618,5153,457.69277016,11.7354096
1618,5154,461.32848552,15.06894624
1618,5155,465.68889336,15.73718976
1618,5156,469.24642752,8.45673696
1618,5157,472.79960304,18.44417952
1618,5158,477.96596304,18.5769504
1618,5159,482.61263904,13.9793472
1618,5160,486.02435688,11.44682496
1618,5161,489.44168304,13.24746144
1618,5162,493.09626552,14.1219936
1618,5163,497.60776272,17.48296224
1625,5021,20.5448916,25.9177536
1625,5022,25.56074136,26.61233184
1625,5023,33.01276608,26.8669008
1625,5024,40.75179048,29.20739904
1625,5025,48.9757212,29.72092608
1625,5026,57.9328788,35.60563872
1625,5027,68.10752952,36.26729856
1625,5028,76.72962048,25.94189376
1625,5029,83.91543288,26.47626912
1625,5030,91.24730544,25.52931648
1625,5031,98.04129744,25.04102688
1625,5032,105.11597976,22.83659136
1625,5033,111.02062632,21.7371168
1625,5034,117.14777688,22.16176416
1625,5035,123.26883144,21.47486688
1625,5036,128.4072108,15.90946272
1625,5037,133.00484448,16.99028352
1625,5038,137.92294488,18.34871616
1625,5039,142.81809384,16.99028352
1625,5040,147.42097008,16.39007136
1625,5041,151.96983576,16.41311424
1625,5042,156.60819072,16.96285152
1625,5043,161.32990848,16.95736512
1625,5044,166.10112576,17.49174048
1625,5045,170.963844,16.76204928
1625,5046,174.41549064,10.671048
1625,5047,178.2945888,15.37508736
1625,5048,182.54124528,15.06126528
1625,5049,186.67302264,14.84180928
1625,5050,190.8976116,16.1739072
1625,5051,195.6296316,17.28216
1625,5052,200.24869272,14.42484288
1625,5053,203.55345624,10.94646528
1625,5054,206.6016696,11.10118176
1625,5055,209.77207728,11.59934688
1625,5056,212.99305128,11.56862304
1625,5057,216.2004312,11.56862304
1625,5058,219.43850448,11.95376832
1625,5059,222.86799216,12.47497632
1625,5060,226.37639256,13.19259744
1625,5061,230.24265864,14.26683456
1625,5062,234.2942736,16.08173568
1625,5063,239.38952376,19.38564576
1625,5064,244.71773256,18.26861472
1625,5065,249.435366,16.44712992
1625,5066,254.32825944,19.91453472
1625,5067,260.29273824,21.94450272
1625,5068,266.19531216,20.32820928
1625,5069,271.86995664,20.99535552
1625,5070,277.87043232,21.48035328
1625,5071,283.13469408,16.62818112
1625,5072,287.4411828,13.33634112
1625,5073,290.64088176,10.98048096
1625,5074,293.41166616,7.94869632
1625,5075,295.13726088,5.4864
1625,5076,296.65678032,5.21976096
1625,5077,297.6154068,1.10935008
1625,5078,297.6649368,0
1625,5079,297.6649368,0
1625,5080,297.6649368,0
1625,5081,297.6649368,0
1625,5082,297.6649368,0
1625,5083,297.6649368,0
1625,5084,297.6649368,0
1625,5085,297.67731168,0.38514528
1625,5086,298.36905528,4.67002368
1625,5087,299.86126464,5.4864
1625,5088,301.3853256,5.4864
1625,5089,302.9093256,5.4864
1625,5090,304.43329512,5.4864
1625,5091,305.9573256,5.4864
1625,5092,307.4813256,5.4864
1625,5093,309.0053256,5.4864
1625,5094,310.51670688,5.33497536
1625,5095,312.0112632,5.4864
1625,5096,313.53523272,5.4864
1625,5097,315.05920224,5.4864
1625,5098,316.58314128,5.4864
1625,5099,318.10516008,5.44909248
1625,5100,320.25921216,11.3184432
1625,5101,323.79114312,12.34659456
1625,5102,326.41376424,6.85909728
1625,5103,328.26057792,6.6495168
1625,5104,329.96943912,4.07858976
1625,5105,331.54141464,8.81445024
1625,5106,333.65809824,6.03504
1625,5107,335.2431192,5.4864
1625,5108,336.7530984,5.72450976
1625,5109,338.75447616,8.35798176
1625,5110,341.06787768,7.86310848
1625,5111,342.83526048,5.33387808
1625,5112,344.32698216,5.376672
1625,5113,346.12130928,7.48454688
1625,5114,347.78630976,5.5193184
1625,5115,349.80673752,8.0430624
1625,5116,352.0420188,8.0430624
1625,5117,354.27720864,8.0430624
1625,5118,356.48993472,7.54050816
1625,5119,358.56827448,7.72924032
1625,5120,360.80172696,8.66412288
1625,5121,363.556296,10.8850176
1625,5122,366.14487096,8.27019936
1625,5123,368.84707536,10.01926368
1625,5124,371.35637184,9.05475456
1625,5125,374.08582536,10.56022272
1625,5126,377.1208104,10.9398816
1625,5127,379.72819152,7.1652384
1625,5128,381.65977008,7.83238464
1625,5129,384.03452784,8.87809248
1625,5130,386.50602912,8.96587488
1625,5131,388.99341048,8.8824816
1625,5132,391.45976064,8.8769952
1625,5133,393.9514092,8.62571808
1625,5134,395.86168224,5.5193184
1625,5135,397.41418104,6.61220928
1625,5136,399.86218224,10.094976
1625,5137,402.66481824,10.08839232
1625,5138,405.42298392,9.00757152
1625,5139,407.52061752,6.44213088
1625,5140,409.14879816,5.99334336
1625,5141,410.96604624,6.63086304
1625,5142,412.74915672,7.44065568
1625,5143,415.44648432,10.75005216
1625,5144,418.4079516,11.21859072
1625,5145,421.43013504,9.59900544
1625,5146,423.59217288,6.3148464
1625,5147,425.44465584,8.1802224
1625,5148,428.11409424,10.47024576
1625,5149,431.60920536,15.31693152
1625,5150,435.71400792,11.85281856
1625,5151,438.24659112,7.52624352
1625,5152,440.26945728,8.5697568
1625,5153,443.70613824,14.83193376
1625,5154,447.8370012,14.868144
1625,5155,451.94293152,13.91680224
1625,5156,455.14509936,11.27345472
1625,5157,459.095856,16.49541024
1625,5158,464.0131944,18.22911264
1625,5159,468.66666744,15.5649168
1625,5160,473.56696752,19.42295328
1625,5161,478.7656668,15.53090112
1625,5162,482.28165672,13.5130032
1625,5163,486.43864104,15.16221504
1625,5164,490.64091864,15.03712512
1625,5165,494.6640348,13.85316
1625,5166,498.3057344,13.4319264
1639,5066,232.10907096,16.8377616
1639,5067,237.1401912,16.37032032
1639,5068,241.566954,17.75069856
1639,5069,247.33389192,22.49314272
1639,5070,253.42449696,20.81759616
1639,5071,258.81808536,18.86553504
1639,5072,264.03019584,17.78032512
1639,5073,268.13076168,11.97571392
1639,5074,271.18244976,10.71713376
1639,5075,274.21496592,11.01449664
1639,5076,277.2674541,14.6953224
1654,5017,22.6508733333333,25.749504
1654,5018,29.48232864,26.46310176
1654,5019,36.86763264,26.6584176
1654,5020,44.9028312,31.9253616
1654,5021,49.9088664,32.9184
1655,5022,19.8101712,27.3881088
1655,5023,24.03738144,27.5801328
1655,5024,30.7869336,18.1819296
1655,5025,36.0543348,25.0015248
1655,5026,43.83920112,28.54464192
1655,5027,51.73931232,28.29775392
1655,5028,59.59059456,28.09365984
1655,5029,67.14024672,27.33653664
1655,5030,75.08251176,29.04609888
1655,5031,83.15952888,28.89577152
1655,5032,90.59460672,23.89436928
1655,5033,96.97358304,22.90791456
1655,5034,103.15888944,21.19615776
1655,5035,108.86590368,20.29968
1655,5036,114.5061972,20.4039216
1655,5037,120.12372216,19.3999104
1655,5038,125.30413344,18.16656768
1655,5039,130.25957184,18.55719936
1655,5040,135.4465668,17.22071232
1655,5041,139.93587456,15.91056
1655,5042,144.35218272,15.85679328
1655,5043,148.73618208,15.60551616
1655,5044,153.018744,15.36192
1655,5045,157.285944,15.36192
1655,5046,161.5144344,14.81657184
1655,5047,165.53072304,14.4072864
1655,5048,169.54329312,14.44678848
1655,5049,173.6477604,15.65599104
1655,5050,178.2110736,16.6567104
1655,5051,182.83607832,16.6457376
1655,5052,187.37089272,15.46506432
1655,5053,191.4500616,14.44898304
1655,5054,195.46318032,14.4511776
1655,5055,199.31630952,12.33452448
1655,5056,202.36101768,10.5558336
1655,5057,205.30188048,10.61179488
1655,5058,208.28742696,12.07995552
1655,5059,212.38241496,16.18378272
1655,5060,216.8639808,16.14208608
1655,5061,221.25651456,14.17466304
1655,5062,224.5428072,11.04851232
1655,5063,228.27928944,15.99175872
1655,5064,232.87488096,17.00893728
1655,5065,237.08932008,13.49764128
1655,5066,241.9293612,20.42367264
1655,5067,247.53466368,20.33479296
1655,5068,252.95522688,19.90356192
1655,5069,258.70469976,20.08241856
1655,5070,264.17095248,19.559016
1655,5071,269.4971496,17.3041056
1655,5072,273.56808888,12.88096992
1655,5073,276.85642368,11.33270784
1655,5074,280.00598304,11.3349024
1655,5075,283.05319056,9.29725344
1655,5076,284.92344336,5.47981632
1655,5077,286.4473824,5.4864
1655,5078,287.90898984,4.17844224
1655,5079,288.6102432,1.72931328
1655,5080,289.09286352,1.7337024
1655,5081,289.57545336,1.7337024
1655,5082,290.05807368,1.7337024
1655,5083,290.54066352,1.7337024
1655,5084,290.97844776,0.95792544
1655,5085,291.0541296,0
1655,5086,291.27017184,2.07715104
1655,5087,292.38753816,5.38435296
1655,5088,293.9119344,5.4864
1655,5089,295.43599536,5.4864
1655,5090,296.9600868,5.4864
1655,5091,298.4840868,5.4864
1655,5092,300.0080868,5.4864
1655,5093,301.53217824,5.4864
1655,5094,303.05620872,5.4864
1655,5095,304.5802392,5.4864
1655,5096,306.10420872,5.4864
1655,5097,307.6282392,5.4864
1655,5098,309.1522392,5.4864
1655,5099,310.65950568,5.33607264
1655,5100,312.1584816,5.4864
1655,5101,313.6820244,5.37008832
1655,5102,315.33336984,7.28155008
1655,5103,317.560452,8.1088992
1655,5104,319.81182672,8.1088992
1655,5105,322.0632624,8.1088992
1655,5106,324.25678608,7.34519232
1655,5107,326.16382824,6.7263264
1655,5108,328.03298376,6.7263264
1655,5109,329.90192592,6.69011616
1655,5110,331.68832824,5.90446368
1655,5111,333.30785256,6.556248
1655,5112,335.28100584,7.2859392
1655,5113,337.49357952,7.65243072
1655,5114,339.19853928,5.48310816
1655,5115,340.72256976,5.4864
1655,5116,342.23376816,5.33058624
1655,5117,343.7278368,5.4864
1655,5118,345.27744,6.54088608
1655,5119,347.44453752,7.5328272
1655,5120,350.26253544,13.61395296
1655,5121,353.67495432,9.56608704
1655,5122,355.92660336,7.83348192
1655,5123,358.22570976,9.4859856
1655,5124,361.12198032,10.73578752
1655,5125,364.13614752,10.09278144
1655,5126,366.47530464,8.55658944
1655,5127,369.10499712,8.15388768
1655,5128,371.40050688,9.95452416
1655,5129,374.36880168,10.9343952
1655,5130,377.21779776,9.46513728
1655,5131,379.6038636,7.85323296
1655,5132,381.93625416,8.3996784
1655,5133,384.05632104,7.43846112
1655,5134,386.12137152,7.45711488
1655,5135,388.2103488,7.50649248
1655,5136,390.2778072,7.43516928
1655,5137,392.34288816,7.43736384
1655,5138,394.33917576,6.85031904
1655,5139,396.13908072,6.31923552
1655,5140,398.48814384,10.5942384
1655,5141,401.46027912,10.232136
1655,5142,403.80952512,8.10560736
1655,5143,406.5510792,10.23433056
1655,5144,408.89294904,7.45711488
1655,5145,411.13789248,7.57781568
1655,5146,413.46568056,10.40550624
1655,5147,416.51508264,11.01449664
1655,5148,419.50367712,10.41757632
1655,5149,422.36200008,10.43623008
1655,5150,425.84799768,13.36816224
1655,5151,428.54413656,7.19486496
1655,5152,430.77015192,9.92270304
1655,5153,434.19494568,13.63041216
1655,5154,437.66588616,10.26724896
1655,5155,440.22471264,10.54595808
1655,5156,444.3529848,17.95808448
1655,5157,449.3261016,17.08135776
1655,5158,453.98429904,17.45662752
1655,5159,458.92132752,17.47089216
1655,5160,463.41209832,15.52212288
1655,5161,467.6628696,12.5528832
1655,5162,471.20482848,16.43835168
1655,5163,476.18590056,18.10292544
1655,5164,480.74162424,14.07481056
1655,5165,484.3665192,12.45851712
1655,5166,487.95593544,14.09017248
1655,5167,492.4612452,16.94858688
1655,5168,496.91714688,16.4976048
1655,5169,499.7366688,17.8088544
1668,5024,12.6868258666667,30.3958752
1668,5025,20.6780892,30.25639872
1668,5026,29.06426496,29.6210736
1668,5027,35.60234688,19.76091552
1668,5028,42.295572,26.62988832
1668,5029,49.72891248,27.22571136
1668,5030,57.44416248,27.98064
1668,5031,65.10424368,27.33763392
1668,5032,73.11990456,30.24762048
1668,5033,81.39427968,27.84786912
1668,5034,88.49008464,24.68660544
1668,5035,95.16947184,22.17822336
1668,5036,100.78358304,19.43392608
1668,5037,106.26535008,20.98548
1668,5038,112.5210348,21.94230816
1668,5039,117.80129856,17.21742048
1668,5040,122.54706504,16.952976
1668,5041,127.29338016,17.27338176
1668,5042,131.92975392,14.76829152
1668,5043,135.5366352,13.90363488
1668,5044,139.94248872,16.46029728
1668,5045,144.4049436,14.99762304
1668,5046,148.32458016,13.89924576
1668,5047,152.18548176,13.90144032
1668,5048,155.91940368,12.57043968
1668,5049,159.3102732,12.25771488
1668,5050,162.70699488,12.16664064
1668,5051,166.39007616,15.52541472
1668,5052,171.10319856,17.2876464
1668,5053,175.77809904,16.28802432
1668,5054,180.0427692,14.27451552
1668,5055,184.27942824,16.4592
1668,5056,188.75544672,14.84729568
1668,5057,192.28579272,11.24492544
1668,5058,195.33790752,10.97499456
1668,5059,198.38575512,10.9728
1668,5060,201.42573888,10.64690784
1668,5061,204.2131044,10.15093728
1668,5062,207.04280664,9.8700336
1668,5063,210.07309776,12.65602752
1668,5064,213.90824376,14.12089632
1668,5065,217.83577464,14.17905216
1668,5066,221.7977784,14.42264832
1668,5067,225.92848896,15.6856176
1668,5068,230.45507376,16.45810272
1668,5069,235.14173952,17.97015456
1668,5070,240.38548824,19.09925568
1668,5071,245.56733208,17.52136704
1668,5072,250.19276352,16.4646864
1668,5073,254.76284328,16.12233504
1668,5074,258.743196,12.51338112
1668,5075,261.80893536,9.81297504
1668,5076,264.5243376,9.8316288
1668,5077,267.25592472,9.8316288
1668,5078,269.95864728,9.21276288
1668,5079,272.03076912,5.97688416
1668,5080,273.65489592,5.84959968
1668,5081,275.27801688,5.48201088
1668,5082,276.22311024,1.51863552
1668,5083,276.6674172,3.2040576
1668,5084,277.80502224,2.05410816
1668,5085,277.89182928,0.32040576
1668,5086,278.29757904,2.19565728
1668,5087,278.9075448,2.19456
1668,5088,279.5171448,2.19456
1668,5089,280.14521568,2.73990816
1668,5090,281.19336192,4.39241184
1668,5091,282.49754016,6.19304832
1668,5092,284.48465328,6.26107968
1668,5093,286.32872376,8.89016256
1668,5094,289.13026248,9.9248976
1668,5095,291.44512704,6.30277632
1668,5096,292.98982296,5.95713312
1668,5097,294.97093152,7.74899136
1668,5098,297.12227088,7.7467968
1668,5099,299.27376264,7.7467968
1668,5100,301.42507152,7.7467968
1668,5101,303.53855472,6.95346336
1668,5102,305.1933444,5.47652448
1668,5103,306.80811384,6.0789312
1668,5104,308.5781484,7.32105216
1668,5105,310.81519752,8.20655712
1668,5106,312.99543192,6.77350944
1668,5107,314.5987104,5.4864
1668,5108,316.1227104,5.4864
1668,5109,317.64539976,5.52699936
1668,5110,319.40107824,7.92016704
1668,5111,321.99050664,9.85576896
1668,5112,324.46560456,7.9333344
1668,5113,326.658732,7.900416
1668,5114,328.85317008,7.900416
1668,5115,331.0475472,7.900416
1668,5116,333.22171608,7.30020384
1668,5117,334.93396056,5.48310816
1668,5118,336.4577472,5.4864
1668,5119,337.9822044,5.4918864
1668,5120,339.68454288,8.28226944
1668,5121,342.600534,10.99584288
1668,5122,345.37677432,9.03939264
1668,5123,347.89527576,9.4585536
1668,5124,350.5844652,9.6780096
1668,5125,353.27395944,9.67910688
1668,5126,355.96339272,9.6780096
1668,5127,358.65279552,9.6505776
1668,5128,361.4301636,10.643616
1668,5129,364.44198384,10.42525728
1668,5130,367.18015464,9.8700336
1668,5131,370.03308264,10.01268
1668,5132,372.79185792,10.2485952
1668,5133,375.41329032,7.66340352
1668,5134,377.14967496,5.83314048
1668,5135,378.80507424,6.4355472
1668,5136,380.32712352,4.68209376
1668,5137,382.60407096,10.66885344
1668,5138,384.9718488,6.87007008
1668,5139,386.87611728,6.9183504
1668,5140,388.7908404,7.10379072
1668,5141,391.56074088,12.95558496
1668,5142,394.52659728,7.11805536
1668,5143,396.2256744,6.0130944
1668,5144,397.83888936,5.53797216
1668,5145,399.37145424,6.2709552
1668,5146,401.78687232,10.43293824
1668,5147,404.6904276,10.4735376
1668,5148,407.65287024,10.49767776
1668,5149,410.36516352,9.23470848
1668,5150,412.98394416,9.3872304
1668,5151,415.68108888,10.92232512
1668,5152,418.86813864,11.50168896
1668,5153,421.85170392,9.48927744
1668,5154,425.0423808,14.6157696
1668,5155,428.8545144,11.61800064
1668,5156,432.14388552,13.58322912
1668,5157,436.2527724,14.68819008
1668,5158,440.551062,17.15377824
1668,5159,445.47522792,17.7539904
1668,5160,450.18728352,15.19403616
1668,5161,453.73448496,12.88535904
1668,5162,459.11996568,23.45326272
1668,5163,464.31156312,15.14026944
1668,5164,468.28408248,12.728448
1668,5165,472.3240236,16.78070304
1668,5166,476.99008488,16.7828976
1668,5167,481.156518,12.99289248
1668,5168,485.06094504,15.75584352
1668,5169,489.80043264,18.81067104
1668,5170,494.86166712,17.2931328
1668,5171,498.71552784,19.96610688
1676,5029,19.2764664,31.8650112
1676,5030,24.32276568,31.6400688
1676,5031,32.7463404,29.2918896
1676,5032,40.92086304,29.49598368
1676,5033,49.116996,29.49598368
1676,5034,57.30989808,29.52890208
1676,5035,65.53416408,29.65289472
1676,5036,73.77086592,29.73299616
1676,5037,81.95361816,27.788616
1676,5038,89.15439624,25.3691136
1676,5039,95.82494424,23.43021984
1676,5040,102.56096328,23.22722304
1676,5041,108.32616384,19.06085088
1676,5042,113.4535704,16.64793216
1676,5043,117.65581752,16.03235808
1676,5044,122.44849272,17.55757728
1676,5045,127.11354816,14.88240864
1676,5046,130.98091152,14.49177696
1676,5047,135.34043544,18.06781248
1676,5048,140.99807208,21.12702912
1676,5049,146.33527248,14.55103008
1676,5050,149.40915,11.84623488
1676,5051,153.24737448,14.26134816
1676,5052,157.33772952,15.69439584
1676,5053,161.86849008,16.37470944
1676,5054,167.09142096,23.59590912
1676,5055,173.66766384,18.64498176
1676,5056,177.9960372,15.01847136
1676,5057,181.61556768,11.14946208
1676,5058,184.66228752,10.9728
1676,5059,187.66831656,10.45927296
1676,5060,190.46101608,9.86564448
1676,5061,193.3571952,10.97938368
1676,5062,196.40513424,10.97499456
1676,5063,199.22130336,7.95418272
1676,5064,201.09292776,8.0759808
1676,5065,203.82698376,10.4131872
1676,5066,206.72273616,10.42196544
1676,5067,209.95779192,14.730984
1676,5068,214.78536672,18.19180512
1676,5069,219.8900352,18.74263968
1676,5070,225.0265248,17.42151456
1676,5071,229.8164568,17.70132096
1676,5072,234.75583224,18.37614816
1676,5073,240.37372296,21.45621312
1676,5074,246.16617264,20.31175008
1676,5075,251.80530792,20.29968
1676,5076,256.71478248,10.31114016
1676,5077,257.5114992,0
1676,5078,257.84345688,4.12906464
1676,5079,259.79740776,7.72375392
1676,5080,261.7413612,6.42347712
1676,5081,263.53233552,6.4629792
1676,5082,265.32675408,6.4629792
1676,5083,267.12117264,6.4629792
1676,5084,268.9155912,6.4629792
1676,5085,270.64158216,5.41397952
1676,5086,271.3715172,0.17227296
1676,5087,271.372584,0
1676,5088,271.372584,0
1676,5089,271.372584,0
1676,5090,271.3795944,0.32150304
1676,5091,271.76452632,2.35586016
1676,5092,272.80182168,5.91214464
1676,5093,275.28091248,10.9234224
1676,5094,278.3305584,10.9728
1676,5095,281.37904608,10.97499456
1676,5096,284.14068648,8.586216
1676,5097,286.2686172,7.43078016
1676,5098,288.26380752,6.07563936
1676,5099,289.8010968,5.4864
1676,5100,291.32512728,5.4864
1676,5101,292.80407784,4.93885728
1676,5102,294.23438232,5.91653376
1676,5103,296.14913592,7.7303376
1676,5104,298.35796056,7.9772256
1676,5105,300.57443568,7.98051744
1676,5106,302.6997756,7.47137952
1676,5107,304.95733776,8.62681536
1676,5108,307.29868944,7.516368
1676,5109,309.00313104,5.48201088
1676,5110,310.51368936,5.32619712
1676,5111,312.0063864,5.4864
1676,5112,313.5303864,5.4864
1676,5113,315.09955776,6.03394272
1676,5114,316.72981104,5.67952128
1676,5115,318.94534128,10.50535872
1676,5116,321.90150504,9.37406304
1676,5117,324.10728168,7.50429792
1676,5118,326.19747816,7.5218544
1676,5119,328.28694312,7.52295168
1676,5120,330.37640808,7.52404896
1676,5121,332.56185456,9.07670016
1676,5122,335.46540984,10.96950816
1676,5123,338.42132976,9.57596256
1676,5124,340.71933888,7.71826752
1676,5125,342.84245376,7.6041504
1676,5126,345.0669756,10.06973856
1676,5127,348.4741824,11.19993696
1676,5128,351.07711344,9.0964512
1676,5129,353.60265576,9.09425664
1676,5130,356.251764,10.64251872
1676,5131,359.34255792,10.78735968
1676,5132,362.33761416,10.9673136
1676,5133,365.20249032,8.50501728
1676,5134,366.98617992,5.47871904
1676,5135,368.5102104,5.4864
1676,5136,370.033296,5.61587904
1676,5137,372.0019992,8.50501728
1676,5138,374.66890776,10.25847072
1676,5139,376.88965008,5.7936384
1676,5140,378.41630184,5.49298368
1676,5141,379.84931904,4.93446816
1676,5142,381.3476244,6.50248128
1676,5143,383.68790928,9.5792544
1676,5144,386.35012392,9.64070208
1676,5145,389.03144952,9.59461632
1676,5146,391.69095144,9.57267072
1676,5147,394.41177912,9.6121728
1676,5148,396.46277832,5.57308512
1676,5149,398.70260112,10.70286912
1676,5150,401.11247184,7.19047584
1676,5151,404.15282136,14.68270368
1676,5152,408.3262344,13.25623968
1676,5153,411.3903888,10.31333472
1676,5154,414.23155152,9.18642816
1676,5155,416.54019816,9.01525248
1676,5156,419.51160192,12.26429856
1676,5157,423.41484024,15.26974848
1676,5158,427.66484952,15.2960832
1676,5159,431.91315192,15.29937504
1676,5160,436.14133752,14.66295264
1676,5161,439.94228496,14.72330304
1676,5162,445.34379816,22.1485968
1676,5163,450.4840368,14.79572352
1676,5164,453.98042808,11.39854464
1676,5165,457.84334136,16.49102112
1676,5166,462.58996128,17.1285408
1676,5167,467.3492304,17.1943776
1676,5168,471.04243104,6.90847488
1676,5169,474.95365512,24.69867552
1676,5170,481.10308656,15.50346912
1676,5171,484.98440976,16.12123776
1676,5172,489.83700864,18.050256
1676,5173,494.85157824,18.050256
1676,5174,498.8633152,18.050256
1685,5033,26.926032,32.2210176
1685,5034,35.41647984,32.34123072
1685,5035,44.51610096,32.890968
1685,5036,53.68695384,33.84450432
1685,5037,63.316104,34.63344864
1685,5038,71.13617472,25.93531008
1685,5039,79.71346008,28.30653216
1685,5040,86.12212392,21.36843072
1685,5041,91.97803296,20.46098016
1685,5042,97.51362768,19.7400672
1685,5043,103.00956792,19.56889152
1685,5044,108.33104064,18.87650784
1685,5045,113.42562024,17.6826672
1685,5046,118.3727376,17.71339104
1685,5047,123.06571272,16.45700544
1685,5048,127.56196992,15.77669184
1685,5049,132.08953008,17.08684416
1685,5050,136.76220552,16.18597728
1685,5051,141.05372856,15.12819936
1685,5052,145.38393072,15.81399936
1685,5053,149.5368612,14.072616
1685,5054,153.33156024,13.47789024
1685,5055,157.14128592,13.8037824
1685,5056,160.97609664,13.78073952
1685,5057,164.9281944,15.28949952
1685,5058,169.38190152,16.19146368
1685,5059,173.49340968,12.6022608
1685,5060,176.72813016,11.24931456
1685,5061,179.78411592,10.98267552
1685,5062,182.8324512,10.9728
1685,5063,185.88039024,10.97499456
1685,5064,188.9353092,11.00132928
1685,5065,191.9849856,10.9728
1685,5066,195.0329856,10.9728
1685,5067,198.0809856,10.9728
1685,5068,201.13928784,11.50607808
1685,5069,204.89640504,15.60112704
1685,5070,209.43121944,16.99357536
1685,5071,214.60943616,19.86186528
1685,5072,220.12780968,19.68191136
1685,5073,225.76548192,21.48145056
1685,5074,231.74696856,20.02645728
1685,5075,236.65513248,16.45700544
1685,5076,241.20725952,16.3604448
1685,5077,245.6637708,14.54115456
1685,5078,249.03860784,10.3583232
1685,5079,251.04309456,4.35181248
1685,5080,252.17743824,4.0818816
1685,5081,253.31202576,4.0818816
1685,5082,254.44667424,4.0818816
1685,5083,255.5810484,4.07749248
1685,5084,256.67616432,3.89863584
1685,5085,257.7977064,4.0818816
1685,5086,258.93205008,4.0818816
1685,5087,260.06471736,3.75160032
1685,5088,260.5953132,0.3950208
1685,5089,260.85122328,1.64592
1685,5090,261.5217528,3.47947488
1685,5091,262.74497616,4.75231968
1685,5092,264.06445536,4.7512224
1685,5093,265.38399552,4.7512224
1685,5094,266.70356616,4.7512224
1685,5095,268.0231368,4.75012512
1685,5096,269.36157456,5.42934144
1685,5097,271.34381088,8.10999648
1685,5098,273.37249872,7.98710112
1685,5099,276.18738768,10.97499456
1685,5100,279.23538768,10.9728
1685,5101,282.12763488,8.50501728
1685,5102,283.8835572,5.48420544
1685,5103,285.40746576,5.4864
1685,5104,287.0691744,7.22449152
1685,5105,289.24319088,8.38541376
1685,5106,291.7868688,9.77347296
1685,5107,294.7452576,10.9728
1685,5108,297.76183272,10.02145824
1685,5109,299.85160248,5.61478176
1685,5110,301.3746576,5.4864
1685,5111,302.8986576,5.4864
1685,5112,304.4226576,5.4864
1685,5113,305.94668808,5.4864
1685,5114,307.49866872,6.03504
1685,5115,309.27123312,6.1722
1685,5116,311.01081816,6.59245824
1685,5117,312.91917096,7.67108448
1685,5118,315.22946352,8.4051648
1685,5119,317.56523736,8.4051648
1685,5120,319.90098072,8.4051648
1685,5121,322.23681552,8.4051648
1685,5122,324.57240648,8.40406752
1685,5123,327.03726312,9.65496672
1685,5124,329.821794,10.07412768
1685,5125,332.62857528,10.30016736
1685,5126,335.6067456,10.98048096
1685,5127,338.44434216,8.77824
1685,5128,340.66807152,7.89602688
1685,5129,342.83465088,7.76106144
1685,5130,346.06690248,15.48481536
1685,5131,349.34002776,8.04086784
1685,5132,351.57152952,8.0320896
1685,5133,353.8031532,8.0320896
1685,5134,356.03471592,8.0320896
1685,5135,358.2652728,8.12316384
1685,5136,360.79901424,9.6176592
1685,5137,362.85687144,5.5357776
1685,5138,364.379256,5.4864
1685,5139,365.90331696,5.48420544
1685,5140,367.530888,6.71645088
1685,5141,369.76235928,9.05256
1685,5142,372.53225976,10.84222368
1685,5143,375.58205808,10.79833248
1685,5144,378.12296232,7.44614208
1685,5145,380.19737016,7.85323296
1685,5146,382.70907456,10.3473504
1685,5147,385.65417408,10.63154592
1685,5148,388.6239624,10.67763168
1685,5149,391.5730548,10.60960032
1685,5150,394.54826856,10.88062848
1685,5151,397.59325104,10.9728
1685,5152,400.64076336,10.97170272
1685,5153,403.79654064,11.52253728
1685,5154,406.86816264,10.14654816
1685,5155,409.47831744,9.65825856
1685,5156,411.76888944,7.20803232
1685,5157,414.34295592,10.82576448
1685,5158,417.67822992,12.86780256
1685,5159,421.29285312,12.94461216
1685,5160,424.7523636,12.11836032
1685,5161,427.98653544,12.3389136
1685,5162,432.169062,17.50381056
1685,5163,437.31436032,18.78433632
1685,5164,442.52833008,18.76239072
1685,5165,447.59489856,17.33482944
1685,5166,451.96716312,13.29574176
1685,5167,455.32749168,12.61542816
1685,5168,459.26124048,15.69549312
1685,5169,463.86219648,18.73715328
1685,5170,469.12112424,18.0063648
1685,5171,475.33114992,26.06369184
1685,5172,482.3549916,22.35269088
1685,5173,487.44417624,17.4686976
1685,5174,492.57807504,17.638776
1685,5175,497.0745456,15.66806112
1685,5176,499.7398692,16.8103296
1691,5035,23.7662042666667,29.1949632
1691,5036,31.54777536,29.01866688
1691,5037,39.87603912,32.46961248
1691,5038,49.60074408,36.3912912
1691,5039,59.70477264,36.1059984
1691,5040,66.6059628,14.84400384
1691,5041,72.73588704,28.35481248
1691,5042,81.15443256,30.11594688
1691,5043,88.09561248,21.94779456
1691,5044,94.0731672,21.08642976
1691,5045,99.76817232,19.06194816
1691,5046,104.6658816,16.96614336
1691,5047,109.29561072,16.45810272
1691,5048,113.86846416,16.32094272
1691,5049,118.18342632,14.4621504
1691,5050,121.80588288,12.61762272
1691,5051,125.5955832,13.40546976
1691,5052,128.94033648,12.86889984
1691,5053,132.80498712,12.89304
1691,5054,136.19198568,12.68126496
1691,5055,139.9845816,13.99032
1691,5056,143.84097216,13.57006176
1691,5057,147.5417928,13.29244992
1691,5058,151.23755376,13.30561728
1691,5059,154.93328424,13.30561728
1691,5060,158.60804448,13.02800544
1691,5061,162.17578944,12.7394208
1691,5062,165.7103112,12.78550656
1691,5063,169.264584,12.7778256
1691,5064,172.80916416,12.75478272
1691,5065,176.35237272,12.75917184
1691,5066,179.89917792,12.76575552
1691,5067,183.44851296,12.83159232
1691,5068,187.0277184,12.92376384
1691,5069,190.47192792,11.37220992
1691,5070,193.55171856,12.0645936
1691,5071,197.55182232,16.19365824
1691,5072,202.1115084,16.60294368
1691,5073,207.38616384,21.99607488
1691,5074,213.89528976,24.04469664
1691,5075,220.43312784,22.521672
1691,5076,226.42549584,19.96281504
1691,5077,231.31979136,16.45151904
1691,5078,235.84213944,15.08979456
1691,5079,239.31871872,10.89489312
1691,5080,242.33633016,10.48231584
1691,5081,244.55247,5.67952128
1691,5082,246.0750984,5.49298368
1691,5083,247.35717864,2.49411744
1691,5084,247.5338712,0
1691,5085,247.5338712,0
1691,5086,247.5338712,0
1691,5087,247.5338712,0
1691,5088,247.5338712,0
1691,5089,247.5338712,0
1691,5090,247.5338712,0
1691,5091,247.58849136,1.06216704
1691,5092,248.51675976,5.1791616
1691,5093,249.94368096,3.58481376
1691,5094,250.70092608,4.0270176
1691,5095,252.1707936,5.4864
1691,5096,253.6947936,5.4864
1691,5097,255.21891552,5.4864
1691,5098,256.71441672,5.79802752
1691,5099,258.98737128,10.24969248
1691,5100,261.88925016,10.4461056
1691,5101,264.78716664,10.37587968
1691,5102,267.7303764,10.91903328
1691,5103,270.73320504,10.64032416
1691,5104,273.19431264,6.3587376
1691,5105,274.73855136,5.4864
1691,5106,276.32354184,6.0405264
1691,5107,278.09473464,7.94869632
1691,5108,280.91081232,10.97499456
1691,5109,283.93138032,10.41977088
1691,5110,286.34326272,6.62318208
1691,5111,288.03398832,6.80971968
1691,5112,290.10754272,7.54160544
1691,5113,292.1451612,6.61220928
1691,5114,293.75398704,5.48530272
1691,5115,295.27813944,5.3602128
1691,5116,296.79878664,6.19743744
1691,5117,298.67211792,6.8141088
1691,5118,300.5644992,6.8141088
1691,5119,302.45681952,6.8141088
1691,5120,304.34917032,6.8141088
1691,5121,306.24161256,6.8141088
1691,5122,308.1339024,6.8141088
1691,5123,310.02399768,6.72084
1691,5124,311.8765416,6.74607744
1691,5125,313.98511752,9.39052224
1691,5126,316.93673976,10.46146752
1691,5127,319.66238328,9.66045312
1691,5128,322.3730916,9.75701376
1691,5129,325.08386088,9.75701376
1691,5130,327.79435584,9.7548192
1691,5131,330.504546,9.75701376
1691,5132,333.2148276,9.78115392
1691,5133,336.06391512,10.83234816
1691,5134,339.11002536,10.9728
1691,5135,342.14235864,10.83234816
1691,5136,345.1683216,10.9398816
1691,5137,347.75525064,7.11915264
1691,5138,349.54854144,6.39823968
1691,5139,351.32653128,6.3971424
1691,5140,353.10461256,6.3971424
1691,5141,354.88263288,6.3971424
1691,5142,356.65976928,6.42567168
1691,5143,358.78858392,9.59351904
1691,5144,361.71594408,10.85648832
1691,5145,364.76242008,10.9728
1691,5146,367.8103896,10.9728
1691,5147,370.85848104,10.9728
1691,5148,373.90651152,10.9728
1691,5149,376.95466392,10.9728
1691,5150,379.88363952,9.079992
1691,5151,382.7554956,12.10190112
1691,5152,385.852416,10.76541408
1691,5153,388.85420832,10.76651136
1691,5154,391.83341496,10.7204256
1691,5155,394.81207296,10.7204256
1691,5156,397.79115768,10.725912
1691,5157,400.47540936,8.18790336
1691,5158,402.6805764,8.77165632
1691,5159,405.51771576,11.11325184
1691,5160,408.826716,13.30452
1691,5161,413.00015952,15.9270192
1691,5162,417.20045592,13.43948544
1691,5163,420.5933676,12.97423872
1691,5164,424.80558168,16.29021888
1691,5165,429.64665912,19.08060192
1691,5166,435.08313288,19.57108608
1691,5167,440.1848448,16.44164352
1691,5168,444.3414024,14.71671936
1691,5169,448.6649904,15.77449728
1691,5170,452.69987184,14.08249152
1691,5171,457.0690884,17.73314208
1691,5172,462.5929788,22.27368672
1691,5173,469.80070632,29.0011104
1691,5174,474.326712,29.7253152
1703,5027,21.9660216,36.3309408
1703,5028,28.13422872,37.22632128
1703,5029,37.0900452,29.13058944
1703,5030,45.0452744,30.5580288
1704,5037,23.1631998,26.0713728
1704,5038,30.00125064,28.11341088
1704,5039,37.8163836,28.15839936
1704,5040,45.63736872,27.89724672
1704,5041,53.1423372,26.51796576
1704,5042,60.65166432,27.42870816
1704,5043,67.95299592,23.4708192
1704,5044,74.10514008,22.53154752
1704,5045,80.28962352,21.30039936
1704,5046,85.82433432,19.19801088
1704,5047,91.1454108,18.77665536
1704,5048,96.16086432,17.74411488
1704,5049,101.13437736,18.47051424
1704,5050,106.62172224,20.56522176
1704,5051,112.1921556,17.42809824
1704,5052,115.67629392,10.725912
1704,5053,119.61915624,16.8597072
1704,5054,124.34504976,16.80813504
1704,5055,128.56415232,13.89046752
1704,5056,132.62393592,15.3838656
1704,5057,137.08873776,16.66548864
1704,5058,141.72364848,15.98407776
1704,5059,145.37500008,10.917936
1704,5060,148.42492032,11.38428
1704,5061,151.70020968,12.30160608
1704,5062,155.34948864,13.47569568
1704,5063,159.23885856,14.00019552
1704,5064,162.80578056,11.71126944
1704,5065,165.85176888,11.11105728
1704,5066,168.89986032,10.28041632
1704,5067,171.7186812,10.5668064
1704,5068,174.752508,10.97499456
1704,5069,177.36693,6.93371232
1704,5070,179.40546288,9.32797728
1704,5071,183.0356004,16.7993568
1704,5072,187.89981216,17.199864
1704,5073,192.19063416,14.79243168
1704,5074,196.63102152,16.50748032
1704,5075,201.61328232,19.92879936
1704,5076,207.53213256,22.46790528
1704,5077,214.04726304,24.0468912
1704,5078,220.54130136,21.8413584
1704,5079,226.06016256,17.89224768
1704,5080,230.3855184,12.88535904
1704,5081,233.421174,9.05475456
1704,5082,235.28139888,5.48420544
1704,5083,236.75650896,4.6250352
1704,5084,237.7380564,2.26478592
1704,5085,237.958884,0
1704,5086,237.958884,0
1704,5087,237.958884,0
1704,5088,237.958884,0
1704,5089,237.958884,0
1704,5090,237.958884,0
1704,5091,237.958884,0
1704,5092,238.10652912,1.72053504
1704,5093,238.4794824,0.06693408
1704,5094,239.22356016,5.11222752
1704,5095,240.55706016,4.471416
1704,5096,241.81594512,4.5756576
1704,5097,243.37005936,7.52514624
1704,5098,245.31456144,5.5193184
1704,5099,246.83621448,5.49517824
1704,5100,248.94107184,10.95195168
1704,5101,252.42036384,12.78550656
1704,5102,255.95202048,12.60116352
1704,5103,259.4734968,12.78660384
1704,5104,263.02679424,12.62310912
1704,5105,265.18273608,1.67444928
1704,5106,266.09475864,8.31628512
1704,5107,269.11935,11.16592128
1704,5108,271.6836324,6.53320512
1704,5109,273.65791344,9.56937888
1704,5110,276.64361232,10.97499456
1704,5111,279.4744728,8.36456544
1704,5112,281.29236096,5.62246272
1704,5113,282.81596472,5.4864
1704,5114,284.33993424,5.4864
1704,5115,285.8638428,5.4864
1704,5116,287.3741268,5.35692096
1704,5117,288.8769432,5.49078912
1704,5118,290.400486,5.48530272
1704,5119,292.08197616,7.58110752
1704,5120,294.80679672,9.9742752
1704,5121,296.80216992,5.48859456
1704,5122,298.32568224,5.4864
1704,5123,299.84971272,5.4864
1704,5124,301.37371272,5.4864
1704,5125,302.8977432,5.4864
1704,5126,304.4217432,5.4864
1704,5127,305.9457432,5.4864
1704,5128,307.46922504,5.62136544
1704,5129,309.17519064,6.48931392
1704,5130,311.02374168,7.34299776
1704,5131,313.21909416,7.81921728
1704,5132,315.4151172,9.05146272
1704,5133,318.32254344,10.9728
1704,5134,321.37112256,11.1044736
1704,5135,324.67146648,12.58360704
1704,5136,328.18291488,12.6406656
1704,5137,331.69442424,12.58689888
1704,5138,334.99677984,11.10996
1704,5139,338.04523704,10.9728
1704,5140,341.08653144,10.43074368
1704,5141,343.26429696,5.60380896
1704,5142,344.78649864,5.48201088
1704,5143,346.43449128,6.68572704
1704,5144,348.4668672,8.45015328
1704,5145,351.06418992,9.4475808
1704,5146,353.68897512,9.4475808
1704,5147,356.3108952,9.5957136
1704,5148,359.18113584,10.77199776
1704,5149,362.16689568,10.91574144
1704,5150,365.07858912,9.22702752
1704,5151,367.55950872,9.9742752
1704,5152,370.54944432,10.9728
1704,5153,373.59741384,10.9728
1704,5154,376.6454748,10.9728
1704,5155,379.69524264,10.9508544
1704,5156,382.37019792,7.84884384
1704,5157,384.46255848,8.805672
1704,5158,387.574536,12.48594912
1704,5159,391.02011712,11.88025056
1704,5160,393.67565664,11.80892736
1704,5161,397.58907528,11.56313664
1704,5162,400.81203048,12.29721696
1704,5163,404.70914232,15.82497216
1704,5164,408.82500912,12.7668528
1704,5165,413.09784792,19.34285184
1704,5166,418.68471,20.10107232
1704,5167,423.83936568,16.01260704
1704,5168,428.02948176,15.81619392
1704,5169,432.89430312,18.92149632
1704,5170,437.92146096,16.19365824
1704,5171,442.06354056,16.45700544
1704,5172,447.61306464,21.42658656
1704,5173,453.35811792,17.91638784
1704,5174,458.01613248,19.62595008
1704,5175,464.4975216,24.97738464
1704,5176,471.45421584,26.70669792
1704,5177,479.14465512,24.57029376
1704,5178,485.22096504,22.66541568
1704,5179,491.79827472,23.78573856
1704,5180,497.97748512,19.01805696
1712,5038,19.5050664,28.7706816
1712,5039,23.79338904,28.3756608
1712,5040,31.56581952,27.85335552
1712,5041,38.87644752,24.66356256
1712,5042,45.66397776,24.43532832
1712,5043,52.44931344,24.42106368
1712,5044,59.23260696,24.42216096
1712,5045,65.30785008,14.15600928
1712,5046,70.00856712,27.38042784
1712,5047,76.564998,16.95626784
1712,5048,81.13574832,16.1355024
1712,5049,85.5655896,15.91056
1712,5050,89.96229912,15.53967936
1712,5051,94.1591208,14.91861888
1712,5052,98.36935368,15.70536864
1712,5053,102.87841248,16.40543328
1712,5054,107.22961536,13.52726784
1712,5055,110.54553456,11.82209472
1712,5056,114.28265688,15.20720352
1712,5057,118.59725328,15.68452032
1712,5058,123.12539256,16.95626784
1712,5059,127.75695048,15.7953456
1712,5060,131.51025768,11.90658528
1712,5061,134.73306048,11.11764096
1712,5062,137.81053464,11.082528
1712,5063,140.88910608,11.082528
1712,5064,143.96847,11.27674656
1712,5065,147.44931648,13.71380544
1712,5066,151.290528,13.825728
1712,5067,155.131008,13.825728
1712,5068,158.971488,13.825728
1712,5069,162.79907496,13.27379616
1712,5070,166.07028,10.83783456
1712,5071,169.1134032,10.9728
1712,5072,172.1614032,10.9728
1712,5073,175.2094032,10.9728
1712,5074,178.25715936,11.03205312
1712,5075,181.7686992,15.0437088
1712,5076,186.2628228,16.4811456
1712,5077,190.84235136,16.46578368
1712,5078,195.47714016,17.86701024
1712,5079,200.90498808,20.09778048
1712,5080,206.57475576,17.50600512
1712,5081,210.30249024,12.8491488
1712,5082,213.90278784,12.9040128
1712,5083,217.4894304,12.96326592
1712,5084,220.9070004,9.98963712
1712,5085,222.8206872,5.35253184
1712,5086,224.26364088,4.1257728
1712,5087,224.707704,0
1712,5088,224.707704,0
1712,5089,224.707704,0
1712,5090,224.707704,0
1712,5091,224.707704,0
1712,5092,224.707704,0
1712,5093,224.707704,0
1712,5094,224.80069848,1.79076096
1712,5095,225.7141536,3.87559296
1712,5096,227.0564928,5.49298368
1712,5097,228.5804928,5.4864
1712,5098,230.1044928,5.47981632
1712,5099,231.71850024,6.23364768
1712,5100,233.98160976,9.96439968
1712,5101,236.32101072,6.30058176
1712,5102,237.88006272,5.7936384
1712,5103,239.92274088,9.18972
1712,5104,242.8024608,10.97938368
1712,5105,245.85981816,11.16372672
1712,5106,248.99258304,11.2580928
1712,5107,252.1163868,11.24712
1712,5108,255.23567952,11.10227904
1712,5109,258.30544224,10.8850176
1712,5110,261.08796144,9.36418752
1712,5111,263.68833216,9.35102016
1712,5112,266.38617792,10.4570784
1712,5113,269.39842488,10.70067456
1712,5114,272.38244736,10.95963264
1712,5115,275.0946492,7.40444544
1712,5116,276.72581688,5.4864
1712,5117,278.24981688,5.4864
1712,5118,279.7737864,5.4864
1712,5119,281.2977864,5.4864
1712,5120,282.8217864,5.4864
1712,5121,284.3457864,5.4864
1712,5122,285.8603376,5.35362912
1712,5123,287.35998408,6.14147616
1712,5124,289.3166172,7.31776032
1712,5125,291.27105576,6.29728992
1712,5126,292.84458576,5.4864
1712,5127,294.36870768,5.4864
1712,5128,295.89261624,5.4864
1712,5129,297.41731728,5.47871904
1712,5130,299.19585576,8.85175776
1712,5131,301.97118168,8.16266592
1712,5132,303.6649248,5.4864
1712,5133,305.18700456,5.43592512
1712,5134,307.29192288,10.93220064
1712,5135,310.56888864,11.17689408
1712,5136,313.6017096,10.9728
1712,5137,316.6497096,10.9728
1712,5138,319.69764864,10.9728
1712,5139,322.785486,11.50059168
1712,5140,326.0745828,11.9384064
1712,5141,329.39098968,11.9384064
1712,5142,332.68222008,11.45450592
1712,5143,335.21519952,6.3587376
1712,5144,336.7594992,5.4864
1712,5145,338.28356016,5.49078912
1712,5146,339.87050136,6.86238912
1712,5147,342.16991256,8.73325152
1712,5148,344.5437864,8.20326528
1712,5149,346.96551384,9.44977536
1712,5150,349.581978,9.3597984
1712,5151,352.18189152,9.3597984
1712,5152,354.78387768,9.46842912
1712,5153,357.54564,10.55802816
1712,5154,360.52624872,10.71932832
1712,5155,363.54605472,10.9728
1712,5156,366.59411568,10.9728
1712,5157,369.64214616,10.9728
1712,5158,372.69020712,10.9728
1712,5159,375.7382376,10.9728
1712,5160,378.75715968,11.35465344
1712,5161,382.18061232,12.80196576
1712,5162,386.06269752,15.0930864
1712,5163,390.25058856,15.00310944
1712,5164,394.47328776,15.44202144
1712,5165,398.89660632,16.41969792
1712,5166,403.46991696,16.4592
1712,5167,408.04194744,16.4592
1712,5168,412.61266728,16.51186944
1712,5169,417.32694792,17.28325728
1712,5170,422.22413904,18.72727776
1712,5171,427.35654432,17.48296224
1712,5172,432.13148016,16.72913088
1712,5173,436.79949216,17.00345088
1712,5174,441.42093072,16.42518432
1712,5175,445.996314,16.87287456
1712,5176,450.9087756,18.0996336
1712,5177,455.79209832,16.7938704
1712,5178,460.80416856,19.46135808
1712,5179,466.24573248,20.74846752
1712,5180,472.64034504,24.33876768
1712,5181,479.372676,23.9810544
1712,5182,486.08232984,24.41448
1712,5183,492.38538048,20.38855968
1712,5184,497.635614666667,20.189952
1723,5042,23.8988938666667,28.8206688
1723,5043,31.01791104,24.23123424
1723,5044,37.65901536,24.11382528
1723,5045,43.7331612,20.67494976
1723,5046,49.67529816,21.67128
1723,5047,55.69506768,21.67128
1723,5048,61.71520296,21.67896096
1723,5049,67.38073392,18.48697344
1723,5050,72.48643872,18.88748064
1723,5051,77.7505176,19.0487808
1723,5052,83.02410624,18.8841888
1723,5053,88.27011048,18.88638336
1723,5054,93.29702448,16.0970976
1723,5055,97.3273644,14.12748
1723,5056,101.2513596,14.10333984
1723,5057,105.16151688,14.10114528
1723,5058,109.04549184,13.60188288
1723,5059,112.72976184,13.16736
1723,5060,116.40436968,13.37145408
1723,5061,120.1015632,13.16736
1723,5062,123.72027072,12.65493024
1723,5063,127.10580624,11.5598448
1723,5064,130.34290416,12.3498864
1723,5065,133.90821072,12.73832352
1723,5066,137.32383,12.234672
1723,5067,140.72235,12.234672
1723,5068,144.11943744,12.19297536
1723,5069,147.50405856,12.22150464
1723,5070,150.90267,12.234672
1723,5071,154.30122048,12.23357472
1723,5072,157.77853128,13.27599072
1723,5073,161.64970464,14.08578336
1723,5074,165.5518152,14.08688064
1723,5075,169.47556656,14.12857728
1723,5076,173.43305928,14.94714816
1723,5077,177.87789672,16.47346464
1723,5078,182.45203032,16.46578368
1723,5079,186.93515064,15.93470016
1723,5080,191.45210376,16.45810272
1723,5081,196.16025792,17.97234912
1723,5082,201.07506648,16.78180032
1723,5083,205.13518536,11.51375904
1723,5084,207.98732088,10.0620576
1723,5085,210.78099576,10.06315488
1723,5086,213.23262408,5.72012064
1723,5087,214.0697268,2.17371168
1723,5088,214.67411472,2.1726144
1723,5089,215.27643,2.11555584
1723,5090,215.86121928,2.15505792
1723,5091,216.4656072,2.1726144
1723,5092,217.06999512,2.1726144
1723,5093,217.67438304,2.1726144
1723,5094,218.27877096,2.1726144
1723,5095,218.8831284,2.1726144
1723,5096,219.4875468,2.17371168
1723,5097,220.09187376,2.1726144
1723,5098,220.69632264,2.17151712
1723,5099,221.47322736,4.44837312
1723,5100,223.09519008,6.16890816
1723,5101,224.89094976,7.187184
1723,5102,227.04128328,7.900416
1723,5103,229.2358128,7.900416
1723,5104,231.43031184,7.900416
1723,5105,233.6247804,7.900416
1723,5106,235.87880688,8.6849712
1723,5107,238.42986096,9.32688
1723,5108,241.00212912,9.22922208
1723,5109,243.65352336,10.23323328
1723,5110,246.65568144,10.97499456
1723,5111,249.32676576,6.1776864
1723,5112,250.82171832,6.42347712
1723,5113,252.52676952,6.98089536
1723,5114,255.01113336,10.54815264
1723,5115,258.2291508,12.18200256
1723,5116,261.63943608,12.2785632
1723,5117,265.03893144,11.94169824
1723,5118,268.18745448,10.92561696
1723,5119,270.72079968,6.77241216
1723,5120,272.4849516,6.44432544
1723,5121,274.36483608,7.36933248
1723,5122,276.32259696,6.4904112
1723,5123,278.2897152,8.03318688
1723,5124,280.32513912,6.364224
1723,5125,282.11288256,6.31594368
1723,5126,283.73286408,5.47762176
1723,5127,285.33291168,6.03833184
1723,5128,286.93771416,5.76510912
1723,5129,288.63514536,6.18097824
1723,5130,290.49811344,7.31117664
1723,5131,292.67786016,8.18680608
1723,5132,294.80612616,7.8565248
1723,5133,297.27226296,8.87589792
1723,5134,299.56435896,7.78190976
1723,5135,301.37807136,5.5248048
1723,5136,302.89938912,5.65977024
1723,5137,305.00506944,9.9742752
1723,5138,308.00536824,10.9728
1723,5139,311.02849656,10.82247264
1723,5140,314.0595192,10.9728
1723,5141,317.10788496,10.9728
1723,5142,320.15667744,10.97499456
1723,5143,323.04743112,9.32468544
1723,5144,325.44322008,8.44137504
1723,5145,327.78838176,8.44027776
1723,5146,330.1328424,8.3173824
1723,5147,332.22947016,7.2475344
1723,5148,334.60727592,9.78444576
1723,5149,336.6938148,4.24866816
1723,5150,337.97226792,7.49881152
1723,5151,340.78898568,10.93658976
1723,5152,343.80162888,10.8685584
1723,5153,346.80086088,10.24640064
1723,5154,349.4679828,9.35870112
1723,5155,352.0679268,9.36309024
1723,5156,354.5046504,7.45162848
1723,5157,356.32451976,6.9732144
1723,5158,358.882188,10.71164736
1723,5159,362.08335,13.2606288
1723,5160,366.01767792,14.23611072
1723,5161,369.63367272,11.4281712
1723,5162,372.6884088,10.9728
1723,5163,375.73643928,10.9728
1723,5164,378.78468312,10.97060544
1723,5165,382.10547912,14.48738784
1723,5166,386.75319144,17.45114112
1723,5167,391.59170856,17.32934304
1723,5168,396.100554,16.42737888
1723,5169,401.2705716,17.40176352
1723,5170,405.23973816,15.30595872
1723,5171,410.26073904,18.900648
1723,5172,415.52768304,19.49756832
1723,5173,421.1737068,20.6398368
1723,5174,426.60591336,16.37470944
1723,5175,431.0528844,18.6318144
1723,5176,436.50191592,19.6358256
1723,5177,441.14746416,14.61686688
1723,5178,445.9280388,19.07401824
1723,5179,451.071234,16.18049088
1723,5180,454.62861576,11.79137088
1723,5181,458.23604568,14.22513792
1723,5182,462.4571904,16.90250112
1723,5183,468.52094256,25.49749536
1723,5184,475.61610744,25.48323072
1723,5185,482.65150104,24.08310144
1723,5186,488.41907904,18.0996336
1723,5187,493.25156112,15.93140832
1723,5188,497.41488528,14.74854048
1723,5189,499.6630596,11.5982496
1729,5080,181.44631224,16.20463104
1729,5081,185.8658208,15.30266688
1729,5082,190.23183696,16.46358912
1729,5083,194.8049952,16.4592
1729,5084,199.3721184,15.98517504
1729,5085,203.05117632,9.75591648
1729,5086,205.00323744,5.4864
1729,5087,206.5266888,5.4864
1729,5088,208.05062784,5.48859456
1729,5089,209.39068104,3.03288192
1729,5090,209.6624712,0.01426464
1729,5091,209.6624712,0
1729,5092,209.6624712,0
1729,5093,209.6624712,0
1729,5094,209.6624712,0
1729,5095,209.6624712,0
1729,5096,209.6624712,0
1729,5097,209.66710416,0.20628864
1729,5098,209.96577768,1.93340736
1729,5099,210.62932728,2.81781504
1729,5100,211.75346016,6.38287776
1729,5101,214.04433696,8.7892128
1729,5102,216.4869432,8.79031008
1729,5103,218.99444136,9.37845216
1729,5104,221.53056024,7.9607664
1729,5105,223.2658476,5.35033728
1729,5106,224.80313688,6.43774176
1729,5107,227.28536712,10.84441824
1729,5108,230.334312,10.9728
1729,5109,233.382312,10.9728
1729,5110,236.41729704,10.52620704
1729,5111,238.77303528,6.24571776
1729,5112,240.6240552,8.33164704
1729,5113,243.29111616,10.46695392
1729,5114,246.310404,10.9728
1729,5115,249.358404,10.9728
1729,5116,252.38607384,10.1004624
1729,5117,254.52890928,6.37629408
1729,5118,256.4082756,6.83385984
1729,5119,258.3315636,7.0116192
1729,5120,260.2792356,7.0116192
1729,5121,262.2269076,7.0116192
1729,5122,264.17500632,7.00284096
1729,5123,266.02483752,7.11915264
1729,5124,268.6479768,10.91135232
1729,5125,271.6296828,10.71384192
1729,5126,274.11520488,6.3587376
1729,5127,275.65953504,5.4864
1729,5128,277.18356552,5.4864
1729,5129,278.707596,5.4864
1729,5130,280.23153504,5.4864
1729,5131,281.75556552,5.4864
1729,5132,283.27953504,5.4864
1729,5133,284.80365696,5.48749728
1729,5134,286.30760112,5.82436224
1729,5135,288.6556584,11.08581984
1729,5136,292.24486128,13.41095616
1729,5137,295.51237824,10.97170272
1729,5138,298.56171936,10.93220064
1729,5139,301.43570904,9.64289664
1729,5140,304.2032016,10.69848
1729,5141,307.24730016,10.9728
1729,5142,310.28307768,10.82576448
1729,5143,313.302396,10.9728
1729,5144,316.350396,10.9728
1729,5145,319.39955424,10.94097888
1729,5146,322.10980536,8.52696288
1729,5147,324.26745408,7.077456
1729,5148,326.2295736,7.0664832
1729,5149,328.19272944,7.0664832
1729,5150,330.15588528,7.0664832
1729,5151,332.09273688,6.51564864
1729,5152,333.70857312,5.48310816
1729,5153,335.56898088,9.04926816
1729,5154,338.5224624,11.37220992
1729,5155,341.4759363,11.6339112
1735,5044,23.2357422,27.109674
1735,5045,29.79596784,23.83401888
1735,5046,35.70357096,20.23713504
1735,5047,41.58947232,21.3091776
1735,5048,47.01125472,18.12267648
1735,5049,52.21144752,20.9525616
1735,5050,58.64729952,23.893272
1735,5051,65.0470632,21.60654048
1735,5052,70.86575616,20.78358048
1735,5053,76.09402104,17.15268096
1735,5054,80.99752152,17.90431776
1735,5055,85.63484016,14.7474432
1735,5056,89.47961784,13.71161088
1735,5057,93.52385664,16.02906624
1735,5058,98.19930576,16.98699168
1735,5059,102.3559548,12.46729536
1735,5060,106.02678312,14.5060416
1735,5061,110.06422488,14.40838368
1735,5062,113.9569476,13.7214864
1735,5063,117.8016948,13.70283264
1735,5064,121.38535032,12.35317824
1735,5065,124.82410392,12.8601216
1735,5066,128.70006264,14.91532704
1735,5067,133.0586112,15.18745248
1735,5068,136.53903096,10.90476864
1735,5069,139.58584224,10.9728
1735,5070,142.63384224,10.97938368
1735,5071,145.43007744,7.89712416
1735,5072,147.22733064,6.4684656
1735,5073,149.36772768,9.1513152
1735,5074,152.2608588,11.32063776
1735,5075,155.41124112,11.3349024
1735,5076,158.57485176,12.01192416
1735,5077,162.47827296,15.52431744
1735,5078,166.77427656,14.54554368
1735,5079,170.1811176,10.90257408
1735,5080,173.61551256,14.17576032
1735,5081,177.58065576,13.81804704
1735,5082,181.559454,15.63624
1735,5083,186.11075808,16.4811456
1735,5084,190.69022568,16.46578368
1735,5085,195.24183456,15.58466784
1735,5086,198.84258936,10.7149392
1735,5087,201.19326792,6.0569856
1735,5088,202.71754224,5.45128704
1735,5089,204.0587232,3.47179392
1735,5090,205.04158128,3.89205216
1735,5091,205.5491952,0.05925312
1735,5092,205.5491952,0
1735,5093,205.5491952,0
1735,5094,205.5491952,0
1735,5095,205.5491952,0
1735,5096,205.5491952,0
1735,5097,205.5491952,0
1735,5098,205.5491952,0
1735,5099,205.55465112,0.39282624
1735,5100,206.3681928,5.00688864
1735,5101,207.74991216,5.21208
1735,5102,209.26934016,5.48530272
1735,5103,210.90212328,6.99516
1735,5104,213.27294912,9.34663104
1735,5105,215.86844304,9.3378528
1735,5106,218.45482344,8.82322848
1735,5107,220.39033392,5.52151296
1735,5108,221.912688,5.4864
1735,5109,223.41419376,5.35033728
1735,5110,224.92325856,5.48420544
1735,5111,226.61474616,7.95089088
1735,5112,229.4189976,10.97938368
1735,5113,232.37683776,9.91282752
1735,5114,235.20891744,10.93768704
1735,5115,238.25835,10.9673136
1735,5116,241.28458728,10.8795312
1735,5117,244.3273752,10.9728
1735,5118,247.37519232,10.9728
1735,5119,250.42471632,10.9234224
1735,5120,252.91737072,6.3587376
1735,5121,254.4616704,5.4864
1735,5122,255.97585584,5.31412704
1735,5123,257.52469704,6.67804608
1735,5124,259.89921096,9.70434432
1735,5125,262.60047048,9.7219008
1735,5126,265.298682,9.80090496
1735,5127,267.76076496,6.84044352
1735,5128,269.3354532,5.47103808
1735,5129,270.79730448,5.22524736
1735,5130,272.3064912,5.4864
1735,5131,273.83043024,5.4864
1735,5132,275.35446072,5.4864
1735,5133,276.87846072,5.4864
1735,5134,278.40246072,5.4864
1735,5135,279.9264912,5.48420544
1735,5136,281.68226112,8.50611456
1735,5137,284.57502648,10.94756256
1735,5138,287.59065672,10.87075296
1735,5139,290.6353344,10.9728
1735,5140,293.6833344,10.9728
1735,5141,296.7313344,10.9728
1735,5142,299.7793344,10.9728
1735,5143,302.8273344,10.9728
1735,5144,305.87539536,10.9728
1735,5145,308.92373064,10.93768704
1735,5146,311.93405736,10.8575856
1735,5147,314.70289104,7.95966912
1735,5148,316.4253768,5.47981632
1735,5149,317.9493768,5.4864
1735,5150,319.4733768,5.4864
1735,5151,320.997834,5.46006528
1735,5152,322.61397504,7.05989952
1735,5153,325.09599192,9.95013504
1735,5154,327.85778472,9.9413568
1735,5155,330.61878504,9.94794048
1735,5156,333.48512424,10.81698624
1735,5157,336.57277872,12.06678816
1735,5158,340.37278128,15.0162768
1735,5159,344.79521592,16.38568224
1735,5160,349.366332,16.4592
1735,5161,353.9384844,16.4592
1735,5162,358.50414456,16.267176
1735,5163,363.01332528,16.40214144
1735,5164,367.47325032,15.44311872
1735,5165,371.16812736,11.16592128
1735,5166,374.21481672,10.9728
1735,5167,377.26275576,10.97499456
1735,5168,380.4685812,13.28367168
1735,5169,385.1987724,20.96024256
1735,5170,391.41574752,21.67566912
1735,5171,396.90422016,18.12377376
1735,5172,401.63934912,16.45151904
1735,5173,406.31857776,17.01003456
1735,5174,411.08705184,17.60366304
1735,5175,416.17623648,19.52829216
1735,5176,421.84207224,20.3325984
1735,5177,426.95396448,16.65451584
1735,5178,431.52453192,16.46139456
1735,5179,436.02048432,15.90836544
1735,5180,440.44291896,15.59564064
1735,5181,444.51556512,14.53457088
1735,5182,448.99380864,16.87726368
1735,5183,453.4729056,16.0422336
1735,5184,458.32504728,19.52829216
1735,5185,463.9401948,20.26346976
1735,5186,470.06426688,23.7890304
1735,5187,476.74158144,24.00629184
1735,5188,483.00439848,20.76163488
1735,5189,488.7257688,19.8936864
1735,5190,493.5064044,14.36558976
1735,5191,496.96259256,12.097512
1735,5192,499.4503854,14.1110208
1741,5054,21.71797536,29.2315392
1741,5055,27.67769928,27.63938592
1741,5056,34.89780168,25.33729248
1741,5057,42.05816328,24.46605216
1741,5058,48.52550112,23.08567392
1741,5059,54.8771064,21.5670384
1741,5060,60.24719472,18.3904128
1741,5061,65.35677048,18.39260736
1741,5062,70.46515752,18.3904128
1741,5063,75.57442848,18.47051424
1741,5064,80.7249084,18.47051424
1741,5065,85.74776856,16.98808896
1741,5066,90.11911872,15.26974848
1741,5067,94.32999168,15.10844832
1741,5068,98.5576896,15.2741376
1741,5069,102.79386096,15.2192736
1741,5070,107.02744152,15.2741376
1741,5071,111.19268592,14.02982208
1741,5072,114.78216312,12.51777024
1741,5073,118.29985992,12.68894592
1741,5074,121.7846688,12.508992
1741,5075,125.25941928,12.508992
1741,5076,128.6041116,11.8396512
1741,5077,132.09093216,13.1234688
1741,5078,135.6683088,12.508992
1741,5079,139.14308976,12.508992
1741,5080,142.6180536,12.508992
1741,5081,146.10082032,12.75368544
1741,5082,149.72672112,13.16736
1741,5083,153.68131824,17.60805216
1741,5084,159.64826592,23.02751808
1741,5085,165.78321936,19.55682144
1741,5086,170.56236144,16.46139456
1741,5087,175.13439192,16.46029728
1741,5088,179.65942224,15.10296192
1741,5089,182.90761488,7.95308544
1741,5090,184.58663616,5.4864
1741,5091,186.1105752,5.4864
1741,5092,187.63817184,5.48201088
1741,5093,188.72740512,1.43633952
1741,5094,188.80994496,0.4828032
1741,5095,189.0822228,0.57826656
1741,5096,189.1012728,0
1741,5097,189.33578592,1.99046592
1741,5098,189.70947072,0.1591056
1741,5099,189.7108728,0
1741,5100,189.7108728,0
1741,5101,189.7108728,0
1741,5102,189.84129672,0.86575392
1741,5103,190.55617464,4.75561152
1741,5104,192.22727112,7.09281792
1741,5105,194.15220504,6.08112576
1741,5106,195.71915136,5.48530272
1741,5107,197.34193704,5.5851552
1741,5108,198.39956256,2.61811008
1741,5109,199.12023168,2.6005536
1741,5110,199.84175424,2.6005536
1741,5111,200.56345968,2.6005536
1741,5112,201.28516512,2.6005536
1741,5113,202.00202424,2.55885696
1741,5114,202.71690216,2.6005536
1741,5115,203.2943864,2.6005536
1743,5179,373.290084,9.7987104
1743,5180,375.17935632,14.10224256
1743,5181,379.63233192,16.67536416
1743,5182,384.58557576,18.92369088
1743,5183,389.87525784,18.99830592
1743,5184,395.11861032,18.76458528
1743,5185,400.25296632,18.33884064
1743,5186,405.15247392,16.64244576
1743,5187,409.76827368,17.00893728
1743,5188,414.45167808,16.50528576
1743,5189,419.36005536,19.75104
1743,5190,424.994832,25.0563888
1744,5052,22.8039168,30.4879248
1744,5053,29.69541432,25.47116064
1744,5054,37.29209712,30.05888832
1744,5055,45.76885944,30.5373024
1744,5056,54.24870024,30.51974592
1744,5057,62.58647376,26.4334752
1744,5058,67.54995888,17.13512448
1744,5059,74.07648888,24.33108672
1744,5060,79.7068764,17.1669456
1744,5061,84.5582256,17.5784256
1744,5062,89.4638292,18.25435008
1744,5063,94.85869776,20.13947712
1744,5064,100.42431528,18.77555808
1744,5065,104.61662592,11.84842944
1744,5066,107.60162376,10.87294752
1744,5067,111.01809648,12.86121888
1744,5068,114.52652736,12.563856
1744,5069,117.87908352,11.6476272
1744,5070,121.1928996,12.44096064
1744,5071,124.69706328,12.59238528
1744,5072,127.99896168,11.1428784
1744,5073,131.19286944,12.31038432
1744,5074,134.67133848,12.20065632
1744,5075,138.02221824,12.1468896
1744,5076,141.68573136,14.33925504
1744,5077,145.71393768,14.21087328
1744,5078,148.9636848,9.45087264
1744,5079,151.76248032,10.84002912
1744,5080,154.81590576,11.44133856
1744,5081,158.6957964,16.26607872
1744,5082,163.25752464,16.37470944
1744,5083,167.81782032,16.4592
1744,5084,172.38975936,16.4592
1744,5085,176.963832,16.28802432
1744,5086,181.27717872,15.54736032
1744,5087,185.80504368,16.47346464
1744,5088,190.22906328,14.01007104
1744,5089,193.28733504,8.16595776
1744,5090,194.9403264,4.0215312
1744,5091,195.7023264,2.3810976
1744,5092,196.36273656,2.3810976
1744,5093,196.92631176,1.07972352
1744,5094,196.9971168,0
1744,5095,196.9971168,0
1744,5096,196.9971168,0
1744,5097,196.9971168,0
1744,5098,196.9971168,0
1744,5099,196.99830552,0.02414016
1744,5100,197.0230248,0.05157216
1744,5101,197.2164204,2.38768128
1744,5102,198.56229528,6.34886208
1744,5103,200.35970088,6.473952
1744,5104,202.14985224,6.4245744
1744,5105,203.94268584,6.473952
1744,5106,205.73966472,6.57490176
1744,5107,207.94922088,9.47940192
1744,5108,210.6539856,9.7438464
1744,5109,213.36012192,9.72628992
1744,5110,216.05040864,9.69337152
1744,5111,218.75477712,9.7438464
1744,5112,221.46228504,9.56060064
1744,5113,223.56497832,5.58296064
1744,5114,225.0760548,5.4809136
1744,5115,226.85538576,8.23618368
1744,5116,229.45106256,9.14692608
1744,5117,231.61678848,6.85470816
1744,5118,233.5104804,6.51016224
1744,5119,235.33998144,9.74055456
1744,5120,240.1357656,17.58062016
1744,5121,243.2340576,8.64985824
1744,5122,245.16612384,5.7497472
1744,5123,246.82908216,5.7223152
1744,5124,247.99314384,4.83242112
1744,5125,250.37960592,10.35612864
1744,5126,253.01893008,8.77385088
1744,5127,255.39905232,8.44137504
1744,5128,257.7362892,8.53793568
1744,5129,260.12019096,8.5807296
1744,5130,262.50354408,8.5807296
1744,5131,264.50525712,3.75489216
1744,5132,265.37439432,5.64440832
1744,5133,267.35022984,7.31227392
1744,5134,269.38038072,7.17730848
1744,5135,271.11146184,5.36899104
1744,5136,272.6134248,5.4864
1744,5137,274.1374248,5.4864
1744,5138,275.6614248,5.4864
1744,5139,277.34114712,7.95308544
1744,5140,280.1572248,10.97718912
1744,5141,283.084524,9.87332544
1744,5142,285.66087648,9.19301184
1744,5143,288.50359368,10.9782864
1744,5144,291.55174608,10.9728
1744,5145,294.59980704,10.9728
1744,5146,297.647868,10.9728
1744,5147,300.695868,10.9728
1744,5148,303.74392896,10.97499456
1744,5149,306.6754344,9.25116768
1744,5150,308.89425648,7.61402592
1744,5151,310.98234984,7.45272576
1744,5152,313.05983616,7.07416416
1744,5153,314.86745256,7.16853024
1744,5154,317.32792008,9.20837376
1744,5155,320.0044908,10.7752896
1744,5156,323.037708,10.79394336
1744,5157,326.01328752,10.69848
1744,5158,328.98456936,10.69848
1744,5159,331.96715928,10.84771008
1744,5160,335.00753928,10.9728
1744,5161,338.05956264,11.28991392
1744,5162,341.78988792,15.72292512
1744,5163,346.34100912,16.8761664
1744,5164,351.17495424,17.65633248
1744,5165,356.08113696,17.86591296
1744,5166,361.15959264,18.13694112
1744,5167,365.81742432,15.03602784
1744,5168,369.34325928,11.02327488
1744,5169,372.3895524,10.9728
1744,5170,375.4675752,11.47096512
1744,5171,378.97615848,15.115032
1744,5172,383.05925928,14.1878304
1744,5173,388.1053452,20.61459936
1744,5174,393.6775464,17.85932928
1744,5175,397.884396,14.68928736
1744,5176,402.26857824,16.73132544
1744,5177,407.28570816,19.6193664
1744,5178,413.39941704,23.79341952
1744,5179,419.98065864,22.53922848
1744,5180,425.282868,16.6676832
1744,5181,429.9949236,17.14719456
1744,5182,434.90909208,17.83518912
1744,5183,439.60103088,16.27595424
1744,5184,443.99999592,15.53858208
1744,5185,448.26420888,15.31693152
1744,5186,452.6848452,16.82569152
1744,5187,458.07297768,21.588984
1744,5188,464.09113176,21.6603072
1744,5189,470.12181312,21.74699232
1744,5190,476.14901976,21.66359904
1744,5191,482.1468132,20.766024
1744,5192,486.74286192,13.02690816
1744,5193,490.50375864,14.34035232
1744,5194,494.00362464,9.8371152
1744,5195,496.7141196,10.90806048
1744,5196,499.0493956,8.9922096
1757,5061,25.80668448,25.3032768
1757,5062,30.77221176,21.9017088
1757,5063,37.13338776,26.48943648
1757,5064,44.72769312,27.4155408
1757,5065,52.33985976,27.39688704
1757,5066,59.94977088,27.40237344
1757,5067,67.48464024,24.73927488
1757,5068,71.11163832,7.0994016
1757,5069,76.63729656,29.54097216
1757,5070,83.16553344,16.18488
1757,5071,87.67568952,17.41932
1757,5072,92.74640328,18.81176832
1757,5073,98.04724104,19.09157472
1757,5074,102.92678424,15.8721552
1757,5075,107.26256424,15.66038016
1757,5076,111.70926096,16.39116864
1757,5077,116.29747632,16.6896288
1757,5078,121.01279328,17.21522592
1757,5079,125.79129528,16.2507168
1757,5080,128.96517768,7.75118592
1757,5081,131.40272424,10.479024
1757,5082,134.5589892,10.99035648
1757,5083,137.28384024,9.4585536
1757,5084,140.13490896,10.4186736
1757,5085,143.09128608,10.9782864
1757,5086,146.12867904,10.91464416
1757,5087,149.26190112,11.9768112
1757,5088,152.81724072,14.0396976
1757,5089,156.94450704,14.90435424
1757,5090,161.16653568,15.19074432
1757,5091,165.01161816,12.38719392
1757,5092,168.1986984,10.97060544
1757,5093,171.35395752,11.52144
1757,5094,174.44581824,11.00791296
1757,5095,177.76472448,12.1852944
1757,5096,179.95471248,2.62688832
1757,5097,180.1011384,0
1757,5098,180.1011384,0
1757,5099,180.1011384,0
1757,5100,180.1011384,0
1757,5101,180.1011384,0
1757,5102,180.1011384,0
1757,5103,180.1011384,0
1757,5104,180.1011384,0
1757,5105,180.56492208,4.58004672
1757,5106,182.34410064,7.13122272
1757,5107,184.49446464,7.81812
1757,5108,186.59709696,7.5492864
1757,5109,188.78348832,8.2515456
1757,5110,191.06010048,7.9936848
1757,5111,193.2765756,7.88285952
1757,5112,195.11064864,5.52151296
1757,5113,196.6319664,5.68171584
1757,5114,198.61737264,7.2914256
1757,5115,199.62245064,0.82625184
1757,5116,199.76707824,0.16239744
1757,5117,199.7692728,0
1757,5118,199.7692728,0
1757,5119,199.7692728,0
1757,5120,199.7692728,0
1757,5121,199.7692728,0
1757,5122,199.7692728,0
1757,5123,199.7692728,0
1757,5124,199.7692728,0
1757,5125,200.1900492,4.6250352
1757,5126,202.0924584,7.35835968
1757,5127,204.14312232,7.40664
1757,5128,206.20043088,7.40005632
1757,5129,208.83560976,13.61505024
1757,5130,213.363048,16.9474896
1757,5131,218.06571576,16.86190176
1757,5132,222.73692816,16.8048432
1757,5133,227.36598672,16.46358912
1757,5134,231.9278064,16.4592
1757,5135,236.50029408,16.46139456
1757,5136,240.72253608,13.10262048
1757,5137,244.54939152,15.29279136
1757,5138,248.50660992,13.33853568
1757,5139,252.27722976,13.1728464
1757,5140,255.4957044,10.53827712
1757,5141,259.06890528,15.53638752
1757,5142,263.49603384,15.95335392
1757,5143,267.92563128,15.63294816
1757,5144,271.61279688,11.1319056
1757,5145,275.08541376,14.08468608
1757,5146,278.72688984,12.06788544
1757,5147,281.97304032,11.10666816
1757,5148,285.11150496,11.93621184
1757,5149,288.3566496,10.98157824
1757,5150,291.38687976,10.97389728
1757,5151,294.43484928,10.9728
1757,5152,297.4829712,10.9728
1757,5153,300.5309712,10.9728
1757,5154,303.5789712,10.9728
1757,5155,306.6269712,10.9728
1757,5156,309.6710088,10.85648832
1757,5157,312.68036016,10.93658976
1757,5158,315.728604,10.9728
1757,5159,318.776604,10.9728
1757,5160,321.83225448,11.20432608
1757,5161,325.06898664,11.9274336
1757,5162,328.38149208,11.9274336
1757,5163,331.69079712,11.77710624
1757,5164,334.83413856,10.9782864
1757,5165,338.01000216,12.399264
1757,5166,342.0567708,16.26827328
1757,5167,346.60018056,16.35276384
1757,5168,351.11612784,16.2177984
1757,5169,355.62271776,16.25730048
1757,5170,360.13784208,16.21560384
1757,5171,364.67576544,16.4592
1757,5172,369.2478264,16.4592
1757,5173,373.8198264,16.4592
1757,5174,378.43669296,17.0133264
1757,5175,383.219706,17.32824576
1757,5176,388.09229976,17.58281472
1757,5177,392.95849272,17.41273632
1757,5178,397.50540768,14.88350592
1757,5179,401.56369776,15.45079968
1757,5180,406.204674,17.10878976
1757,5181,410.45437848,14.02433568
1757,5182,415.01836224,19.7455536
1757,5183,420.90069744,21.4079328
1757,5184,426.84804648,21.41451648
1757,5185,432.57255624,18.67899744
1757,5186,437.40470304,16.97931072
1757,5187,441.91973592,17.1834048
1757,5188,447.37407096,20.6947008
1757,5189,453.12217224,20.6947008
1757,5190,458.87036496,20.6947008
1757,5191,464.5270872,18.7305696
1757,5192,469.40199744,18.28178208
1757,5193,474.65095824,18.9061344
1757,5194,479.86907328,17.81872992
1757,5195,484.42376064,16.82239968
1757,5196,488.62353888,12.82939776
1757,5197,492.30905856,13.935456
1757,5198,495.60699456,9.27859968
1757,5199,498.40115712,10.35612864
1757,5200,499.8073824,8.613648
1764,5062,22.5759264,22.5929952
1764,5063,26.25467952,23.52787776
1764,5064,31.77515616,12.05252352
1764,5065,35.58317496,21.4079328
1764,5066,42.62768208,26.29521792
1764,5067,49.34964984,22.29234048
1764,5068,55.51834464,22.13323488
1764,5069,61.59377064,21.67896096
1764,5070,67.56413208,20.48292576
1764,5071,73.1868996,21.25211904
1764,5072,79.25321208,22.41523584
1764,5073,85.79641464,22.02570144
1764,5074,90.10820688,12.3498864
1764,5075,94.21575264,16.24303584
1764,5076,98.7701352,16.42518432
1764,5077,103.19717232,15.40142208
1764,5078,107.4583068,15.3180288
1764,5079,111.55295952,14.10224256
1764,5080,115.4449812,13.90144032
1764,5081,118.88315568,10.99803744
1764,5082,121.95654552,11.1044736
1764,5083,125.04227976,11.1044736
1764,5084,128.02374192,9.72519264
1764,5085,130.05218592,5.4809136
1764,5086,131.57487528,5.77608192
1764,5087,133.53330672,8.805672
1764,5088,136.43329584,12.35098368
1764,5089,140.36225928,14.44130208
1764,5090,144.45566232,15.67903392
1764,5091,148.86776424,15.90836544
1764,5092,153.037794,13.81256064
1764,5093,156.50318712,11.56642848
1764,5094,159.68801184,11.10996
1764,5095,162.72927576,10.89818496
1764,5096,165.70775088,9.38393856
1764,5097,166.98602112,0.50804064
1764,5098,166.99985904,0.2084832
1764,5099,167.17926432,0.77029056
1764,5100,167.2983192,0.01426464
1764,5101,167.2983192,0
1764,5102,167.2983192,0
1764,5103,167.2983192,0
1764,5104,167.2983192,0
1764,5105,167.56428768,1.57788864
1764,5106,167.83199352,1.25309376
1764,5107,168.624504,4.48568064
1764,5108,170.61384216,9.54743328
1764,5109,173.53349088,10.96621632
1764,5110,176.74974048,12.08324736
1764,5111,179.93819232,10.98048096
1764,5112,182.84802648,9.01305792
1764,5113,184.81642488,6.07454208
1764,5114,186.37184976,4.74683328
1764,5115,187.106052,0.48170592
1764,5116,187.11937176,0.2084832
1764,5117,187.2567756,0.29407104
1764,5118,187.32483744,0.41806368
1764,5119,187.40149464,0.16020288
1764,5120,187.48802736,0.3621024
1764,5121,187.5896172,0.3621024
1764,5122,187.69123752,0.36429696
1764,5123,187.79279688,0.36429696
1764,5124,187.89520968,0.38514528
1764,5125,188.12569944,1.98278496
1764,5126,188.95890072,3.28964544
1764,5127,190.27313736,8.3228688
1764,5128,193.45454832,12.4321824
1764,5129,196.90893816,12.43437696
1764,5130,200.23671408,11.20652064
1764,5131,203.60204136,13.6556496
1764,5132,207.69501768,15.78217824
1764,5133,212.1664032,16.1190432
1764,5134,216.63809352,16.0422336
1764,5135,221.10003024,16.04662272
1764,5136,225.46714368,15.39922752
1764,5137,229.51504008,13.51190592
1764,5138,233.17904088,13.17723552
1764,5139,237.00239112,14.55651648
1764,5140,241.09503216,14.67721728
1764,5141,244.83904296,12.39268032
1764,5142,248.29276224,13.57554816
1764,5143,252.63171216,16.46139456
1764,5144,257.1631128,15.99505056
1764,5145,261.4188828,14.83303104
1764,5146,265.54444224,14.83632288
1764,5147,269.44332192,12.783312
1764,5148,272.85058968,12.63847104
1764,5149,276.32683368,11.52144
1764,5150,279.38864112,10.9728
1764,5151,282.43658016,10.9728
1764,5152,285.481776,10.87733664
1764,5153,288.49704048,10.94207616
1764,5154,291.5456196,10.9728
1764,5155,294.59371104,10.9728
1764,5156,297.64171104,10.9728
1764,5157,300.689772,10.9728
1764,5158,303.737772,10.9728
1764,5159,306.785772,10.9728
1764,5160,309.82596912,10.83234816
1764,5161,312.84038016,10.96402176
1764,5162,315.888624,10.9728
1764,5163,318.936624,10.9728
1764,5164,322.0231812,12.0865392
1764,5165,325.96671408,15.46835616
1764,5166,330.26302248,15.46177248
1764,5167,334.5618912,15.61868352
1764,5168,339.03388632,16.45261632
1764,5169,343.5795516,16.31984544
1764,5170,348.12143736,16.27924608
1764,5171,352.62942936,16.21889568
1764,5172,357.14232864,16.31545632
1764,5173,361.65242376,16.24084128
1764,5174,366.2120184,16.4592
1764,5175,370.7840184,16.4592
1764,5176,375.3560184,16.4592
1764,5177,379.93667472,16.89372288
1764,5178,385.00534632,19.30334976
1764,5179,390.37089312,19.00708416
1764,5180,395.41816776,17.56855008
1764,5181,400.29524208,17.529048
1764,5182,405.2600988,18.82054656
1764,5183,410.6817288,19.641312
1764,5184,416.14725,19.7016624
1764,5185,421.41422448,17.50929696
1764,5186,425.60101824,12.34878912
1764,5187,428.8752408,14.68819008
1764,5188,434.25029736,21.54399552
1764,5189,440.22687672,21.4957152
1764,5190,446.20607736,21.5396064
1764,5191,452.04174768,18.75470976
1764,5192,455.9010948,9.85467168
1764,5193,458.58635232,10.73469024
1764,5194,462.48087336,18.74483424
1764,5195,468.24073992,19.33956
1764,5196,471.7479516,13.21344576
1764,5197,478.3118196,27.80836704
1764,5198,484.85276664,16.23864672
1764,5199,487.9957728,8.23947552
1764,5200,489.6843648,5.3876448
1764,5201,491.25310944,5.6619648
1764,5202,492.82560312,5.66415936
1764,5203,494.25749256,3.64955328
1764,5204,494.88861144,2.70369792
1764,5205,496.02438768,4.38912
1764,5206,497.24288664,4.38912
1764,5207,498.46141608,4.38802272
1764,5208,499.53607992,2.41511328
1773,5065,23.4630468,25.10028
1773,5066,30.34677192,23.55421248
1773,5067,36.80746512,22.86950976
1773,5068,42.78285576,20.5136496
1773,5069,48.47658072,20.77260768
1773,5070,54.29792544,20.04511104
1773,5071,59.59873272,18.81067104
1773,5072,64.82769864,20.20311936
1773,5073,70.89138984,21.97742112
1773,5074,76.42399752,18.65705184
1773,5075,81.8049672,19.51622208
1773,5076,87.20331048,19.37138112
1773,5077,92.54163864,18.12048192
1773,5078,96.80134056,13.08945312
1773,5079,100.40822184,13.27269888
1773,5080,104.07234456,12.9808224
1773,5081,107.3914032,11.00901024
1773,5082,110.438184,10.9728
1773,5083,113.45695368,10.46475936
1773,5084,116.36252064,10.61508672
1773,5085,119.05448376,8.3722464
1773,5086,121.38260712,8.6026752
1773,5087,123.49075632,7.67657088
1773,5088,126.29330088,12.12823584
1773,5089,130.16791848,15.65489376
1773,5090,134.61299976,15.82058304
1773,5091,139.05122304,16.4207952
1773,5092,143.53422144,15.33887712
1773,5093,147.3119736,11.7628416
1773,5094,150.391368,10.9728
1773,5095,153.439368,10.9728
1773,5096,156.43771608,9.60888096
1773,5097,158.08037472,2.19565728
1773,5098,158.81792976,2.82330144
1773,5099,159.0915792,0
1773,5100,159.0915792,0
1773,5101,159.0915792,0
1773,5102,159.0915792,0
1773,5103,159.0915792,0
1773,5104,159.0915792,0
1773,5105,159.0915792,0
1773,5106,159.09529776,0.20409408
1773,5107,159.65250264,4.581144
1773,5108,161.8256352,10.4625648
1773,5109,164.84760528,10.93329792
1773,5110,167.78770608,10.42416
1773,5111,170.60789856,9.67910688
1773,5112,172.9485492,7.05660768
1773,5113,174.67679568,5.48310816
1773,5114,176.20024704,5.4864
1773,5115,177.7194312,5.02115328
1773,5116,178.42190376,0.20958048
1773,5117,178.4235192,0
1773,5118,178.4258052,0.13277088
1773,5119,178.61633568,1.10386368
1773,5120,178.9224768,1.09728
1773,5121,179.23450056,1.30905504
1773,5122,179.70898272,1.94657472
1773,5123,180.2498808,1.94328288
1773,5124,180.77636184,1.46047968
1773,5125,180.932328,0
1773,5126,180.932328,0
1773,5127,181.00157856,1.55045664
1773,5128,182.19721752,6.86458368
1773,5129,184.81386456,10.97499456
1773,5130,187.86649752,11.00132928
1773,5131,190.91867328,10.9728
1773,5132,193.96499688,11.0221776
1773,5133,197.56834248,15.59344608
1773,5134,201.99251448,15.34655808
1773,5135,206.30717184,15.5923488
1773,5136,210.46766136,14.34364416
1773,5137,214.28454984,13.46252832
1773,5138,218.0449284,14.14613376
1773,5139,222.36004296,16.18597728
1773,5140,226.67415168,14.6267424
1773,5141,230.53042032,13.5843264
1773,5142,234.31155576,13.70612448
1773,5143,238.1490792,13.83231168
1773,5144,241.97163696,13.77196128
1773,5145,245.81684136,13.84986816
1773,5146,249.56572896,12.38170752
1773,5147,252.9366036,13.99909824
1773,5148,257.00443392,12.8326896
1773,5149,260.18849664,11.19664512
1773,5150,263.2988892,11.19554784
1773,5151,266.37313248,10.93329792
1773,5152,269.39985744,10.70506368
1773,5153,272.38397136,10.95743808
1773,5154,275.43239808,10.9728
1773,5155,278.48176968,10.93110336
1773,5156,281.3535648,9.14473152
1773,5157,283.83582552,10.09278144
1773,5158,286.83396024,10.84880736
1773,5159,289.8748584,10.9728
1773,5160,292.92291936,10.9728
1773,5161,295.97098032,10.9728
1773,5162,299.01904128,10.9728
1773,5163,302.06768136,10.96950816
1773,5164,305.20763952,12.61981728
1773,5165,309.08368968,14.237208
1773,5166,313.0244184,14.26902912
1773,5167,316.95713088,13.98812544
1773,5168,321.15428784,16.6676832
1773,5169,326.1172548,18.65046816
1773,5170,331.30171992,18.48697344
1773,5171,336.15136224,16.52723136
1773,5172,340.7186988,16.34618016
1773,5173,345.26223048,16.83337248
1773,5174,350.2988676,19.06633728
1773,5175,355.59860808,19.15631424
1773,5176,361.45857096,24.25866624
1781,5066,16.4850741333333,23.0331264
1781,5067,22.2796608,20.57070816
1781,5068,27.8555196,20.03194368
1781,5069,33.52409856,20.91854592
1781,5070,39.3845796,21.10398624
1781,5071,44.95062384,18.5934096
1781,5072,49.99168056,18.10073088
1781,5073,54.96574224,17.64316512
1781,5074,59.84607792,17.41493088
1781,5075,64.55319576,17.68925088
1781,5076,69.8638176,19.3834512
1781,5077,75.42147984,22.27588128
1781,5078,82.13601048,24.21806688
1781,5079,87.60838968,13.89595392
1781,5080,90.87575424,11.19335328
1781,5081,94.51829712,15.307056
1781,5082,98.84002584,15.1644096
1781,5083,102.64423464,12.5803152
1781,5084,106.137456,12.61872
1781,5085,109.6391508,12.44644704
1781,5086,112.94985792,11.52802368
1781,5087,116.119656,10.40660352
1781,5088,118.19897112,5.7168288
1781,5089,120.18928464,9.64289664
1781,5090,123.72277008,14.77706976
1781,5091,127.88990424,15.16331232
1781,5092,132.40533336,17.01222912
1781,5093,136.93548432,16.04772
1781,5094,141.32064192,15.04809792
1781,5095,145.22701968,12.8820672
1781,5096,148.55823984,11.24053632
1781,5097,151.5904512,10.09936512
1781,5098,153.65580648,4.99591584
1781,5099,154.47977232,0.84600288
1781,5100,154.5174456,0
1781,5101,154.5174456,0
1781,5102,154.5174456,0
1781,5103,154.5174456,0
1781,5104,154.5174456,0
1781,5105,154.53152736,0.47621952
1781,5106,155.01500112,2.55885696
1781,5107,155.72655672,2.55775968
1781,5108,156.48745944,3.9282624
1781,5109,158.29126584,8.04525696
1781,5110,160.52709576,8.0430624
1781,5111,162.75768312,7.96296096
1781,5112,164.9734572,8.03977056
1781,5113,167.20876896,8.04415968
1781,5114,169.40092104,6.93261504
1781,5115,170.82558672,3.87449568
1781,5116,171.7858896,3.29184
1781,5117,172.57757712,1.63823904
1781,5118,172.79346696,0.33796224
1781,5119,172.8087984,0
1781,5120,172.8087984,0
1781,5121,172.80949944,0.11960352
1781,5122,173.24700936,2.9791152
1781,5123,174.09715752,2.42718336
1781,5124,174.3626688,0
1781,5125,174.3626688,0
1781,5126,174.3626688,0
1781,5127,174.3626688,0
1781,5128,174.3626688,0
1781,5129,174.99415344,4.82583744
1781,5130,176.50806456,5.88251808
1781,5131,178.77803208,10.27712448
1781,5132,181.68180072,10.48560768
1781,5133,185.08044264,14.58943488
1781,5134,189.33941304,15.32241792
1781,5135,193.16803632,11.97790848
1781,5136,196.94261856,15.99175872
1781,5137,201.39617328,14.85387936
1781,5138,204.98659536,11.70358848
1781,5139,208.2232056,12.02948064
1781,5140,211.97837208,14.68599552
1781,5141,216.05638272,14.68599552
1781,5142,220.14509184,14.61906144
1781,5143,224.0778348,13.84877088
1781,5144,227.95851792,14.33267136
1781,5145,232.2333684,16.17061536
1781,5146,236.71313592,15.6581856
1781,5147,240.51201072,11.5543584
1781,5148,243.582444,11.5708176
1781,5149,247.17585312,13.84108992
1781,5150,251.0229168,13.880592
1781,5151,254.92780104,14.10663168
1781,5152,258.84173784,14.07042144
1781,5153,262.51896696,12.50789472
1781,5154,266.00167272,12.563856
1781,5155,269.47441152,12.0261888
1781,5156,272.40628272,9.3213936
1781,5157,274.8294732,8.26471296
1781,5158,277.115016,8.2296
1781,5159,279.3955296,7.7797152
1781,5160,281.35091304,7.83348192
1781,5161,284.11883232,10.97609184
1781,5162,287.14595352,10.725912
1781,5163,290.28149208,12.54520224
1781,5164,293.95945272,13.32427104
1781,5165,297.475656,11.54996928
1781,5166,300.54276696,10.9728
1781,5167,303.5908584,10.9728
1781,5168,306.66882024,12.16225152
1781,5169,310.68526128,15.77998368
1781,5170,315.0935532,16.06198464
1781,5171,319.58319624,16.58319264
1781,5172,324.60139296,19.12229856
1781,5173,329.90070672,18.43320672
1781,5174,334.20292824,18.51221088
1781,5175,339.95398608,16.98479712
1781,5176,344.49556704,16.39226592
1781,5177,349.24398528,17.77483872
1781,5178,354.21317016,17.89553952
1781,5179,359.08652592,16.73022816
1781,5180,363.62825928,16.44603264
1781,5181,368.2008384,16.4592
1781,5182,372.77262504,16.4482272
1781,5183,377.61333672,18.5111136
1781,5184,382.43807688,16.62598656
1781,5185,387.2360556,17.42919552
1781,5186,392.0648496,17.3150784
1781,5187,396.67863768,15.97529952
1781,5188,401.18525808,16.67426688
1781,5189,406.57875504,22.27697856
1781,5190,412.87226544,22.70382048
1781,5191,419.11362456,21.87647136
1781,5192,424.51794192,16.9200576
1781,5193,429.23609352,18.34981344
1781,5194,434.62291536,19.31322528
1781,5195,440.11769736,22.603968
1781,5196,446.86679232,21.8523312
1781,5197,451.78870272,15.44860512
1781,5198,455.84117112,13.93874784
1781,5199,459.7843992,13.90144032
1781,5200,463.63054848,14.04079488
1781,5201,467.14352088,10.6052112
1781,5202,469.6062744,8.03428416
1781,5203,471.82418208,7.94759904
1781,5204,474.03200088,7.91468064
1781,5205,476.29757928,8.64546912
1781,5206,478.72189752,7.3956672
1781,5207,480.50528232,6.8415408
1781,5208,481.651056,1.34526528
1781,5209,482.25766896,2.4249888
1781,5210,482.66716776,0.90306144
1781,5211,483.19617864,2.9791152
1781,5212,484.07601432,2.02009248
1781,5213,484.286814,0.06364224
1781,5214,484.61490072,1.51205184
1781,5215,484.7459952,0
1781,5216,484.78982544,0.92610432
1781,5217,485.31682464,1.82038752
1781,5218,485.74153296,0.89099136
1781,5219,485.84598792,0.45756576
1781,5220,486.02969088,1.1850624
1781,5221,486.65486616,2.30209344
1781,5222,487.03553088,1.01608128
1781,5223,487.68850392,3.80097792
1781,5224,488.97607056,5.89897728
1781,5225,490.83035184,6.21499392
1781,5226,492.51394512,6.58697184
1781,5227,494.18501112,5.34485088
1781,5228,495.75777912,5.44580064
1781,5229,496.91507424,3.55847904
1781,5230,497.9282904,3.43229184
1781,5231,499.11835152,5.02115328
1781,5232,499.8189648,3.9721536
1796,5070,22.3122744,21.67128
1796,5071,26.82718536,21.67128
1796,5072,32.75984304,20.28431808
1796,5073,38.06211336,18.65266272
1796,5074,43.32085824,19.90246464
1796,5075,49.15366344,21.39805728
1796,5076,55.05919392,20.77919136
1796,5077,60.67894392,20.02755456
1796,5078,66.18192504,19.04000256
1796,5079,71.2261212,17.82970272
1796,5080,76.0797564,17.43139008
1796,5081,81.37910064,20.37210048
1796,5082,86.62345896,14.97019104
1796,5083,89.57815968,9.92160576
1796,5084,93.214698,15.09747552
1796,5085,97.43248992,15.2741376
1796,5086,101.674422,15.23683008
1796,5087,105.90480216,15.2631648
1796,5088,110.09689944,13.7818368
1796,5089,113.01508512,8.52696288
1796,5090,115.6691616,11.01010752
1796,5091,119.23416336,15.37508736
1796,5092,124.11678504,18.15559488
1796,5093,128.95639944,16.65341856
1796,5094,133.32823728,14.60808864
1796,5095,137.11775472,13.17723552
1796,5096,140.5001508,11.10227904
1796,5097,143.51910336,10.46585664
1796,5098,146.08024632,7.26509088
1796,5099,147.17834928,0.8887968
1796,5100,147.2043792,0
1796,5101,147.2043792,0
1796,5102,147.2043792,0
1796,5103,147.2043792,0
1796,5104,147.2043792,0
1796,5105,147.2043792,0
1796,5106,147.2043792,0
1796,5107,147.2043792,0
1796,5108,147.2043792,0
1796,5109,147.2043792,0
1796,5110,147.2043792,0
1796,5111,147.4732128,3.12505344
1796,5112,148.99504872,6.58806912
1796,5113,150.82397064,6.58368
1796,5114,152.62731984,5.83423776
1796,5115,153.853134,3.56177088
1796,5116,155.29002216,10.11801888
1796,5117,158.19336408,6.54746976
1796,5118,159.739584,5.4864
1796,5119,161.263584,5.4864
1796,5120,162.78538944,5.4205632
1796,5121,164.28799248,5.46664896
1796,5122,165.73832232,3.82072896
1796,5123,166.1169144,0
1796,5124,166.1169144,0
1796,5125,166.1169144,0
1796,5126,166.1169144,0
1796,5127,166.1169144,0
1796,5128,166.1169144,0
1796,5129,166.1169144,0
1796,5130,166.1169144,0
1796,5131,166.1169144,0
1796,5132,166.22929416,1.18615968
1796,5133,166.97852304,3.7911024
1796,5134,168.27422784,5.44909248
1796,5135,169.71541368,5.30754336
1796,5136,171.4532004,7.16194656
1796,5137,174.19048728,13.36048128
1796,5138,178.3749036,15.19403616
1796,5139,182.53271088,15.4935936
1796,5140,187.02637728,16.48992384
1796,5141,191.604138,16.4592
1796,5142,196.22588136,17.82860544
1796,5143,201.88363992,21.89841696
1796,5144,207.9289212,21.03595488
1796,5145,213.55677888,19.45806624
1796,5146,218.73017976,18.41126112
1796,5147,223.66995144,16.1793936
1796,5148,227.78530008,14.98774752
1796,5149,232.18743504,15.91494912
1796,5150,236.65165776,16.46029728
1796,5151,241.19040408,15.94786752
1796,5152,245.61353976,16.0093152
1796,5153,249.58170048,12.10958208
1796,5154,252.70303536,10.9728
1796,5155,255.73570392,10.78845696
1796,5156,258.74788992,10.9728
1796,5157,261.78467328,10.86636384
1796,5158,264.79414656,10.8301536
1796,5159,267.80279688,10.81588896
1796,5160,270.73649688,10.49877504
1796,5161,273.7430136,10.9728
1796,5162,276.7910136,10.9728
1796,5163,279.83773344,11.01339936
1796,5164,283.01021376,11.47864608
1796,5165,286.0874136,10.9728
1796,5166,289.12928712,10.85319648
1796,5167,292.1483616,10.9673136
1796,5168,295.1969712,10.9728
1796,5169,298.2449712,10.9728
1796,5170,301.29711648,11.38098816
1796,5171,305.05392888,15.7788864
1796,5172,309.59063304,16.31435904
1796,5173,314.12816016,16.45151904
1796,5174,318.70049544,16.45481088
1796,5175,323.44479888,18.3904128
1796,5176,328.792332,19.43392608
1796,5177,334.06622544,17.79349248
1796,5178,338.7208872,16.4592
1796,5179,343.26572952,16.31874816
1796,5180,347.8261776,16.4592
1796,5181,352.39823856,16.4592
1796,5182,356.97084816,16.44712992
1796,5183,361.49060544,16.23754944
1796,5184,366.04956,16.4592
1796,5185,370.62159048,16.4592
1796,5186,375.19383432,16.45261632
1796,5187,379.92112992,18.50672448
1796,5188,385.74463872,22.58531424
1796,5189,392.01626448,22.00814496
1796,5190,397.35468408,16.6841424
1796,5191,402.07823064,17.55648
1796,5192,406.911048,17.00784
1796,5193,411.52642104,16.50089664
1796,5194,416.23225872,17.15377824
1796,5195,421.22451696,18.79421184
1796,5196,426.4901808,19.75104
1796,5197,432.11620968,20.24591328
1796,5198,437.58224904,19.04109984
1796,5199,442.89814392,19.40978592
1796,5200,448.17865152,18.29933856
1796,5201,453.01381584,16.63366752
1796,5202,457.510896,15.73718976
1796,5203,461.7587412,14.45337216
1796,5204,465.25272456,11.06497152
1796,5205,467.76839136,5.92311744
1796,5206,468.96918144,4.06432512
1796,5207,470.09496024,3.98751552
1796,5208,471.20184144,3.9831264
1796,5209,472.30884456,3.9831264
1796,5210,473.41584768,3.9831264
1796,5211,474.52282032,3.9831264
1796,5212,475.6298844,3.9831264
1796,5213,476.63255448,2.29550976
1796,5214,476.8528944,0.22933152
1796,5215,476.91711576,0.2852928
1796,5216,477.08344512,0.88001856
1796,5217,477.33472224,0.8997696
1796,5218,477.58569456,0.8997696
1796,5219,477.83672784,0.8997696
1796,5220,478.08776112,0.8997696
1796,5221,478.33873344,0.8997696
1796,5222,478.5897972,0.8997696
1796,5223,478.84076952,0.89867232
1796,5224,479.31595272,3.8295072
1796,5225,480.89475576,6.10526592
1796,5226,482.29866456,4.48677792
1796,5227,483.35848464,2.94948864
1796,5228,484.4881344,5.788152
1796,5229,486.23597952,5.46116256
1796,5230,487.26169248,1.82806848
1796,5231,487.6399188,1.91804544
1796,5232,489.85301064,14.02433568
1796,5233,492.92320008,7.89602688
1796,5234,495.02351592,6.66158688
1796,5235,496.85603448,6.3697104
1796,5236,498.5404812,5.92202016
1796,5237,499.6519344,6.912864
1805,5073,21.9610093333333,20.2192128
1805,5074,27.17392584,17.60256576
1805,5075,31.5029088,15.97529952
1805,5076,36.37059528,18.86553504
1805,5077,41.66533704,18.26751744
1805,5078,46.36017144,16.39116864
1805,5079,50.82436368,16.6621968
1805,5080,56.04759936,19.3505328
1805,5081,61.00733544,16.7554656
1805,5082,65.61941664,15.96322944
1805,5083,70.30407072,18.73495872
1805,5084,75.63676008,19.0871856
1805,5085,80.81049624,18.21265344
1805,5086,85.84810872,17.99319744
1805,5087,90.72009288,17.16036192
1805,5088,95.45141184,17.06160672
1805,5089,100.15709712,15.37947648
1805,5090,103.26849552,8.49953088
1805,5091,105.78257736,9.69227424
1805,5092,108.51894984,10.69957728
1805,5093,111.8231952,12.0316752
1805,5094,115.10357472,12.43437696
1805,5095,118.8710856,13.87291104
1805,5096,122.60333112,12.48265728
1805,5097,125.73963168,10.69848
1805,5098,128.47966176,9.3433392
1805,5099,131.31631344,10.78297056
1805,5100,134.1263256,8.62023168
1805,5101,135.68635296,2.06727552
1805,5102,135.7896192,0
1805,5103,135.83552208,0.42025824
1805,5104,135.9139776,0
1805,5105,135.9139776,0
1805,5106,135.9139776,0
1805,5107,135.9139776,0
1805,5108,135.9139776,0
1805,5109,135.9139776,0
1805,5110,135.9139776,0
1805,5111,135.99267696,1.58666688
1805,5112,137.02668048,4.76000064
1805,5113,138.34759224,4.75231968
1805,5114,139.68959616,5.20000992
1805,5115,141.2914116,6.03613728
1805,5116,142.92072,5.37228288
1805,5117,144.52058472,6.36751584
1805,5118,146.107404,7.29800928
1805,5119,148.9543884,9.24568128
1805,5120,150.74774016,5.4864
1805,5121,152.27170968,5.4864
1805,5122,153.91991568,6.75595296
1805,5123,155.41221648,3.07677312
1805,5124,155.870148,0.43671744
1805,5125,155.8893504,0
1805,5126,155.8893504,0
1805,5127,155.8893504,0
1805,5128,155.8893504,0
1805,5129,155.8893504,0
1805,5130,155.8893504,0
1805,5131,155.8893504,0
1805,5132,155.8893504,0
1805,5133,155.91410016,0.61118496
1805,5134,156.58380672,3.56616
1805,5135,157.7818536,5.35253184
1805,5136,159.33913776,6.30716544
1805,5137,161.3765124,7.40883456
1805,5138,163.4453424,9.30273984
1805,5139,166.8243552,13.60517472
1805,5140,170.61085512,13.6282176
1805,5141,174.39829992,13.97495808
1805,5142,178.82445312,17.70790464
1805,5143,183.78223848,18.16766496
1805,5144,189.36608304,21.84245568
1805,5145,195.45272568,21.22249248
1805,5146,200.59814592,16.3988496
1805,5147,205.13640456,16.3659312
1805,5148,209.95239696,19.71153792
1805,5149,215.9846328,22.30879968
1805,5150,221.7386472,16.38129312
1805,5151,225.42730632,12.58909344
1805,5152,228.6568452,11.192256
1805,5153,232.30557552,15.13258848
1805,5154,236.58600384,15.42556224
1805,5155,241.01352864,16.57770624
1805,5156,245.07319032,11.80453824
1805,5157,248.1379848,10.9728
1805,5158,251.18732592,10.79504064
1805,5159,253.77849168,7.86091392
1805,5160,255.68641776,6.117336
1805,5161,257.70559584,8.82103392
1805,5162,260.31754896,9.53646048
1805,5163,262.96708392,9.53865504
1805,5164,265.65691344,10.2101904
1805,5165,268.65248784,10.90806048
1805,5166,271.64428272,11.3074704
1805,5167,275.02064376,12.2730768
1805,5168,278.6391684,13.88717568
1805,5169,282.38448984,12.51886752
1805,5170,285.63862608,11.1867696
1805,5171,288.65678616,10.90367136
1805,5172,291.70460328,10.93220064
1805,5173,295.06737024,14.58614304
1805,5174,299.55411768,16.4646864
1805,5175,303.97258992,15.34326624
1805,5176,308.39042208,16.38458496
1805,5177,312.92020728,16.37909856
1805,5178,317.49104904,16.4592
1805,5179,322.12138776,17.6826672
1805,5180,327.46389168,19.97488512
1805,5181,332.98220424,19.09925568
1805,5182,337.82815848,16.45481088
1805,5183,342.37943208,16.31216448
1805,5184,346.92101304,16.32862368
1805,5185,351.4334856,16.2177984
1805,5186,355.94138616,16.27924608
1805,5187,360.46053384,16.21340928
1805,5188,365.04359808,17.00893728
1805,5189,369.72419832,16.46029728
1805,5190,374.41702104,17.55867456
1805,5191,379.169676,16.7774112
1805,5192,385.0486584,25.9726176
1805,5193,392.47535424,26.69353056
1805,5194,399.65717376,24.51104064
1805,5195,404.674578,20.4807312
1809,5076,20.52474432,15.1205184
1809,5077,23.73303864,16.18926912
1809,5078,28.6370268,19.91343744
1809,5079,34.73031408,22.73783616
1809,5080,40.9581096,20.9635344
1809,5081,46.1020668,16.88384736
1809,5082,50.69162328,16.57551168
1809,5083,55.39291944,17.00784
1809,5084,59.94839928,15.9434784
1809,5085,64.36184232,15.38167104
1809,5086,68.78394168,17.70241824
1809,5087,73.9214676,17.81324352
1809,5088,78.69134376,17.84396736
1809,5089,83.82478536,18.489168
1809,5090,88.96173216,18.56926944
1809,5091,94.21959312,19.27811232
1809,5092,99.5876088,18.4507632
1809,5093,103.58859648,11.06167968
1809,5094,106.6275744,10.9728
1809,5095,109.67429424,11.00791296
1809,5096,113.03273304,13.3703568
1809,5097,116.55055176,11.80563552
1809,5098,119.97074304,12.30928704
1809,5099,123.1730328,11.47425696
1809,5100,126.33268104,10.37368512
1809,5101,128.38608816,5.13636768
1809,5102,129.45401592,1.38696192
1809,5103,129.5107392,0
1809,5104,129.5107392,0
1809,5105,129.5107392,0
1809,5106,129.5107392,0
1809,5107,129.5107392,0
1809,5108,129.56685288,0.50255424
1809,5109,129.6613104,0
1809,5110,129.6613104,0
1809,5111,129.6613104,0
1809,5112,129.6613104,0
1809,5113,129.6613104,0
1809,5114,129.7522932,1.74138336
1809,5115,131.10502608,8.28556128
1809,5116,134.09563224,11.30637312
1809,5117,137.14805184,10.97499456
1809,5118,140.09104824,9.78334848
1809,5119,142.61692584,8.05622976
1809,5120,144.44752416,6.02187264
1809,5121,146.16114024,6.254496
1809,5122,148.00895976,6.86458368
1809,5123,149.69358936,4.9048416
1809,5124,150.39630576,0.33905952
1809,5125,150.4026456,0
1809,5126,150.4026456,0
1809,5127,150.4026456,0
1809,5128,150.4026456,0
1809,5129,150.4026456,0
1809,5130,150.4026456,0
1809,5131,150.4026456,0
1809,5132,150.4026456,0
1809,5133,150.4026456,0
1809,5134,150.4026456,0
1809,5135,150.50539368,1.85111136
1809,5136,151.7359932,6.858
1809,5137,154.35321936,10.97499456
1809,5138,157.35400584,10.10924064
1809,5139,159.91962936,9.50463936
1809,5140,162.74299176,10.47463488
1809,5141,166.02056712,13.98702816
1809,5142,170.40855936,16.46029728
1809,5143,174.9804984,16.4592
1809,5144,179.57194464,17.09891424
1809,5145,184.70206392,19.34394912
1809,5146,190.10357712,20.29968
1809,5147,196.45460328,23.39510688
1809,5148,201.81207288,16.41969792
1809,5149,206.31070752,15.7569408
1809,5150,210.60043224,15.3783792
1809,5151,214.87199088,15.38167104
1809,5152,218.87316144,12.4376688
1809,5153,222.06130848,11.4226848
1809,5154,225.3235524,12.44754432
1809,5155,229.14190392,15.22146816
1809,5156,233.31949272,13.44168
1809,5157,236.58234624,10.97170272
1809,5158,239.62409784,10.88062848
1809,5159,242.6509752,10.96841088
1809,5160,245.6989752,10.9728
1809,5161,248.74694472,10.98048096
1809,5162,251.53516368,7.95198816
1809,5163,253.26298344,6.35215392
1809,5164,255.75643032,11.000232
1809,5165,258.907026,11.5543584
1809,5166,262.11532032,11.5543584
1809,5167,265.29017808,11.16372672
1809,5168,268.37652192,11.86488864
1809,5169,272.22136056,15.56820864
1809,5170,276.64553256,15.63624
1809,5171,280.89036024,14.68380096
1809,5172,284.4847752,11.6531136
1809,5173,287.59443624,10.84222368
1809,5174,290.75688864,12.07227456
1809,5175,293.98886592,10.96402176
1809,5176,297.28018776,13.9958064
1809,5177,301.68470016,16.46139456
1809,5178,306.2566392,16.4592
1809,5179,310.8077604,16.30996992
1809,5180,315.35708328,16.91896032
1809,5181,320.76630792,20.30626368
1809,5182,325.82543928,20.33369568
1809,5183,332.54262168,24.70964832
1809,5184,338.41755024,17.25582528
1809,5185,342.98132064,16.3165536
1809,5186,347.5654212,16.77082752
1809,5187,352.26220632,16.93980864
1809,5188,356.95932672,16.75766016
1809,5189,361.5056016,16.23316032
1809,5190,366.0648,16.4592
1809,5191,370.6368,16.4592
1809,5192,375.20901336,16.45700544
1809,5193,380.029974,19.95074496
1809,5194,386.35881072,23.93935776
1809,5195,392.99217312,23.5476288
1809,5196,399.279618,21.96096192
1809,5197,405.27201648,21.41122464
1809,5198,411.21107496,21.38488992
1809,5199,417.27415656,21.99717216
1809,5200,423.35628816,22.11348384
1809,5201,429.8772708,24.55602912
1809,5202,436.658004,23.1690672
1809,5203,442.0195884,16.07734656
1809,5204,446.19269664,14.81547456
1809,5205,450.28628256,13.33963296
1809,5206,453.49671048,10.28480544
1809,5207,456.3325392,9.69117696
1809,5208,458.38411752,5.5028592
1809,5209,459.7200864,4.059936
1809,5210,460.57892136,2.25161856
1809,5211,460.86348264,0.06254496
1809,5212,460.863696,0
1809,5213,460.863696,0
1809,5214,460.86829848,0.2084832
1809,5215,461.0074092,0.29407104
1809,5216,461.10348216,0.50255424
1809,5217,461.1681912,0
1809,5218,461.1681912,0
1809,5219,461.27551128,0.69896736
1809,5220,461.4646092,0.29407104
1809,5221,461.4729912,0
1809,5222,461.4729912,0
1809,5223,461.4729912,0
1809,5224,461.4729912,0
1809,5225,461.97447864,5.08369824
1809,5226,463.95991536,7.5492864
1809,5227,466.05666504,7.5492864
1809,5228,468.1532928,7.56903744
1809,5229,470.2725672,7.61731776
1809,5230,472.37175528,7.55148096
1809,5231,474.46990704,7.55148096
1809,5232,476.56687008,7.5492864
1809,5233,478.66240056,7.2310752
1809,5234,479.973132,5.01127776
1809,5235,482.28872808,7.06319136
1809,5236,483.69464856,5.7168288
1809,5237,485.91965808,11.29869216
1809,5238,489.53952384,10.97609184
1809,5239,491.51173224,5.40190944
1809,5240,492.91353792,4.93446816
1809,5241,494.28513792,4.93666272
1809,5242,495.7216908,5.8046112
1809,5243,497.90594856,11.466576
1809,5244,501.1261504,15.8776416
1810,5047,20.1256392,20.02536
1810,5048,23.7562644,20.02536
1810,5049,29.33962128,20.63654496
1810,5050,35.38703616,22.46241888
1810,5051,40.6948930285714,22.0506253714286
1818,5076,20.7468216,16.5469824
1818,5077,23.1681528,16.26278688
1818,5078,27.88008648,17.3041056
1818,5079,32.07526224,11.40842016
1818,5080,33.66445896,2.95058592
1818,5081,36.23864736,15.98517504
1818,5082,41.50498176,18.97526304
1818,5083,45.58113312,10.90806048
1818,5084,48.29979672,10.53608256
1818,5085,52.12195824,16.04442816
1818,5086,56.6894472,16.4592
1818,5087,61.25894784,16.08393024
1818,5088,65.62182456,16.64134848
1818,5089,70.563486,17.9844192
1818,5090,75.56013336,18.07329888
1818,5091,80.6039028,17.9569872
1818,5092,85.1324688,14.56419744
1818,5093,89.09566128,14.26464
1818,5094,93.04236408,14.1165072
1818,5095,97.08577992,15.1040592
1818,5096,101.30040192,15.13588032
1818,5097,105.501186,14.80340448
1818,5098,108.83926416,9.57705984
1818,5099,111.62714784,10.32979392
1818,5100,114.41439144,9.68788512
1818,5101,117.02753328,8.4655152
1818,5102,119.19466128,8.11877472
1818,5103,121.46792064,7.47906048
1818,5104,122.52353448,0.38185344
1818,5105,122.5289904,0
1818,5106,122.5289904,0
1818,5107,122.5289904,0
1818,5108,122.5289904,0
1818,5109,122.5289904,0
1818,5110,122.580654,0.39940992
1818,5111,122.70726792,0.4608576
1818,5112,122.83427808,0.4608576
1818,5113,122.96128824,0.4608576
1818,5114,123.08826792,0.4608576
1818,5115,123.2187528,0.87892128
1818,5116,124.10895168,5.31741888
1818,5117,125.63938296,5.95384128
1818,5118,127.89822528,10.04779296
1818,5119,130.843782,10.94646528
1818,5120,133.400292,7.06209408
1818,5121,135.23439552,6.62866848
1818,5122,137.14649736,7.11476352
1818,5123,139.12617336,6.79545504
1818,5124,140.4821676,3.1491936
1818,5125,141.317472,2.77502112
1818,5126,141.7039584,0.10533888
1818,5127,141.704568,0
1818,5128,141.704568,0
1818,5129,141.704568,0
1818,5130,141.704568,0
1818,5131,141.704568,0
1818,5132,141.70499472,0.05705856
1818,5133,141.89092272,1.23663456
1818,5134,142.247112,1.2838176
1818,5135,142.60360608,1.45828512
1818,5136,143.29266744,3.40924896
1818,5137,144.25876152,3.4783776
1818,5138,145.2291228,3.98532096
1818,5139,147.15091728,9.63082656
1818,5140,149.89460496,9.87552
1818,5141,152.63402544,9.87113088
1818,5142,155.56150752,11.11873824
1818,5143,158.84853168,13.72038912
1818,5144,162.96174672,14.49616608
1818,5145,167.15603856,15.8447232
1818,5146,171.65945856,16.73461728
1818,5147,176.3318292,17.42370912
1818,5148,181.53165624,19.48549824
1818,5149,186.92372064,18.89406432
1818,5150,191.84651496,17.00454816
1818,5151,196.58219256,17.35019136
1818,5152,201.574908,18.32677056
1818,5153,206.64452448,17.6552352
1818,5154,211.23194736,15.91824096
1818,5155,215.65703376,15.93908928
1818,5156,219.77713728,12.62859552
1818,5157,222.89027304,11.13848928
1818,5158,226.31878536,12.85682976
1818,5159,229.56920304,10.97170272
1818,5160,232.6166544,10.9728
1818,5161,235.6646544,10.9728
1818,5162,238.71274584,10.94756256
1818,5163,241.73471592,10.8959904
1818,5164,244.78207584,11.00791296
1818,5165,247.66719072,9.54523872
1818,5166,250.2600024,9.32688
1818,5167,252.85007088,9.38503584
1818,5168,255.66660576,10.90257408
1818,5169,258.75197424,11.32612416
1818,5170,262.18371744,13.46472288
1818,5171,265.99649112,13.81585248
1818,5172,269.80548528,13.5294624
1818,5173,273.590766,13.82792256
1818,5174,277.49869824,14.99542848
1818,5175,282.03473184,15.65379648
1818,5176,285.7288164,12.6132336
1818,5177,289.79289768,16.38019584
1818,5178,294.3671532,16.4592
1818,5179,298.9391532,16.4592
1818,5180,303.5113056,16.4592
1818,5181,308.08354944,16.42408704
1818,5182,312.61702272,16.34288832
1818,5183,317.18515176,16.4592
1818,5184,321.81503328,17.67827808
1818,5185,327.1552512,19.9650096
1818,5186,332.67097296,19.09047744
1818,5187,337.51604328,16.45481088
1818,5188,342.0718584,16.3165536
1818,5189,346.65973848,17.10330336
1818,5190,351.56985312,17.89224768
1818,5191,356.53382592,17.70900192
1818,5192,361.37304408,17.28435456
1818,5193,366.06153864,16.45810272
1818,5194,370.66048296,17.01113184
1818,5195,375.91185168,21.12593184
1818,5196,382.10828328,23.77037664
1818,5197,389.07195744,25.30986048
1818,5198,395.52701184,20.06047296
1818,5199,400.6605144,18.19070784
1818,5200,405.8943876,19.82455776
1818,5201,411.68165568,21.43755936
1818,5202,417.64829856,21.37062528
1818,5203,423.16057608,18.626328
1818,5204,428.49353976,19.59632352
1818,5205,433.84869288,18.45186048
1818,5206,438.22906512,12.3114816
1818,5207,441.1871796,9.86235264
1818,5208,443.79980328,9.3597984
1818,5209,446.3995644,9.3597984
1818,5210,448.99944744,9.3597984
1818,5211,451.60045824,9.3378528
1818,5212,453.44858256,2.35695744
1818,5213,453.554592,0
1818,5214,453.55888968,0.15581376
1818,5215,453.63899112,0.12289536
1818,5216,453.66748992,0.15800832
1818,5217,453.6972384,0
1818,5218,453.6972384,0
1818,5219,453.80016936,0.50255424
1818,5220,453.8496384,0
1818,5221,453.8496384,0
1818,5222,453.8496384,0
1818,5223,453.8496384,0
1818,5224,453.8496384,0
1818,5225,453.89142648,0.493776
1818,5226,454.17867,1.13349024
1818,5227,454.76717784,4.28158656
1818,5228,456.46540152,6.94358784
1818,5229,458.1604248,4.8883824
1818,5230,459.6550116,5.91104736
1818,5231,461.2715184,6.02626176
1818,5232,463.10674968,7.50429792
1818,5233,465.3486756,8.174736
1818,5234,467.61864312,8.174736
1818,5235,469.90625856,8.2625184
1818,5236,472.18384608,8.174736
1818,5237,474.45506328,8.17802784
1818,5238,476.72524416,8.174736
1818,5239,478.99527264,8.17693056
1818,5240,481.12134408,7.33641408
1818,5241,482.64811776,4.84010208
1818,5242,485.38997664,13.01483808
1818,5243,487.74388608,4.33864512
1818,5244,489.74514192,10.204704
1818,5245,491.94250608,4.92459264
1818,5246,493.1967276,4.76658432
1818,5247,494.31897072,3.59798112
1818,5248,495.73705272,7.24533984
1818,5249,498.07014432,8.613648
1818,5250,499.7452032,8.613648
1827,5082,21.5717410285714,17.9515008
1827,5083,25.98804048,19.56559968
1827,5084,31.5347604,20.67604704
1827,5085,37.571172,22.18480704
1827,5086,43.7348376,22.20455808
1827,5087,49.90036248,22.1870016
1827,5088,56.06253456,22.1870016
1827,5089,62.2267488,22.13981856
1827,5090,66.4096716,4.6414944
1827,5091,67.281552,9.54743328
1827,5092,71.97169248,19.6303392
1827,5093,77.44260864,19.79383392
1827,5094,82.60954776,15.27194304
1827,5095,85.96021416,11.01339936
1827,5096,89.20724856,12.49033824
1827,5097,92.62481856,11.34477792
1827,5098,95.72560992,11.6256816
1827,5099,98.87020104,10.96621632
1827,5100,101.96193984,11.47974336
1827,5101,105.10430592,10.96072992
1827,5102,108.14937984,10.6381296
1827,5103,110.39663976,5.30754336
1827,5104,111.70627392,4.62832704
1827,5105,112.53868272,0.75383136
1827,5106,112.559592,0
1827,5107,112.559592,0
1827,5108,112.559592,0
1827,5109,112.559592,0
1827,5110,112.559592,0
1827,5111,112.559592,0
1827,5112,112.559592,0
1827,5113,112.559592,0
1827,5114,112.559592,0
1827,5115,112.80172512,2.0464272
1827,5116,113.4931944,2.523744
1827,5117,114.1942344,2.523744
1827,5118,114.8952744,2.523744
1827,5119,115.59576576,2.51496576
1827,5120,116.75955312,7.29910656
1827,5121,119.47266936,10.84880736
1827,5122,122.509788,10.9728
1827,5123,125.496828,9.98634528
1827,5124,127.93086936,8.0595216
1827,5125,130.142742,6.803136
1827,5126,131.54406,4.42313568
1827,5127,132.91206336,5.0145696
1827,5128,134.1671688,4.38912
1827,5129,135.22464192,2.10787488
1827,5130,135.3705192,0
1827,5131,135.3705192,0
1827,5132,135.43126584,0.35442144
1827,5133,135.4839048,0
1827,5134,135.4839048,0
1827,5135,135.4839048,0
1827,5136,135.4839048,0
1827,5137,135.4839048,0
1827,5138,135.4839048,0
1827,5139,135.63609144,2.37231936
1827,5140,137.2433628,9.05914368
1827,5141,140.35302384,12.8985264
1827,5142,144.39662256,15.30815328
1827,5143,148.22603832,11.78698176
1827,5144,151.3059204,10.9728
1827,5145,154.35388992,10.9728
1827,5146,157.40021352,11.0221776
1827,5147,161.00301048,15.5429712
1827,5148,165.53136312,16.4153088
1827,5149,170.102784,16.4592
1827,5150,174.674784,16.4592
1827,5151,179.2495272,16.47236736
1827,5152,183.8227464,16.4592
1827,5153,188.39995848,16.49102112
1827,5154,192.93788184,15.95884032
1827,5155,197.2818,15.5484576
1827,5156,201.59368368,15.4935936
1827,5157,205.88807184,15.31144512
1827,5158,210.08404008,15.0272496
1827,5159,214.25309448,14.96470464
1827,5160,218.41486416,15.02505504
1827,5161,222.59885376,15.3674064
1827,5162,226.8248448,13.44168
1827,5163,230.0285976,10.9728
1827,5164,233.0765976,10.9728
1827,5165,236.12456712,10.9728
1827,5166,239.16973248,10.89708768
1827,5167,242.19633552,10.97060544
1827,5168,245.09147832,9.77018112
1827,5169,247.78310616,9.6889824
1827,5170,250.4753436,9.66264768
1827,5171,253.1121684,9.3378528
1827,5172,255.6924528,9.1458288
1827,5173,258.2474388,9.87222816
1827,5174,261.78714216,15.32132064
1827,5175,266.1220992,15.67025568
1827,5176,270.43645176,15.67135296
1827,5177,275.26436184,18.21594528
1827,5178,279.92911248,16.212312
1827,5179,284.50032,16.46139456
1827,5180,289.05122784,16.3330128
1827,5181,293.48923776,15.30815328
1827,5182,297.32657832,12.31587072
1827,5183,301.22750016,16.26607872
1827,5184,305.8009632,16.4592
1827,5185,310.35622968,16.30667808
1827,5186,314.90283984,16.46139456
1827,5187,319.56472536,18.11499552
1827,5188,324.93328968,21.04473312
1827,5189,331.35899184,23.34682656
1827,5190,337.49229936,20.16032544
1827,5191,342.51765888,16.72144992
1827,5192,347.13284904,17.11537344
1827,5193,352.00309584,17.6552352
1827,5194,356.89696464,17.34360768
1827,5195,361.50602832,16.2232848
1827,5196,366.06492192,16.46358912
1827,5197,370.54161096,16.44493536
1827,5198,375.2740272,17.48844864
1827,5199,380.71397568,21.29710752
1827,5200,386.79501,22.34281536
1827,5201,392.9890032,22.23199008
1827,5202,399.13020504,21.97083744
1827,5203,405.22800336,21.89731968
1827,5204,410.91060312,19.34614368
1827,5205,416.37396024,19.53926496
1827,5206,421.532304,17.09452512
1827,5207,425.60187168,12.82391136
1827,5208,429.14596416,12.76356096
1827,5209,432.69212928,12.76356096
1827,5210,436.23826392,12.76575552
1827,5211,439.7796132,12.67577856
1827,5212,442.28680656,3.23917056
1827,5213,442.4434128,0
1827,5214,442.4434128,0
1827,5215,442.4434128,0
1827,5216,442.4434128,0
1827,5217,442.4434128,0
1827,5218,442.4434128,0
1827,5219,442.64250816,1.7391888
1827,5220,443.64822624,4.84558848
1827,5221,444.7899156,2.93193216
1827,5222,445.16701416,0.15800832
1827,5223,445.1692392,0
1827,5224,445.1692392,0
1827,5225,445.19792088,0.69348096
1827,5226,445.79782824,2.94400224
1827,5227,446.61548472,2.9407104
1827,5228,447.43320216,2.9407104
1827,5229,448.2407088,2.58080256
1827,5230,449.07150216,3.80536704
1827,5231,450.22931544,4.78304352
1827,5232,451.41358536,2.90120832
1827,5233,452.44140144,5.90665824
1827,5234,454.39876608,7.2530208
1827,5235,456.41404272,7.25631264
1827,5236,458.2869168,5.9198256
1827,5237,459.77833368,5.2888896
1827,5238,461.39231064,6.227064
1827,5239,462.98324472,6.23145312
1827,5240,465.2691228,9.162288
1827,5241,467.8140504,9.18203904
1827,5242,470.07408144,4.79401632
1827,5243,470.72927952,4.72159584
1827,5244,473.2922208,11.1154464
1827,5245,476.37883896,11.1154464
1827,5246,479.46551808,11.1154464
1827,5247,482.55213624,11.1154464
1827,5248,485.53972488,9.1842336
1827,5249,487.74696456,7.51197888
1827,5250,489.27102552,4.10711904
1827,5251,490.58236656,4.93556544
1827,5252,491.973108,5.62356
1827,5253,493.61314536,5.21866368
1827,5254,494.86471512,4.93666272
1827,5255,496.52538744,6.58477728
1827,5256,498.43444128,6.8689728
1827,5257,499.6867578,5.650992
1832,5083,19.6577712,19.8936864
1832,5084,23.04751296,20.26237248
1832,5085,28.13169888,14.94056448
1832,5086,32.08647888,15.01847136
1832,5087,36.5994696,17.5729392
1832,5088,41.7115752,17.91748512
1832,5089,45.8842872,12.66919488
1832,5090,49.53323088,14.3963136
1832,5091,53.85593496,16.2177984
1832,5092,58.32232176,15.83045856
1832,5093,62.67568872,15.64062912
1832,5094,67.0198812,15.63624
1832,5095,71.36367744,15.63294816
1832,5096,75.21095448,11.68822656
1832,5097,78.48624384,12.2511312
1832,5098,81.86184288,12.08324736
1832,5099,85.21878816,12.0920256
1832,5100,88.33478904,9.39710592
1832,5101,90.61374816,7.95089088
1832,5102,93.001338,9.930384
1832,5103,96.03757272,11.25370368
1832,5104,98.70899232,6.33788928
1832,5105,99.876102,3.70551456
1832,5106,100.904802,3.70222272
1832,5107,101.93344104,3.70661184
1832,5108,102.7502136,1.3057632
1832,5109,102.818184,0
1832,5110,102.818184,0
1832,5111,102.818184,0
1832,5112,102.86332488,0.73956672
1832,5113,103.26803832,1.728216
1832,5114,103.75885776,1.78527456
1832,5115,104.25412728,1.78088544
1832,5116,104.71885584,1.289304
1832,5117,104.95492344,0.68141088
1832,5118,105.14521008,0.68250816
1832,5119,105.33549672,0.68250816
1832,5120,105.660444,2.84414976
1832,5121,106.98303216,5.48749728
1832,5122,108.5069712,5.4864
1832,5123,110.1754464,7.78629888
1832,5124,112.90639344,10.61179488
1832,5125,115.85841192,10.77638688
1832,5126,118.69722768,8.147304
1832,5127,120.35975928,5.21537184
1832,5128,121.45368648,1.81380384
1832,5129,121.6834752,0.68360544
1832,5130,121.8738228,0.68689728
1832,5131,122.06410944,0.68360544
1832,5132,122.4064608,2.1506688
1832,5133,123.12158256,2.633472
1832,5134,123.85310256,2.633472
1832,5135,124.58462256,2.633472
1832,5136,125.31678264,2.63127744
1832,5137,125.7997992,0.45098208
1832,5138,125.8116864,0
1832,5139,125.81235696,0.06364224
1832,5140,126.06918144,2.65870944
1832,5141,127.32907224,5.11003296
1832,5142,129.11355432,10.09607328
1832,5143,133.25974872,18.06342336
1832,5144,138.29230152,17.6991264
1832,5145,142.89255648,14.48848512
1832,5146,146.28107904,10.9563408
1832,5147,149.32511664,10.83783456
1832,5148,152.23513368,10.55802816
1832,5149,155.43592992,13.43838816
1832,5150,159.76415088,16.46578368
1832,5151,164.31868584,16.37032032
1832,5152,168.8832792,16.4592
1832,5153,173.4552792,16.4592
1832,5154,178.02883368,16.47675648
1832,5155,182.52731592,15.90617088
1832,5156,187.02628584,16.35825024
1832,5157,191.45146368,15.63294816
1832,5158,195.8708808,16.32204
1832,5159,200.44294176,16.22657664
1832,5160,204.39863616,13.222224
1832,5161,208.5767736,16.11575136
1832,5162,213.05187768,16.1080704
1832,5163,217.4319756,14.24927808
1832,5164,220.76996232,10.96621632
1832,5165,223.7913228,10.83673728
1832,5166,226.8278928,10.9728
1832,5167,229.6887456,8.12316384
1832,5168,232.01339424,10.53059616
1832,5169,235.0532256,10.70067456
1832,5170,237.62128752,7.33092768
1832,5171,239.76494592,8.997696
1832,5172,242.33505,9.43002432
1832,5173,245.3400732,12.35098368
1832,5174,248.84317008,12.66041664
1832,5175,252.52097832,13.880592
1832,5176,256.37925864,13.9683744
1832,5177,260.84183544,18.34761888
1832,5178,266.06257176,18.88528608
1832,5179,271.25380344,18.60767424
1832,5180,276.47713056,18.6976512
1832,5181,281.30900304,16.33411008
1832,5182,285.86484864,16.05430368
1832,5183,289.7066088,11.71785312
1832,5184,293.45994648,15.99175872
1832,5185,298.02725256,16.4592
1832,5186,302.59928304,16.4592
1832,5187,307.171344,16.4592
1832,5188,311.7146928,16.31216448
1832,5189,316.27431792,16.4592
1832,5190,320.87493864,17.53014528
1832,5191,326.6136216,23.01983712
1832,5192,333.02984448,23.00118336
1832,5193,339.26931384,21.9126816
1832,5194,345.30688368,21.23675712
1832,5195,350.88633912,19.36370016
1832,5196,356.14453536,17.77264416
1832,5197,360.496866,13.74782112
1832,5198,363.85884048,10.9837728
1832,5199,367.00102368,12.88535904
1832,5200,371.24978328,16.46688096
1832,5201,375.8217528,16.4592
1832,5202,380.42060568,17.25033888
1832,5203,385.63366104,19.7290944
1832,5204,391.1097588,19.6467984
1832,5205,396.4780488,18.20497248
1832,5206,401.2742292,17.01113184
1832,5207,405.90411072,16.14428064
1832,5208,410.17929648,15.04151424
1832,5209,414.24340824,13.57993728
1832,5210,417.58023672,10.9728
1832,5211,420.4901928,8.92747008
1832,5212,422.54731848,6.93371232
1832,5213,424.47219144,6.92822592
1832,5214,426.396912,6.92712864
1832,5215,428.32169352,6.92822592
1832,5216,430.24641408,6.92603136
1832,5217,432.13809432,5.76181728
1832,5218,432.8397744,0.07461504
1832,5219,432.84391968,0.20409408
1832,5220,433.02865896,1.5745968
1832,5221,434.04035112,4.02372576
1832,5222,435.0236664,4.24866816
1832,5223,436.20991752,3.53214432
1832,5224,437.44557672,5.8923936
1832,5225,439.01069424,3.99629376
1832,5226,439.3911456,0
1832,5227,439.45935984,0.97987104
1832,5228,439.99605168,1.77320448
1832,5229,440.3937852,0.90635328
1832,5230,440.6236044,1.01059488
1832,5231,441.0007944,2.24832672
1832,5232,441.63343728,1.54387296
1832,5233,442.05320784,2.41072416
1832,5234,442.97659944,3.19527936
1832,5235,443.85207648,3.66052608
1832,5236,444.88650672,3.56286816
1832,5237,445.99247352,4.40228736
1832,5238,447.28260048,5.60051712
1832,5239,449.21521536,7.5931776
1832,5240,451.32613824,7.516368
1832,5241,453.12729288,5.10893568
1832,5242,454.44988104,4.89277152
1832,5243,455.89798584,5.62685184
1832,5244,457.53936432,5.74645536
1832,5245,459.96426168,13.31768736
1832,5246,463.43355624,8.75409984
1832,5247,465.77765112,9.8919792
1832,5248,468.52097304,8.394192
1832,5249,469.85861832,5.1133248
1832,5250,472.551252,11.576304
1832,5251,475.7673492,11.576304
1832,5252,478.98332448,11.576304
1832,5253,482.19762336,11.22078528
1832,5254,484.2345408,3.69344448
1832,5255,485.73150504,6.85141632
1832,5256,487.18430376,3.79000512
1832,5257,488.44712064,5.52370752
1832,5258,490.2785724,9.83382336
1832,5259,494.24225256,16.46358912
1832,5260,498.3564582,16.4592
1839,5086,13.8947652,20.84832
1839,5087,17.38298784,20.88891936
1839,5088,23.192232,20.71774368
1839,5089,28.78967064,19.75762368
1839,5090,34.26906024,19.71592704
1839,5091,39.75006528,19.62156096
1839,5092,45.09381888,18.95222016
1839,5093,50.33729328,18.3849264
1839,5094,55.22780928,17.0462448
1839,5095,59.77566912,15.90836544
1839,5096,64.1963664,15.91494912
1839,5097,68.5429668,14.80340448
1839,5098,72.86954184,17.12524896
1839,5099,77.57166096,14.78365344
1839,5100,80.2434768,5.85179424
1839,5101,81.93840864,6.63525216
1839,5102,83.72286024,6.0021216
1839,5103,85.69662312,9.1183968
1839,5104,88.42260192,9.87552
1839,5105,91.16769168,9.76908384
1839,5106,93.0877488,3.14260992
1839,5107,93.6182532,1.6623792
1839,5108,94.09730736,1.79295552
1839,5109,94.53573168,1.81490112
1839,5110,95.227902,3.23478144
1839,5111,95.83390536,0.20958048
1839,5112,95.8355208,0
1839,5113,95.97722232,1.47803616
1839,5114,96.41217192,0.85807296
1839,5115,96.56731512,0.54864
1839,5116,96.71971512,0.54864
1839,5117,96.92539416,1.25309376
1839,5118,97.39774272,1.8324576
1839,5119,97.90569192,1.83136032
1839,5120,98.5892364,4.14332928
1839,5121,100.1485932,6.03504
1839,5122,101.8251456,6.03504
1839,5123,103.49130432,5.98237056
1839,5124,105.16355904,6.03504
1839,5125,106.84011144,6.03504
1839,5126,108.66052944,8.2899504
1839,5127,111.45420432,9.64399392
1839,5128,113.53406808,5.99773248
1839,5129,114.94681608,3.5771328
1839,5130,115.38740448,0.73956672
1839,5131,115.7154912,1.17518688
1839,5132,116.32582272,3.5497008
1839,5133,117.36305712,3.16894464
1839,5134,117.948456,0.83722464
1839,5135,117.9755832,0
1839,5136,117.9755832,0
1839,5137,117.9755832,0
1839,5138,117.9755832,0
1839,5139,117.9755832,0
1839,5140,118.0319712,1.2289536
1839,5141,118.90875888,4.1202864
1839,5142,120.21577176,7.18060032
1839,5143,123.26727696,12.89962368
1839,5144,126.76116888,11.23834176
1839,5145,129.85199328,13.40985888
1839,5146,134.31082104,16.95626784
1839,5147,138.8876064,15.8776416
1839,5148,142.63088568,11.41829568
1839,5149,145.81062024,11.33051328
1839,5150,148.86742896,10.97060544
1839,5151,152.09949768,13.44497184
1839,5152,156.41061936,16.46029728
1839,5153,160.98258888,16.41860064
1839,5154,165.53285664,16.41860064
1839,5155,170.104308,16.4592
1839,5156,174.51991512,13.99032
1839,5157,178.25164248,15.79095648
1839,5158,183.38529744,19.60071264
1839,5159,188.810646,18.78214176
1839,5160,193.58649624,16.36812576
1839,5161,198.1568808,16.43067072
1839,5162,202.76661504,16.78728672
1839,5163,207.1411656,14.48629056
1839,5164,211.10438856,13.98922272
1839,5165,214.26485976,8.64876096
1839,5166,216.5561328,8.25044832
1839,5167,218.95259232,9.39052224
1839,5168,221.83706712,10.90915776
1839,5169,224.84824728,10.90257408
1839,5170,227.89511952,10.97718912
1839,5171,230.85804984,9.82943424
1839,5172,233.45710992,9.77237568
1839,5173,236.3134212,10.42635456
1839,5174,238.97682456,7.598664
1839,5175,241.15544352,10.00390176
1839,5176,244.27043856,12.88535904
1839,5177,248.51773512,16.50199392
1839,5178,253.45238616,19.6852032
1839,5179,258.91620048,18.53964288
1839,5180,263.95551984,18.8128656
1839,5181,269.43521424,20.06815392
1839,5182,274.84925472,17.82970272
1839,5183,279.4717296,16.4592
1839,5184,284.04519264,16.3933632
1839,5185,288.28051056,14.20099776
1839,5186,292.54198032,16.46139456
1839,5187,297.1146204,16.4592
1839,5188,301.68665088,16.4592
1839,5189,306.25871184,16.4592
1839,5190,310.8100464,16.31216448
1839,5191,315.36135048,16.46358912
1839,5192,320.0212548,17.77483872
1839,5193,325.27725648,20.4807312
1839,5194,331.34064288,22.03777152
1839,5195,337.44481152,21.94779456
1839,5196,343.33949112,20.08790496
1839,5197,348.79184496,18.22252896
1839,5198,353.38819848,16.2177984
1839,5199,357.90646224,16.25949504
1839,5200,362.41326552,16.34288832
1839,5201,366.983772,16.4592
1839,5202,371.555772,16.4592
1839,5203,376.127772,16.4592
1839,5204,380.73668328,17.227296
1839,5205,385.79794824,18.75032064
1839,5206,391.00295688,18.6702192
1839,5207,396.0964392,17.45114112
1839,5208,400.72982592,16.4592
1839,5209,405.29725392,16.04881728
1839,5210,409.34444928,12.75697728
1839,5211,412.54094784,10.97060544
1839,5212,415.5987624,10.98048096
1839,5213,418.44830712,9.22483296
1839,5214,420.86762664,8.33493888
1839,5215,422.86815096,6.30936
1839,5216,424.5213252,5.33387808
1839,5217,425.49564888,1.84452768
1839,5218,425.81739576,0.2962656
1839,5219,425.8257168,0
1839,5220,425.8257168,0
1839,5221,425.8257168,0
1839,5222,425.8257168,0
1839,5223,426.06806328,2.42718336
1839,5224,427.2601056,5.44031424
1839,5225,428.74152504,4.57236576
1839,5226,429.87967872,3.35109312
1839,5227,430.34763816,1.09508544
1839,5228,430.5525552,0
1839,5229,430.59031992,0.47841408
1839,5230,431.21186808,4.38143904
1839,5231,432.6241284,5.1352704
1839,5232,434.05156776,5.1352704
1839,5233,435.47897664,5.13636768
1839,5234,436.90635504,5.1352704
1839,5235,438.33373344,5.14295136
1839,5236,439.55500608,3.60566208
1839,5237,440.6015064,3.79768608
1839,5238,441.75224832,4.70842848
1839,5239,443.05932216,4.52737728
1839,5240,444.28239312,3.89644128
1839,5241,445.3612632,4.50872352
1839,5242,446.78516688,5.9472576
1839,5243,448.53017736,6.35764032
1839,5244,450.3042048,6.16890816
1839,5245,451.93933488,5.62246272
1839,5246,453.45925056,5.59722528
1839,5247,455.89630944,12.65822208
1839,5248,459.67247664,13.53165696
1839,5249,462.67308024,7.72594848
1839,5250,464.57542848,6.03065088
1839,5251,466.185504,5.76291456
1839,5252,467.94224928,8.47868256
1839,5253,470.75469984,10.38356064
1839,5254,473.62774464,10.33747488
1839,5255,476.50017984,10.3363776
1839,5256,479.30019456,9.60778368
1839,5257,482.12968344,10.890504
1839,5258,484.47999624,6.08002848
1839,5259,486.39270768,7.21022688
1839,5260,488.6536836,11.9164608
1839,5261,493.79523288,21.97083744
1839,5262,498.12491688,9.69556608
1839,5263,499.8191172,10.1169216
1849,5089,14.9701649142857,19.9375776
1849,5090,19.68989712,20.01877632
1849,5091,25.24085376,19.93977216
1849,5092,30.60716256,18.01075392
1849,5093,35.37133896,16.99028352
1849,5094,40.0955256,17.00784
1849,5095,44.82245544,17.03198016
1849,5096,49.32526584,14.50494432
1849,5097,53.04696528,13.16736
1849,5098,56.7045348,13.17174912
1849,5099,60.20217576,11.37989088
1849,5100,63.14437968,10.42854912
1849,5101,66.04077216,10.43293824
1849,5102,68.96520624,11.97790848
1849,5103,72.9529656,15.33119616
1849,5104,76.15537728,6.93151776
1849,5105,78.06290712,6.75485568
1849,5106,79.63927176,5.61368448
1849,5107,81.60590232,8.06391072
1849,5108,83.66644176,7.03027296
1849,5109,85.25990568,4.25525184
1849,5110,86.32259088,3.2040576
1849,5111,87.17072736,2.31855264
1849,5112,87.3489744,0
1849,5113,87.3489744,0
1849,5114,87.3489744,0
1849,5115,87.3489744,0
1849,5116,87.3489744,0
1849,5117,87.3489744,0
1849,5118,87.38567232,0.26115264
1849,5119,87.4619028,0.27432
1849,5120,87.5381028,0.27432
1849,5121,88.82274336,12.15347328
1849,5122,92.0180532,7.82689824
1849,5123,94.29112968,8.06281344
1849,5124,96.1985376,5.75633088
1849,5125,97.51265232,3.89095488
1849,5126,98.99806464,7.08403968
1849,5127,101.03034912,7.3078848
1849,5128,102.9102336,6.02296992
1849,5129,104.52945312,5.85069696
1849,5130,106.1563536,5.815584
1849,5131,107.45516736,3.34450944
1849,5132,108.32250624,3.12615072
1849,5133,109.02503976,1.7227296
1849,5134,109.4366112,1.4593824
1849,5135,109.8432144,1.45499328
1849,5136,110.17599504,0.84819744
1849,5137,110.3814912,0.7351776
1849,5138,110.58564624,0.72201024
1849,5139,110.72417784,0.53327808
1849,5140,111.01815744,1.30466592
1849,5141,111.4489008,2.0628864
1849,5142,112.11537648,2.4633936
1849,5143,113.02526544,4.9706784
1849,5144,114.71382696,6.30167904
1849,5145,116.78116344,9.74055456
1849,5146,119.8554372,11.25150912
1849,5147,122.85844872,10.05876576
1849,5148,125.53358688,10.40331168
1849,5149,128.82567072,12.50570016
1849,5150,132.45903912,13.28696352
1849,5151,135.86691648,11.52034272
1849,5152,139.08584832,12.33123264
1849,5153,143.16626688,16.39446048
1849,5154,147.77289216,17.80117344
1849,5155,153.533856,22.67968032
1849,5156,159.84605064,22.32855072
1849,5157,165.21827256,16.21450656
1849,5158,169.43414424,14.17576032
1849,5159,173.60228424,15.94128384
1849,5160,177.79118112,16.0916112
1849,5161,183.26380416,21.88634688
1849,5162,189.35178792,21.16543392
1849,5163,194.17887504,14.89118688
1849,5164,198.26319504,12.89084544
1849,5165,201.43000608,10.92232512
1849,5166,204.46843536,10.9728
1849,5167,207.51649632,10.9728
1849,5168,210.53810064,10.71932832
1849,5169,213.49514832,10.6326432
1849,5170,216.44939184,10.6326432
1849,5171,219.40991424,10.7862624
1849,5172,222.43913856,10.84002912
1849,5173,225.40618368,9.73397088
1849,5174,227.49887952,5.89349088
1849,5175,229.0370832,5.4864
1849,5176,230.5610832,5.4864
1849,5177,232.13482656,6.85580544
1849,5178,234.75156504,10.9728
1849,5179,238.032036,13.96508256
1849,5180,242.57852424,18.85236768
1849,5181,248.54836752,24.04908576
1849,5182,256.2249384,29.80870848
1849,5183,263.29581072,20.1405744
1849,5184,268.88181936,20.16032544
1849,5185,273.83097888,16.45481088
1849,5186,278.4024912,16.4592
1849,5187,282.97577136,16.41969792
1849,5188,287.4131412,15.82168032
1849,5189,291.93055152,16.46358912
1849,5190,296.50285632,16.4592
1849,5191,301.0748868,16.4592
1849,5192,305.64697824,16.4592
1849,5193,310.20233616,16.30996992
1849,5194,314.75199432,16.77631392
1849,5195,319.91332512,20.8154016
1849,5196,325.97107272,22.08166272
1849,5197,332.52680256,25.83216576
1849,5198,339.27233136,21.90938976
1849,5199,344.8978116,17.64316512
1849,5200,349.30073904,15.07443264
1849,5201,353.47485312,15.03163872
1849,5202,357.66179928,15.49688544
1849,5203,362.04649968,15.718536
1849,5204,366.47600568,15.78327552
1849,5205,370.7261064,15.49578816
1849,5206,375.2081904,16.46688096
1849,5207,379.77985512,16.17171264
1849,5208,383.80321512,12.97423872
1849,5209,388.08916032,19.16509248
1849,5210,393.16264776,15.16331232
1849,5211,398.321784,18.79530912
1849,5212,401.8717896,10.7917488
1849,5213,404.4740196,7.58878848
1849,5214,406.27968528,6.3148464
1849,5215,408.03810696,5.7552336
1849,5216,409.56655704,5.4864
1849,5217,411.09104472,5.35253184
1849,5218,412.47748848,4.93556544
1849,5219,413.84853984,5.07382272
1849,5220,415.3666572,5.50615104
1849,5221,416.60445,2.84853888
1849,5222,417.35474568,3.94033248
1849,5223,418.7011692,4.96958112
1849,5224,419.91982056,3.9172896
1849,5225,421.12512168,4.15649664
1849,5226,422.24520072,4.8993552
1849,5227,423.6340524,4.39021728
1849,5228,424.614594,2.34379008
1849,5229,425.36772432,2.9461968
1849,5230,425.8052952,0.43671744
1849,5231,425.89752768,0.50365152
1849,5232,426.08116968,1.20810528
1849,5233,426.81811512,3.93155424
1849,5234,427.90426992,3.29403456
1849,5235,428.94604584,4.25196
1849,5236,430.16274648,5.07492
1849,5237,431.57625648,4.88509056
1849,5238,432.6639048,2.92534848
1849,5239,433.70092584,5.52699936
1849,5240,435.94312608,8.60486976
1849,5241,437.86900488,6.03723456
1849,5242,439.37419872,4.88509056
1849,5243,440.81203176,5.48859456
1849,5244,442.26074616,4.79840544
1849,5245,443.43419568,4.02043392
1849,5246,444.66147288,4.62174336
1849,5247,445.99811232,5.21317728
1849,5248,447.5437836,6.62318208
1849,5249,450.58480368,13.54372704
1849,5250,452.8922616,3.50251776
1849,5251,453.54111984,1.82367936
1849,5252,454.42043736,3.79329696
1849,5253,455.38634856,3.57054912
1849,5254,456.61655184,5.59941984
1849,5255,459.2982432,13.45923648
1849,5256,462.0286416,5.64331104
1849,5257,463.88155128,8.05842432
1849,5258,466.11988056,8.0540352
1849,5259,468.36028248,8.12755296
1849,5260,470.34559728,4.12138368
1849,5261,470.90368608,4.29146208
1849,5262,473.4737292,11.4885216
1849,5263,476.6648328,11.49071616
1849,5264,479.6524824,9.04268448
1849,5265,481.9305576,8.1034128
1849,5266,484.57335648,13.21344576
1849,5267,488.77603032,13.03897824
1849,5268,491.89971216,11.60154144
1849,5269,494.69948304,9.15350976
1849,5270,497.75171976,12.00753504
1849,5271,499.737888,12.124944
1854,5091,20.5359,21.0348576
1854,5092,23.43564528,19.61826912
1854,5093,28.96109016,18.27739296
1854,5094,32.94488712,11.95596288
1854,5095,36.45353136,13.8147552
1854,5096,40.362378,13.716
1854,5097,43.89159624,11.31405408
1854,5098,46.39019424,6.43774176
1854,5099,48.08198664,6.66926784
1854,5100,50.00454312,6.5343024
1854,5101,51.75994728,7.2804528
1854,5102,54.31895664,11.50059168
1854,5103,57.92218032,13.34073024
1854,5104,61.62775584,13.34511936
1854,5105,65.37283344,13.84877088
1854,5106,69.30932544,14.26683456
1854,5107,72.66236928,8.01892224
1854,5108,74.34139056,5.91763104
1854,5109,75.98395776,5.9143392
1854,5110,77.63600424,6.08332032
1854,5111,79.1320236,3.47508576
1854,5112,79.66243656,1.4593824
1854,5113,80.0688264,1.46047968
1854,5114,80.42577768,0.80979264
1854,5115,80.535018,0.27432
1854,5116,80.611218,0.27432
1854,5117,80.68744848,0.27322272
1854,5118,80.87404704,1.7337024
1854,5119,81.61346136,2.9297376
1854,5120,82.42648488,2.93083488
1854,5121,83.22039744,3.04934112
1854,5122,84.23333928,3.97654272
1854,5123,85.33814784,3.97764
1854,5124,86.44170672,4.00397472
1854,5125,88.09363128,8.833104
1854,5126,90.68888136,9.24019488
1854,5127,93.27739536,8.87918976
1854,5128,95.5741548,7.26509088
1854,5129,97.23979536,5.03541792
1854,5130,98.6498916,4.60089504
1854,5131,99.64107072,3.57932736
1854,5132,100.71847776,3.895344
1854,5133,101.80127976,3.87120384
1854,5134,102.49747344,0.6254496
1854,5135,102.5142984,0
1854,5136,102.5142984,0
1854,5137,102.5142984,0
1854,5138,102.84445776,3.072384
1854,5139,103.74242904,2.38329216
1854,5140,104.07621552,0.58046112
1854,5141,104.566212,2.35256832
1854,5142,105.250488,3.26769984
1854,5143,106.63958352,6.0405264
1854,5144,108.28724088,5.46664896
1854,5145,109.79465976,5.90995008
1854,5146,111.60910368,7.13341728
1854,5147,113.82341472,9.14912064
1854,5148,116.7065484,11.2306608
1854,5149,120.06739512,12.70869696
1854,5150,123.43656288,11.54777472
1854,5151,126.66232224,11.40183648
1854,5152,129.77320248,11.6201952
1854,5153,133.19778288,13.25294784
1854,5154,137.25012936,15.03383328
1854,5155,141.23063448,14.30085024
1854,5156,145.38450984,15.17647968
1854,5157,149.23224408,13.47130656
1854,5158,153.77330688,18.53415648
1854,5159,158.92201896,18.3081168
1854,5160,163.78729752,16.93212768
1854,5161,168.51273384,17.56416096
1854,5162,173.86840512,20.55095712
1854,5163,179.5573752,19.58315616
1854,5164,184.3721484,15.83045856
1854,5165,188.80826856,15.1260048
1854,5166,192.29012088,10.97060544
1854,5167,195.38277408,11.52034272
1854,5168,198.5384904,10.97170272
1854,5169,201.50318856,9.50463936
1854,5170,203.47814016,5.5248048
1854,5171,205.24552296,8.4655152
1854,5172,207.97647,10.16959104
1854,5173,211.10877768,12.2675904
1854,5174,214.53174264,12.31477344
1854,5175,217.58312592,7.9333344
1854,5176,219.900246,10.16849376
1854,5177,222.0969396,6.18536736
1854,5178,223.98002448,7.21242144
1854,5179,226.02919488,8.20436256
1854,5180,229.04589192,12.84256512
1854,5181,232.6730424,14.33267136
1854,5182,237.7903296,21.47267232
1854,5183,243.79997976,22.29234048
1854,5184,250.55026344,25.84533312
1854,5185,257.73534432,24.84132192
1854,5186,263.82012768,19.36260288
1854,5187,268.7167092,16.2616896
1854,5188,273.21857472,16.39665504
1854,5189,277.7910624,16.4592
1854,5190,282.3630624,16.4592
1854,5191,286.92491256,16.3275264
1854,5192,291.47167512,16.46358912
1854,5193,296.0440104,16.4592
1854,5194,300.61558368,16.46139456
1854,5195,305.51189088,20.02536
1854,5196,311.48786064,21.7974672
1854,5197,317.56731,21.94340544
1854,5198,323.77056912,23.14492704
1854,5199,330.34617192,23.4104688
1854,5200,335.98213728,17.02210464
1854,5201,340.55840448,16.3549584
1854,5202,345.09550488,16.34727744
1854,5203,349.5162936,15.49249632
1854,5204,353.81068176,15.46725888
1854,5205,358.20467856,16.18817184
1854,5206,362.71233528,16.34288832
1854,5207,367.2827808,16.4592
1854,5208,371.8547808,16.4592
1854,5209,376.42702464,16.4592
1854,5210,380.99987808,16.4756592
1854,5211,385.585716,16.5799008
1854,5212,390.19468824,16.541496
1854,5213,394.43506584,12.03386976
1854,5214,396.6098748,5.53468032
1854,5215,398.17743072,6.0295536
1854,5216,399.900648,6.03942912
1854,5217,401.4849984,5.4864
1854,5218,403.00524936,5.26036032
1854,5219,404.4555792,5.62246272
1854,5220,406.08820992,5.8923936
1854,5221,407.72446776,5.8923936
1854,5222,409.362402,5.82216768
1854,5223,410.46193752,1.43963136
1854,5224,410.69748696,0.98426016
1854,5225,411.19330512,2.39426496
1854,5226,412.1107836,4.23220896
1854,5227,413.417766,5.40739584
1854,5228,414.99065592,5.71573152
1854,5229,416.57826768,5.60271168
1854,5230,417.5731044,0.95792544
1854,5231,417.80069856,1.344168
1854,5232,418.35375816,2.20114368
1854,5233,418.86048816,1.9147536
1854,5234,419.52364152,2.88365184
1854,5235,420.57968208,5.11990848
1854,5236,422.35931784,7.27386912
1854,5237,424.63657008,7.87188672
1854,5238,425.92288704,1.61080704
1854,5239,426.05739528,0.2633472
1854,5240,426.1579488,1.2673584
1854,5241,427.42777608,6.67475424
1854,5242,429.01169976,4.92788448
1854,5243,430.50336048,6.1722
1854,5244,432.3956808,6.86019456
1854,5245,434.11676448,5.75742816
1854,5246,435.77841216,5.89897728
1854,5247,437.31710352,5.4864
1854,5248,438.84180456,5.4260496
1854,5249,440.49257088,7.39676448
1854,5250,442.845444,8.668512
1854,5251,445.25424792,8.6739984
1854,5252,447.40503864,5.94396576
1854,5253,448.77727872,5.39752032
1854,5254,450.47099136,6.17878368
1854,5255,452.01041424,4.92898176
1854,5256,453.24421416,3.97654272
1854,5257,454.5241608,5.31851616
1854,5258,456.56080392,10.8575856
1854,5259,459.70472448,8.67729024
1854,5260,461.66532,7.5328272
1854,5261,463.92529008,9.69007968
1854,5262,466.46619432,6.21938304
1854,5263,468.18035904,7.6590144
1854,5264,469.75818672,5.57198784
1854,5265,472.67990808,12.783312
1854,5266,476.23165104,12.783312
1854,5267,479.78333304,12.783312
1854,5268,483.33510648,12.78221472
1854,5269,486.85911264,12.4760736
1854,5270,490.3031088,12.02179968
1854,5271,493.5769656,12.1633488
1854,5272,497.09219352,13.47789024
1854,5273,499.5106088,12.7174752
1859,5093,4.7689008,27.70632
1859,5094,10.54339776,27.7776432
1859,5095,18.06695904,24.39363168
1859,5096,23.81740728,18.94015008
1859,5097,28.95258624,16.95407328
1859,5098,33.16998192,14.50494432
1859,5099,37.24204896,15.15453408
1859,5100,41.60477328,15.91275456
1859,5101,45.68854464,11.03424768
1859,5102,47.67047616,5.99334336
1859,5103,49.3503204,5.57198784
1859,5104,50.84499864,5.71463424
1859,5105,52.51469304,5.93957664
1859,5106,54.39896664,7.91248608
1859,5107,57.07093488,12.06569088
1859,5108,60.73051608,13.33634112
1859,5109,64.43648784,13.33963296
1859,5110,68.09680056,11.95925472
1859,5111,70.5860412,6.11294688
1859,5112,71.44417512,0.48719232
1859,5113,71.4533496,0
1859,5114,71.4533496,0
1859,5115,71.4533496,0
1859,5116,71.4533496,0
1859,5117,71.4533496,0
1859,5118,71.4533496,0
1859,5119,71.4533496,0
1859,5120,71.5444848,0.83722464
1859,5121,71.88522072,0.6912864
1859,5122,72.3319356,3.89095488
1859,5123,73.801986,5.4864
1859,5124,75.3258336,5.4864
1859,5125,76.93087992,6.9293232
1859,5126,79.1280612,8.17363872
1859,5127,81.6646068,9.60778368
1859,5128,84.12839664,7.85762208
1859,5129,86.1718368,7.21900512
1859,5130,87.61875288,3.41363808
1859,5131,88.55771976,3.33353664
1859,5132,89.74299552,5.74645536
1859,5133,91.1448012,3.79439424
1859,5134,92.0558484,1.97620128
1859,5135,92.61055392,3.09542688
1859,5136,93.56180424,3.89863584
1859,5137,94.3267608,1.09728
1859,5138,94.92486984,2.70150336
1859,5139,95.46043392,2.18029536
1859,5140,95.98252584,0.65178432
1859,5141,96.22197672,1.30466592
1859,5142,96.58453632,1.27174752
1859,5143,96.91033704,1.09947456
1859,5144,97.2150456,1.09728
1859,5145,97.54142544,2.00034144
1859,5146,98.84651808,6.71425632
1859,5147,100.72792656,6.7702176
1859,5148,102.64365552,8.02770048
1859,5149,105.92293776,14.703552
1859,5150,110.01234792,13.85535456
1859,5151,113.36203896,11.439144
1859,5152,116.7707088,12.82391136
1859,5153,120.47594904,13.71380544
1859,5154,124.39119648,14.81986368
1859,5155,128.33576568,13.7653776
1859,5156,132.21742416,13.05653472
1859,5157,135.62719128,13.43838816
1859,5158,139.96726896,16.46029728
1859,5159,144.56386632,16.91237664
1859,5160,149.24964816,16.49979936
1859,5161,153.820368,16.4592
1859,5162,158.39197176,16.58648448
1859,5163,163.36545432,19.81248768
1859,5164,169.26531552,21.94669728
1859,5165,175.31221224,20.57838912
1859,5166,180.31897896,16.46907552
1859,5167,184.89204576,16.267176
1859,5168,188.77885536,11.47535424
1859,5169,191.5892028,7.95089088
1859,5170,193.28081232,5.48420544
1859,5171,194.80487328,5.4864
1859,5172,196.32750168,5.68061856
1859,5173,198.54339768,10.50535872
1859,5174,201.58261944,10.92451968
1859,5175,204.6210792,10.9728
1859,5176,207.66987168,10.95743808
1859,5177,210.47241624,8.91210816
1859,5178,212.83745088,8.43698592
1859,5179,215.17871112,8.4271104
1859,5180,217.51969704,8.43479136
1859,5181,220.0399968,10.22774688
1859,5182,223.1378316,12.74929632
1859,5183,227.36089656,16.51625856
1859,5184,232.48766304,21.07106784
1859,5185,238.98660864,25.96383936
1859,5186,246.5377848,27.432
1859,5187,254.1204468,26.4554208
1859,5188,261.05324472,24.17746752
1859,5189,267.24324504,18.81176832
1859,5190,271.8662076,16.1958528
1859,5191,276.36411072,15.3674064
1859,5192,280.26018624,13.30013088
1859,5193,283.99615032,14.58065664
1859,5194,288.42678408,16.43067072
1859,5195,292.98406224,16.45700544
1859,5196,297.58952928,17.18011296
1859,5197,302.99463912,21.49790976
1859,5198,309.06957744,21.80185632
1859,5199,315.13125696,21.93791904
1859,5200,321.2457888,22.4887536
1859,5201,327.78073128,24.15552192
1859,5202,334.02623568,19.147536
1859,5203,338.50789296,13.43948544
1859,5204,341.70402576,10.84002912
1859,5205,344.71986936,10.96072992
1859,5206,348.1085748,14.24708352
1859,5207,352.3295976,15.3290016
1859,5208,356.58798888,15.3290016
1859,5209,360.82461744,15.47932896
1859,5210,365.3037144,16.46029728
1859,5211,369.8757144,16.4592
1859,5212,374.4477144,16.4592
1859,5213,379.02120792,16.26827328
1859,5214,382.908048,11.49071616
1859,5215,385.97927376,11.09788992
1859,5216,389.03614344,9.95123232
1859,5217,390.90090984,4.31560224
1859,5218,392.33682264,6.44652
1859,5219,394.23283104,6.8909184
1859,5220,396.15261384,6.85031904
1859,5221,398.15655192,7.04014848
1859,5222,399.81524304,5.48420544
1859,5223,401.28069096,4.49116704
1859,5224,402.3477348,3.92387328
1859,5225,403.49555064,4.1861232
1859,5226,404.40836568,1.42865856
1859,5227,404.5619544,0.93707712
1859,5228,405.16795776,3.55299264
1859,5229,406.52099544,5.49298368
1859,5230,408.0305784,5.08699008
1859,5231,409.14718272,3.0833568
1859,5232,409.74748632,0.91183968
1859,5233,409.88251272,0.50035968
1859,5234,410.01891072,0.50255424
1859,5235,410.20870968,0.96780096
1859,5236,411.02670144,5.19123168
1859,5237,412.65646704,5.9143392
1859,5238,414.29994864,5.91763104
1859,5239,415.95562224,5.96591136
1859,5240,417.6035844,5.86605888
1859,5241,418.93004352,3.39278976
1859,5242,419.94585048,3.91619232
1859,5243,421.16642208,5.35911552
1859,5244,422.74147608,6.665976
1859,5245,424.68161952,6.501384
1859,5246,426.48566976,6.17110272
1859,5247,428.37835584,7.81702272
1859,5248,430.75232112,9.70324704
1859,5249,433.26265392,7.72046208
1859,5250,435.37119936,7.49551968
1859,5251,437.35297848,7.18389216
1859,5252,439.06872816,4.58992224
1859,5253,440.31770712,4.18173408
1859,5254,441.36128136,3.84267456
1859,5255,442.23566112,2.65651488
1859,5256,443.276736,4.70074752
1859,5257,444.83027112,7.95198816
1859,5258,447.59706264,10.45488384
1859,5259,450.3124344,8.16486048
1859,5260,452.34200616,7.45272576
1859,5261,454.28623392,6.59026368
1859,5262,456.15572472,6.33898656
1859,5263,457.91253096,6.419088
1859,5264,459.68171208,6.57929088
1859,5265,461.455008,6.44213088
1859,5266,463.15387176,6.03942912
1859,5267,464.999832,6.62537664
1859,5268,467.10624384,9.793224
1859,5269,470.63409048,14.46873408
1859,5270,474.63251784,14.37765984
1859,5271,478.51003104,13.48886304
1859,5272,482.61318768,16.15525344
1859,5273,487.11072504,15.77449728
1859,5274,491.06486496,13.6556496
1859,5275,495.1139196,15.22256544
1859,5276,498.687808457143,14.5311222857143
1860,5201,318.451484,18.1307232
1860,5202,322.05460608,20.01328992
1860,5203,327.4617276,19.05536448
1860,5204,332.58093504,16.48772928
1860,5205,336.22262448,10.55693088
1860,5206,338.43699648,5.678424
1860,5207,339.9798636,6.3587376
1860,5208,342.6083064,13.23758592
1860,5209,346.96764744,16.98699168
1860,5210,351.7783668,17.4138336
1860,5211,356.60749608,17.17572384
1860,5212,361.20531264,16.20792288
1860,5213,365.7563424,16.4592
1860,5214,370.32858624,16.4592
1860,5215,374.90119584,16.46139456
1860,5216,379.04330592,12.16664064
1860,5217,381.57579768,6.76582848
1860,5218,383.295906,6.11953056
1860,5219,384.99495264,6.11623872
1860,5220,386.6964072,6.18646464
1860,5221,388.41895392,6.1392816
1860,5222,390.11775672,6.117336
1860,5223,391.81668144,6.11404416
1860,5224,393.51572808,6.11294688
1860,5225,395.18938488,5.49298368
1860,5226,396.2989788,2.18248992
1860,5227,397.09273896,3.87230112
1860,5228,397.62193272,0.31491936
1860,5229,398.11503816,2.44473984
1860,5230,398.85082536,3.2479488
1860,5231,399.97657368,5.32290528
1860,5232,401.26319544,2.59287264
1860,5233,401.74508424,1.63055808
1860,5234,402.02763384,0.22274784
1860,5235,402.0324192,0
1860,5236,402.0324192,0
1860,5237,402.0324192,0
1860,5238,402.08359512,0.93049344
1860,5239,403.15542432,6.81630336
1860,5240,405.24613896,7.54818912
1860,5241,407.35261176,7.4121264
1860,5242,409.03315704,4.7896272
1860,5243,410.32819128,4.66344
1860,5244,411.56327136,4.10711904
1860,5245,412.60175544,3.43558368
1860,5246,413.52898752,4.01823936
1860,5247,415.31365248,8.13303936
1860,5248,417.57868224,8.45563968
1860,5249,420.30261888,11.16921312
1860,5250,422.6965638,15.15618
1869,5189,259.3424709,12.6475236
1869,5190,262.51399872,12.80635488
1869,5191,266.10079368,12.9369312
1869,5192,269.67067224,12.58799616
1869,5193,272.96126256,11.13300288
1869,5194,276.00987216,10.9892592
1869,5195,279.12697032,11.47645152
1869,5196,282.3277056,11.3952528
1869,5197,285.58168944,13.61614752
1869,5198,289.95063168,16.42518432
1869,5199,294.5232108,16.4592
1869,5200,299.09524128,16.4592
1869,5201,303.6673632,16.45261632
1869,5202,308.3282124,16.9858944
1869,5203,313.22887824,17.98003008
1869,5204,317.94919392,16.4592
1869,5205,322.29692208,13.55250528
1869,5206,325.55919648,11.2251744
1869,5207,328.67754432,11.2251744
1869,5208,331.70076408,9.69117696
1869,5209,334.40077392,11.2416336
1869,5210,338.28231048,16.26607872
1869,5211,342.83178576,16.3165536
1869,5212,347.37409824,16.30338624
1869,5213,351.88398,16.2177984
1869,5214,356.30507352,14.6651472
1869,5215,359.78457888,11.00132928
1869,5216,362.790486,10.9728
1869,5217,365.838486,10.98048096
1869,5218,368.56321512,7.39895904
1869,5219,370.1820384,5.4864
1869,5220,371.7060384,5.4864
1869,5221,373.23000792,5.49408096
1869,5222,374.53830096,3.14480448
1869,5223,375.39570336,4.52847456
1869,5224,377.0564976,7.91029152
1869,5225,379.52193336,7.86310848
1869,5226,381.2980944,5.33936448
1869,5227,382.59523176,4.35510432
1869,5228,383.80473912,4.3562016
1869,5229,385.01424648,4.3562016
1869,5230,386.22390624,4.3562016
1869,5231,387.44810496,4.44178944
1869,5232,388.6673964,4.3562016
1869,5233,389.8768428,4.3562016
1869,5234,391.07626128,3.84816096
1869,5235,391.70872128,1.11703104
1869,5236,392.0194344,1.44072864
1869,5237,392.7130068,3.27867264
1869,5238,393.62795544,3.29184
1869,5239,394.5425688,3.29184
1869,5240,395.45669448,3.29184
1869,5241,396.3713688,3.28854816
1869,5242,397.441674,5.26365216
1869,5243,399.31235352,7.09172064
1869,5244,401.57851104,10.53608256
1869,5245,404.189946,5.97139776
1869,5246,405.43167072,3.76037856
1869,5247,406.52605512,5.020056
1869,5248,408.05950392,5.89678272
1869,5249,410.01019344,8.79908832
1869,5250,413.23327056,14.40948096
1869,5251,417.62306112,16.57002528
1869,5252,422.40333096,17.50819968
1869,5253,426.89599152,12.31257888
1869,5254,429.30549648,7.68205728
1869,5255,431.22238368,5.75413632
1869,5256,432.63811872,4.66124544
1869,5257,433.9692108,4.79730816
1869,5258,435.57636024,9.18094176
1869,5259,438.42654504,6.68353248
1869,5260,439.28092992,1.51644096
1869,5261,439.85099736,4.05335232
1869,5262,442.17540216,11.85940224
1869,5263,445.58364528,12.01850784
1869,5264,448.26192288,7.08074784
1869,5265,450.14644032,6.80423328
1869,5266,452.18448552,8.52696288
1869,5267,454.72057392,9.20508192
1869,5268,457.2774192,9.20398464
1869,5269,459.67915176,7.07087232
1869,5270,461.40340536,8.55110304
1869,5271,464.64806232,12.60884448
1869,5272,468.16764888,12.179808
1869,5273,471.18760728,14.95702368
1869,5274,477.24721416,23.61017376
1869,5275,483.80501664,23.61017376
1869,5276,488.0699408,23.6171232
1873,5254,468.94811976,7.6151232
1873,5255,471.05599464,7.50429792
1873,5256,473.05334904,7.78849344
1873,5257,475.5925464,9.60888096
1873,5258,478.03442112,7.19596224
1873,5259,479.84139744,6.58587456
1873,5260,481.69805616,7.40225088
1873,5261,484.18458408,9.87990912
1873,5262,486.93031392,9.94355136
1873,5263,489.72819504,10.14984
1873,5264,492.55838496,10.20250944
1873,5265,495.01360992,7.06538592
1873,5266,497.06750472,8.55000576
1873,5267,499.2063168,10.9033056
1879,5097,6.52189704,19.01805696
1879,5098,11.80740336,19.08828288
1879,5099,17.11500768,18.82164384
1879,5100,21.65448552,13.58213184
1879,5101,25.27139472,12.98191968
1879,5102,28.87794072,13.1015232
1879,5103,32.55105504,12.8601216
1879,5104,36.01404024,12.4321824
1879,5105,39.467028,12.097512
1879,5106,41.93054352,5.40520128
1879,5107,43.504104,6.04820736
1879,5108,44.98814472,4.94983008
1879,5109,46.42216776,5.49298368
1879,5110,47.9462592,5.4864
1879,5111,49.46971056,5.4864
1879,5112,51.08201112,5.63124096
1879,5113,52.39704024,4.32547776
1879,5114,53.59932384,4.32657504
1879,5115,54.80160744,4.32657504
1879,5116,56.00383008,4.32547776
1879,5117,57.2060832,4.32657504
1879,5118,58.40830584,4.32657504
1879,5119,59.61058944,4.32657504
1879,5120,60.81284256,4.32767232
1879,5121,62.0150652,4.32767232
1879,5122,63.2184156,4.334256
1879,5123,64.42091256,4.32547776
1879,5124,65.62310472,4.32767232
1879,5125,66.8254188,4.3232832
1879,5126,67.79754792,3.9666672
1879,5127,70.44516264,13.68088704
1879,5128,73.61307096,8.3887056
1879,5129,75.950826,9.0580464
1879,5130,78.33567264,8.6465664
1879,5131,81.01010976,9.60997824
1879,5132,82.89240216,2.81232864
1879,5133,83.15513976,1.9147536
1879,5134,84.27092112,4.9322736
1879,5135,85.686138,4.20038784
1879,5136,86.35858776,1.58886144
1879,5137,86.80137072,1.59215328
1879,5138,87.2677452,2.0409408
1879,5139,87.79764,1.55155392
1879,5140,88.13042064,1.01388672
1879,5141,88.6570236,2.37890304
1879,5142,89.25360864,2.0080224
1879,5143,89.81227656,2.0080224
1879,5144,90.37734528,2.19236544
1879,5145,91.08240864,2.74429728
1879,5146,91.84471344,2.7432
1879,5147,92.67038616,4.35510432
1879,5148,94.69645272,9.19081728
1879,5149,97.22272656,8.07707808
1879,5150,99.49498008,9.64070208
1879,5151,102.29907912,10.24969248
1879,5152,105.42885696,12.05471808
1879,5153,108.7825104,12.07008
1879,5154,112.14786816,12.36744288
1879,5155,115.51054368,11.58069312
1879,5156,118.71374784,11.44024128
1879,5157,121.85727216,11.43036576
1879,5158,125.65565928,15.77230272
1879,5159,129.70081248,13.31110368
1879,5160,133.27861584,11.95596288
1879,5161,137.09891808,17.7320448
1879,5162,142.58501328,20.09558592
1879,5163,147.52362672,13.6775952
1879,5164,150.74597232,12.34220544
1879,5165,154.88683272,16.46029728
1879,5166,159.45904608,16.46029728
1879,5167,164.01681192,16.37361216
1879,5168,168.5792412,16.4592
1879,5169,173.15114976,16.4592
1879,5170,177.7118112,15.89080896
1879,5171,181.45813848,11.2800384
1879,5172,184.5088512,10.9728
1879,5173,187.56026496,11.00352384
1879,5174,190.6133856,10.9728
1879,5175,193.65400944,10.75444128
1879,5176,196.52537784,10.08510048
1879,5177,199.32740424,10.0840032
1879,5178,202.12184112,9.90734112
1879,5179,204.67630896,8.55220032
1879,5180,207.03896616,8.72666784
1879,5181,209.81849832,11.16262944
1879,5182,212.94278976,11.04083136
1879,5183,215.79059712,9.67691232
1879,5184,218.524836,10.3254048
1879,5185,221.95328736,14.96251008
1879,5186,226.45027608,16.91896032
1879,5187,231.854502,21.75247872
1879,5188,237.94940472,21.87317952
1879,5189,244.02138648,21.92475168
1879,5190,249.88546416,18.92588544
1879,5191,254.5387848,14.84949024
1879,5192,258.10774896,12.00643776
1879,5193,261.46807752,12.1029984
1879,5194,264.79481712,11.56862304
1879,5195,267.79328712,10.41757632
1879,5196,270.73347936,10.69189632
1879,5197,273.7503288,10.9728
1879,5198,276.7983288,10.9728
1879,5199,279.908508,12.37841568
1879,5200,284.03342736,16.33191552
1879,5201,288.57375864,16.42737888
1879,5202,293.14639872,16.4592
1879,5203,297.71839872,16.4592
1879,5204,302.31072888,17.33373216
1879,5205,307.85138328,21.62629152
1879,5206,313.2181188,16.85202624
1879,5207,317.3621796,12.34330272
1879,5208,320.45964864,10.97170272
1879,5209,323.58165408,11.68712928
1879,5210,326.88678336,11.9274336
1879,5211,330.20023368,11.9219472
1879,5212,333.77761032,14.91422976
1879,5213,338.71796112,20.50926048
1879,5214,344.66268888,20.31833376
1879,5215,349.40059152,14.77597248
1879,5216,353.486466,14.7145248
1879,5217,357.4583148,13.18052736
1879,5218,360.67694184,10.73907936
1879,5219,363.6488028,9.60339456
1879,5220,365.60406432,5.4864
1879,5221,367.1127024,5.07382272
1879,5222,368.498628,5.35253184
1879,5223,370.02320712,5.4918864
1879,5224,371.42406792,4.45056768
1879,5225,372.65012592,4.51311264
1879,5226,373.90434744,4.51420992
1879,5227,375.17487576,5.03870976
1879,5228,376.72490568,5.60380896
1879,5229,378.25003344,5.4479952
1879,5230,379.46310696,2.9187648
1879,5231,380.15363136,2.33391456
1879,5232,380.87826288,3.15687456
1879,5233,381.74883264,3.22161408
1879,5234,382.73114208,3.6100512
1879,5235,383.73381216,3.6100512
1879,5236,384.7363908,3.6100512
1879,5237,385.7390304,3.6100512
1879,5238,386.74148712,3.63089952
1879,5239,387.76738296,3.67917984
1879,5240,388.7724,3.6100512
1879,5241,389.77507008,3.6100512
1879,5242,390.77761824,3.6100512
1879,5243,391.7803188,3.6100512
1879,5244,392.78298888,3.60237024
1879,5245,394.11594024,7.16743296
1879,5246,396.14575584,5.89568544
1879,5247,397.62860784,4.93666272
1879,5248,398.98387056,4.92898176
1879,5249,400.4153028,5.54016672
1879,5250,402.26556072,8.45015328
1879,5251,405.06383808,11.17360224
1879,5252,408.61664784,13.88168928
1879,5253,412.1645808,12.2456448
1879,5254,415.75094904,13.30342272
1879,5255,419.43656016,13.2441696
1879,5256,423.11625816,13.2441696
1879,5257,426.64773192,10.47682944
1879,5258,428.62588392,5.47871904
1879,5259,430.11370416,5.16489696
1879,5260,431.42339928,4.032504
1879,5261,432.23806872,2.32513632
1879,5262,433.14911592,4.38802272
1879,5263,434.53001232,5.22744192
1879,5264,436.2849288,7.74789408
1879,5265,438.53487096,8.586216
1879,5266,441.21351432,10.54924992
1879,5267,444.24962712,10.9728
1879,5268,447.2973528,10.97170272
1879,5269,450.28369176,9.7438464
1879,5270,452.69179464,8.38541376
1879,5271,454.82670528,6.90957216
1879,5272,456.76297776,7.82031456
1879,5273,459.48923088,12.316968
1879,5274,463.85399736,16.9749216
1879,5275,468.68541264,19.42075872
1879,5276,474.24691536,19.915632
1879,5277,479.81344728,20.62557216
1879,5278,485.6552136,20.80333152
1879,5279,491.2304628,18.55939392
1879,5280,496.2198864,17.68595904
1879,5281,499.4092374,15.0546816
1886,5097,0,17.8527456
1886,5098,1.59233616,18.159984
1886,5099,6.61038048,18.4672224
1886,5100,11.74174944,18.24118272
1886,5101,16.34035848,14.94934272
1886,5102,20.46451584,14.89447872
1886,5103,24.58906944,14.50165248
1886,5104,28.12026888,11.09240352
1886,5105,31.16677536,10.97060544
1886,5106,34.21157496,10.9069632
1886,5107,36.65262672,6.14147616
1886,5108,38.18759952,5.4864
1886,5109,39.7104108,5.5193184
1886,5110,41.53024968,7.37481888
1886,5111,43.39388832,6.26656608
1886,5112,45.07912752,6.1886592
1886,5113,46.8611712,5.52809664
1886,5114,48.04175304,4.25634912
1886,5115,49.31322624,4.1038272
1886,5116,50.44696032,3.44875104
1886,5117,51.00837144,1.58447232
1886,5118,51.66698328,3.12944256
1886,5119,52.37183328,1.83574944
1886,5120,52.87950816,1.8324576
1886,5121,53.38751832,1.8324576
1886,5122,53.89552848,1.8324576
1886,5123,54.40350816,1.8324576
1886,5124,54.92203392,2.35805472
1886,5125,56.02921992,5.19123168
1886,5126,57.50481768,6.24791232
1886,5127,60.14136816,12.01192416
1886,5128,63.51029208,12.124944
1886,5129,66.8760156,11.80234368
1886,5130,69.46815672,7.4779632
1886,5131,71.81481192,9.51561216
1886,5132,74.419968,8.45015328
1886,5133,76.1388876,3.87120384
1886,5134,77.08568784,3.3796224
1886,5135,78.04349136,3.5442144
1886,5136,78.91738344,2.48972832
1886,5137,79.5369504,2.19456
1886,5138,80.14673328,2.19456
1886,5139,80.7561504,2.19456
1886,5140,81.36538464,2.19456
1886,5141,81.96215256,2.10568032
1886,5142,82.54947168,2.12213952
1886,5143,83.14224672,2.27466144
1886,5144,83.9065632,3.10201056
1886,5145,84.7705188,3.10749696
1886,5146,85.63407816,3.1053024
1886,5147,86.49769848,3.10749696
1886,5148,87.36125784,3.10639968
1886,5149,88.21707528,2.68723872
1886,5150,88.90372872,3.74062752
1886,5151,90.49143192,6.72193728
1886,5152,92.70104904,9.73067904
1886,5153,95.74737264,12.46839264
1886,5154,99.86089248,16.32313728
1886,5155,104.48196528,16.96065696
1886,5156,109.14046752,15.59344608
1886,5157,112.60479384,9.9523296
1886,5158,115.48320312,11.07813888
1886,5159,118.443756,10.43184096
1886,5160,122.13765768,16.130016
1886,5161,126.78031032,16.95626784
1886,5162,131.6717712,18.66144096
1886,5163,135.99029952,10.68640992
1886,5164,139.77606792,18.62303616
1886,5165,145.11851088,19.23312384
1886,5166,150.46872624,19.07950464
1886,5167,155.35509696,16.35276384
1886,5168,159.916368,16.4592
1886,5169,164.46758064,16.10038944
1886,5170,168.8893752,16.18707456
1886,5171,173.39474592,15.0546816
1886,5172,176.88726624,11.01230208
1886,5173,179.93758272,10.97938368
1886,5174,182.9856132,10.9728
1886,5175,186.03358272,10.97938368
1886,5176,189.08901984,10.9947456
1886,5177,192.13781232,10.9728
1886,5178,195.1858428,10.9728
1886,5179,198.23375136,10.97499456
1886,5180,201.05001192,7.94320992
1886,5181,202.71735936,5.44909248
1886,5182,204.2400792,5.4864
1886,5183,205.76889504,5.95603584
1886,5184,208.05468168,10.72481472
1886,5185,211.90238544,16.53930144
1886,5186,216.55442592,16.7006016
1886,5187,221.14831056,16.568928
1886,5188,226.37596584,21.4079328
1886,5189,232.4651688,21.9456
1886,5190,238.55577384,21.85342848
1886,5191,244.39754016,18.92808
1886,5192,248.81223288,13.11359328
1886,5193,252.0793536,11.3074704
1886,5194,254.940054,9.34992288
1886,5195,257.4830004,9.4256352
1886,5196,260.52365472,12.14908416
1886,5197,263.91927912,12.1743216
1886,5198,267.12583608,10.9892592
1886,5199,270.14174064,10.68970176
1886,5200,273.15508488,11.55326112
1886,5201,277.03140936,16.15305888
1886,5202,281.6007576,16.4592
1886,5203,286.1625468,16.32862368
1886,5204,290.70937032,16.46139456
1886,5205,295.513506,19.47891456
1886,5206,301.45555152,21.8962224
1886,5207,306.9017484,15.41897856
1886,5208,310.2781704,10.79613792
1886,5209,313.80178032,15.29388864
1886,5210,316.7614696,19.403568
1894,5104,21.1983828,9.8096832
1894,5105,23.70057744,7.44175296
1894,5106,25.5291336,6.24681504
1894,5107,27.21519576,5.78156832
1894,5108,28.6246824,4.97945664
1894,5109,30.1194216,5.4864
1894,5110,31.64348256,5.4864
1894,5111,33.17812008,5.86057248
1894,5112,34.95607944,6.67585152
1894,5113,36.84553464,7.22449152
1894,5114,39.03988128,7.59646944
1894,5115,40.77974064,5.52699936
1894,5116,42.30374064,5.44580064
1894,5117,43.5508908,2.52703584
1894,5118,43.9707528,1.97290944
1894,5119,44.5619124,1.6623792
1894,5120,45.0232272,1.65469824
1894,5121,45.48170736,1.70297856
1894,5122,46.0037688,2.00692512
1894,5123,46.56252816,2.0080224
1894,5124,47.12750544,2.31855264
1894,5125,48.03196896,3.55738176
1894,5126,48.64403784,1.97400672
1894,5127,49.77813768,5.64440832
1894,5128,51.65259672,7.49113056
1894,5129,53.74425624,7.5383136
1894,5130,55.83777504,7.5383136
1894,5131,57.93126336,7.5383136
1894,5132,60.02493456,7.5383136
1894,5133,62.11881912,7.54270272
1894,5134,64.21374,7.5383136
1894,5135,66.30911808,7.4669904
1894,5136,67.79068992,3.43777824
1894,5137,68.89824168,4.38912
1894,5138,69.88524504,1.65469824
1894,5139,70.15481016,1.95096384
1894,5140,70.84887024,2.4908256
1894,5141,71.82471792,4.24757088
1894,5142,73.0050864,4.2464736
1894,5143,74.13906432,3.03617376
1894,5144,74.79743232,2.90888928
1894,5145,75.75980784,3.11408064
1894,5146,76.56905184,3.19089024
1894,5147,77.4841224,2.8913328
1894,5148,77.91568872,0.5650992
1894,5149,78.13002408,2.23077024
1894,5150,79.65320112,7.461504
1894,5151,81.74653704,8.60706432
1894,5152,85.10454912,14.72220576
1894,5153,89.20883352,14.45446944
1894,5154,92.97265632,12.77892288
1894,5155,96.60066024,13.40437248
1894,5156,100.24244112,12.89523456
1894,5157,103.72645752,12.42889056
1894,5158,107.19212496,12.11177664
1894,5159,110.59052304,12.67029216
1894,5160,114.13802928,12.38609664
1894,5161,117.56145144,12.43986336
1894,5162,121.17061872,13.91789952
1894,5163,125.04941208,13.2112512
1894,5164,128.22597672,11.06716608
1894,5165,132.21544296,17.1669456
1894,5166,137.14482096,18.0557424
1894,5167,142.17133872,17.69364
1894,5168,146.29906224,12.39158304
1894,5169,149.62482648,11.48193792
1894,5170,153.36792288,15.99175872
1894,5171,157.935168,16.4592
1894,5172,162.48214392,15.65489376
1894,5173,166.20533688,11.42049024
1894,5174,169.26632136,10.9728
1894,5175,172.31438232,10.9728
1894,5176,175.3624128,10.9728
1894,5177,178.41211968,10.98596736
1894,5178,181.46203992,10.9728
1894,5179,184.51000944,10.9728
1894,5180,187.56124032,11.00242656
1894,5181,190.61542776,10.77967872
1894,5182,192.97144032,5.95493856
1894,5183,194.50022568,5.47871904
1894,5184,196.34764896,9.06024096
1894,5185,199.3007952,10.9728
1894,5186,202.34556432,11.39305824
1894,5187,206.21850552,16.31326176
1894,5188,211.35011832,21.09740256
1894,5189,217.42837896,21.90609792
1894,5190,223.49545344,21.80953728
1894,5191,229.57286064,21.94779456
1894,5192,235.43693832,18.92588544
1894,5193,240.15347448,16.36483392
1894,5194,244.71008208,16.4646864
1894,5195,249.03815064,13.4361936
1894,5196,252.25363824,10.97060544
1894,5197,255.29706624,10.83783456
1894,5198,258.30361344,10.95414624
1894,5199,261.35889816,10.9947456
1894,5200,264.40747728,10.88392032
1894,5201,267.4313676,10.96402176
1894,5202,270.53916936,12.61213632
1894,5203,274.74705528,16.46688096
1894,5204,279.3190248,16.4592
1894,5205,283.8910248,16.4592
1894,5206,288.4479372,16.36154208
1894,5207,293.43961632,20.23494048
1894,5208,298.88553888,17.5893984
1894,5209,303.515268,16.4592
1894,5210,308.08760328,16.42518432
1894,5211,312.62189952,16.34618016
1894,5212,317.19002856,16.4592
1894,5213,321.84328824,18.13364928
1894,5214,327.46818936,21.27187008
1894,5215,333.38103504,21.4408512
1894,5216,339.10124712,18.36517536
1894,5217,343.73746848,16.33520736
1894,5218,348.10787376,14.58614304
1894,5219,352.00830792,13.96947168
1894,5220,355.64219448,10.65568608
1894,5221,357.74586312,5.77608192
1894,5222,359.2756848,5.47432992
1894,5223,360.74829552,5.27133312
1894,5224,362.2599816,5.4864
1894,5225,363.7839816,5.4864
1894,5226,365.3079816,5.4864
1894,5227,366.83210352,5.47871904
1894,5228,368.63459928,8.47539072
1894,5229,371.17312608,7.99807392
1894,5230,372.92840832,5.34155904
1894,5231,374.23447632,4.1202864
1894,5232,375.05414448,1.6623792
1894,5233,375.50055456,1.99046592
1894,5234,376.12399248,2.2603968
1894,5235,376.75072224,2.26259136
1894,5236,377.24129784,0.7571232
1894,5237,377.2786968,0
1894,5238,377.2786968,0
1894,5239,377.2786968,0
1894,5240,377.2786968,0
1894,5241,377.35456152,1.34636256
1894,5242,378.04828632,2.02009248
1894,5243,378.76249368,4.45934592
1894,5244,380.33346336,7.37152704
1894,5245,382.94505072,10.15203456
1894,5246,385.74424248,10.094976
1894,5247,388.56632472,10.14545088
1894,5248,391.36935696,10.00499904
1894,5249,393.54687864,5.18135616
1894,5250,394.93890024,5.45128704
1894,5251,396.46186392,5.67952128
1894,5252,398.70702072,11.00791296
1894,5253,401.9868516,12.44644704
1894,5254,405.92937864,14.76609696
1894,5255,409.41403512,10.69189632
1894,5256,412.14025776,9.05914368
1894,5257,414.66314832,9.22922208
1894,5258,417.10395624,8.10121824
1894,5259,419.25611856,7.36933248
1894,5260,421.06492368,5.38654752
1894,5261,422.28680592,5.18793984
1894,5262,424.23216144,7.57452384
1894,5263,426.19260456,5.38545024
1894,5264,427.45740264,5.53358304
1894,5265,429.45018504,8.59389696
1894,5266,432.1699764,10.93110336
1894,5267,435.23507568,10.46695392
1894,5268,437.91414576,8.81225568
1894,5269,440.44160832,9.78554304
1894,5270,443.19203208,9.9084384
1894,5271,445.9463268,9.88868736
1894,5272,448.27822968,6.67036512
1894,5273,450.29615808,8.18241696
1894,5274,453.00692736,12.11836032
1894,5275,456.96231696,16.7006016
1894,5276,462.44365728,24.167592
1894,5277,467.811612,28.7597088
1900,5108,20.9722974,7.8469236
1900,5109,22.78492776,6.1722
1900,5110,24.4039644,6.03833184
1900,5111,26.11636128,6.30277632
1900,5112,27.94961136,6.82178976
1900,5113,29.67712632,5.98127328
1900,5114,31.47672648,6.67475424
1900,5115,33.46618656,7.61622048
1900,5116,35.46128544,6.6220848
1900,5117,37.12070808,5.47871904
1900,5118,38.21472672,1.35075168
1900,5119,38.36346912,1.26296928
1900,5120,38.9634984,2.414016
1900,5121,39.6340584,2.414016
1900,5122,40.30458792,2.39645952
1900,5123,40.94189424,2.20224096
1900,5124,41.55137232,2.19456
1900,5125,42.16228296,2.46229632
1900,5126,43.27233408,5.12758944
1900,5127,44.14043496,1.2015216
1900,5128,44.3694312,0.1591056
1900,5129,44.41670568,0.88660224
1900,5130,44.97433728,2.2713696
1900,5131,45.96228552,5.32839168
1900,5132,47.68973952,6.85909728
1900,5133,49.58998464,6.8141088
1900,5134,51.4833108,6.8141088
1900,5135,53.37663696,6.8141088
1900,5136,55.27002408,6.8141088
1900,5137,57.16328928,6.8141088
1900,5138,59.05661544,6.8141088
1900,5139,60.94991112,6.8141088
1900,5140,62.84387736,6.81849792
1900,5141,64.5484485,6.8141088
1900,5143,67.6579122666667,0.195072
1900,5144,67.67157408,0.36649152
1900,5145,68.08701648,1.60970976
1900,5146,68.36926128,1.43963136
1900,5147,68.98209216,2.38000032
1900,5148,69.61287576,1.6349472
1900,5149,70.0669668,2.5731216
1900,5150,71.0089512,3.4783776
1900,5151,71.93392776,2.4359616
1900,5152,72.54355824,3.23258688
1900,5153,74.5088172,10.69409088
1900,5154,77.6720316,12.45522528
1900,5155,81.94499232,17.49503232
1900,5156,86.81045376,17.04405024
1900,5157,91.2402036,15.252192
1900,5158,95.54800296,15.41568672
1900,5159,99.54566832,13.43948544
1900,5160,103.11045672,12.33452448
1900,5161,106.32158568,10.9673136
1900,5162,109.36961616,10.97718912
1900,5163,112.41807336,10.96950816
1900,5164,115.46787168,11.0770416
1900,5165,118.57012608,11.07594432
1900,5166,121.61943672,11.10886272
1900,5167,124.86982392,12.61213632
1900,5168,128.29413,11.88463968
1900,5169,132.12260088,16.18158816
1900,5170,136.56911472,14.8461984
1900,5171,140.87743224,16.1190432
1900,5172,144.9336192,13.96727712
1900,5173,149.24800224,16.4592
1900,5174,153.82033752,16.45810272
1900,5175,158.31446112,15.09747552
1900,5176,161.95877184,11.47315968
1900,5177,164.9999748,10.93220064
1900,5178,168.04739568,10.9728
1900,5179,171.09539568,10.9728
1900,5180,174.14339568,10.9728
1900,5181,177.19167,10.98267552
1900,5182,180.24299232,10.97609184
1900,5183,183.29154096,10.9728
1900,5184,186.17174856,9.74165184
1900,5185,188.64379848,7.61292864
1900,5186,190.5714756,7.39456992
1900,5187,193.20360648,10.9398816
1900,5188,196.2529476,10.9728
1900,5189,199.4567004,13.42960992
1900,5190,203.78476896,16.42408704
1900,5191,208.51843488,19.0542672
1900,5192,214.46282736,22.31648064
1900,5193,220.61780616,21.83258016
1900,5194,226.12529832,17.30300832
1900,5195,230.70199224,16.45700544
1900,5196,235.28907984,16.45700544
1900,5197,239.85065568,16.36483392
1900,5198,244.40787288,16.33081824
1900,5199,248.41410312,11.92414176
1900,5200,251.4932232,10.9728
1900,5201,254.54140608,10.93000608
1900,5202,257.66972088,12.25881216
1900,5203,261.33024696,13.47569568
1900,5204,265.11058992,14.40509184
1900,5205,269.46776688,16.19365824
1900,5206,273.98651832,16.4592
1900,5207,278.66626512,17.00784
1900,5208,283.28343648,16.4592
1900,5209,287.84132424,16.32533184
1900,5210,292.39183584,16.46358912
1900,5211,296.9638968,16.4592
1900,5212,301.5358968,16.4592
1900,5213,306.1078968,16.4592
1900,5214,310.65944472,16.31216448
1900,5215,315.21096216,16.4592
1900,5216,319.8302976,17.51917248
1900,5217,324.98281968,19.90246464
1900,5218,330.8933184,20.91086496
1900,5219,336.00204072,16.51186944
1900,5220,340.5687372,16.34837472
1900,5221,345.0880068,15.67574208
1900,5222,348.8166252,11.72224224
1900,5223,352.0627452,11.67176736
1900,5224,355.0537476,9.54414144
1900,5225,357.46447176,7.3133712
1900,5226,359.12566224,5.48530272
1900,5227,360.60266208,5.2449984
1900,5228,362.10648432,5.4864
1900,5229,363.6305148,5.4864
1900,5230,365.10967872,4.80169728
1900,5231,366.2447844,3.40485984
1900,5232,366.81405936,1.20481344
1900,5233,367.2551964,1.700784
1900,5234,367.72678296,1.700784
1900,5235,368.19858288,1.70297856
1900,5236,368.5909824,1.21578624
1900,5237,369.32302056,3.429
1900,5238,369.90537144,1.72602144
1900,5239,370.72455192,2.97801792
1900,5240,371.07946104,0.83283552
1900,5241,371.647212,2.6115264
1900,5242,372.296436,1.40781024
1900,5243,372.40464,0
1900,5244,372.40464,0
1900,5245,372.5960544,2.39645952
1900,5246,373.88346864,6.08551488
1900,5247,376.0710792,10.10155968
1900,5248,379.09826136,10.97609184
1900,5249,382.02348792,9.60339456
1900,5250,384.52278696,8.8715088
1900,5251,386.99733624,8.96258304
1900,5252,389.47667088,8.8715088
1900,5253,391.85081904,7.68096
1900,5254,393.82634976,7.46918496
1900,5255,396.22070616,9.6944688
1900,5256,399.04163016,10.4186736
1900,5257,402.02867016,10.9728
1900,5258,405.063198,10.52401248
1900,5259,407.73190488,9.35650656
1900,5260,410.47604976,10.0840032
1900,5261,413.27810664,10.0840032
1900,5262,415.95394584,8.00136576
1900,5263,417.77024904,6.45639552
1900,5264,419.63099208,6.6769488
1900,5265,421.38913944,6.254496
1900,5266,423.30922704,7.77752064
1900,5267,425.6022984,8.3173824
1900,5268,427.91304816,8.31957696
1900,5269,430.11053424,7.26948
1900,5270,431.94966696,6.28521984
1900,5271,434.02505016,8.58731328
1900,5272,436.41331056,8.5917024
1900,5273,438.80980056,8.87480064
1900,5274,441.44202288,9.8700336
1900,5275,444.1853448,9.87552
1900,5276,446.99547888,11.59386048
1900,5277,451.0966848,16.71596352
1900,5278,455.73811824,16.68633696
1900,5279,460.78103424,20.12630976
1900,5280,466.2310716,19.68959232
1900,5281,472.18110288,22.0717872
1900,5282,478.30883256,22.05423072
1900,5283,484.36517808,21.03156576
1900,5284,490.11175536,21.9510864
1900,5285,496.33269288,21.15994752
1900,5286,499.7505372,21.1665312
1905,5281,493.7374428,20.1131424
1905,5282,496.88773368,17.63219232
1905,5283,499.8924216,17.1395136
1909,5113,21.0517232,5.4425088
1909,5114,22.10184048,6.57709632
1909,5115,24.13083312,7.54489728
1909,5116,26.25342984,7.67657088
1909,5117,28.48468776,7.78190976
1909,5118,30.22540056,4.67002368
1909,5119,30.95112936,0.61337952
1909,5120,30.9688992,0
1909,5121,31.03720488,0.86355936
1909,5122,31.4486544,1.64592
1909,5123,31.9058544,1.64592
1909,5124,32.38847472,2.0574
1909,5125,33.05964432,2.5292304
1909,5126,33.763458,2.55556512
1909,5127,34.4239596,1.73809152
1909,5128,34.70327832,0.73408032
1909,5129,34.906458,0.73408032
1909,5130,35.14112352,1.6294608
1909,5131,35.99523408,3.85913376
1909,5132,37.70424768,9.86344992
1909,5133,40.92388056,11.8835424
1909,5134,44.22772968,11.90877984
1909,5135,47.11040616,7.52075712
1909,5136,48.71819568,5.85728064
1909,5137,50.76968256,8.45234784
1909,5138,53.12286048,8.4710016
1909,5139,55.47500208,8.4710016
1909,5140,57.82720464,8.4710016
1909,5141,60.1794072,8.4710016
1909,5142,62.53212792,8.47429344
1909,5143,64.88518392,8.4710016
1909,5144,67.20178584,7.1542656
1909,5145,68.0746416,0.04608576
1909,5146,68.0746416,0
1909,5147,68.0746416,0
1909,5148,68.0746416,0
1909,5149,68.0746416,0
1909,5150,68.0746416,0
1909,5151,68.0746416,0
1909,5152,68.0746416,0
1909,5153,68.0746416,0
1909,5154,68.0746416,0
1909,5155,68.0746416,0
1909,5156,68.0746416,0.21067776
1909,5157,70.3519548,18.35968896
1909,5158,76.1914656,20.63873952
1909,5159,80.82049368,12.99398976
1909,5160,84.04466808,11.52363456
1909,5161,87.7758468,14.37107616
1909,5162,91.7444952,14.16259296
1909,5163,95.35893552,11.63445984
1909,5164,98.49127368,11.25150912
1909,5165,101.67039864,11.6805456
1909,5166,104.930448,11.77820352
1909,5167,108.37231056,13.18491648
1909,5168,112.10053272,13.45045824
1909,5169,115.98337992,14.79352896
1909,5170,120.14030328,14.8242528
1909,5171,124.25455464,14.81328
1909,5172,128.25414024,14.1165072
1909,5173,132.40591248,15.68342304
1909,5174,136.68655416,15.00310944
1909,5175,140.68601784,15.18745248
1909,5176,145.15654992,15.19623072
1909,5177,149.12422296,13.5404352
1909,5178,152.43179064,11.49839712
1909,5179,156.40437096,15.89300352
1909,5180,160.34732472,12.72405888
1909,5181,163.85557272,12.79757664
1909,5182,167.00043816,9.15570432
1909,5183,169.3691304,8.50721184
1909,5184,171.69530304,8.28336672
1909,5185,174.12212064,9.05585184
1909,5186,176.66851128,9.7219008
1909,5187,179.60757576,10.98816192
1909,5188,182.72031528,12.3114816
1909,5189,186.61270272,14.84729568
1909,5190,190.62902184,13.01593536
1909,5191,193.90854792,12.88096992
1909,5192,198.1564236,16.50638304
1909,5193,202.84208352,16.94968416
1909,5194,207.73107552,18.69106752
1909,5195,212.97515952,18.82822752
1909,5196,218.19644448,18.82713024
1909,5197,223.41757704,18.72947232
1909,5198,228.1906536,14.59162944
1909,5199,231.90043536,13.16736
1909,5200,235.55815728,13.16736
1909,5201,239.21042328,13.07079936
1909,5202,243.071142,15.47493984
1909,5203,247.43411016,14.12528544
1909,5204,251.07080088,13.41534528
1909,5205,254.79091536,13.04007552
1909,5206,258.46768728,14.48299872
1909,5207,262.965438,16.96833792
1909,5208,267.70084128,17.03198016
1909,5209,272.38028328,16.88494464
1909,5210,277.07612352,16.44164352
1909,5211,281.6003004,16.45810272
1909,5212,286.1665092,16.3384992
1909,5213,290.7089436,16.45151904
1909,5214,295.28158368,16.4592
1909,5215,299.8535532,16.4592
1909,5216,304.4257056,16.4592
1909,5217,308.99371272,16.34288832
1909,5218,313.52724696,16.42408704
1909,5219,318.0994908,16.4592
1909,5220,322.70794488,16.94529504
1909,5221,327.50138208,17.3479968
1909,5222,332.29655664,16.81910784
1909,5223,336.33972864,11.92414176
1909,5224,339.41927544,10.9728
1909,5225,342.44801208,10.83234816
1909,5226,345.47833368,10.85319648
1909,5227,348.04526784,7.45711488
1909,5228,350.0326248,7.15316832
1909,5229,352.01857968,7.1542656
1909,5230,353.87206848,5.66854848
1909,5231,355.26460824,4.87631232
1909,5232,356.60505768,4.85217216
1909,5233,357.9438612,4.88728512
1909,5234,359.1883596,3.0888432
1909,5235,360.04277496,4.46263776
1909,5236,361.31150496,2.96704512
1909,5237,361.66827336,1.56033216
1909,5238,362.56990224,3.9172896
1909,5239,363.54663384,2.1342096
1909,5240,363.7367376,0.58265568
1909,5241,364.17004128,2.09141568
1909,5242,364.68890232,1.12032288
1909,5243,364.7742768,0
1909,5244,364.7742768,0
1909,5245,364.7742768,0
1909,5246,364.99702464,2.53691136
1909,5247,366.21098208,5.35143456
1909,5248,367.96291152,8.0979264
1909,5249,370.40695032,9.1842336
1909,5250,373.29806976,10.97499456
1909,5251,376.34613072,10.98048096
1909,5252,379.13453256,7.95089088
1909,5253,380.9193804,6.2874144
1909,5254,382.99790304,8.53574112
1909,5255,385.39878216,8.6355936
1909,5256,387.81596808,8.72995968
1909,5257,390.22312608,8.6355936
1909,5258,392.62138392,8.71020864
1909,5259,395.19002496,9.36967392
1909,5260,397.6018464,7.72155936
1909,5261,399.38925456,6.73510464
1909,5262,401.9143092,10.45268928
1909,5263,404.81411544,10.05986304
1909,5264,407.08118736,6.17439456
1909,5265,408.86963184,8.17583328
1909,5266,411.48865632,9.66813408
1909,5267,414.08957568,8.72666784
1909,5268,416.33771952,7.8894432
1909,5269,418.53831456,7.97393376
1909,5270,420.641526,6.89969664
1909,5271,422.59142304,7.27167456
1909,5272,424.37678904,6.3697104
1909,5273,426.67638312,9.4146624
1909,5274,429.270414,9.09315936
1909,5275,431.64056928,7.89712416
1909,5276,433.92980016,9.0580464
1909,5277,436.61859336,10.14545088
1909,5278,439.53754104,11.47315968
1909,5279,443.0918748,14.40509184
1909,5280,447.60559704,17.97125184
1909,5281,452.94157824,20.14715808
1909,5282,459.05650632,22.97594592
1909,5283,465.12166056,21.83916384
1909,5284,471.44199336,22.64127552
1909,5285,477.6557376,22.1321376
1909,5286,483.48796368,20.01658176
1909,5287,489.03571992,20.3380848
1909,5288,494.909094,20.89989216
1909,5289,499.0359336,18.99830592
1915,5120,21.67810752,5.65757568
1915,5121,23.1087168,3.43558368
1915,5122,23.49974472,0.1591056
1915,5123,23.5019088,0
1915,5124,23.5019088,0
1915,5125,23.5019088,0
1915,5126,23.60154792,0.99084384
1915,5127,23.94268008,1.99814688
1915,5128,24.925782,4.07200608
1915,5129,26.0564376,4.0709088
1915,5130,27.10595544,2.72564352
1915,5131,27.673554,2.32513632
1915,5132,28.50904128,3.70112544
1915,5133,29.56947096,4.38802272
1915,5134,31.033974,5.4864
1915,5135,32.65081608,7.36933248
1915,5136,35.36832144,10.9782864
1915,5137,38.41635192,10.9728
1915,5138,41.40208128,9.5627952
1915,5139,43.46323032,6.04162368
1915,5140,44.70995376,3.01642272
1915,5141,45.57893856,3.36206592
1915,5142,46.51302864,3.35987136
1915,5143,47.43069,2.81562048
1915,5144,47.95476312,1.22127264
1915,5145,48.1780596,0.29407104
1915,5146,48.54820872,3.23807328
1915,5147,49.6825524,4.18722048
1915,5148,50.57735376,1.33429248
1915,5149,50.689764,0.46305216
1915,5150,50.79092712,0.3401568
1915,5151,50.92744704,0.16239744
1915,5152,50.9296416,0
1915,5153,50.9296416,0
1915,5154,50.9296416,0
1915,5155,51.22609008,3.11737248
1915,5156,53.5067256,12.44534976
1915,5157,57.02326416,12.65383296
1915,5158,60.53879688,12.65383296
1915,5159,64.0557012,12.65822208
1915,5160,67.56879552,12.56275872
1915,5161,71.29552416,14.95921824
1915,5162,75.61048632,14.95263456
1915,5163,79.633572,14.97896928
1915,5164,83.8766928,14.77268064
1915,5165,87.75704064,13.48447392
1915,5166,91.410282,12.85134336
1915,5167,94.95376488,12.82281408
1915,5168,98.27599344,10.9124496
1915,5169,101.50592856,13.62492576
1915,5170,105.79175184,16.01809344
1915,5171,110.24439216,16.0312608
1915,5172,114.6983736,16.13221056
1915,5173,119.20432344,16.13221056
1915,5174,123.65757336,16.02467712
1915,5175,128.01011736,15.31144512
1915,5176,132.45172392,16.66987776
1915,5177,136.99236,16.020288
1915,5178,141.44262288,16.020288
1915,5179,145.68549984,13.22990496
1915,5180,148.87541472,11.34258336
1915,5181,152.27180112,12.80635488
1915,5182,155.81732616,12.26100672
1915,5183,158.75776224,9.3488256
1915,5184,161.3440512,9.15460704
1915,5185,163.72627656,8.15169312
1915,5186,166.0023096,8.2296
1915,5187,168.26657736,7.45382304
1915,5188,170.04648744,7.30349568
1915,5189,172.77063744,10.98048096
1915,5190,175.81851552,10.9728
1915,5191,178.87273344,11.2526064
1915,5192,182.49415368,15.36960096
1915,5193,187.02622488,16.48882656
1915,5194,191.60511336,16.41421152
1915,5195,196.48145616,20.07144576
1915,5196,202.32788592,20.21299488
1915,5197,207.73503792,19.73019168
1915,5198,213.40956048,20.59814016
1915,5199,219.00602376,18.65814912
1915,5200,223.71622008,16.31765088
1915,5201,228.26999304,16.1519616
1915,5202,232.19401872,12.12055488
1915,5203,235.48646832,11.86049952
1915,5204,238.77964944,11.8122192
1915,5205,242.06295504,12.13701408
1915,5206,245.56327824,12.80635488
1915,5207,249.11919696,12.8052576
1915,5208,252.72711456,13.88717568
1915,5209,256.93442136,15.73060608
1915,5210,261.39279192,17.18121024
1915,5211,266.66427744,19.91672928
1915,5212,272.17362888,20.3764896
1915,5213,278.00256312,19.60180992
1915,5214,282.81730584,16.45261632
1915,5215,287.36903664,16.33191552
1915,5216,291.926772,16.4592
1915,5217,296.49883296,16.4592
1915,5218,301.07095488,16.4592
1915,5219,305.64301584,16.4592
1915,5220,310.19834328,16.3055808
1915,5221,314.7444048,16.4592
1915,5222,319.31652672,16.46029728
1915,5223,323.7942216,15.55284672
1915,5224,328.04258496,15.26755392
1915,5225,332.03028336,12.4651008
1915,5226,335.09992416,9.78444576
1915,5227,337.52689416,8.73654336
1915,5228,339.8797368,8.23069728
1915,5229,342.32432424,8.49733632
1915,5230,344.1792456,5.48749728
1915,5231,345.70403808,5.35801824
1915,5232,347.0625012,4.39570368
1915,5233,348.10214352,3.25672704
1915,5234,349.00840536,3.2589216
1915,5235,349.91463672,3.2589216
1915,5236,350.8208376,3.2589216
1915,5237,351.727008,3.2589216
1915,5238,352.63323936,3.2589216
1915,5239,353.53944024,3.2589216
1915,5240,354.44561064,3.2589216
1915,5241,355.351842,3.2589216
1915,5242,356.25804288,3.2589216
1915,5243,357.08844,2.20882464
1915,5244,357.37156872,0.16349472
1915,5245,357.376476,0.25127712
1915,5246,357.98458248,4.20587424
1915,5247,359.28235992,5.0639472
1915,5248,360.73607304,5.25377664
1915,5249,362.24681424,5.4864
1915,5250,363.7708752,5.4864
1915,5251,365.29481424,5.4864
1915,5252,366.8188752,5.4864
1915,5253,368.33882136,5.97578688
1915,5254,370.54051368,9.37406304
1915,5255,373.14722424,9.381744
1915,5256,375.7438764,9.00647424
1915,5257,377.88003672,6.7372992
1915,5258,379.73379984,6.44213088
1915,5259,381.65480184,8.4325968
1915,5260,384.3721548,10.204704
1915,5261,387.2200536,10.29687552
1915,5262,390.06776952,10.204704
1915,5263,392.8878096,9.81407232
1915,5264,395.21398224,7.06319136
1915,5265,397.19536512,7.86640032
1915,5266,399.63812376,9.20947104
1915,5267,402.19484712,9.2061792
1915,5268,404.75873328,9.1183968
1915,5269,406.99163712,7.50978432
1915,5270,409.34682672,9.0306144
1915,5271,411.85386768,9.02622528
1915,5272,414.35834832,8.62900992
1915,5273,416.37740448,6.3587376
1915,5274,418.10385264,5.76072
1915,5275,419.74940688,6.32801376
1915,5276,421.82253456,8.97684768
1915,5277,424.42845264,9.41685696
1915,5278,426.9502764,8.55000576
1915,5279,429.93871848,13.469112
1915,5280,433.91413344,15.13588032
1915,5281,438.44337,17.66730528
1915,5282,443.52030168,18.37834272
1915,5283,448.61677104,18.30592224
1915,5284,453.6980004,18.2916576
1915,5285,458.76661104,18.60328512
1915,5286,464.83179576,24.64710336
1915,5287,470.34742608,17.8801776
1915,5288,477.17973144,27.6295104
1915,5289,483.76810536,20.41160256
1915,5290,489.62983608,22.45802976
1915,5291,495.88481976,21.57691392
1915,5292,499.5084752,18.4233312
1924,5200,206.2043628,22.4064576
1924,5201,209.93791896,22.39987392
1924,5202,216.01377168,19.62704736
1924,5203,221.70042528,24.20709408
1924,5204,228.1438668,19.2133728
1924,5205,232.83345864,16.01260704
1924,5206,236.71444656,11.69590752
1924,5207,239.77216968,10.87075296
1924,5208,242.8003272,10.9728
1924,5209,245.85417936,11.1319056
1924,5210,249.41107344,14.94714816
1924,5211,253.7392944,15.6142944
1924,5212,258.3887136,18.44637408
1924,5213,263.6646492,19.03671072
1924,5214,268.96256088,18.81396288
1924,5215,273.9356472,17.0133264
1924,5216,278.55495216,16.4592
1924,5217,283.12695216,16.4592
1924,5218,287.6888328,16.32642912
1924,5219,292.23541248,16.46358912
1924,5220,296.80777824,16.4592
1924,5221,301.3798392,16.4592
1924,5222,305.9518392,16.4592
1924,5223,310.50716664,16.30996992
1924,5224,315.05402064,16.4646864
1924,5225,319.4000724,13.53165696
1924,5226,322.94507928,14.51811168
1924,5227,326.24987328,7.07087232
1924,5228,327.9082596,5.83643232
1924,5229,329.52997848,5.83423776
1924,5230,331.30796832,7.53063264
1924,5231,333.66139008,8.85724416
1924,5232,335.81830728,6.17658912
1924,5233,337.36891632,5.431536
1924,5234,338.76380304,4.71501216
1924,5235,339.6930468,1.10935008
1924,5236,339.7425768,0
1924,5237,339.74632584,0.20958048
1924,5238,340.15174032,3.27757536
1924,5239,341.48194848,5.48530272
1924,5240,342.97333488,5.34924
1924,5241,344.489532,5.4864
1924,5242,346.000578,5.03432064
1924,5243,347.08929312,3.4344864
1924,5244,348.14953992,3.9282624
1924,5245,349.24026672,3.9282624
1924,5246,350.33096304,3.9282624
1924,5247,351.4217508,3.9282624
1924,5248,352.51256904,3.9282624
1924,5249,353.60326536,3.9282624
1924,5250,354.69399216,3.9282624
1924,5251,355.78477992,3.9282624
1924,5252,356.87556768,3.9282624
1924,5253,357.99223296,4.47031872
1924,5254,359.42582928,5.43482784
1924,5255,360.97271976,6.9567552
1924,5256,363.41111976,9.4036896
1924,5257,365.90724888,7.58330208
1924,5258,367.64436504,6.08002848
1924,5259,369.53491752,7.6864464
1924,5260,371.83646232,8.73215424
1924,5261,374.35127568,9.32797728
1924,5262,376.86898464,8.12974752
1924,5263,378.96033936,7.01491104
1924,5264,381.0986028,8.68387392
1924,5265,383.17605864,8.16815232
1924,5266,386.0637948,10.94317344
1924,5267,389.10658272,10.89269856
1924,5268,392.11562928,10.30455648
1924,5269,394.3971792,6.48382752
1924,5270,396.13981224,5.89678272
1924,5271,397.678656,5.4864
1924,5272,399.19875456,6.00321888
1924,5273,401.27160792,8.36785728
1924,5274,403.54980504,7.6151232
1924,5275,405.70763664,8.43040224
1924,5276,408.07139112,8.50392
1924,5277,410.43380448,8.50392
1924,5278,412.7932308,8.34371712
1924,5279,414.9797136,7.79288256
1924,5280,417.58139496,10.83125088
1924,5281,420.6302484,10.9728
1924,5282,423.73655664,11.97351936
1924,5283,427.49245464,15.14026944
1924,5284,431.8599948,16.4098224
1924,5285,437.25001704,21.28394016
1924,5286,442.58657736,17.86481568
1924,5287,448.20669312,22.53922848
1924,5288,454.49081568,21.20054688
1924,5289,459.61922808,17.85603744
1924,5290,466.22089128,26.4115296
1924,5291,471.5894556,20.30845824
1924,5292,479.42851536,28.52818272
1924,5293,486.41925576,23.45326272
1924,5294,492.76363728,21.40354368
1924,5295,497.93914128,16.93322496
1932,5201,197.3327016,21.6195510857143
1932,5202,202.28240976,20.41928352
1932,5203,207.67770504,18.86004864
1932,5204,212.9163636,18.81506016
1932,5205,218.1397212,18.845784
1932,5206,223.21369632,15.91165728
1932,5207,226.67665104,10.78735968
1932,5208,229.67432856,10.78955424
1932,5209,232.66124664,10.68531264
1932,5210,235.6651116,10.9728
1932,5211,238.71335544,10.94646528
1932,5212,241.79729136,12.30160608
1932,5213,245.92321656,16.43067072
1932,5214,250.50161736,16.53820416
1932,5215,255.02140512,15.79095648
1932,5216,259.39967424,16.04333088
1932,5217,264.11136408,17.87688576
1932,5218,269.10481104,17.7869088
1932,5219,274.0549764,18.1380384
1932,5220,279.45292344,19.68849504
1932,5221,284.5451256,17.5455072
1932,5222,289.6272084,20.45659104
1932,5223,295.66587552,21.94779456
1932,5224,301.33064448,17.82860544
1932,5225,305.9524488,16.4592
1932,5226,310.50414912,15.85130688
1932,5227,314.22231288,10.97170272
1932,5228,316.57619184,5.95054944
1932,5229,318.1048248,5.4864
1932,5230,319.6942044,6.31155456
1932,5231,321.67317936,8.17363872
1932,5232,323.8909956,7.16633568
1932,5233,325.87435968,7.1432928
1932,5234,327.85757136,6.8525136
1932,5235,329.29589208,3.66162336
1932,5236,330.250038,2.90669472
1932,5237,330.93845928,2.8968192
1932,5238,331.68668232,2.78050752
1932,5239,332.86138152,4.91252256
1932,5240,334.31692344,5.48201088
1932,5241,335.8411368,5.4864
1932,5242,337.3651368,5.4864
1932,5243,338.88965496,5.3602128
1932,5244,339.95992968,1.5142464
1932,5245,340.46736072,3.76696224
1932,5246,341.3770668,0.98316288
1932,5247,341.43321096,0.65617344
1932,5248,342.09651672,3.4344864
1932,5249,343.07291304,4.19051232
1932,5250,344.4893796,5.48859456
1932,5251,346.01273952,5.49847008
1932,5252,347.74284528,7.21351872
1932,5253,349.82920128,7.53392448
1932,5254,351.9219276,7.53502176
1932,5255,354.01462344,7.53611904
1932,5256,356.10731928,7.53502176
1932,5257,358.2000456,7.5383136
1932,5258,360.25451952,6.9787008
1932,5259,362.0118744,6.0514992
1932,5260,363.69976536,6.62098752
1932,5261,365.71296936,6.58258272
1932,5262,367.66396368,8.23069728
1932,5263,369.96962328,8.59060512
1932,5264,372.58550832,10.29577824
1932,5265,375.42045312,8.91210816
1932,5266,377.36907,6.17110272
1932,5267,379.325886,7.13341728
1932,5268,380.98335792,5.62685184
1932,5269,382.97467728,8.45783424
1932,5270,385.32416712,8.449056
1932,5271,387.68968944,8.54122752
1932,5272,390.0452448,8.449056
1932,5273,392.39330208,8.449056
1932,5274,394.65330264,7.26948
1932,5275,397.01501496,10.50206688
1932,5276,399.83563416,9.37516032
1932,5277,401.94421008,5.94945216
1932,5278,404.08460712,9.82943424
1932,5279,406.85612304,9.99183168
1932,5280,409.69009248,10.23871968
1932,5281,412.53387648,10.259568
1932,5282,415.72866816,13.1563872
1932,5283,419.51111424,13.63150944
1932,5284,423.29822376,13.633704
1932,5285,426.9015084,11.74309056
1932,5286,430.709832,17.52136704
1932,5287,436.73377728,24.743664
1932,5288,443.61411912,23.51909952
1932,5289,448.8173904,15.44531328
1932,5290,454.9328976,28.61925696
1932,5291,461.583024,20.21957856
1932,5292,468.35458272,21.21920064
1932,5293,473.00314848,24.08858784
1932,5294,480.77317104,23.39071776
1932,5295,486.48012432,19.98585792
1932,5296,492.03156864,19.696176
1932,5297,496.62737352,14.5225008
1932,5298,499.4667176,17.721072
1960,5236,301.9350324,21.58678944
1960,5237,308.01146424,21.8687904
1960,5238,314.00489904,20.11533696
1960,5239,318.55077768,13.84657632
1960,5240,322.39714032,13.5075168
1960,5241,325.3791816,7.71168384
1960,5242,327.34282512,7.022592
1960,5243,329.2908324,6.82288704
1960,5244,330.92773032,5.09467104
1960,5245,332.32859112,5.047488
1960,5246,333.73566984,4.9487328
1960,5247,334.87894416,3.20076576
1960,5248,335.5872384,2.46119904
1960,5249,336.40431576,3.07896768
1960,5250,337.25955408,3.08225952
1960,5251,338.11470096,3.07567584
1960,5252,339.1474548,5.58186336
1960,5253,341.55945912,10.60740576
1960,5254,344.02014,6.35105664
1960,5255,345.57943584,5.89568544
1960,5256,347.3505372,6.83934624
1960,5257,349.36172952,7.351776
1960,5258,351.40462104,7.351776
1960,5259,353.447604,7.351776
1960,5260,355.4911356,7.29471744
1960,5261,357.2990568,5.63672736
1960,5262,358.82391024,5.4864
1960,5263,360.31407744,5.24390112
1960,5264,361.95993648,7.95198816
1960,5265,364.77604464,10.97499456
1960,5266,367.80380592,10.1004624
1960,5267,369.8674848,5.56430688
1960,5268,371.80787208,8.41174848
1960,5269,374.16492096,8.48087712
1960,5270,376.52129928,8.45673696
1960,5271,378.63834864,6.45968736
1960,5272,380.26125624,6.63086304
1960,5273,382.16848128,5.85289152
1960,5274,384.10146192,8.26361568
1960,5275,386.39828232,8.3283552
1960,5276,388.71506712,8.28226944
1960,5277,391.00914432,8.2625184
1960,5278,393.30916512,8.37663552
1960,5279,395.44986696,6.60233376
1960,5280,397.209264,7.47357408
1960,5281,399.68192352,9.2829888
1960,5282,402.26095824,9.2829888
1960,5283,404.83926144,9.28737792
1960,5284,407.7676884,12.124944
1960,5285,411.31208568,14.36449248
1960,5286,416.12765136,18.98513856
1960,5287,421.40508048,19.21666464
1960,5288,426.84380976,19.75213728
1960,5289,432.34529736,20.06157024
1960,5290,438.0239652,20.59704288
1960,5291,443.76100224,21.33222048
1960,5292,450.08130456,22.92437376
1960,5293,457.5727704,33.439608
1960,5294,466.4554044,27.10501056
1960,5295,471.41041608,15.69878496
1960,5296,478.57565448,27.35738496
1960,5297,484.62739752,18.93246912
1960,5298,489.88769688,18.9390528
1960,5299,495.08743248,17.583912
1960,5300,498.747288,13.4840036571429
1963,5301,475.375746514286,23.0240694857143
1963,5302,479.20628568,9.52000128
1963,5303,480.6008676,2.1835872
1963,5304,480.85351632,0.50804064
1963,5305,481.1691672,1.59544512
1963,5306,481.43361168,0.84819744
1963,5307,482.30707704,4.80389184
1963,5308,483.74314224,5.43263328
1963,5309,485.2656792,5.4754272
1963,5310,486.78772848,5.35362912
1963,5311,487.9564536,2.10458304
1963,5312,488.30615064,2.29441248
1963,5313,489.48078888,5.25377664
1963,5314,490.93992744,5.24829024
1963,5315,492.39851736,5.25377664
1963,5316,493.85695488,5.25487392
1963,5317,495.0480828,2.20443552
1963,5318,495.26336304,0.12947904
1963,5319,495.2652528,0
1963,5320,495.2652528,0
1963,5321,495.2652528,0
1963,5322,495.26820936,0.01536192
1963,5323,495.2719584,0
1963,5324,495.2719584,0
1963,5325,495.2719584,0
1963,5326,495.2719584,0
1963,5327,495.3245364,0.6803136
1963,5328,495.5142744,0.05266944
1963,5329,495.5142744,0
1963,5330,495.63214056,2.79586944
1963,5331,497.32871832,4.92349536
1963,5332,497.6801832,0
1963,5333,497.68301784,0.07242048
1963,5334,497.74291104,0.18544032
1963,5335,497.78174256,0.60460128
1963,5336,498.12631896,1.02156768
1963,5337,498.51054984,1.93779648
1963,5338,498.82001328,0.6693408
1963,5339,499.4344088,5.6729376
1972,5146,28.3186632,4.224528
1972,5147,29.3167308,4.224528
1972,5148,30.4909728,4.224528
1972,5149,31.66524528,4.224528
1972,5150,32.83765848,4.19490144
1972,5151,34.00452432,4.22562528
1972,5152,34.98299328,1.77978816
1972,5153,35.0913192,0
1972,5154,35.0913192,0
1972,5155,35.21707968,1.85769504
1972,5156,36.09316632,2.47217184
1972,5157,36.3102144,0
1972,5158,36.3102144,0
1972,5159,37.02128232,5.67622944
1972,5160,38.81938896,6.49809216
1972,5161,40.05645024,1.3825728
1972,5162,40.48783368,5.02444512
1972,5163,42.64834752,5.8594752
1972,5164,43.2331368,1.92462912
1972,5165,45.00085488,9.36309024
1972,5166,47.60966856,9.381744
1972,5167,50.22342,9.79212672
1972,5168,53.29616976,11.99985408
1972,5169,56.60294496,10.7588304
1972,5170,58.35926352,5.06614176
1972,5171,61.16019264,12.81184128
1972,5172,64.6611864,11.77052256
1972,5173,67.85652672,11.95815744
1972,5174,71.13873504,10.65897792
1972,5175,73.78238736,10.9947456
1972,5176,77.6305788,15.04480608
1972,5177,81.60992568,12.4870464
1972,5178,84.93355632,12.5803152
1972,5179,88.2415812,10.22994144
1972,5180,91.21417368,13.5349488
1972,5181,95.75191416,15.36630912
1972,5182,99.42658296,14.34364416
1972,5183,103.67656176,15.26974848
1972,5184,107.42989944,12.09531744
1972,5185,110.99816256,13.69624896
1972,5186,114.79810416,13.50641952
1972,5187,118.6863768,14.68489824
1972,5188,122.64563736,11.11325184
1972,5189,126.27949344,16.04442816
1972,5190,129.041652,10.8136944
1972,5191,133.03425768,8.06281344
1972,5192,133.874256,3.01971456
1972,5193,135.9337896,10.94427072
1972,5194,139.03214256,11.1483648
1972,5195,142.12802664,11.14507296
1972,5196,145.36786776,12.32684352
1972,5197,148.81390608,11.46547872
1972,5198,151.33463256,8.20875168
1972,5199,153.8718792,9.4036896
1972,5200,156.57371784,10.84990464
1972,5201,159.94504968,12.61981728
1972,5202,163.34232,11.33599968
1972,5203,166.3711176,10.97718912
1972,5204,169.4191176,10.9728
1972,5205,172.4666604,11.10886272
1972,5206,175.69842432,12.23576928
1972,5207,179.24492472,13.07628576
1972,5208,182.90310384,13.26501792
1972,5209,186.42180648,12.08324736
1972,5210,189.78170832,12.08544192
1972,5211,193.13170416,12.00753504
1972,5212,196.44442296,11.88463968
1972,5213,199.74647376,11.88244512
1972,5214,203.06854992,12.48156
1972,5215,206.76921816,13.71929184
1972,5216,210.57897432,13.716
1972,5217,214.30420944,12.29941152
1972,5218,217.4226792,10.96621632
1972,5219,220.56202776,11.92962816
1972,5220,224.02690272,13.76428032
1972,5221,228.3023628,15.96652128
1972,5222,232.73421576,16.03894176
1972,5223,237.24805992,16.00163424
1972,5224,241.52257512,15.27523488
1972,5225,245.7219876,15.26426208
1972,5226,250.18154688,16.00821792
1972,5227,254.29000704,13.9189968
1972,5228,258.12829248,13.86303552
1972,5229,262.01071296,14.06274048
1972,5230,265.98804816,14.50384704
1972,5231,269.9884872,14.237208
1972,5232,273.97356432,14.46324768
1972,5233,277.95730032,14.3688816
1972,5234,281.98212336,14.5060416
1972,5235,286.00627584,14.48519328
1972,5236,290.27253096,16.3384992
1972,5237,294.84578064,16.26498144
1972,5238,299.0037708,13.7873232
1972,5239,302.76417984,12.89413728
1972,5240,306.01328688,10.97170272
1972,5241,309.06101256,10.94427072
1972,5242,311.74788552,7.28155008
1972,5243,313.3609176,5.4864
1972,5244,314.88241824,5.68281312
1972,5245,316.78513224,6.92603136
1972,5246,318.43452696,6.04930464
1972,5247,320.00872752,4.69855296
1972,5248,321.35176776,4.99042944
1972,5249,322.6759104,5.37776928
1972,5250,324.334632,6.08332032
1972,5251,326.02282776,5.83862688
1972,5252,327.48096048,5.50944288
1972,5253,328.88319288,3.90851136
1972,5254,329.95532688,3.8624256
1972,5255,331.02892392,3.8624256
1972,5256,332.10181992,3.91509504
1972,5257,333.39508632,5.76181728
1972,5258,335.25308616,7.42200192
1972,5259,337.3416672,7.5383136
1972,5260,339.44823144,7.13890368
1972,5261,341.15285592,5.4809136
1972,5262,342.71815632,6.04930464
1972,5263,344.38800312,6.51455136
1972,5264,347.2443144,10.82905632
1972,5265,349.25693928,6.07783392
1972,5266,350.94431208,6.07563936
1972,5267,352.63168488,6.0789312
1972,5268,354.31905768,6.07563936
1972,5269,356.0236212,6.62866848
1972,5270,358.28319504,8.4106512
1972,5271,360.18176376,6.01419168
1972,5272,361.91927616,7.3901808
1972,5273,364.46456952,8.99989056
1972,5274,366.56464152,7.21681056
1972,5275,368.57242008,7.2255888
1972,5276,370.57940616,7.22229696
1972,5277,372.596664,7.7687424
1972,5278,375.21971184,9.83053152
1972,5279,377.4815412,7.13561184
1972,5280,379.336554,6.8141088
1972,5281,381.44906184,8.34261984
1972,5282,383.8907232,8.82322848
1972,5283,386.34369264,8.89455168
1972,5284,388.8179676,8.8440768
1972,5285,391.2684072,8.8221312
1972,5286,393.7191516,8.82103392
1972,5287,396.19632216,8.7288624
1972,5288,398.61204504,9.05365728
1972,5289,401.25712992,10.32979392
1972,5290,404.2769664,10.9728
1972,5291,407.3295384,11.38428
1972,5292,410.738574,12.61762272
1972,5293,414.51538128,15.00310944
1972,5294,418.52795136,13.20905664
1972,5295,422.12245776,12.947904
1972,5296,425.73863544,14.12748
1972,5297,429.92445384,15.40361664
1972,5298,434.33140464,15.72292512
1972,5299,438.49844736,14.68380096
1972,5300,442.58258448,14.58943488
1972,5301,446.75368104,15.21707904
1972,5302,450.83208792,14.22733248
1972,5303,454.56159024,12.7065024
1972,5304,457.9944612,11.52582912
1972,5305,460.3885128,5.78156832
1972,5306,462.42216888,9.4530672
1972,5307,465.06594312,9.5134176
1972,5308,467.59767288,7.91577792
1972,5309,469.63916232,7.57781568
1972,5310,471.73234584,7.49771424
1972,5311,473.7975792,6.88982112
1972,5312,475.38113712,5.09028192
1972,5313,476.89401192,5.7113424
1972,5314,478.48119696,5.71573152
1972,5315,480.05414784,5.17696704
1972,5316,481.38490464,5.30425152
1972,5317,482.63516376,3.27208896
1972,5318,483.87649224,6.88104288
1972,5319,486.22491528,8.78153184
1972,5320,488.37122544,5.61039264
1972,5321,489.26684976,1.58227776
1972,5322,489.55564776,0.6967728
1972,5323,489.78622896,0.768096
1972,5324,489.9053448,0.01426464
1972,5325,489.9053448,0
1972,5326,489.9053448,0
1972,5327,489.9466452,0.52011072
1972,5328,490.27509768,1.71834048
1972,5329,490.79822592,1.8873216
1972,5330,491.32260384,1.88951616
1972,5331,491.70927312,0.52340256
1972,5332,491.73384,0
1972,5333,491.73384,0
1972,5334,491.73384,0
1972,5335,491.73384,0
1972,5336,491.86981128,0.83283552
1972,5337,492.03979824,0.16239744
1972,5338,492.05772048,0.61776864
1972,5339,492.83041896,3.20186304
1972,5340,493.28322984,0.9820656
1972,5341,493.69687392,2.58299712
1972,5342,494.60578752,3.20844672
1972,5343,495.46523208,3.07567584
1972,5344,497.18104272,9.00208512
1972,5345,499.02642384,4.30462944
1972,5346,499.802658,4.0379904
1994,5302,419.3382012,25.3636272
1994,5303,423.35997624,19.34724096
1994,5304,428.65298064,17.9460144
1994,5305,432.63711288,11.61690336
1994,5306,435.79182336,10.08180864
1994,5307,437.45377584,2.86609536
1994,5308,438.22382256,3.25562976
1994,5309,439.56344904,5.96591136
1994,5310,441.22320696,5.43373056
1994,5311,442.12675608,1.74357792
1994,5312,442.83224616,5.07711456
1994,5313,445.18673472,9.87990912
1994,5314,447.84587088,8.51818464
1994,5315,449.87647896,6.85690272
1994,5316,451.78900752,6.98199264
1994,5317,453.75856416,7.1378064
1994,5318,455.48074512,4.18283136
1994,5319,456.16971504,1.6788384
1994,5320,456.5925336,1.536192
1994,5321,457.02013752,1.536192
1994,5322,457.44761952,1.536192
1994,5323,457.87519296,1.536192
1994,5324,458.30267496,1.536192
1994,5325,458.73021792,1.536192
1994,5326,459.1577304,1.536192
1994,5327,459.58524288,1.536192
1994,5328,460.01275536,1.536192
1994,5329,460.4403288,1.536192
1994,5330,460.8678108,1.536192
1994,5331,461.29538424,1.536192
1994,5332,461.72289672,1.536192
1994,5333,462.15037872,1.536192
1994,5334,462.57792168,1.536192
1994,5335,463.00546464,1.536192
1994,5336,463.43297712,1.536192
1994,5337,463.86052008,1.536192
1994,5338,464.28806304,1.536192
1994,5339,464.71554504,1.536192
1994,5340,465.143088,1.536192
1994,5341,465.57057,1.536192
1994,5342,465.9982044,1.54606752
1994,5343,466.48844472,3.29403456
1994,5344,468.09961752,6.885432
1994,5345,469.831674,5.66854848
1994,5346,471.54919152,6.59136096
1994,5347,473.15911464,5.02334784
1994,5348,474.66174816,5.75962272
1994,5349,476.31894576,6.51455136
1994,5350,478.26192384,7.13232
1994,5351,480.17999976,6.4081152
1994,5352,482.13678528,7.9991712
1994,5353,484.2069564,7.0171056
1994,5354,486.7028112,10.08290592
1994,5355,489.28282128,11.13519744
1994,5356,493.46614032,17.04734208
1994,5357,496.5439904,17.062704
2002,5162,20.6709264,5.4864
2002,5163,21.7377264,5.4864
2002,5164,23.3790744,7.41432096
2002,5165,25.97401968,10.19043936
2002,5166,28.7985708,9.70763616
2002,5167,30.88318944,5.59941984
2002,5168,32.61686136,7.24095072
2002,5169,34.65542472,7.31556576
2002,5170,36.7213896,7.86420576
2002,5171,39.18271056,9.69117696
2002,5172,42.038778,10.15093728
2002,5173,44.7176652,9.47940192
2002,5174,47.42630088,10.52072064
2002,5175,50.61987336,13.0740912
2002,5176,54.6233604,14.7913344
2002,5177,58.73288736,14.7913344
2002,5178,62.84314584,14.80011264
2002,5179,66.51936912,8.18680608
2002,5180,68.76342864,12.64834656
2002,5181,72.53426184,11.72772864
2002,5182,76.52043624,18.91491264
2002,5183,80.70149976,9.244584
2002,5184,83.12420256,9.4201488
2002,5185,85.76185032,10.14654816
2002,5186,88.93253232,11.56862304
2002,5187,92.12223384,12.13481952
2002,5188,95.4424812,10.67214528
2002,5189,97.8478104,7.70729472
2002,5190,100.39877304,10.7149392
2002,5191,103.47877704,11.46438144
2002,5192,106.62830592,10.97060544
2002,5193,109.67548296,10.97170272
2002,5194,112.69534992,10.42525728
2002,5195,115.47936264,10.05986304
2002,5196,118.34841456,10.16849376
2002,5197,121.13379888,9.92380032
2002,5198,123.91055736,10.61728128
2002,5199,126.81319824,9.9248976
2002,5200,129.64293096,10.51084512
2002,5201,132.59522376,10.68092352
2002,5202,135.48597744,10.56132
2002,5203,138.5197128,10.9728
2002,5204,141.5677128,10.9728
2002,5205,144.61269528,10.91903328
2002,5206,147.64697928,10.98267552
2002,5207,150.9107472,12.0591072
2002,5208,154.04899848,10.9728
2002,5209,157.09699848,10.9728
2002,5210,160.14499848,10.9728
2002,5211,163.18333632,10.88721216
2002,5212,166.2168888,10.9728
2002,5213,169.2648888,10.9728
2002,5214,172.3276716,11.38537728
2002,5215,175.51368504,11.10776544
2002,5216,178.62572352,11.713464
2002,5217,181.958742,12.01192416
2002,5218,185.29806984,12.06788544
2002,5219,188.70033888,12.37402656
2002,5220,192.1389096,12.68675136
2002,5221,195.95659056,14.52579264
2002,5222,199.96986168,13.61395296
2002,5223,203.25042408,10.84332096
2002,5224,206.4475932,12.26868768
2002,5225,210.09601872,13.94313696
2002,5226,214.00081152,13.99800096
2002,5227,217.89164448,14.06054592
2002,5228,221.79735168,13.78622592
2002,5229,225.01731984,9.81187776
2002,5230,228.58149864,16.07076288
2002,5231,233.1509688,16.4592
2002,5232,237.7231212,16.43615712
2002,5233,242.2701276,16.38348768
2002,5234,246.8395368,16.4592
2002,5235,251.411232,16.4592
2002,5236,255.9218148,15.57259776
2002,5237,260.15204256,15.34765536
2002,5238,264.40290528,15.09089184
2002,5239,268.52410608,13.70831904
2002,5240,271.77333504,10.8301536
2002,5241,274.8189576,10.9728
2002,5242,277.8669576,10.9728
2002,5243,280.9149576,10.9728
2002,5244,283.9629576,10.9728
2002,5245,286.99705872,10.8411264
2002,5246,290.0237532,10.97718912
2002,5247,293.07172272,10.9782864
2002,5248,295.79645184,7.39895904
2002,5249,297.41527512,5.4864
2002,5250,298.9393056,5.4864
2002,5251,300.4633056,5.4864
2002,5252,301.9873056,5.4864
2002,5253,303.5113056,5.4864
2002,5254,305.0357628,5.35033728
2002,5255,306.3459456,4.11370272
2002,5256,307.53429984,4.80389184
2002,5257,308.94430464,4.69196928
2002,5258,310.16057856,4.44178944
2002,5259,311.3666112,4.361688
2002,5260,312.60720816,4.4769024
2002,5261,313.85173704,4.4769024
2002,5262,315.09654024,4.48019424
2002,5263,316.34119104,4.4769024
2002,5264,317.58882888,4.63491072
2002,5265,319.0109952,5.47981632
2002,5266,320.5353,5.4864
2002,5267,322.05981816,5.60600352
2002,5268,323.81132088,6.940296
2002,5269,325.75320168,6.9896736
2002,5270,327.69447288,6.9896736
2002,5271,329.63574408,6.9896736
2002,5272,331.5769848,6.9896736
2002,5273,333.51770736,6.86568096
2002,5274,335.39759184,7.14000096
2002,5275,337.33139544,6.75814752
2002,5276,339.30159216,6.44761728
2002,5277,340.8689652,5.4864
2002,5278,342.37702416,5.3437536
2002,5279,343.8558528,5.54455584
2002,5280,345.72083256,7.67876544
2002,5281,347.47974192,3.86900928
2002,5282,348.92135448,7.22997792
2002,5283,350.94486072,7.27825824
2002,5284,352.96714776,7.28155008
2002,5285,354.9894348,7.27825824
2002,5286,356.99651232,6.83495712
2002,5287,358.660446,5.47762176
2002,5288,360.30691464,6.67255968
2002,5289,362.47510944,8.74861344
2002,5290,364.93420536,8.8440768
2002,5291,367.39293552,8.72995968
2002,5292,369.54915168,6.8141088
2002,5293,371.63026512,8.54890848
2002,5294,374.25840312,10.3802688
2002,5295,377.25851904,10.70067456
2002,5296,380.05722312,9.6725232
2002,5297,383.039112,11.9493792
2002,5298,386.40056832,12.16444608
2002,5299,389.77635024,12.08544192
2002,5300,393.13161912,12.07337184
2002,5301,396.6334968,13.84657632
2002,5302,400.75701408,15.6801312
2002,5303,405.33968208,17.36665056
2002,5304,410.34062712,17.748504
2002,5305,415.16338608,17.0572176
2002,5306,419.78003928,15.89300352
2002,5307,423.21803088,8.92747008
2002,5308,425.57032488,8.449056
2002,5309,427.9175592,8.449056
2002,5310,430.26479352,8.449056
2002,5311,432.6136128,8.33493888
2002,5312,434.4957528,5.05187712
2002,5313,435.81776184,4.7512224
2002,5314,437.1386736,4.71391488
2002,5315,438.30044928,3.60785664
2002,5316,439.24401864,3.45314016
2002,5317,440.43331776,5.431536
2002,5318,442.09554456,6.03504
2002,5319,443.77291992,6.0185808
2002,5320,445.17225672,3.73843296
2002,5321,446.39886336,5.83862688
2002,5322,448.14326424,6.29180352
2002,5323,449.59152144,3.77683776
2002,5324,450.73598448,5.14404864
2002,5325,452.25647928,5.90446368
2002,5326,454.01496192,5.2998624
2002,5327,454.90604472,1.86098688
2002,5328,455.28213744,1.14336576
2002,5329,455.51741256,0.301752
2002,5330,455.5257336,0
2002,5331,455.5257336,0
2002,5332,455.5257336,0
2002,5333,455.5257336,0
2002,5334,455.5257336,0
2002,5335,455.5257336,0
2002,5336,455.5257336,0
2002,5337,455.5257336,0
2002,5338,455.5257336,0
2002,5339,455.5257336,0
2002,5340,455.5257336,0
2002,5341,455.5257336,0
2002,5342,455.5257336,0
2002,5343,455.5257336,0
2002,5344,455.5642908,0.71542656
2002,5345,456.04651488,2.21760288
2002,5346,456.67644504,2.20882464
2002,5347,457.7507736,5.52590208
2002,5348,459.29312256,5.55004224
2002,5349,460.82641896,5.37338016
2002,5350,462.52567896,7.36165152
2002,5351,465.25726608,12.0042432
2002,5352,468.49811304,10.37258784
2002,5353,470.4909564,2.91657024
2002,5354,471.09775224,5.91653376
2002,5355,473.80254744,10.9289088
2002,5356,476.83756296,10.9289088
2002,5357,479.872548,10.9289088
2002,5358,482.90966664,10.8027216
2002,5359,485.47245552,9.04268448
2002,5360,488.5797696,11.38757184
2002,5361,491.49515112,10.81698624
2002,5362,494.64123576,10.16739648
2002,5363,496.7932152,6.391656
2002,5364,498.5609028,7.20583776
2002,5365,499.8162216,8.2734912
2007,5279,354.4622832,6.528816
2007,5280,355.48202208,6.8250816
2007,5281,357.43771032,7.09610976
2007,5282,359.39797056,6.92273952
2007,5283,361.26246264,6.37848864
2007,5284,362.86421712,5.42166048
2007,5285,364.38315744,5.4864
2007,5286,365.92066008,5.93847936
2007,5287,367.75250808,6.6769488
2007,5288,369.579906,7.09501248
2007,5289,371.59405488,7.8565248
2007,5290,374.17891128,9.6999552
2007,5291,376.76071968,9.6450912
2007,5292,379.41924624,8.48307168
2007,5293,382.17887496,12.97753056
2007,5294,386.15069328,14.54334912
2007,5295,390.18706824,14.456664
2007,5296,394.23789072,14.48519328
2007,5297,397.680942,10.46914848
2007,5298,400.81407264,14.32608768
2007,5299,406.11808032,21.06338688
2007,5300,411.42601992,17.95259808
2007,5301,415.0851744,21.218652
2014,5167,20.5881078857143,5.4864
2014,5168,21.86074368,4.97945664
2014,5169,23.26026336,5.44580064
2014,5170,24.785574,5.4864
2014,5171,26.34712536,6.71645088
2014,5172,29.0677092,11.96803296
2014,5173,32.40868296,11.9384064
2014,5174,35.41145064,9.66593952
2014,5175,38.17226808,10.01048544
2014,5176,41.00703,10.70286912
2014,5177,43.91826624,10.57558464
2014,5178,46.89552216,10.01158272
2014,5179,49.69760952,10.83673728
2014,5180,52.9913088,14.68599552
2014,5181,57.9740268,19.23641568
2014,5182,63.31662216,19.00818144
2014,5183,66.57420264,2.57421888
2014,5184,67.97491104,11.17799136
2014,5185,71.89619352,16.54259328
2014,5186,76.88144136,17.83518912
2014,5187,80.86798152,10.95963264
2014,5188,83.79552456,10.32101568
2014,5189,86.65515816,10.19702304
2014,5190,89.47019952,10.53169344
2014,5191,92.37296232,9.55950336
2014,5192,94.9433712,9.65716128
2014,5193,97.8028524,10.83673728
2014,5194,100.85240688,10.92561696
2014,5195,103.8580092,10.96950816
2014,5196,106.76299704,9.1842336
2014,5197,109.12208808,8.35907904
2014,5198,111.8460552,11.57520672
2014,5199,114.94782192,10.38356064
2014,5200,117.95183928,11.12861376
2014,5201,120.8542668,9.51122304
2014,5202,123.1943688,8.37334368
2014,5203,125.74298448,9.36857664
2014,5204,128.22719592,8.66412288
2014,5205,130.74932448,9.518904
2014,5206,133.55461224,10.6820208
2014,5207,136.68661512,11.71017216
2014,5208,139.93803864,11.7079776
2014,5209,143.22299016,12.39158304
2014,5210,146.90149944,13.67540064
2014,5211,150.62539344,12.29941152
2014,5212,153.74377176,10.96841088
2014,5213,156.79222896,10.9728
2014,5214,159.84025944,10.9728
2014,5215,162.88118808,10.88721216
2014,5216,165.93537552,11.45231136
2014,5217,169.27381944,12.42779328
2014,5218,172.88655288,13.43399904
2014,5219,176.6191032,13.36267584
2014,5220,180.25936008,12.90291552
2014,5221,183.84502728,13.10810688
2014,5222,187.67273616,14.28548832
2014,5223,191.61608616,13.3977888
2014,5224,194.88146952,10.8850176
2014,5225,197.9275188,11.01339936
2014,5226,201.09716448,11.4336576
2014,5227,204.16302576,10.97060544
2014,5228,207.2385492,11.52144
2014,5229,210.92376408,15.24231648
2014,5230,215.33537832,15.9270192
2014,5231,219.48821736,12.02728608
2014,5232,223.278954,15.3180288
2014,5233,226.77619872,12.06349632
2014,5234,230.71400136,16.22547936
2014,5235,235.2860928,16.4592
2014,5236,239.84699808,16.3604448
2014,5237,244.40217312,16.4592
2014,5238,248.9740512,16.4592
2014,5239,253.49481432,15.61539168
2014,5240,257.58608376,14.42594016
2014,5241,261.63266952,14.60699136
2014,5242,265.51862568,12.48814368
2014,5243,268.65489576,10.90586592
2014,5244,271.62986568,10.75224672
2014,5245,274.6703676,10.9728
2014,5246,277.7183676,10.9728
2014,5247,280.7663676,10.9728
2014,5248,283.8146724,10.9673136
2014,5249,286.83389928,10.85429376
2014,5250,289.66021824,8.4600288
2014,5251,291.47630808,5.5248048
2014,5252,292.9990584,5.4864
2014,5253,294.5230584,5.4864
2014,5254,296.0470584,5.49298368
2014,5255,297.41353776,4.05006048
2014,5256,298.47396744,3.8733984
2014,5257,299.54960664,3.8733984
2014,5258,300.62536776,3.8733984
2014,5259,301.70103744,3.8733984
2014,5260,302.82090312,4.5921168
2014,5261,304.2768108,5.4864
2014,5262,305.80090224,5.4864
2014,5263,307.32493272,5.4864
2014,5264,308.84893272,5.4864
2014,5265,310.36439832,5.33716992
2014,5266,311.85298056,5.47762176
2014,5267,313.377072,5.4864
2014,5268,314.90110248,5.4864
2014,5269,316.425072,5.4864
2014,5270,317.949072,5.4864
2014,5271,319.473072,5.4864
2014,5272,320.997072,5.4864
2014,5273,322.5768504,6.92273952
2014,5274,325.02405912,9.64618848
2014,5275,327.69913632,9.6341184
2014,5276,330.37628616,9.60449184
2014,5277,332.63421408,6.13708704
2014,5278,334.17165576,5.4864
2014,5279,335.6957472,5.4864
2014,5280,337.2197472,5.4864
2014,5281,338.7437472,5.4864
2014,5282,340.2677472,5.4864
2014,5283,341.79077184,5.41068768
2014,5284,343.27432488,5.4095904
2014,5285,344.79738,5.4864
2014,5286,346.322904,5.7936384
2014,5287,348.42422568,9.16557984
2014,5288,351.00484536,9.2829888
2014,5289,353.58403248,9.2829888
2014,5290,356.1684012,9.54853056
2014,5291,359.04101928,10.6381296
2014,5292,361.536234,6.93151776
2014,5293,363.22927608,6.03942912
2014,5294,364.84297872,5.52809664
2014,5295,366.7525812,9.00537696
2014,5296,369.52540776,9.50902848
2014,5297,372.23477496,10.7917488
2014,5298,375.28417704,10.9728
2014,5299,378.3340668,10.90476864
2014,5300,381.36341304,11.85830496
2014,5301,384.90765792,12.79867392
2014,5302,388.48460784,12.88865088
2014,5303,392.04512904,12.79209024
2014,5304,395.73351384,14.31840672
2014,5305,399.98330976,16.04881728
2014,5306,404.541228,16.4592
2014,5307,409.03995408,15.23244096
2014,5308,412.87394184,12.4760736
2014,5309,416.0594676,10.9892592
2014,5310,418.90678728,9.45196992
2014,5311,421.12496928,6.22596672
2014,5312,422.63650296,4.9761648
2014,5313,424.43829768,8.21643264
2014,5314,426.75048,8.3173824
2014,5315,429.05927904,8.06171616
2014,5316,430.76618952,4.1641776
2014,5317,431.9011428,4.66344
2014,5318,433.36427424,5.75962272
2014,5319,435.01821048,5.30864064
2014,5320,436.29794376,5.29327872
2014,5321,438.06980712,6.12721152
2014,5322,439.59712944,5.16928608
2014,5323,440.78475216,3.79549152
2014,5324,442.52455056,8.50062816
2014,5325,444.48929136,5.59393344
2014,5326,445.95361152,4.5701712
2014,5327,446.91873024,2.44583712
2014,5328,447.33310584,0.97877376
2014,5329,447.60821832,0.987552
2014,5330,447.88308696,0.987552
2014,5331,448.15801656,0.987552
2014,5332,448.4328852,0.987552
2014,5333,448.7069004,0.88550496
2014,5334,448.8228768,0.0164592
2014,5335,448.8228768,0
2014,5336,448.8228768,0
2014,5337,448.8228768,0
2014,5338,448.8228768,0
2014,5339,448.8228768,0
2014,5340,448.8228768,0
2014,5341,448.8228768,0
2014,5342,448.8228768,0
2014,5343,448.82497992,0.01755648
2014,5344,448.83287424,0.0054864
2014,5345,448.84387752,0.3621024
2014,5346,449.24417136,2.60933184
2014,5347,450.43148928,5.49408096
2014,5348,451.95555024,5.4864
2014,5349,453.4588848,4.71172032
2014,5350,454.45789728,3.45752928
2014,5351,455.74400088,5.2285392
2014,5352,457.32505944,7.34958144
2014,5353,459.59490504,8.04415968
2014,5354,461.87849712,8.75519712
2014,5355,465.10965144,14.20758144
2014,5356,468.90099768,10.60082208
2014,5357,470.25875976,3.96337536
2014,5358,472.79137344,11.7847872
2014,5359,476.06611416,11.7847872
2014,5360,479.27922432,10.25627616
2014,5361,481.89102504,10.4735376
2014,5362,484.89056184,9.87222816
2014,5363,487.58990112,10.19043936
2014,5364,490.43715984,9.9687888
2014,5365,492.91329408,7.60305312
2014,5366,494.87590128,6.8086224
2014,5367,496.71146784,6.44542272
2014,5368,498.46437264,6.4849248
2014,5369,499.6674792,6.7811904
2022,5171,18.7743084,9.2939616
2022,5172,20.30986032,9.26433504
2022,5173,22.8613716,9.22483296
2022,5174,25.55415768,10.11801888
2022,5175,28.36182288,9.45526176
2022,5176,30.16416624,4.23330624
2022,5177,31.54692192,6.69669984
2022,5178,34.02290376,10.06096032
2022,5179,36.8234976,10.0840032
2022,5180,39.63097992,10.3528368
2022,5181,42.73567272,11.7902736
2022,5182,46.00928568,11.5269264
2022,5183,49.0892592,10.92451968
2022,5184,52.32736296,13.89485664
2022,5185,56.94246168,17.77813056
2022,5186,61.878972,17.775936
2022,5187,66.2694636,9.66484224
2022,5188,68.3904144,12.30380064
2022,5189,73.23594192,20.00780352
2022,5190,78.66571008,17.51697792
2022,5191,82.7599056,13.19698656
2022,5192,86.24556792,11.98120032
2022,5193,89.47339992,11.84404032
2022,5194,92.80013952,11.21749344
2022,5195,95.69933616,9.91063296
2022,5196,98.36606184,9.87222816
2022,5197,101.24459304,10.10814336
2022,5198,103.61989944,7.35616512
2022,5199,105.48079488,5.80131936
2022,5200,107.11290744,6.62427936
2022,5201,109.03537248,6.58477728
2022,5202,110.86225224,7.12793088
2022,5203,113.2860828,9.70763616
2022,5204,115.62136896,6.71096448
2022,5205,117.25387776,5.6948832
2022,5206,118.80073776,5.48310816
2022,5207,120.52810032,6.99406272
2022,5208,122.86695264,10.2924864
2022,5209,125.8889532,10.93658976
2022,5210,128.91735456,12.32574624
2022,5211,133.13548176,16.18049088
2022,5212,137.53328856,16.18597728
2022,5213,142.10150904,16.45590816
2022,5214,146.66058552,16.40762784
2022,5215,151.15486152,15.72731424
2022,5216,155.23445712,13.58761824
2022,5217,158.6668404,11.55545568
2022,5218,161.92740792,11.51814816
2022,5219,165.19769856,11.987784
2022,5220,168.35042784,10.97060544
2022,5221,171.3984888,10.9728
2022,5222,174.44645832,10.9728
2022,5223,177.49454976,10.9837728
2022,5224,180.85295808,13.99032
2022,5225,185.1940416,16.46907552
2022,5226,189.66710352,14.56310016
2022,5227,193.0522428,10.97060544
2022,5228,196.09969416,10.9728
2022,5229,199.14775512,10.9728
2022,5230,202.1886228,10.92122784
2022,5231,205.22946,10.9728
2022,5232,208.43598648,13.51080864
2022,5233,212.83327512,16.74778464
2022,5234,217.48037784,16.63366752
2022,5235,222.05698032,16.31984544
2022,5236,226.58560728,15.7679136
2022,5237,230.2736568,11.30527584
2022,5238,233.39453448,11.59715232
2022,5239,237.17152464,14.28548832
2022,5240,240.52904904,10.8685584
2022,5241,243.57640896,11.5543584
2022,5242,247.45273344,16.1519616
2022,5243,252.02305704,16.43944896
2022,5244,256.2490176,13.5898128
2022,5245,259.92133944,13.277088
2022,5246,263.60905368,13.13773344
2022,5247,266.97179016,11.09240352
2022,5248,269.98867008,10.69409088
2022,5249,272.99024904,10.9728
2022,5250,276.03818808,10.97389728
2022,5251,278.93735424,9.19301184
2022,5252,281.17071528,6.99296544
2022,5253,282.81998808,5.48530272
2022,5254,284.34398808,5.4864
2022,5255,285.85421112,5.3602128
2022,5256,287.2654656,4.93666272
2022,5257,288.7285056,5.4864
2022,5258,290.2525056,5.4864
2022,5259,291.7765056,5.4864
2022,5260,293.3005056,5.4864
2022,5261,294.8245056,5.4864
2022,5262,296.34853608,5.4864
2022,5263,297.8725056,5.4864
2022,5264,299.39653608,5.4864
2022,5265,300.96579888,6.03394272
2022,5266,302.59760664,5.48530272
2022,5267,304.12102752,5.4864
2022,5268,305.645058,5.4864
2022,5269,307.16911896,5.48859456
2022,5270,308.5293804,3.48715584
2022,5271,309.6060864,5.29108416
2022,5272,311.10198384,5.33387808
2022,5273,312.61327368,5.4864
2022,5274,314.13593256,5.68061856
2022,5275,316.2464592,9.45196992
2022,5276,318.92309088,9.77457024
2022,5277,321.36124704,7.18608672
2022,5278,323.19672216,6.46188192
2022,5279,324.9773028,6.419088
2022,5280,326.7614496,6.42018528
2022,5281,328.54556592,6.42128256
2022,5282,330.32986512,6.42237984
2022,5283,332.11398144,6.42128256
2022,5284,333.84359952,5.81338944
2022,5285,335.38323576,5.4864
2022,5286,336.90726624,5.4864
2022,5287,338.4313272,5.4864
2022,5288,339.9553272,5.4864
2022,5289,341.47957104,5.47871904
2022,5290,342.97065264,5.34704544
2022,5291,344.48550864,5.52699936
2022,5292,346.27974432,8.22082176
2022,5293,348.9336684,10.00609632
2022,5294,351.71262144,10.0071936
2022,5295,354.49209264,10.00060992
2022,5296,357.2608044,10.28919456
2022,5297,360.11101968,9.22922208
2022,5298,362.49062376,8.74422432
2022,5299,364.97075088,8.9318592
2022,5300,367.45093896,8.9318592
2022,5301,369.93109656,8.9318592
2022,5302,372.4104312,8.97684768
2022,5303,375.13110648,10.7588304
2022,5304,378.17593656,10.97060544
2022,5305,381.63928752,15.75364896
2022,5306,386.7471564,19.24958304
2022,5307,392.08429584,19.16289792
2022,5308,397.31682792,18.64607904
2022,5309,402.18917784,15.62965632
2022,5310,406.1793756,12.72186432
2022,5311,409.07198856,8.90662176
2022,5312,411.1945548,6.6275712
2022,5313,412.90597632,5.815584
2022,5314,415.01503992,9.3707712
2022,5315,417.63705144,9.05146272
2022,5316,419.64199536,5.8539888
2022,5317,421.30748352,5.76072
2022,5318,422.80801392,4.93885728
2022,5319,424.00737144,3.96886176
2022,5320,425.3173104,6.31594368
2022,5321,427.31780424,7.1762112
2022,5322,429.28416048,6.68133792
2022,5323,430.8067584,4.4275248
2022,5324,432.01114512,4.17295584
2022,5325,432.99403368,3.60237024
2022,5326,433.9538184,3.3960816
2022,5327,435.32554032,6.0405264
2022,5328,437.00194032,6.03504
2022,5329,438.60195744,4.45715136
2022,5330,439.28580672,1.50217632
2022,5331,439.69753056,1.46267424
2022,5332,440.11172328,1.50985728
2022,5333,440.50598208,0.98645472
2022,5334,440.5978488,0
2022,5335,440.5978488,0
2022,5336,440.5978488,0
2022,5337,440.5978488,0
2022,5338,440.62220232,0.41477184
2022,5339,440.74153152,0.06473952
2022,5340,440.8122756,0.713232
2022,5341,441.1070172,1.1192256
2022,5342,441.41849232,1.1192256
2022,5343,441.72993696,1.1192256
2022,5344,442.04348472,1.20261888
2022,5345,442.26501336,0.1591056
2022,5346,442.2672384,0
2022,5347,442.2672384,0
2022,5348,442.73071728,4.33206144
2022,5349,444.27644952,5.73767712
2022,5350,445.80968496,4.98933216
2022,5351,447.06558288,4.06761696
2022,5352,448.21714776,4.79291904
2022,5353,449.7500784,5.64879744
2022,5354,451.77474288,9.43331616
2022,5355,454.44329736,9.58144896
2022,5356,457.08990624,9.53426592
2022,5357,459.80631432,9.97756704
2022,5358,462.37227312,7.84226016
2022,5359,464.94204192,11.81002464
2022,5360,468.31002096,10.5558336
2022,5361,469.7124972,2.09690208
2022,5362,471.5829024,9.84479616
2022,5363,474.323664,9.8645472
2022,5364,477.06372456,9.87113088
2022,5365,479.54796648,7.0171056
2022,5366,481.05370896,5.06723904
2022,5367,482.76299688,7.7029056
2022,5368,485.26698984,9.60229728
2022,5369,487.95867864,9.99512352
2022,5370,490.76600856,9.23470848
2022,5371,493.04810712,8.36237088
2022,5372,495.43115544,8.36346816
2022,5373,497.76497856,8.81993664
2022,5374,499.4608248,9.5243904
2031,5176,20.2670664,9.6670368
2031,5177,21.44554512,10.30455648
2031,5178,24.404574,10.9728
2031,5179,27.38722488,10.28041632
2031,5180,30.18766632,10.12350528
2031,5181,33.07957824,10.66885344
2031,5182,36.12995568,12.42230688
2031,5183,40.18379568,15.64282368
2031,5184,44.31651792,11.89780704
2031,5185,46.66695264,8.08585632
2031,5186,49.39354104,10.83564
2031,5187,52.6988532,13.95301248
2031,5188,57.00205008,15.91165728
2031,5189,61.42186344,15.91494912
2031,5190,65.70674184,14.93178624
2031,5191,70.19623248,17.39517984
2031,5192,75.028044,17.4302928
2031,5193,79.7597592,15.25328928
2031,5194,83.40550248,12.34330272
2031,5195,86.75083488,10.98816192
2031,5196,89.46788304,9.32578272
2031,5197,92.05968888,9.28628064
2031,5198,94.58026296,8.77824
2031,5199,96.9506316,8.41394304
2031,5200,99.28741128,8.41504032
2031,5201,101.67993888,9.29176704
2031,5202,104.4769056,10.39453344
2031,5203,107.22708552,8.28775584
2031,5204,109.12983,6.95346336
2031,5205,111.1805244,6.76802304
2031,5206,112.8425988,6.07125024
2031,5207,114.59894784,5.9911488
2031,5208,116.21405256,6.14696256
2031,5209,117.91440984,6.22267488
2031,5210,120.13015344,10.06315488
2031,5211,123.14480832,10.97060544
2031,5212,126.42034152,12.646152
2031,5213,130.14527184,14.16259296
2031,5214,133.995414,13.47240384
2031,5215,137.76923424,13.1893056
2031,5216,141.42945552,14.26683456
2031,5217,145.74847152,16.35934752
2031,5218,150.28618152,15.95774304
2031,5219,154.64357184,15.68122848
2031,5220,158.73002544,13.49215488
2031,5221,162.25659192,11.58508224
2031,5222,165.3020316,10.95304896
2031,5223,168.35015352,10.9728
2031,5224,171.39815352,10.9728
2031,5225,174.44612304,10.9728
2031,5226,177.58970832,12.90072096
2031,5227,181.83154896,15.91165728
2031,5228,185.89940976,13.95630432
2031,5229,189.54792672,12.14798688
2031,5230,192.74677224,10.96621632
2031,5231,195.79486368,10.9728
2031,5232,198.84280272,10.9728
2031,5233,201.88452384,10.91903328
2031,5234,205.03021224,11.69919936
2031,5235,208.73560488,15.94238112
2031,5236,213.51288768,17.53343712
2031,5237,218.3576532,17.09233056
2031,5238,222.96528432,16.3110672
2031,5239,227.51274792,16.46688096
2031,5240,231.82496688,13.43838816
2031,5241,235.0565784,10.96621632
2031,5242,238.10460888,10.97170272
2031,5243,241.13099856,10.99803744
2031,5244,244.70035896,14.53127904
2031,5245,248.54666064,13.1618736
2031,5246,252.19514712,12.975336
2031,5247,255.71619672,12.42450144
2031,5248,259.14653784,11.84074848
2031,5249,262.1452212,10.26395712
2031,5250,265.0135416,10.38356064
2031,5251,267.8981688,10.38246336
2031,5252,270.68385792,9.04926816
2031,5253,272.8819536,7.40225088
2031,5254,275.04551544,8.45015328
2031,5255,277.03403064,5.53138848
2031,5256,278.55647616,5.4864
2031,5257,280.08044568,5.4864
2031,5258,281.6044152,5.4864
2031,5259,283.12847616,5.4864
2031,5260,284.6524152,5.48749728
2031,5261,286.15550592,5.35692096
2031,5262,287.6650584,5.4864
2031,5263,289.1890584,5.4864
2031,5264,290.7130584,5.4864
2031,5265,292.2370584,5.4864
2031,5266,293.7610584,5.4864
2031,5267,295.2850584,5.4864
2031,5268,296.8090584,5.4864
2031,5269,298.3330584,5.4864
2031,5270,299.8570584,5.4864
2031,5271,301.38108888,5.4864
2031,5272,302.901096,5.18903712
2031,5273,304.17259968,4.40777376
2031,5274,305.4486144,4.608576
2031,5275,306.75257928,4.99920768
2031,5276,308.23869264,5.48530272
2031,5277,309.91932936,6.99735456
2031,5278,312.09925896,8.3832192
2031,5279,314.44807824,8.36456544
2031,5280,316.42220688,5.72341248
2031,5281,317.9472432,5.4864
2031,5282,319.4712432,5.4864
2031,5283,320.9952432,5.4864
2031,5284,322.56798072,6.80203872
2031,5285,324.94023912,9.29505888
2031,5286,327.51884712,9.28518336
2031,5287,330.07581432,8.613648
2031,5288,332.02973472,5.75633088
2031,5289,333.5627568,5.4864
2031,5290,335.0867568,5.4864
2031,5291,336.6107568,5.4864
2031,5292,338.1347568,5.4864
2031,5293,339.65881776,5.48420544
2031,5294,341.41065576,8.38651104
2031,5295,344.26370568,10.93768704
2031,5296,347.26501032,10.44720288
2031,5297,350.10233256,10.16849376
2031,5298,352.92633504,10.16410464
2031,5299,355.70217912,9.44319168
2031,5300,358.24082784,9.21495744
2031,5301,360.75186168,8.96038848
2031,5302,363.2908152,9.217152
2031,5303,365.8511352,9.217152
2031,5304,368.42297664,9.59681088
2031,5305,371.32034448,10.97060544
2031,5306,374.36864928,10.9728
2031,5307,377.443746,11.6531136
2031,5308,381.39011352,17.39956896
2031,5309,386.6769,19.55462688
2031,5310,392.09795088,19.4657472
2031,5311,397.14181176,15.07991904
2031,5312,400.62558432,11.48084064
2031,5313,403.44342984,8.6739984
2031,5314,405.66191664,7.3627488
2031,5315,407.69852928,7.67108448
2031,5316,409.83258648,7.68096
2031,5317,411.95753016,7.28703648
2031,5318,413.68534992,5.48201088
2031,5319,415.10846112,3.89424672
2031,5320,415.9370904,3.84157728
2031,5321,417.29591928,4.93337088
2031,5322,418.72863168,5.49298368
2031,5323,420.2451336,5.57308512
2031,5324,422.39522328,9.78554304
2031,5325,424.70612544,6.7427856
2031,5326,426.52376976,5.61478176
2031,5327,427.78548936,4.51969632
2031,5328,429.01691184,3.87669024
2031,5329,430.09648296,4.4878752
2031,5330,431.20357752,3.01532544
2031,5331,432.03427944,2.8419552
2031,5332,432.51452232,0.48499776
2031,5333,432.532536,0
2031,5334,432.532536,0
2031,5335,432.532536,0
2031,5336,432.532536,0
2031,5337,432.532536,0
2031,5338,432.532536,0
2031,5339,432.74653608,1.88951616
2031,5340,433.40005776,2.4030432
2031,5341,434.06571048,2.18248992
2031,5342,434.36170176,0.06912864
2031,5343,434.52016728,1.0369296
2031,5344,434.75385744,0.50255424
2031,5345,434.818536,0
2031,5346,434.818536,0
2031,5347,434.818536,0
2031,5348,434.85782472,0.47621952
2031,5349,435.45575088,4.19929056
2031,5350,436.81189752,4.9816512
2031,5351,438.36768816,6.27973344
2031,5352,440.1347052,6.35764032
2031,5353,441.86331744,5.83972416
2031,5354,443.43559776,5.47652448
2031,5355,445.01921664,6.08551488
2031,5356,446.73313752,6.40701792
2031,5357,448.79401224,8.80238016
2031,5358,451.51017648,10.90476864
2031,5359,454.6569012,10.3089456
2031,5360,457.33630656,10.60082208
2031,5361,460.897986,13.03678368
2031,5362,463.82046936,9.28737792
2031,5363,466.34378664,7.97064192
2031,5364,468.25594944,6.54637248
2031,5365,470.42326032,8.35139808
2031,5366,472.37352312,5.80241664
2031,5367,473.82827256,5.80790304
2031,5368,475.79337912,7.93991808
2031,5369,478.00479456,7.99807392
2031,5370,480.24876264,7.4560176
2031,5371,481.88633112,8.30750688
2031,5372,484.84112328,9.22373568
2031,5373,487.34993208,9.2116656
2031,5374,489.91019112,9.28079424
2031,5375,492.82429248,11.42378208
2031,5376,495.50052792,7.92345888
2031,5377,497.811552,8.4984336
2031,5378,499.474236,7.80604992
2051,5185,33.20869152,9.6999552
2051,5186,35.0968056,9.0470736
2051,5187,36.91597392,4.47251328
2051,5188,37.9296168,3.06360576
2051,5189,39.38954784,10.23652512
2051,5190,43.3734972,15.76462176
2051,5191,47.75237592,15.74925984
2051,5192,52.20833856,16.62488928
2051,5193,56.842152,16.4537136
2051,5194,61.41433488,16.46578368
2051,5195,65.79312216,14.34803328
2051,5196,69.57282504,13.57445088
2051,5197,73.3042476,12.94570944
2051,5198,76.74949344,12.30160608
2051,5199,80.17389096,12.21711552
2051,5200,83.55720144,12.179808
2051,5201,86.94093864,12.179808
2051,5202,90.03429288,9.0031824
2051,5203,92.35528392,8.74202976
2051,5204,94.75436472,8.67070656
2051,5205,97.19267328,8.7892128
2051,5206,99.63445656,8.7892128
2051,5207,102.0695952,8.6575392
2051,5208,104.44237176,8.531352
2051,5209,106.81932408,8.558784
2051,5210,109.19664216,8.558784
2051,5211,111.57389928,8.558784
2051,5212,113.81088744,7.28923104
2051,5213,116.26303392,11.13958656
2051,5214,119.48056368,11.72004768
2051,5215,123.11371872,14.40838368
2051,5216,127.14372336,13.97715264
2051,5217,131.01684744,15.060168
2051,5218,135.2377788,14.23501344
2051,5219,139.11303648,13.716
2051,5220,142.7425644,12.98521152
2051,5221,146.325336,13.21234848
2051,5222,150.1691688,13.48118208
2051,5223,153.78528552,12.34001088
2051,5224,156.95807064,11.42049024
2051,5225,160.46540424,13.41095616
2051,5226,163.95356592,11.74967424
2051,5227,167.11367136,11.98558944
2051,5228,170.6566056,12.56275872
2051,5229,174.22834344,12.84695424
2051,5230,177.82025904,13.86523008
2051,5231,181.66881624,13.1728464
2051,5232,185.21519472,12.20504544
2051,5233,188.51700168,11.82648384
2051,5234,191.78774952,11.51924544
2051,5235,194.9564808,11.52473184
2051,5236,198.16910328,12.20833728
2051,5237,201.81018312,13.11139872
2051,5238,205.55044488,14.9559264
2051,5239,209.89110168,15.03931968
2051,5240,213.89730144,14.22184608
2051,5241,217.84860672,14.22294336
2051,5242,221.79616296,14.11321536
2051,5243,225.71061792,14.14723104
2051,5244,229.63878888,14.182344
2051,5245,233.5677828,13.47789024
2051,5246,236.88147696,10.96841088
2051,5247,239.97156984,12.24783936
2051,5248,243.94357104,14.86156032
2051,5249,247.95748224,13.98373632
2051,5250,251.53479792,12.89962368
2051,5251,255.51792432,14.50165248
2051,5252,259.55033688,14.89996512
2051,5253,263.16502104,11.24053632
2051,5254,266.09372232,9.05365728
2051,5255,267.97028448,5.47981632
2051,5256,269.50428192,5.81338944
2051,5257,271.01243232,4.90703616
2051,5258,272.40728856,5.0365152
2051,5259,273.80513184,5.03541792
2051,5260,275.2027008,5.03322336
2051,5261,276.60048312,5.0365152
2051,5262,277.98665256,5.01566688
2051,5263,279.4554228,5.48969184
2051,5264,280.9794228,5.4864
2051,5265,282.50351424,5.4864
2051,5266,284.02751424,5.4864
2051,5267,285.55136184,5.4864
2051,5268,287.07545328,5.4864
2051,5269,288.5994228,5.4864
2051,5270,290.12351424,5.4864
2051,5271,291.64751424,5.4864
2051,5272,293.17133136,5.4864
2051,5273,294.6949656,5.42824416
2051,5274,296.18568144,5.41946592
2051,5275,297.70907184,5.4864
2051,5276,299.22770736,5.28998688
2051,5277,300.89907816,7.324344
2051,5278,303.05605632,7.78849344
2051,5279,305.21977056,7.7742288
2051,5280,307.15080048,5.84411328
2051,5281,308.6819328,5.4864
2051,5282,310.20276288,5.37996384
2051,5283,311.68707792,5.43811968
2051,5284,313.210956,5.4864
2051,5285,314.734956,5.4864
2051,5286,316.25871216,5.48310816
2051,5287,317.96495208,7.24314528
2051,5288,320.11866888,7.8236064
2051,5289,322.29207576,7.8236064
2051,5290,324.10908,3.3686496
2051,5291,325.14247392,7.488936
2051,5292,327.78889992,9.83930976
2051,5293,330.51807912,9.50134752
2051,5294,332.65067328,6.23035584
2051,5295,334.33216344,6.49918944
2051,5296,336.61737096,8.476488
2051,5297,338.6939124,7.26509088
2051,5298,340.71053016,7.2639936
2051,5299,342.73043976,7.97942016
2051,5300,345.45824736,10.96072992
2051,5301,348.46525176,10.66995072
2051,5302,351.42104976,10.643616
2051,5303,354.37681728,10.64251872
2051,5304,357.35206152,10.8575856
2051,5305,360.35979744,10.72262016
2051,5306,363.3731112,10.9728
2051,5307,366.4211112,10.9728
2051,5308,369.46914168,10.9728
2051,5309,372.51720264,10.9728
2051,5310,375.5652636,10.9728
2051,5311,378.61323312,10.9728
2051,5312,381.65632584,10.9124496
2051,5313,384.67917984,10.8740448
2051,5314,387.71571936,10.9673136
2051,5315,390.74686392,10.8740448
2051,5316,393.60116352,8.65644192
2051,5317,395.94147888,9.3159072
2051,5318,398.55748584,9.32358816
2051,5319,400.8307452,7.44833664
2051,5320,403.2453708,9.11620224
2051,5321,405.54353232,8.44466688
2051,5322,408.11756832,9.01634976
2051,5323,410.318712,7.40334816
2051,5324,412.380684,7.50210336
2051,5325,414.49974504,7.72265664
2051,5326,416.60676648,6.85909728
2051,5327,418.24345104,5.43373056
2051,5328,419.36926032,2.82220416
2051,5329,420.3257532,3.58152192
2051,5330,421.20260184,3.10859424
2051,5331,422.06613072,3.1053024
2051,5332,422.90231904,2.5347168
2051,5333,423.4046904,1.45828512
2051,5334,423.81104976,1.4593824
2051,5335,424.22621784,1.64811456
2051,5336,424.72993032,1.4648688
2051,5337,424.8817512,0
2051,5338,424.8817512,0
2051,5339,424.8817512,0
2051,5340,424.8817512,0
2051,5341,424.8817512,0
2051,5342,424.8817512,0
2051,5343,424.8817512,0
2051,5344,424.88870064,0.29955744
2051,5345,425.3191392,2.45900448
2051,5346,426.00777384,2.4798528
2051,5347,426.67205496,1.87195968
2051,5348,426.98148792,0.50584608
2051,5349,427.05729168,0.49597056
2051,5350,427.36690752,1.37928096
2051,5351,427.90698264,2.7816048
2051,5352,429.14825016,5.7771792
2051,5353,431.04508152,7.90151328
2051,5354,433.25564352,7.89602688
2051,5355,435.39863136,7.5822048
2051,5356,437.50598808,7.78410432
2051,5357,439.68978864,7.90480512
2051,5358,441.91629168,8.06939712
2051,5359,444.34454184,9.39600864
2051,5360,447.00248928,9.83930976
2051,5361,449.61194304,8.95599936
2051,5362,452.1686664,8.91759456
2051,5363,454.64632464,9.60558912
2051,5364,457.2941832,9.04378176
2051,5365,459.77333496,8.37005184
2051,5366,461.9768256,8.18351424
2051,5367,464.13642504,7.49771424
2051,5368,466.20537696,6.67036512
2051,5369,468.24278208,8.89125984
2051,5370,470.84199456,9.34772832
2051,5371,473.46662736,10.44500832
2051,5372,476.83027824,12.89523456
2051,5373,480.33380184,11.63555712
2051,5374,483.2544564,10.09387872
2051,5375,486.05898216,10.00499904
2051,5376,488.35595496,5.97907872
2051,5377,490.06984536,7.2201024
2051,5378,491.9779848,6.96114432
2051,5379,494.3190012,8.860536
2051,5380,496.59674112,8.1966816
2051,5381,498.73537032,6.59684736
2051,5382,499.8031152,5.4425088
2053,5243,33.5080356,20.45439648
2053,5244,37.83963984,18.38163456
2053,5245,43.72045104,18.87760512
2053,5246,48.40333728,16.45810272
2053,5247,53.0502876,17.06160672
2053,5248,57.45010608,14.76609696
2053,5249,62.49759408,20.46866112
2053,5250,66.3522168,16.07734656
2061,5196,20.9403696,19.257264
2061,5197,25.08504,18.41565024
2061,5198,29.9406564,15.91275456
2061,5199,34.07395776,14.9175216
2061,5200,38.49206424,16.46029728
2061,5201,42.99106464,15.33558528
2061,5202,46.75665528,11.80453824
2061,5203,49.52942088,7.99149024
2061,5204,51.32850288,5.98785696
2061,5205,53.15465112,7.24533984
2061,5206,55.34409048,8.44576416
2061,5207,57.8097396,8.997696
2061,5208,60.30934344,8.997696
2061,5209,62.8096788,9.00208512
2061,5210,65.3098008,8.997696
2061,5211,67.77130464,8.0156304
2061,5212,69.68624112,6.49260576
2061,5213,71.73352176,9.09425664
2061,5214,74.60998032,10.97938368
2061,5215,77.70940008,11.39964192
2061,5216,81.08024424,12.3389136
2061,5217,84.42225432,12.06898272
2061,5218,87.73384536,11.80234368
2061,5219,91.19795832,13.25185056
2061,5220,94.92090744,13.97824992
2061,5221,99.03616464,15.39922752
2061,5222,103.5099276,16.40653056
2061,5223,108.0761364,16.4592
2061,5224,112.61975952,15.74925984
2061,5225,116.69749584,14.1219936
2061,5226,120.56586504,13.71819456
2061,5227,124.36717824,13.28696352
2061,5228,127.61878464,10.31882112
2061,5229,130.56162864,11.51266176
2061,5230,134.10889104,12.78002016
2061,5231,137.4341676,12.26539584
2061,5232,141.3435324,15.9325056
2061,5233,145.49966328,13.85535456
2061,5234,149.467824,14.7200112
2061,5235,151.7565672,16.0532064
2062,5189,17.4256446,18.7593732
2062,5190,22.13189376,18.83151936
2062,5191,27.34689984,18.7689744
2062,5192,32.19187872,15.05577888
2062,5193,36.2395008,15.68232576
2062,5194,40.76535408,15.87654432
2062,5195,44.66444712,12.39048576
2062,5196,47.98932744,12.20833728
2062,5197,51.66936072,13.99470912
2062,5198,55.58625408,14.1329664
2062,5199,59.5132668,14.1329664
2062,5200,63.44125488,14.14284192
2062,5201,67.16917224,11.43585216
2062,5202,69.61254048,7.45272576
2062,5203,71.781924,8.93624832
2062,5204,75.49831992,15.47055072
2062,5205,78.25246224,5.7552336
2062,5206,79.76149656,5.62465728
2062,5207,81.51366984,6.49370304
2062,5208,83.31195936,6.71645088
2062,5209,85.3004136,7.36933248
2062,5210,87.39670608,7.95198816
2062,5211,89.74116672,9.04487904
2062,5212,92.46845616,10.03133376
2062,5213,95.12012472,9.50025024
2062,5214,98.19918384,12.53203488
2062,5215,101.569266,12.31806528
2062,5216,105.17629968,12.85902432
2062,5217,108.719112,13.44606912
2062,5218,112.81266744,15.91056
2062,5219,117.37412136,15.84801504
2062,5220,121.51927944,14.49836064
2062,5221,125.4588804,13.85535456
2062,5222,128.92451736,11.50168896
2062,5223,132.26433288,12.20394816
2062,5224,135.47235288,10.9728
2062,5225,138.52035288,10.9728
2062,5226,141.5683224,10.9728
2062,5227,144.67161312,11.87476416
2062,5228,147.95415672,11.10666816
2062,5229,151.0800636,11.83855392
2062,5230,154.74290616,14.49177696
2062,5231,158.96289264,15.13588032
2062,5232,162.93635688,14.39192448
2062,5233,166.33740672,8.9044272
2062,5234,169.16058624,13.88388384
2062,5235,173.30144664,13.44058272
2062,5236,176.58021072,10.97389728
2062,5237,179.61943248,10.53717984
2062,5238,182.23126368,8.63120448
2062,5239,184.62275496,8.5807296
2062,5240,187.30670184,12.07117728
2062,5241,191.45091504,16.46358912
2062,5242,195.88983936,15.07552992
2062,5243,199.6926156,11.3349024
2062,5244,202.40606712,10.7478576
2062,5245,206.13438072,15.06236256
2062,5246,210.3536052,15.197328
2062,5247,214.57563384,15.19842528
2062,5248,218.50322568,13.33414656
2062,5249,222.66017952,16.31765088
2062,5250,227.05301808,13.99251456
2062,5251,230.33272704,10.97060544
2062,5252,233.380788,10.9728
2062,5253,236.42872704,10.97499456
2062,5254,239.35206384,9.13046688
2062,5255,241.33948176,5.84740512
2062,5256,242.9688816,6.04162368
2062,5257,244.5536892,5.48749728
2062,5258,246.11024184,5.64770016
2062,5259,247.8888108,7.29362016
2062,5260,249.70928976,5.75633088
2062,5261,251.3095812,5.76072
2062,5262,252.90981168,5.75962272
2062,5263,254.61288168,7.12024992
2062,5264,256.79531064,8.04964608
2062,5265,259.06695456,8.23069728
2062,5266,261.33082608,8.11548288
2062,5267,263.49191904,6.70218624
2062,5268,265.07133168,5.40739584
2062,5269,266.91720048,8.86711968
2062,5270,269.26879344,6.95236608
2062,5271,270.94574208,5.3163216
2062,5272,272.461482,5.4864
2062,5273,273.985482,5.4864
2062,5274,275.50945152,5.4864
2062,5275,277.03354296,5.4864
2062,5276,278.557482,5.4864
2062,5277,280.081482,5.4864
2062,5278,281.605482,5.4864
2062,5279,283.129482,5.4864
2062,5280,284.65817592,5.88361536
2062,5281,286.57884264,7.50210336
2062,5282,288.50466048,6.92712864
2062,5283,290.5870236,7.57891296
2062,5284,292.52579544,5.9911488
2062,5285,294.0661632,5.4864
2062,5286,295.5901632,5.4864
2062,5287,297.11419368,5.4864
2062,5288,298.6381632,5.4864
2062,5289,300.16219368,5.4864
2062,5290,301.68622416,5.4864
2062,5291,303.21022416,5.4864
2062,5292,304.73425464,5.4864
2062,5293,306.25834608,5.4864
2062,5294,307.7823156,5.4864
2062,5295,309.2875704,5.44689792
2062,5296,311.17102104,8.1363312
2062,5297,313.47914952,8.3612736
2062,5298,315.80294472,8.36456544
2062,5299,318.13512192,8.7892128
2062,5300,320.93787984,11.05399872
2062,5301,324.0136776,11.0715552
2062,5302,327.09218808,11.25370368
2062,5303,330.37616424,12.24674208
2062,5304,333.78004872,12.2566176
2062,5305,337.18128144,12.14030592
2062,5306,340.4556564,11.50168896
2062,5307,343.6219188,11.4062256
2062,5308,346.81750296,11.52144
2062,5309,350.0179944,11.52144
2062,5310,353.21848584,11.52144
2062,5311,356.4233664,11.74309056
2062,5312,359.84730672,12.68675136
2062,5313,363.23680464,11.26467648
2062,5314,366.15855648,10.56022272
2062,5315,369.10261968,9.32797728
2062,5316,371.25837864,6.9018912
2062,5317,373.17404664,7.90370784
2062,5318,375.41984352,6.86568096
2062,5319,377.03967264,5.48201088
2062,5320,378.56355072,5.4864
2062,5321,380.10794184,6.34447296
2062,5322,382.429512,9.491472
2062,5323,385.01232624,9.272016
2062,5324,387.60282144,9.36089568
2062,5325,390.18825696,9.27530784
2062,5326,392.62991832,7.90809696
2062,5327,394.48246224,5.61148992
2062,5328,395.83970616,4.06871424
2062,5329,397.01717904,4.86424224
2062,5330,398.41057224,5.0090832
2062,5331,399.63919056,3.4728912
2062,5332,400.46227248,2.79038304
2062,5333,401.0332848,0.98974656
2062,5334,401.1225912,0
2062,5335,401.1225912,0
2062,5336,401.1225912,0
2062,5337,401.1225912,0
2062,5338,401.1225912,0
2062,5339,401.1225912,0
2062,5340,401.1225912,0
2062,5341,401.1225912,0
2062,5342,401.1225912,0
2062,5343,401.16468408,0.48719232
2062,5344,401.36228592,0.5047488
2062,5345,401.4270864,0
2062,5346,401.4270864,0
2062,5347,401.4270864,0
2062,5348,401.4270864,0
2062,5349,401.4270864,0
2062,5350,401.4270864,0
2062,5351,401.4270864,0
2062,5352,401.6405988,1.51205184
2062,5353,402.78490944,7.40225088
2062,5354,405.05493792,8.19997344
2062,5355,407.21907888,7.33641408
2062,5356,409.23539184,7.25521536
2062,5357,411.25213152,7.23985344
2062,5358,413.07453072,5.69927232
2062,5359,414.6307176,6.16342176
2062,5360,416.75179032,9.52768224
2062,5361,419.59984152,9.87552
2062,5362,422.46267552,11.54228832
2062,5363,425.99780688,13.32317376
2062,5364,429.62282376,11.93292
2062,5365,432.71794584,10.92451968
2062,5366,435.77521176,11.055096
2062,5367,438.18075432,6.9622416
2062,5368,440.33825064,9.02732256
2062,5369,443.26935984,11.2361472
2062,5370,446.22143928,8.90552448
2062,5371,448.43020296,7.81482816
2062,5372,450.518784,6.73071552
2062,5373,451.95539784,4.25086272
2062,5374,453.1681056,5.24829024
2062,5375,455.5271052,11.49181344
2062,5376,458.79529272,11.06497152
2062,5377,461.81000856,11.51485632
2062,5378,465.05567136,10.94317344
2062,5379,467.99110872,11.13300288
2062,5380,471.11296176,10.71603648
2062,5381,473.96777952,10.1717856
2062,5382,476.83344816,10.44281376
2062,5383,479.73438216,10.46037024
2062,5384,482.6547624,10.84332096
2062,5385,485.87844912,12.08324736
2062,5386,489.52940448,13.76647488
2062,5387,493.35589416,13.19588928
2062,5388,496.7412468,13.09274496
2062,5389,499.463949,13.6282176
2072,5193,21.1241978666667,8.967216
2072,5194,24.0663984,14.13735552
2072,5195,28.54732416,16.73681184
2072,5196,33.157668,15.50785824
2072,5197,36.65628432,13.14431712
2072,5198,41.36809608,18.29275488
2072,5199,46.03269432,12.34220544
2072,5200,48.61276536,10.14984
2072,5201,51.7117584,11.61800064
2072,5202,55.04227752,11.89890432
2072,5203,58.33725696,11.8615968
2072,5204,61.63321176,11.86818048
2072,5205,64.9312392,11.84184576
2072,5206,67.19837208,2.57531616
2072,5207,67.69589712,5.12868672
2072,5208,70.19900616,10.2266496
2072,5209,72.49064496,7.02917568
2072,5210,75.45836064,13.63809312
2072,5211,79.28994048,13.81256064
2072,5212,83.0695824,12.8820672
2072,5213,86.16369864,10.32759936
2072,5214,89.1658872,10.9728
2072,5215,92.21269848,10.88282304
2072,5216,95.19836688,10.46475936
2072,5217,98.18275512,11.38537728
2072,5218,101.39802936,12.14579232
2072,5219,104.85955152,11.97790848
2072,5220,108.39596304,14.50494432
2072,5221,112.72314768,15.86337696
2072,5222,117.09690576,15.526512
2072,5223,121.17448968,13.58761824
2072,5224,124.89030648,13.90034304
2072,5225,128.70798744,13.13663616
2072,5226,132.15737856,11.80014912
2072,5227,135.32013576,10.96402176
2072,5228,138.47060952,12.07117728
2072,5229,141.93618552,12.54629952
2072,5230,145.22573952,10.38904704
2072,5231,147.8603088,9.32688
2072,5232,150.45120024,9.3213936
2072,5233,153.3896856,13.5075168
2072,5234,157.78282896,16.4592
2072,5235,162.34742232,16.37032032
2072,5236,166.84456344,15.36850368
2072,5237,170.77114944,13.58213184
2072,5238,174.51366672,12.6626112
2072,5239,177.575718,10.6491024
2072,5240,180.69909504,11.11873824
2072,5241,183.74648544,10.97499456
2072,5242,186.79539984,10.99694016
2072,5243,189.85132464,10.98048096
2072,5244,192.8992332,10.9728
2072,5245,196.0052976,12.1029984
2072,5246,199.9600776,15.62087808
2072,5247,204.06606888,13.3813296
2072,5248,207.90593928,15.39044928
2072,5249,212.14015992,13.57664544
2072,5250,215.52420192,11.7847872
2072,5251,218.91921672,13.81585248
2072,5252,223.24484688,15.444216
2072,5253,226.82780136,11.0221776
2072,5254,229.874064,10.9728
2072,5255,232.92370992,10.92781152
2072,5256,235.510578,6.90079392
2072,5257,237.113064,5.4864
2072,5258,238.637064,5.4864
2072,5259,240.15219432,5.38325568
2072,5260,241.6564128,5.4864
2072,5261,243.18090048,5.48859456
2072,5262,244.37166264,1.94986656
2072,5263,244.4867856,0
2072,5264,244.4867856,0
2072,5265,244.71459312,2.93083488
2072,5266,246.16888536,6.99516
2072,5267,248.7430128,10.84002912
2072,5268,251.70015192,9.94794048
2072,5269,254.33734248,9.4036896
2072,5270,256.91101272,9.20727648
2072,5271,259.50583608,9.40149504
2072,5272,262.11669192,9.4036896
2072,5273,264.50074608,5.56979328
2072,5274,265.77636456,5.99773248
2072,5275,267.61238832,6.6495168
2072,5276,269.45734272,6.50248128
2072,5277,271.1168568,5.42275776
2072,5278,272.61071208,5.48749728
2072,5279,274.1346816,5.4864
2072,5280,275.6586816,5.4864
2072,5281,277.1826816,5.4864
2072,5282,278.7688608,6.8909184
2072,5283,281.37395592,10.74676032
2072,5284,283.73109624,5.95384128
2072,5285,285.2598816,5.4864
2072,5286,286.76656896,5.3547264
2072,5287,288.27255528,5.48749728
2072,5288,289.7965248,5.4864
2072,5289,291.3205248,5.4864
2072,5290,292.8445248,5.4864
2072,5291,294.36855528,5.4864
2072,5292,295.89258576,5.4864
2072,5293,297.41661624,5.4864
2072,5294,298.94061624,5.4864
2072,5295,300.46476864,5.4864
2072,5296,301.9886772,5.4864
2072,5297,303.51276864,5.4864
2072,5298,305.03679912,5.4864
2072,5299,306.65550048,7.39895904
2072,5300,309.37910184,10.9014768
2072,5301,312.38171712,11.5049808
2072,5302,315.96049584,13.55360256
2072,5303,319.72428816,13.551408
2072,5304,323.49042744,13.59859104
2072,5305,327.28500456,13.6940544
2072,5306,331.08003888,13.26940704
2072,5307,334.40184072,10.9892592
2072,5308,337.4489568,10.9728
2072,5309,340.49729208,10.96402176
2072,5310,343.50841128,10.81698624
2072,5311,346.56113568,11.25370368
2072,5312,349.786194,11.78259264
2072,5313,353.05828296,11.78259264
2072,5314,356.33028048,11.89012608
2072,5315,359.61757896,11.19115872
2072,5316,362.63116704,10.97389728
2072,5317,365.32587336,7.4011536
2072,5318,366.97133616,5.48310816
2072,5319,368.60314392,6.03613728
2072,5320,370.17140088,5.62246272
2072,5321,372.00647976,7.41432096
2072,5322,373.96305192,6.12940608
2072,5323,375.8563476,9.36638208
2072,5324,378.89968416,11.01888576
2072,5325,381.73688448,10.13776992
2072,5326,384.1034736,5.9637168
2072,5327,385.6285404,5.4754272
2072,5328,387.15912408,5.56759872
2072,5329,388.69485888,5.47213536
2072,5330,390.19740096,4.690872
2072,5331,390.84205296,0.5596128
2072,5332,390.98655864,0.76590144
2072,5333,391.58268648,3.39827616
2072,5334,392.55365736,3.4893504
2072,5335,393.5231652,3.4893504
2072,5336,394.49297784,3.49264224
2072,5337,395.33715192,1.79844192
2072,5338,395.481048,0
2072,5339,395.481048,0
2072,5340,395.481048,0
2072,5341,395.481048,0
2072,5342,395.481048,0
2072,5343,395.52256176,0.48390048
2072,5344,395.6325336,0.01536192
2072,5345,395.6325336,0
2072,5346,395.6325336,0
2072,5347,395.6325336,0
2072,5348,395.6325336,0
2072,5349,395.6325336,0
2072,5350,395.6325336,0
2072,5351,395.6325336,0
2072,5352,395.6325336,0
2072,5353,395.6325336,0
2072,5354,395.74869288,0.88660224
2072,5355,396.28212336,3.20186304
2072,5356,397.52875536,6.10526592
2072,5357,399.69478608,8.78592096
2072,5358,402.16567776,9.44867808
2072,5359,405.02564664,10.70177184
2072,5360,407.96858208,10.09826784
2072,5361,410.57599368,9.41027328
2072,5362,413.45315328,10.98157824
2072,5363,416.59201416,11.56862304
2072,5364,419.71880496,10.93549248
2072,5365,422.58758256,9.85576896
2072,5366,425.37119904,10.0840032
2072,5367,428.17316448,10.09168416
2072,5368,430.80398472,8.81006112
2072,5369,433.38192216,9.73506816
2072,5370,436.07510448,9.47172096
2072,5371,438.39801576,7.02478656
2072,5372,440.2627212,6.74388288
2072,5373,442.73245464,11.14507296
2072,5374,445.19130672,5.89897728
2072,5375,446.59424016,4.62064608
2072,5376,447.63769248,3.46301568
2072,5377,448.82750976,4.8006
2072,5378,450.30880728,6.35434848
2072,5379,452.28790416,7.13451456
2072,5380,454.30049856,7.99697664
2072,5381,457.92975216,18.66802464
2072,5382,462.65506656,13.42741536
2072,5383,465.68017608,9.38284128
2072,5384,468.60695712,12.14579232
2072,5385,472.1086824,12.5858016
2072,5386,475.60528704,12.5858016
2072,5387,479.10372048,12.50789472
2072,5388,482.31744024,11.329416
2072,5389,485.85796656,13.40985888
2072,5390,489.52730136,14.02433568
2072,5391,493.67148408,15.18416064
2072,5392,497.9889456,15.553944
2079,5302,364.5564972,26.458164
2079,5303,369.72404592,28.0135584
2079,5304,377.74025544,30.5702208
2079,5305,386.0039016,26.46749088
2079,5306,393.09144648,24.99494112
2079,5307,399.86873544,24.14125728
2079,5308,406.58058384,24.24110976
2079,5309,412.0125364,24.6814848
2079,5314,439.6970632,15.7008576
2079,5315,443.8590564,16.88384736
2079,5316,448.43846304,14.19770592
2079,5317,451.45540392,8.997696
2079,5318,453.6096592,7.3505568
2082,5281,268.895322,6.1667136
2082,5282,270.02228952,2.91218112
2082,5283,270.718788,2.6938224
2082,5284,271.78961136,5.01237504
2082,5285,273.2365884,5.3053488
2082,5286,274.64991552,4.36388256
2082,5287,275.73210792,3.78781056
2082,5288,276.8964744,5.020056
2082,5289,278.40785568,5.4864
2082,5290,279.9318252,5.4864
2082,5291,281.45585568,5.4864
2082,5292,282.97991664,5.4864
2082,5293,284.45862336,4.93885728
2082,5294,285.86085576,5.35362912
2082,5295,287.3636112,5.49078912
2082,5296,288.8876112,5.4864
2082,5297,290.4116112,5.4864
2082,5298,291.9356112,5.4864
2082,5299,293.4596112,5.4864
2082,5300,294.9836112,5.4918864
2082,5301,296.51474352,6.20731296
2082,5302,298.55284968,7.790688
2082,5303,300.71589336,7.78959072
2082,5304,302.90524128,8.65424736
2082,5305,305.74555056,11.7024912
2082,5306,309.6170592,15.8447232
2082,5307,314.1363288,16.44932448
2082,5308,318.7086336,16.45481088
2082,5309,323.45577168,18.42003936
2082,5310,328.81613688,19.38235392
2082,5311,333.15990264,10.13557536
2082,5312,335.5418232,9.63521568
2082,5313,338.09022552,7.50978432
2082,5314,340.37308608,10.09168416
2082,5315,343.45875936,12.728448
2082,5316,346.9940736,16.1080704
2089,5243,178.63160616,15.11174016
2089,5244,182.60147376,12.58909344
2089,5245,185.79029136,11.25589824
2089,5246,188.84938608,11.1593376
2089,5247,192.17673528,12.54959136
2089,5248,195.77020536,13.16845728
2089,5249,199.43731512,13.43838816
2089,5250,203.30233152,14.2152624
2089,5251,207.27064464,14.51811168
2089,5252,211.43677296,15.28072128
2089,5253,215.66797608,15.22366272
2089,5254,219.87104616,14.04737856
2089,5255,222.9412356,8.93954016
2089,5256,225.41612016,8.76616992
2089,5257,227.71970712,7.58988576
2089,5258,229.60428552,6.39604512
2089,5259,231.38230584,6.3971424
2089,5260,233.11765416,5.5083456
2089,5261,234.33362328,3.83609088
2089,5262,235.40066712,3.84048
2089,5263,236.46286464,3.74501664
2089,5264,237.4693752,3.56616
2089,5265,238.4599752,3.56616
2089,5266,239.45063616,3.56616
2089,5267,240.44474136,3.96776448
2089,5268,241.8101844,5.48859456
2089,5269,243.33485496,5.48749728
2089,5270,244.75183968,4.94105184
2089,5271,246.2308512,5.4864
2089,5272,247.7548512,5.4864
2089,5273,249.2788512,5.4864
2089,5274,250.8028512,5.4864
2089,5275,252.3268512,5.4864
2089,5276,253.8508512,5.4864
2089,5277,255.38128248,5.49847008
2089,5278,256.75373592,4.50104256
2089,5279,258.0381936,4.66344
2089,5280,259.3335936,4.66344
2089,5281,260.6326512,4.8499776
2089,5282,262.11614328,5.733288
2089,5283,263.73335112,5.85618336
2089,5284,265.35982488,5.85728064
2089,5285,266.98617672,5.85728064
2089,5286,268.61255904,5.85618336
2089,5287,270.20617536,5.5632096
2089,5288,271.77732792,5.55004224
2089,5289,273.06065784,3.92935968
2089,5290,274.14858048,3.9172896
2089,5291,275.2371432,3.9172896
2089,5292,276.32579736,3.9172896
2089,5293,277.41426864,3.9172896
2089,5294,278.50289232,3.9172896
2089,5295,279.5997456,4.334256
2089,5296,281.16035208,6.56831808
2089,5297,282.97491792,6.08551488
2089,5298,284.49995424,5.38545024
2089,5299,286.0064892,5.35582368
2089,5300,287.51262792,5.48749728
2089,5301,289.03662792,5.4864
2089,5302,290.5606584,5.4864
2089,5303,292.0846584,5.4864
2089,5304,293.71302192,6.63634944
2089,5305,295.94684016,9.54853056
2089,5306,298.86597072,10.97170272
2089,5307,302.00318568,12.10629024
2089,5308,305.9419332,15.6033216
2089,5309,309.97846056,13.55799168
2089,5310,313.81497816,13.9848336
2089,5311,317.66335248,13.94972064
2089,5312,321.2026596,11.68493472
2089,5313,324.89549448,14.83193376
2089,5314,329.0675664,15.032736
2089,5315,333.22997616,14.39411904
2089,5316,336.78217632,12.92156928
2089,5317,341.02231008,16.31984544
2089,5318,345.547188,16.09380576
2089,5319,349.83362088,15.02944416
2089,5320,354.00880176,14.99323392
2089,5321,357.80450664,11.76174432
2089,5322,360.82568424,10.72152288
2089,5323,363.53520384,7.92455616
2089,5324,365.89231368,9.3378528
2089,5325,368.3230632,8.62681536
2089,5326,370.6454868,8.67729024
2089,5327,373.39399032,10.41757632
2089,5328,376.35112944,10.97938368
2089,5329,379.24346808,8.50611456
2089,5330,380.99759208,5.16599424
2089,5331,381.92424504,1.67993568
2089,5332,382.35523224,1.5581376
2089,5333,382.78786536,1.5581376
2089,5334,383.22043752,1.5581376
2089,5335,383.65304016,1.5581376
2089,5336,384.08573424,1.5581376
2089,5337,384.5183064,1.5581376
2089,5338,384.95093952,1.5581376
2089,5339,385.38357264,1.5581376
2089,5340,385.8161448,1.5581376
2089,5341,386.24877792,1.5581376
2089,5342,386.68141104,1.5581376
2089,5343,387.11639112,1.6294608
2089,5344,387.57267672,1.57898592
2089,5345,387.96266832,0.86246208
2089,5346,388.0311264,0
2089,5347,388.0311264,0
2089,5348,388.0311264,0
2089,5349,388.0311264,0
2089,5350,388.0311264,0
2089,5351,388.0311264,0
2089,5352,388.0311264,0
2089,5353,388.0311264,0
2089,5354,388.0311264,0
2089,5355,388.0311264,0
2089,5356,388.0311264,0
2089,5357,388.14890112,2.20663008
2089,5358,389.61727512,7.35506784
2089,5359,391.9732572,9.73726272
2089,5360,395.03753352,12.03057792
2089,5361,398.5296576,12.27746592
2089,5362,401.97258696,13.48227936
2089,5363,405.85198992,13.96179072
2089,5364,409.62367656,13.15858176
2089,5365,412.82176008,8.44576416
2089,5366,415.1624412,10.87514208
2089,5367,418.51518024,12.28295232
2089,5368,421.68656328,9.9358704
2089,5369,424.35502632,9.8810064
2089,5370,427.1113632,10.15861824
2089,5371,430.03262736,10.68860448
2089,5372,432.89765592,9.28079424
2089,5373,435.29320104,7.78959072
2089,5374,437.21798256,6.44213088
2089,5375,438.69053232,4.41984384
2089,5376,439.92573432,5.05407168
2089,5377,441.44165712,5.49408096
2089,5378,442.82971632,4.98274848
2089,5379,444.50425704,6.58368
2089,5380,446.342262,7.18608672
2089,5381,448.71762936,9.70653888
2089,5382,451.4113908,9.53097408
2089,5383,454.24621368,10.70177184
2089,5384,457.33005816,12.5144784
2089,5385,461.14523976,14.58943488
2089,5386,465.40219848,14.237208
2089,5387,468.83241768,9.32468544
2089,5388,470.79511632,10.65349152
2089,5389,475.11699744,16.7774112
2089,5390,479.77656648,16.7774112
2089,5391,484.43561736,16.77302208
2089,5392,489.439458,19.00269504
2089,5393,493.9343436,12.16225152
2089,5394,496.58284224,9.53097408
2089,5395,499.19266176,16.29899712
2098,5214,20.4854048,8.119872
2098,5215,22.36643736,8.5368384
2098,5216,24.55249344,7.2530208
2098,5217,26.5677396,7.25631264
2098,5218,28.5913068,7.82250912
2098,5219,31.58453424,13.44497184
2098,5220,35.38767624,13.56567264
2098,5221,39.06353376,14.37327072
2098,5222,43.6266336,16.86299904
2098,5223,47.5637352,11.37769632
2098,5224,50.3675904,9.3927168
2098,5225,53.85538632,16.36702848
2098,5226,58.6608936,17.39627712
2098,5227,63.49438152,17.17901568
2098,5228,66.42707568,2.57202432
2098,5229,68.58682752,16.4592
2098,5230,75.02222232,27.64487232
2098,5231,79.1163264,19.0487808
2116,5209,35.9782872,11.960352
2116,5210,37.94555784,11.80234368
2116,5211,41.16083208,11.10996
2116,5212,44.0061096,9.61436736
2116,5213,46.57560408,8.35798176
2116,5214,49.11071712,11.1757968
2116,5215,52.50877992,12.43327968
2116,5216,55.96313928,12.43108512
2116,5217,59.51351064,13.5075168
2116,5218,63.39876576,14.08688064
2116,5219,67.3108128,14.07919968
2116,5220,71.1903072,13.72258368
2116,5221,74.95864104,13.5294624
2116,5222,78.7501092,13.69844352
2116,5223,82.23653352,11.7628416
2116,5224,85.76639184,13.3538976
2116,5225,89.47507632,13.36157856
2116,5226,93.0309036,12.56495328
2116,5227,96.780096,14.100048
2116,5228,100.69756848,14.09017248
2116,5229,104.53082472,13.27269888
2116,5230,108.1310004,12.89413728
2116,5231,111.68042688,12.53532672
2116,5232,115.11814416,12.38719392
2116,5233,118.79116704,14.64539616
2116,5234,123.08506752,15.64062912
2116,5235,127.20773136,13.13005248
2116,5236,130.70009928,13.21564032
2116,5237,134.83023072,17.32934304
2116,5238,140.05684968,19.20898368
2116,5239,145.02667464,15.21817632
2116,5240,148.7818716,13.16297088
2116,5241,152.59955256,14.95482912
2116,5242,156.97340208,15.91056
2116,5243,161.40848592,16.04662272
2116,5244,165.87773784,16.14976704
2116,5245,169.78286592,9.38832768
2116,5246,173.09741352,14.96580192
2116,5247,174.9920808,1.57349952
2116,5248,176.39236248,7.15755744
2116,5249,178.24646088,6.41469888
2116,5250,180.02716344,6.39933696
2116,5251,181.85590248,7.22449152
2116,5252,184.06570248,8.23069728
2116,5253,186.35161104,8.23069728
2116,5254,188.5520232,6.55844256
2116,5255,190.08541104,5.49078912
2116,5256,191.76092712,6.85580544
2116,5257,193.62605928,6.44542272
2116,5258,195.49664736,7.32214944
2116,5259,197.7140064,8.2296
2116,5260,199.98540648,7.92345888
2116,5261,202.0718844,7.3023984
2116,5262,204.1071864,7.351776
2116,5263,206.14925496,7.351776
2116,5264,208.19132352,7.351776
2116,5265,209.99095416,3.7965888
2116,5266,210.57873048,3.81633984
2116,5267,212.4119196,7.44723936
2116,5268,214.5147348,7.66011168
2116,5269,216.64339704,7.66340352
2116,5270,218.77199832,7.6590144
2116,5271,220.90063008,7.6590144
2116,5272,223.01341224,7.52075712
2116,5273,225.118422,7.66011168
2116,5274,227.24708424,7.6590144
2116,5275,229.37574648,7.6370688
2116,5276,231.47862264,7.58549664
2116,5277,233.6045112,7.66230624
2116,5278,235.73311248,7.66120896
2116,5279,237.86177472,7.66120896
2116,5280,239.98513344,7.64474976
2116,5281,242.00656704,6.97431168
2116,5282,244.05406104,6.93042048
2116,5283,245.96817456,7.74789408
2116,5284,247.85031456,6.16781088
2116,5285,249.54606936,5.48420544
2116,5286,251.09936064,5.62026816
2116,5287,252.74512824,6.59245824
2116,5288,254.54195472,6.27424704
2116,5289,256.30863648,6.25559328
2116,5290,258.06885648,6.4410336
2116,5291,259.85903832,6.44322816
2116,5292,261.60078744,5.90226912
2116,5293,263.17401264,5.6180736
2116,5294,264.73355232,5.61587904
2116,5295,266.293092,5.61697632
2116,5296,267.85263168,5.61587904
2116,5297,269.41268952,5.56430688
2116,5298,270.90139368,5.376672
2116,5299,272.45090544,5.6180736
2116,5300,274.01050608,5.61587904
2116,5301,275.57019816,5.6180736
2116,5302,277.11970992,5.43482784
2116,5303,278.63599848,5.60490624
2116,5304,280.19611728,5.6180736
2116,5305,281.75577888,5.61697632
2116,5306,283.31541,5.61697632
2116,5307,284.87498016,5.62246272
2116,5308,286.3752972,5.96481408
2116,5309,288.82159152,10.9234224
2116,5310,291.8712984,10.9728
2116,5311,294.9192984,10.9728
2116,5312,297.96108048,10.85429376
2116,5313,301.07409432,12.33671904
2116,5314,304.88125968,14.81437728
2116,5315,309.28113912,16.29131616
2116,5316,313.38642936,12.94461216
2116,5317,317.01754224,13.09164768
2116,5318,320.40207192,11.55874752
2116,5319,323.57897184,11.80453824
2116,5320,326.9286324,12.09641472
2116,5321,330.28877808,12.09860928
2116,5322,333.58351368,11.36562624
2116,5323,336.65013696,10.9728
2116,5324,339.69835032,10.9728
2116,5325,342.72330744,10.83344544
2116,5326,345.75576264,10.94646528
2116,5327,348.75340968,10.65239424
2116,5328,351.70896384,10.643616
2116,5329,354.66485328,10.64251872
2116,5330,357.64689456,10.89379584
2116,5331,360.37125792,8.10451008
2116,5332,362.4870576,7.68096
2116,5333,364.6206576,7.68205728
2116,5334,366.6654084,6.69011616
2116,5335,368.4013968,6.1557408
2116,5336,370.11190392,6.1557408
2116,5337,371.82259392,6.15683808
2116,5338,373.53325344,6.15683808
2116,5339,375.17987448,5.59503072
2116,5340,376.70469744,5.4864
2116,5341,378.22924608,5.48859456
2116,5342,379.4200692,1.94986656
2116,5343,379.535436,0
2116,5344,379.535436,0
2116,5345,379.535436,0
2116,5346,379.535436,0
2116,5347,379.535436,0
2116,5348,379.535436,0
2116,5349,379.535436,0
2116,5350,379.535436,0
2116,5351,379.535436,0
2116,5352,379.535436,0
2116,5353,379.535436,0
2116,5354,379.535436,0
2116,5355,379.535436,0
2116,5356,379.535436,0
2116,5357,379.535436,0
2116,5358,379.535436,0
2116,5359,379.535436,0
2116,5360,379.54131864,0.39172896
2116,5361,380.36004192,5.4095904
2116,5362,382.41177264,9.58803264
2116,5363,385.2569892,10.32759936
2116,5364,388.14347568,10.40331168
2116,5365,391.0148136,10.31662656
2116,5366,393.87557496,10.15752096
2116,5367,396.6357828,9.78444576
2116,5368,399.28842672,9.32907456
2116,5369,401.83472592,9.00208512
2116,5370,404.15922216,7.8620112
2116,5371,406.62334728,10.14874272
2116,5372,409.40854872,9.36638208
2116,5373,412.10398656,10.38356064
2116,5374,415.09483656,10.71603648
2116,5375,417.66844584,7.7193648
2116,5376,419.58658272,6.53649696
2116,5377,421.52846352,7.4505312
2116,5378,423.61036944,8.22630816
2116,5379,426.14212968,8.82871488
2116,5380,428.45620176,8.77494816
2116,5381,430.9974108,8.55549216
2116,5382,433.27585176,8.40735936
2116,5383,435.70638792,8.68277664
2116,5384,438.01232184,8.09024544
2116,5385,440.44581456,9.01305792
2116,5386,442.75738728,7.63487424
2116,5387,444.7958592,7.81702272
2116,5388,447.19865856,9.05475456
2116,5389,449.64742176,9.06133824
2116,5390,452.32630896,9.7438464
2116,5391,454.97675832,10.37587968
2116,5392,457.93618344,9.957816
2116,5393,460.75982016,10.90257408
2116,5394,464.15596272,12.92376384
2116,5395,467.87946048,15.252192
2116,5396,472.55131296,17.23168512
2116,5397,477.33734352,17.17682112
2116,5398,482.21871552,18.8073792
2116,5399,487.44509064,17.7869088
2116,5400,492.57039408,19.84321152
2116,5401,497.8739217,22.0498416
2131,5211,20.02895664,8.9099136
2131,5212,21.93456624,9.42124608
2131,5213,24.944832,11.83745664
2131,5214,28.23231336,11.83306752
2131,5215,31.51912416,11.8177056
2131,5216,34.7976444,11.81660832
2131,5217,38.07619512,11.54558016
2131,5218,41.09914056,10.37258784
2131,5219,43.9500264,10.41099264
2131,5220,46.64756736,8.53354656
2131,5221,49.12150704,10.15642368
2131,5222,52.14597648,11.15824032
2131,5223,55.31065392,11.50607808
2131,5224,58.50632952,11.50278624
2131,5225,61.70230992,11.5104672
2131,5226,64.90008864,11.77161984
2131,5227,71.25818616,30.74359104
2131,5228,76.57743384,11.5104672
2131,5229,80.08068312,12.399264
2131,5230,83.51958912,12.7503936
2131,5231,86.7601008,10.79504064
2131,5232,90.32894304,14.46434496
2131,5233,94.10203176,12.82610592
2131,5234,97.4838792,10.89489312
2131,5235,100.6079268,12.5583696
2131,5236,104.00303304,11.72772864
2131,5237,107.50649568,13.41095616
2131,5238,111.39827352,14.7748752
2131,5239,115.51365264,14.64649344
2131,5240,119.64424128,15.78108096
2131,5241,124.32718848,17.28325728
2131,5242,128.9430492,15.8337504
2131,5243,133.42290816,16.28144064
2131,5244,137.790936,15.54077664
2131,5245,142.25189736,16.46139456
2131,5246,146.7674484,15.86886336
2131,5247,151.02983256,13.98593088
2131,5248,154.46267304,11.48413248
2131,5249,157.21285296,7.2255888
2131,5250,158.06498232,0.74176128
2131,5251,159.13970712,6.46736832
2131,5252,160.96890336,6.03394272
2131,5253,162.53441712,6.03833184
2131,5254,164.32898808,6.53759424
2131,5255,166.14666288,6.5507616
2131,5256,167.96634936,6.68462976
2131,5257,170.04066576,8.17583328
2131,5258,172.3276716,8.3612736
2131,5259,174.85723728,9.36418752
2131,5260,177.14902848,7.4230992
2131,5261,178.99538496,6.39823968
2131,5262,181.07622408,7.88505408
2131,5263,182.9426364,6.34447296
2131,5264,184.93380336,6.86238912
2131,5265,186.56649504,5.48420544
2131,5266,188.09555472,5.51712384
2131,5267,189.6233952,5.34924
2131,5268,191.00929032,5.07601728
2131,5269,192.51850752,5.4864
2131,5270,194.042538,5.4864
2131,5271,195.56656848,5.4864
2131,5272,197.09050752,5.4864
2131,5273,198.614538,5.4864
2131,5274,200.13741024,5.4864
2131,5275,202.00647432,8.50611456
2131,5276,204.54216648,9.2061792
2131,5277,207.09812784,9.2116656
2131,5278,210.18815976,14.19660864
2131,5279,213.8403648,9.8151696
2131,5280,216.2185668,8.42820768
2131,5281,218.46375408,6.96004704
2131,5282,220.085412,5.4864
2131,5283,221.609412,5.4864
2131,5284,223.118172,5.35033728
2131,5285,224.6188548,5.62246272
2131,5286,226.295712,6.31374912
2131,5287,227.9725692,5.62246272
2131,5288,229.496112,5.4864
2131,5289,231.020112,5.47981632
2131,5290,232.635552,6.04162368
2131,5291,234.220512,5.4864
2131,5292,235.74396336,5.48530272
2131,5293,237.48114048,7.27167456
2131,5294,239.50415904,7.33202496
2131,5295,241.48087848,6.144768
2131,5296,243.0325848,5.4864
2131,5297,244.5565848,5.4864
2131,5298,246.0805848,5.4864
2131,5299,247.6045848,5.4864
2131,5300,249.12852384,5.4864
2131,5301,250.65228,5.4864
2131,5302,252.16329552,5.0365152
2131,5303,253.0917468,1.39025376
2131,5304,253.58390736,3.61114848
2131,5305,255.14387376,6.7153536
2131,5306,256.97334432,6.55734528
2131,5307,258.83335584,6.7318128
2131,5308,260.70324288,6.7318128
2131,5309,262.57312992,6.7318128
2131,5310,264.4228392,6.6275712
2131,5311,266.58243864,9.70324704
2131,5312,269.55250128,10.70506368
2131,5313,272.53670664,10.95743808
2131,5314,275.5852248,10.9728
2131,5315,278.72774328,12.30818976
2131,5316,282.2284932,12.65602752
2131,5317,285.94839432,13.72368096
2131,5318,289.54860048,11.66079456
2131,5319,292.61845464,10.9728
2131,5320,295.66654608,10.9728
2131,5321,298.71460704,10.9728
2131,5322,301.762668,10.9728
2131,5323,304.810668,10.9728
2131,5324,307.858668,10.9728
2131,5325,310.88514912,10.81698624
2131,5326,313.9116912,10.9728
2131,5327,316.9596912,10.9728
2131,5328,320.0076912,10.97389728
2131,5329,323.01847512,10.55912544
2131,5330,325.90106016,10.3363776
2131,5331,328.77325152,10.33747488
2131,5332,331.58939016,9.44099712
2131,5333,333.79647744,6.92712864
2131,5334,335.71702224,6.92493408
2131,5335,337.66682784,6.91944768
2131,5336,339.57972216,7.27386912
2131,5337,341.65821432,7.13341728
2131,5338,343.42123848,6.28412256
2131,5339,345.339924,7.13232
2131,5340,347.32139832,7.13670912
2131,5341,349.14282216,5.34485088
2131,5342,350.40658392,4.0928544
2131,5343,350.99012352,0.16898112
2131,5344,350.990916,0
2131,5345,351.5355936,4.54712832
2131,5346,353.06261112,5.58186336
2131,5347,354.61288488,5.5851552
2131,5348,356.16315864,5.58405792
2131,5349,357.71346288,5.5851552
2131,5350,359.26404144,5.56979328
2131,5351,360.75951216,5.35143456
2131,5352,362.29667952,5.58186336
2131,5353,363.8469228,5.5851552
2131,5354,365.3971356,5.58296064
2131,5355,366.94737888,5.58405792
2131,5356,368.49759168,5.58296064
2131,5357,370.04789592,5.58186336
2131,5358,371.59810872,5.58186336
2131,5359,373.148352,5.5851552
2131,5360,374.69859528,5.58186336
2131,5361,376.24883856,5.58296064
2131,5362,377.7991428,5.58405792
2131,5363,379.3490508,5.5796688
2131,5364,380.89920264,5.5851552
2131,5365,382.44938496,5.58296064
2131,5366,383.9996892,5.58405792
2131,5367,385.549902,5.5851552
2131,5368,387.11026464,5.6729376
2131,5369,388.675626,5.58405792
2131,5370,390.22586928,5.58296064
2131,5371,391.77617352,5.58405792
2131,5372,393.32638632,5.58405792
2131,5373,394.87672104,5.5851552
2131,5374,396.42696432,5.58405792
2131,5375,397.9772076,5.5851552
2131,5376,399.52745088,5.58296064
2131,5377,401.07775512,5.5851552
2131,5378,402.62796792,5.58405792
2131,5379,404.1782112,5.5851552
2131,5380,405.72854592,5.58186336
2131,5381,407.27875872,5.5851552
2131,5382,408.82906296,5.58405792
2131,5383,410.37930624,5.5851552
2131,5384,411.92954952,5.58405792
2131,5385,413.47976232,5.58405792
2131,5386,415.0330536,5.6345328
2131,5387,416.59579368,5.58734976
2131,5388,418.14603696,5.58296064
2131,5389,419.69628024,5.5851552
2131,5390,421.24652352,5.58186336
2131,5391,422.7967668,5.5851552
2131,5392,424.34704056,5.5851552
2131,5393,425.91261528,6.3532512
2131,5394,428.1031824,8.26032384
2131,5395,430.446942,9.83601792
2131,5396,433.4323056,10.84771008
2131,5397,436.76825016,13.7324592
2131,5398,440.71074672,14.36120064
2131,5399,445.22321928,18.29275488
2131,5400,450.4038744,18.97636032
2131,5401,456.58698624,25.85081952
2131,5402,463.95418512,26.57282976
2131,5403,471.35671032,26.554176
2131,5404,478.32196944,23.49495936
2131,5405,484.77461592,23.22832032
2131,5406,491.22049584,22.71479328
2131,5407,496.57510032,17.13073536
2131,5408,499.588536,19.0816992
2137,5217,19.8107808,3.1382208
2137,5218,20.5095348,3.68356896
2137,5219,21.66612888,4.25196
2137,5220,22.9511352,5.6948832
2137,5221,24.92812896,8.60486976
2137,5222,27.93961392,12.82281408
2137,5223,31.59212376,13.23648864
2137,5224,35.58637536,15.67354752
2137,5225,40.00311024,16.01370432
2137,5226,44.8356228,18.51330816
2137,5227,48.86209176,9.46074816
2137,5228,52.13905752,19.39003488
2137,5229,59.19801216,27.34641216
2137,5230,64.96452336,8.6630256
2137,5231,66.29634696,11.02108032
2137,5232,71.46654744,23.73636096
2137,5233,79.468218,27.5033232
2137,5234,84.9876888,15.800832
2137,5235,89.34599352,15.87434976
2137,5236,93.73877112,15.0546816
2137,5237,97.48650048,13.26501792
2137,5238,101.23301064,13.6775952
2137,5239,104.9309052,11.8177056
2137,5240,108.07534392,11.52473184
2137,5241,111.29205072,12.47497632
2137,5242,115.48174008,17.53563168
2137,5243,120.7766952,19.29237696
2137,5244,125.96375112,18.9774576
2137,5245,131.2351452,18.19729152
2137,5246,135.73396272,14.32828224
2137,5247,139.298172,10.89379584
2137,5248,142.07587536,9.87332544
2137,5249,144.97738848,11.2910112
2137,5250,147.67593528,6.80971968
2137,5251,149.07383952,3.7142928
2137,5252,150.48347856,8.5203792
2137,5253,152.98960512,7.81043904
2137,5254,155.09482824,7.56135648
2137,5255,157.34114328,8.1034128
2137,5256,159.33566304,7.077456
2137,5257,161.2454484,7.04234304
2137,5258,163.45579704,8.55220032
2137,5259,165.95616288,8.14072032
2137,5260,168.21726072,9.46513728
2137,5261,171.08046048,10.4845104
2137,5262,173.5153248,6.76034208
2137,5263,175.20967752,6.03833184
2137,5264,176.80984704,5.48420544
2137,5265,178.33537104,5.49956736
2137,5266,179.89469736,6.39823968
2137,5267,181.88309064,7.17401664
2137,5268,183.76352376,6.17658912
2137,5269,185.347356,5.4864
2137,5270,186.87129504,5.48859456
2137,5271,188.402214,5.513832
2137,5272,189.92840856,5.48859456
2137,5273,191.19290184,3.78232416
2137,5274,192.43980816,5.52261024
2137,5275,194.1516564,6.30936
2137,5276,195.90437832,6.30936
2137,5277,197.6577708,6.30936
2137,5278,198.93631536,1.69858944
2137,5279,199.0109304,0
2137,5280,199.32581928,3.34231488
2137,5281,201.08338752,9.01634976
2137,5282,203.96191872,9.5902272
2137,5283,206.3499048,9.58364352
2137,5284,209.04165456,8.40845664
2137,5285,211.2550512,7.9333344
2137,5286,213.45909048,7.9333344
2137,5287,215.66303832,7.9333344
2137,5288,218.14895664,10.4570784
2137,5289,220.87685568,9.44867808
2137,5290,223.79229816,10.84332096
2137,5291,226.8246924,10.50974784
2137,5292,229.14812184,6.22377216
2137,5293,230.7156168,5.4864
2137,5294,232.25830104,6.21718848
2137,5295,234.19024536,6.71096448
2137,5296,236.27556504,7.92675072
2137,5297,238.0308168,5.47981632
2137,5298,239.55478632,5.458968
2137,5299,241.02736656,4.73695776
2137,5300,242.08627224,3.97434816
2137,5301,243.49136976,5.48859456
2137,5302,245.0153088,5.4864
2137,5303,246.5393088,5.4864
2137,5304,248.06370504,5.35801824
2137,5305,249.13397976,1.5197328
2137,5306,249.21972,0
2137,5307,249.21972,0
2137,5308,249.21972,0
2137,5309,249.64116696,4.0270176
2137,5310,251.11112592,5.48420544
2137,5311,252.75472944,6.77680128
2137,5312,255.16280184,10.64471328
2137,5313,258.33275232,11.71236672
2137,5314,261.59776992,11.75296608
2137,5315,264.82218816,11.30966496
2137,5316,268.327632,14.91861888
2137,5317,272.76585528,16.32423456
2137,5318,277.33605696,16.4592
2137,5319,281.90802648,16.46139456
2137,5320,286.30501032,13.86193824
2137,5321,289.56886968,10.97060544
2137,5322,292.61696112,10.9728
2137,5323,295.6649916,10.9728
2137,5324,298.71308304,10.9728
2137,5325,301.76108304,10.9728
2137,5326,304.809144,10.9728
2137,5327,307.857144,10.9728
2137,5328,310.88466144,10.82576448
2137,5329,313.91217888,10.9728
2137,5330,316.9601484,10.9728
2137,5331,320.007996,10.97389728
2137,5332,322.96675056,9.97756704
2137,5333,325.61652936,9.4475808
2137,5334,328.24104024,9.4475808
2137,5335,330.83872872,9.25884864
2137,5336,333.6093912,10.03791744
2137,5337,335.69062656,5.53687488
2137,5338,337.21310256,5.4864
2137,5339,338.73716352,5.4864
2137,5340,340.26122448,5.4864
2137,5341,341.78431008,5.41617408
2137,5342,343.27127688,5.41617408
2137,5343,344.78994288,5.2175664
2137,5344,346.03111896,3.30500736
2137,5345,346.4088576,0
2137,5346,346.4088576,0
2137,5347,346.4088576,0
2137,5348,346.4088576,0
2137,5349,346.4088576,0
2137,5350,346.4088576,0
2137,5351,346.4088576,0
2137,5352,346.4088576,0
2137,5353,346.4088576,0
2137,5354,346.4088576,0
2137,5355,346.4088576,0
2137,5356,346.4088576,0
2137,5357,346.4088576,0
2137,5358,346.4088576,0
2137,5359,346.4088576,0
2137,5360,346.4088576,0
2137,5361,346.4088576,0
2137,5362,346.4088576,0
2137,5363,346.4088576,0
2137,5364,346.8614856,4.84119936
2137,5365,349.09057944,9.2884752
2137,5366,351.6701628,9.2829888
2137,5367,354.24931944,9.2829888
2137,5368,356.85673104,9.87442272
2137,5369,359.78689536,10.7423712
2137,5370,362.7894192,10.9728
2137,5371,365.82495288,10.5284016
2137,5372,368.18267232,6.20731296
2137,5373,369.72435072,5.62246272
2137,5374,371.47490856,7.12902816
2137,5375,373.76331648,9.19301184
2137,5376,376.338846,9.32358816
2137,5377,379.1029248,10.7094528
2137,5378,382.04680512,9.86125536
2137,5379,384.64964472,9.272016
2137,5380,387.23596416,9.354312
2137,5381,389.82222264,9.272016
2137,5382,392.36910096,8.93295648
2137,5383,394.80417864,8.12645568
2137,5384,396.70350936,6.03613728
2137,5385,398.28880464,5.44580064
2137,5386,399.94054632,7.30678752
2137,5387,402.24992448,8.50282272
2137,5388,404.6765592,9.12278592
2137,5389,407.2603488,9.32797728
2137,5390,409.80823296,8.9154
2137,5391,412.25105256,8.77714272
2137,5392,414.74678544,9.35650656
2137,5393,417.38623152,9.84369888
2137,5394,420.23544096,10.28809728
2137,5395,422.76259872,7.488936
2137,5396,424.78381896,8.95161024
2137,5397,427.82486952,11.50168896
2137,5398,430.8495828,10.04230656
2137,5399,433.8110196,11.98449216
2137,5400,437.63546712,16.88055552
2137,5401,443.397894,22.8289104
2137,5402,449.74014192,22.8343968
2137,5403,456.07047216,22.59518976
2137,5404,462.40991592,23.4763056
2137,5405,468.60083064,18.38712096
2137,5406,474.4929804,26.88006816
2137,5407,482.04888096,26.16903072
2137,5408,488.07694104,19.54475136
2137,5409,494.27517096,23.70783168
2137,5410,500.85226728,23.66394048
2137,5411,504.7978728,23.701248
2144,5224,20.5403365333333,18.3830976
2144,5225,25.37670312,18.27300384
2144,5226,29.83266576,12.61542816
2144,5227,32.83086144,9.33456096
2144,5228,35.381946,10.39014432
2144,5229,38.4790188,12.37951296
2144,5230,42.51219336,15.1534368
2144,5231,46.4740752,14.56419744
2144,5232,51.43030608,22.38780384
2144,5233,58.31272056,25.24951008
2144,5234,65.30532024,24.30365472
2144,5235,70.93141008,16.4153088
2144,5236,75.3124224,15.72292512
2144,5237,79.7614356,16.62050016
2144,5238,84.37415688,16.41640608
2144,5239,88.8760224,15.23792736
2144,5240,92.7358572,13.07628576
2144,5241,96.3814176,13.38352416
2144,5242,100.3503708,15.63514272
2144,5243,104.76832488,16.130016
2144,5244,109.87936368,20.1405744
2144,5245,114.95641728,16.1409888
2144,5246,119.35809504,15.65050464
2144,5247,123.6899736,16.04333088
2144,5248,128.14794792,15.69000672
2144,5249,132.26192496,13.60736928
2144,5250,135.62457,10.97060544
2144,5251,138.67311864,10.93110336
2144,5252,141.38352216,8.26142112
2144,5253,143.56829808,7.83787104
2144,5254,145.50789288,5.96481408
2144,5255,147.1484484,5.97359232
2144,5256,149.10630072,9.25665408
2144,5257,152.05216224,10.63593504
2144,5258,154.86875808,9.26762688
2144,5259,156.84529464,5.5193184
2144,5260,158.36795352,5.4864
2144,5261,159.89174016,5.4864
2144,5262,161.40342624,5.13856224
2144,5263,162.8099868,5.31193248
2144,5264,164.14263336,3.68576352
2144,5265,164.96071656,2.51935488
2144,5266,165.81708264,3.74830848
2144,5267,166.81295568,3.53982528
2144,5268,167.79630144,3.53763072
2144,5269,169.1461692,7.91577792
2144,5270,172.009308,10.97499456
2144,5271,174.82389216,7.97503104
2144,5272,176.7475764,7.39456992
2144,5273,178.86240072,7.626096
2144,5274,180.97734696,7.61073408
2144,5275,183.09845016,7.66888992
2144,5276,185.2318368,7.68096
2144,5277,187.36702176,7.708392
2144,5278,189.50900376,7.63048512
2144,5279,191.31713832,5.40520128
2144,5280,192.82358184,5.4864
2144,5281,194.34593592,5.5357776
2144,5282,196.42528152,10.1004624
2144,5283,199.45301232,10.9782864
2144,5284,202.40131224,10.3747824
2144,5285,205.2600924,9.45965088
2144,5286,207.40585392,6.58368
2144,5287,209.20764864,6.4081152
2144,5288,210.9877416,6.4081152
2144,5289,212.7677736,6.4081152
2144,5290,214.54801896,6.4081152
2144,5291,216.3281424,6.4081152
2144,5292,218.09482416,6.80752512
2144,5293,220.61914728,10.72700928
2144,5294,223.05468216,6.36861312
2144,5295,224.76262896,6.65939232
2144,5296,226.61489856,6.528816
2144,5297,228.44808768,7.24972896
2144,5298,230.82013272,9.23251392
2144,5299,233.28002112,7.64365248
2144,5300,234.98010408,5.01895872
2144,5301,235.68254616,0.20958048
2144,5302,235.91145096,2.89572192
2144,5303,236.831886,1.43633952
2144,5304,236.94399144,0.82954368
2144,5305,237.26031288,1.17518688
2144,5306,238.18861176,5.1791616
2144,5307,239.7081312,5.43811968
2144,5308,241.09658664,4.20916608
2144,5309,242.12531712,2.62140192
2144,5310,242.3638536,0
2144,5311,242.45547648,1.82587392
2144,5312,243.74069616,7.40664
2144,5313,246.46527288,10.98048096
2144,5314,249.5132424,10.9728
2144,5315,252.61494816,11.90439072
2144,5316,256.160778,13.04446464
2144,5317,259.80685656,13.48776576
2144,5318,263.85033336,15.43104864
2144,5319,268.14694656,15.3399744
2144,5320,272.36748168,15.32022336
2144,5321,276.8682804,16.74778464
2144,5322,281.36054472,14.54554368
2144,5323,284.73230328,10.9398816
2144,5324,287.6993484,9.8700336
2144,5325,290.2331508,9.7767648
2144,5326,293.2307064,10.9728
2144,5327,296.2787064,10.9728
2144,5328,299.32667592,10.97938368
2144,5329,302.24553216,9.9194112
2144,5330,305.00418552,10.0620576
2144,5331,307.79804328,10.0620576
2144,5332,310.5136284,9.09754848
2144,5333,312.91581816,8.5917024
2144,5334,315.30331656,8.5917024
2144,5335,317.71718016,8.93624832
2144,5336,320.31489912,9.683496
2144,5337,323.02027344,9.4256352
2144,5338,325.3584552,7.82250912
2144,5339,327.56475,7.9168752
2144,5340,329.62766688,6.88652928
2144,5341,331.51550664,6.78009312
2144,5342,333.24052224,5.62356
2144,5343,335.14012728,8.17254144
2144,5344,337.30643232,6.6604896
2144,5345,338.89864656,5.48969184
2144,5346,340.08812856,1.947672
2144,5347,340.2037392,0
2144,5348,340.2037392,0
2144,5349,340.2037392,0
2144,5350,340.2037392,0
2144,5351,340.2037392,0
2144,5352,340.2037392,0
2144,5353,340.2037392,0
2144,5354,340.2037392,0
2144,5355,340.2037392,0
2144,5356,340.2037392,0
2144,5357,340.2037392,0
2144,5358,340.2037392,0
2144,5359,340.2037392,0
2144,5360,340.2037392,0
2144,5361,340.2037392,0
2144,5362,340.2037392,0
2144,5363,340.2037392,0
2144,5364,340.2037392,0
2144,5365,340.2037392,0
2144,5366,340.2037392,0
2144,5367,340.37589024,2.92095936
2144,5368,342.14369976,7.81482816
2144,5369,344.4817596,10.43293824
2144,5370,347.54755992,9.62753472
2144,5371,350.7492096,14.13406368
2144,5372,354.68609784,13.91680224
2144,5373,358.13256288,10.80162432
2144,5374,360.90977856,8.86931424
2144,5375,362.96059488,6.57709632
2144,5376,364.7895168,6.58368
2144,5377,366.63663528,7.12902816
2144,5378,368.90379864,8.78043456
2144,5379,371.34213768,8.77824
2144,5380,373.7962044,9.24787584
2144,5381,376.61212968,10.66885344
2144,5382,379.57563912,10.6655616
2144,5383,382.62238944,11.93730912
2144,5384,385.74015816,9.64070208
2144,5385,388.37512368,9.47391552
2144,5386,390.99128304,9.34004736
2144,5387,393.35220288,7.65023616
2144,5388,395.25817824,6.19304832
2144,5389,396.91430904,5.97139776
2144,5390,399.00572472,8.97794496
2144,5391,401.60938728,9.60229728
2144,5392,404.27785032,9.56608704
2144,5393,406.54717776,6.87007008
2144,5394,408.67907088,8.4600288
2144,5395,411.03916776,8.4929472
2144,5396,413.3993256,8.41942944
2144,5397,415.66402008,7.34958144
2144,5398,417.56161344,7.40334816
2144,5399,419.93405472,9.7822512
2144,5400,423.0968424,13.07189664
2144,5401,426.93339048,13.9025376
2144,5402,430.79249376,13.93106688
2144,5403,435.09541632,17.59817664
2144,5404,440.12245224,18.00965664
2144,5405,445.66063776,22.66541568
2144,5406,451.92564936,20.84722272
2144,5407,457.54332672,21.50559072
2144,5408,464.33174088,26.3127744
2144,5409,471.83783712,27.7831296
2144,5410,479.56369416,27.0424656
2144,5411,486.2872164,22.58860608
2144,5412,492.93728184,24.97628736
2144,5413,498.5055308,24.9320304
2151,5239,82.3537596,15.7679136
2151,5240,85.75413888,15.83704224
2151,5241,90.12408696,15.35972544
2151,5242,94.54106568,16.28034336
2151,5243,99.25318224,17.35458048
2151,5244,103.84121472,16.10916768
2151,5245,108.50352696,17.27338176
2151,5246,113.29333704,16.72583904
2151,5247,117.49738248,13.9464288
2151,5248,121.34142864,14.3579088
2151,5249,125.79196584,16.48443744
2151,5250,129.57980688,10.44939744
2151,5251,132.22202664,9.69007968
2151,5252,134.84028912,9.03171168
2151,5253,137.37912072,9.36309024
2151,5254,139.72422144,7.28484192
2151,5255,141.49757832,5.75742816
2151,5256,143.19074232,6.4245744
2151,5257,144.99698712,6.47175744
2151,5258,146.88427824,7.1103744
2151,5259,148.86535632,7.38249984
2151,5260,151.42826712,10.32101568
2151,5261,153.74438136,5.66415936
2151,5262,154.76695488,2.98240704
2151,5263,156.00496104,5.86276704
2151,5264,157.46812296,4.51969632
2151,5265,158.68750584,4.636008
2151,5266,160.14880848,4.78633536
2151,5267,161.1847932,3.54092256
2151,5268,162.17426544,3.5606736
2151,5269,163.55708208,7.845552
2151,5270,166.078662,8.91101088
2151,5271,168.75791496,9.45745632
2151,5272,170.80830456,6.50028672
2151,5273,172.72098552,6.94687968
2151,5274,174.65134488,6.94468512
2151,5275,176.65997688,7.70400288
2151,5276,178.86474768,7.93443168
2151,5277,180.3736296,1.6898112
2151,5278,181.18573872,7.15646016
2151,5279,183.81119448,9.73177632
2151,5280,186.48462576,9.6231456
2151,5281,188.80967064,5.9692032
2151,5282,190.2308616,5.44470336
2151,5283,191.75574552,5.73657984
2151,5284,194.1825936,12.09970656
2151,5285,197.72814912,12.64834656
2151,5286,200.60180352,7.88834592
2151,5287,202.41515016,5.46664896
2151,5288,203.93348088,5.4864
2151,5289,205.50719376,6.30606816
2151,5290,207.35860992,6.31265184
2151,5291,209.04811632,6.391656
2151,5292,210.89639304,6.8909184
2151,5293,212.9501964,7.62938784
2151,5294,215.05676064,7.5767184
2151,5295,217.17356616,7.63267968
2151,5296,219.29345016,7.63267968
2151,5297,221.44186344,8.21533536
2151,5298,223.87904424,8.71679232
2151,5299,226.1611428,7.95418272
2151,5300,228.25319856,5.65757568
2151,5301,229.02635424,1.36501632
2151,5302,229.376478,0.80759808
2151,5303,229.51092528,0.83283552
2151,5304,229.76412264,0.19970496
2151,5305,229.7725656,0
2151,5306,229.7725656,0
2151,5307,229.99610592,2.36354112
2151,5308,230.99621568,3.83279904
2151,5309,232.42054608,7.7687424
2151,5310,235.05761472,9.88210368
2151,5311,237.51640584,6.8634864
2151,5312,239.00651208,4.93117632
2151,5313,240.45437304,5.51822112
2151,5314,242.53121928,10.02145824
2151,5315,245.5477944,10.9728
2151,5316,248.59567248,10.9728
2151,5317,251.65604736,11.5543584
2151,5318,255.52566624,16.11026496
2151,5319,260.13408984,16.7774112
2151,5320,264.77037216,16.52613408
2151,5321,269.31710424,16.17829632
2151,5322,273.8344536,16.4592
2151,5323,278.38621488,15.58576512
2151,5324,281.9770332,10.4406192
2151,5325,284.19503232,5.79254112
2151,5326,285.8426592,6.71864544
2151,5327,287.82657192,7.00284096
2151,5328,289.8926892,8.91649728
2151,5329,292.77271392,10.97938368
2151,5330,295.81550184,10.8136944
2151,5331,299.10304416,13.45594464
2151,5332,302.98192896,13.93216416
2151,5333,306.62800752,12.06788544
2151,5334,309.38272896,7.70071104
2151,5335,311.38310088,7.15536288
2151,5336,313.22165448,5.77059552
2151,5337,314.74571544,5.3547264
2151,5338,316.59716208,8.5971888
2151,5339,319.13888928,8.89564896
2151,5340,321.44457936,8.15608224
2151,5341,323.7640464,8.36895456
2151,5342,326.15742744,8.9538048
2151,5343,328.67382576,9.0361008
2151,5344,330.80032392,5.80131936
2151,5345,332.2597368,5.20878816
2151,5346,333.6130488,3.48276672
2151,5347,333.9559488,0.01316736
2151,5348,333.9559488,0
2151,5349,333.9559488,0
2151,5350,333.9559488,0
2151,5351,333.9559488,0
2151,5352,333.9559488,0
2151,5353,333.9559488,0
2151,5354,333.9559488,0
2151,5355,333.9559488,0
2151,5356,333.9559488,0
2151,5357,333.9559488,0
2151,5358,333.9559488,0
2151,5359,333.9559488,0
2151,5360,333.9559488,0
2151,5361,333.9559488,0
2151,5362,333.98682504,0.70994016
2151,5363,334.357218,0.8942832
2151,5364,334.412844,0
2151,5365,334.412844,0
2151,5366,334.412844,0
2151,5367,334.412844,0
2151,5368,334.412844,0
2151,5369,334.83599784,4.0270176
2151,5370,336.36847128,6.8909184
2151,5371,338.97210336,10.94097888
2151,5372,342.01580568,11.51924544
2151,5373,345.58586712,13.23978048
2151,5374,349.19466864,14.95482912
2151,5375,352.98092472,9.81297504
2151,5376,355.90983936,11.77820352
2151,5377,359.04339672,10.7752896
2151,5378,362.02824216,10.91683872
2151,5379,364.84435032,8.08914816
2151,5380,366.675162,6.35105664
2151,5381,368.73938952,8.50611456
2151,5382,371.12335224,8.46112608
2151,5383,373.27353336,7.68096
2151,5384,375.6554844,9.36967392
2151,5385,378.5910132,11.3458752
2151,5386,381.63834264,9.90185472
2151,5387,383.414778,2.30319072
2151,5388,384.87638544,10.06534944
2151,5389,387.90167784,10.9728
2151,5390,390.93148128,10.88172576
2151,5391,393.84866112,9.14253696
2151,5392,395.90191584,7.22668608
2151,5393,398.20861176,8.77824
2151,5394,400.69300608,9.38284128
2151,5395,403.39417416,9.72409536
2151,5396,406.0687332,9.6012
2151,5397,408.72405936,9.44977536
2151,5398,411.32238792,9.32688
2151,5399,413.87414304,8.81774208
2151,5400,416.2443288,8.46112608
2151,5401,418.59424536,8.85614688
2151,5402,421.3568916,10.42854912
2151,5403,424.0889664,11.21200704
2151,5404,429.01410768,21.74918688
2151,5405,435.20035896,23.64418944
2151,5406,441.78303312,23.68588608
2151,5407,448.37226048,23.7341664
2151,5408,455.00059368,24.7930416
2151,5409,462.4527708,28.06183872
2151,5410,470.1434844,26.35227648
2151,5411,477.17372688,25.23853728
2151,5412,484.0899132,24.55602912
2151,5413,490.93005192,24.6942864
2151,5414,497.49337128,21.42878112
2165,5226,19.5665682666667,12.5041152
2165,5227,22.84387608,12.23906112
2165,5228,25.7040888,8.96806944
2165,5229,28.50355488,10.69957728
2165,5230,31.47538536,10.69079904
2165,5231,34.43883384,10.67324256
2165,5232,37.45546992,11.43804672
2165,5233,40.81585944,12.3444
2165,5234,44.24623104,12.36195648
2165,5235,47.67867528,12.3444
2165,5236,51.18631368,13.61834208
2165,5237,55.284624,15.17647968
2165,5238,59.50104432,15.1753824
2165,5239,63.77781504,17.0846496
2165,5240,69.55849944,23.0648256
2165,5241,75.97478328,23.22722304
2165,5242,82.22921832,20.10546144
2165,5243,87.04865496,15.81290208
2165,5244,90.8549364,12.79538208
2165,5245,94.81882992,15.01737408
2165,5246,99.02580144,15.1753824
2165,5247,103.21917888,14.8023072
2165,5248,107.22714648,14.26354272
2165,5249,111.18988176,14.26464
2165,5250,115.07836776,12.7449072
2165,5251,118.12524,10.067544
2165,5252,120.8797176,9.87552
2165,5253,123.6229176,9.87552
2165,5254,126.31433208,8.79250464
2165,5255,128.24371608,6.03613728
2165,5256,130.0534356,6.7702176
2165,5257,131.94980976,7.31776032
2165,5258,134.12955648,7.90370784
2165,5259,136.31177208,7.9113888
2165,5260,138.6943632,8.98891776
2165,5261,141.10895832,8.5917024
2165,5262,143.49758448,8.57743776
2165,5263,145.59966816,6.22267488
2165,5264,147.2276964,5.85069696
2165,5265,148.85343864,5.84411328
2165,5266,150.40551072,5.23731744
2165,5267,151.83008496,5.1242976
2165,5268,153.25353144,5.10344928
2165,5269,154.3630644,2.49521472
2165,5270,154.93139448,2.0080224
2165,5271,155.48908704,2.03435712
2165,5272,156.43430232,5.2504848
2165,5273,158.04812688,5.8485024
2165,5274,159.67402152,5.84191872
2165,5275,161.1662004,4.7347632
2165,5276,162.42767616,4.52847456
2165,5277,163.66821216,4.43959488
2165,5278,164.91929424,4.50652896
2165,5279,165.872922,1.97839584
2165,5280,166.3014708,1.50985728
2165,5281,166.72063176,1.51314912
2165,5282,167.13918312,1.52192736
2165,5283,167.75618976,3.16894464
2165,5284,168.71530392,3.4783776
2165,5285,169.6788072,3.53104704
2165,5286,171.21841296,8.23837824
2165,5287,173.7366096,9.14143968
2165,5288,176.2755936,9.15570432
2165,5289,179.05738128,11.164824
2165,5290,182.25174624,11.52144
2165,5291,185.45229864,11.51705088
2165,5292,188.6035344,11.08911168
2165,5293,191.6558016,10.9728
2165,5294,194.70352728,10.9782864
2165,5295,197.83431096,11.66628096
2165,5296,201.10606464,11.74199328
2165,5297,204.26083608,10.8685584
2165,5298,207.23766528,10.66226976
2165,5299,209.72727168,6.67585152
2165,5300,211.38837072,5.92202016
2165,5301,213.03322392,5.925312
2165,5302,214.66762248,5.85728064
2165,5303,216.30546528,5.925312
2165,5304,217.95034896,5.92421472
2165,5305,219.5968176,5.8759344
2165,5306,220.69812096,1.40122656
2165,5307,220.87015008,0.54864
2165,5308,221.02245864,0.54864
2165,5309,221.1749196,0.54864
2165,5310,221.32555176,0.61008768
2165,5311,222.09050832,5.59722528
2165,5312,223.86170112,6.4574928
2165,5313,225.68315544,6.59904192
2165,5314,227.76945048,8.74312704
2165,5315,230.3012412,9.1403424
2165,5316,232.83949368,9.19410912
2165,5317,235.93489008,13.75659936
2165,5318,239.96809512,14.53457088
2165,5319,244.01526,14.64649344
2165,5320,248.39191368,17.25582528
2165,5321,253.310136,17.69802912
2165,5322,258.19193472,17.56416096
2165,5323,262.75006632,14.80120992
2165,5324,266.7504444,14.3853408
2165,5325,270.70098768,14.09565888
2165,5326,274.3492608,11.6147088
2165,5327,277.32368208,10.01158272
2165,5328,279.82124376,7.27057728
2165,5329,281.45268576,5.4864
2165,5330,282.97519224,5.53138848
2165,5331,284.91506136,9.00757152
2165,5332,287.77210416,10.81698624
2165,5333,290.5678212,9.4969584
2165,5334,293.24268504,9.6889824
2165,5335,295.93483104,9.68788512
2165,5336,298.74828744,10.86197472
2165,5337,301.859442,11.25150912
2165,5338,304.7647956,9.13705056
2165,5339,307.03823784,6.9841872
2165,5340,309.03379392,8.41394304
2165,5341,311.41135584,8.50830912
2165,5342,313.80757152,8.56646496
2165,5343,315.96963984,8.15498496
2165,5344,318.27148944,6.61989024
2165,5345,319.87333536,5.80131936
2165,5346,321.26709432,4.13016192
2165,5347,322.42890048,4.2135552
2165,5348,323.59951536,4.07529792
2165,5349,324.5938644,3.31488288
2165,5350,325.13963928,0.26005536
2165,5351,325.1426568,0
2165,5352,325.1426568,0
2165,5353,325.30538952,1.78966368
2165,5354,326.06373192,2.9297376
2165,5355,326.8784928,2.78270208
2165,5356,327.28686384,0.13825728
2165,5357,327.2878392,0
2165,5358,327.2878392,0
2165,5359,327.2878392,0
2165,5360,327.2878392,0
2165,5361,327.2878392,0
2165,5362,327.2878392,0
2165,5363,327.2878392,0
2165,5364,327.2878392,0
2165,5365,327.2878392,0
2165,5366,327.2878392,0
2165,5367,327.2878392,0
2165,5368,327.2878392,0
2165,5369,327.37223832,0.63313056
2165,5370,327.57401592,0.71432928
2165,5371,328.39161144,6.41469888
2165,5372,330.57126672,8.04525696
2165,5373,332.80569456,8.06829984
2165,5374,335.39021568,10.98706464
2165,5375,338.7464904,12.9094992
2165,5376,342.27351408,12.1029984
2165,5377,345.6886152,12.76356096
2165,5378,349.26867408,12.8765808
2165,5379,352.5740472,10.5777792
2165,5380,355.40225592,10.2705408
2165,5381,358.13814072,8.71130592
2165,5382,360.33681552,7.70400288
2165,5383,362.37467784,6.79874688
2165,5384,364.20667824,6.5946528
2165,5385,366.22853856,8.20326528
2165,5386,368.58522168,8.49514176
2165,5387,370.80980448,7.3298304
2165,5388,372.67746648,6.20292384
2165,5389,374.35529904,6.6769488
2165,5390,376.4438496,7.67657088
2165,5391,378.80708592,9.80748864
2165,5392,381.23798784,6.91944768
2165,5393,383.18694,8.36785728
2165,5394,385.81017072,9.60010272
2165,5395,388.49347752,9.64838304
2165,5396,391.15605792,9.5792544
2165,5397,393.85241016,9.89527104
2165,5398,396.16629936,6.75266112
2165,5399,397.983456,5.89897728
2165,5400,399.51205848,5.48420544
2165,5401,401.13926376,7.1652384
2165,5402,404.33643288,15.32790432
2165,5403,408.4050252,12.8985264
2165,5404,411.85786056,12.11067936
2165,5405,415.23534936,14.59272672
2165,5406,420.94452768,24.74037216
2165,5407,427.8486744,25.14636576
2165,5408,434.83475136,23.90534208
2165,5409,440.50086144,18.74922336
2165,5410,447.05461008,27.89944128
2165,5411,454.90077168,28.14962112
2165,5412,462.55378152,27.0095472
2165,5413,470.02698984,26.1372096
2165,5414,477.06095088,24.79413888
2165,5415,482.98702488,18.4781952
2165,5416,488.86097808,23.6683296
2165,5417,495.15314736,21.5012016
2165,5418,501.09473568,21.37830624
2165,5419,504.3623136,21.4189056
2173,5229,20.65123632,5.84959968
2173,5230,22.81333512,9.18094176
2173,5231,25.31827296,8.19997344
2173,5232,27.33498216,6.5123568
2173,5233,29.69184816,11.8012464
2173,5234,33.22048728,12.74819904
2173,5235,36.17567568,7.65681984
2173,5236,38.3816352,10.0346256
2173,5237,41.46307176,11.24273088
2173,5238,44.8037712,13.3264656
2173,5239,48.67049448,13.97495808
2173,5240,51.93980976,9.05365728
2173,5241,55.86334776,20.32820928
2173,5242,61.68518016,20.99535552
2173,5243,67.455288,20.61679392
2173,5244,73.38041712,21.88195776
2173,5245,79.04018736,19.38125664
2173,5246,84.18268152,16.85312352
2173,5247,88.75888776,16.4537136
2173,5248,92.83269216,11.768328
2173,5249,96.02367384,12.55398048
2173,5250,100.39782816,20.19763296
2173,5251,106.1569632,18.6757056
2173,5252,110.87502336,15.08540544
2173,5253,113.98023432,8.42930496
2173,5254,116.29723248,8.52257376
2173,5255,118.4042844,5.596128
2173,5256,119.63604216,4.85765856
2173,5257,121.40583288,8.21752992
2173,5258,124.65335496,13.31439552
2173,5259,127.60311792,8.49623904
2173,5260,130.01478696,9.34004736
2173,5261,133.0858908,12.5528832
2173,5262,136.2171012,8.77494816
2173,5263,137.8906056,2.90011104
2173,5264,139.0128792,8.68606848
2173,5265,141.39272712,3.77244864
2173,5266,142.04539536,4.31669952
2173,5267,143.69360136,6.19524288
2173,5268,145.40676024,6.14805984
2173,5269,146.84879952,3.18101472
2173,5270,147.36244848,1.57130496
2173,5271,147.8054448,1.84452768
2173,5272,148.1196936,0.06254496
2173,5273,148.1196936,0
2173,5274,148.56412248,3.44984832
2173,5275,149.62619808,3.9831264
2173,5276,151.24547856,7.8674976
2173,5277,153.5245596,7.75118592
2173,5278,154.86363744,2.98130976
2173,5279,156.07820448,4.9487328
2173,5280,157.45346208,4.9487328
2173,5281,158.82890256,4.9487328
2173,5282,160.02484632,2.42937792
2173,5283,160.1955648,0
2173,5284,160.1955648,0
2173,5285,160.1955648,0
2173,5286,160.28289,1.5965424
2173,5287,161.24142504,4.24757088
2173,5288,162.42124488,4.2464736
2173,5289,163.65912912,5.79254112
2173,5290,165.9645144,9.6725232
2173,5291,168.701466,10.49987232
2173,5292,171.82456872,11.52144
2173,5293,175.06514136,12.17322432
2173,5294,178.6025892,12.45193344
2173,5295,181.66302504,10.44500832
2173,5296,184.69544976,10.11911616
2173,5297,187.11239184,8.51818464
2173,5298,189.60468048,8.91430272
2173,5299,191.9999208,8.4929472
2173,5300,194.35974336,8.4929472
2173,5301,196.58834952,6.73071552
2173,5302,198.17891784,5.54016672
2173,5303,199.71693864,5.541264
2173,5304,201.25459368,5.51163744
2173,5305,202.77929472,5.51054016
2173,5306,204.31691928,5.541264
2173,5307,205.85500104,5.53797216
2173,5308,207.39302184,5.541264
2173,5309,208.93116456,5.53906944
2173,5310,210.46909392,5.541264
2173,5311,211.98873528,4.71172032
2173,5312,212.60534568,0.36319968
2173,5313,212.88594456,3.31049376
2173,5314,214.5359184,6.96992256
2173,5315,216.4707888,6.967728
2173,5316,218.44278384,7.0116192
2173,5317,220.70290632,13.50312768
2173,5318,224.95389096,11.68493472
2173,5319,227.7736872,11.3074704
2173,5320,232.46678424,21.29930208
2173,5321,238.1118936,18.80299008
2173,5322,243.28139304,18.43540128
2173,5323,248.06660064,16.48882656
2173,5324,252.55944408,15.74157888
2173,5325,256.88486088,15.44860512
2173,5326,260.6896488,11.22956352
2173,5327,263.60554848,10.50426144
2173,5328,266.52617256,10.5119424
2173,5329,269.42820384,10.06096032
2173,5330,271.96673064,8.38431648
2173,5331,274.39266432,9.14253696
2173,5332,276.64342944,8.04964608
2173,5333,279.3976632,10.93329792
2173,5334,282.44858928,10.9234224
2173,5335,284.8781196,5.08479552
2173,5336,286.26060096,8.83420128
2173,5337,289.55216664,11.79466272
2173,5338,292.38269184,8.62352352
2173,5339,295.15905408,12.0536208
2173,5340,298.53831072,11.25150912
2173,5341,301.30366968,10.60082208
2173,5342,304.18561464,9.05694912
2173,5343,306.7203924,9.3049344
2173,5344,309.20429904,7.88724864
2173,5345,311.08412256,6.36861312
2173,5346,312.86778168,6.3038736
2173,5347,314.55128352,5.61039264
2173,5348,315.7939836,3.66601248
2173,5349,316.74883056,2.38987584
2173,5350,317.01357984,0.50035968
2173,5351,317.15269056,0.45317664
2173,5352,317.2780548,0.06364224
2173,5353,317.2782072,0
2173,5354,317.2782072,0
2173,5355,317.2782072,0
2173,5356,317.2782072,0
2173,5357,317.2782072,0
2173,5358,317.34181896,0.86575392
2173,5359,317.76890472,1.7446752
2173,5360,318.25396344,1.7446752
2173,5361,318.73902216,1.7446752
2173,5362,319.1542512,0.78126336
2173,5363,319.2042384,0
2173,5364,319.2042384,0
2173,5365,319.2042384,0
2173,5366,319.2042384,0
2173,5367,319.2042384,0
2173,5368,319.2042384,0
2173,5369,319.2042384,0
2173,5370,319.2042384,0
2173,5371,319.2042384,0
2173,5372,319.81496616,6.30277632
2173,5373,322.03409304,7.03795392
2173,5374,324.02184624,8.94063744
2173,5375,326.94756048,10.94975712
2173,5376,329.98986072,10.9508544
2173,5377,333.03264864,10.96621632
2173,5378,336.02106024,10.78406784
2173,5379,339.08366016,11.15494848
2173,5380,342.25217808,10.94427072
2173,5381,345.06283032,9.87442272
2173,5382,347.80136688,9.80529408
2173,5383,350.50783848,9.7219008
2173,5384,353.20775688,9.7219008
2173,5385,355.896672,9.4859856
2173,5386,358.26609576,7.56355104
2173,5387,360.28826088,7.17182208
2173,5388,362.43106584,8.40626208
2173,5389,364.81292544,8.59060512
2173,5390,367.2914676,9.75043008
2173,5391,369.66299448,6.23584224
2173,5392,371.310408,6.2215776
2173,5393,373.03737432,6.21718848
2173,5394,374.79683232,6.74607744
2173,5395,376.80098376,7.39127808
2173,5396,378.85134288,7.1158608
2173,5397,380.67605856,6.94468512
2173,5398,383.11631784,10.08510048
2173,5399,385.94986056,10.23652512
2173,5400,388.80397728,10.23652512
2173,5401,391.63547784,10.1662992
2173,5402,394.11627552,6.7263264
2173,5403,395.9918928,8.25374016
2173,5404,398.42319096,8.77824
2173,5405,400.86012792,8.89674624
2173,5406,403.77995952,12.29392512
2173,5407,407.2793988,12.60555264
2173,5408,410.78042304,12.60555264
2173,5409,414.27647904,13.01483808
2173,5410,418.71238584,19.43502336
2173,5411,424.93868784,24.50994336
2173,5412,431.76044712,24.82376544
2173,5413,439.10057976,27.28167264
2173,5414,446.1857472,24.3815616
2173,5415,453.50058144,28.32847776
2173,5416,461.41983408,27.81165888
2173,5417,468.96851088,26.5596624
2173,5418,476.26749552,26.78131296
2173,5419,483.44321904,24.61418496
2173,5420,490.23900936,23.59590912
2173,5421,495.70346376,16.52942592
2173,5422,499.09207776,15.67135296
2192,5232,19.1999616,7.9881984
2192,5233,20.32967232,7.15646016
2192,5234,22.20705744,7.36384608
2192,5235,24.39610056,7.86310848
2192,5236,26.59706136,10.17068832
2192,5237,30.55583424,16.79496768
2192,5238,35.36932728,17.2986192
2192,5239,40.0962876,15.47274528
2192,5240,43.37834352,8.7343488
2192,5241,45.80314944,9.45087264
2192,5242,48.52376376,10.26176256
2192,5243,53.02212408,22.75648992
2192,5244,59.5720932,23.6408976
2192,5245,65.46637656,15.77010816
2192,5246,70.38081936,24.17198112
2192,5247,76.3924812,16.73790912
2192,5248,80.70719952,14.80559904
2192,5249,84.6956904,13.27599072
2192,5250,87.6370104,8.88687072
2192,5251,90.14191776,10.17617472
2192,5252,94.12019784,17.03966112
2192,5253,98.29882296,13.45923648
2192,5254,102.03557952,13.39449696
2192,5255,105.49670544,10.27383264
2192,5256,107.71199184,6.44432544
2192,5257,109.30731504,5.85069696
2192,5258,111.10334904,6.79545504
2192,5259,113.0018568,7.40883456
2192,5260,115.621308,11.00462112
2192,5261,118.3969692,8.1308448
2192,5262,120.29078304,7.31446848
2192,5263,123.23783328,11.713464
2192,5264,126.018798,9.29176704
2192,5265,128.1184128,6.04820736
2192,5266,129.90646104,6.7592448
2192,5267,131.82109272,7.40005632
2192,5268,133.85218848,6.80203872
2192,5269,135.78605304,7.434072
2192,5270,137.31816072,3.08555136
2192,5271,138.10707456,2.8309824
2192,5272,138.8933976,2.83317696
2192,5273,139.60736112,1.6568928
2192,5274,139.8943608,1.03583232
2192,5275,140.0534664,0.01207008
2192,5276,140.60875104,6.38726688
2192,5277,143.3715192,10.96950816
2192,5278,146.19573504,7.9881984
2192,5279,147.87734712,5.4918864
2192,5280,149.05067472,2.6115264
2192,5281,149.67487464,2.38438944
2192,5282,150.82214184,5.1791616
2192,5283,151.51077648,0.14374368
2192,5284,151.511508,0
2192,5285,151.511508,0
2192,5286,151.511508,0
2192,5287,151.511508,0
2192,5288,151.511508,0
2192,5289,151.511508,0
2192,5290,151.51543992,0.26773632
2192,5291,152.93867304,10.56241728
2192,5292,156.1854636,11.65750272
2192,5293,159.25559208,11.14178112
2192,5294,162.89673288,15.10186464
2192,5295,167.3112732,15.09089184
2192,5296,170.79044328,10.97060544
2192,5297,173.7648036,9.87332544
2192,5298,176.0261148,6.31265184
2192,5299,177.57157272,5.48969184
2192,5300,179.09904744,5.49627552
2192,5301,180.67297368,6.85580544
2192,5302,183.38569368,12.75149088
2192,5303,187.2427548,13.3429248
2192,5304,190.60933176,11.24492544
2192,5305,193.66178184,10.9728
2192,5306,196.70978184,10.9728
2192,5307,199.65509472,9.32688
2192,5308,201.65635056,5.71463424
2192,5309,203.1586488,5.07601728
2192,5310,204.52988304,5.25926304
2192,5311,205.84899648,2.72454624
2192,5312,206.0448,0
2192,5313,206.0448,0
2192,5314,206.0448,0
2192,5315,206.2880304,2.92205664
2192,5316,207.94864176,7.86859488
2192,5317,210.09418992,7.45272576
2192,5318,212.15006592,7.55367552
2192,5319,215.0079012,13.69076256
2192,5320,218.93018952,14.31072576
2192,5321,223.27078536,16.63695936
2192,5322,228.18406992,17.66181888
2192,5323,232.5297864,14.90325696
2192,5324,236.84121288,15.95225664
2192,5325,241.36493256,16.3604448
2192,5326,245.92873344,16.4592
2192,5327,250.50213552,16.4098224
2192,5328,254.4484116,10.37917152
2192,5329,256.56344928,6.57929088
2192,5330,258.42312552,6.7702176
2192,5331,260.30310144,6.7702176
2192,5332,262.18313832,6.76802304
2192,5333,264.74437272,16.53491232
2192,5334,269.30607048,9.9139248
2192,5335,271.60444536,8.25483744
2192,5336,274.09441752,10.16849376
2192,5337,277.1113584,10.9728
2192,5338,280.00305696,8.613648
2192,5339,282.13068288,10.44171648
2192,5340,285.35903304,9.24348672
2192,5341,287.81230728,9.96988608
2192,5342,290.67422688,10.08619776
2192,5343,293.5402308,10.60630848
2192,5344,295.80111528,7.32214944
2192,5345,298.87703496,12.59457984
2192,5346,302.06932728,10.97170272
2192,5347,305.05792176,10.00938816
2192,5348,307.43932416,5.55882048
2192,5349,307.9572708,0.32479488
2192,5350,308.12515464,0.54973728
2192,5351,308.1689544,0
2192,5352,308.1689544,0
2192,5353,308.1689544,0
2192,5354,308.1689544,0
2192,5355,308.1689544,0
2192,5356,308.1689544,0
2192,5357,308.1689544,0
2192,5358,308.1689544,0
2192,5359,308.1689544,0
2192,5360,308.1689544,0
2192,5361,308.1689544,0
2192,5362,308.1689544,0
2192,5363,308.16904584,0.00658368
2192,5364,308.19525864,0.47621952
2192,5365,308.53986552,1.64592
2192,5366,308.97100512,1.21029984
2192,5367,309.17656224,0.52230528
2192,5368,309.32411592,0.52888896
2192,5369,309.45908136,0.57278016
2192,5370,309.81722136,1.83136032
2192,5371,310.30980864,1.37818368
2192,5372,310.4567832,0
2192,5373,310.67413608,2.78818848
2192,5374,312.01297008,5.95603584
2192,5375,314.23185312,9.6725232
2192,5376,317.15817696,11.52802368
2192,5377,320.62085736,13.7928096
2192,5378,324.50224152,13.48886304
2192,5379,328.23360312,13.35170304
2192,5380,331.6534896,11.16592128
2192,5381,334.70325744,10.92232512
2192,5382,337.19816736,6.36641856
2192,5383,338.7419184,5.4864
2192,5384,340.26497352,5.40081216
2192,5385,342.04454832,8.20875168
2192,5386,344.58078912,9.32797728
2192,5387,347.14473624,9.0964512
2192,5388,349.66043352,9.05146272
2192,5389,352.16598096,8.97684768
2192,5390,354.6552216,8.96258304
2192,5391,357.14479752,8.9538048
2192,5392,359.47615176,7.4505312
2192,5393,361.39736712,7.0116192
2192,5394,363.39874488,6.89859936
2192,5395,365.25637896,6.73949376
2192,5396,366.896142,4.79072448
2192,5397,368.42895072,6.81849792
2192,5398,370.40707224,7.13232
2192,5399,372.38793696,7.13232
2192,5400,374.37096576,7.51417344
2192,5401,377.32615416,13.1070096
2192,5402,381.25850088,14.1603984
2192,5403,384.3089088,9.1403424
2192,5404,386.8545984,9.22593024
2192,5405,389.41010256,9.1403424
2192,5406,391.872216,8.13742848
2192,5407,393.8799336,7.02698112
2192,5408,395.83799928,6.21389664
2192,5409,397.78286712,10.29687552
2192,5410,401.53775928,14.81766912
2192,5411,405.790908,17.03307744
2192,5412,411.06998304,19.75323456
2192,5413,416.68345416,21.68993376
2192,5414,423.16908,23.86584
2192,5415,429.92137536,25.78388544
2192,5416,437.3032656,26.7791184
2192,5417,445.25750928,28.913328
2192,5418,452.36102568,23.10103584
2192,5419,458.5491972,22.76965728
2192,5420,465.67060536,28.8804096
2192,5421,474.58554816,33.9553296
2192,5422,481.90751472,13.10920416
2192,5423,484.74514176,15.91165728
2192,5424,490.85385192,24.79084704
2192,5425,496.87176216,17.03307744
2192,5426,499.44528,13.0247136
2195,5234,15.7554168,11.2361472
2195,5235,17.6276508,11.2361472
2195,5236,20.752308,10.71164736
2195,5237,22.95659112,5.28450048
2195,5238,24.28896336,6.11623872
2195,5239,26.9792196,12.50460288
2195,5240,30.74289,14.5554192
2195,5241,35.05227432,15.88641984
2195,5242,39.45596376,15.66257472
2195,5243,43.7473344,15.37947648
2195,5244,48.0267264,15.96322944
2195,5245,53.49685008,23.49605664
2195,5246,60.20494944,24.19831584
2195,5247,66.82749144,21.93023808
2195,5248,71.95940904,16.57331712
2195,5249,76.28909304,13.90582944
2195,5250,80.13231624,14.09785344
2195,5251,84.01927824,14.26902912
2195,5252,87.81352008,12.8875536
2195,5253,91.37501664,12.55727232
2195,5254,94.48931064,10.2815136
2195,5255,97.36491576,10.12021344
2195,5256,100.0877856,9.75262464
2195,5257,102.792276,9.55511424
2195,5258,105.30068856,8.81993664
2195,5259,107.91239784,9.19191456
2195,5260,110.32964472,8.68936032
2195,5261,112.95250968,9.69337152
2195,5262,115.29831144,7.95089088
2195,5263,117.7110168,9.162288
2195,5264,120.12801984,7.63377696
2195,5265,121.9582524,6.41250432
2195,5266,123.77601864,6.5507616
2195,5267,125.59640616,6.51455136
2195,5268,127.1279652,4.6140624
2195,5269,128.47923504,7.0280784
2195,5270,130.67089944,4.08407616
2195,5271,131.48267328,7.1268336
2195,5272,133.41806184,2.2329648
2195,5273,133.65483048,1.14994944
2195,5274,133.99901064,1.2399264
2195,5275,134.34407472,1.22675904
2195,5276,134.83004784,3.785616
2195,5277,136.45018176,5.55333408
2195,5278,137.59437048,3.95788896
2195,5279,139.58953032,10.14654816
2195,5280,141.93615504,6.07015296
2195,5281,143.09226144,2.72344896
2195,5282,144.74595384,8.16815232
2195,5283,145.85557824,0.26993088
2195,5284,145.8586872,0
2195,5285,145.8586872,0
2195,5286,145.8586872,0
2195,5287,145.8586872,0
2195,5288,145.8586872,0
2195,5289,145.8586872,0
2195,5290,145.8586872,0
2195,5291,146.34923232,3.895344
2195,5292,147.564348,4.73695776
2195,5293,149.84803152,12.03277248
2195,5294,153.38959416,12.80306304
2195,5295,156.94676256,12.63188736
2195,5296,160.34570928,13.01044896
2195,5297,164.11218384,10.74676032
2195,5298,165.39213048,2.0793456
2195,5299,167.02146936,8.88467616
2195,5300,169.86119952,10.4296464
2195,5301,172.57355376,9.4695264
2195,5302,175.07227368,8.53354656
2195,5303,177.66209832,10.53608256
2195,5304,180.69845496,11.01230208
2195,5305,183.94692192,12.0316752
2195,5306,187.1019372,10.99803744
2195,5307,190.15673424,10.97499456
2195,5308,193.20522192,10.97389728
2195,5309,196.0529988,8.91869184
2195,5310,197.82824544,3.374136
2195,5311,198.3617064,1.5691104
2195,5312,198.85673208,2.81342592
2195,5313,199.59291552,0.89647776
2195,5314,199.6190064,0
2195,5315,199.6190064,0
2195,5316,199.7951808,2.45680992
2195,5317,201.7899444,11.57191488
2195,5318,205.14344544,14.22184608
2195,5319,209.50333512,10.76321952
2195,5320,212.71254384,14.1768576
2195,5321,215.49046056,7.61951232
2195,5322,217.61619672,8.09463456
2195,5323,220.63959936,14.4895824
2195,5324,225.13277808,17.72326656
2195,5325,230.79535248,21.75467328
2195,5326,236.19979176,16.92664128
2195,5327,240.76017888,16.3604448
2195,5328,245.32126704,16.46139456
2195,5329,249.66128376,13.43948544
2195,5330,252.86293344,10.67872896
2195,5331,255.41237208,7.80056352
2195,5332,257.53926648,7.72924032
2195,5333,259.49684448,6.00980256
2195,5334,261.06824088,5.57857152
2195,5335,262.6265004,5.70695328
2195,5336,265.02036912,14.93178624
2195,5337,269.05464096,9.82175328
2195,5338,271.69942104,9.63850752
2195,5339,274.1761344,8.62352352
2195,5340,276.57466656,9.00976608
2195,5341,279.40125984,10.97609184
2195,5342,282.17411688,9.32249088
2195,5343,285.03804816,10.61947584
2195,5344,287.77957176,10.1004624
2195,5345,290.7950496,10.9728
2195,5346,293.74682424,9.66484224
2195,5347,296.224452,8.78262912
2195,5348,298.603416,7.53502176
2195,5349,300.25905912,5.20769088
2195,5350,301.61843664,3.40485984
2195,5351,301.9373184,0
2195,5352,301.9373184,0
2195,5353,301.9373184,0
2195,5354,301.9373184,0
2195,5355,301.9373184,0
2195,5356,301.9373184,0
2195,5357,301.9373184,0
2195,5358,301.9373184,0
2195,5359,301.9373184,0
2195,5360,301.9373184,0
2195,5361,301.9373184,0
2195,5362,301.94118936,0.20409408
2195,5363,302.07743496,0.29736288
2195,5364,302.1724716,0.76370688
2195,5365,302.43441672,0.96012
2195,5366,302.70117768,0.96341184
2195,5367,302.9676948,0.96012
2195,5368,303.28502208,1.3825728
2195,5369,303.75645624,2.86060896
2195,5370,304.86047232,3.03727104
2195,5371,305.1319272,0.01426464
2195,5372,305.1319272,0
2195,5373,305.1336036,0.14374368
2195,5374,305.56769976,2.7925776
2195,5375,306.4058388,4.19051232
2195,5376,308.85624792,13.75111296
2195,5377,312.63924264,11.39415552
2195,5378,315.81967824,12.71418336
2195,5379,319.38172344,12.34878912
2195,5380,322.56468888,10.37039328
2195,5381,325.29706848,9.64179936
2195,5382,327.97491936,9.64289664
2195,5383,330.62597832,9.3433392
2195,5384,333.26036472,9.30383712
2195,5385,335.54880312,7.51307616
2195,5386,337.37769456,5.6125872
2195,5387,338.901024,5.4864
2195,5388,340.425024,5.47981632
2195,5389,342.18091584,8.36566272
2195,5390,345.03433152,10.96621632
2195,5391,347.91987312,9.60997824
2195,5392,350.5247244,9.3597984
2195,5393,353.1257352,9.32797728
2195,5394,355.548438,8.19338976
2195,5395,357.8495256,8.33823072
2195,5396,360.1283628,7.49771424
2195,5397,361.62026736,3.81414528
2195,5398,362.68158096,3.90851136
2195,5399,364.02428592,5.85728064
2195,5400,365.7001068,5.99444064
2195,5401,367.61504328,9.05365728
2195,5402,370.64268264,11.52582912
2195,5403,373.76685216,10.97060544
2195,5404,376.76712048,10.11033792
2195,5405,379.13239896,7.13012544
2195,5406,380.84345472,6.00980256
2195,5407,383.03920344,9.84040704
2195,5408,385.95257328,10.62605952
2195,5409,388.91589984,10.62496224
2195,5410,391.85462904,10.5777792
2195,5411,394.79256576,10.58216832
2195,5412,397.95669456,14.18892768
2195,5413,402.89082744,19.33846272
2195,5414,408.1822164,18.05135328
2195,5415,413.39938656,21.30149664
2195,5416,420.24342672,26.76924288
2195,5417,428.09254488,30.43525536
2195,5418,436.41977232,28.52708544
2195,5419,443.66532552,23.67162144
2195,5420,450.08282856,21.918168
2195,5421,455.31216024,18.4727088
2195,5422,462.15687096,28.00697472
2195,5423,469.21259472,23.91631488
2195,5424,475.85379048,23.82085152
2195,5425,482.42869224,23.56079616
2195,5426,489.06976608,25.072848
2195,5427,495.50955,20.519136
2195,5428,499.3710104,23.6134656
2202,5252,21.7168857,14.1439392
2202,5253,25.25597184,14.40399456
2202,5254,29.33962128,14.49945792
2202,5255,32.96536968,12.48265728
2202,5256,36.86507232,15.64282368
2202,5257,41.38885296,16.32423456
2202,5258,45.48999792,12.49582464
2202,5259,48.602646,10.46475936
2202,5260,51.66716616,13.18601376
2202,5261,55.898796,15.98956416
2202,5262,60.33964056,15.98846688
2202,5263,64.78194816,15.7679136
2202,5264,67.45263624,2.02338432
2202,5265,67.97530728,5.85837792
2202,5266,71.17893816,15.12161568
2202,5267,75.37981368,12.46071168
2202,5268,77.4704064,5.2230528
2202,5269,79.02988512,5.38874208
2202,5270,80.41550592,5.07382272
2202,5271,81.98507352,6.03065088
2202,5272,83.79909072,7.26070176
2202,5273,85.84990704,7.06209408
2202,5274,87.78252192,6.9457824
2202,5275,89.7126984,6.93919872
2202,5276,91.88598336,8.78482368
2202,5277,93.93042936,5.92640928
2202,5278,96.22859088,11.24273088
2202,5279,98.892106,12.07008
2205,5248,49.5728752,13.3734048
2205,5249,52.78943976,13.89375936
2205,5250,57.9321168,21.22797888
2205,5251,63.83377632,21.2488272
2205,5252,69.4835796,18.09195264
2205,5253,73.91915112,15.42446496
2205,5254,78.79009896,19.70385696
2205,5255,84.3319116,19.80919584
2205,5256,89.17149552,14.25476448
2205,5257,92.84601192,12.83598144
2205,5258,95.584518,6.74717472
2205,5259,97.65785904,8.5971888
2205,5260,100.05340416,8.40626208
2205,5261,101.95477704,5.34814272
2205,5262,103.39309776,5.16709152
2205,5263,105.10232472,8.50282272
2205,5264,108.0273684,10.52620704
2205,5265,110.21007168,5.64989472
2205,5266,112.10230056,9.13046688
2205,5267,114.95596008,10.46037024
2205,5268,117.88655112,10.44171648
2205,5269,120.72113016,10.15422912
2205,5270,123.06735864,5.41836864
2205,5271,123.98145384,2.64554208
2205,5272,124.93627032,4.09504896
2205,5273,125.5711992,0.41257728
2205,5274,126.41104512,4.13564832
2205,5275,126.8147832,0
2205,5276,126.8147832,0
2205,5277,127.07938008,1.99814688
2205,5278,127.51161696,1.2728448
2205,5279,128.03584248,1.93889376
2205,5280,128.8810224,5.91653376
2205,5281,131.36907432,9.36309024
2205,5282,133.478778,6.3038736
2205,5283,135.15206904,6.00980256
2205,5284,136.82130624,6.01199712
2205,5285,138.4886232,5.65208928
2205,5286,139.36739208,1.16092224
2205,5287,139.85248128,1.4209776
2205,5288,139.9665984,0
2205,5289,139.9665984,0
2205,5290,139.9665984,0
2205,5291,139.9665984,0
2205,5292,139.9665984,0
2205,5293,140.284962,3.32695296
2205,5294,141.90092016,8.34920352
2205,5295,144.62845344,10.09936512
2205,5296,148.32378768,18.21704256
2205,5297,152.54715744,8.9373456
2205,5298,155.06300712,11.0496096
2205,5299,158.16099432,10.6655616
2205,5300,160.56211728,6.95456064
2205,5301,162.6562152,8.06391072
2205,5302,164.90566968,8.15937408
2205,5303,167.17298544,8.1637632
2205,5304,169.44051456,8.2460592
2205,5305,171.86388792,9.1568016
2205,5306,174.41701464,9.19191456
2205,5307,176.96971464,9.19301184
2205,5308,179.52588936,9.2006928
2205,5309,182.07904656,9.18972
2205,5310,184.63174656,9.19081728
2205,5311,187.186062,9.21934656
2205,5312,189.72845976,8.34371712
2205,5313,190.90840152,0.43781472
2205,5314,190.9154424,0
2205,5315,190.91967912,0.01865376
2205,5316,190.920624,0
2205,5317,190.92202608,0.01755648
2205,5318,191.51952552,5.47213536
2205,5319,193.48380912,7.33421952
2205,5320,196.2259728,13.94862336
2205,5321,200.62600464,16.13879424
2205,5322,205.15411344,16.59745728
2205,5323,209.79728424,16.75656288
2205,5324,215.05892472,22.09044096
2205,5325,221.09625072,19.58205888
2205,5326,225.96521736,15.69329856
2205,5327,229.97986008,13.79939328
2205,5328,233.81464032,13.8037824
2205,5329,237.6633804,14.30633664
2205,5330,241.74004992,13.30013088
2205,5331,244.67725512,9.0745056
2205,5332,247.14619608,8.7069168
2205,5333,249.24008064,6.10416864
2205,5334,250.7173548,5.46006528
2205,5335,252.61555776,7.66779264
2205,5336,254.74982832,7.68096
2205,5337,256.84709616,7.49332512
2205,5338,258.96164616,7.50978432
2205,5339,260.9249544,7.54709184
2205,5340,263.75340696,12.042648
2205,5341,266.97407616,11.06277696
2205,5342,269.99190096,10.70177184
2205,5343,272.9944248,10.9728
2205,5344,276.0424248,10.9728
2205,5345,279.13550472,11.52253728
2205,5346,282.2880816,10.66446432
2205,5347,284.7481224,6.48053568
2205,5348,286.42778376,8.3064096
2205,5349,289.6276656,12.27746592
2205,5350,292.61586384,9.00537696
2205,5351,294.37526088,3.34341216
2205,5352,294.75461496,0.29846016
2205,5353,294.7632408,0
2205,5354,294.7632408,0
2205,5355,294.7632408,0
2205,5356,294.7632408,0
2205,5357,294.7632408,0
2205,5358,294.7632408,0
2205,5359,294.7632408,0
2205,5360,294.77119608,0.17995392
2205,5361,294.92551632,0.7571232
2205,5362,295.1346396,0.7571232
2205,5363,295.3438848,0.7571232
2205,5364,295.55325192,0.73078848
2205,5365,295.66855776,0.0768096
2205,5366,295.7608512,1.152144
2205,5367,296.3338752,2.35256832
2205,5368,296.85109032,0.82186272
2205,5369,296.89382328,0.00219456
2205,5370,296.94947976,0.67811904
2205,5371,297.2533044,1.207008
2205,5372,297.58779192,1.207008
2205,5373,297.92282808,1.16750592
2205,5374,298.10695776,0.10094976
2205,5375,298.1084208,0
2205,5376,298.33881912,2.99667168
2205,5377,300.25854096,10.1004624
2205,5378,303.28630224,10.9728
2205,5379,306.33372312,10.97060544
2205,5380,309.78585744,14.52579264
2205,5381,313.89379944,13.81694976
2205,5382,317.26683816,10.96950816
2205,5383,320.06447544,9.26433504
2205,5384,322.61732784,8.07927264
2205,5385,324.32429928,7.34409504
2205,5386,327.20103216,11.0496096
2205,5387,330.27262368,10.99584288
2205,5388,332.82212328,7.214616
2205,5389,334.5600624,5.67074304
2205,5390,336.20637864,6.0295536
2205,5391,338.09562048,8.09573184
2205,5392,340.51125192,8.77824
2205,5393,342.89655576,8.70362496
2205,5394,345.21455976,7.78629888
2205,5395,347.4162216,7.94540448
2205,5396,349.47429216,6.68462976
2205,5397,351.26983848,6.45090912
2205,5398,353.06056896,6.44542272
2205,5399,354.85142136,6.44652
2205,5400,356.60127816,6.09100128
2205,5401,358.20851904,5.56650144
2205,5402,360.25189824,9.85247712
2205,5403,363.34043664,12.7503936
2205,5404,367.37007552,15.03493056
2205,5405,371.0191716,11.16592128
2205,5406,374.0658,10.9728
2205,5407,377.10901464,10.506456
2205,5408,379.32646512,5.4864
2205,5409,380.16643296,0.48499776
2205,5410,380.56151472,3.47069664
2205,5411,382.80993288,14.9449536
2205,5412,388.09659744,20.11533696
2205,5413,393.6685548,20.02536
2205,5414,399.23014896,20.02536
2205,5415,404.7917736,20.02426272
2205,5416,410.35333728,20.02536
2205,5417,415.92401448,20.07583488
2205,5418,421.49018064,20.04511104
2205,5419,427.54893408,24.0907824
2205,5420,434.61550872,25.01140032
2205,5421,440.50418376,18.79969824
2205,5422,445.86525,20.01767904
2205,5423,451.34436528,18.44747136
2205,5424,457.19277624,25.22866176
2205,5425,464.49078552,25.75425888
2205,5426,471.17696976,23.1361488
2205,5427,477.6523848,23.5586016
2205,5428,484.92149904,28.60499232
2205,5429,491.92863768,19.96720416
2205,5430,497.130865866667,23.048976
2216,5256,22.613874,15.2631648
2216,5257,25.54556232,15.27194304
2216,5258,29.8594272,15.90836544
2216,5259,34.32163824,15.42665952
2216,5260,38.27574768,13.21234848
2216,5261,41.61717864,11.10666816
2216,5262,44.65454112,10.40001984
2216,5263,46.96772928,6.48382752
2216,5264,48.7690668,6.44981184
2216,5265,50.55955344,6.92712864
2216,5266,52.5354804,7.1103744
2216,5267,54.5113464,7.1103744
2216,5268,56.48727336,7.1103744
2216,5269,58.46332224,7.1103744
2216,5270,60.43915776,7.1103744
2216,5271,62.41551144,7.11915264
2216,5272,64.39241376,7.1103744
2216,5273,66.36831024,7.1103744
2216,5274,68.34350568,7.2914256
2216,5275,72.44038344,20.22945408
2216,5276,76.05686592,6.86238912
2216,5277,77.97192432,7.6864464
2216,5278,80.0886384,7.51746528
2216,5279,82.21976952,8.20875168
2216,5280,84.6705444,9.05256
2216,5281,87.2153196,9.54523872
2216,5282,89.98784136,10.14545088
2216,5283,92.76895848,9.90514656
2216,5284,95.83674,12.10190112
2216,5285,99.22224504,12.0316752
2216,5286,102.3728712,10.92561696
2216,5287,105.2414964,8.64108
2216,5288,107.1474108,5.89458816
2216,5289,108.58176912,4.29914304
2216,5290,109.34459208,0.9436608
2216,5291,109.3829664,0
2216,5292,109.3829664,0
2216,5293,109.3829664,0
2216,5294,109.3829664,0
2216,5295,109.3829664,0
2216,5296,109.3829664,0
2216,5297,109.3829664,0
2216,5298,109.3829664,0
2216,5299,109.52707584,1.38915648
2216,5300,109.9537044,1.34087616
2216,5301,110.73237696,4.47031872
2216,5302,112.20492672,5.93189568
2216,5303,114.22096536,8.09902368
2216,5304,116.61029256,9.47830464
2216,5305,119.2403508,9.1842336
2216,5306,121.93740408,10.56900096
2216,5307,124.97049936,10.9728
2216,5308,127.92523056,10.29577824
2216,5309,130.88246112,11.28333024
2216,5310,134.09487024,11.28442752
2216,5311,137.14698504,10.9728
2216,5312,140.19495456,10.9728
2216,5313,143.24301552,10.96950816
2216,5314,146.27928072,10.9234224
2216,5315,149.32450704,10.9728
2216,5316,152.37412248,10.9234224
2216,5317,154.9118568,6.90518304
2216,5318,156.56405568,5.4864
2216,5319,158.08750704,5.4864
2216,5320,159.60705696,5.21427456
2216,5321,160.95884496,4.56797664
2216,5322,162.21580968,5.03322336
2216,5323,163.71076224,5.40739584
2216,5324,165.2281176,5.4864
2216,5325,166.7521176,5.4864
2216,5326,168.37081896,7.39895904
2216,5327,171.09493848,10.97938368
2216,5328,174.25056336,11.52144
2216,5329,177.35684112,10.62276768
2216,5330,180.04045272,9.14363424
2216,5331,182.64143304,10.753344
2216,5332,186.28818216,13.53604608
2216,5333,189.68523912,11.39854464
2216,5334,192.76795584,11.8451376
2216,5335,196.78019064,16.11465408
2216,5336,200.3677984,17.2986192
2258,5244,20.8902469333333,10.7728512
2258,5245,23.6408976,11.2580928
2258,5246,27.51511896,15.94457568
2258,5247,31.94160744,15.89739264
2258,5248,36.35840328,15.9599376
2258,5249,40.47338616,12.3498864
2258,5250,43.54339272,14.00239008
2258,5251,48.82170576,21.03046848
2258,5252,54.66310632,21.0293712
2258,5253,60.50456784,21.03376032
2258,5254,65.6094192,10.76212224
2258,5255,66.49413168,2.02667616
2258,5256,68.97849552,14.1713712
2258,5257,73.28568528,16.9968672
2258,5258,77.98710336,16.04113632
2258,5259,82.01281032,13.71161088
2258,5260,85.63688232,10.808208
2258,5261,88.07296584,8.24386464
2258,5262,90.22759704,7.27277184
2258,5263,92.49893616,9.39930048
2258,5264,94.99814376,7.40664
2258,5265,96.85001712,7.41541824
2258,5266,98.71173552,5.51602656
2258,5267,100.3831368,5.81887584
2258,5268,101.60556768,4.10053536
2258,5269,102.90334512,4.71610944
2258,5270,104.21715504,4.80279456
2258,5271,105.98313576,8.45563968
2258,5272,108.50886096,9.14143968
2258,5273,111.04979568,9.13156416
2258,5274,113.38709352,7.44614208
2258,5275,115.3742676,7.13232
2258,5276,117.39058056,7.29910656
2258,5277,118.915434,3.1327344
2258,5278,119.59419312,2.38438944
2258,5279,120.25567008,2.40523776
2258,5280,120.7286384,4.224528
2258,5442,490.6467708,21.2831172
2258,5443,495.57785568,21.82270464
2258,5444,500.67124656,25.33400064
2267,5345,136.599168,11.9384064
2267,5346,138.41144784,11.44572768
2267,5347,141.33002976,10.21787136
2267,5348,144.29198472,10.66665888
2267,5349,147.19572288,10.43403552
2267,5350,150.07842984,10.06973856
2267,5351,152.82470832,10.7972352
2267,5352,155.3356812,16.3961064
2282,5247,28.0131774,17.55648
2282,5248,31.31823048,17.53014528
2282,5249,36.12907176,15.75364896
2282,5250,39.41880864,12.8875536
2282,5251,44.79612072,22.2418656
2282,5252,50.64245904,17.81104896
2282,5253,54.74430504,13.27379616
2282,5254,58.18607616,10.96950816
2282,5255,61.02123432,11.98888128
2282,5256,64.91685264,14.5444464
2282,5257,68.79875496,12.78770112
2282,5258,72.13527864,11.850624
2282,5259,75.42705768,11.850624
2282,5260,78.75065784,12.015216
2282,5261,82.05682344,11.84842944
2282,5262,84.8918292,8.30860416
2282,5263,87.2503716,8.9318592
2282,5264,89.73165696,8.9318592
2282,5265,92.2132776,8.89455168
2282,5266,94.49193192,7.03137024
2282,5267,96.25977192,6.2215776
2282,5268,97.98689064,6.21279936
2282,5269,99.96705432,8.55658944
2282,5270,102.46702392,8.90881632
2282,5271,104.943402,8.96258304
2282,5272,107.34729864,8.00794944
2282,5273,109.45453344,7.49771424
2282,5274,111.5374452,7.50100608
2282,5275,113.48170344,5.95054944
2282,5276,114.94389,5.1242976
2282,5277,116.36788512,5.22634464
2282,5278,117.86658672,5.46116256
2282,5279,119.38561848,5.4864
2282,5280,120.90922224,5.4864
2282,5281,122.43291744,5.47981632
2282,5282,124.06301832,6.26217696
2282,5283,125.7181128,5.35692096
2282,5284,127.31197296,6.03284544
2282,5285,128.49551136,1.78198272
2282,5286,128.5990824,0
2282,5287,128.5990824,0
2282,5288,128.5990824,0
2282,5289,128.5990824,0
2282,5290,128.5990824,0
2282,5291,128.5990824,0
2282,5292,128.5990824,0
2282,5293,128.5990824,0
2282,5294,128.5990824,0
2282,5295,128.5990824,0
2282,5296,128.5990824,0
2282,5297,128.62352736,0.61228224
2282,5298,129.0300696,1.59325056
2282,5299,129.76366224,4.08627072
2282,5300,130.811016,3.236976
2282,5301,132.11171952,6.81740064
2282,5302,134.3121012,8.60157792
2282,5303,136.84617792,9.6012
2282,5304,139.721844,10.56351456
2282,5305,142.76685696,11.10666816
2282,5306,145.54218288,8.99659872
2282,5307,147.78849792,7.33421952
2282,5308,150.09946104,11.40183648
2282,5309,155.10668496,20.90098944
2282,5310,160.80809088,22.24954656
2282,5311,165.28636488,8.45344512
2282,5312,167.684196,10.39563072
2282,5313,170.46942792,9.37406304
2282,5314,173.04748728,8.77055904
2282,5315,175.00652832,5.78156832
2282,5316,176.60550912,5.76072
2282,5317,178.2068064,5.77388736
2282,5318,179.81087736,5.82545952
2282,5319,181.48398552,6.1722
2282,5320,183.19860744,6.1722
2282,5321,184.91307696,6.17439456
2282,5322,186.6615012,7.28155008
2282,5323,189.26949192,10.53279072
2282,5324,192.13122864,9.2884752
2282,5325,194.30021592,8.1637632
2282,5326,196.80606816,9.0909648
2282,5327,199.59925536,10.66885344
2282,5328,202.14439632,6.5672208
2282,5329,203.68583088,6.57709632
2282,5330,206.19009816,11.25150912
2282,5331,209.45837712,11.72882592
2282,5332,212.71921896,11.740896
2282,5333,215.98012176,11.740896
2282,5334,219.24087216,11.740896
2282,5335,222.48946104,11.59386048
2282,5336,225.72113352,11.70139392
2282,5337,228.9617976,11.70139392
2282,5338,232.22215176,11.740896
2282,5339,235.49405784,12.36195648
2282,5340,239.43542664,15.14465856
2282,5341,243.10000656,11.27894112
2282,5342,246.15074976,10.97060544
2282,5343,249.33572688,12.07666368
2282,5344,252.55084872,10.9618272
2282,5345,255.8731992,12.5035056
2282,5346,259.04665488,10.78735968
2282,5347,262.0437228,10.78735968
2282,5348,264.95331312,9.63302112
2282,5349,267.42530208,8.6904576
2282,5350,269.81560464,8.40077568
2282,5351,272.1716172,8.68936032
2282,5352,274.56225504,8.54890848
2282,5353,276.96020808,8.6904576
2282,5354,279.37361448,8.6904576
2282,5355,281.78680752,8.69155488
2282,5356,283.98054456,5.81997312
2282,5357,285.09294264,3.4783776
2282,5358,286.05812232,3.47728032
2282,5359,286.958532,2.62030464
2282,5360,287.53515264,1.92133728
2282,5361,287.99031048,0.87343488
2282,5362,288.0475824,0
2282,5363,288.0475824,0
2282,5364,288.0475824,0
2282,5365,288.0475824,0
2282,5366,288.0475824,0
2282,5367,288.0475824,0
2282,5368,288.0475824,0
2282,5369,288.0475824,0
2282,5370,288.0475824,0
2282,5371,288.0475824,0
2282,5372,288.0475824,0
2282,5373,288.0475824,0
2282,5374,288.11933232,0.91403424
2282,5375,288.56199336,1.78417728
2282,5376,289.05720192,1.78637184
2282,5377,289.5525324,1.78417728
2282,5378,290.6950752,7.21900512
2282,5379,292.56752256,5.4864
2282,5380,294.09152256,5.4864
2282,5381,295.60933512,5.3656992
2282,5382,297.1041048,5.47981632
2282,5383,298.6287144,5.4864
2282,5384,300.1527144,5.4864
2282,5385,301.6767144,5.4864
2282,5386,303.2007144,5.4864
2282,5387,304.83188208,7.40444544
2282,5388,307.54362672,10.97499456
2282,5389,310.49994288,9.69885792
2282,5390,312.9508092,8.723376
2282,5391,315.42846744,8.94722112
2282,5392,317.91408096,8.9483184
2282,5393,320.3998164,8.94941568
2282,5394,322.88396688,8.62242624
2282,5395,324.3919344,4.38692544
2282,5396,326.95432704,12.1468896
2282,5397,330.32818872,12.14908416
2282,5398,333.376524,8.2460592
2282,5399,335.11086648,6.58587456
2282,5400,337.49104968,9.74494368
2282,5401,339.96160608,7.95089088
2282,5402,342.19329072,8.30750688
2282,5403,344.46051504,8.03867328
2282,5404,346.95060912,9.81626688
2282,5405,349.6625976,9.6780096
2282,5406,352.35209184,9.6780096
2282,5407,355.03884288,9.5353632
2282,5408,357.69611976,10.21348224
2282,5409,360.66667008,10.72920384
2282,5410,363.28767576,7.8126336
2282,5411,365.38838784,6.72084
2282,5412,366.9621312,5.4864
2282,5413,368.48482056,5.66086752
2282,5414,370.5912324,9.97537248
2282,5415,373.59159216,10.9728
2282,5416,376.63965312,10.9728
2282,5417,379.68698256,11.20432608
2282,5418,383.59823712,17.38420704
2282,5419,388.64414016,18.2313072
2282,5420,393.68352048,17.8801776
2282,5421,398.42498928,16.46907552
2282,5422,402.9965016,16.4592
2282,5423,407.4948924,15.36192
2282,5424,411.70927056,16.10477856
2282,5425,416.86761432,21.2982048
2282,5426,423.22900368,23.85925632
2282,5427,430.17539568,25.70817312
2282,5428,437.2762908,24.74476128
2282,5429,443.81617104,23.8548672
2282,5430,451.0378584,29.11522752
2282,5431,459.8046684,32.47619616
2282,5432,468.51545616,29.74067712
2282,5433,476.65590216,29.36211552
2282,5434,484.53467736,25.82338752
2282,5435,491.20312224,24.13577088
2282,5436,497.470108266667,22.5905568
2300,5257,7.9760064,15.1753824
2300,5258,10.92732384,15.1808688
2300,5259,15.16511064,15.26755392
2300,5260,19.37808672,14.94056448
2300,5261,23.4095544,14.26354272
2300,5262,27.3719544,14.26464
2300,5263,31.35236808,14.63113152
2300,5264,35.54687328,15.34655808
2300,5265,39.813738,15.36192
2300,5266,43.91326752,12.40804224
2300,5267,46.49973936,7.4999088
2300,5268,48.25209552,5.52590208
2300,5269,49.7736876,5.49847008
2300,5270,51.51330312,6.57051264
2300,5271,53.2113744,6.42128256
2300,5272,55.110126,6.9238368
2300,5273,57.03277392,6.9238368
2300,5274,58.9614264,7.01600832
2300,5275,60.9337872,7.13232
2300,5276,62.91571872,7.1378064
2300,5277,64.89758928,7.13232
2300,5278,66.8787588,7.13232
2300,5279,68.8599588,7.13232
2300,5280,70.78620336,7.34190048
2300,5281,73.45491024,11.2635792
2300,5282,76.58490144,11.34477792
2300,5283,79.75707696,11.34258336
2300,5284,82.87844232,11.13080832
2300,5285,85.93848192,10.9728
2300,5286,88.98639048,10.9728
2300,5287,91.95093624,9.60778368
2300,5288,94.24848816,7.79397984
2300,5289,96.42631464,7.58330208
2300,5290,98.4415608,7.13232
2300,5291,100.217478,3.9611808
2300,5292,100.5385848,0
2300,5293,100.5385848,0
2300,5294,100.5385848,0
2300,5295,100.5385848,0
2300,5296,100.5385848,0
2300,5297,100.5385848,0
2300,5298,100.5385848,0
2300,5299,100.5385848,0
2300,5300,100.6969284,2.48863104
2300,5301,102.042468,5.75962272
2300,5302,103.630476,5.70914784
2300,5303,105.2277804,5.76072
2300,5304,106.98361128,8.22740544
2300,5305,109.8761328,11.24931456
2300,5306,113.0004852,11.24712
2300,5307,116.13562752,11.43804672
2300,5308,119.18475528,10.12021344
2300,5309,122.01564624,10.28809728
2300,5310,124.83410136,10.56790368
2300,5311,127.78639416,10.27163808
2300,5312,130.71924072,11.12312736
2300,5313,133.9317108,11.42707392
2300,5314,136.87205544,10.46585664
2300,5315,139.89076416,10.9728
2300,5316,142.93876416,10.9728
2300,5317,145.97630952,10.917936
2300,5318,148.9601796,10.2266496
2300,5319,151.22466072,5.96042496
2300,5320,152.74037016,4.90593888
2300,5321,153.60588024,1.43414496
2300,5322,153.7560552,0
2300,5323,153.88806408,1.22456448
2300,5324,154.7407116,4.85985312
2300,5325,156.12121176,5.07382272
2300,5326,157.630368,5.4864
2300,5327,159.2139564,6.44652
2300,5328,161.21460264,8.09024544
2300,5329,163.93786872,10.890504
2300,5330,166.97925456,10.9728
2300,5331,170.02725456,10.9728
2300,5332,173.07528504,10.9728
2300,5333,176.07085944,10.71274464
2300,5334,179.2563852,12.09092832
2300,5335,182.61049584,12.07008
2300,5336,186.04528704,13.7050272
2300,5337,190.38533424,16.47895104
2300,5338,194.9573952,16.4592
2300,5339,199.52912088,16.44712992
2300,5340,204.08932512,16.41640608
2300,5341,208.52767032,15.29718048
2300,5342,212.7075756,14.99103936
2300,5343,216.86419416,14.99213664
2300,5344,221.0357784,14.95263456
2300,5345,225.16075872,13.9683744
2300,5346,228.50609112,10.96511904
2300,5347,231.5541216,10.9728
2300,5348,234.6021216,10.9728
2300,5349,237.6501216,10.9728
2300,5350,240.68221104,10.87623936
2300,5351,243.72124992,10.9014768
2300,5352,246.33902472,8.8495632
2300,5353,249.2056992,10.97938368
2300,5354,252.04363104,8.72666784
2300,5355,254.29720032,8.8550496
2300,5356,256.79061672,8.29872864
2300,5357,259.0643028,8.13194208
2300,5358,260.95302648,5.29766784
2300,5359,262.33322184,4.9816512
2300,5360,263.73819744,5.0694336
2300,5361,265.14640392,5.0694336
2300,5362,266.55470184,5.0694336
2300,5363,267.9630912,5.0694336
2300,5364,269.37303504,4.89825792
2300,5365,270.15161616,0.44330112
2300,5366,270.15948,0
2300,5367,270.15948,0
2300,5368,270.15948,0
2300,5369,270.15948,0
2300,5370,270.15948,0
2300,5371,270.15948,0
2300,5372,270.15948,0
2300,5373,270.15948,0
2300,5374,270.15948,0
2300,5375,270.15948,0
2300,5376,270.15948,0
2300,5377,270.15948,0
2300,5378,270.15948,0
2300,5379,270.15948,0
2300,5380,270.47442984,2.46449088
2300,5381,271.28062584,3.11517792
2300,5382,272.51567544,5.91653376
2300,5383,274.2288648,6.1722
2300,5384,275.94333432,6.17549184
2300,5385,277.65673704,6.26217696
2300,5386,279.73358328,8.81993664
2300,5387,282.24726888,9.17655264
2300,5388,284.7819552,8.50721184
2300,5389,287.06728464,7.97612832
2300,5390,289.32643176,8.80238016
2300,5391,291.64766664,7.98380928
2300,5392,294.0201384,9.107424
2300,5393,296.48405016,8.27788032
2300,5394,299.02339992,10.55802816
2300,5395,302.0673156,10.9728
2300,5396,305.11540704,10.9728
2300,5397,308.15938368,10.56241728
2300,5398,310.55788536,6.56831808
2300,5399,312.1597008,5.48420544
2300,5400,313.68376176,5.4864
2300,5401,315.20773128,5.4864
2300,5402,316.73173128,5.4864
2300,5403,318.25573128,5.4864
2300,5404,319.80765096,6.03504
2300,5405,321.65800032,7.51856256
2300,5406,324.2151504,10.4077008
2300,5407,327.13229976,10.5009696
2300,5408,330.04887,10.51523424
2300,5409,333.02496768,10.9343952
2300,5410,336.07290672,10.9728
2300,5411,339.12090672,10.97499456
2300,5412,342.08149008,10.14325632
2300,5413,344.73145176,8.23179456
2300,5414,346.62950232,6.44761728
2300,5415,348.61021464,7.69961376
2300,5416,350.7486,7.6974192
2300,5417,353.01381264,9.820656
2300,5418,356.29891656,12.62091456
2300,5419,359.84057064,13.36377312
2300,5420,363.82135008,14.81328
2300,5421,368.01158808,16.04662272
2300,5422,372.77369184,17.55757728
2300,5423,377.69081688,18.21375072
2300,5424,382.91332104,19.02244608
2300,5425,388.18142328,18.57475584
2300,5426,393.19129896,17.8308
2300,5427,398.31724248,20.54217888
2300,5428,404.68923888,23.86803456
2300,5429,411.33326928,24.12260352
2300,5430,418.10522424,24.45507936
2300,5431,424.92542904,25.02785952
2300,5432,432.04564848,26.03187072
2300,5433,439.33116096,26.28753696
2300,5434,446.51697336,24.35851872
2300,5435,452.69484264,20.40501888
2300,5436,458.49710688,25.69171392
2300,5437,466.8706944,26.79667488
2300,5438,472.379802,23.73306912
2300,5439,481.2558828,31.30210656
2300,5440,488.34982848,23.31390816
2300,5441,495.37623048,27.24217056
2300,5442,501.36466656,29.3302944
2304,5429,371.821422133333,20.037552
2304,5430,377.18692152,21.1116672
2304,5431,383.2507956,22.05093888
2304,5432,389.20594752,19.6577712
2304,5433,394.21295808,17.55648
2304,5434,399.14757864,18.32567328
2304,5435,404.44640472,19.84650336
2304,5436,410.09175792,22.5106992
2304,5437,416.99188128,23.94703872
2304,5438,423.13119336,21.40683552
2304,5439,429.07839,21.4079328
2304,5440,435.02543424,21.4079328
2304,5441,440.94416256,20.52901152
2304,5442,446.37021216,20.60582112
2304,5443,452.52232584,24.06115584
2304,5444,461.16035784,35.56065024
2304,5445,469.91963928,21.21261696
2304,5446,474.68143824,26.3676384
2304,5447,484.2493236,35.53980192
2304,5448,492.42732096,21.04253856
2304,5449,496.9370808,14.62564512
2304,5450,499.5141648,14.4511776
2312,5315,123.1364187,8.6575392
2312,5316,126.16787568,14.25256992
2312,5317,130.13432952,15.03054144
2312,5318,134.4600816,14.3304768
2312,5319,137.01070896,4.75231968
2312,5320,138.20394,4.279392
2312,5321,139.39241616,4.279392
2312,5322,140.5810752,4.279392
2312,5323,141.76991712,4.33315872
2312,5324,143.05858104,4.91691168
2312,5325,144.4303944,4.93776
2312,5326,145.79166168,4.882896
2312,5327,147.15890304,4.93776
2312,5328,148.535898,5.42714688
2312,5329,150.7725204,10.43842464
2312,5330,153.73036056,10.643616
2312,5331,156.68679864,10.643616
2312,5332,159.64351104,10.643616
2312,5333,162.59720592,10.87843392
2312,5334,166.1188956,14.36010336
2312,5335,170.14387104,14.484096
2312,5336,174.16710912,14.484096
2312,5337,178.19184072,14.49726336
2312,5338,182.21727336,14.46544224
2312,5339,186.20808072,14.29426656
2312,5340,190.17755208,14.2042896
2312,5341,194.01483168,13.46801472
2312,5342,197.74863168,13.50971136
2312,5343,201.60200472,14.18892768
2312,5344,205.55708952,14.40618912
2312,5345,209.78405592,15.95115936
2312,5346,214.22215728,15.94128384
2312,5347,218.65547328,15.56162496
2312,5348,222.28969512,10.75663584
2312,5349,225.22912536,10.49109408
2312,5350,227.82614328,8.3064096
2312,5351,230.11183848,8.34042528
2312,5352,232.60616928,9.55840608
2312,5353,235.27414464,9.7328736
2312,5354,238.191294,11.192256
2312,5355,241.29342648,10.89160128
2312,5356,243.91226808,8.05842432
2312,5357,246.11956872,7.77752064
2312,5358,247.99582608,5.82875136
2312,5359,249.59419728,5.58296064
2312,5360,250.86073272,3.63419136
2312,5361,251.85072312,3.65503968
2312,5362,253.0582188,5.03761248
2312,5363,254.4807204,5.12210304
2312,5364,255.87438792,4.19380416
2312,5365,256.38316008,0.082296
2312,5366,256.3834344,0
2312,5367,256.3834344,0
2312,5368,256.3834344,0
2312,5369,256.3834344,0
2312,5370,256.3834344,0
2312,5371,256.3834344,0
2312,5372,256.3834344,0
2312,5373,256.3834344,0
2312,5374,256.3834344,0
2312,5375,256.3834344,0
2312,5376,256.3834344,0
2312,5377,256.3834344,0
2312,5378,256.3834344,0
2312,5379,256.41135408,0.50584608
2312,5380,256.7994864,2.17041984
2312,5381,257.9120064,5.96591136
2312,5382,259.66161936,6.38178048
2312,5383,261.68823456,8.33493888
2312,5384,264.07314216,8.6355936
2312,5385,266.47103424,8.6355936
2312,5386,268.86935304,8.58402144
2312,5387,271.19881752,8.72008416
2312,5388,273.74121528,8.2186272
2312,5389,275.73009624,6.99954912
2312,5390,277.51305432,5.56211232
2312,5391,279.2361192,7.77203424
2312,5392,281.61209616,8.668512
2312,5393,284.02096104,8.67729024
2312,5394,286.23033432,6.75705024
2312,5395,288.38063736,9.97756704
2312,5396,291.399468,10.9728
2312,5397,294.44301792,10.70177184
2312,5398,297.11556528,7.68096
2312,5399,298.79089848,5.4864
2312,5400,300.31492896,5.4864
2312,5401,301.83892896,5.4864
2312,5402,303.36295944,5.4864
2312,5403,304.88705088,5.4864
2312,5404,306.42409632,5.93299296
2312,5405,308.623716,9.69776064
2312,5406,311.21485128,8.91759456
2312,5407,313.73731512,9.1403424
2312,5408,316.27706112,9.27969696
2312,5409,319.09073088,11.63775168
2312,5410,323.15371488,13.83889536
2312,5411,325.78352928,8.0869536
2312,5412,328.0291128,8.0869536
2312,5413,330.27451344,8.08256448
2312,5414,332.74546608,10.25517888
2312,5415,335.76911256,10.9728
2312,5416,338.69287608,9.14253696
2312,5417,340.87240944,7.71607296
2312,5418,343.28548056,9.87771456
2312,5419,346.27373976,11.8177056
2312,5420,349.99888344,14.36778432
2312,5421,353.98856304,14.3633952
2312,5422,357.97775496,14.319504
2312,5423,362.11754856,15.9489648
2312,5424,366.6768384,16.4592
2312,5425,371.2488384,16.4592
2312,5426,375.8150472,16.78509216
2312,5427,381.11192256,21.1061808
2312,5428,387.02351856,21.58459488
2312,5429,393.2518932,23.03080992
2312,5430,399.6563508,23.21405568
2312,5431,406.25444784,24.30365472
2312,5432,413.15850312,25.3636272
2312,5433,420.26881656,25.35375168
2312,5434,426.95707344,23.63980032
2312,5435,433.97204544,25.53480288
2312,5436,440.37101664,21.36623616
2312,5437,447.06808224,26.67816864
2312,5438,454.11155304,24.61967136
2312,5439,459.0857214,27.1412208
2319,5345,198.8918552,21.7639392
2319,5346,203.76861456,13.33304928
2319,5347,206.50584048,10.04779296
2319,5348,209.75552664,11.95815744
2319,5349,213.077298,11.960352
2319,5350,216.7726932,18.68448384
2319,5351,221.99144832,12.04923168
2319,5352,224.39793576,8.15717952
2319,5353,226.72877184,8.83420128
2319,5354,229.2891528,9.32797728
2319,5355,231.90717144,10.06096032
2319,5356,234.782868,9.3597984
2319,5357,237.2551008,9.848088
2319,5358,240.2279676,10.73578752
2319,5359,242.7850872,6.99186816
2319,5360,244.4014416,5.4864
2319,5361,245.92592928,5.48530272
2319,5362,247.34300544,4.80718368
2319,5363,248.30151,1.51753824
2319,5364,248.53660224,0.91842336
2319,5365,248.88559824,1.399032
2319,5366,249.47508144,1.9586448
2319,5367,249.6973416,0.438912
2319,5368,249.82304112,0.06473952
2319,5369,249.823224,0
2319,5370,249.823224,0
2319,5371,249.823224,0
2319,5372,249.823224,0
2319,5373,249.823224,0
2319,5374,249.823224,0
2319,5375,249.823224,0
2319,5376,249.823224,0
2319,5377,249.93670104,0.98316288
2319,5378,250.15192032,0.21506688
2319,5379,250.166124,0
2319,5380,250.18706376,0.27651456
2319,5381,250.32236448,0.54754272
2319,5382,250.65828456,2.96485056
2319,5383,251.90735496,4.93556544
2319,5384,253.61197944,9.16448256
2319,5385,256.8567888,12.41243136
2319,5386,260.44907016,14.29097472
2319,5387,264.386568,10.71384192
2319,5388,266.29364064,5.48420544
2319,5389,267.8177016,5.4864
2319,5390,269.34212832,5.458968
2319,5391,270.8923716,6.2325504
2319,5392,272.85458256,7.6151232
2319,5393,275.04828912,7.95418272
2319,5394,277.32191424,8.66960928
2319,5395,279.81847008,9.05914368
2319,5396,282.05335512,6.76143936
2319,5397,284.27043984,9.67032864
2319,5398,287.16774672,10.97389728
2319,5399,290.13707784,9.47830464
2319,5400,292.08554232,5.48420544
2319,5401,293.6089632,5.4864
2319,5402,295.1329632,5.4864
2319,5403,296.6569632,5.4864
2319,5404,298.18151184,5.48969184
2319,5405,299.4603612,4.306824
2319,5406,301.43598336,9.3707712
2319,5407,304.07040024,10.05547392
2319,5408,307.09569264,11.10118176
2319,5409,310.1314092,10.81479168
2319,5410,313.13542656,10.51962336
2319,5411,315.84674448,9.1842336
2319,5412,318.30011016,8.8715088
2319,5413,321.07254048,10.93000608
2319,5414,324.13142184,11.04192864
2319,5415,327.200514,11.0496096
2319,5416,330.27146544,10.99584288
2319,5417,332.92889472,8.56865952
2319,5418,335.28566928,7.13012544
2319,5419,336.91055808,5.5357776
2319,5420,338.97795552,9.92709216
2319,5421,342.22108848,12.96216864
2319,5422,345.89432472,13.3100064
2319,5423,349.59045144,13.30671456
2319,5424,353.29651464,13.93435872
2319,5425,357.9565104,18.99611136
2319,5426,363.22403352,19.09486656
2319,5427,368.57979624,19.50305472
2319,5428,374.14620624,21.01071744
2319,5429,380.20450248,22.04654976
2319,5430,386.1239928,20.01658176
2319,5431,391.51688016,19.504152
2319,5432,396.89650872,18.54074016
2319,5433,402.0657948,20.574
2319,5434,408.24579768,22.18590432
2319,5435,414.19067784,20.59265376
2319,5436,419.96313264,20.48182848
2319,5437,425.4015876,21.5286336
2319,5438,431.91382248,22.64127552
2319,5439,437.79103704,21.33551232
2319,5440,444.22996752,24.14016
2319,5441,451.01259048,25.39325376
2319,5442,458.256894,25.86179232
2319,5443,465.88241088,28.65107808
2319,5444,472.04784432,14.39741088
2319,5445,479.68802208,40.62788928
2319,5446,488.2001412,23.79122496
2319,5447,494.89092792,21.60873504
2319,5448,498.9428172,21.7151712
2332,5350,205.92193512,16.27156512
2332,5351,210.25207632,14.66734176
2332,5352,214.24267032,14.3085312
2332,5353,218.22540048,14.32937952
2332,5354,221.670372,9.57596256
2332,5355,223.86517584,7.1268336
2332,5356,225.68190576,5.75962272
2332,5357,227.2098072,5.4864
2332,5358,228.7338072,5.4864
2332,5359,230.2578072,5.4864
2332,5360,231.7818072,5.4864
2332,5361,233.3058072,5.4864
2332,5362,234.78036864,4.10053536
2332,5363,235.44538128,2.86719264
2332,5364,236.8110072,5.4864
2332,5365,238.3350072,5.4864
2332,5366,239.8558068,5.40520128
2332,5367,241.33448304,4.60089504
2332,5368,241.9017768,0.0603504
2332,5369,241.9017768,0
2332,5370,241.9017768,0
2332,5371,241.9017768,0
2332,5372,241.9017768,0
2332,5373,241.9017768,0
2332,5374,241.9017768,0
2332,5375,241.9017768,0
2332,5376,241.9017768,0
2332,5377,241.9017768,0
2332,5378,241.9017768,0
2332,5379,241.9017768,0
2332,5380,241.9017768,0
2332,5381,241.9017768,0
2332,5382,241.9017768,0
2332,5383,241.9017768,0
2332,5384,242.00324472,1.76771808
2332,5385,243.18169296,5.66525664
2332,5386,245.28862296,9.97537248
2332,5387,248.28843408,11.20761792
2332,5388,251.37337584,8.8166448
2332,5389,253.12448232,6.28631712
2332,5390,255.19206264,7.99149024
2332,5391,257.37821016,7.9113888
2332,5392,259.61745384,8.28775584
2332,5393,262.02991536,8.91649728
2332,5394,264.52449,9.0196416
2332,5395,267.03113472,9.0196416
2332,5396,269.5258008,8.77165632
2332,5397,271.96377408,8.98233408
2332,5398,274.46426184,8.82432576
2332,5399,276.8190552,8.43369408
2332,5400,279.26940336,9.05365728
2332,5401,281.78884968,8.77494816
2332,5402,283.74203856,5.53687488
2332,5403,285.26433168,5.48749728
2332,5404,286.76336856,5.3547264
2332,5405,288.27654816,5.4864
2332,5406,289.80054816,5.4864
2332,5407,291.3246396,5.4864
2332,5408,292.84873104,5.47981632
2332,5409,294.48447072,6.91176672
2332,5410,296.97977688,9.92160576
2332,5411,299.32286592,6.76034208
2332,5412,300.925992,5.4864
2332,5413,302.449992,5.4864
2332,5414,303.973992,5.4864
2332,5415,305.50067424,5.7936384
2332,5416,307.72034976,10.3912416
2332,5417,310.73421216,10.81698624
2332,5418,313.7605104,10.9728
2332,5419,316.8085104,10.9728
2332,5420,319.85654088,10.97170272
2332,5421,323.01798744,12.47497632
2332,5422,326.7488004,13.7050272
2332,5423,330.5559048,13.7050272
2332,5424,334.43960544,14.94275904
2332,5425,338.89709208,16.46029728
2332,5426,343.44034944,16.3110672
2332,5427,348.09330432,17.35677504
2332,5428,352.98662448,17.6552352
2332,5429,357.85540824,16.99357536
2332,5430,362.41213776,16.33630464
2332,5431,367.10230872,18.01404576
2332,5432,372.4674288,20.39404608
2332,5433,378.34150392,21.69761472
2332,5434,384.54348288,22.80257568
2332,5435,390.90133656,22.82232672
2332,5436,396.82768488,19.0542672
2332,5437,402.04473312,20.03413824
2332,5438,407.88223224,21.35087424
2332,5439,413.8283316,21.49132608
2332,5440,419.72295024,20.65739328
2332,5441,425.11681296,18.65046816
2332,5442,430.3369092,18.6208416
2332,5443,435.47303304,18.78323904
2332,5444,440.605164,18.56378304
2332,5445,446.31729888,22.1266512
2332,5446,452.66317392,23.372064
2332,5447,459.93884136,30.39355872
2332,5448,467.85788064,20.79674784
2332,5449,473.56309656,26.93054304
2332,5450,481.25487696,23.64748128
2332,5451,487.11523608,21.07545696
2332,5452,492.98388576,21.61422144
2332,5453,498.153711771429,20.8138340571429
2351,5271,34.6679901,4.1271444
2351,5272,35.49392952,1.78746912
2351,5273,35.79141432,1.67554656
2351,5274,37.74329256,12.34659456
2351,5275,41.45301336,13.4526528
2351,5276,45.19379328,13.36925952
2351,5277,48.20460768,7.58549664
2351,5278,50.05325016,6.5617344
2351,5279,51.8760456,6.5617344
2351,5280,53.6987496,6.5617344
2351,5281,55.52151456,6.56831808
2351,5282,56.93051352,2.15286336
2351,5283,57.0451488,0.23481792
2351,5284,58.05071448,7.1378064
2351,5285,60.1970856,7.75886688
2351,5286,62.35336272,7.76545056
2351,5287,64.51116384,7.74460224
2351,5288,66.41963856,5.68500768
2351,5289,67.90041792,5.2998624
2351,5290,69.37284576,5.31522432
2351,5291,71.08524264,7.31007936
2351,5292,73.2131124,7.63377696
2351,5293,74.89813824,4.12138368
2351,5294,75.91839528,3.66162336
2351,5295,76.94023728,3.81414528
2351,5296,78.10048896,4.42642752
2351,5297,79.3091124,4.279392
2351,5298,80.4970704,4.279392
2351,5299,81.68511984,4.279392
2351,5300,82.87304736,4.279392
2351,5301,84.06106632,4.279392
2351,5302,85.2490548,4.279392
2351,5303,86.43704328,4.279392
2351,5304,87.62506224,4.279392
2351,5305,88.81298976,4.279392
2351,5306,90.0010392,4.279392
2351,5307,91.1889972,4.279392
2351,5308,92.35427808,3.66930432
2351,5309,93.2799252,3.97764
2351,5310,94.7252868,5.75962272
2351,5311,96.23898456,4.9871376
2351,5312,97.7114124,5.41836864
2351,5313,98.46597528,1.28272032
2351,5314,99.10639056,2.523744
2351,5315,99.98778072,4.07200608
2351,5316,101.32384104,5.53468032
2351,5317,102.97856976,6.47614656
2351,5318,104.92362048,7.1487792
2351,5319,106.78305288,6.48711936
2351,5320,108.50389272,5.72450976
2351,5321,110.27502456,7.72155936
2351,5322,112.66813128,8.586216
2351,5323,114.88939176,7.46479584
2351,5324,116.94234168,7.40005632
2351,5325,119.0376588,7.17730848
2351,5326,120.72362952,5.12100576
2351,5327,121.78844832,2.74649184
2351,5328,122.71485744,3.88766304
2351,5329,123.55000944,2.58628896
2351,5330,125.15142864,9.46404
2351,5331,127.08105648,4.2684192
2351,5332,128.82454296,7.94211264
2351,5333,131.16238944,8.77933728
2351,5334,133.67997648,8.78153184
2351,5335,136.03601952,8.46880704
2351,5336,138.38779536,8.46661248
2351,5337,140.7397236,8.46990432
2351,5338,143.0915604,8.46770976
2351,5339,145.42059816,8.26471296
2351,5340,148.31473512,12.865608
2351,5341,151.46466024,9.5957136
2351,5342,155.13323304,16.6676832
2351,5343,158.5308996,8.6575392
2351,5344,161.68103808,13.03458912
2351,5345,164.98513104,11.16592128
2351,5346,168.55906344,14.56968384
2351,5347,172.05661296,10.50865056
2351,5348,175.40185392,12.39487488
2351,5349,178.83445056,13.99141728
2351,5350,182.58217992,12.17322432
2351,5351,185.16139752,6.33459744
2351,5352,187.46013816,10.89379584
2351,5353,190.47387864,10.66665888
2351,5354,193.50971712,10.9728
2351,5355,196.55777808,10.97389728
2351,5356,199.60084032,10.50316416
2351,5357,202.14119592,7.91029152
2351,5358,204.14080584,6.7921632
2351,5359,206.09338512,8.20655712
2351,5360,208.88855352,11.03095584
2351,5361,212.51131488,15.54955488
2351,5362,216.36179232,15.92482464
2351,5363,219.81237216,2.73661632
2351,5364,220.28401968,2.66419584
2351,5365,222.2539116,9.79761312
2351,5366,224.77424184,9.63192384
2351,5367,227.44233912,9.5243904
2351,5368,230.08861272,9.52877952
2351,5369,232.51219944,6.8525136
2351,5370,233.81415264,3.1107888
2351,5371,234.1897272,0
2351,5372,234.1897272,0
2351,5373,234.1897272,0
2351,5374,234.1897272,0
2351,5375,234.1897272,0
2351,5376,234.1897272,0
2351,5377,234.1897272,0
2351,5378,234.1897272,0
2351,5379,234.1897272,0
2351,5380,234.1897272,0
2351,5381,234.1897272,0
2351,5382,234.1897272,0
2351,5383,234.1897272,0
2351,5384,234.1897272,0
2351,5385,234.19091592,0.08558784
2351,5386,234.40863456,1.73809152
2351,5387,235.41788832,4.94434368
2351,5388,236.8047588,5.35033728
2351,5389,238.329216,5.4864
2351,5390,239.85096048,5.4205632
2351,5391,241.3529844,5.46664896
2351,5392,242.8771368,5.4864
2351,5393,244.4140908,5.93847936
2351,5394,246.38840232,7.91029152
2351,5395,248.4779892,6.99954912
2351,5396,250.59067992,9.19959552
2351,5397,253.5039888,10.63044864
2351,5398,256.14148416,8.52915744
2351,5399,258.45296544,8.311896
2351,5400,260.84933352,9.46404
2351,5401,264.0419916,12.17322432
2351,5402,266.44439472,5.67513216
2351,5403,268.10851128,6.8525136
2351,5404,270.09342984,7.02698112
2351,5405,272.0734716,7.30678752
2351,5406,274.10218992,7.30569024
2351,5407,276.13090824,7.30678752
2351,5408,278.15901696,7.1542656
2351,5409,279.92383944,5.95164672
2351,5410,281.5853652,5.62246272
2351,5411,283.108908,5.4864
2351,5412,284.632908,5.48749728
2351,5413,286.15702992,5.48859456
2351,5414,287.66405256,5.3602128
2351,5415,289.17086184,5.48749728
2351,5416,290.73945408,6.03174816
2351,5417,292.68173112,7.95637728
2351,5418,294.97282128,9.01854432
2351,5419,297.57133272,9.63521568
2351,5420,300.5262468,10.77967872
2351,5421,303.00582528,7.91358336
2351,5422,305.705256,10.9343952
2351,5423,308.75471904,10.96511904
2351,5424,311.76906912,10.83344544
2351,5425,314.8090224,10.9728
2351,5426,317.8570224,10.9728
2351,5427,320.89996272,11.28771936
2351,5428,324.3969636,13.54262976
2351,5429,328.15600104,13.52617056
2351,5430,331.92835824,13.9464288
2351,5431,336.01661016,15.17867424
2351,5432,340.23217704,15.10844832
2351,5433,344.6599152,18.62303616
2351,5434,349.42982184,13.29135264
2351,5435,352.93273584,12.563856
2351,5436,356.43546696,13.1728464
2351,5437,360.62363232,16.74559008
2351,5438,365.2962468,17.2876464
2351,5439,370.62268776,20.2941936
2351,5440,376.03520424,18.65266272
2351,5441,381.23777448,19.5754752
2351,5442,387.04171512,21.55387104
2351,5443,392.96617368,20.63654496
2351,5444,398.28103224,17.72546112
2351,5445,403.14576216,17.60695488
2351,5446,408.04395912,17.9295552
2351,5447,413.04581856,17.71448832
2351,5448,417.99165576,17.99648928
2351,5449,422.92694688,17.69034816
2351,5450,427.8159084,17.00564544
2351,5451,432.45209928,17.00784
2351,5452,437.30238168,17.85932928
2351,5453,442.41701712,19.21666464
2351,5454,447.73190616,18.7141104
2351,5455,452.89247496,18.58133952
2351,5456,458.0400288,18.25983648
2351,5457,463.10101944,17.88127488
2351,5458,468.11851512,19.45806624
2351,5459,473.8957248,21.232368
2351,5460,479.79439728,21.07655424
2351,5461,485.40049224,19.33846272
2351,5462,490.52695392,17.5235616
2351,5463,495.36839712,17.16584832
2351,5464,498.8795204,13.926312
2369,5274,17.5973232,15.95774304
2369,5275,21.79585176,13.89266208
2369,5276,25.54144752,13.30781184
2369,5277,28.4931612,7.16084928
2369,5278,30.0096936,3.92935968
2369,5279,30.71582376,1.8269712
2369,5280,31.24324968,3.04166016
2369,5281,32.88316512,7.79288256
2369,5282,35.04831192,7.29910656
2369,5283,36.30036936,2.06069184
2369,5284,37.5819924,7.9223616
2369,5285,39.96625992,8.58841056
2369,5286,41.99921496,5.788152
2369,5287,43.5220872,5.4864
2369,5288,44.98591968,4.1312592
2369,5289,45.78047232,2.88036
2369,5290,46.88415312,5.07382272
2369,5291,48.35868408,4.80389184
2369,5292,49.52658624,4.3946064
2369,5293,51.08307792,6.3806832
2369,5294,52.85268576,6.37300224
2369,5295,54.62348232,6.43225536
2369,5296,56.46325512,6.76692576
2369,5297,58.34301768,6.7702176
2369,5298,60.22034184,6.65280864
2369,5299,61.97035104,6.04162368
2369,5300,63.64784832,6.03723456
2369,5301,65.25198024,4.27500288
2369,5302,65.69390976,0.2029968
2369,5303,65.87304072,0.9107424
2369,5304,66.11898384,0.64958976
2369,5305,66.95812872,5.91543648
2369,5306,68.7762912,6.58368
2369,5307,70.55370192,5.35801824
2369,5308,71.94804,5.95493856
2369,5309,73.72179312,6.3971424
2369,5310,75.43095912,4.68758016
2369,5311,76.12727472,1.82587392
2369,5312,76.76384952,1.67664384
2369,5313,77.31142272,3.80097792
2369,5314,78.89552928,6.19524288
2369,5315,80.53026312,5.8485024
2369,5316,82.15512144,5.73219072
2369,5317,83.5584816,4.43520576
2369,5318,84.77762064,4.50104256
2369,5319,86.20527336,5.71792608
2369,5320,87.80397984,5.69378592
2369,5321,89.48007504,6.59026368
2369,5322,91.35822216,6.7702176
2369,5323,93.21481992,6.2051184
2369,5324,94.73110848,5.11442208
2369,5325,96.15354912,5.12320032
2369,5326,97.58059224,5.25816576
2369,5327,99.11251704,5.67184032
2369,5328,100.68738816,5.67074304
2369,5329,102.27612768,5.70695328
2369,5330,103.59713088,3.84267456
2369,5331,104.74503816,5.88800448
2369,5332,107.3560464,10.08071136
2369,5333,108.8300592,1.28162304
2369,5334,110.09625936,9.63741024
2369,5335,113.26913592,11.6750592
2369,5336,116.53244664,11.87147232
2369,5337,119.30890032,7.59976128
2369,5338,121.51891368,9.05475456
2369,5339,124.08929208,9.41575968
2369,5340,126.9319788,10.37258784
2369,5341,129.73123152,10.259568
2369,5342,132.80452992,11.66518368
2369,5343,136.0211148,11.52802368
2369,5344,139.1753376,11.52034272
2369,5345,142.36269216,11.4281712
2369,5346,145.71469968,12.48814368
2369,5347,149.17222896,11.83855392
2369,5348,151.9859292,8.66192832
2369,5349,154.25397648,10.4954832
2369,5350,157.942788,12.42779328
2369,5351,160.91050368,9.71970624
2369,5352,164.11111704,13.13005248
2369,5353,167.49595152,11.43146304
2369,5354,170.45281632,10.15752096
2369,5355,173.28709056,10.4186736
2369,5356,176.27172264,10.65897792
2369,5357,179.04098304,9.7548192
2369,5358,181.79415,10.3308912
2369,5359,184.79880744,10.55912544
2369,5360,187.651644,10.177272
2369,5361,190.3860048,9.36967392
2369,5362,192.8963376,8.46770976
2369,5363,194.8054524,5.62136544
2369,5364,196.32832464,5.4864
2369,5365,197.85229416,5.4864
2369,5366,199.37635512,5.4864
2369,5367,200.9895396,6.93151776
2369,5368,202.86921072,5.6345328
2369,5369,204.30262416,4.05554688
2369,5370,205.0746216,2.30319072
2369,5371,205.71400056,2.304288
2369,5372,206.35331856,2.304288
2369,5373,206.99266704,2.304288
2369,5374,207.632046,2.304288
2369,5375,208.271364,2.304288
2369,5376,208.910682,2.304288
2369,5377,209.55006096,2.304288
2369,5378,210.18937896,2.304288
2369,5379,210.82872744,2.304288
2369,5380,211.4681064,2.304288
2369,5381,212.10739392,2.304288
2369,5382,212.7467424,2.304288
2369,5383,213.38609088,2.304288
2369,5384,214.02540888,2.304288
2369,5385,214.66478784,2.304288
2369,5386,215.30410584,2.304288
2369,5387,215.94345432,2.304288
2369,5388,216.5828028,2.304288
2369,5389,217.22218176,2.30209344
2369,5390,218.2971504,6.0021216
2369,5391,219.8891208,4.90264704
2369,5392,221.25544776,5.08369824
2369,5393,222.81081168,5.89458816
2369,5394,224.4483192,5.68720224
2369,5395,225.80638608,4.49994528
2369,5396,227.20837464,5.4754272
2369,5397,228.73277088,5.4864
2369,5398,230.25661848,5.4864
2369,5399,231.780588,5.4864
2369,5400,233.304588,5.4864
2369,5401,234.828588,5.4864
2369,5402,236.352588,5.4864
2369,5403,237.876588,5.47981632
2369,5404,239.59614768,7.89712416
2369,5405,242.13650328,8.74751616
2369,5406,244.3491684,7.84226016
2369,5407,246.26032536,4.87631232
2369,5408,247.25135208,3.29184
2369,5409,248.16575208,3.28525632
2369,5410,249.47236872,7.57781568
2369,5411,252.09761112,9.87552
2369,5412,254.840994,9.8316288
2369,5413,257.55984048,9.99402624
2369,5414,260.39694936,10.16410464
2369,5415,263.22396936,10.2705408
2369,5416,266.0800368,10.2815136
2369,5417,268.93375728,10.14545088
2369,5418,271.35682584,6.58148544
2369,5419,272.9455044,6.47614656
2369,5420,275.32922328,9.91173024
2369,5421,278.0829084,9.9084384
2369,5422,280.80483336,8.94722112
2369,5423,283.13262144,8.10012096
2369,5424,285.38664792,9.5957136
2369,5425,288.28041912,9.47720736
2369,5426,290.94214608,10.69848
2369,5427,293.9884392,10.9728
2369,5428,297.0364392,10.9728
2369,5429,300.08456112,10.97170272
2369,5430,303.36442248,13.99141728
2369,5431,307.78100496,16.45700544
2369,5432,312.13443288,14.39192448
2369,5433,316.0620552,15.0876
2369,5434,320.54145696,16.6128192
2369,5435,325.40664408,18.33115968
2369,5436,330.51753048,18.33225696
2369,5437,335.35485888,16.11575136
2369,5438,339.62062632,15.30486144
2369,5439,343.99124496,15.883128
2369,5440,348.7099452,17.4522384
2369,5441,352.6426272,16.4592
2376,5278,19.1621664,7.1213472
2376,5279,20.62298136,7.66888992
2376,5280,22.6944936,6.81191424
2376,5281,24.32813016,5.4864
2376,5282,25.74733992,4.2903648
2376,5283,26.84675352,3.7691568
2376,5284,28.24298136,6.83276256
2376,5285,30.2133,7.0884288
2376,5286,32.18313096,7.07306688
2376,5287,34.14616488,6.99406272
2376,5288,35.78309328,5.05516896
2376,5289,37.2730776,5.4864
2376,5290,38.81189088,5.8923936
2376,5291,40.56531384,6.17878368
2376,5292,42.10793712,5.62246272
2376,5293,43.98425544,7.44943392
2376,5294,46.05332928,7.43626656
2376,5295,48.08847888,6.41140704
2376,5296,49.25671632,2.85731712
2376,5297,50.14118496,3.20076576
2376,5298,51.23608752,4.88509056
2376,5299,52.73369184,6.10197408
2376,5300,54.48190272,6.5617344
2376,5301,56.52595248,7.54818912
2376,5302,57.97612992,3.09762144
2376,5303,58.78732464,2.9297376
2376,5304,59.5996776,2.83866336
2376,5305,60.24567072,1.865376
2376,5306,60.75325416,1.8324576
2376,5307,61.25269944,1.46267424
2376,5308,61.84980264,3.95788896
2376,5309,63.2386848,5.12758944
2376,5310,64.64847624,4.6524672
2376,5311,66.20975328,7.78410432
2376,5312,68.62379976,8.77824
2376,5313,71.03382288,7.70180832
2376,5314,72.6740736,5.541264
2376,5315,74.38848216,6.2435232
2376,5316,76.12050816,6.04491552
2376,5317,77.48875536,3.95240256
2376,5318,78.59627664,3.9666672
2376,5319,79.66517976,3.7252656
2376,5320,80.70140832,3.9611808
2376,5321,82.22217744,7.61073408
2376,5322,84.75631512,10.18605024
2376,5323,87.19605624,6.7592448
2376,5324,88.8830328,6.08112576
2376,5325,90.49560768,4.62832704
2376,5326,91.46051304,3.25014336
2376,5327,92.51164632,4.44069216
2376,5328,93.83941608,4.22233344
2376,5329,95.04429048,4.79840544
2376,5330,96.294702,4.52518272
2376,5331,97.61978952,4.94105184
2376,5332,99.09831336,5.4864
2376,5333,100.51630392,4.4220384
2376,5334,102.084378,7.59208032
2376,5335,104.32151856,8.11328832
2376,5336,106.5838356,8.119872
2376,5337,108.43461168,5.16379968
2376,5338,109.9028028,5.62246272
2376,5339,111.56506008,5.89897728
2376,5340,113.19360648,7.12244448
2376,5341,115.66937496,10.26615168
2376,5342,118.72380624,11.0770416
2376,5343,121.97245608,12.07117728
2376,5344,125.06325,10.10265696
2376,5345,127.53737256,8.09573184
2376,5346,129.89094672,8.87589792
2376,5347,132.45062664,9.52768224
2376,5348,134.99031168,8.77824
2376,5349,137.42270712,8.90113536
2376,5350,140.09013384,9.9358704
2376,5351,142.81599072,10.33747488
2376,5352,145.75606104,11.11873824
2376,5353,149.39793336,14.37546528
2376,5354,153.38416872,14.34474144
2376,5355,157.49317752,15.12929664
2376,5356,161.63150808,14.621256
2376,5357,165.65541672,14.52469536
2376,5358,169.45380384,11.85940224
2376,5359,172.4183496,10.42306272
2376,5360,175.36186416,10.95963264
2376,5361,178.4742684,11.26138464
2376,5362,181.56841512,10.88940672
2376,5363,184.54948104,10.70616096
2376,5364,187.1331792,6.86019456
2376,5365,188.70908664,5.46664896
2376,5366,190.0178064,3.79878336
2376,5367,191.01121056,3.58371648
2376,5368,192.213738,5.30973792
2376,5369,193.87904328,6.72303456
2376,5370,196.09935888,8.96258304
2376,5371,198.45317688,6.33459744
2376,5372,199.19408472,0.55193184
2376,5373,199.32036336,0.4608576
2376,5374,199.44734304,0.4608576
2376,5375,199.57438368,0.4608576
2376,5376,199.70136336,0.4608576
2376,5377,199.82712384,0.64958976
2376,5378,200.6004624,5.03761248
2376,5379,201.57393264,0.89099136
2376,5380,201.5999016,0
2376,5381,201.5999016,0
2376,5382,201.5999016,0
2376,5383,201.71621328,0.50255424
2376,5384,201.750168,0
2376,5385,201.750168,0
2376,5386,201.750168,0
2376,5387,201.750168,0
2376,5388,201.95474976,0.96780096
2376,5389,202.0500912,0
2376,5390,202.14890736,1.70956224
2376,5391,203.67778416,9.72080352
2376,5392,206.96691144,12.35647008
2376,5393,210.39929472,12.3553728
2376,5394,213.83234856,12.33671904
2376,5395,216.21210504,2.76075648
2376,5396,216.76044024,5.19232896
2376,5397,219.04561728,9.05475456
2376,5398,221.5521096,8.52476832
2376,5399,223.41803424,5.3656992
2376,5400,224.9247216,5.4864
2376,5401,226.4487216,5.4864
2376,5402,227.9727216,5.4864
2376,5403,229.4967216,5.4864
2376,5404,231.020112,5.49517824
2376,5405,232.7754552,7.51307616
2376,5406,234.95163576,7.6645008
2376,5407,237.0425028,7.4944224
2376,5408,239.12538408,7.47576864
2376,5409,241.00118424,5.39422848
2376,5410,242.2696704,4.38912
2376,5411,243.4890228,4.3836336
2376,5412,244.95410496,7.13012544
2376,5413,247.27110312,8.5917024
2376,5414,249.65872344,8.5917024
2376,5415,252.0715812,8.8769952
2376,5416,254.57249568,9.02183616
2376,5417,257.03954688,8.8550496
2376,5418,259.53433488,8.9538048
2376,5419,262.01732712,9.00537696
2376,5420,264.52516056,9.0306144
2376,5421,267.03305496,9.0306144
2376,5422,269.52875736,8.7837264
2376,5423,271.86251952,7.66559808
2376,5424,274.12312968,9.84589344
2376,5425,277.02199104,10.4186736
2376,5426,280.009092,10.9728
2376,5427,283.057092,10.9728
2376,5428,286.10503104,10.9728
2376,5429,289.14446616,10.84771008
2376,5430,292.16485128,10.96841088
2376,5431,295.21211976,11.10666816
2376,5432,298.6736724,14.39850816
2376,5433,303.06175608,16.46578368
2376,5434,307.57486872,15.36301728
2376,5435,311.49011616,13.5568944
2376,5436,315.42240192,15.36192
2376,5437,319.93450872,16.52613408
2376,5438,324.78320616,18.4836816
2376,5439,329.96724456,18.65156544
2376,5440,334.8157896,15.57259776
2376,5441,338.9404956,14.82535008
2376,5442,343.06273272,15.15563136
2376,5443,347.55853272,18.13145472
2376,5444,353.10793488,20.28760992
2376,5445,358.58903136,19.35163008
2376,5446,364.00746096,20.34027936
2376,5447,369.85837128,21.11934816
2376,5448,375.74232192,21.41012736
2376,5449,382.09953552,24.66904896
2376,5450,388.84567392,23.48288928
2376,5451,394.98830832,20.57070816
2376,5452,400.64881008,20.37868416
2376,5453,406.24341408,21.20932512
2376,5454,412.31307936,20.02974912
2376,5455,417.45091008,18.1435248
2376,5456,422.60949768,19.53597312
2376,5457,428.16142968,19.7455536
2376,5458,433.45464744,17.46979488
2376,5459,437.87043744,17.62890048
2376,5460,443.9934732,22.62262176
2376,5461,449.37636312,17.75837952
2376,5462,454.26916512,16.84434528
2376,5463,458.6182344,15.89739264
2376,5464,463.42243104,17.71997472
2376,5465,468.16481424,16.09929216
2376,5466,473.18925936,20.59704288
2376,5467,478.87536432,19.20349728
2376,5468,483.51496896,15.70097952
2376,5469,487.8860448,15.32680704
2376,5470,492.79152648,19.5425568
2376,5471,497.65265976,15.7624272
2376,5472,501.87029928,14.82096096
2391,5431,288.743397257143,16.8651936
2391,5432,291.8560584,13.09384224
2391,5433,296.0357808,15.87544704
2391,5434,300.29740296,14.69587104
2391,5435,303.89044632,11.2800384
2391,5436,306.91860384,11.04851232
2391,5437,310.33422312,13.27489344
2391,5438,314.02958784,13.09932864
2391,5439,317.51461008,12.82281408
2391,5440,321.41059416,14.02653024
2391,5441,324.48864744,6.57599904
2391,5442,327.56127528,17.60476032
2391,5443,332.29366104,16.10038944
2391,5444,336.7899792,17.77703328
2391,5445,342.14979576,21.01620384
2391,5446,348.62524128,20.87246016
2391,5447,353.17368024,15.3180288
2391,5448,357.476298,15.89190624
2391,5449,361.95643128,16.27595424
2391,5450,366.52257912,16.46139456
2391,5451,371.0952192,16.46029728
2391,5452,375.66856032,16.39446048
2391,5453,380.39613024,18.21045888
2391,5454,386.03358912,22.15188864
2391,5455,392.19265224,20.9361024
2391,5456,397.2362388,16.3659312
2391,5457,401.83439064,16.67975328
2391,5458,406.1693172,14.7254976
2391,5459,410.05548672,12.95558496
2391,5460,413.78142288,13.83340896
2391,5461,417.83852424,15.81070752
2391,5462,422.43646272,17.56525824
2391,5463,427.47456288,18.20716704
2391,5464,432.34581552,15.91165728
2391,5465,436.50264744,14.88240864
2391,5466,440.455812,13.77305856
2391,5467,444.43656096,14.63332608
2391,5468,448.76383704,16.96724064
2391,5469,453.45922008,16.55027424
2391,5470,458.44919232,19.76969376
2391,5471,463.88734248,18.9994032
2391,5472,469.70024424,23.4159552
2391,5473,476.30967984,22.48655904
2391,5474,481.94082936,19.174968
2391,5475,486.83076624,15.74706528
2391,5476,492.3506028,23.372064
2391,5477,497.35974696,13.53824064
2391,5478,499.5918888,12.9588768
2392,5377,207.3050718,1.2797028
2392,5378,207.62485272,1.27942848
2392,5379,207.97613472,1.08411264
2392,5380,208.1079912,0.0109728
2392,5381,208.1079912,0
2392,5382,208.1079912,0
2392,5383,208.1079912,0
2392,5384,208.1079912,0
2392,5385,208.1079912,0
2392,5386,208.1079912,0
2392,5387,208.118964,0.4005072
2392,5388,208.69665144,3.26660256
2392,5389,209.650584,4.62393792
2392,5390,212.00077488,11.37001536
2392,5391,215.18279544,11.41610112
2392,5392,217.2466064,11.4775488
2399,5287,19.5059808,5.6948832
2399,5288,20.5613508,5.3602128
2399,5289,21.81764496,4.73805504
2399,5290,23.27434512,5.34814272
2399,5291,24.76021464,5.35033728
2399,5292,26.2461756,5.34704544
2399,5293,27.76404912,5.705856
2399,5294,29.39329656,5.89788
2399,5295,31.0313832,5.90007456
2399,5296,32.66843352,5.87154528
2399,5297,34.3390728,6.34008384
2399,5298,36.15641232,6.58368
2399,5299,37.9852428,6.58368
2399,5300,39.81401232,6.58697184
2399,5301,41.5308288,5.33058624
2399,5302,42.85820232,4.66344
2399,5303,44.15372424,4.67221824
2399,5304,45.45369624,4.67221824
2399,5305,46.75729536,4.7512224
2399,5306,48.08847888,4.8006
2399,5307,49.42197888,4.8006
2399,5308,50.75550936,4.8060864
2399,5309,51.8943336,3.6649152
2399,5310,53.23627656,5.7113424
2399,5311,54.82105368,5.705856
2399,5312,56.4059832,5.705856
2399,5313,57.9909432,5.705856
2399,5314,59.59352064,6.07563936
2399,5315,61.41107352,6.77131488
2399,5316,63.29193336,6.77350944
2399,5317,65.00259288,4.58443584
2399,5318,66.20414496,5.08369824
2399,5319,67.6279572,5.12210304
2399,5320,68.88513528,2.633472
2399,5321,69.4116468,2.37890304
2399,5322,70.12225752,2.5566624
2399,5323,70.76364816,1.9037808
2399,5324,71.77652904,5.431536
2399,5325,73.3022664,5.4864
2399,5326,74.77067088,5.30315424
2399,5327,76.84763904,9.56937888
2399,5328,79.54307688,9.62095104
2399,5329,82.20660216,9.84150432
2399,5330,85.04953272,10.42525728
2399,5331,87.9444012,10.42416
2399,5332,90.74831736,8.57195136
2399,5333,92.48253792,5.11442208
2399,5334,93.87568728,4.9487328
2399,5335,95.32821168,6.14147616
2399,5336,97.39271352,8.0485488
2399,5337,99.62787288,8.04415968
2399,5338,101.781864,6.69231072
2399,5339,103.356156,5.42934144
2399,5340,104.8746696,5.48420544
2399,5341,106.47468672,6.03833184
2399,5342,108.10640304,6.43664448
2399,5343,110.5276428,10.29029184
2399,5344,113.4819168,11.04083136
2399,5345,116.60620824,11.4556032
2399,5346,119.75991288,11.09679264
2399,5347,122.81586816,10.9728
2399,5348,125.89590264,11.33599968
2399,5349,128.9561556,10.98487008
2399,5350,132.24293592,12.4047504
2399,5351,135.53498928,10.69628544
2399,5352,138.32881656,9.87552
2399,5353,141.07174224,9.87661728
2399,5354,143.79171648,9.8316288
2399,5355,146.6275452,11.11434912
2399,5356,150.34650144,15.05248704
2399,5357,154.51138008,14.2317216
2399,5358,157.997652,11.29759488
2399,5359,161.059368,10.9728
2399,5360,164.01568416,9.9248976
2399,5361,166.82773848,10.70616096
2399,5362,169.62010272,7.708392
2399,5363,170.72893464,4.01385024
2399,5364,172.88292576,9.04926816
2399,5365,175.5324912,10.84332096
2399,5366,179.1129768,12.3279408
2399,5367,181.836822,9.05694912
2399,5368,184.08773952,6.5123568
2399,5369,185.69120088,5.6729376
2399,5370,187.26662064,5.69049408
2399,5371,189.02738928,7.39347264
2399,5372,191.2188708,7.94320992
2399,5373,192.80270304,2.04313536
2399,5374,192.8932896,0
2399,5375,192.8932896,0
2399,5376,192.8932896,0
2399,5377,192.8932896,0
2399,5378,192.92337336,0.31601664
2399,5379,193.0658064,0.54864
2399,5380,193.2182064,0.54864
2399,5381,193.3706064,0.54864
2399,5382,193.5230064,0.54864
2399,5383,193.6754064,0.54864
2399,5384,193.80640944,0.34344864
2399,5385,193.8849564,0.27432
2399,5386,193.9611564,0.27432
2399,5387,194.0373564,0.27432
2399,5388,194.1135564,0.27432
2399,5389,194.18969544,0.27322272
2399,5390,194.3014656,0.61886592
2399,5391,194.50092672,0.7351776
2399,5392,194.70355776,0.73408032
2399,5393,195.52868184,6.91066944
2399,5394,198.046848,9.5134176
2399,5395,200.68806192,9.49037472
2399,5396,203.32061952,9.56060064
2399,5397,205.9288236,8.668512
2399,5398,207.97954848,6.5781936
2399,5399,209.7872868,6.14037888
2399,5400,211.33813968,5.31522432
2399,5401,212.81507856,5.32071072
2399,5402,214.28061792,5.24938752
2399,5403,215.75005872,5.31851616
2399,5404,217.22702808,5.31741888
2399,5405,218.70393648,5.31741888
2399,5406,220.18090584,5.31961344
2399,5407,221.64671952,5.28230592
2399,5408,223.50593856,8.47868256
2399,5409,225.9989892,9.05256
2399,5410,228.51368064,9.05256
2399,5411,231.02898168,9.04597632
2399,5412,233.40572064,7.8949296
2399,5413,235.54313064,7.68973824
2399,5414,237.81474408,8.83749312
2399,5415,240.31306776,8.92198368
2399,5416,242.42042448,5.90117184
2399,5417,243.94671048,5.5302912
2399,5418,245.63356512,6.89421024
2399,5419,247.81925544,8.50721184
2399,5420,250.163076,7.95857184
2399,5421,252.08669928,6.30606816
2399,5422,253.84844328,6.58258272
2399,5423,255.81083712,7.242048
2399,5424,257.83690368,7.63816608
2399,5425,260.08541328,8.28665856
2399,5426,262.38138024,8.34920352
2399,5427,264.70880256,8.38102464
2399,5428,267.03616392,8.3832192
2399,5429,269.35913616,8.2076544
2399,5430,271.63885728,8.92747008
2399,5431,274.48407384,10.97718912
2399,5432,277.54396104,11.31515136
2399,5433,280.86594576,12.34549728
2399,5434,284.31841536,12.61652544
2399,5435,287.99213928,14.46324768
2399,5436,292.28146776,14.95263456
2399,5437,296.16172416,13.71929184
2399,5438,299.97157176,13.716
2399,5439,303.76300944,13.33304928
2399,5440,307.33206504,12.61762272
2399,5441,310.8621672,13.44936096
2399,5442,314.93036328,14.34803328
2399,5443,318.33059016,11.51814816
2399,5444,322.17646512,13.67540064
2399,5445,326.03261184,17.27886816
2399,5446,331.21692456,18.736056
2399,5447,336.14627208,16.64902944
2399,5448,340.71571176,16.349472
2399,5449,345.25022136,16.35166656
2399,5450,349.73812704,15.98627232
2399,5451,354.1774476,15.98517504
2399,5452,358.65919632,16.20353376
2399,5453,363.1647804,16.12672416
2399,5454,367.51738536,15.4935936
2399,5455,371.8428936,15.553944
2399,5456,376.2737712,16.14976704
2399,5457,380.61177624,16.09929216
2399,5458,385.51222872,18.40906656
2399,5459,390.62838816,18.35859168
2399,5460,395.64435984,17.30520288
2399,5461,400.26921216,16.46358912
2399,5462,404.5805472,14.80450176
2399,5463,408.94077216,16.0532064
2399,5464,413.31407304,15.79424832
2399,5465,417.73318536,15.75255168
2399,5466,421.89346152,14.10333984
2399,5467,425.7623184,13.9244832
2399,5468,429.58966152,13.71270816
2399,5469,433.39316928,13.49544672
2399,5470,437.03354808,12.9808224
2399,5471,440.7729564,14.14284192
2399,5472,444.94469304,15.99505056
2399,5473,449.38849416,14.54115456
2399,5474,452.99302848,14.2536672
2399,5475,458.43181872,23.58164448
2399,5476,465.05082504,22.88048256
2399,5477,470.0201928,9.51451488
2399,5478,473.7251892,22.5381312
2399,5479,479.09354016,12.31367616
2399,5480,482.90235144,17.80007616
2399,5481,486.94098192,10.72371744
2399,5482,489.82969344,10.37368512
2399,5483,492.46682304,7.62829056
2399,5484,494.40340032,6.53869152
2399,5485,495.98211192,6.41140704
2399,5486,498.27183048,11.45999232
2399,5487,501.550432,16.4244528
2400,5477,461.61301632,14.92739712
2400,5478,464.65562136,13.34402208
2400,5479,468.05188584,12.70321056
2400,5480,471.68366928,12.98740608
2400,5481,475.28524704,12.74380992
2400,5482,478.48729296,10.70286912
2400,5483,481.52355816,10.95304896
2400,5484,484.15172664,7.44943392
2400,5485,486.05316048,6.78996864
2400,5486,487.62577608,4.37595264
2400,5487,489.6060312,10.93768704
2400,5488,492.92021304,11.98010304
2400,5489,495.77951136,7.69303008
2400,5490,497.60160576,6.40043424
2400,5491,499.1718744,6.97713325714286
2404,5455,386.016627,15.1506936
2404,5456,389.1666588,17.6497488
2404,5457,394.54540344,19.45148256
2404,5458,399.72925896,17.77922784
2404,5459,404.13389328,15.15453408
2404,5460,408.32955672,14.39411904
2404,5461,412.335726,14.4511776
2404,5462,416.35975656,14.4895824
2404,5463,420.211758,13.06531296
2404,5464,423.74381088,13.44168
2404,5465,427.99281432,16.28692704
2404,5466,432.5156196,16.2836352
2404,5467,437.0551584,16.6183056
2404,5468,441.78525816,17.24704704
2404,5469,446.57506824,17.08903872
2404,5470,451.254876,16.73242272
2404,5471,455.74851192,14.33376864
2404,5472,460.1850588,22.21553088
2404,5473,467.29357392,24.5845584
2404,5474,473.45858064,20.43684
2404,5475,478.9412316,18.79092
2404,5476,483.84829824,16.95187872
2404,5477,488.4918348,17.0023536
2404,5478,492.8459028,11.1319056
2404,5479,496.19949528,17.46540576
2404,5480,499.576344,19.0158624
2412,5291,20.1200221714286,6.12438994285714
2412,5292,21.81420072,7.55916192
2412,5293,23.44652664,4.28926752
2412,5294,24.57035472,4.47909696
2412,5295,26.15790552,7.6480416
2412,5296,28.2781248,6.07125024
2412,5297,29.8146216,5.4864
2412,5298,31.3386216,5.4864
2412,5299,32.83208064,4.81486464
2412,5300,33.96679008,3.56396544
2412,5301,34.92578232,3.56945184
2412,5302,35.97612312,4.4823888
2412,5303,37.34949096,4.93117632
2412,5304,38.79726048,5.48859456
2412,5305,40.32119952,5.48749728
2412,5306,41.61711768,2.4853392
2412,5307,41.80947696,0.60789312
2412,5308,42.26109912,2.21979744
2412,5309,42.88807272,2.2603968
2412,5310,43.51559496,2.2603968
2412,5311,44.14314768,2.2603968
2412,5312,44.77167576,2.29550976
2412,5313,45.6937872,4.70513664
2412,5314,47.1173556,5.157216
2412,5315,48.55000704,5.157216
2412,5316,49.98256704,5.157216
2412,5317,51.41530992,5.15282688
2412,5318,52.79267064,4.69526112
2412,5319,54.074568,4.608576
2412,5320,55.354728,4.608576
2412,5321,56.634888,4.608576
2412,5322,57.91513944,4.60747872
2412,5323,59.1732624,4.42313568
2412,5324,60.39301104,4.38912
2412,5325,61.61202816,4.38912
2412,5326,62.83189872,4.39350912
2412,5327,64.0538724,4.26732192
2412,5328,65.22409104,5.5083456
2412,5329,67.19892072,7.4944224
2412,5330,69.28356984,7.38249984
2412,5331,71.37620472,9.09315936
2412,5332,74.36955408,11.17689408
2412,5333,77.48692656,11.35245888
2412,5334,80.85130896,13.0905504
2412,5335,84.5807808,13.27269888
2412,5336,87.39521256,6.38836416
2412,5337,88.9357632,5.4864
2412,5338,90.43047192,4.9871376
2412,5339,91.73532072,4.5756576
2412,5340,92.93053296,4.6195488
2412,5341,94.37586408,5.40081216
2412,5342,95.79098952,4.9322736
2412,5343,97.36070952,6.03942912
2412,5344,99.05021592,6.02187264
2412,5345,100.79464728,7.88615136
2412,5346,103.56899784,11.00462112
2412,5347,106.74757416,12.56824512
2412,5348,110.532672,14.18014944
2412,5349,114.69160704,15.83045856
2412,5350,118.93353912,13.58213184
2412,5351,122.22909768,10.97060544
2412,5352,125.43346008,13.28367168
2412,5353,129.44691408,13.95081792
2412,5354,133.52666208,15.04480608
2412,5355,137.02826544,10.28809728
2412,5356,139.5482604,8.89235712
2412,5357,142.06066584,9.48159648
2412,5358,144.9296568,10.68860448
2412,5359,147.99813936,11.52253728
2412,5360,151.15403856,10.9728
2412,5361,154.20148992,10.9728
2412,5362,157.25034336,10.83893184
2412,5363,159.95870472,8.73654336
2412,5364,162.03704448,5.93409024
2412,5365,163.55970336,5.40300672
2412,5366,165.19669272,6.57599904
2412,5367,167.24397336,8.00356032
2412,5368,169.68892656,9.83272608
2412,5369,172.54273848,10.42525728
2412,5370,175.49984712,10.8850176
2412,5371,178.3843524,8.51928192
2412,5372,180.14192064,5.48420544
2412,5373,181.67585712,5.57637696
2412,5374,183.2146704,5.4864
2412,5375,184.7386704,5.4864
2412,5376,186.2424012,4.62064608
2412,5377,186.8094816,0.0603504
2412,5378,186.8094816,0
2412,5379,186.8137488,0.2084832
2412,5380,186.9516708,0.29407104
2412,5381,186.9600528,0
2412,5382,187.18563528,1.03254048
2412,5383,187.267596,0
2412,5384,187.267596,0
2412,5385,187.267596,0
2412,5386,187.267596,0
2412,5387,187.267596,0
2412,5388,187.267596,0
2412,5389,187.267596,0
2412,5390,187.267596,0
2412,5391,187.267596,0
2412,5392,187.267596,0
2412,5393,187.27271664,0.25895808
2412,5394,188.09476224,5.32071072
2412,5395,189.6233952,5.4864
2412,5396,191.14742568,5.4864
2412,5397,192.68581224,5.89568544
2412,5398,194.5494204,7.45162848
2412,5399,196.89132072,9.4201488
2412,5400,199.757538,10.9728
2412,5401,202.62847968,8.46112608
2412,5402,204.394308,5.28559776
2412,5403,205.38335352,2.43705888
2412,5404,206.5250124,5.431536
2412,5405,208.09988352,6.0734448
2412,5406,209.85900624,6.3751968
2412,5407,211.63032096,6.3751968
2412,5408,213.4017576,6.36312672
2412,5409,215.15960016,6.33569472
2412,5410,216.9295128,6.3751968
2412,5411,218.70094944,6.37190496
2412,5412,220.6122588,7.93772352
2412,5413,223.07007456,9.47611008
2412,5414,225.81985824,10.05876576
2412,5415,228.613716,10.06315488
2412,5416,231.32244312,9.10632672
2412,5417,233.73459984,8.5917024
2412,5418,236.12228112,8.59060512
2412,5419,238.6230432,9.96549696
2412,5420,241.53976584,9.52768224
2412,5421,243.49249752,5.48420544
2412,5422,245.0159184,5.4864
2412,5423,246.5399184,5.4864
2412,5424,248.0639184,5.4864
2412,5425,249.5879184,5.4864
2412,5426,251.1119184,5.4864
2412,5427,252.63570504,5.47981632
2412,5428,254.31149544,6.59245824
2412,5429,256.312416,8.61584256
2412,5430,259.04735592,10.26834624
2412,5431,261.89903424,10.2705408
2412,5432,264.7178856,9.62972928
2412,5433,267.44008488,10.6600752
2412,5434,270.44620536,10.69409088
2412,5435,273.4555872,10.9728
2412,5436,276.50303856,10.97170272
2412,5437,279.78235128,13.34950848
2412,5438,283.81704984,15.45299424
2412,5439,288.31495296,16.45261632
2412,5440,292.8577836,16.33520736
2412,5441,297.42289512,16.4592
2412,5442,301.9949256,16.4592
2412,5443,306.5669256,16.4592
2412,5444,311.11368816,16.30777536
2412,5445,315.66980808,16.32533184
2412,5446,319.8406608,13.61395296
2412,5447,323.99045184,17.01222912
2412,5448,328.870818,17.61353856
2412,5449,333.69619824,16.86190176
2412,5450,338.28724824,16.45481088
2412,5451,342.83657112,16.18817184
2412,5452,347.14622976,14.60369952
2412,5453,351.0476088,13.8367008
2412,5454,354.88894224,13.82463072
2412,5455,358.87475088,14.48299872
2412,5456,362.36312592,10.96402176
2412,5457,365.40027504,11.01449664
2412,5458,368.97451224,15.35972544
2412,5459,373.45174992,16.06527648
2412,5460,378.0132648,17.46540576
2412,5461,383.04609192,18.06232608
2412,5462,388.02752976,18.29385216
2412,5463,393.21610968,18.70533216
2412,5464,398.269968,17.13622176
2412,5465,402.57529848,14.37765984
2412,5466,406.49121648,13.63589856
2412,5467,409.95270816,11.24602272
2412,5468,413.0046096,10.9728
2412,5469,416.12320128,11.57959584
2412,5470,419.45390328,12.84585696
2412,5471,422.9837616,11.64652992
2412,5472,426.37844112,13.45923648
2412,5473,430.18834968,14.1658848
2412,5474,434.40708648,15.54516576
2412,5475,438.70385208,15.68781216
2412,5476,443.03399328,15.63294816
2412,5477,447.5344872,16.6402512
2412,5478,452.11139448,15.52431744
2412,5479,456.5678448,17.56964736
2412,5480,461.52934872,17.16914016
2412,5481,465.56072496,12.54520224
2412,5482,469.0526052,11.90987712
2412,5483,471.53267136,6.57380448
2412,5484,473.07883032,2.962656
2412,5485,473.2748472,0
2412,5486,473.85034008,6.70108896
2412,5487,476.79166008,11.64652992
2412,5488,480.02689872,11.65201632
2412,5489,482.88250896,7.61073408
2412,5490,484.683816,7.22997792
2412,5491,486.97935624,8.91430272
2412,5492,489.40763688,7.98490656
2412,5493,492.09021216,11.99765952
2412,5494,495.4985772,11.90768256
2412,5495,497.74050312,4.3232832
2412,5496,498.91398312,3.84816096
2412,5497,499.56890688,2.65322304
2413,5493,484.5587718,10.9947456
2413,5494,487.302048,10.52401248
2413,5495,489.18321264,3.89095488
2413,5496,490.4928468,4.84229664
2413,5497,491.5188036,2.5950672
2413,5498,491.95399704,0.62874144
2413,5499,492.05138064,0.00877824
2413,5500,492.13078104,0.63971424
2413,5501,492.35057232,0.6803136
2413,5502,492.9624888,3.55408992
2413,5503,493.75463352,1.71395136
2413,5504,494.59746648,3.97544544
2413,5505,495.1088904,0.0219456
2413,5506,495.13513368,0.45646848
2413,5507,495.26756928,0.07790688
2413,5508,495.267996,0
2413,5509,495.267996,0
2413,5510,495.267996,0
2413,5511,495.267996,0
2413,5512,495.267996,0
2413,5513,495.33425952,1.59434784
2413,5514,497.01657264,9.4311216
2413,5515,499.6994832,9.61875648
2413,5516,501.168924,9.5682816
2423,5299,21.10758288,7.44285024
2423,5300,23.11996392,6.99735456
2423,5301,24.92361792,5.7552336
2423,5302,26.27903304,4.52408544
2423,5303,27.61957392,4.9322736
2423,5304,29.05271304,5.4918864
2423,5305,30.54757416,4.97945664
2423,5306,31.9482216,5.40520128
2423,5307,33.19235424,3.08664864
2423,5308,33.59941464,0.15581376
2423,5309,33.6005424,0
2423,5310,33.90912192,2.5292304
2423,5311,34.76216568,3.1053024
2423,5312,35.62538976,3.11298336
2423,5313,36.58109016,3.87998208
2423,5314,37.6958352,4.02592032
2423,5315,38.81286624,4.03579584
2423,5316,40.11445368,5.56650144
2423,5317,41.73452664,5.84959968
2423,5318,43.36045176,5.84191872
2423,5319,44.85226488,4.7292768
2423,5320,46.10852856,4.498848
2423,5321,47.35820856,4.498848
2423,5322,48.60785808,4.498848
2423,5323,49.85769048,4.49555616
2423,5324,51.06326592,4.12906464
2423,5325,52.19221464,4.059936
2423,5326,53.31994416,4.059936
2423,5327,54.4476432,4.059936
2423,5328,55.57613472,4.0379904
2423,5329,56.61952608,3.621024
2423,5330,57.75633864,5.55882048
2423,5331,59.90505672,8.7892128
2423,5332,62.3439444,8.78262912
2423,5333,64.69145304,7.94540448
2423,5334,67.28127768,10.93000608
2423,5335,70.3307712,10.9728
2423,5336,73.1803464,8.2954368
2423,5337,75.24573216,7.87408128
2423,5338,77.45373384,8.06281344
2423,5339,79.68800928,7.92016704
2423,5340,81.88570872,7.9113888
2423,5341,84.17378136,9.74494368
2423,5342,87.52203984,13.1728464
2423,5343,91.01501736,10.47573216
2423,5344,93.24865272,6.5123568
2423,5345,94.90798392,6.03284544
2423,5346,96.66351,7.3956672
2423,5347,98.89772448,8.10231552
2423,5348,101.36178864,9.97866432
2423,5349,104.3610816,11.11105728
2423,5350,107.45730096,11.1483648
2423,5351,110.54291328,11.23285536
2423,5352,113.97770448,13.4032752
2423,5353,117.77862144,13.56457536
2423,5354,121.52671656,13.10591232
2423,5355,125.0880912,13.25075328
2423,5356,128.35012176,9.8261424
2423,5357,130.68537744,6.97979808
2423,5358,132.73021968,7.97064192
2423,5359,134.83538184,7.38359712
2423,5360,137.30252448,10.6271568
2423,5361,140.34814704,10.9728
2423,5362,143.39617752,10.97499456
2423,5363,146.3366136,10.09168416
2423,5364,149.07079152,9.9523296
2423,5365,151.69627776,9.25116768
2423,5366,154.51061808,10.70067456
2423,5367,157.49528064,9.97537248
2423,5368,160.17477744,9.2281248
2423,5369,162.42941352,7.77093696
2423,5370,164.89637328,9.56169792
2423,5371,167.4126192,8.88357888
2423,5372,169.77043008,7.10927712
2423,5373,171.30646968,4.93666272
2423,5374,172.64228616,4.72049856
2423,5375,174.066708,5.49078912
2423,5376,175.59165288,5.35911552
2423,5377,176.59362192,1.63275264
2423,5378,176.96569128,1.4045184
2423,5379,177.35525616,1.40232384
2423,5380,177.74451624,1.4045184
2423,5381,178.13408112,1.4045184
2423,5382,178.5254748,1.41768576
2423,5383,178.91671608,1.40342112
2423,5384,179.30612856,1.4045184
2423,5385,179.695602,1.40671296
2423,5386,180.00774768,0.49048416
2423,5387,180.0325584,0
2423,5388,180.0325584,0
2423,5389,180.09162864,0.850392
2423,5390,180.38676648,0.40270176
2423,5391,180.3998424,0
2423,5392,180.3998424,0
2423,5393,180.3998424,0
2423,5394,180.47323824,1.03254048
2423,5395,181.25508072,4.66014816
2423,5396,182.8646076,7.40444544
2423,5397,185.57638272,10.98267552
2423,5398,188.3406444,8.21094624
2423,5399,190.22991672,5.80241664
2423,5400,191.75702568,5.4864
2423,5401,193.28108664,5.48420544
2423,5402,195.01673976,7.63377696
2423,5403,196.94030208,5.5357776
2423,5404,198.44830008,4.93995456
2423,5405,199.59206208,3.84048
2423,5406,200.59720104,3.14809632
2423,5407,201.18259992,1.71395136
2423,5408,202.26418272,5.43921696
2423,5409,203.7834888,5.4864
2423,5410,205.3074888,5.4864
2423,5411,206.8314888,5.4864
2423,5412,208.3554888,5.48201088
2423,5413,210.09144672,8.11548288
2423,5414,212.77399152,10.1059488
2423,5415,215.58025464,10.1059488
2423,5416,218.3786844,9.9248976
2423,5417,221.22676608,10.83234816
2423,5418,224.24526144,10.8466128
2423,5419,227.2860072,10.9728
2423,5420,230.3340072,10.9728
2423,5421,233.37722184,10.50535872
2423,5422,235.59327024,5.67952128
2423,5423,237.1158072,5.4864
2423,5424,238.59503208,4.80389184
2423,5425,239.79603552,4.471416
2423,5426,241.20491256,5.44580064
2423,5427,242.7283944,5.4864
2423,5428,244.2523944,5.4864
2423,5429,245.7763944,5.4864
2423,5430,247.30033344,5.4864
2423,5431,248.91961392,7.2639936
2423,5432,251.50590288,10.56790368
2423,5433,254.53915056,10.94865984
2423,5434,257.61641136,11.37989088
2423,5435,260.82433992,11.5653312
2423,5436,264.03348768,11.4226848
2423,5437,267.13690032,11.54119104
2423,5438,270.96793152,15.88093344
2423,5439,275.507196,16.4592
2423,5440,280.079196,16.4592
2423,5441,284.65061688,16.3988496
2423,5442,289.18847928,16.39226592
2423,5443,293.7598392,16.4592
2423,5444,298.3318392,16.4592
2423,5445,302.90390016,16.4592
2423,5446,307.47623544,16.45151904
2423,5447,311.98252056,15.50346912
2423,5448,316.04846112,14.53237632
2423,5449,320.25006816,15.9709104
2423,5450,325.05008904,18.23240448
2423,5451,330.15823224,18.38053728
2423,5452,334.80722472,13.22880768
2423,5453,337.74991632,10.27383264
2423,5454,341.01874392,12.58909344
2423,5455,344.44798776,12.78770112
2423,5456,348.25347672,14.22952704
2423,5457,352.23285408,14.3524224
2423,5458,356.23661544,14.87582496
2423,5459,360.60482616,16.22657664
2423,5460,365.01570888,14.94934272
2423,5461,369.14328,15.36411456
2423,5462,373.53294864,16.32313728
2423,5463,378.10534488,16.45481088
2423,5464,382.89506352,18.5604912
2423,5465,388.23714072,19.34285184
2423,5466,393.59424456,19.17277344
2423,5467,398.35933536,13.66442784
2423,5468,401.56863552,11.24712
2423,5469,404.82380808,12.11177664
2423,5470,408.513534,14.18124672
2423,5471,412.19698104,12.56275872
2423,5472,415.86646824,13.59310464
2423,5473,419.62142136,13.71161088
2423,5474,423.34156632,13.0302
2423,5475,427.2771744,15.77998368
2423,5476,431.74974864,15.63404544
2423,5477,435.96065208,14.86046304
2423,5478,440.0728308,14.8187664
2423,5479,444.18628968,14.85826848
2423,5480,448.35558792,14.62564512
2423,5481,451.88587296,10.5174288
2423,5482,454.52495328,9.78444576
2423,5483,457.26288024,9.51451488
2423,5484,459.56658912,7.24095072
2423,5485,461.58719976,6.74936928
2423,5486,463.51798584,6.99516
2423,5487,465.19786056,5.7552336
2423,5488,466.7618808,5.01237504
2423,5489,468.14786736,7.00723008
2423,5490,470.87722944,10.80491616
2423,5491,473.86871952,10.7643168
2423,5492,476.85981336,10.77199776
2423,5493,479.41659768,6.4520064
2423,5494,480.82736448,4.88618784
2423,5495,482.18479128,4.88509056
2423,5496,483.5421876,4.88509056
2423,5497,484.90062024,4.86863136
2423,5498,486.02649048,2.47546368
2423,5499,486.2693856,0
2423,5500,486.2693856,0
2423,5501,486.2693856,0
2423,5502,486.2693856,0
2423,5503,486.38310648,1.09289088
2423,5504,486.79275768,1.5252192
2423,5505,487.21752696,1.5252192
2423,5506,487.6422048,1.5252192
2423,5507,488.06691312,1.5252192
2423,5508,488.49079848,1.426464
2423,5509,488.80696752,0.64849248
2423,5510,488.8592712,0
2423,5511,488.8592712,0
2423,5512,488.8592712,0
2423,5513,488.8592712,0
2423,5514,488.93885448,2.0135088
2423,5515,490.62653208,8.59279968
2423,5516,493.0144572,8.5917024
2423,5517,495.36403848,7.49661696
2423,5518,496.87011624,4.17624768
2423,5519,498.03600672,4.41764928
2423,5520,499.3062912,4.6366176
2429,5306,19.4838828,6.6467736
2429,5307,21.16717128,6.6440304
2429,5308,22.9980744,6.58368
2429,5309,24.81169536,6.33788928
2429,5310,26.5108944,6.03504
2429,5311,28.00621272,3.53104704
2429,5312,28.37614848,0.16349472
2429,5313,28.40528736,0.438912
2429,5314,28.53116976,0.14374368
2429,5315,28.85840304,2.3152608
2429,5316,29.89575936,6.19853472
2429,5317,32.03134056,7.9443072
2429,5318,33.92954352,4.61186784
2429,5319,35.06230224,4.80279456
2429,5320,36.45020904,4.9322736
2429,5321,37.83753672,4.94434368
2429,5322,39.25558824,5.43482784
2429,5323,40.45738416,3.84377184
2429,5324,41.64656136,4.03140672
2429,5325,42.7312836,3.90521952
2429,5326,43.81533528,3.9063168
2429,5327,44.90246544,3.92387328
2429,5328,45.98840688,3.90521952
2429,5329,47.07251952,3.9063168
2429,5330,48.15666264,3.90521952
2429,5331,49.24062288,3.9063168
2429,5332,50.32479648,3.9063168
2429,5333,51.40546488,4.2684192
2429,5334,53.26995696,8.91869184
2429,5335,55.78656864,9.05256
2429,5336,58.3012296,9.05256
2429,5337,60.79824264,8.3283552
2429,5338,63.04919064,9.19081728
2429,5339,65.82238296,10.06096032
2429,5340,68.59520952,9.21824928
2429,5341,70.94713776,9.07121376
2429,5342,73.67296416,9.8864928
2429,5343,76.418694,9.92380032
2429,5344,79.20484032,10.00938816
2429,5345,81.9550812,9.8864928
2429,5346,84.70068912,9.76688928
2429,5347,87.22303104,8.45893152
2429,5348,89.55941448,8.4161376
2429,5349,91.89930312,8.8001856
2429,5350,94.92118176,12.8546352
2429,5351,98.57149704,13.16736
2429,5352,102.22510416,12.87987264
2429,5353,105.42629664,10.32869664
2429,5354,108.27005016,10.2376224
2429,5355,111.11581536,10.54924992
2429,5356,114.78277272,15.6252672
2429,5357,118.84895712,13.32866016
2429,5358,122.35991784,11.65421088
2429,5359,125.39737176,10.55912544
2429,5360,128.12173512,9.05365728
2429,5361,130.6202112,9.17545536
2429,5362,133.30391424,9.74604096
2429,5363,135.93153408,9.84699072
2429,5364,138.7915944,10.42416
2429,5365,141.68695056,10.42745184
2429,5366,144.30643224,7.24095072
2429,5367,145.97457216,5.9911488
2429,5368,147.57190704,5.48420544
2429,5369,149.095968,5.4864
2429,5370,150.61832208,5.5357776
2429,5371,152.69760672,10.1004624
2429,5372,155.725368,10.9728
2429,5373,158.773368,10.9728
2429,5374,161.82078888,10.93329792
2429,5375,164.84809296,10.93658976
2429,5376,167.84622768,9.60339456
2429,5377,169.80136728,5.48420544
2429,5378,171.2921136,4.57346304
2429,5379,171.99230016,0.87562944
2429,5380,172.1656704,0.29407104
2429,5381,172.1739,0
2429,5382,172.1739,0
2429,5383,172.1739,0
2429,5384,172.1739,0
2429,5385,172.1739,0
2429,5386,172.1739,0
2429,5387,172.1739,0
2429,5388,172.1739,0
2429,5389,172.17853296,0.2084832
2429,5390,172.31816184,0.2962656
2429,5391,172.3266048,0
2429,5392,172.3266048,0
2429,5393,172.3266048,0
2429,5394,172.3266048,0
2429,5395,172.43224848,1.34526528
2429,5396,173.45564496,5.43592512
2429,5397,174.98010216,5.52590208
2429,5398,176.62730232,6.03284544
2429,5399,178.42614048,7.296912
2429,5400,180.85713384,10.50755328
2429,5401,183.81235272,9.73397088
2429,5402,185.95369464,5.90117184
2429,5403,187.48333344,5.513832
2429,5404,189.01385616,5.48749728
2429,5405,190.5377952,5.4864
2429,5406,192.0617952,5.4864
2429,5407,193.55665632,4.97835936
2429,5408,194.80273968,2.99337984
2429,5409,195.0470064,0
2429,5410,195.0470064,0
2429,5411,195.06684888,0.78784704
2429,5412,196.0225188,5.43263328
2429,5413,197.78011752,8.50611456
2429,5414,200.57921784,9.24787584
2429,5415,202.77158328,7.70729472
2429,5416,204.9455388,7.8345792
2429,5417,207.12110976,7.8345792
2429,5418,209.29661976,7.8345792
2429,5419,211.47219072,7.8345792
2429,5420,213.93857136,14.54664096
2429,5421,219.5980368,17.20425312
2429,5422,222.74171352,9.98085888
2429,5423,225.599244,10.42416
2429,5424,228.49542312,10.41538176
2429,5425,231.22557768,9.0361008
2429,5426,233.67092712,8.7069168
2429,5427,235.30913568,1.80831744
2429,5428,235.3821048,0
2429,5429,235.61472816,2.86280352
2429,5430,236.96468736,5.48859456
2429,5431,238.51572312,6.1667136
2429,5432,240.83872584,10.47134304
2429,5433,243.87279648,10.9728
2429,5434,246.9206136,10.9728
2429,5435,249.9686136,10.9728
2429,5436,253.01667456,10.97170272
2429,5437,256.2413976,13.37913504
2429,5438,260.43291576,15.6691584
2429,5439,264.79856616,15.98627232
2429,5440,269.31161784,16.24084128
2429,5441,274.21161312,19.36260288
2429,5442,279.68527248,18.44198496
2429,5443,284.34923064,16.43286528
2429,5444,288.888678,16.35605568
2429,5445,293.4573252,16.4592
2429,5446,298.03103208,16.40762784
2429,5447,302.04771696,11.84733216
2429,5448,305.1160776,10.9728
2429,5449,308.1640776,10.9728
2429,5450,311.2802004,12.3334272
2429,5451,315.3616248,16.32533184
2429,5452,319.93432584,16.4701728
2429,5453,324.55158864,16.79277312
2429,5454,329.22459936,16.82349696
2429,5455,333.8608512,16.50967488
2429,5456,338.42891928,16.19146368
2429,5457,342.83623584,15.77998368
2429,5458,346.95152352,14.12309088
2429,5459,350.85534096,13.71270816
2429,5460,354.6654324,13.71161088
2429,5461,358.68342792,15.60441888
2429,5462,363.0856848,15.4003248
2429,5463,367.21231104,15.2686512
2429,5464,371.709696,16.4592
2429,5465,376.281696,16.4592
2429,5466,380.77892856,14.84949024
2429,5467,384.46173552,12.70869696
2429,5468,388.05999096,13.50312768
2429,5469,391.9412532,14.209776
2429,5470,395.90356176,14.24159712
2429,5471,399.76193352,13.50532224
2429,5472,403.4956116,13.21234848
2429,5473,407.00574936,12.89742912
2429,5474,410.73464208,13.31329824
2429,5475,414.51038256,13.90034304
2429,5476,418.27929552,13.2551424
2429,5477,421.87980648,13.21783488
2429,5478,425.77447992,14.12967456
2429,5479,429.75769776,14.94605088
2429,5480,434.11859328,16.32972096
2429,5481,438.59641008,15.72511968
2429,5482,442.8427008,14.40289728
2429,5483,446.55446376,12.34110816
2429,5484,449.74358616,10.85100192
2429,5485,452.68466232,10.54705536
2429,5486,455.56267536,9.64618848
2429,5487,457.94365104,7.73143488
2429,5488,459.85197336,6.43664448
2429,5489,461.644746,5.85837792
2429,5490,462.93185544,3.37852512
2429,5491,463.48945656,0.9272016
2429,5492,463.71074136,0.55522368
2429,5493,463.85076648,0.43123104
2429,5494,464.04419256,1.41988032
2429,5495,464.9394816,5.02444512
2429,5496,466.88032608,8.55110304
2429,5497,469.46570064,9.74055456
2429,5498,472.15656648,9.6505776
2429,5499,474.83728248,9.65167488
2429,5500,477.45764808,8.0595216
2429,5501,478.76133864,2.1890736
2429,5502,479.1651072,0.78016608
2429,5503,479.2449648,0.00658368
2429,5504,479.24584872,0.06254496
2429,5505,479.42863728,1.12580928
2429,5506,479.78726496,1.94876928
2429,5507,480.28201632,1.9312128
2429,5508,481.2778284,3.04056288
2429,5509,481.6565424,0.5870448
2429,5510,481.7107968,0
2429,5511,481.71161976,0.06803136
2429,5512,481.79092872,0.20409408
2429,5513,481.83009552,0.15800832
2429,5514,481.89952896,0.88550496
2429,5515,482.54238264,3.16345824
2429,5516,483.59077272,5.67622944
2429,5517,485.77125096,8.6739984
2429,5518,488.1781956,8.668512
2429,5519,490.5768192,8.20326528
2429,5520,492.37242648,4.83132384
2429,5521,493.3085892,2.52813312
2429,5522,494.33686248,4.29694848
2429,5523,495.47931384,3.2040576
2429,5524,496.12244184,2.37780576
2429,5525,496.76983704,2.05630272
2429,5526,497.324634,1.26626112
2429,5527,497.73254784,2.09799936
2429,5528,498.16807656,1.75455072
2429,5529,499.123072533333,5.5949088
2430,5402,14.4487392,5.3108352
2430,5403,15.48051768,5.3108352
2430,5404,16.9543476,5.30425152
2430,5405,18.39144912,4.53835008
2430,5406,19.3831464,3.1053024
2430,5407,20.25310656,3.18430656
2430,5408,21.07393296,2.304288
2430,5409,21.6691464,2.37780576
2430,5410,22.33016616,2.3810976
2430,5411,22.99356336,2.44254528
2430,5412,23.69414616,2.55995424
2430,5413,24.40536648,2.55775968
2430,5414,25.12570032,2.75088096
2430,5415,25.9573776,3.10749696
2430,5416,26.6050776,3.1053024
2435,5310,20.5175104,2.2213824
2435,5311,20.85999384,0.61228224
2435,5312,21.17616288,1.6898112
2435,5313,21.61982976,1.75125888
2435,5314,22.0304868,1.09618272
2435,5315,22.47863424,2.0519136
2435,5316,23.09375112,2.19456
2435,5317,24.18182616,7.27716096
2435,5318,26.70346704,9.40698144
2435,5319,29.02345224,6.09319584
2435,5320,30.31333536,4.39131456
2435,5321,31.5324744,4.38912
2435,5322,32.75082096,4.361688
2435,5323,34.09846368,6.19304832
2435,5324,36.14065416,7.68425184
2435,5325,37.99947696,4.53066912
2435,5326,38.84166984,2.9242512
2435,5327,39.713154,2.65102848
2435,5328,40.273986,1.47803616
2435,5329,40.79418816,3.41692992
2435,5330,41.96276088,3.66052608
2435,5331,42.7325028,2.50838208
2435,5332,43.47161232,2.578608
2435,5333,44.1790836,2.99886624
2435,5334,45.41044512,5.48201088
2435,5335,46.94429016,5.9143392
2435,5336,48.95426328,8.2131408
2435,5337,51.25535088,8.91978912
2435,5338,54.31819464,12.58689888
2435,5339,57.82400424,12.5748288
2435,5340,61.28071056,12.3498864
2435,5341,64.65713256,11.05729056
2435,5342,67.58778456,11.35465344
2435,5343,70.74155016,8.98562592
2435,5344,72.03823032,1.8489168
2435,5345,72.2369904,0
2435,5346,72.36665232,1.68103296
2435,5347,73.1806512,3.29184
2435,5348,74.09270424,3.25453248
2435,5349,75.79830408,10.58216832
2435,5350,79.27326792,12.91388832
2435,5351,82.91148264,14.09126976
2435,5352,87.46973616,18.10512
2435,5353,92.93684232,21.46718592
2435,5354,98.90772192,21.37391712
2435,5355,104.95129632,21.26967552
2435,5356,109.91237352,13.8202416
2435,5357,113.54991768,13.2716016
2435,5358,116.2589496,7.6041504
2435,5359,119.96245248,16.12562688
2435,5360,122.76450936,5.7113424
2435,5361,124.39037352,6.58477728
2435,5362,126.3315228,7.05441312
2435,5363,128.32640832,8.41394304
2435,5364,131.18933376,11.4830352
2435,5365,134.25040968,8.65973376
2435,5366,136.00508232,5.48420544
2435,5367,137.46781752,5.03980704
2435,5368,139.03918344,6.27314976
2435,5369,140.77761024,6.30936
2435,5370,142.72464216,7.35287328
2435,5371,144.72800112,7.26618816
2435,5372,146.97644976,9.16667712
2435,5373,149.64088944,9.0086688
2435,5374,151.69097424,8.63778816
2435,5375,155.02246872,13.76757216
2435,5376,158.81698488,12.44425248
2435,5377,161.80899312,9.27421056
2435,5378,163.8572796,5.72121792
2435,5379,165.38088336,5.29327872
2435,5380,166.22210088,0.48609504
2435,5381,166.2312144,0
2435,5382,166.2312144,0
2435,5383,166.23630456,0.14923008
2435,5384,166.41412488,0.93488256
2435,5385,166.67430216,0.93378528
2435,5386,166.93441848,0.93488256
2435,5387,167.18063592,0.61118496
2435,5388,167.2373592,0
2435,5389,167.25287352,0.14923008
2435,5390,167.30752416,0.20519136
2435,5391,167.36397312,0.2084832
2435,5392,167.40759,0.05266944
2435,5393,167.4092664,0
2435,5394,167.4092664,0
2435,5395,167.4092664,0
2435,5396,167.80084296,3.34780128
2435,5397,168.94305048,4.18502592
2435,5398,170.17934976,4.83242112
2435,5399,172.05652152,9.59242176
2435,5400,174.99107496,10.14654816
2435,5401,177.72991632,9.98744256
2435,5402,180.19419384,7.04014848
2435,5403,181.93002984,6.89311296
2435,5404,183.8404248,5.9088528
2435,5405,185.43596136,5.62575456
2435,5406,186.88479768,5.12210304
2435,5407,188.11728696,3.24575424
2435,5408,188.92461072,2.87267904
2435,5409,189.45328632,0.50035968
2435,5410,189.466728,0
2435,5411,189.53838648,1.57679136
2435,5412,190.69016472,5.49298368
2435,5413,192.2140428,5.4864
2435,5414,193.7380428,5.4864
2435,5415,195.28249488,6.36532128
2435,5416,197.68355688,10.369296
2435,5417,200.67196848,10.94865984
2435,5418,203.7043932,10.63374048
2435,5419,206.37700152,9.64179936
2435,5420,209.2174632,8.9154
2435,5421,211.18543488,6.35654304
2435,5422,213.78059352,15.17867424
2435,5423,218.8803852,16.7225472
2435,5424,222.44023584,10.83344544
2435,5425,225.3615,9.05256
2435,5426,227.19660936,4.89716064
2435,5427,227.9440704,1.25199648
2435,5428,228.88547568,5.27901408
2435,5429,230.01500352,2.35805472
2435,5430,230.78879928,3.74940576
2435,5431,232.0847784,5.4479952
2435,5432,233.60993664,5.4864
2435,5433,235.13381472,5.4864
2435,5434,236.76483,7.40225088
2435,5435,239.56033368,11.69042112
2435,5436,242.85385008,11.87147232
2435,5437,246.13535736,11.79576
2435,5438,249.48056784,12.69991872
2435,5439,253.16864784,13.43948544
2435,5440,257.21617848,17.62451136
2435,5441,262.567674,17.4083472
2435,5442,267.2603748,19.34175456
2435,5443,273.128232,20.97889632
2435,5444,278.80510152,21.12373728
2435,5445,284.71349712,19.4822064
2435,5446,289.50827544,16.32313728
2435,5447,293.98868304,14.96031552
2435,5448,297.49525464,11.10008448
2435,5449,300.54291936,10.9728
2435,5450,303.59091936,10.9728
2435,5451,306.6390108,10.9728
2435,5452,309.71029752,11.40403104
2435,5453,313.39804224,15.59564064
2435,5454,317.949072,16.4592
2435,5455,322.54573032,16.86080448
2435,5456,327.32956632,17.3589696
2435,5457,332.13662808,17.04185568
2435,5458,336.76004784,16.45810272
2435,5459,341.29117416,15.37399008
2435,5460,344.98068672,11.64872448
2435,5461,348.17072352,11.78917632
2435,5462,351.48475296,11.9384064
2435,5463,354.8018304,11.9384064
2435,5464,358.09235976,11.49291072
2435,5465,361.12661328,10.74676032
2435,5466,364.2221316,11.52473184
2435,5467,367.36562544,11.23395264
2435,5468,370.64829096,11.78588448
2435,5469,374.4951108,18.31250592
2435,5470,379.83285984,16.9694352
2435,5471,383.63338056,8.40735936
2435,5472,385.64527392,13.17613824
2435,5473,390.85878648,19.95513408
2435,5474,395.68215504,13.23539136
2435,5475,398.82397248,10.96950816
2435,5476,402.07125072,12.07227456
2435,5477,405.29984472,11.98010304
2435,5478,408.70177848,11.6092224
2435,5479,411.7770276,11.0221776
2435,5480,415.1984076,13.7105136
2435,5481,419.34085296,16.19475552
2435,5482,423.83409264,15.8666688
2435,5483,428.2008708,15.53967936
2435,5484,432.27016416,13.82901984
2435,5485,435.86412192,11.55106656
2435,5486,438.76609224,9.0196416
2435,5487,441.0148152,7.93662624
2435,5488,443.2459512,8.30970144
2435,5489,445.30920336,6.27205248
2435,5490,447.09228336,6.40592064
2435,5491,448.64417256,4.71501216
2435,5492,449.86812744,3.92606784
2435,5493,450.8199264,3.11737248
2435,5494,451.41212232,1.74686976
2435,5495,451.97143032,1.19274336
2435,5496,452.029068,0
2435,5497,452.43097728,3.4893504
2435,5498,453.70751016,5.05955808
2435,5499,455.35318632,7.7797152
2435,5500,458.3852148,13.86632736
2435,5501,462.48029424,14.04737856
2435,5502,464.88818376,3.60237024
2435,5503,465.7712808,3.182112
2435,5504,466.6552008,3.182112
2435,5505,467.5389684,3.182112
2435,5506,468.421974,2.90559744
2435,5507,468.8134896,0.06144768
2435,5508,468.8134896,0
2435,5509,468.8134896,0
2435,5510,468.8134896,0
2435,5511,468.8134896,0
2435,5512,468.8134896,0
2435,5513,468.8134896,0
2435,5514,468.8134896,0
2435,5515,468.8134896,0
2435,5516,468.8134896,0
2435,5517,468.97799016,2.58848352
2435,5518,470.43907944,6.24023136
2435,5519,472.06186512,4.07749248
2435,5520,472.4451816,0
2435,5521,473.20581,7.87627584
2435,5522,476.31062472,11.88683424
2435,5523,479.61288888,11.8890288
2435,5524,482.54735088,7.22997792
2435,5525,483.51222576,1.71614592
2435,5526,484.1613888,2.52703584
2435,5527,484.81018608,2.11994496
2435,5528,485.13580392,0.50255424
2435,5529,485.22093456,0.78894432
2435,5530,485.76591696,1.72053504
2435,5531,486.2418012,1.68103296
2435,5532,486.58101312,2.38987584
2435,5533,487.99446216,7.0939152
2435,5534,490.26016248,8.62791264
2435,5535,492.65558568,8.22191904
2435,5536,494.48508672,5.73987168
2435,5537,496.483386,9.10632672
2435,5538,498.808204457143,9.36450102857143
2437,5471,393.5607572,15.59052
2437,5472,396.24646176,10.98487008
2437,5473,399.29339496,10.9728
2437,5474,402.35599488,11.55874752
2437,5475,406.07440248,14.88350592
2437,5476,410.25037584,15.03712512
2437,5477,414.43250616,15.10296192
2437,5478,418.41471816,13.41863712
2437,5479,422.09944536,12.56166144
2437,5480,425.75686248,14.88570048
2437,5481,430.01872848,15.31693152
2437,5482,434.20226088,14.8297392
2437,5483,438.31300704,14.42703744
2437,5484,441.27801,7.11695808
2437,5485,443.52862272,9.19410912
2437,5486,446.06891736,9.36638208
2437,5487,448.62503112,8.96368032
2437,5488,451.24716456,9.94464864
2437,5489,454.07363592,10.2376224
2437,5490,456.91961448,10.21348224
2437,5491,458.95174656,2.63676384
2437,5492,459.0751296,0
2437,5493,459.0751296,0
2437,5494,459.27925416,1.38367008
2437,5495,459.60950496,0.56180736
2437,5496,459.94950936,2.6115264
2437,5497,461.46345096,8.49404448
2437,5498,463.99956984,8.0869536
2437,5499,465.9838788,6.59026368
2437,5500,467.4301548,3.64077504
2437,5501,468.26448384,2.61042912
2437,5502,468.97616136,2.59945632
2437,5503,469.70972352,2.59945632
2437,5504,470.42137056,2.55775968
2437,5505,471.13249944,2.5566624
2437,5506,471.8436588,2.55885696
2437,5507,472.55472672,2.55885696
2437,5508,473.26591656,2.5566624
2437,5509,473.97701496,2.55995424
2437,5510,474.68811336,2.5566624
2437,5511,475.3993032,2.55995424
2437,5512,476.1104016,2.55775968
2437,5513,476.82153048,2.5566624
2437,5514,477.53268984,2.55995424
2437,5515,478.24372728,2.55775968
2437,5516,478.9549476,2.55775968
2437,5517,479.66601552,2.55775968
2437,5518,480.40219896,3.42790272
2437,5519,482.01190872,7.28264736
2437,5520,483.79800624,5.76181728
2437,5521,485.40366216,5.9417712
2437,5522,487.14678288,6.22486944
2437,5523,488.54697312,3.70770912
2437,5524,489.30391344,2.43925344
2437,5525,489.96837744,2.24174304
2437,5526,490.61211504,1.3825728
2437,5527,490.87406016,0.96999552
2437,5528,491.10634824,1.15653312
2437,5529,491.84195256,4.02921216
2437,5530,493.23821088,6.60891744
2437,5531,495.4903476,8.668512
2437,5532,497.8975056,8.668512
2437,5533,499.8216572,8.6538816
2444,5321,20.2343004,6.2435232
2444,5322,21.53119392,6.54088608
2444,5323,23.35840896,6.18536736
2444,5324,25.04529408,6.0295536
2444,5325,26.61446544,5.4864
2444,5326,28.1197812,4.75451424
2444,5327,29.13360696,2.9791152
2444,5328,30.0500796,3.85474464
2444,5329,31.1286144,3.84048
2444,5330,32.1954144,3.84048
2444,5331,33.25752048,3.80536704
2444,5332,34.34818632,4.1148
2444,5333,35.5134672,4.20367968
2444,5334,36.6816132,4.20038784
2444,5335,38.06394216,6.26766336
2444,5336,39.97125864,6.94797696
2444,5337,41.90204472,6.94907424
2444,5338,43.67835816,5.64770016
2444,5339,45.20196192,5.5028592
2444,5340,46.72596192,5.62136544
2444,5341,48.71981112,9.19410912
2444,5342,51.506628,9.95013504
2444,5343,53.94953904,7.96186368
2444,5344,56.1621432,7.9662528
2444,5345,58.37532648,7.96405824
2444,5346,60.5594928,7.72704576
2444,5347,62.69620176,7.5273408
2444,5348,64.57532424,7.12573632
2444,5349,66.91871808,8.6739984
2444,5350,69.44026752,10.9673136
2444,5351,72.98423808,13.06531296
2444,5352,76.73727096,15.53967936
2444,5353,81.54454608,17.60914944
2444,5354,86.61992328,19.18374624
2444,5355,92.01646824,19.28140416
2444,5356,96.94496232,15.7679136
2444,5357,101.15165952,15.02505504
2444,5358,104.85753984,11.13080832
2444,5359,107.76831888,10.42416
2444,5360,110.66580864,10.36161504
2444,5361,112.94869968,5.35692096
2444,5362,114.19213128,4.38912
2444,5363,115.4103864,4.40996832
2444,5364,116.98419072,7.37701344
2444,5365,119.14101648,7.72924032
2444,5366,121.8604116,12.30160608
2444,5367,125.26414368,11.25370368
2444,5368,127.8614664,7.2201024
2444,5369,129.57035808,5.87922624
2444,5370,131.7182532,9.99951264
2444,5371,134.5140312,9.54853056
2444,5372,137.14799088,9.0854784
2444,5373,139.62436896,9.9139248
2444,5374,142.63469568,10.9728
2444,5375,145.67333832,10.91574144
2444,5376,148.714968,10.9728
2444,5377,151.72072272,9.95562144
2444,5378,154.13839632,8.19887616
2444,5379,156.38797272,6.9567552
2444,5380,157.30158024,0.5102352
2444,5381,157.41371616,0.41257728
2444,5382,157.52801616,0.40928544
2444,5383,157.64003016,0.3127248
2444,5384,157.67304,0
2444,5385,157.67304,0
2444,5386,157.67304,0
2444,5387,157.67304,0
2444,5388,157.67304,0
2444,5389,157.67304,0
2444,5390,157.67304,0
2444,5391,157.67304,0
2444,5392,157.67304,0
2444,5393,157.67304,0
2444,5394,157.67304,0
2444,5395,157.67304,0
2444,5396,157.72071072,1.04131872
2444,5397,158.58908592,4.80828096
2444,5398,160.0670916,5.5193184
2444,5399,161.8789752,7.70619744
2444,5400,164.06707344,7.900416
2444,5401,166.375842,8.7124032
2444,5402,168.81472968,8.71020864
2444,5403,170.97698088,6.76143936
2444,5404,172.80535416,6.611112
2444,5405,175.07181648,10.26724896
2444,5406,177.67483896,6.81849792
2444,5407,178.87117896,2.41840512
2444,5408,179.41357056,1.91694816
2444,5409,179.89171032,1.45609056
2444,5410,180.27423432,1.37489184
2444,5411,180.7104336,1.83465216
2444,5412,181.24197432,1.92353184
2444,5413,181.8305736,2.38329216
2444,5414,182.513478,2.49302016
2444,5415,183.5859168,5.70914784
2444,5416,185.3258676,6.31813824
2444,5417,187.21815744,7.49661696
2444,5418,189.35450064,7.68534912
2444,5419,191.51556312,7.9113888
2444,5420,193.72466208,7.9443072
2444,5421,196.038216,9.24568128
2444,5422,198.72530232,9.73836
2444,5423,201.53235792,10.23981696
2444,5424,204.3551412,10.14984
2444,5425,207.1745412,10.14984
2444,5426,209.99406312,10.15203456
2444,5427,212.61893976,7.93552896
2444,5428,214.55499888,6.7976496
2444,5429,216.45073296,6.8689728
2444,5430,218.35792752,6.86787552
2444,5431,220.17828456,5.6180736
2444,5432,221.76010512,6.49809216
2444,5433,223.562418,6.44652
2444,5434,225.51713088,7.74021312
2444,5435,227.72211504,7.96515552
2444,5436,230.09757384,9.3433392
2444,5437,232.75866072,9.61656192
2444,5438,235.67413368,11.68493472
2444,5439,239.01666192,11.9932704
2444,5440,242.37080304,12.27636864
2444,5441,245.79724272,12.42450144
2444,5442,249.92505768,18.0941472
2444,5443,255.21172224,19.02354336
2444,5444,260.76536112,21.32344224
2444,5445,266.80777728,21.77881344
2444,5446,272.45785488,18.7031376
2444,5447,277.56816216,18.33445152
2444,5448,282.38324016,16.16403168
2444,5449,286.22445168,11.31405408
2444,5450,289.263582,10.9728
2444,5451,292.311582,10.9728
2444,5452,295.35921624,10.97060544
2444,5453,298.65328128,13.47898752
2444,5454,302.90228472,16.42408704
2444,5455,307.47580872,16.45042176
2444,5456,312.01269576,16.31216448
2444,5457,316.5762528,16.4592
2444,5458,321.15255048,16.67975328
2444,5459,325.97503512,17.86701024
2444,5460,330.94050144,17.76715776
2444,5461,335.49659088,14.30743392
2444,5462,338.96521488,11.2526064
2444,5463,342.00486336,10.82027808
2444,5464,345.02198712,10.99694016
2444,5465,348.46010064,14.24159712
2444,5466,352.57194408,14.8461984
2444,5467,356.69588808,14.8461984
2444,5468,360.82159992,15.31473696
2444,5469,365.23510392,15.18964704
2444,5470,368.864388,11.4610896
2444,5471,372.09575568,12.02838336
2444,5472,375.28067184,10.97170272
2444,5473,378.3281232,10.9728
2444,5474,381.46265592,12.37292928
2444,5475,385.24772328,14.1384528
2444,5476,389.18744616,14.1384528
2444,5477,393.10248024,14.09017248
2444,5478,396.91930776,12.40804224
2444,5479,399.74547432,9.08877024
2444,5480,402.53756424,12.23357472
2444,5481,406.75502088,16.74010368
2444,5482,411.38173248,16.2891216
2444,5483,415.74534072,15.02286048
2444,5484,419.7373368,13.70283264
2444,5485,423.27822888,11.94060096
2444,5486,426.42379536,10.92451968
2444,5487,429.0520248,8.69923584
2444,5488,431.98996152,11.79905184
2444,5489,435.11074776,9.33017184
2444,5490,437.09517864,6.30826272
2444,5491,438.83250816,6.0405264
2444,5492,440.4431628,5.73657984
2444,5493,441.96423672,4.48677792
2444,5494,442.89509592,2.92864032
2444,5495,443.70799752,2.9297376
2444,5496,444.52086864,2.9297376
2444,5497,445.3336788,2.9297376
2444,5498,446.14648896,2.9297376
2444,5499,447.03040896,4.0763952
2444,5500,448.52779992,6.54417792
2444,5501,450.53195136,7.40664
2444,5502,452.53235376,6.65171136
2444,5503,454.24673184,6.03504
2444,5504,455.92294896,6.03613728
2444,5505,457.36745712,3.01532544
2444,5506,457.675488,0.54864
2444,5507,457.827888,0.54864
2444,5508,457.980288,0.54864
2444,5509,458.132688,0.54864
2444,5510,458.28511848,0.54754272
2444,5511,458.54666736,1.98827136
2444,5512,459.35347296,3.1711392
2444,5513,460.2330648,3.17882016
2444,5514,460.86016032,0.72639936
2444,5515,460.8853368,0
2444,5516,460.8853368,0
2444,5517,460.91112288,0.82515456
2444,5518,461.73838056,4.3781472
2444,5519,462.95730624,4.39789824
2444,5520,464.20457832,5.89458816
2444,5521,466.4761308,9.1403424
2444,5522,468.98055048,8.50282272
2444,5523,471.14920248,7.50429792
2444,5524,473.23376016,7.5108816
2444,5525,475.01552952,4.32657504
2444,5526,476.33037576,7.71058656
2444,5527,477.7256892,0.3346704
2444,5528,477.7307184,0
2444,5529,477.7307184,0
2444,5530,477.7307184,0
2444,5531,478.14375288,3.10749696
2444,5532,479.0837256,3.3905952
2444,5533,480.02528328,3.39169248
2444,5534,480.91715856,3.46411296
2444,5535,482.40961176,6.94797696
2444,5536,484.25060376,6.34008384
2444,5537,486.6782748,11.39305824
2444,5538,489.49916832,8.43918048
2444,5539,492.06847992,10.15752096
2444,5540,495.21560088,12.39597216
2444,5541,498.47141352,12.03825888
2455,5326,20.434808,3.9392352
2455,5327,21.20801448,2.98899072
2455,5328,21.90923736,3.10201056
2455,5329,22.99743432,4.34083968
2455,5330,24.24991848,4.46702688
2455,5331,25.36280424,3.9940992
2455,5332,26.4740136,3.49154496
2455,5333,27.60140784,4.71501216
2455,5334,29.43916896,8.92308096
2455,5335,31.54612944,5.79693024
2455,5336,33.0688188,5.39532576
2455,5337,34.345626,3.72087648
2455,5338,35.3357688,3.66820704
2455,5339,36.7404396,6.59136096
2455,5340,38.6442204,6.858
2455,5341,40.54934232,6.858
2455,5342,42.45397656,6.89311296
2455,5343,44.4989712,7.8839568
2455,5344,46.71087432,7.98051744
2455,5345,49.02415392,8.71020864
2455,5346,51.463194,8.70911136
2455,5347,53.62550616,6.76143936
2455,5348,55.45476336,6.61879296
2455,5349,57.42166824,7.59208032
2455,5350,59.5538052,7.67218176
2455,5351,62.03475528,10.78187328
2455,5352,65.2092168,11.48193792
2455,5353,68.22396312,9.15021792
2455,5354,70.62776832,9.47062368
2455,5355,73.93618944,15.43543776
2455,5356,78.99885648,20.67385248
2455,5357,85.31507448,25.02017856
2455,5358,92.5157916,24.88740768
2455,5359,99.22803624,22.44705696
2455,5360,103.93957368,11.73431232
2455,5361,106.53540288,8.11219104
2455,5362,108.50547768,5.99992704
2455,5363,109.65551856,2.2603968
2455,5364,109.96799952,0.1755648
2455,5365,109.9730592,0.2578608
2455,5366,111.36913464,10.4680512
2455,5367,114.5714244,10.57009824
2455,5368,117.04466304,8.1582768
2455,5369,119.31536208,8.62352352
2455,5370,121.94654808,9.87881184
2455,5371,124.71711912,10.4461056
2455,5372,127.74192384,10.81479168
2455,5373,130.676904,9.00208512
2455,5374,132.99576144,8.82432576
2455,5375,134.94081216,5.79693024
2455,5376,136.9478592,8.1911952
2455,5377,139.3710192,10.28590272
2455,5378,142.6188156,12.2182128
2455,5379,145.93577112,11.73431232
2455,5380,149.17000392,10.41428448
2455,5381,151.22978136,5.49408096
2455,5382,152.4207264,1.86647328
2455,5383,152.52972288,0.08010144
2455,5384,152.55492984,0.0877824
2455,5385,152.58010632,0.0877824
2455,5386,152.60522184,0.0877824
2455,5387,152.63055072,0.08887968
2455,5388,152.65566624,0.0877824
2455,5389,152.6808732,0.0877824
2455,5390,152.70614112,0.08887968
2455,5391,152.73122616,0.0877824
2455,5392,152.7564636,0.0877824
2455,5393,152.7816096,0.08997696
2455,5394,152.80547544,0.0438912
2455,5395,152.8418076,0.35442144
2455,5396,152.94967632,0.18434304
2455,5397,152.959308,0
2455,5398,152.959308,0
2455,5399,152.95988712,0.15800832
2455,5400,154.11675552,7.8236064
2455,5401,156.05055912,6.52003776
2455,5402,158.80616448,15.19403616
2455,5403,162.98485056,11.89890432
2455,5404,165.57309024,6.912864
2455,5405,167.17728312,4.52189088
2455,5406,167.92197048,2.3262336
2455,5407,168.82061232,4.10602176
2455,5408,170.34787368,5.98785696
2455,5409,171.42656088,1.86208416
2455,5410,171.84691056,0.61886592
2455,5411,171.864528,0
2455,5412,171.97084224,1.34526528
2455,5413,172.85384784,3.3796224
2455,5414,173.54583528,3.29513184
2455,5415,174.73293984,4.79621088
2455,5416,176.19610176,5.4864
2455,5417,177.72025416,5.49517824
2455,5418,179.24727168,5.52809664
2455,5419,181.21573104,9.56937888
2455,5420,184.12538232,10.4186736
2455,5421,187.0990416,11.00901024
2455,5422,190.15493592,10.97499456
2455,5423,193.1420064,10.41757632
2455,5424,196.09847496,10.9782864
2455,5425,199.14647496,10.9728
2455,5426,202.18639776,10.91464416
2455,5427,205.22677776,10.97718912
2455,5428,207.94723968,7.82250912
2455,5429,209.86589472,6.78009312
2455,5430,211.74876624,6.7811904
2455,5431,213.63154632,6.7811904
2455,5432,215.51438736,6.7811904
2455,5433,217.3975332,6.775704
2455,5434,219.16534272,5.74864992
2455,5435,220.6968408,5.4864
2455,5436,222.22111512,5.47762176
2455,5437,223.70753328,5.32839168
2455,5438,225.65386416,9.60339456
2455,5439,228.6521208,10.9728
2455,5440,231.7001208,10.9728
2455,5441,234.7481208,10.9728
2455,5442,237.7961208,10.9728
2455,5443,240.90063072,13.0082544
2455,5444,245.43642048,16.80703776
2455,5445,249.84154248,17.82311904
2455,5446,255.64526976,22.78063008
2455,5447,262.2447384,24.08419872
2455,5448,268.63895472,21.7974672
2455,5449,274.51412712,19.46903904
2455,5450,278.99499192,12.88645632
2455,5451,281.91037344,8.22630816
2455,5452,283.88953128,8.22630816
2455,5453,286.6999092,10.84222368
2455,5454,289.72221456,10.97609184
2455,5455,292.77527424,11.44024128
2455,5456,296.6552868,16.26607872
2455,5457,301.22868888,16.4592
2455,5458,305.80078032,16.4592
2455,5459,310.35540672,16.30119168
2455,5460,314.901072,16.4592
2455,5461,319.4724624,16.4701728
2455,5462,324.23941248,18.09634176
2455,5463,329.3450868,18.40906656
2455,5464,334.21301712,16.3933632
2455,5465,338.58839064,14.2536672
2455,5466,341.99895024,11.10886272
2455,5467,345.02427312,10.98816192
2455,5468,348.3159912,13.01703264
2455,5469,352.02900384,13.3977888
2455,5470,355.74948408,13.39669152
2455,5471,359.49364728,13.58871552
2455,5472,363.42739608,14.54225184
2455,5473,367.4002812,13.71270816
2455,5474,370.9501344,11.93182272
2455,5475,374.27004648,13.6830816
2455,5476,378.56745216,16.020288
2455,5477,382.90094616,13.35280032
2455,5478,384.94859256,6.67036512
2455,5479,388.87057608,17.48296224
2455,5480,393.52173264,14.50823616
2455,5481,396.92299584,11.47425696
2455,5482,399.6481212,8.82432576
2455,5483,402.37230168,10.15203456
2455,5484,405.08282712,9.46513728
2455,5485,408.22525416,14.07700512
2455,5486,412.48215192,15.57369504
2455,5487,416.82067512,15.63185088
2455,5488,420.86412144,12.042648
2455,5489,423.26804856,6.33459744
2455,5490,425.15460816,9.0086688
2455,5491,428.1199464,10.97938368
2455,5492,430.68264384,5.59941984
2455,5493,431.68028472,3.56396544
2455,5494,432.48157344,2.496312
2455,5495,433.36430472,2.49192288
2455,5496,433.90410552,2.0628864
2455,5497,434.50913352,1.67115744
2455,5498,434.72813232,1.15982496
2455,5499,435.62390904,4.9432464
2455,5500,437.16464256,5.66306208
2455,5501,438.78523368,6.13708704
2455,5502,440.77505952,8.12426112
2455,5503,443.03649264,8.1418176
2455,5504,445.28862936,7.68205728
2455,5505,446.95426992,4.6305216
2455,5506,447.79201272,1.6898112
2455,5507,448.21477032,0.69457824
2455,5508,448.53715728,1.7775936
2455,5509,448.91120784,0.71652384
2455,5510,449.04068688,0.88989408
2455,5511,449.468748,1.25967744
2455,5512,449.61493008,0.60460128
2455,5513,450.1518048,2.58848352
2455,5514,450.5059824,0
2455,5515,450.53167704,0.4334256
2455,5516,450.75832632,0.70335648
2455,5517,450.9831468,0.95353632
2455,5518,451.1137536,0.01426464
2455,5519,451.36975512,3.21722496
2455,5520,452.83139304,5.8375296
2455,5521,454.453752,5.83862688
2455,5522,455.95867152,4.24976544
2455,5523,457.12556784,5.16928608
2455,5524,459.08936376,10.76212224
2455,5525,462.8650128,14.32169856
2455,5526,466.06635768,7.19596224
2455,5527,467.31865896,2.49740928
2455,5528,467.7061512,0.57497472
2455,5529,467.7253536,0
2455,5530,467.7253536,0
2455,5531,467.7253536,0
2455,5532,467.7337356,0.46744128
2455,5533,468.78127224,6.96004704
2455,5534,470.81395296,7.2585072
2455,5535,472.82810184,7.2530208
2455,5536,474.84255552,7.2530208
2455,5537,476.85688728,7.2530208
2455,5538,478.87128,7.2530208
2455,5539,480.88567272,7.2530208
2455,5540,482.8027428,5.44580064
2455,5541,484.7999448,11.76503616
2455,5542,488.6341764,14.10992352
2455,5543,492.68472456,14.5225008
2455,5544,496.16508336,11.04631776
2455,5545,498.77249496,8.28665856
2464,5333,20.5473130666667,2.0811744
2464,5334,21.42521496,5.28230592
2464,5335,23.2222548,6.7263264
2464,5336,25.09040448,6.7263264
2464,5337,26.85556224,5.41397952
2464,5338,28.2901644,5.48859456
2464,5339,29.81468256,5.4864
2464,5340,31.32389976,5.07492
2464,5341,32.70391224,5.04419616
2464,5342,34.16820192,5.80131936
2464,5343,35.96094408,7.2310752
2464,5344,38.19339072,8.91210816
2464,5345,40.750236,8.1637632
2464,5346,42.51161424,5.48201088
2464,5347,44.0864244,6.87226464
2464,5348,46.70679,10.97718912
2464,5349,49.74387816,10.66226976
2464,5350,52.59406296,10.61837856
2464,5351,55.92065016,12.79867392
2464,5352,59.4762336,12.80086848
2464,5353,63.03267048,12.8052576
2464,5354,66.4179012,9.09425664
2464,5355,67.4089584,1.97949312
2464,5356,69.84650496,15.16770144
2464,5357,75.48481728,24.59223936
2464,5358,82.35696,23.58822816
2464,5359,88.12523904,18.52537824
2464,5360,92.94214584,15.28840224
2464,5361,96.38867184,10.33198848
2464,5362,99.1889304,10.56790368
2464,5363,101.95745928,7.58330208
2464,5364,103.08433536,1.86647328
2464,5365,103.57990968,1.837944
2464,5366,104.06963184,1.74357792
2464,5367,104.99713824,4.78084896
2464,5368,106.39681032,5.48530272
2464,5369,108.14925792,7.63926336
2464,5370,110.74645872,10.70067456
2464,5371,113.7903744,10.9728
2464,5372,116.86111248,11.17799136
2464,5373,119.94340248,10.97938368
2464,5374,122.78038944,8.86163328
2464,5375,125.30614512,10.33528032
2464,5376,128.1153648,9.70434432
2464,5377,131.02535136,11.301984
2464,5378,134.24803224,11.30417856
2464,5379,137.30039088,10.9728
2464,5380,140.343636,10.50535872
2464,5381,142.55965392,5.68061856
2464,5382,143.99218344,4.04018496
2464,5383,145.12308288,4.36827168
2464,5384,145.680684,0.0603504
2464,5385,145.680684,0
2464,5386,145.680684,0
2464,5387,145.680684,0
2464,5388,145.680684,0
2464,5389,145.680684,0
2464,5390,145.680684,0
2464,5391,145.6849512,0.2084832
2464,5392,145.82284272,0.29516832
2464,5393,145.8312552,0
2464,5394,145.8312552,0
2464,5395,145.8312552,0
2464,5396,145.8312552,0
2464,5397,145.8312552,0
2464,5398,145.8312552,0
2464,5399,145.8382656,0.219456
2464,5400,146.04178056,1.04461056
2464,5401,146.34584904,1.728216
2464,5402,147.46629384,6.44981184
2464,5403,149.66908344,8.4655152
2464,5404,152.01250776,8.36017632
2464,5405,154.51997544,10.43074368
2464,5406,157.554168,10.9728
2464,5407,160.44650664,8.50721184
2464,5408,162.20233752,5.49078912
2464,5409,163.60420416,4.2629328
2464,5410,164.47087248,2.28673152
2464,5411,165.1019304,2.2713696
2464,5412,165.73384176,2.2713696
2464,5413,166.36124208,1.94876928
2464,5414,166.5994128,0.01536192
2464,5415,166.82621448,2.51716032
2464,5416,168.03459408,5.2285392
2464,5417,169.48428384,5.2230528
2464,5418,170.934126,5.2230528
2464,5419,172.39542864,5.55991776
2464,5420,174.1179144,6.58477728
2464,5421,175.9714032,7.31117664
2464,5422,178.38651648,9.52658496
2464,5423,181.03059552,9.5134176
2464,5424,183.66007464,9.45416448
2464,5425,186.39824544,10.39892256
2464,5426,189.39034512,10.5722928
2464,5427,192.04966416,9.74274912
2464,5428,195.03332088,10.9728
2464,5429,198.08135136,10.9728
2464,5430,200.97375096,8.49623904
2464,5431,202.71702408,5.44689792
2464,5432,204.23983536,5.4864
2464,5433,205.76426208,5.35582368
2464,5434,207.01814832,4.28926752
2464,5435,209.29750368,12.24454752
2464,5436,212.87890368,12.9369312
2464,5437,216.40324512,10.79065152
2464,5438,218.12880936,5.88032352
2464,5439,220.7311308,8.668512
2464,5440,222.69763944,6.64183584
2464,5441,224.54622096,6.76692576
2464,5442,226.83502512,10.31004288
2464,5443,229.91969256,12.34330272
2464,5444,233.64346464,12.34110816
2464,5445,236.96654664,13.99251456
2464,5446,241.36947408,16.83337248
2464,5447,246.76556184,21.75247872
2464,5448,252.86409168,22.11458112
2464,5449,259.31131272,24.33986496
2464,5450,265.97872128,22.11897024
2464,5451,271.01697384,14.32389312
2464,5452,274.36407408,10.96621632
2464,5453,277.41213504,10.9728
2464,5454,280.46013504,10.9728
2464,5455,283.50816552,10.97499456
2464,5456,286.5315072,10.84332096
2464,5457,289.56880872,10.96511904
2464,5458,292.94017104,14.54664096
2464,5459,297.4174392,16.4592
2464,5460,301.98950016,16.4592
2464,5461,306.56146968,16.4592
2464,5462,311.10896376,16.31216448
2464,5463,315.66450456,16.4592
2464,5464,320.23610832,16.486632
2464,5465,324.91884216,17.27338176
2464,5466,329.73699864,17.3425104
2464,5467,334.46645832,16.46358912
2464,5468,338.67224112,13.02690816
2464,5469,341.84880576,10.83454272
2464,5470,344.8699224,10.96841088
2464,5471,348.13832328,13.09713408
2464,5472,351.9478356,13.80268512
2464,5473,355.78093944,13.80049056
2464,5474,359.66890728,14.77158336
2464,5475,363.95707752,15.35533632
2464,5476,368.19873528,15.36192
2464,5477,372.37345896,14.15271744
2464,5478,376.19068272,14.4786096
2464,5479,380.29633872,14.28768288
2464,5480,383.71296384,7.18279488
2464,5481,385.55831448,12.42559872
2464,5482,390.07398744,16.9090848
2464,5483,394.65284544,14.54773824
2464,5484,397.69971768,8.36346816
2464,5485,399.73410528,7.31666304
2464,5486,402.32557584,10.92122784
2464,5487,405.63643536,13.95520704
2464,5488,409.59097152,12.90620736
2464,5489,413.02082496,12.31477344
2464,5490,416.45272056,12.36305376
2464,5491,419.87547216,12.31916256
2464,5492,422.96145024,8.35907904
2464,5493,424.41254208,3.37303872
2464,5494,425.59952472,5.458968
2464,5495,427.11435024,4.97177568
2464,5496,428.0551764,2.21540832
2464,5497,428.66453256,2.2384512
2464,5498,429.32274816,2.46668544
2464,5499,430.00199496,2.48204736
2464,5500,430.88475672,4.21574976
2464,5501,432.28829976,5.62465728
2464,5502,433.93321392,5.85508608
2464,5503,435.81334224,7.98051744
2464,5504,438.05011704,8.04086784
2464,5505,440.24556096,6.91066944
2464,5506,441.287916,1.3606272
2464,5507,441.64157544,1.2838176
2464,5508,442.0002336,1.44072864
2464,5509,442.53674256,2.29770432
2464,5510,443.17636536,2.304288
2464,5511,443.81245248,2.26478592
2464,5512,444.33628176,0.9491472
2464,5513,444.49142496,0.4498848
2464,5514,444.86891976,1.56252672
2464,5515,445.0107432,0
2464,5516,445.0107432,0
2464,5517,445.0107432,0
2464,5518,445.0107432,0
2464,5519,445.20005448,1.58995872
2464,5520,445.96869912,4.05883872
2464,5521,447.33645864,5.7936384
2464,5522,449.0042328,5.73548256
2464,5523,450.44038944,4.97726208
2464,5524,451.9489056,5.8100976
2464,5525,453.93272688,8.9373456
2464,5526,456.42541176,8.0156304
2464,5527,458.43285504,6.56831808
2464,5528,460.20490128,6.34995936
2464,5529,461.43693336,1.44182592
2464,5530,461.493108,0
2464,5531,461.493108,0
2464,5532,461.493108,0
2464,5533,461.51194464,0.36649152
2464,5534,462.05872536,3.1491936
2464,5535,462.885282,3.264408
2464,5536,463.99167552,4.16088576
2464,5537,465.2264508,4.5482256
2464,5538,466.42983168,3.84925824
2464,5539,467.81688504,7.84994112
2464,5540,470.5779768,10.83125088
2464,5541,473.56916208,10.7643168
2464,5542,476.55824424,10.76212224
2464,5543,479.63062824,11.47535424
2464,5544,483.10705512,13.89595392
2464,5545,487.04671704,13.80268512
2464,5546,491.0108544,15.32680704
2464,5547,495.29164848,15.30925056
2464,5548,498.7255964,15.1918416
2467,5552,488.3781444,10.3199184
2467,5553,489.63410328,5.80790304
2467,5554,490.82379864,4.22233344
2467,5555,492.64314984,8.90552448
2467,5556,494.5927116,4.58882496
2467,5557,495.91347096,5.6455056
2467,5558,497.9279856,8.05293792
2467,5559,499.4480232,8.2186272
2479,5340,20.5665541714286,5.4864
2479,5341,21.91911288,5.98675968
2479,5342,23.73989664,7.04673216
2479,5343,25.70753304,6.85031904
2479,5344,27.77435136,7.95198816
2479,5345,29.9583348,8.23398912
2479,5346,32.30953152,7.80275808
2479,5347,34.2139524,6.02296992
2479,5348,35.72274288,5.7552336
2479,5349,37.56190608,7.3737216
2479,5350,39.75347904,8.10451008
2479,5351,42.0998904,8.75519712
2479,5352,44.54136888,8.99659872
2479,5353,47.35775136,11.1703104
2479,5354,50.4765564,10.84880736
2479,5355,53.18507016,8.9812368
2479,5356,56.60367648,16.97601888
2479,5357,61.7430312,18.71301312
2479,5358,66.93846912,18.4507632
2479,5359,72.14399592,19.99353888
2479,5360,77.8913352,20.0089008
2479,5361,82.74728688,14.57517024
2479,5362,86.10283008,9.97866432
2479,5363,88.5831096,8.82103392
2479,5364,90.87541896,6.53210784
2479,5365,92.1274764,4.07749248
2479,5366,93.56345016,5.10015744
2479,5367,94.8223656,4.38912
2479,5368,96.1025256,5.376672
2479,5369,97.83991608,6.58477728
2479,5370,99.74156328,8.05184064
2479,5371,102.40164432,10.42635456
2479,5372,105.31696488,10.41538176
2479,5373,108.30409632,10.9728
2479,5374,111.353346,10.9343952
2479,5375,114.20164104,9.77786208
2479,5376,116.92118856,10.21896864
2479,5377,119.9435244,10.83673728
2479,5378,122.85345,10.56022272
2479,5379,125.887734,10.93768704
2479,5380,128.77659792,10.30126464
2479,5381,131.54473056,8.27678304
2479,5382,133.40955792,5.81229216
2479,5383,134.88841704,4.66453728
2479,5384,136.12971504,4.26073824
2479,5385,136.70011776,0.15800832
2479,5386,136.7015808,0
2479,5387,136.7015808,0
2479,5388,136.7015808,0
2479,5389,136.7015808,0
2479,5390,136.7015808,0
2479,5391,136.7015808,0
2479,5392,136.78668096,0.99084384
2479,5393,137.25049512,1.83465216
2479,5394,137.65673256,0.6419088
2479,5395,137.6891328,0
2479,5396,137.6891328,0
2479,5397,137.6891328,0
2479,5398,137.6891328,0
2479,5399,137.6891328,0
2479,5400,137.6891328,0
2479,5401,137.93745336,2.17700352
2479,5402,138.68412192,2.86280352
2479,5403,139.9292604,6.27314976
2479,5404,141.75489048,6.611112
2479,5405,144.02016408,10.23652512
2479,5406,147.03890328,10.945368
2479,5407,150.08653752,10.98048096
2479,5408,152.81114472,7.39895904
2479,5409,154.41180192,4.75780608
2479,5410,155.23948632,1.56801312
2479,5411,155.4321504,0.01426464
2479,5412,155.43269904,0.08339328
2479,5413,155.61329304,1.68761664
2479,5414,156.71538888,5.48859456
2479,5415,158.14072512,3.98751552
2479,5416,158.9122044,2.3481792
2479,5417,159.55143096,2.48314464
2479,5418,160.67672208,5.44141152
2479,5419,162.202368,5.4864
2479,5420,163.71027456,5.404104
2479,5421,165.23214096,5.95384128
2479,5422,167.588184,10.77967872
2479,5423,170.6375556,10.9728
2479,5424,173.68549464,10.9728
2479,5425,176.7335556,10.97609184
2479,5426,179.7849084,10.98267552
2479,5427,182.83324368,10.9728
2479,5428,185.88118272,10.97389728
2479,5429,188.93585784,11.000232
2479,5430,191.9651736,10.09936512
2479,5431,194.04616512,5.48859456
2479,5432,195.0212508,0.9710928
2479,5433,195.33934008,2.53581408
2479,5434,196.30089264,3.7417248
2479,5435,197.36391312,4.44617856
2479,5436,198.97106256,6.58806912
2479,5437,200.81863824,7.11805536
2479,5438,203.0733048,8.74312704
2479,5439,205.50481632,8.97465312
2479,5440,208.41839952,11.84184576
2479,5441,211.72602816,11.90439072
2479,5442,215.03201088,11.90219616
2479,5443,218.02155024,11.12422464
2479,5444,221.51513736,11.7793008
2479,5445,224.54457504,10.8685584
2479,5446,227.5889784,10.9728
2479,5447,230.79276168,13.43948544
2479,5448,235.22769312,18.3739536
2479,5449,240.98871792,22.3241616
2479,5450,247.90658064,27.23558688
2479,5451,255.0174732,22.5545904
2479,5452,260.92291224,21.16433664
2479,5453,266.40544128,17.51039424
2479,5454,270.5302692,12.0645936
2479,5455,273.6000624,10.9728
2479,5456,276.69777528,12.20394816
2479,5457,280.53100104,14.23501344
2479,5458,284.14656912,11.96474112
2479,5459,287.74732392,15.08869728
2479,5460,292.26891,16.4592
2479,5461,296.84094048,16.46029728
2479,5462,301.39206168,16.32862368
2479,5463,305.94997992,16.4592
2479,5464,310.505094,16.30777536
2479,5465,315.05182608,16.46029728
2479,5466,319.39190376,13.44168
2479,5467,322.66597392,12.1139712
2479,5468,326.31555768,13.51958688
2479,5469,330.07176048,13.5184896
2479,5470,333.78477312,12.63298464
2479,5471,337.2270624,13.57115904
2479,5472,341.41129584,15.1918416
2479,5473,345.25826808,12.8491488
2479,5474,348.94378776,14.06822688
2479,5475,352.91295432,14.2975584
2479,5476,356.88474216,14.29536384
2479,5477,360.92834088,15.060168
2479,5478,365.129826,14.30523936
2479,5479,368.77776384,12.16773792
2479,5480,371.92485432,10.94865984
2479,5481,375.55148664,15.7953456
2479,5482,380.12638224,16.02687168
2479,5483,383.77605744,10.43952192
2479,5484,386.60301648,10.24420608
2479,5485,389.47383624,10.40111712
2479,5486,392.36836944,10.47463488
2479,5487,395.47080672,11.93621184
2479,5488,398.82235704,12.1743216
2479,5489,402.59870712,15.18964704
2479,5490,406.75185096,13.49764128
2479,5491,410.0922456,11.11215456
2479,5492,412.90244064,9.09315936
2479,5493,415.15671096,6.5343024
2479,5494,416.28309936,2.59835904
2479,5495,417.12151272,3.57932736
2479,5496,418.0952268,3.76037856
2479,5497,419.33228808,4.63381344
2479,5498,420.58413216,4.50762624
2479,5499,421.86261576,4.60089504
2479,5500,423.14109936,4.47909696
2479,5501,424.24008624,3.85803648
2479,5502,425.41213368,4.25196
2479,5503,426.644562,5.0639472
2479,5504,428.5276164,8.16266592
2479,5505,430.80922728,7.92894528
2479,5506,432.7548876,6.32143008
2479,5507,434.4859992,5.42166048
2479,5508,435.25388184,0.78236064
2479,5509,435.4554156,0.7351776
2479,5510,435.65935728,0.7735824
2479,5511,435.90798264,0.92939616
2479,5512,436.1419776,0.64081152
2479,5513,436.23357,0.04828032
2479,5514,436.28703192,0.31382208
2479,5515,436.37661264,0.49048416
2479,5516,436.487316,0.01426464
2479,5517,436.487316,0
2479,5518,436.487316,0
2479,5519,436.7026572,2.12652864
2479,5520,437.57389752,3.29293728
2479,5521,438.48762696,3.32036928
2479,5522,439.81841424,6.7921632
2479,5523,441.88267224,7.4944224
2479,5524,443.96515728,7.50100608
2479,5525,446.14895784,8.34591168
2479,5526,448.50823176,8.49623904
2479,5527,450.75064536,7.50210336
2479,5528,452.78713608,7.30569024
2479,5529,454.23423504,1.82587392
2479,5530,454.3114104,0
2479,5531,454.3114104,0
2479,5532,454.3114104,0
2479,5533,454.3114104,0
2479,5534,454.3114104,0
2479,5535,454.3114104,0
2479,5536,454.3114104,0
2479,5537,454.42973376,1.72711872
2479,5538,455.40619104,4.4878752
2479,5539,456.73414368,4.84668576
2479,5540,458.18240088,5.89019904
2479,5541,460.35260736,11.58947136
2479,5542,465.173568,18.53635104
2479,5543,468.77712696,9.93806496
2479,5544,470.71141824,3.35877408
2479,5545,473.6293296,18.83261664
2479,5546,479.05906728,18.86553504
2479,5547,483.63783384,15.44202144
2479,5548,488.21973984,17.1943776
2479,5549,493.1906316,17.9185824
2479,5550,497.65912152,14.28219648
2479,5551,499.8198792,14.154912
2480,5472,319.68929712,10.9892592
2480,5473,323.22817752,15.82058304
2480,5474,328.0506012,17.5784256
2480,5475,332.90143224,17.07257952
2480,5476,337.44231216,15.09637824
2480,5477,341.11210416,12.04374528
2480,5478,344.39970744,11.39086368
2480,5479,347.52744312,11.70688032
2480,5480,350.87045904,12.1029984
2480,5481,354.232464,12.1029984
2480,5482,357.58477632,11.82209472
2480,5483,360.68056896,10.72920384
2480,5484,363.70162464,10.9728
2480,5485,366.7496856,10.9728
2480,5486,369.7976856,10.9728
2480,5487,372.8456856,10.9728
2480,5488,375.89377704,10.9728
2480,5489,378.9340656,10.8959904
2480,5490,382.37230104,14.64978528
2480,5491,386.81735184,16.60294368
2480,5492,391.41998424,16.50418848
2480,5493,395.29505904,9.35321472
2480,5494,397.1454084,6.03723456
2480,5495,398.6101248,4.3287696
2480,5496,399.41888112,0.89647776
2480,5497,399.444972,0
2480,5498,399.6234324,2.10568032
2480,5499,400.536156,3.56286816
2480,5500,401.6762604,5.00688864
2480,5501,403.18374024,5.4864
2480,5502,404.72447376,5.81119488
2480,5503,406.48734552,7.20803232
2480,5504,408.65797872,7.89273504
2480,5505,410.85092328,7.89273504
2480,5506,413.04411168,7.89712416
2480,5507,415.03957632,6.06905568
2480,5508,416.59003296,5.48969184
2480,5509,418.09251408,4.66344
2480,5510,418.92516672,2.01460608
2480,5511,419.26925544,0.20080224
2480,5512,419.3112264,0.48390048
2480,5513,419.4194304,0.01536192
2480,5514,419.51187624,0.76041504
2480,5515,419.75845944,0.77029056
2480,5516,419.8778496,0.01426464
2480,5517,420.05048832,1.56142944
2480,5518,420.59635464,2.01021696
2480,5519,421.1552664,2.00911968
2480,5520,421.71417816,2.00911968
2480,5521,422.27302896,2.00911968
2480,5522,422.834562,2.38987584
2480,5523,424.0875948,6.43335264
2480,5524,425.91694344,6.4629792
2480,5525,427.56258912,5.48749728
2480,5526,429.29778504,7.2310752
2480,5527,431.31293976,6.62318208
2480,5528,433.09345944,6.48821664
2480,5529,434.93917584,6.67036512
2480,5530,436.8285396,7.00284096
2480,5531,438.40795224,4.07420064
2480,5532,438.9293736,0.05925312
2480,5533,438.9293736,0
2480,5534,438.9293736,0
2480,5535,438.9293736,0
2480,5536,438.9293736,0
2480,5537,438.9293736,0
2480,5538,438.9293736,0
2480,5539,439.1003664,1.62068256
2480,5540,439.70429712,2.28343968
2480,5541,440.67020832,5.03870976
2480,5542,441.98200656,4.38692544
2480,5543,443.3998752,5.4864
2480,5544,444.92332656,5.48530272
2480,5545,446.67489024,7.58439936
2480,5546,448.98176904,8.78592096
2480,5547,451.45595256,8.66631744
2480,5548,453.7170504,8.7453216
2480,5549,457.5553968,19.805904
2480,5550,464.01078648,23.73197184
2480,5551,469.18662576,15.45628608
2480,5552,474.97493016,25.1661168
2480,5553,480.66813696,13.93326144
2480,5554,483.50308176,7.45821216
2480,5555,485.1236424,4.56358752
2480,5556,486.33653304,5.129784
2480,5557,487.62211848,3.60017568
2480,5558,488.91050808,6.78228768
2480,5559,491.071662,7.95418272
2480,5560,493.33532016,8.558784
2480,5561,495.78719232,8.88467616
2480,5562,498.13275024,7.72704576
2480,5563,499.6065192,7.68096
2483,5351,37.5053352,7.3188576
2483,5352,38.62392072,7.39127808
2483,5353,40.79543784,8.202168
2483,5354,43.08213888,8.2296
2483,5355,45.37204032,8.24935104
2483,5356,47.66148456,8.558784
2483,5357,50.55891336,12.12823584
2483,5358,53.96398656,12.2566176
2483,5359,57.3875916,13.18711104
2483,5360,62.29798056,21.79088352
2483,5361,68.41107984,20.4148944
2483,5362,72.67931616,11.93730912
2483,5363,76.07216688,12.31367616
2483,5364,79.51341984,11.76174432
2483,5365,81.84422544,5.40629856
2483,5366,83.26672704,5.1242976
2483,5367,84.68825328,4.99591584
2483,5368,85.874352,3.6155376
2483,5369,86.87098704,4.0928544
2483,5370,88.78324128,9.21824928
2483,5371,91.3933656,9.55072512
2483,5372,94.01668776,9.37735488
2483,5373,96.64955016,9.546336
2483,5374,99.3014016,9.546336
2483,5375,101.96629848,9.81078048
2483,5376,104.79703704,10.4131872
2483,5377,107.69272848,10.42416
2483,5378,110.58823704,10.42416
2483,5379,113.4837456,10.42416
2483,5380,116.41192872,10.95304896
2483,5381,119.54899128,11.33929152
2483,5382,122.69873352,11.3349024
2483,5383,125.72295912,8.91430272
2483,5384,127.3574796,4.2025824
2483,5385,128.39148312,3.82511808
2483,5386,129.5165304,2.87048448
2483,5387,129.7844496,0
2483,5388,129.7844496,0
2483,5389,129.7844496,0
2483,5390,129.7844496,0
2483,5391,129.7844496,0
2483,5392,129.7844496,0
2483,5393,129.7844496,0
2483,5394,129.7844496,0
2483,5395,129.7844496,0
2483,5396,129.7844496,0
2483,5397,129.7844496,0
2483,5398,129.7844496,0
2483,5399,129.7844496,0
2483,5400,129.7844496,0
2483,5401,129.82200096,0.76370688
2483,5402,130.35491328,2.47217184
2483,5403,131.12889192,4.32108864
2483,5404,133.10987856,8.3338416
2483,5405,135.33964296,8.92417824
2483,5406,138.25593888,11.25150912
2483,5407,141.32975544,10.19482848
2483,5408,143.79189936,8.22191904
2483,5409,145.99118376,6.6440304
2483,5410,147.31160784,3.8349936
2483,5411,148.31516184,2.5127712
2483,5412,148.5491568,0
2483,5413,148.5491568,0
2483,5414,148.638006,1.77100992
2483,5415,149.79063768,5.30754336
2483,5416,151.26373608,5.2998624
2483,5417,152.69431488,4.40887104
2483,5418,153.60557544,2.74100544
2483,5419,154.367484,2.7432
2483,5420,155.19358344,4.0818816
2483,5421,156.79829448,6.5891664
2483,5422,158.627064,6.58368
2483,5423,160.455864,6.58368
2483,5424,162.34976928,7.91358336
2483,5425,165.0231396,10.50206688
2483,5426,167.9487624,10.533888
2483,5427,170.8748424,10.533888
2483,5428,173.8009224,10.533888
2483,5429,176.68853664,9.73067904
2483,5430,179.11151376,8.23947552
2483,5431,181.39848912,8.2296
2483,5432,183.6843672,8.2296
2483,5433,185.89846488,6.7372992
2483,5434,187.24577232,3.95130528
2483,5435,188.35094664,3.97544544
2483,5436,189.4490496,3.950208
2483,5437,190.5463296,3.950208
2483,5438,191.73267216,5.76181728
2483,5439,193.9672524,9.14802336
2483,5440,196.50708984,9.1403424
2483,5441,199.0592412,9.39930048
2483,5442,201.75403896,9.82285056
2483,5443,204.4884912,9.87552
2483,5444,207.29106624,11.1209328
2483,5445,210.81873,13.45704192
2483,5446,214.54393464,13.38462144
2483,5447,218.27282736,13.45155552
2483,5448,222.0007752,13.31220096
2483,5449,225.903282,17.08135776
2483,5450,231.89906376,23.8713264
2483,5451,238.47283776,22.71698784
2483,5452,244.41662064,20.83844448
2483,5453,250.2078816,20.84832
2483,5454,255.85908696,18.33993792
2483,5455,260.16581952,14.11211808
2483,5456,264.09085104,14.2152624
2483,5457,268.04328408,14.15710656
2483,5458,271.87455912,12.97753056
2483,5459,275.46525552,13.57993728
2483,5460,279.1082556,13.02910272
2483,5461,283.14237504,15.91056
2483,5462,287.69438016,16.33630464
2483,5463,292.23647928,16.45151904
2483,5464,296.80918032,16.4592
2483,5465,301.38093648,16.16951808
2483,5466,305.625246,15.19074432
2483,5467,310.0035456,15.7295088
2483,5468,314.10252648,13.48996032
2483,5469,317.73421848,12.97423872
2483,5470,321.35188968,13.40766432
2483,5471,325.1039472,13.2112512
2483,5472,328.73216448,13.04446464
2483,5473,332.31530184,12.70869696
2483,5474,336.30498144,16.26498144
2483,5475,340.87448208,16.33959648
2483,5476,345.40792488,16.46029728
2483,5477,350.02259688,16.69840704
2483,5478,354.6617748,16.69950432
2483,5479,358.82128896,11.9548656
2483,5480,361.83951,11.68822656
2483,5481,365.29261968,12.563856
2483,5482,368.78328072,12.56495328
2483,5483,372.1989,11.62677888
2483,5484,375.28259208,10.9728
2483,5485,378.33107976,10.84222368
2483,5486,381.1011936,8.99440416
2483,5487,383.43654072,8.06939712
2483,5488,385.76579184,10.03243104
2483,5489,389.37684888,14.58943488
2483,5490,392.93740056,7.6206096
2483,5491,396.07949232,19.943064
2483,5492,400.76816976,11.13848928
2483,5493,403.43486496,8.311896
2483,5494,405.56572176,7.67218176
2483,5495,407.67505968,6.71315904
2483,5496,408.74484672,1.7062704
2483,5497,409.22182824,2.54788416
2483,5498,410.67935136,7.26179904
2483,5499,412.71181872,7.01600832
2483,5500,414.11371584,3.6374832
2483,5501,415.24470672,4.26073824
2483,5502,416.42419128,4.20916608
2483,5503,417.74979696,5.71573152
2483,5504,419.45972496,6.21718848
2483,5505,421.18647792,6.21499392
2483,5506,423.0191184,7.23875616
2483,5507,425.11236288,7.58110752
2483,5508,426.92948904,4.20148512
2483,5509,427.35142368,0.05705856
2483,5510,427.365414,0.3401568
2483,5511,427.50233016,0.16349472
2483,5512,427.5504276,0.74395584
2483,5513,427.89853968,1.34197344
2483,5514,428.1179652,0.27102816
2483,5515,428.31361632,0.88660224
2483,5516,428.54142384,0.85148928
2483,5517,428.98103688,1.73260512
2483,5518,429.252126,0.5541264
2483,5519,429.3327456,0
2483,5520,429.49316184,1.32331968
2483,5521,430.06088232,2.83427424
2483,5522,431.0117364,3.51897696
2483,5523,432.154584,5.0804064
2483,5524,433.66291728,5.43043872
2483,5525,435.65347464,9.95013504
2483,5526,438.73545984,11.18238048
2483,5527,441.5061528,8.36785728
2483,5528,443.69434248,7.8400656
2483,5529,445.63384584,5.05516896
2483,5530,446.36612784,0.70006464
2483,5531,446.43199512,0.49706784
2483,5532,446.58348072,0.20738592
2483,5533,446.5972272,0
2483,5534,446.5972272,0
2483,5535,446.5972272,0
2483,5536,446.60024472,0.08339328
2483,5537,446.70098112,0.5266944
2483,5538,446.84850432,0.5266944
2483,5539,447.08195064,2.15286336
2483,5540,448.25338848,5.13417312
2483,5541,449.824602,6.61989024
2483,5542,451.81238568,7.61731776
2483,5543,454.670922,13.99470912
2483,5544,458.95948848,15.6252672
2483,5545,463.21885512,14.60589408
2483,5546,467.17284264,12.49582464
2483,5547,470.48041032,14.59711584
2483,5548,475.00833624,16.5250368
2483,5549,479.5986852,16.5250368
2483,5550,484.18946088,16.52064768
2483,5551,488.50338672,13.43838816
2483,5552,491.46838968,8.887968
2483,5553,493.60244688,5.90995008
2483,5554,495.06466392,5.36899104
2483,5555,496.92187128,7.9991712
2483,5556,498.932170971429,9.7328736
3009,4861,484.1861792,26.9943072
3009,4862,491.20748088,25.45250688
3009,4863,496.9997172,17.83409184
3009,4864,499.9683168,18.214848
